============================================================
dubbo Chicory trace
============================================================
RUN ID:             1260711
JAVA:               /apps/easybuild/el9_5.x86_64/software/Java/17.0.15/bin/java
MVN:                /scratch/mjk76/ea442/apache-maven-3.9.9/bin/mvn
PROJECT:            /project/mjk76/ea442/promptstudy/dubbo
MODULE:             dubbo-common
WORK DIR:           /scratch/mjk76/ea442/promptstudy/dubbo-chicory
TRACE BASE DIR:     /scratch/mjk76/ea442/promptstudy/dubbo-chicory-out
TRACE OUTPUT DIR:   /scratch/mjk76/ea442/promptstudy/dubbo-chicory-out/1260711
COMBINED TRACE:     /scratch/mjk76/ea442/promptstudy/dubbo-chicory-out/1260711/dubbo.dtrace
============================================================

[TIMING] === dubbo chicory trace run started 2026-09-10T19:15:10-04:00 ===
[TIMING] rsync copy                   4s  (19:15:10 -> 19:15:14)

>>> Using explicitly configured package prefix:
>>> org.apache.dubbo

>>> Chicory configuration:
>>> package prefix:     org.apache.dubbo
>>> select pattern:     ^org\.apache\.dubbo\..*
>>> omit pattern:       com\.google\.protobuf
>>> boot classes:       ^(?!org\.apache\.dubbo\.).*

>>> Patching pom.xml argLine...
Patched 2 argLine element(s) in /scratch/mjk76/ea442/promptstudy/dubbo-chicory/pom.xml (real checkout untouched -- this is an rsync copy)
[TIMING] pom.xml argLine patch        0s  (19:15:14 -> 19:15:14)

>>> mvn compile (-am, warms build with compatibility compiler flag)
[INFO] Scanning for projects...
[INFO] ------------------------------------------------------------------------
[INFO] Reactor Build Order:
[INFO] 
[INFO] dubbo-parent                                                       [pom]
[INFO] dubbo-common                                                       [jar]
[INFO] 
[INFO] -------------------< org.apache.dubbo:dubbo-parent >--------------------
[INFO] Building dubbo-parent 3.3.7-SNAPSHOT                               [1/2]
[INFO]   from pom.xml
[INFO] --------------------------------[ pom ]---------------------------------
[INFO] 
[INFO] --- enforcer:3.4.1:enforce (enforce-maven-version) @ dubbo-parent ---
[INFO] Skipping Rule Enforcement.
[INFO] 
[INFO] --- enforcer:3.4.1:enforce (enforce-java-version) @ dubbo-parent ---
[INFO] Skipping Rule Enforcement.
[INFO] 
[INFO] --- checkstyle:3.6.0:check (checkstyle-validation) @ dubbo-parent ---
[INFO] 
[INFO] --- checkstyle:3.6.0:check (checkstyle-unix-validation) @ dubbo-parent ---
[INFO] 
[INFO] --- jacoco:0.8.15:prepare-agent (jacoco-initialize) @ dubbo-parent ---
[INFO] Skipping JaCoCo execution because property jacoco.skip is set.
[INFO] 
[INFO] --- spotless:2.46.1:check (default) @ dubbo-parent ---
[INFO] Spotless check skipped
[INFO] 
[INFO] --- remote-resources:3.1.0:process (process-resource-bundles) @ dubbo-parent ---
[INFO] Preparing remote bundle org.apache.apache.resources:apache-jar-resource-bundle:1.5
[INFO] Copying 3 resources from 1 bundle.
[INFO] 
[INFO] --- flatten:1.7.3:flatten (flatten) @ dubbo-parent ---
[INFO] Generating flattened POM of project org.apache.dubbo:dubbo-parent:pom:3.3.7-SNAPSHOT...
[INFO] 
[INFO] --- antrun:3.2.0:run (get-version-infos) @ dubbo-parent ---
[INFO] Executing tasks
[INFO]      [exec] Result: 128
[INFO] Executed tasks
[INFO] 
[INFO] -------------------< org.apache.dubbo:dubbo-common >--------------------
[INFO] Building dubbo-common 3.3.7-SNAPSHOT                               [2/2]
[INFO]   from dubbo-common/pom.xml
[INFO] --------------------------------[ jar ]---------------------------------
[INFO] 
[INFO] --- enforcer:3.4.1:enforce (enforce-maven-version) @ dubbo-common ---
[INFO] Skipping Rule Enforcement.
[INFO] 
[INFO] --- enforcer:3.4.1:enforce (enforce-java-version) @ dubbo-common ---
[INFO] Skipping Rule Enforcement.
[INFO] 
[INFO] --- checkstyle:3.6.0:check (checkstyle-validation) @ dubbo-common ---
[INFO] 
[INFO] --- checkstyle:3.6.0:check (checkstyle-unix-validation) @ dubbo-common ---
[INFO] 
[INFO] --- jacoco:0.8.15:prepare-agent (jacoco-initialize) @ dubbo-common ---
[INFO] Skipping JaCoCo execution because property jacoco.skip is set.
[INFO] 
[INFO] --- spotless:2.46.1:check (default) @ dubbo-common ---
[INFO] Spotless check skipped
[INFO] 
[INFO] --- remote-resources:3.1.0:process (process-resource-bundles) @ dubbo-common ---
[INFO] Preparing remote bundle org.apache.apache.resources:apache-jar-resource-bundle:1.5
[INFO] Copying 3 resources from 1 bundle.
[INFO] 
[INFO] --- resources:3.3.1:resources (default-resources) @ dubbo-common ---
[INFO] Copying 27 resources from src/main/resources to target/classes
[INFO] Copying 2 resources from ../../../../../../../scratch/mjk76/ea442/promptstudy/dubbo-chicory to target/classes/META-INF
[INFO] Copying 1 resource from ../../../../../../../scratch/mjk76/ea442/promptstudy/dubbo-chicory to target/classes/META-INF/dubbo-versions
[INFO] Copying 3 resources from target/maven-shared-archive-resources to target/classes
[INFO] 
[INFO] --- flatten:1.7.3:flatten (flatten) @ dubbo-common ---
[INFO] Generating flattened POM of project org.apache.dubbo:dubbo-common:jar:3.3.7-SNAPSHOT...
[INFO] 
[INFO] --- compiler:3.15.0:compile (default-compile) @ dubbo-common ---
[INFO] Nothing to compile - all classes are up to date.
[INFO] 
[INFO] --- antrun:3.2.0:run (get-version-infos) @ dubbo-common ---
[INFO] Executing tasks
[INFO]      [exec] Result: 128
[INFO] Executed tasks
[INFO] ------------------------------------------------------------------------
[INFO] Reactor Summary for dubbo-parent 3.3.7-SNAPSHOT:
[INFO] 
[INFO] dubbo-parent ....................................... SUCCESS [  3.038 s]
[INFO] dubbo-common ....................................... SUCCESS [  1.068 s]
[INFO] ------------------------------------------------------------------------
[INFO] BUILD SUCCESS
[INFO] ------------------------------------------------------------------------
[INFO] Total time:  5.761 s
[INFO] Finished at: 2026-09-10T19:15:22-04:00
[INFO] ------------------------------------------------------------------------
[TIMING] mvn compile (-am, no tests)  8s  (19:15:14 -> 19:15:22)

>>> mvn test
>>> Chicory javaagent is attached through patched argLine
[INFO] Scanning for projects...
[INFO] ------------------------------------------------------------------------
[INFO] Reactor Build Order:
[INFO] 
[INFO] dubbo-parent                                                       [pom]
[INFO] dubbo-common                                                       [jar]
[INFO] 
[INFO] -------------------< org.apache.dubbo:dubbo-parent >--------------------
[INFO] Building dubbo-parent 3.3.7-SNAPSHOT                               [1/2]
[INFO]   from pom.xml
[INFO] --------------------------------[ pom ]---------------------------------
[INFO] 
[INFO] --- enforcer:3.4.1:enforce (enforce-maven-version) @ dubbo-parent ---
[INFO] Skipping Rule Enforcement.
[INFO] 
[INFO] --- enforcer:3.4.1:enforce (enforce-java-version) @ dubbo-parent ---
[INFO] Skipping Rule Enforcement.
[INFO] 
[INFO] --- checkstyle:3.6.0:check (checkstyle-validation) @ dubbo-parent ---
[INFO] 
[INFO] --- checkstyle:3.6.0:check (checkstyle-unix-validation) @ dubbo-parent ---
[INFO] 
[INFO] --- jacoco:0.8.15:prepare-agent (jacoco-initialize) @ dubbo-parent ---
[INFO] Skipping JaCoCo execution because property jacoco.skip is set.
[INFO] 
[INFO] --- spotless:2.46.1:check (default) @ dubbo-parent ---
[INFO] Spotless check skipped
[INFO] 
[INFO] --- remote-resources:3.1.0:process (process-resource-bundles) @ dubbo-parent ---
[INFO] Preparing remote bundle org.apache.apache.resources:apache-jar-resource-bundle:1.5
[INFO] Copying 3 resources from 1 bundle.
[INFO] 
[INFO] --- flatten:1.7.3:flatten (flatten) @ dubbo-parent ---
[INFO] Generating flattened POM of project org.apache.dubbo:dubbo-parent:pom:3.3.7-SNAPSHOT...
[INFO] 
[INFO] --- antrun:3.2.0:run (get-version-infos) @ dubbo-parent ---
[INFO] Executing tasks
[INFO]      [exec] Result: 128
[INFO] Executed tasks
[INFO] 
[INFO] -------------------< org.apache.dubbo:dubbo-common >--------------------
[INFO] Building dubbo-common 3.3.7-SNAPSHOT                               [2/2]
[INFO]   from dubbo-common/pom.xml
[INFO] --------------------------------[ jar ]---------------------------------
[INFO] 
[INFO] --- enforcer:3.4.1:enforce (enforce-maven-version) @ dubbo-common ---
[INFO] Skipping Rule Enforcement.
[INFO] 
[INFO] --- enforcer:3.4.1:enforce (enforce-java-version) @ dubbo-common ---
[INFO] Skipping Rule Enforcement.
[INFO] 
[INFO] --- checkstyle:3.6.0:check (checkstyle-validation) @ dubbo-common ---
[INFO] 
[INFO] --- checkstyle:3.6.0:check (checkstyle-unix-validation) @ dubbo-common ---
[INFO] 
[INFO] --- jacoco:0.8.15:prepare-agent (jacoco-initialize) @ dubbo-common ---
[INFO] Skipping JaCoCo execution because property jacoco.skip is set.
[INFO] 
[INFO] --- spotless:2.46.1:check (default) @ dubbo-common ---
[INFO] Spotless check skipped
[INFO] 
[INFO] --- remote-resources:3.1.0:process (process-resource-bundles) @ dubbo-common ---
[INFO] Preparing remote bundle org.apache.apache.resources:apache-jar-resource-bundle:1.5
[INFO] Copying 3 resources from 1 bundle.
[INFO] 
[INFO] --- resources:3.3.1:resources (default-resources) @ dubbo-common ---
[INFO] Copying 27 resources from src/main/resources to target/classes
[INFO] Copying 2 resources from ../../../../../../../scratch/mjk76/ea442/promptstudy/dubbo-chicory to target/classes/META-INF
[INFO] Copying 1 resource from ../../../../../../../scratch/mjk76/ea442/promptstudy/dubbo-chicory to target/classes/META-INF/dubbo-versions
[INFO] Copying 3 resources from target/maven-shared-archive-resources to target/classes
[INFO] 
[INFO] --- flatten:1.7.3:flatten (flatten) @ dubbo-common ---
[INFO] Generating flattened POM of project org.apache.dubbo:dubbo-common:jar:3.3.7-SNAPSHOT...
[INFO] 
[INFO] --- compiler:3.15.0:compile (default-compile) @ dubbo-common ---
[INFO] Nothing to compile - all classes are up to date.
[INFO] 
[INFO] --- antrun:3.2.0:run (get-version-infos) @ dubbo-common ---
[INFO] Executing tasks
[INFO]      [exec] Result: 128
[INFO] Executed tasks
[INFO] 
[INFO] --- resources:3.3.1:testResources (default-testResources) @ dubbo-common ---
[INFO] Copying 66 resources from src/test/resources to target/test-classes
[INFO] Copying 3 resources from target/maven-shared-archive-resources to target/test-classes
[INFO] 
[INFO] --- compiler:3.15.0:testCompile (default-testCompile) @ dubbo-common ---
[INFO] Nothing to compile - all classes are up to date.
[INFO] 
[INFO] --- surefire:3.5.6:test (default-test) @ dubbo-common ---
[INFO] Using auto detected provider org.apache.maven.surefire.junitplatform.JUnitPlatformProvider
[INFO] 
[INFO] -------------------------------------------------------
[INFO]  T E S T S
[INFO] -------------------------------------------------------
[INFO] Running org.apache.dubbo.metadata.definition.MetadataTest
[ERROR] Tests run: 1, Failures: 0, Errors: 1, Skipped: 0, Time elapsed: 15.00 s <<< FAILURE! -- in org.apache.dubbo.metadata.definition.MetadataTest
[ERROR] org.apache.dubbo.metadata.definition.MetadataTest -- Time elapsed: 15.00 s <<< ERROR!
java.lang.VerifyError: 
Expecting a stack map frame
Exception Details:
  Location:
    org/apache/dubbo/common/utils/SystemPropertyConfigUtils.<clinit>()V @196: ldc
  Reason:
    Expected stackmap frame at this location.
  Bytecode:
    0000000: 1208 b600 339a 0007 04a7 0004 03b3 0039
    0000010: bb00 3d59 b700 3fb3 0029 06bd 0034 5903
    0000020: 1240 5359 0412 4253 5905 1244 534b 2a4c
    0000030: 2bbe 3d03 3e1d 1ca2 0092 2b1d 323a 0419
    0000040: 04b6 0046 3a05 1905 3a06 1906 be36 0703
    0000050: 3608 1508 1507 a200 6819 0615 0832 3a09
    0000060: b200 399a 0011 b200 29c7 000b bb00 4a59
    0000070: b700 4cbf 1909 01b6 004d 3a0a 190a c100
    0000080: 1899 0011 b200 2919 0ac0 0018 b900 5302
    0000090: 0057 a700 263a 0abb 0013 5912 5805 bd00
    00000a0: 0259 0319 04b6 005a 5359 0419 09b6 005e
    00000b0: 53b8 0017 b700 1dbf 8408 01a7 ff97 8403
    00000c0: 01a7 ff74 12a5 b800 a8b1               
  Exception Handler Table:
    bci [96, 146] => handler: 149
  Stackmap Table:
    same_frame(@12)
    same_locals_1_stack_item_frame(@13,Integer)
    full_frame(@53,{Object[#126],Object[#126],Integer,Integer},{})
    full_frame(@82,{Object[#126],Object[#126],Integer,Integer,Object[#52],Object[#127],Object[#127],Integer,Integer},{})
    append_frame(@116,Object[#78])
    same_frame(@146)
    same_locals_1_stack_item_frame(@149,Object[#86])
    chop_frame(@184,1)
    full_frame(@190,{Object[#126],Object[#126],Integer,Integer},{})
    full_frame(@201,{},{})

	at org.apache.dubbo.common.logger.LoggerFactory.<clinit>(LoggerFactory.java:54)
	at org.apache.dubbo.rpc.model.ScopeModel.<clinit>(ScopeModel.java:43)
	at org.apache.dubbo.metadata.definition.MetadataTest.setup(MetadataTest.java:41)
	at java.base/java.lang.reflect.Method.invoke(Method.java:569)
	at java.base/java.util.ArrayList.forEach(ArrayList.java:1511)

[INFO] Running org.apache.dubbo.metadata.definition.DefaultTypeBuilderTest
[ERROR] Tests run: 1, Failures: 0, Errors: 1, Skipped: 0, Time elapsed: 0.048 s <<< FAILURE! -- in org.apache.dubbo.metadata.definition.DefaultTypeBuilderTest
[ERROR] org.apache.dubbo.metadata.definition.DefaultTypeBuilderTest.testInnerClass -- Time elapsed: 0.012 s <<< ERROR!
java.lang.VerifyError: 
Expecting a stack map frame
Exception Details:
  Location:
    org/apache/dubbo/common/utils/SystemPropertyConfigUtils.<clinit>()V @196: ldc
  Reason:
    Expected stackmap frame at this location.
  Bytecode:
    0000000: 1208 b600 339a 0007 04a7 0004 03b3 0039
    0000010: bb00 3d59 b700 3fb3 0029 06bd 0034 5903
    0000020: 1240 5359 0412 4253 5905 1244 534b 2a4c
    0000030: 2bbe 3d03 3e1d 1ca2 0092 2b1d 323a 0419
    0000040: 04b6 0046 3a05 1905 3a06 1906 be36 0703
    0000050: 3608 1508 1507 a200 6819 0615 0832 3a09
    0000060: b200 399a 0011 b200 29c7 000b bb00 4a59
    0000070: b700 4cbf 1909 01b6 004d 3a0a 190a c100
    0000080: 1899 0011 b200 2919 0ac0 0018 b900 5302
    0000090: 0057 a700 263a 0abb 0013 5912 5805 bd00
    00000a0: 0259 0319 04b6 005a 5359 0419 09b6 005e
    00000b0: 53b8 0017 b700 1dbf 8408 01a7 ff97 8403
    00000c0: 01a7 ff74 12a5 b800 a8b1               
  Exception Handler Table:
    bci [96, 146] => handler: 149
  Stackmap Table:
    same_frame(@12)
    same_locals_1_stack_item_frame(@13,Integer)
    full_frame(@53,{Object[#126],Object[#126],Integer,Integer},{})
    full_frame(@82,{Object[#126],Object[#126],Integer,Integer,Object[#52],Object[#127],Object[#127],Integer,Integer},{})
    append_frame(@116,Object[#78])
    same_frame(@146)
    same_locals_1_stack_item_frame(@149,Object[#86])
    chop_frame(@184,1)
    full_frame(@190,{Object[#126],Object[#126],Integer,Integer},{})
    full_frame(@201,{},{})

	at java.base/java.lang.Class.getDeclaredConstructors0(Native Method)
	at java.base/java.lang.Class.privateGetDeclaredConstructors(Class.java:3373)
	at java.base/java.lang.Class.getConstructor0(Class.java:3578)
	at java.base/java.lang.Class.getDeclaredConstructor(Class.java:2754)
	at daikon.chicory.MethodInfo.initViaReflection(MethodInfo.java:154)
	at daikon.chicory.ClassInfo.initViaReflection(ClassInfo.java:91)
	at daikon.chicory.Runtime.process_new_classes(Runtime.java:451)
	at daikon.chicory.Runtime.enter(Runtime.java:253)
	at org.apache.dubbo.metadata.definition.DefaultTypeBuilderTest.<init>(DefaultTypeBuilderTest.java:27)
	at java.base/java.lang.reflect.Constructor.newInstanceWithCaller(Constructor.java:500)
	at java.base/java.lang.reflect.Constructor.newInstance(Constructor.java:481)
	at java.base/java.util.Optional.orElseGet(Optional.java:364)
	at java.base/java.util.ArrayList.forEach(ArrayList.java:1511)
	at java.base/java.util.ArrayList.forEach(ArrayList.java:1511)

[INFO] Running org.apache.dubbo.metadata.definition.TypeDefinitionBuilderTest
[ERROR] Tests run: 1, Failures: 0, Errors: 1, Skipped: 0, Time elapsed: 0.044 s <<< FAILURE! -- in org.apache.dubbo.metadata.definition.TypeDefinitionBuilderTest
[ERROR] org.apache.dubbo.metadata.definition.TypeDefinitionBuilderTest.testSortTypeBuilder -- Time elapsed: 0.013 s <<< ERROR!
java.lang.NoClassDefFoundError: Could not initialize class org.apache.dubbo.rpc.model.FrameworkModel
	at org.apache.dubbo.metadata.definition.TypeDefinitionBuilderTest.testSortTypeBuilder(TypeDefinitionBuilderTest.java:29)
	at java.base/java.lang.reflect.Method.invoke(Method.java:569)
	at java.base/java.util.ArrayList.forEach(ArrayList.java:1511)
	at java.base/java.util.ArrayList.forEach(ArrayList.java:1511)
Caused by: java.lang.ExceptionInInitializerError: Exception java.lang.VerifyError: Expecting a stack map frame
Exception Details:
  Location:
    org/apache/dubbo/common/utils/SystemPropertyConfigUtils.<clinit>()V @196: ldc
  Reason:
    Expected stackmap frame at this location.
  Bytecode:
    0000000: 1208 b600 339a 0007 04a7 0004 03b3 0039
    0000010: bb00 3d59 b700 3fb3 0029 06bd 0034 5903
    0000020: 1240 5359 0412 4253 5905 1244 534b 2a4c
    0000030: 2bbe 3d03 3e1d 1ca2 0092 2b1d 323a 0419
    0000040: 04b6 0046 3a05 1905 3a06 1906 be36 0703
    0000050: 3608 1508 1507 a200 6819 0615 0832 3a09
    0000060: b200 399a 0011 b200 29c7 000b bb00 4a59
    0000070: b700 4cbf 1909 01b6 004d 3a0a 190a c100
    0000080: 1899 0011 b200 2919 0ac0 0018 b900 5302
    0000090: 0057 a700 263a 0abb 0013 5912 5805 bd00
    00000a0: 0259 0319 04b6 005a 5359 0419 09b6 005e
    00000b0: 53b8 0017 b700 1dbf 8408 01a7 ff97 8403
    00000c0: 01a7 ff74 12a5 b800 a8b1               
  Exception Handler Table:
    bci [96, 146] => handler: 149
  Stackmap Table:
    same_frame(@12)
    same_locals_1_stack_item_frame(@13,Integer)
    full_frame(@53,{Object[#126],Object[#126],Integer,Integer},{})
    full_frame(@82,{Object[#126],Object[#126],Integer,Integer,Object[#52],Object[#127],Object[#127],Integer,Integer},{})
    append_frame(@116,Object[#78])
    same_frame(@146)
    same_locals_1_stack_item_frame(@149,Object[#86])
    chop_frame(@184,1)
    full_frame(@190,{Object[#126],Object[#126],Integer,Integer},{})
    full_frame(@201,{},{})
 [in thread "main"]
	at org.apache.dubbo.common.logger.LoggerFactory.<clinit>(LoggerFactory.java:54)
	at org.apache.dubbo.rpc.model.ScopeModel.<clinit>(ScopeModel.java:43)
	at org.apache.dubbo.metadata.definition.MetadataTest.setup(MetadataTest.java:41)
	at java.base/java.lang.reflect.Method.invoke(Method.java:569)
	... 1 more

[INFO] Running org.apache.dubbo.metadata.definition.ServiceDefinitionBuilderTest
[ERROR] Tests run: 1, Failures: 0, Errors: 1, Skipped: 0, Time elapsed: 0.030 s <<< FAILURE! -- in org.apache.dubbo.metadata.definition.ServiceDefinitionBuilderTest
[ERROR] org.apache.dubbo.metadata.definition.ServiceDefinitionBuilderTest -- Time elapsed: 0.030 s <<< ERROR!
java.lang.NoClassDefFoundError: Could not initialize class org.apache.dubbo.rpc.model.FrameworkModel
	at org.apache.dubbo.metadata.definition.ServiceDefinitionBuilderTest.setup(ServiceDefinitionBuilderTest.java:43)
	at java.base/java.lang.reflect.Method.invoke(Method.java:569)
	at java.base/java.util.ArrayList.forEach(ArrayList.java:1511)
	Suppressed: java.lang.NullPointerException: Cannot invoke "org.apache.dubbo.rpc.model.FrameworkModel.destroy()" because "org.apache.dubbo.metadata.definition.ServiceDefinitionBuilderTest.frameworkModel" is null
		at org.apache.dubbo.metadata.definition.ServiceDefinitionBuilderTest.clear(ServiceDefinitionBuilderTest.java:49)
		at java.base/java.lang.reflect.Method.invoke(Method.java:569)
		at java.base/java.util.ArrayList.forEach(ArrayList.java:1511)
		at java.base/java.util.Collections$UnmodifiableCollection.forEach(Collections.java:1092)
		... 1 more
Caused by: java.lang.ExceptionInInitializerError: Exception java.lang.VerifyError: Expecting a stack map frame
Exception Details:
  Location:
    org/apache/dubbo/common/utils/SystemPropertyConfigUtils.<clinit>()V @196: ldc
  Reason:
    Expected stackmap frame at this location.
  Bytecode:
    0000000: 1208 b600 339a 0007 04a7 0004 03b3 0039
    0000010: bb00 3d59 b700 3fb3 0029 06bd 0034 5903
    0000020: 1240 5359 0412 4253 5905 1244 534b 2a4c
    0000030: 2bbe 3d03 3e1d 1ca2 0092 2b1d 323a 0419
    0000040: 04b6 0046 3a05 1905 3a06 1906 be36 0703
    0000050: 3608 1508 1507 a200 6819 0615 0832 3a09
    0000060: b200 399a 0011 b200 29c7 000b bb00 4a59
    0000070: b700 4cbf 1909 01b6 004d 3a0a 190a c100
    0000080: 1899 0011 b200 2919 0ac0 0018 b900 5302
    0000090: 0057 a700 263a 0abb 0013 5912 5805 bd00
    00000a0: 0259 0319 04b6 005a 5359 0419 09b6 005e
    00000b0: 53b8 0017 b700 1dbf 8408 01a7 ff97 8403
    00000c0: 01a7 ff74 12a5 b800 a8b1               
  Exception Handler Table:
    bci [96, 146] => handler: 149
  Stackmap Table:
    same_frame(@12)
    same_locals_1_stack_item_frame(@13,Integer)
    full_frame(@53,{Object[#126],Object[#126],Integer,Integer},{})
    full_frame(@82,{Object[#126],Object[#126],Integer,Integer,Object[#52],Object[#127],Object[#127],Integer,Integer},{})
    append_frame(@116,Object[#78])
    same_frame(@146)
    same_locals_1_stack_item_frame(@149,Object[#86])
    chop_frame(@184,1)
    full_frame(@190,{Object[#126],Object[#126],Integer,Integer},{})
    full_frame(@201,{},{})
 [in thread "main"]
	at org.apache.dubbo.common.logger.LoggerFactory.<clinit>(LoggerFactory.java:54)
	at org.apache.dubbo.rpc.model.ScopeModel.<clinit>(ScopeModel.java:43)
	at org.apache.dubbo.metadata.definition.MetadataTest.setup(MetadataTest.java:41)
	... 2 more

[INFO] Running org.apache.dubbo.config.context.ConfigManagerTest
[ERROR] Tests run: 19, Failures: 0, Errors: 19, Skipped: 0, Time elapsed: 0.062 s <<< FAILURE! -- in org.apache.dubbo.config.context.ConfigManagerTest
[ERROR] org.apache.dubbo.config.context.ConfigManagerTest.testMetricsConfig -- Time elapsed: 0.014 s <<< ERROR!
java.lang.NoClassDefFoundError: Could not initialize class org.apache.dubbo.rpc.model.ScopeModel
	at org.apache.dubbo.config.context.ConfigManagerTest.init(ConfigManagerTest.java:65)
	at java.base/java.lang.reflect.Method.invoke(Method.java:569)
	at java.base/java.util.ArrayList.forEach(ArrayList.java:1511)
	at java.base/java.util.ArrayList.forEach(ArrayList.java:1511)
Caused by: java.lang.ExceptionInInitializerError: Exception java.lang.VerifyError: Expecting a stack map frame
Exception Details:
  Location:
    org/apache/dubbo/common/utils/SystemPropertyConfigUtils.<clinit>()V @196: ldc
  Reason:
    Expected stackmap frame at this location.
  Bytecode:
    0000000: 1208 b600 339a 0007 04a7 0004 03b3 0039
    0000010: bb00 3d59 b700 3fb3 0029 06bd 0034 5903
    0000020: 1240 5359 0412 4253 5905 1244 534b 2a4c
    0000030: 2bbe 3d03 3e1d 1ca2 0092 2b1d 323a 0419
    0000040: 04b6 0046 3a05 1905 3a06 1906 be36 0703
    0000050: 3608 1508 1507 a200 6819 0615 0832 3a09
    0000060: b200 399a 0011 b200 29c7 000b bb00 4a59
    0000070: b700 4cbf 1909 01b6 004d 3a0a 190a c100
    0000080: 1899 0011 b200 2919 0ac0 0018 b900 5302
    0000090: 0057 a700 263a 0abb 0013 5912 5805 bd00
    00000a0: 0259 0319 04b6 005a 5359 0419 09b6 005e
    00000b0: 53b8 0017 b700 1dbf 8408 01a7 ff97 8403
    00000c0: 01a7 ff74 12a5 b800 a8b1               
  Exception Handler Table:
    bci [96, 146] => handler: 149
  Stackmap Table:
    same_frame(@12)
    same_locals_1_stack_item_frame(@13,Integer)
    full_frame(@53,{Object[#126],Object[#126],Integer,Integer},{})
    full_frame(@82,{Object[#126],Object[#126],Integer,Integer,Object[#52],Object[#127],Object[#127],Integer,Integer},{})
    append_frame(@116,Object[#78])
    same_frame(@146)
    same_locals_1_stack_item_frame(@149,Object[#86])
    chop_frame(@184,1)
    full_frame(@190,{Object[#126],Object[#126],Integer,Integer},{})
    full_frame(@201,{},{})
 [in thread "main"]
	at org.apache.dubbo.common.logger.LoggerFactory.<clinit>(LoggerFactory.java:54)
	at org.apache.dubbo.rpc.model.ScopeModel.<clinit>(ScopeModel.java:43)
	at org.apache.dubbo.metadata.definition.MetadataTest.setup(MetadataTest.java:41)
	at java.base/java.lang.reflect.Method.invoke(Method.java:569)
	... 1 more

[ERROR] org.apache.dubbo.config.context.ConfigManagerTest.testDefaultConfig -- Time elapsed: 0.003 s <<< ERROR!
java.lang.NoClassDefFoundError: Could not initialize class org.apache.dubbo.rpc.model.ApplicationModel
	at org.apache.dubbo.config.context.ConfigManagerTest.init(ConfigManagerTest.java:65)
	at java.base/java.lang.reflect.Method.invoke(Method.java:569)
	at java.base/java.util.ArrayList.forEach(ArrayList.java:1511)
	at java.base/java.util.ArrayList.forEach(ArrayList.java:1511)
Caused by: java.lang.ExceptionInInitializerError: Exception java.lang.NoClassDefFoundError: Could not initialize class org.apache.dubbo.rpc.model.ScopeModel [in thread "main"]
	... 4 more

[ERROR] org.apache.dubbo.config.context.ConfigManagerTest.testProtocolConfig -- Time elapsed: 0.002 s <<< ERROR!
java.lang.NoClassDefFoundError: Could not initialize class org.apache.dubbo.rpc.model.ApplicationModel
	at org.apache.dubbo.config.context.ConfigManagerTest.init(ConfigManagerTest.java:65)
	at java.base/java.lang.reflect.Method.invoke(Method.java:569)
	at java.base/java.util.ArrayList.forEach(ArrayList.java:1511)
	at java.base/java.util.ArrayList.forEach(ArrayList.java:1511)
Caused by: java.lang.ExceptionInInitializerError: Exception java.lang.NoClassDefFoundError: Could not initialize class org.apache.dubbo.rpc.model.ScopeModel [in thread "main"]
	... 4 more

[ERROR] org.apache.dubbo.config.context.ConfigManagerTest.testLoadConfig -- Time elapsed: 0.001 s <<< ERROR!
java.lang.NoClassDefFoundError: Could not initialize class org.apache.dubbo.rpc.model.ApplicationModel
	at org.apache.dubbo.config.context.ConfigManagerTest.init(ConfigManagerTest.java:65)
	at java.base/java.lang.reflect.Method.invoke(Method.java:569)
	at java.base/java.util.ArrayList.forEach(ArrayList.java:1511)
	at java.base/java.util.ArrayList.forEach(ArrayList.java:1511)
Caused by: java.lang.ExceptionInInitializerError: Exception java.lang.NoClassDefFoundError: Could not initialize class org.apache.dubbo.rpc.model.ScopeModel [in thread "main"]
	... 4 more

[ERROR] org.apache.dubbo.config.context.ConfigManagerTest.testDefaultValues -- Time elapsed: 0.002 s <<< ERROR!
java.lang.NoClassDefFoundError: Could not initialize class org.apache.dubbo.rpc.model.ApplicationModel
	at org.apache.dubbo.config.context.ConfigManagerTest.init(ConfigManagerTest.java:65)
	at java.base/java.lang.reflect.Method.invoke(Method.java:569)
	at java.base/java.util.ArrayList.forEach(ArrayList.java:1511)
	at java.base/java.util.ArrayList.forEach(ArrayList.java:1511)
Caused by: java.lang.ExceptionInInitializerError: Exception java.lang.NoClassDefFoundError: Could not initialize class org.apache.dubbo.rpc.model.ScopeModel [in thread "main"]
	... 4 more

[ERROR] org.apache.dubbo.config.context.ConfigManagerTest.testMonitorConfig -- Time elapsed: 0.001 s <<< ERROR!
java.lang.NoClassDefFoundError: Could not initialize class org.apache.dubbo.rpc.model.ApplicationModel
	at org.apache.dubbo.config.context.ConfigManagerTest.init(ConfigManagerTest.java:65)
	at java.base/java.lang.reflect.Method.invoke(Method.java:569)
	at java.base/java.util.ArrayList.forEach(ArrayList.java:1511)
	at java.base/java.util.ArrayList.forEach(ArrayList.java:1511)
Caused by: java.lang.ExceptionInInitializerError: Exception java.lang.NoClassDefFoundError: Could not initialize class org.apache.dubbo.rpc.model.ScopeModel [in thread "main"]
	... 4 more

[ERROR] org.apache.dubbo.config.context.ConfigManagerTest.testRefreshAll -- Time elapsed: 0.001 s <<< ERROR!
java.lang.NoClassDefFoundError: Could not initialize class org.apache.dubbo.rpc.model.ApplicationModel
	at org.apache.dubbo.config.context.ConfigManagerTest.init(ConfigManagerTest.java:65)
	at java.base/java.lang.reflect.Method.invoke(Method.java:569)
	at java.base/java.util.ArrayList.forEach(ArrayList.java:1511)
	at java.base/java.util.ArrayList.forEach(ArrayList.java:1511)
Caused by: java.lang.ExceptionInInitializerError: Exception java.lang.NoClassDefFoundError: Could not initialize class org.apache.dubbo.rpc.model.ScopeModel [in thread "main"]
	... 4 more

[ERROR] org.apache.dubbo.config.context.ConfigManagerTest.testProviderConfig -- Time elapsed: 0.002 s <<< ERROR!
java.lang.NoClassDefFoundError: Could not initialize class org.apache.dubbo.rpc.model.ApplicationModel
	at org.apache.dubbo.config.context.ConfigManagerTest.init(ConfigManagerTest.java:65)
	at java.base/java.lang.reflect.Method.invoke(Method.java:569)
	at java.base/java.util.ArrayList.forEach(ArrayList.java:1511)
	at java.base/java.util.ArrayList.forEach(ArrayList.java:1511)
Caused by: java.lang.ExceptionInInitializerError: Exception java.lang.NoClassDefFoundError: Could not initialize class org.apache.dubbo.rpc.model.ScopeModel [in thread "main"]
	... 4 more

[ERROR] org.apache.dubbo.config.context.ConfigManagerTest.testConfigCenterConfig -- Time elapsed: 0.001 s <<< ERROR!
java.lang.NoClassDefFoundError: Could not initialize class org.apache.dubbo.rpc.model.ApplicationModel
	at org.apache.dubbo.config.context.ConfigManagerTest.init(ConfigManagerTest.java:65)
	at java.base/java.lang.reflect.Method.invoke(Method.java:569)
	at java.base/java.util.ArrayList.forEach(ArrayList.java:1511)
	at java.base/java.util.ArrayList.forEach(ArrayList.java:1511)
Caused by: java.lang.ExceptionInInitializerError: Exception java.lang.NoClassDefFoundError: Could not initialize class org.apache.dubbo.rpc.model.ScopeModel [in thread "main"]
	... 4 more

[ERROR] org.apache.dubbo.config.context.ConfigManagerTest.testConfigMode -- Time elapsed: 0.002 s <<< ERROR!
java.lang.NoClassDefFoundError: Could not initialize class org.apache.dubbo.rpc.model.ApplicationModel
	at org.apache.dubbo.config.context.ConfigManagerTest.init(ConfigManagerTest.java:65)
	at java.base/java.lang.reflect.Method.invoke(Method.java:569)
	at java.base/java.util.ArrayList.forEach(ArrayList.java:1511)
	at java.base/java.util.ArrayList.forEach(ArrayList.java:1511)
Caused by: java.lang.ExceptionInInitializerError: Exception java.lang.NoClassDefFoundError: Could not initialize class org.apache.dubbo.rpc.model.ScopeModel [in thread "main"]
	... 4 more

[ERROR] org.apache.dubbo.config.context.ConfigManagerTest.testAddConfig -- Time elapsed: 0.002 s <<< ERROR!
java.lang.NoClassDefFoundError: Could not initialize class org.apache.dubbo.rpc.model.ApplicationModel
	at org.apache.dubbo.config.context.ConfigManagerTest.init(ConfigManagerTest.java:65)
	at java.base/java.lang.reflect.Method.invoke(Method.java:569)
	at java.base/java.util.ArrayList.forEach(ArrayList.java:1511)
	at java.base/java.util.ArrayList.forEach(ArrayList.java:1511)
Caused by: java.lang.ExceptionInInitializerError: Exception java.lang.NoClassDefFoundError: Could not initialize class org.apache.dubbo.rpc.model.ScopeModel [in thread "main"]
	... 4 more

[ERROR] org.apache.dubbo.config.context.ConfigManagerTest.testRegistryConfig -- Time elapsed: 0.001 s <<< ERROR!
java.lang.NoClassDefFoundError: Could not initialize class org.apache.dubbo.rpc.model.ApplicationModel
	at org.apache.dubbo.config.context.ConfigManagerTest.init(ConfigManagerTest.java:65)
	at java.base/java.lang.reflect.Method.invoke(Method.java:569)
	at java.base/java.util.ArrayList.forEach(ArrayList.java:1511)
	at java.base/java.util.ArrayList.forEach(ArrayList.java:1511)
Caused by: java.lang.ExceptionInInitializerError: Exception java.lang.NoClassDefFoundError: Could not initialize class org.apache.dubbo.rpc.model.ScopeModel [in thread "main"]
	... 4 more

[ERROR] org.apache.dubbo.config.context.ConfigManagerTest.testLoadConfigsOfTypeFromProps -- Time elapsed: 0.001 s <<< ERROR!
java.lang.NoClassDefFoundError: Could not initialize class org.apache.dubbo.rpc.model.ApplicationModel
	at org.apache.dubbo.config.context.ConfigManagerTest.init(ConfigManagerTest.java:65)
	at java.base/java.lang.reflect.Method.invoke(Method.java:569)
	at java.base/java.util.ArrayList.forEach(ArrayList.java:1511)
	at java.base/java.util.ArrayList.forEach(ArrayList.java:1511)
Caused by: java.lang.ExceptionInInitializerError: Exception java.lang.NoClassDefFoundError: Could not initialize class org.apache.dubbo.rpc.model.ScopeModel [in thread "main"]
	... 4 more

[ERROR] org.apache.dubbo.config.context.ConfigManagerTest.testDestroy -- Time elapsed: 0.002 s <<< ERROR!
java.lang.NoClassDefFoundError: Could not initialize class org.apache.dubbo.rpc.model.ApplicationModel
	at org.apache.dubbo.config.context.ConfigManagerTest.init(ConfigManagerTest.java:65)
	at java.base/java.lang.reflect.Method.invoke(Method.java:569)
	at java.base/java.util.ArrayList.forEach(ArrayList.java:1511)
	at java.base/java.util.ArrayList.forEach(ArrayList.java:1511)
Caused by: java.lang.ExceptionInInitializerError: Exception java.lang.NoClassDefFoundError: Could not initialize class org.apache.dubbo.rpc.model.ScopeModel [in thread "main"]
	... 4 more

[ERROR] org.apache.dubbo.config.context.ConfigManagerTest.testApplicationConfig -- Time elapsed: 0.001 s <<< ERROR!
java.lang.NoClassDefFoundError: Could not initialize class org.apache.dubbo.rpc.model.ApplicationModel
	at org.apache.dubbo.config.context.ConfigManagerTest.init(ConfigManagerTest.java:65)
	at java.base/java.lang.reflect.Method.invoke(Method.java:569)
	at java.base/java.util.ArrayList.forEach(ArrayList.java:1511)
	at java.base/java.util.ArrayList.forEach(ArrayList.java:1511)
Caused by: java.lang.ExceptionInInitializerError: Exception java.lang.NoClassDefFoundError: Could not initialize class org.apache.dubbo.rpc.model.ScopeModel [in thread "main"]
	... 4 more

[ERROR] org.apache.dubbo.config.context.ConfigManagerTest.testAddCustomConfig -- Time elapsed: 0.002 s <<< ERROR!
java.lang.NoClassDefFoundError: Could not initialize class org.apache.dubbo.rpc.model.ApplicationModel
	at org.apache.dubbo.config.context.ConfigManagerTest.init(ConfigManagerTest.java:65)
	at java.base/java.lang.reflect.Method.invoke(Method.java:569)
	at java.base/java.util.ArrayList.forEach(ArrayList.java:1511)
	at java.base/java.util.ArrayList.forEach(ArrayList.java:1511)
Caused by: java.lang.ExceptionInInitializerError: Exception java.lang.NoClassDefFoundError: Could not initialize class org.apache.dubbo.rpc.model.ScopeModel [in thread "main"]
	... 4 more

[ERROR] org.apache.dubbo.config.context.ConfigManagerTest.testModuleConfig -- Time elapsed: 0.001 s <<< ERROR!
java.lang.NoClassDefFoundError: Could not initialize class org.apache.dubbo.rpc.model.ApplicationModel
	at org.apache.dubbo.config.context.ConfigManagerTest.init(ConfigManagerTest.java:65)
	at java.base/java.lang.reflect.Method.invoke(Method.java:569)
	at java.base/java.util.ArrayList.forEach(ArrayList.java:1511)
	at java.base/java.util.ArrayList.forEach(ArrayList.java:1511)
Caused by: java.lang.ExceptionInInitializerError: Exception java.lang.NoClassDefFoundError: Could not initialize class org.apache.dubbo.rpc.model.ScopeModel [in thread "main"]
	... 4 more

[ERROR] org.apache.dubbo.config.context.ConfigManagerTest.testConsumerConfig -- Time elapsed: 0.001 s <<< ERROR!
java.lang.NoClassDefFoundError: Could not initialize class org.apache.dubbo.rpc.model.ApplicationModel
	at org.apache.dubbo.config.context.ConfigManagerTest.init(ConfigManagerTest.java:65)
	at java.base/java.lang.reflect.Method.invoke(Method.java:569)
	at java.base/java.util.ArrayList.forEach(ArrayList.java:1511)
	at java.base/java.util.ArrayList.forEach(ArrayList.java:1511)
Caused by: java.lang.ExceptionInInitializerError: Exception java.lang.NoClassDefFoundError: Could not initialize class org.apache.dubbo.rpc.model.ScopeModel [in thread "main"]
	... 4 more

[ERROR] org.apache.dubbo.config.context.ConfigManagerTest.testGetConfigByIdOrName -- Time elapsed: 0.001 s <<< ERROR!
java.lang.NoClassDefFoundError: Could not initialize class org.apache.dubbo.rpc.model.ApplicationModel
	at org.apache.dubbo.config.context.ConfigManagerTest.init(ConfigManagerTest.java:65)
	at java.base/java.lang.reflect.Method.invoke(Method.java:569)
	at java.base/java.util.ArrayList.forEach(ArrayList.java:1511)
	at java.base/java.util.ArrayList.forEach(ArrayList.java:1511)
Caused by: java.lang.ExceptionInInitializerError: Exception java.lang.NoClassDefFoundError: Could not initialize class org.apache.dubbo.rpc.model.ScopeModel [in thread "main"]
	... 4 more

[INFO] Running org.apache.dubbo.config.context.ConfigConfigurationAdapterTest
[ERROR] Tests run: 1, Failures: 0, Errors: 1, Skipped: 0, Time elapsed: 0.001 s <<< FAILURE! -- in org.apache.dubbo.config.context.ConfigConfigurationAdapterTest
[ERROR] org.apache.dubbo.config.context.ConfigConfigurationAdapterTest.test -- Time elapsed: 0.001 s <<< ERROR!
java.lang.NoClassDefFoundError: Could not initialize class org.apache.dubbo.common.logger.LoggerFactory
	at org.apache.dubbo.config.AbstractConfig.<clinit>(AbstractConfig.java:85)
	at org.apache.dubbo.config.context.ConfigConfigurationAdapterTest.test(ConfigConfigurationAdapterTest.java:31)
	at java.base/java.lang.reflect.Method.invoke(Method.java:569)
	at java.base/java.util.ArrayList.forEach(ArrayList.java:1511)
	at java.base/java.util.ArrayList.forEach(ArrayList.java:1511)
Caused by: java.lang.ExceptionInInitializerError: Exception java.lang.VerifyError: Expecting a stack map frame
Exception Details:
  Location:
    org/apache/dubbo/common/utils/SystemPropertyConfigUtils.<clinit>()V @196: ldc
  Reason:
    Expected stackmap frame at this location.
  Bytecode:
    0000000: 1208 b600 339a 0007 04a7 0004 03b3 0039
    0000010: bb00 3d59 b700 3fb3 0029 06bd 0034 5903
    0000020: 1240 5359 0412 4253 5905 1244 534b 2a4c
    0000030: 2bbe 3d03 3e1d 1ca2 0092 2b1d 323a 0419
    0000040: 04b6 0046 3a05 1905 3a06 1906 be36 0703
    0000050: 3608 1508 1507 a200 6819 0615 0832 3a09
    0000060: b200 399a 0011 b200 29c7 000b bb00 4a59
    0000070: b700 4cbf 1909 01b6 004d 3a0a 190a c100
    0000080: 1899 0011 b200 2919 0ac0 0018 b900 5302
    0000090: 0057 a700 263a 0abb 0013 5912 5805 bd00
    00000a0: 0259 0319 04b6 005a 5359 0419 09b6 005e
    00000b0: 53b8 0017 b700 1dbf 8408 01a7 ff97 8403
    00000c0: 01a7 ff74 12a5 b800 a8b1               
  Exception Handler Table:
    bci [96, 146] => handler: 149
  Stackmap Table:
    same_frame(@12)
    same_locals_1_stack_item_frame(@13,Integer)
    full_frame(@53,{Object[#126],Object[#126],Integer,Integer},{})
    full_frame(@82,{Object[#126],Object[#126],Integer,Integer,Object[#52],Object[#127],Object[#127],Integer,Integer},{})
    append_frame(@116,Object[#78])
    same_frame(@146)
    same_locals_1_stack_item_frame(@149,Object[#86])
    chop_frame(@184,1)
    full_frame(@190,{Object[#126],Object[#126],Integer,Integer},{})
    full_frame(@201,{},{})
 [in thread "main"]
	at org.apache.dubbo.common.logger.LoggerFactory.<clinit>(LoggerFactory.java:54)
	at org.apache.dubbo.rpc.model.ScopeModel.<clinit>(ScopeModel.java:43)
	at org.apache.dubbo.metadata.definition.MetadataTest.setup(MetadataTest.java:41)
	at java.base/java.lang.reflect.Method.invoke(Method.java:569)
	... 1 more

[INFO] Running org.apache.dubbo.config.AbstractInterfaceConfigTest
[ERROR] Tests run: 1, Failures: 0, Errors: 1, Skipped: 0, Time elapsed: 0.029 s <<< FAILURE! -- in org.apache.dubbo.config.AbstractInterfaceConfigTest
[ERROR] org.apache.dubbo.config.AbstractInterfaceConfigTest -- Time elapsed: 0.029 s <<< ERROR!
java.lang.VerifyError: 
Expecting a stack map frame
Exception Details:
  Location:
    org/apache/dubbo/common/utils/SystemPropertyConfigUtils.<clinit>()V @196: ldc
  Reason:
    Expected stackmap frame at this location.
  Bytecode:
    0000000: 1208 b600 339a 0007 04a7 0004 03b3 0039
    0000010: bb00 3d59 b700 3fb3 0029 06bd 0034 5903
    0000020: 1240 5359 0412 4253 5905 1244 534b 2a4c
    0000030: 2bbe 3d03 3e1d 1ca2 0092 2b1d 323a 0419
    0000040: 04b6 0046 3a05 1905 3a06 1906 be36 0703
    0000050: 3608 1508 1507 a200 6819 0615 0832 3a09
    0000060: b200 399a 0011 b200 29c7 000b bb00 4a59
    0000070: b700 4cbf 1909 01b6 004d 3a0a 190a c100
    0000080: 1899 0011 b200 2919 0ac0 0018 b900 5302
    0000090: 0057 a700 263a 0abb 0013 5912 5805 bd00
    00000a0: 0259 0319 04b6 005a 5359 0419 09b6 005e
    00000b0: 53b8 0017 b700 1dbf 8408 01a7 ff97 8403
    00000c0: 01a7 ff74 12a5 b800 a8b1               
  Exception Handler Table:
    bci [96, 146] => handler: 149
  Stackmap Table:
    same_frame(@12)
    same_locals_1_stack_item_frame(@13,Integer)
    full_frame(@53,{Object[#126],Object[#126],Integer,Integer},{})
    full_frame(@82,{Object[#126],Object[#126],Integer,Integer,Object[#52],Object[#127],Object[#127],Integer,Integer},{})
    append_frame(@116,Object[#78])
    same_frame(@146)
    same_locals_1_stack_item_frame(@149,Object[#86])
    chop_frame(@184,1)
    full_frame(@190,{Object[#126],Object[#126],Integer,Integer},{})
    full_frame(@201,{},{})

	at org.apache.dubbo.config.AbstractInterfaceConfigTest.setUp(AbstractInterfaceConfigTest.java:38)
	at java.base/java.lang.reflect.Method.invoke(Method.java:569)
	at java.base/java.util.ArrayList.forEach(ArrayList.java:1511)
	Suppressed: java.lang.VerifyError: Expecting a stack map frame
Exception Details:
  Location:
    org/apache/dubbo/common/utils/SystemPropertyConfigUtils.<clinit>()V @196: ldc
  Reason:
    Expected stackmap frame at this location.
  Bytecode:
    0000000: 1208 b600 339a 0007 04a7 0004 03b3 0039
    0000010: bb00 3d59 b700 3fb3 0029 06bd 0034 5903
    0000020: 1240 5359 0412 4253 5905 1244 534b 2a4c
    0000030: 2bbe 3d03 3e1d 1ca2 0092 2b1d 323a 0419
    0000040: 04b6 0046 3a05 1905 3a06 1906 be36 0703
    0000050: 3608 1508 1507 a200 6819 0615 0832 3a09
    0000060: b200 399a 0011 b200 29c7 000b bb00 4a59
    0000070: b700 4cbf 1909 01b6 004d 3a0a 190a c100
    0000080: 1899 0011 b200 2919 0ac0 0018 b900 5302
    0000090: 0057 a700 263a 0abb 0013 5912 5805 bd00
    00000a0: 0259 0319 04b6 005a 5359 0419 09b6 005e
    00000b0: 53b8 0017 b700 1dbf 8408 01a7 ff97 8403
    00000c0: 01a7 ff74 12a5 b800 a8b1               
  Exception Handler Table:
    bci [96, 146] => handler: 149
  Stackmap Table:
    same_frame(@12)
    same_locals_1_stack_item_frame(@13,Integer)
    full_frame(@53,{Object[#126],Object[#126],Integer,Integer},{})
    full_frame(@82,{Object[#126],Object[#126],Integer,Integer,Object[#52],Object[#127],Object[#127],Integer,Integer},{})
    append_frame(@116,Object[#78])
    same_frame(@146)
    same_locals_1_stack_item_frame(@149,Object[#86])
    chop_frame(@184,1)
    full_frame(@190,{Object[#126],Object[#126],Integer,Integer},{})
    full_frame(@201,{},{})

		at org.apache.dubbo.config.AbstractInterfaceConfigTest.tearDown(AbstractInterfaceConfigTest.java:44)
		at java.base/java.lang.reflect.Method.invoke(Method.java:569)
		at java.base/java.util.ArrayList.forEach(ArrayList.java:1511)
		at java.base/java.util.Collections$UnmodifiableCollection.forEach(Collections.java:1092)
		... 1 more

[INFO] Running org.apache.dubbo.rpc.support.ProtocolUtilsTest
[ERROR] Tests run: 1, Failures: 0, Errors: 1, Skipped: 0, Time elapsed: 0.021 s <<< FAILURE! -- in org.apache.dubbo.rpc.support.ProtocolUtilsTest
[ERROR] org.apache.dubbo.rpc.support.ProtocolUtilsTest.testGetServiceKey -- Time elapsed: 0.019 s <<< ERROR!
java.lang.NoClassDefFoundError: Could not initialize class org.apache.dubbo.common.logger.LoggerFactory
	at org.apache.dubbo.common.utils.StringUtils.<clinit>(StringUtils.java:57)
	at org.apache.dubbo.rpc.support.GroupServiceKeyCache.createServiceKey(GroupServiceKeyCache.java:60)
	at org.apache.dubbo.rpc.support.GroupServiceKeyCache.getServiceKey(GroupServiceKeyCache.java:52)
	at org.apache.dubbo.rpc.support.ProtocolUtils.serviceKey(ProtocolUtils.java:50)
	at org.apache.dubbo.rpc.support.ProtocolUtilsTest.assertServiceKey(ProtocolUtilsTest.java:52)
	at org.apache.dubbo.rpc.support.ProtocolUtilsTest.testGetServiceKey(ProtocolUtilsTest.java:29)
	at java.base/java.lang.reflect.Method.invoke(Method.java:569)
	at java.base/java.util.ArrayList.forEach(ArrayList.java:1511)
	at java.base/java.util.ArrayList.forEach(ArrayList.java:1511)
Caused by: java.lang.ExceptionInInitializerError: Exception java.lang.VerifyError: Expecting a stack map frame
Exception Details:
  Location:
    org/apache/dubbo/common/utils/SystemPropertyConfigUtils.<clinit>()V @196: ldc
  Reason:
    Expected stackmap frame at this location.
  Bytecode:
    0000000: 1208 b600 339a 0007 04a7 0004 03b3 0039
    0000010: bb00 3d59 b700 3fb3 0029 06bd 0034 5903
    0000020: 1240 5359 0412 4253 5905 1244 534b 2a4c
    0000030: 2bbe 3d03 3e1d 1ca2 0092 2b1d 323a 0419
    0000040: 04b6 0046 3a05 1905 3a06 1906 be36 0703
    0000050: 3608 1508 1507 a200 6819 0615 0832 3a09
    0000060: b200 399a 0011 b200 29c7 000b bb00 4a59
    0000070: b700 4cbf 1909 01b6 004d 3a0a 190a c100
    0000080: 1899 0011 b200 2919 0ac0 0018 b900 5302
    0000090: 0057 a700 263a 0abb 0013 5912 5805 bd00
    00000a0: 0259 0319 04b6 005a 5359 0419 09b6 005e
    00000b0: 53b8 0017 b700 1dbf 8408 01a7 ff97 8403
    00000c0: 01a7 ff74 12a5 b800 a8b1               
  Exception Handler Table:
    bci [96, 146] => handler: 149
  Stackmap Table:
    same_frame(@12)
    same_locals_1_stack_item_frame(@13,Integer)
    full_frame(@53,{Object[#126],Object[#126],Integer,Integer},{})
    full_frame(@82,{Object[#126],Object[#126],Integer,Integer,Object[#52],Object[#127],Object[#127],Integer,Integer},{})
    append_frame(@116,Object[#78])
    same_frame(@146)
    same_locals_1_stack_item_frame(@149,Object[#86])
    chop_frame(@184,1)
    full_frame(@190,{Object[#126],Object[#126],Integer,Integer},{})
    full_frame(@201,{},{})
 [in thread "main"]
	at org.apache.dubbo.common.logger.LoggerFactory.<clinit>(LoggerFactory.java:54)
	at org.apache.dubbo.rpc.model.ScopeModel.<clinit>(ScopeModel.java:43)
	at org.apache.dubbo.metadata.definition.MetadataTest.setup(MetadataTest.java:41)
	at java.base/java.lang.reflect.Method.invoke(Method.java:569)
	... 1 more

[INFO] Running org.apache.dubbo.rpc.executor.IsolationExecutorSupportFactoryTest
[ERROR] Tests run: 1, Failures: 0, Errors: 1, Skipped: 0, Time elapsed: 0.141 s <<< FAILURE! -- in org.apache.dubbo.rpc.executor.IsolationExecutorSupportFactoryTest
[ERROR] org.apache.dubbo.rpc.executor.IsolationExecutorSupportFactoryTest.test -- Time elapsed: 0.042 s <<< ERROR!
java.lang.NoClassDefFoundError: Could not initialize class org.apache.dubbo.common.utils.StringUtils
	at org.apache.dubbo.common.url.component.URLItemCache.intern(URLItemCache.java:69)
	at org.apache.dubbo.common.URLStrParser.parseURLBody(URLStrParser.java:171)
	at org.apache.dubbo.common.URLStrParser.parseDecodedStr(URLStrParser.java:59)
	at org.apache.dubbo.common.URL.valueOf(URL.java:258)
	at org.apache.dubbo.common.URL.valueOf(URL.java:238)
	at org.apache.dubbo.rpc.executor.IsolationExecutorSupportFactoryTest.test(IsolationExecutorSupportFactoryTest.java:29)
	at java.base/java.lang.reflect.Method.invoke(Method.java:569)
	at java.base/java.util.ArrayList.forEach(ArrayList.java:1511)
	at java.base/java.util.ArrayList.forEach(ArrayList.java:1511)
Caused by: java.lang.ExceptionInInitializerError: Exception java.lang.NoClassDefFoundError: Could not initialize class org.apache.dubbo.common.logger.LoggerFactory [in thread "main"]
	at org.apache.dubbo.common.utils.StringUtils.<clinit>(StringUtils.java:57)
	at org.apache.dubbo.rpc.support.GroupServiceKeyCache.createServiceKey(GroupServiceKeyCache.java:60)
	at org.apache.dubbo.rpc.support.GroupServiceKeyCache.getServiceKey(GroupServiceKeyCache.java:52)
	at org.apache.dubbo.rpc.support.ProtocolUtils.serviceKey(ProtocolUtils.java:50)
	at org.apache.dubbo.rpc.support.ProtocolUtilsTest.assertServiceKey(ProtocolUtilsTest.java:52)
	at org.apache.dubbo.rpc.support.ProtocolUtilsTest.testGetServiceKey(ProtocolUtilsTest.java:29)
	... 3 more

[INFO] Running org.apache.dubbo.rpc.model.ReflectionServiceDescriptorTest
[ERROR] Tests run: 11, Failures: 0, Errors: 11, Skipped: 0, Time elapsed: 0.012 s <<< FAILURE! -- in org.apache.dubbo.rpc.model.ReflectionServiceDescriptorTest
[ERROR] org.apache.dubbo.rpc.model.ReflectionServiceDescriptorTest.getServiceInterfaceClass -- Time elapsed: 0 s <<< ERROR!
java.lang.NoClassDefFoundError: Could not initialize class org.apache.dubbo.common.logger.LoggerFactory
	at org.apache.dubbo.rpc.model.ReflectionMethodDescriptor.<clinit>(ReflectionMethodDescriptor.java:41)
	at org.apache.dubbo.rpc.model.ReflectionServiceDescriptor.initMethods(ReflectionServiceDescriptor.java:72)
	at org.apache.dubbo.rpc.model.ReflectionServiceDescriptor.<init>(ReflectionServiceDescriptor.java:58)
	at org.apache.dubbo.rpc.model.ReflectionServiceDescriptorTest.<init>(ReflectionServiceDescriptorTest.java:32)
	at java.base/java.lang.reflect.Constructor.newInstanceWithCaller(Constructor.java:500)
	at java.base/java.lang.reflect.Constructor.newInstance(Constructor.java:481)
	at java.base/java.util.Optional.orElseGet(Optional.java:364)
	at java.base/java.util.ArrayList.forEach(ArrayList.java:1511)
	at java.base/java.util.ArrayList.forEach(ArrayList.java:1511)
Caused by: java.lang.ExceptionInInitializerError: Exception java.lang.VerifyError: Expecting a stack map frame
Exception Details:
  Location:
    org/apache/dubbo/common/utils/SystemPropertyConfigUtils.<clinit>()V @196: ldc
  Reason:
    Expected stackmap frame at this location.
  Bytecode:
    0000000: 1208 b600 339a 0007 04a7 0004 03b3 0039
    0000010: bb00 3d59 b700 3fb3 0029 06bd 0034 5903
    0000020: 1240 5359 0412 4253 5905 1244 534b 2a4c
    0000030: 2bbe 3d03 3e1d 1ca2 0092 2b1d 323a 0419
    0000040: 04b6 0046 3a05 1905 3a06 1906 be36 0703
    0000050: 3608 1508 1507 a200 6819 0615 0832 3a09
    0000060: b200 399a 0011 b200 29c7 000b bb00 4a59
    0000070: b700 4cbf 1909 01b6 004d 3a0a 190a c100
    0000080: 1899 0011 b200 2919 0ac0 0018 b900 5302
    0000090: 0057 a700 263a 0abb 0013 5912 5805 bd00
    00000a0: 0259 0319 04b6 005a 5359 0419 09b6 005e
    00000b0: 53b8 0017 b700 1dbf 8408 01a7 ff97 8403
    00000c0: 01a7 ff74 12a5 b800 a8b1               
  Exception Handler Table:
    bci [96, 146] => handler: 149
  Stackmap Table:
    same_frame(@12)
    same_locals_1_stack_item_frame(@13,Integer)
    full_frame(@53,{Object[#126],Object[#126],Integer,Integer},{})
    full_frame(@82,{Object[#126],Object[#126],Integer,Integer,Object[#52],Object[#127],Object[#127],Integer,Integer},{})
    append_frame(@116,Object[#78])
    same_frame(@146)
    same_locals_1_stack_item_frame(@149,Object[#86])
    chop_frame(@184,1)
    full_frame(@190,{Object[#126],Object[#126],Integer,Integer},{})
    full_frame(@201,{},{})
 [in thread "main"]
	at org.apache.dubbo.common.logger.LoggerFactory.<clinit>(LoggerFactory.java:54)
	at org.apache.dubbo.rpc.model.ScopeModel.<clinit>(ScopeModel.java:43)
	at org.apache.dubbo.metadata.definition.MetadataTest.setup(MetadataTest.java:41)
	at java.base/java.lang.reflect.Method.invoke(Method.java:569)
	... 1 more

[ERROR] org.apache.dubbo.rpc.model.ReflectionServiceDescriptorTest.getFullServiceDefinition -- Time elapsed: 0.001 s <<< ERROR!
java.lang.NoClassDefFoundError: Could not initialize class org.apache.dubbo.rpc.model.ReflectionMethodDescriptor
	at org.apache.dubbo.rpc.model.ReflectionServiceDescriptor.initMethods(ReflectionServiceDescriptor.java:72)
	at org.apache.dubbo.rpc.model.ReflectionServiceDescriptor.<init>(ReflectionServiceDescriptor.java:58)
	at org.apache.dubbo.rpc.model.ReflectionServiceDescriptorTest.<init>(ReflectionServiceDescriptorTest.java:32)
	at java.base/java.lang.reflect.Constructor.newInstanceWithCaller(Constructor.java:500)
	at java.base/java.lang.reflect.Constructor.newInstance(Constructor.java:481)
	at java.base/java.util.Optional.orElseGet(Optional.java:364)
	at java.base/java.util.ArrayList.forEach(ArrayList.java:1511)
	at java.base/java.util.ArrayList.forEach(ArrayList.java:1511)
Caused by: java.lang.ExceptionInInitializerError: Exception java.lang.NoClassDefFoundError: Could not initialize class org.apache.dubbo.common.logger.LoggerFactory [in thread "main"]
	at org.apache.dubbo.rpc.model.ReflectionMethodDescriptor.<clinit>(ReflectionMethodDescriptor.java:41)
	... 8 more

[ERROR] org.apache.dubbo.rpc.model.ReflectionServiceDescriptorTest.getInterfaceName -- Time elapsed: 0.001 s <<< ERROR!
java.lang.NoClassDefFoundError: Could not initialize class org.apache.dubbo.rpc.model.ReflectionMethodDescriptor
	at org.apache.dubbo.rpc.model.ReflectionServiceDescriptor.initMethods(ReflectionServiceDescriptor.java:72)
	at org.apache.dubbo.rpc.model.ReflectionServiceDescriptor.<init>(ReflectionServiceDescriptor.java:58)
	at org.apache.dubbo.rpc.model.ReflectionServiceDescriptorTest.<init>(ReflectionServiceDescriptorTest.java:32)
	at java.base/java.lang.reflect.Constructor.newInstanceWithCaller(Constructor.java:500)
	at java.base/java.lang.reflect.Constructor.newInstance(Constructor.java:481)
	at java.base/java.util.Optional.orElseGet(Optional.java:364)
	at java.base/java.util.ArrayList.forEach(ArrayList.java:1511)
	at java.base/java.util.ArrayList.forEach(ArrayList.java:1511)
Caused by: java.lang.ExceptionInInitializerError: Exception java.lang.NoClassDefFoundError: Could not initialize class org.apache.dubbo.common.logger.LoggerFactory [in thread "main"]
	at org.apache.dubbo.rpc.model.ReflectionMethodDescriptor.<clinit>(ReflectionMethodDescriptor.java:41)
	... 8 more

[ERROR] org.apache.dubbo.rpc.model.ReflectionServiceDescriptorTest.addMethod -- Time elapsed: 0.001 s <<< ERROR!
java.lang.NoClassDefFoundError: Could not initialize class org.apache.dubbo.rpc.model.ReflectionMethodDescriptor
	at org.apache.dubbo.rpc.model.ReflectionServiceDescriptor.initMethods(ReflectionServiceDescriptor.java:72)
	at org.apache.dubbo.rpc.model.ReflectionServiceDescriptor.<init>(ReflectionServiceDescriptor.java:58)
	at org.apache.dubbo.rpc.model.ReflectionServiceDescriptorTest.<init>(ReflectionServiceDescriptorTest.java:32)
	at java.base/java.lang.reflect.Constructor.newInstanceWithCaller(Constructor.java:500)
	at java.base/java.lang.reflect.Constructor.newInstance(Constructor.java:481)
	at java.base/java.util.Optional.orElseGet(Optional.java:364)
	at java.base/java.util.ArrayList.forEach(ArrayList.java:1511)
	at java.base/java.util.ArrayList.forEach(ArrayList.java:1511)
Caused by: java.lang.ExceptionInInitializerError: Exception java.lang.NoClassDefFoundError: Could not initialize class org.apache.dubbo.common.logger.LoggerFactory [in thread "main"]
	at org.apache.dubbo.rpc.model.ReflectionMethodDescriptor.<clinit>(ReflectionMethodDescriptor.java:41)
	... 8 more

[ERROR] org.apache.dubbo.rpc.model.ReflectionServiceDescriptorTest.getMethod -- Time elapsed: 0.001 s <<< ERROR!
java.lang.NoClassDefFoundError: Could not initialize class org.apache.dubbo.rpc.model.ReflectionMethodDescriptor
	at org.apache.dubbo.rpc.model.ReflectionServiceDescriptor.initMethods(ReflectionServiceDescriptor.java:72)
	at org.apache.dubbo.rpc.model.ReflectionServiceDescriptor.<init>(ReflectionServiceDescriptor.java:58)
	at org.apache.dubbo.rpc.model.ReflectionServiceDescriptorTest.<init>(ReflectionServiceDescriptorTest.java:32)
	at java.base/java.lang.reflect.Constructor.newInstanceWithCaller(Constructor.java:500)
	at java.base/java.lang.reflect.Constructor.newInstance(Constructor.java:481)
	at java.base/java.util.Optional.orElseGet(Optional.java:364)
	at java.base/java.util.ArrayList.forEach(ArrayList.java:1511)
	at java.base/java.util.ArrayList.forEach(ArrayList.java:1511)
Caused by: java.lang.ExceptionInInitializerError: Exception java.lang.NoClassDefFoundError: Could not initialize class org.apache.dubbo.common.logger.LoggerFactory [in thread "main"]
	at org.apache.dubbo.rpc.model.ReflectionMethodDescriptor.<clinit>(ReflectionMethodDescriptor.java:41)
	... 8 more

[ERROR] org.apache.dubbo.rpc.model.ReflectionServiceDescriptorTest.testHashCode -- Time elapsed: 0 s <<< ERROR!
java.lang.NoClassDefFoundError: Could not initialize class org.apache.dubbo.rpc.model.ReflectionMethodDescriptor
	at org.apache.dubbo.rpc.model.ReflectionServiceDescriptor.initMethods(ReflectionServiceDescriptor.java:72)
	at org.apache.dubbo.rpc.model.ReflectionServiceDescriptor.<init>(ReflectionServiceDescriptor.java:58)
	at org.apache.dubbo.rpc.model.ReflectionServiceDescriptorTest.<init>(ReflectionServiceDescriptorTest.java:32)
	at java.base/java.lang.reflect.Constructor.newInstanceWithCaller(Constructor.java:500)
	at java.base/java.lang.reflect.Constructor.newInstance(Constructor.java:481)
	at java.base/java.util.Optional.orElseGet(Optional.java:364)
	at java.base/java.util.ArrayList.forEach(ArrayList.java:1511)
	at java.base/java.util.ArrayList.forEach(ArrayList.java:1511)
Caused by: java.lang.ExceptionInInitializerError: Exception java.lang.NoClassDefFoundError: Could not initialize class org.apache.dubbo.common.logger.LoggerFactory [in thread "main"]
	at org.apache.dubbo.rpc.model.ReflectionMethodDescriptor.<clinit>(ReflectionMethodDescriptor.java:41)
	... 8 more

[ERROR] org.apache.dubbo.rpc.model.ReflectionServiceDescriptorTest.testGetMethod -- Time elapsed: 0 s <<< ERROR!
java.lang.NoClassDefFoundError: Could not initialize class org.apache.dubbo.rpc.model.ReflectionMethodDescriptor
	at org.apache.dubbo.rpc.model.ReflectionServiceDescriptor.initMethods(ReflectionServiceDescriptor.java:72)
	at org.apache.dubbo.rpc.model.ReflectionServiceDescriptor.<init>(ReflectionServiceDescriptor.java:58)
	at org.apache.dubbo.rpc.model.ReflectionServiceDescriptorTest.<init>(ReflectionServiceDescriptorTest.java:32)
	at java.base/java.lang.reflect.Constructor.newInstanceWithCaller(Constructor.java:500)
	at java.base/java.lang.reflect.Constructor.newInstance(Constructor.java:481)
	at java.base/java.util.Optional.orElseGet(Optional.java:364)
	at java.base/java.util.ArrayList.forEach(ArrayList.java:1511)
	at java.base/java.util.ArrayList.forEach(ArrayList.java:1511)
Caused by: java.lang.ExceptionInInitializerError: Exception java.lang.NoClassDefFoundError: Could not initialize class org.apache.dubbo.common.logger.LoggerFactory [in thread "main"]
	at org.apache.dubbo.rpc.model.ReflectionMethodDescriptor.<clinit>(ReflectionMethodDescriptor.java:41)
	... 8 more

[ERROR] org.apache.dubbo.rpc.model.ReflectionServiceDescriptorTest.testEquals -- Time elapsed: 0 s <<< ERROR!
java.lang.NoClassDefFoundError: Could not initialize class org.apache.dubbo.rpc.model.ReflectionMethodDescriptor
	at org.apache.dubbo.rpc.model.ReflectionServiceDescriptor.initMethods(ReflectionServiceDescriptor.java:72)
	at org.apache.dubbo.rpc.model.ReflectionServiceDescriptor.<init>(ReflectionServiceDescriptor.java:58)
	at org.apache.dubbo.rpc.model.ReflectionServiceDescriptorTest.<init>(ReflectionServiceDescriptorTest.java:32)
	at java.base/java.lang.reflect.Constructor.newInstanceWithCaller(Constructor.java:500)
	at java.base/java.lang.reflect.Constructor.newInstance(Constructor.java:481)
	at java.base/java.util.Optional.orElseGet(Optional.java:364)
	at java.base/java.util.ArrayList.forEach(ArrayList.java:1511)
	at java.base/java.util.ArrayList.forEach(ArrayList.java:1511)
Caused by: java.lang.ExceptionInInitializerError: Exception java.lang.NoClassDefFoundError: Could not initialize class org.apache.dubbo.common.logger.LoggerFactory [in thread "main"]
	at org.apache.dubbo.rpc.model.ReflectionMethodDescriptor.<clinit>(ReflectionMethodDescriptor.java:41)
	... 8 more

[ERROR] org.apache.dubbo.rpc.model.ReflectionServiceDescriptorTest.testStreamRpcTypeException -- Time elapsed: 0 s <<< ERROR!
java.lang.NoClassDefFoundError: Could not initialize class org.apache.dubbo.rpc.model.ReflectionMethodDescriptor
	at org.apache.dubbo.rpc.model.ReflectionServiceDescriptor.initMethods(ReflectionServiceDescriptor.java:72)
	at org.apache.dubbo.rpc.model.ReflectionServiceDescriptor.<init>(ReflectionServiceDescriptor.java:58)
	at org.apache.dubbo.rpc.model.ReflectionServiceDescriptorTest.<init>(ReflectionServiceDescriptorTest.java:32)
	at java.base/java.lang.reflect.Constructor.newInstanceWithCaller(Constructor.java:500)
	at java.base/java.lang.reflect.Constructor.newInstance(Constructor.java:481)
	at java.base/java.util.Optional.orElseGet(Optional.java:364)
	at java.base/java.util.ArrayList.forEach(ArrayList.java:1511)
	at java.base/java.util.ArrayList.forEach(ArrayList.java:1511)
Caused by: java.lang.ExceptionInInitializerError: Exception java.lang.NoClassDefFoundError: Could not initialize class org.apache.dubbo.common.logger.LoggerFactory [in thread "main"]
	at org.apache.dubbo.rpc.model.ReflectionMethodDescriptor.<clinit>(ReflectionMethodDescriptor.java:41)
	... 8 more

[ERROR] org.apache.dubbo.rpc.model.ReflectionServiceDescriptorTest.getMethods -- Time elapsed: 0 s <<< ERROR!
java.lang.NoClassDefFoundError: Could not initialize class org.apache.dubbo.rpc.model.ReflectionMethodDescriptor
	at org.apache.dubbo.rpc.model.ReflectionServiceDescriptor.initMethods(ReflectionServiceDescriptor.java:72)
	at org.apache.dubbo.rpc.model.ReflectionServiceDescriptor.<init>(ReflectionServiceDescriptor.java:58)
	at org.apache.dubbo.rpc.model.ReflectionServiceDescriptorTest.<init>(ReflectionServiceDescriptorTest.java:32)
	at java.base/java.lang.reflect.Constructor.newInstanceWithCaller(Constructor.java:500)
	at java.base/java.lang.reflect.Constructor.newInstance(Constructor.java:481)
	at java.base/java.util.Optional.orElseGet(Optional.java:364)
	at java.base/java.util.ArrayList.forEach(ArrayList.java:1511)
	at java.base/java.util.ArrayList.forEach(ArrayList.java:1511)
Caused by: java.lang.ExceptionInInitializerError: Exception java.lang.NoClassDefFoundError: Could not initialize class org.apache.dubbo.common.logger.LoggerFactory [in thread "main"]
	at org.apache.dubbo.rpc.model.ReflectionMethodDescriptor.<clinit>(ReflectionMethodDescriptor.java:41)
	... 8 more

[ERROR] org.apache.dubbo.rpc.model.ReflectionServiceDescriptorTest.getAllMethods -- Time elapsed: 0 s <<< ERROR!
java.lang.NoClassDefFoundError: Could not initialize class org.apache.dubbo.rpc.model.ReflectionMethodDescriptor
	at org.apache.dubbo.rpc.model.ReflectionServiceDescriptor.initMethods(ReflectionServiceDescriptor.java:72)
	at org.apache.dubbo.rpc.model.ReflectionServiceDescriptor.<init>(ReflectionServiceDescriptor.java:58)
	at org.apache.dubbo.rpc.model.ReflectionServiceDescriptorTest.<init>(ReflectionServiceDescriptorTest.java:32)
	at java.base/java.lang.reflect.Constructor.newInstanceWithCaller(Constructor.java:500)
	at java.base/java.lang.reflect.Constructor.newInstance(Constructor.java:481)
	at java.base/java.util.Optional.orElseGet(Optional.java:364)
	at java.base/java.util.ArrayList.forEach(ArrayList.java:1511)
	at java.base/java.util.ArrayList.forEach(ArrayList.java:1511)
Caused by: java.lang.ExceptionInInitializerError: Exception java.lang.NoClassDefFoundError: Could not initialize class org.apache.dubbo.common.logger.LoggerFactory [in thread "main"]
	at org.apache.dubbo.rpc.model.ReflectionMethodDescriptor.<clinit>(ReflectionMethodDescriptor.java:41)
	... 8 more

[INFO] Running org.apache.dubbo.rpc.model.ScopeModelAwareExtensionProcessorTest
[ERROR] Tests run: 2, Failures: 0, Errors: 2, Skipped: 0, Time elapsed: 0.017 s <<< FAILURE! -- in org.apache.dubbo.rpc.model.ScopeModelAwareExtensionProcessorTest
[ERROR] org.apache.dubbo.rpc.model.ScopeModelAwareExtensionProcessorTest.testPostProcessAfterInitialization -- Time elapsed: 0.007 s <<< ERROR!
java.lang.NoClassDefFoundError: Could not initialize class org.apache.dubbo.rpc.model.FrameworkModel
	at org.apache.dubbo.rpc.model.ScopeModelAwareExtensionProcessorTest.setUp(ScopeModelAwareExtensionProcessorTest.java:36)
	at java.base/java.lang.reflect.Method.invoke(Method.java:569)
	at java.base/java.util.ArrayList.forEach(ArrayList.java:1511)
	at java.base/java.util.ArrayList.forEach(ArrayList.java:1511)
	Suppressed: java.lang.NullPointerException: Cannot invoke "org.apache.dubbo.rpc.model.FrameworkModel.destroy()" because "this.frameworkModel" is null
		at org.apache.dubbo.rpc.model.ScopeModelAwareExtensionProcessorTest.reset(ScopeModelAwareExtensionProcessorTest.java:43)
		... 3 more
Caused by: java.lang.ExceptionInInitializerError: Exception java.lang.VerifyError: Expecting a stack map frame
Exception Details:
  Location:
    org/apache/dubbo/common/utils/SystemPropertyConfigUtils.<clinit>()V @196: ldc
  Reason:
    Expected stackmap frame at this location.
  Bytecode:
    0000000: 1208 b600 339a 0007 04a7 0004 03b3 0039
    0000010: bb00 3d59 b700 3fb3 0029 06bd 0034 5903
    0000020: 1240 5359 0412 4253 5905 1244 534b 2a4c
    0000030: 2bbe 3d03 3e1d 1ca2 0092 2b1d 323a 0419
    0000040: 04b6 0046 3a05 1905 3a06 1906 be36 0703
    0000050: 3608 1508 1507 a200 6819 0615 0832 3a09
    0000060: b200 399a 0011 b200 29c7 000b bb00 4a59
    0000070: b700 4cbf 1909 01b6 004d 3a0a 190a c100
    0000080: 1899 0011 b200 2919 0ac0 0018 b900 5302
    0000090: 0057 a700 263a 0abb 0013 5912 5805 bd00
    00000a0: 0259 0319 04b6 005a 5359 0419 09b6 005e
    00000b0: 53b8 0017 b700 1dbf 8408 01a7 ff97 8403
    00000c0: 01a7 ff74 12a5 b800 a8b1               
  Exception Handler Table:
    bci [96, 146] => handler: 149
  Stackmap Table:
    same_frame(@12)
    same_locals_1_stack_item_frame(@13,Integer)
    full_frame(@53,{Object[#126],Object[#126],Integer,Integer},{})
    full_frame(@82,{Object[#126],Object[#126],Integer,Integer,Object[#52],Object[#127],Object[#127],Integer,Integer},{})
    append_frame(@116,Object[#78])
    same_frame(@146)
    same_locals_1_stack_item_frame(@149,Object[#86])
    chop_frame(@184,1)
    full_frame(@190,{Object[#126],Object[#126],Integer,Integer},{})
    full_frame(@201,{},{})
 [in thread "main"]
	at org.apache.dubbo.common.logger.LoggerFactory.<clinit>(LoggerFactory.java:54)
	at org.apache.dubbo.rpc.model.ScopeModel.<clinit>(ScopeModel.java:43)
	at org.apache.dubbo.metadata.definition.MetadataTest.setup(MetadataTest.java:41)
	at java.base/java.lang.reflect.Method.invoke(Method.java:569)
	... 1 more

[ERROR] org.apache.dubbo.rpc.model.ScopeModelAwareExtensionProcessorTest.testInitialize -- Time elapsed: 0.004 s <<< ERROR!
java.lang.NoClassDefFoundError: Could not initialize class org.apache.dubbo.rpc.model.FrameworkModel
	at org.apache.dubbo.rpc.model.ScopeModelAwareExtensionProcessorTest.setUp(ScopeModelAwareExtensionProcessorTest.java:36)
	at java.base/java.lang.reflect.Method.invoke(Method.java:569)
	at java.base/java.util.ArrayList.forEach(ArrayList.java:1511)
	at java.base/java.util.ArrayList.forEach(ArrayList.java:1511)
	Suppressed: java.lang.NullPointerException: Cannot invoke "org.apache.dubbo.rpc.model.FrameworkModel.destroy()" because "this.frameworkModel" is null
		at org.apache.dubbo.rpc.model.ScopeModelAwareExtensionProcessorTest.reset(ScopeModelAwareExtensionProcessorTest.java:43)
		... 3 more
Caused by: java.lang.ExceptionInInitializerError: Exception java.lang.VerifyError: Expecting a stack map frame
Exception Details:
  Location:
    org/apache/dubbo/common/utils/SystemPropertyConfigUtils.<clinit>()V @196: ldc
  Reason:
    Expected stackmap frame at this location.
  Bytecode:
    0000000: 1208 b600 339a 0007 04a7 0004 03b3 0039
    0000010: bb00 3d59 b700 3fb3 0029 06bd 0034 5903
    0000020: 1240 5359 0412 4253 5905 1244 534b 2a4c
    0000030: 2bbe 3d03 3e1d 1ca2 0092 2b1d 323a 0419
    0000040: 04b6 0046 3a05 1905 3a06 1906 be36 0703
    0000050: 3608 1508 1507 a200 6819 0615 0832 3a09
    0000060: b200 399a 0011 b200 29c7 000b bb00 4a59
    0000070: b700 4cbf 1909 01b6 004d 3a0a 190a c100
    0000080: 1899 0011 b200 2919 0ac0 0018 b900 5302
    0000090: 0057 a700 263a 0abb 0013 5912 5805 bd00
    00000a0: 0259 0319 04b6 005a 5359 0419 09b6 005e
    00000b0: 53b8 0017 b700 1dbf 8408 01a7 ff97 8403
    00000c0: 01a7 ff74 12a5 b800 a8b1               
  Exception Handler Table:
    bci [96, 146] => handler: 149
  Stackmap Table:
    same_frame(@12)
    same_locals_1_stack_item_frame(@13,Integer)
    full_frame(@53,{Object[#126],Object[#126],Integer,Integer},{})
    full_frame(@82,{Object[#126],Object[#126],Integer,Integer,Object[#52],Object[#127],Object[#127],Integer,Integer},{})
    append_frame(@116,Object[#78])
    same_frame(@146)
    same_locals_1_stack_item_frame(@149,Object[#86])
    chop_frame(@184,1)
    full_frame(@190,{Object[#126],Object[#126],Integer,Integer},{})
    full_frame(@201,{},{})
 [in thread "main"]
	at org.apache.dubbo.common.logger.LoggerFactory.<clinit>(LoggerFactory.java:54)
	at org.apache.dubbo.rpc.model.ScopeModel.<clinit>(ScopeModel.java:43)
	at org.apache.dubbo.metadata.definition.MetadataTest.setup(MetadataTest.java:41)
	at java.base/java.lang.reflect.Method.invoke(Method.java:569)
	... 1 more

[INFO] Running org.apache.dubbo.rpc.model.ScopeModelTest
[ERROR] Tests run: 1, Failures: 0, Errors: 1, Skipped: 0, Time elapsed: 0.002 s <<< FAILURE! -- in org.apache.dubbo.rpc.model.ScopeModelTest
[ERROR] org.apache.dubbo.rpc.model.ScopeModelTest.testCreateOnDestroy -- Time elapsed: 0.001 s <<< ERROR!
java.lang.NoClassDefFoundError: Could not initialize class org.apache.dubbo.rpc.model.FrameworkModel
	at org.apache.dubbo.rpc.model.ScopeModelTest.testCreateOnDestroy(ScopeModelTest.java:33)
	at java.base/java.lang.reflect.Method.invoke(Method.java:569)
	at java.base/java.util.ArrayList.forEach(ArrayList.java:1511)
	at java.base/java.util.ArrayList.forEach(ArrayList.java:1511)
Caused by: java.lang.ExceptionInInitializerError: Exception java.lang.VerifyError: Expecting a stack map frame
Exception Details:
  Location:
    org/apache/dubbo/common/utils/SystemPropertyConfigUtils.<clinit>()V @196: ldc
  Reason:
    Expected stackmap frame at this location.
  Bytecode:
    0000000: 1208 b600 339a 0007 04a7 0004 03b3 0039
    0000010: bb00 3d59 b700 3fb3 0029 06bd 0034 5903
    0000020: 1240 5359 0412 4253 5905 1244 534b 2a4c
    0000030: 2bbe 3d03 3e1d 1ca2 0092 2b1d 323a 0419
    0000040: 04b6 0046 3a05 1905 3a06 1906 be36 0703
    0000050: 3608 1508 1507 a200 6819 0615 0832 3a09
    0000060: b200 399a 0011 b200 29c7 000b bb00 4a59
    0000070: b700 4cbf 1909 01b6 004d 3a0a 190a c100
    0000080: 1899 0011 b200 2919 0ac0 0018 b900 5302
    0000090: 0057 a700 263a 0abb 0013 5912 5805 bd00
    00000a0: 0259 0319 04b6 005a 5359 0419 09b6 005e
    00000b0: 53b8 0017 b700 1dbf 8408 01a7 ff97 8403
    00000c0: 01a7 ff74 12a5 b800 a8b1               
  Exception Handler Table:
    bci [96, 146] => handler: 149
  Stackmap Table:
    same_frame(@12)
    same_locals_1_stack_item_frame(@13,Integer)
    full_frame(@53,{Object[#126],Object[#126],Integer,Integer},{})
    full_frame(@82,{Object[#126],Object[#126],Integer,Integer,Object[#52],Object[#127],Object[#127],Integer,Integer},{})
    append_frame(@116,Object[#78])
    same_frame(@146)
    same_locals_1_stack_item_frame(@149,Object[#86])
    chop_frame(@184,1)
    full_frame(@190,{Object[#126],Object[#126],Integer,Integer},{})
    full_frame(@201,{},{})
 [in thread "main"]
	at org.apache.dubbo.common.logger.LoggerFactory.<clinit>(LoggerFactory.java:54)
	at org.apache.dubbo.rpc.model.ScopeModel.<clinit>(ScopeModel.java:43)
	at org.apache.dubbo.metadata.definition.MetadataTest.setup(MetadataTest.java:41)
	at java.base/java.lang.reflect.Method.invoke(Method.java:569)
	... 1 more

[INFO] Running org.apache.dubbo.rpc.model.ScopeModelUtilTest
[ERROR] Tests run: 1, Failures: 0, Errors: 1, Skipped: 0, Time elapsed: 0.008 s <<< FAILURE! -- in org.apache.dubbo.rpc.model.ScopeModelUtilTest
[ERROR] org.apache.dubbo.rpc.model.ScopeModelUtilTest.test -- Time elapsed: 0.004 s <<< ERROR!
java.lang.NoClassDefFoundError: Could not initialize class org.apache.dubbo.rpc.model.FrameworkModel
	at org.apache.dubbo.rpc.model.ScopeModelUtilTest.setUp(ScopeModelUtilTest.java:40)
	at java.base/java.lang.reflect.Method.invoke(Method.java:569)
	at java.base/java.util.ArrayList.forEach(ArrayList.java:1511)
	at java.base/java.util.ArrayList.forEach(ArrayList.java:1511)
	Suppressed: java.lang.NullPointerException: Cannot invoke "org.apache.dubbo.rpc.model.FrameworkModel.destroy()" because "this.frameworkModel" is null
		at org.apache.dubbo.rpc.model.ScopeModelUtilTest.reset(ScopeModelUtilTest.java:47)
		... 3 more
Caused by: java.lang.ExceptionInInitializerError: Exception java.lang.VerifyError: Expecting a stack map frame
Exception Details:
  Location:
    org/apache/dubbo/common/utils/SystemPropertyConfigUtils.<clinit>()V @196: ldc
  Reason:
    Expected stackmap frame at this location.
  Bytecode:
    0000000: 1208 b600 339a 0007 04a7 0004 03b3 0039
    0000010: bb00 3d59 b700 3fb3 0029 06bd 0034 5903
    0000020: 1240 5359 0412 4253 5905 1244 534b 2a4c
    0000030: 2bbe 3d03 3e1d 1ca2 0092 2b1d 323a 0419
    0000040: 04b6 0046 3a05 1905 3a06 1906 be36 0703
    0000050: 3608 1508 1507 a200 6819 0615 0832 3a09
    0000060: b200 399a 0011 b200 29c7 000b bb00 4a59
    0000070: b700 4cbf 1909 01b6 004d 3a0a 190a c100
    0000080: 1899 0011 b200 2919 0ac0 0018 b900 5302
    0000090: 0057 a700 263a 0abb 0013 5912 5805 bd00
    00000a0: 0259 0319 04b6 005a 5359 0419 09b6 005e
    00000b0: 53b8 0017 b700 1dbf 8408 01a7 ff97 8403
    00000c0: 01a7 ff74 12a5 b800 a8b1               
  Exception Handler Table:
    bci [96, 146] => handler: 149
  Stackmap Table:
    same_frame(@12)
    same_locals_1_stack_item_frame(@13,Integer)
    full_frame(@53,{Object[#126],Object[#126],Integer,Integer},{})
    full_frame(@82,{Object[#126],Object[#126],Integer,Integer,Object[#52],Object[#127],Object[#127],Integer,Integer},{})
    append_frame(@116,Object[#78])
    same_frame(@146)
    same_locals_1_stack_item_frame(@149,Object[#86])
    chop_frame(@184,1)
    full_frame(@190,{Object[#126],Object[#126],Integer,Integer},{})
    full_frame(@201,{},{})
 [in thread "main"]
	at org.apache.dubbo.common.logger.LoggerFactory.<clinit>(LoggerFactory.java:54)
	at org.apache.dubbo.rpc.model.ScopeModel.<clinit>(ScopeModel.java:43)
	at org.apache.dubbo.metadata.definition.MetadataTest.setup(MetadataTest.java:41)
	at java.base/java.lang.reflect.Method.invoke(Method.java:569)
	... 1 more

[INFO] Running org.apache.dubbo.rpc.model.FrameworkServiceRepositoryTest
[ERROR] Tests run: 1, Failures: 0, Errors: 1, Skipped: 0, Time elapsed: 0.007 s <<< FAILURE! -- in org.apache.dubbo.rpc.model.FrameworkServiceRepositoryTest
[ERROR] org.apache.dubbo.rpc.model.FrameworkServiceRepositoryTest.test -- Time elapsed: 0.004 s <<< ERROR!
java.lang.NoClassDefFoundError: Could not initialize class org.apache.dubbo.rpc.model.FrameworkModel
	at org.apache.dubbo.rpc.model.FrameworkServiceRepositoryTest.setUp(FrameworkServiceRepositoryTest.java:44)
	at java.base/java.lang.reflect.Method.invoke(Method.java:569)
	at java.base/java.util.ArrayList.forEach(ArrayList.java:1511)
	at java.base/java.util.ArrayList.forEach(ArrayList.java:1511)
	Suppressed: java.lang.NullPointerException: Cannot invoke "org.apache.dubbo.rpc.model.FrameworkModel.destroy()" because "this.frameworkModel" is null
		at org.apache.dubbo.rpc.model.FrameworkServiceRepositoryTest.reset(FrameworkServiceRepositoryTest.java:51)
		... 3 more
Caused by: java.lang.ExceptionInInitializerError: Exception java.lang.VerifyError: Expecting a stack map frame
Exception Details:
  Location:
    org/apache/dubbo/common/utils/SystemPropertyConfigUtils.<clinit>()V @196: ldc
  Reason:
    Expected stackmap frame at this location.
  Bytecode:
    0000000: 1208 b600 339a 0007 04a7 0004 03b3 0039
    0000010: bb00 3d59 b700 3fb3 0029 06bd 0034 5903
    0000020: 1240 5359 0412 4253 5905 1244 534b 2a4c
    0000030: 2bbe 3d03 3e1d 1ca2 0092 2b1d 323a 0419
    0000040: 04b6 0046 3a05 1905 3a06 1906 be36 0703
    0000050: 3608 1508 1507 a200 6819 0615 0832 3a09
    0000060: b200 399a 0011 b200 29c7 000b bb00 4a59
    0000070: b700 4cbf 1909 01b6 004d 3a0a 190a c100
    0000080: 1899 0011 b200 2919 0ac0 0018 b900 5302
    0000090: 0057 a700 263a 0abb 0013 5912 5805 bd00
    00000a0: 0259 0319 04b6 005a 5359 0419 09b6 005e
    00000b0: 53b8 0017 b700 1dbf 8408 01a7 ff97 8403
    00000c0: 01a7 ff74 12a5 b800 a8b1               
  Exception Handler Table:
    bci [96, 146] => handler: 149
  Stackmap Table:
    same_frame(@12)
    same_locals_1_stack_item_frame(@13,Integer)
    full_frame(@53,{Object[#126],Object[#126],Integer,Integer},{})
    full_frame(@82,{Object[#126],Object[#126],Integer,Integer,Object[#52],Object[#127],Object[#127],Integer,Integer},{})
    append_frame(@116,Object[#78])
    same_frame(@146)
    same_locals_1_stack_item_frame(@149,Object[#86])
    chop_frame(@184,1)
    full_frame(@190,{Object[#126],Object[#126],Integer,Integer},{})
    full_frame(@201,{},{})
 [in thread "main"]
	at org.apache.dubbo.common.logger.LoggerFactory.<clinit>(LoggerFactory.java:54)
	at org.apache.dubbo.rpc.model.ScopeModel.<clinit>(ScopeModel.java:43)
	at org.apache.dubbo.metadata.definition.MetadataTest.setup(MetadataTest.java:41)
	at java.base/java.lang.reflect.Method.invoke(Method.java:569)
	... 1 more

[INFO] Running org.apache.dubbo.rpc.model.ServiceRepositoryTest
[ERROR] Tests run: 1, Failures: 0, Errors: 1, Skipped: 0, Time elapsed: 0.007 s <<< FAILURE! -- in org.apache.dubbo.rpc.model.ServiceRepositoryTest
[ERROR] org.apache.dubbo.rpc.model.ServiceRepositoryTest.test -- Time elapsed: 0.004 s <<< ERROR!
java.lang.NoClassDefFoundError: Could not initialize class org.apache.dubbo.rpc.model.FrameworkModel
	at org.apache.dubbo.rpc.model.ServiceRepositoryTest.setUp(ServiceRepositoryTest.java:42)
	at java.base/java.lang.reflect.Method.invoke(Method.java:569)
	at java.base/java.util.ArrayList.forEach(ArrayList.java:1511)
	at java.base/java.util.ArrayList.forEach(ArrayList.java:1511)
	Suppressed: java.lang.NullPointerException: Cannot invoke "org.apache.dubbo.rpc.model.FrameworkModel.destroy()" because "this.frameworkModel" is null
		at org.apache.dubbo.rpc.model.ServiceRepositoryTest.reset(ServiceRepositoryTest.java:49)
		... 3 more
Caused by: java.lang.ExceptionInInitializerError: Exception java.lang.VerifyError: Expecting a stack map frame
Exception Details:
  Location:
    org/apache/dubbo/common/utils/SystemPropertyConfigUtils.<clinit>()V @196: ldc
  Reason:
    Expected stackmap frame at this location.
  Bytecode:
    0000000: 1208 b600 339a 0007 04a7 0004 03b3 0039
    0000010: bb00 3d59 b700 3fb3 0029 06bd 0034 5903
    0000020: 1240 5359 0412 4253 5905 1244 534b 2a4c
    0000030: 2bbe 3d03 3e1d 1ca2 0092 2b1d 323a 0419
    0000040: 04b6 0046 3a05 1905 3a06 1906 be36 0703
    0000050: 3608 1508 1507 a200 6819 0615 0832 3a09
    0000060: b200 399a 0011 b200 29c7 000b bb00 4a59
    0000070: b700 4cbf 1909 01b6 004d 3a0a 190a c100
    0000080: 1899 0011 b200 2919 0ac0 0018 b900 5302
    0000090: 0057 a700 263a 0abb 0013 5912 5805 bd00
    00000a0: 0259 0319 04b6 005a 5359 0419 09b6 005e
    00000b0: 53b8 0017 b700 1dbf 8408 01a7 ff97 8403
    00000c0: 01a7 ff74 12a5 b800 a8b1               
  Exception Handler Table:
    bci [96, 146] => handler: 149
  Stackmap Table:
    same_frame(@12)
    same_locals_1_stack_item_frame(@13,Integer)
    full_frame(@53,{Object[#126],Object[#126],Integer,Integer},{})
    full_frame(@82,{Object[#126],Object[#126],Integer,Integer,Object[#52],Object[#127],Object[#127],Integer,Integer},{})
    append_frame(@116,Object[#78])
    same_frame(@146)
    same_locals_1_stack_item_frame(@149,Object[#86])
    chop_frame(@184,1)
    full_frame(@190,{Object[#126],Object[#126],Integer,Integer},{})
    full_frame(@201,{},{})
 [in thread "main"]
	at org.apache.dubbo.common.logger.LoggerFactory.<clinit>(LoggerFactory.java:54)
	at org.apache.dubbo.rpc.model.ScopeModel.<clinit>(ScopeModel.java:43)
	at org.apache.dubbo.metadata.definition.MetadataTest.setup(MetadataTest.java:41)
	at java.base/java.lang.reflect.Method.invoke(Method.java:569)
	... 1 more

[INFO] Running org.apache.dubbo.rpc.model.ModuleModelTest
[ERROR] Tests run: 3, Failures: 0, Errors: 3, Skipped: 0, Time elapsed: 0.004 s <<< FAILURE! -- in org.apache.dubbo.rpc.model.ModuleModelTest
[ERROR] org.apache.dubbo.rpc.model.ModuleModelTest.testModelEnvironment -- Time elapsed: 0.001 s <<< ERROR!
java.lang.NoClassDefFoundError: Could not initialize class org.apache.dubbo.rpc.model.FrameworkModel
	at org.apache.dubbo.rpc.model.ModuleModelTest.testModelEnvironment(ModuleModelTest.java:60)
	at java.base/java.lang.reflect.Method.invoke(Method.java:569)
	at java.base/java.util.ArrayList.forEach(ArrayList.java:1511)
	at java.base/java.util.ArrayList.forEach(ArrayList.java:1511)
Caused by: java.lang.ExceptionInInitializerError: Exception java.lang.VerifyError: Expecting a stack map frame
Exception Details:
  Location:
    org/apache/dubbo/common/utils/SystemPropertyConfigUtils.<clinit>()V @196: ldc
  Reason:
    Expected stackmap frame at this location.
  Bytecode:
    0000000: 1208 b600 339a 0007 04a7 0004 03b3 0039
    0000010: bb00 3d59 b700 3fb3 0029 06bd 0034 5903
    0000020: 1240 5359 0412 4253 5905 1244 534b 2a4c
    0000030: 2bbe 3d03 3e1d 1ca2 0092 2b1d 323a 0419
    0000040: 04b6 0046 3a05 1905 3a06 1906 be36 0703
    0000050: 3608 1508 1507 a200 6819 0615 0832 3a09
    0000060: b200 399a 0011 b200 29c7 000b bb00 4a59
    0000070: b700 4cbf 1909 01b6 004d 3a0a 190a c100
    0000080: 1899 0011 b200 2919 0ac0 0018 b900 5302
    0000090: 0057 a700 263a 0abb 0013 5912 5805 bd00
    00000a0: 0259 0319 04b6 005a 5359 0419 09b6 005e
    00000b0: 53b8 0017 b700 1dbf 8408 01a7 ff97 8403
    00000c0: 01a7 ff74 12a5 b800 a8b1               
  Exception Handler Table:
    bci [96, 146] => handler: 149
  Stackmap Table:
    same_frame(@12)
    same_locals_1_stack_item_frame(@13,Integer)
    full_frame(@53,{Object[#126],Object[#126],Integer,Integer},{})
    full_frame(@82,{Object[#126],Object[#126],Integer,Integer,Object[#52],Object[#127],Object[#127],Integer,Integer},{})
    append_frame(@116,Object[#78])
    same_frame(@146)
    same_locals_1_stack_item_frame(@149,Object[#86])
    chop_frame(@184,1)
    full_frame(@190,{Object[#126],Object[#126],Integer,Integer},{})
    full_frame(@201,{},{})
 [in thread "main"]
	at org.apache.dubbo.common.logger.LoggerFactory.<clinit>(LoggerFactory.java:54)
	at org.apache.dubbo.rpc.model.ScopeModel.<clinit>(ScopeModel.java:43)
	at org.apache.dubbo.metadata.definition.MetadataTest.setup(MetadataTest.java:41)
	at java.base/java.lang.reflect.Method.invoke(Method.java:569)
	... 1 more

[ERROR] org.apache.dubbo.rpc.model.ModuleModelTest.testInitialize -- Time elapsed: 0.001 s <<< ERROR!
java.lang.NoClassDefFoundError: Could not initialize class org.apache.dubbo.rpc.model.FrameworkModel
	at org.apache.dubbo.rpc.model.ModuleModelTest.testInitialize(ModuleModelTest.java:35)
	at java.base/java.lang.reflect.Method.invoke(Method.java:569)
	at java.base/java.util.ArrayList.forEach(ArrayList.java:1511)
	at java.base/java.util.ArrayList.forEach(ArrayList.java:1511)
Caused by: java.lang.ExceptionInInitializerError: Exception java.lang.VerifyError: Expecting a stack map frame
Exception Details:
  Location:
    org/apache/dubbo/common/utils/SystemPropertyConfigUtils.<clinit>()V @196: ldc
  Reason:
    Expected stackmap frame at this location.
  Bytecode:
    0000000: 1208 b600 339a 0007 04a7 0004 03b3 0039
    0000010: bb00 3d59 b700 3fb3 0029 06bd 0034 5903
    0000020: 1240 5359 0412 4253 5905 1244 534b 2a4c
    0000030: 2bbe 3d03 3e1d 1ca2 0092 2b1d 323a 0419
    0000040: 04b6 0046 3a05 1905 3a06 1906 be36 0703
    0000050: 3608 1508 1507 a200 6819 0615 0832 3a09
    0000060: b200 399a 0011 b200 29c7 000b bb00 4a59
    0000070: b700 4cbf 1909 01b6 004d 3a0a 190a c100
    0000080: 1899 0011 b200 2919 0ac0 0018 b900 5302
    0000090: 0057 a700 263a 0abb 0013 5912 5805 bd00
    00000a0: 0259 0319 04b6 005a 5359 0419 09b6 005e
    00000b0: 53b8 0017 b700 1dbf 8408 01a7 ff97 8403
    00000c0: 01a7 ff74 12a5 b800 a8b1               
  Exception Handler Table:
    bci [96, 146] => handler: 149
  Stackmap Table:
    same_frame(@12)
    same_locals_1_stack_item_frame(@13,Integer)
    full_frame(@53,{Object[#126],Object[#126],Integer,Integer},{})
    full_frame(@82,{Object[#126],Object[#126],Integer,Integer,Object[#52],Object[#127],Object[#127],Integer,Integer},{})
    append_frame(@116,Object[#78])
    same_frame(@146)
    same_locals_1_stack_item_frame(@149,Object[#86])
    chop_frame(@184,1)
    full_frame(@190,{Object[#126],Object[#126],Integer,Integer},{})
    full_frame(@201,{},{})
 [in thread "main"]
	at org.apache.dubbo.common.logger.LoggerFactory.<clinit>(LoggerFactory.java:54)
	at org.apache.dubbo.rpc.model.ScopeModel.<clinit>(ScopeModel.java:43)
	at org.apache.dubbo.metadata.definition.MetadataTest.setup(MetadataTest.java:41)
	at java.base/java.lang.reflect.Method.invoke(Method.java:569)
	... 1 more

[ERROR] org.apache.dubbo.rpc.model.ModuleModelTest.testDestroy -- Time elapsed: 0.001 s <<< ERROR!
java.lang.NoClassDefFoundError: Could not initialize class org.apache.dubbo.rpc.model.FrameworkModel
	at org.apache.dubbo.rpc.model.ModuleModelTest.testDestroy(ModuleModelTest.java:72)
	at java.base/java.lang.reflect.Method.invoke(Method.java:569)
	at java.base/java.util.ArrayList.forEach(ArrayList.java:1511)
	at java.base/java.util.ArrayList.forEach(ArrayList.java:1511)
Caused by: java.lang.ExceptionInInitializerError: Exception java.lang.VerifyError: Expecting a stack map frame
Exception Details:
  Location:
    org/apache/dubbo/common/utils/SystemPropertyConfigUtils.<clinit>()V @196: ldc
  Reason:
    Expected stackmap frame at this location.
  Bytecode:
    0000000: 1208 b600 339a 0007 04a7 0004 03b3 0039
    0000010: bb00 3d59 b700 3fb3 0029 06bd 0034 5903
    0000020: 1240 5359 0412 4253 5905 1244 534b 2a4c
    0000030: 2bbe 3d03 3e1d 1ca2 0092 2b1d 323a 0419
    0000040: 04b6 0046 3a05 1905 3a06 1906 be36 0703
    0000050: 3608 1508 1507 a200 6819 0615 0832 3a09
    0000060: b200 399a 0011 b200 29c7 000b bb00 4a59
    0000070: b700 4cbf 1909 01b6 004d 3a0a 190a c100
    0000080: 1899 0011 b200 2919 0ac0 0018 b900 5302
    0000090: 0057 a700 263a 0abb 0013 5912 5805 bd00
    00000a0: 0259 0319 04b6 005a 5359 0419 09b6 005e
    00000b0: 53b8 0017 b700 1dbf 8408 01a7 ff97 8403
    00000c0: 01a7 ff74 12a5 b800 a8b1               
  Exception Handler Table:
    bci [96, 146] => handler: 149
  Stackmap Table:
    same_frame(@12)
    same_locals_1_stack_item_frame(@13,Integer)
    full_frame(@53,{Object[#126],Object[#126],Integer,Integer},{})
    full_frame(@82,{Object[#126],Object[#126],Integer,Integer,Object[#52],Object[#127],Object[#127],Integer,Integer},{})
    append_frame(@116,Object[#78])
    same_frame(@146)
    same_locals_1_stack_item_frame(@149,Object[#86])
    chop_frame(@184,1)
    full_frame(@190,{Object[#126],Object[#126],Integer,Integer},{})
    full_frame(@201,{},{})
 [in thread "main"]
	at org.apache.dubbo.common.logger.LoggerFactory.<clinit>(LoggerFactory.java:54)
	at org.apache.dubbo.rpc.model.ScopeModel.<clinit>(ScopeModel.java:43)
	at org.apache.dubbo.metadata.definition.MetadataTest.setup(MetadataTest.java:41)
	at java.base/java.lang.reflect.Method.invoke(Method.java:569)
	... 1 more

[INFO] Running org.apache.dubbo.rpc.model.ModuleServiceRepositoryTest
[ERROR] Tests run: 1, Failures: 0, Errors: 1, Skipped: 0, Time elapsed: 0.011 s <<< FAILURE! -- in org.apache.dubbo.rpc.model.ModuleServiceRepositoryTest
[ERROR] org.apache.dubbo.rpc.model.ModuleServiceRepositoryTest.test -- Time elapsed: 0.008 s <<< ERROR!
java.lang.NoClassDefFoundError: Could not initialize class org.apache.dubbo.rpc.model.FrameworkModel
	at org.apache.dubbo.rpc.model.ModuleServiceRepositoryTest.setUp(ModuleServiceRepositoryTest.java:41)
	at java.base/java.lang.reflect.Method.invoke(Method.java:569)
	at java.base/java.util.ArrayList.forEach(ArrayList.java:1511)
	at java.base/java.util.ArrayList.forEach(ArrayList.java:1511)
	Suppressed: java.lang.NullPointerException: Cannot invoke "org.apache.dubbo.rpc.model.FrameworkModel.destroy()" because "this.frameworkModel" is null
		at org.apache.dubbo.rpc.model.ModuleServiceRepositoryTest.reset(ModuleServiceRepositoryTest.java:48)
		... 3 more
Caused by: java.lang.ExceptionInInitializerError: Exception java.lang.VerifyError: Expecting a stack map frame
Exception Details:
  Location:
    org/apache/dubbo/common/utils/SystemPropertyConfigUtils.<clinit>()V @196: ldc
  Reason:
    Expected stackmap frame at this location.
  Bytecode:
    0000000: 1208 b600 339a 0007 04a7 0004 03b3 0039
    0000010: bb00 3d59 b700 3fb3 0029 06bd 0034 5903
    0000020: 1240 5359 0412 4253 5905 1244 534b 2a4c
    0000030: 2bbe 3d03 3e1d 1ca2 0092 2b1d 323a 0419
    0000040: 04b6 0046 3a05 1905 3a06 1906 be36 0703
    0000050: 3608 1508 1507 a200 6819 0615 0832 3a09
    0000060: b200 399a 0011 b200 29c7 000b bb00 4a59
    0000070: b700 4cbf 1909 01b6 004d 3a0a 190a c100
    0000080: 1899 0011 b200 2919 0ac0 0018 b900 5302
    0000090: 0057 a700 263a 0abb 0013 5912 5805 bd00
    00000a0: 0259 0319 04b6 005a 5359 0419 09b6 005e
    00000b0: 53b8 0017 b700 1dbf 8408 01a7 ff97 8403
    00000c0: 01a7 ff74 12a5 b800 a8b1               
  Exception Handler Table:
    bci [96, 146] => handler: 149
  Stackmap Table:
    same_frame(@12)
    same_locals_1_stack_item_frame(@13,Integer)
    full_frame(@53,{Object[#126],Object[#126],Integer,Integer},{})
    full_frame(@82,{Object[#126],Object[#126],Integer,Integer,Object[#52],Object[#127],Object[#127],Integer,Integer},{})
    append_frame(@116,Object[#78])
    same_frame(@146)
    same_locals_1_stack_item_frame(@149,Object[#86])
    chop_frame(@184,1)
    full_frame(@190,{Object[#126],Object[#126],Integer,Integer},{})
    full_frame(@201,{},{})
 [in thread "main"]
	at org.apache.dubbo.common.logger.LoggerFactory.<clinit>(LoggerFactory.java:54)
	at org.apache.dubbo.rpc.model.ScopeModel.<clinit>(ScopeModel.java:43)
	at org.apache.dubbo.metadata.definition.MetadataTest.setup(MetadataTest.java:41)
	at java.base/java.lang.reflect.Method.invoke(Method.java:569)
	... 1 more

[INFO] Running org.apache.dubbo.rpc.model.ReflectionMethodDescriptorTest
[ERROR] Tests run: 12, Failures: 0, Errors: 12, Skipped: 0, Time elapsed: 0.011 s <<< FAILURE! -- in org.apache.dubbo.rpc.model.ReflectionMethodDescriptorTest
[ERROR] org.apache.dubbo.rpc.model.ReflectionMethodDescriptorTest.getReturnTypes -- Time elapsed: 0.001 s <<< ERROR!
java.lang.NoClassDefFoundError: Could not initialize class org.apache.dubbo.rpc.model.ReflectionMethodDescriptor
	at org.apache.dubbo.rpc.model.ReflectionMethodDescriptorTest.<init>(ReflectionMethodDescriptorTest.java:34)
	at java.base/java.lang.reflect.Constructor.newInstanceWithCaller(Constructor.java:500)
	at java.base/java.lang.reflect.Constructor.newInstance(Constructor.java:481)
	at java.base/java.util.Optional.orElseGet(Optional.java:364)
	at java.base/java.util.ArrayList.forEach(ArrayList.java:1511)
	at java.base/java.util.ArrayList.forEach(ArrayList.java:1511)
Caused by: java.lang.ExceptionInInitializerError: Exception java.lang.NoClassDefFoundError: Could not initialize class org.apache.dubbo.common.logger.LoggerFactory [in thread "main"]
	at org.apache.dubbo.rpc.model.ReflectionMethodDescriptor.<clinit>(ReflectionMethodDescriptor.java:41)
	at org.apache.dubbo.rpc.model.ReflectionServiceDescriptor.initMethods(ReflectionServiceDescriptor.java:72)
	at org.apache.dubbo.rpc.model.ReflectionServiceDescriptor.<init>(ReflectionServiceDescriptor.java:58)
	at org.apache.dubbo.rpc.model.ReflectionServiceDescriptorTest.<init>(ReflectionServiceDescriptorTest.java:32)
	... 5 more

[ERROR] org.apache.dubbo.rpc.model.ReflectionMethodDescriptorTest.getRpcType -- Time elapsed: 0 s <<< ERROR!
java.lang.NoClassDefFoundError: Could not initialize class org.apache.dubbo.rpc.model.ReflectionMethodDescriptor
	at org.apache.dubbo.rpc.model.ReflectionMethodDescriptorTest.<init>(ReflectionMethodDescriptorTest.java:34)
	at java.base/java.lang.reflect.Constructor.newInstanceWithCaller(Constructor.java:500)
	at java.base/java.lang.reflect.Constructor.newInstance(Constructor.java:481)
	at java.base/java.util.Optional.orElseGet(Optional.java:364)
	at java.base/java.util.ArrayList.forEach(ArrayList.java:1511)
	at java.base/java.util.ArrayList.forEach(ArrayList.java:1511)
Caused by: java.lang.ExceptionInInitializerError: Exception java.lang.NoClassDefFoundError: Could not initialize class org.apache.dubbo.common.logger.LoggerFactory [in thread "main"]
	at org.apache.dubbo.rpc.model.ReflectionMethodDescriptor.<clinit>(ReflectionMethodDescriptor.java:41)
	at org.apache.dubbo.rpc.model.ReflectionServiceDescriptor.initMethods(ReflectionServiceDescriptor.java:72)
	at org.apache.dubbo.rpc.model.ReflectionServiceDescriptor.<init>(ReflectionServiceDescriptor.java:58)
	at org.apache.dubbo.rpc.model.ReflectionServiceDescriptorTest.<init>(ReflectionServiceDescriptorTest.java:32)
	... 5 more

[ERROR] org.apache.dubbo.rpc.model.ReflectionMethodDescriptorTest.getMethodName -- Time elapsed: 0.001 s <<< ERROR!
java.lang.NoClassDefFoundError: Could not initialize class org.apache.dubbo.rpc.model.ReflectionMethodDescriptor
	at org.apache.dubbo.rpc.model.ReflectionMethodDescriptorTest.<init>(ReflectionMethodDescriptorTest.java:34)
	at java.base/java.lang.reflect.Constructor.newInstanceWithCaller(Constructor.java:500)
	at java.base/java.lang.reflect.Constructor.newInstance(Constructor.java:481)
	at java.base/java.util.Optional.orElseGet(Optional.java:364)
	at java.base/java.util.ArrayList.forEach(ArrayList.java:1511)
	at java.base/java.util.ArrayList.forEach(ArrayList.java:1511)
Caused by: java.lang.ExceptionInInitializerError: Exception java.lang.NoClassDefFoundError: Could not initialize class org.apache.dubbo.common.logger.LoggerFactory [in thread "main"]
	at org.apache.dubbo.rpc.model.ReflectionMethodDescriptor.<clinit>(ReflectionMethodDescriptor.java:41)
	at org.apache.dubbo.rpc.model.ReflectionServiceDescriptor.initMethods(ReflectionServiceDescriptor.java:72)
	at org.apache.dubbo.rpc.model.ReflectionServiceDescriptor.<init>(ReflectionServiceDescriptor.java:58)
	at org.apache.dubbo.rpc.model.ReflectionServiceDescriptorTest.<init>(ReflectionServiceDescriptorTest.java:32)
	... 5 more

[ERROR] org.apache.dubbo.rpc.model.ReflectionMethodDescriptorTest.isGeneric -- Time elapsed: 0 s <<< ERROR!
java.lang.NoClassDefFoundError: Could not initialize class org.apache.dubbo.rpc.model.ReflectionMethodDescriptor
	at org.apache.dubbo.rpc.model.ReflectionMethodDescriptorTest.<init>(ReflectionMethodDescriptorTest.java:34)
	at java.base/java.lang.reflect.Constructor.newInstanceWithCaller(Constructor.java:500)
	at java.base/java.lang.reflect.Constructor.newInstance(Constructor.java:481)
	at java.base/java.util.Optional.orElseGet(Optional.java:364)
	at java.base/java.util.ArrayList.forEach(ArrayList.java:1511)
	at java.base/java.util.ArrayList.forEach(ArrayList.java:1511)
Caused by: java.lang.ExceptionInInitializerError: Exception java.lang.NoClassDefFoundError: Could not initialize class org.apache.dubbo.common.logger.LoggerFactory [in thread "main"]
	at org.apache.dubbo.rpc.model.ReflectionMethodDescriptor.<clinit>(ReflectionMethodDescriptor.java:41)
	at org.apache.dubbo.rpc.model.ReflectionServiceDescriptor.initMethods(ReflectionServiceDescriptor.java:72)
	at org.apache.dubbo.rpc.model.ReflectionServiceDescriptor.<init>(ReflectionServiceDescriptor.java:58)
	at org.apache.dubbo.rpc.model.ReflectionServiceDescriptorTest.<init>(ReflectionServiceDescriptorTest.java:32)
	... 5 more

[ERROR] org.apache.dubbo.rpc.model.ReflectionMethodDescriptorTest.addAttribute -- Time elapsed: 0 s <<< ERROR!
java.lang.NoClassDefFoundError: Could not initialize class org.apache.dubbo.rpc.model.ReflectionMethodDescriptor
	at org.apache.dubbo.rpc.model.ReflectionMethodDescriptorTest.<init>(ReflectionMethodDescriptorTest.java:34)
	at java.base/java.lang.reflect.Constructor.newInstanceWithCaller(Constructor.java:500)
	at java.base/java.lang.reflect.Constructor.newInstance(Constructor.java:481)
	at java.base/java.util.Optional.orElseGet(Optional.java:364)
	at java.base/java.util.ArrayList.forEach(ArrayList.java:1511)
	at java.base/java.util.ArrayList.forEach(ArrayList.java:1511)
Caused by: java.lang.ExceptionInInitializerError: Exception java.lang.NoClassDefFoundError: Could not initialize class org.apache.dubbo.common.logger.LoggerFactory [in thread "main"]
	at org.apache.dubbo.rpc.model.ReflectionMethodDescriptor.<clinit>(ReflectionMethodDescriptor.java:41)
	at org.apache.dubbo.rpc.model.ReflectionServiceDescriptor.initMethods(ReflectionServiceDescriptor.java:72)
	at org.apache.dubbo.rpc.model.ReflectionServiceDescriptor.<init>(ReflectionServiceDescriptor.java:58)
	at org.apache.dubbo.rpc.model.ReflectionServiceDescriptorTest.<init>(ReflectionServiceDescriptorTest.java:32)
	... 5 more

[ERROR] org.apache.dubbo.rpc.model.ReflectionMethodDescriptorTest.getMethod -- Time elapsed: 0 s <<< ERROR!
java.lang.NoClassDefFoundError: Could not initialize class org.apache.dubbo.rpc.model.ReflectionMethodDescriptor
	at org.apache.dubbo.rpc.model.ReflectionMethodDescriptorTest.<init>(ReflectionMethodDescriptorTest.java:34)
	at java.base/java.lang.reflect.Constructor.newInstanceWithCaller(Constructor.java:500)
	at java.base/java.lang.reflect.Constructor.newInstance(Constructor.java:481)
	at java.base/java.util.Optional.orElseGet(Optional.java:364)
	at java.base/java.util.ArrayList.forEach(ArrayList.java:1511)
	at java.base/java.util.ArrayList.forEach(ArrayList.java:1511)
Caused by: java.lang.ExceptionInInitializerError: Exception java.lang.NoClassDefFoundError: Could not initialize class org.apache.dubbo.common.logger.LoggerFactory [in thread "main"]
	at org.apache.dubbo.rpc.model.ReflectionMethodDescriptor.<clinit>(ReflectionMethodDescriptor.java:41)
	at org.apache.dubbo.rpc.model.ReflectionServiceDescriptor.initMethods(ReflectionServiceDescriptor.java:72)
	at org.apache.dubbo.rpc.model.ReflectionServiceDescriptor.<init>(ReflectionServiceDescriptor.java:58)
	at org.apache.dubbo.rpc.model.ReflectionServiceDescriptorTest.<init>(ReflectionServiceDescriptorTest.java:32)
	... 5 more

[ERROR] org.apache.dubbo.rpc.model.ReflectionMethodDescriptorTest.testHashCode -- Time elapsed: 0.001 s <<< ERROR!
java.lang.NoClassDefFoundError: Could not initialize class org.apache.dubbo.rpc.model.ReflectionMethodDescriptor
	at org.apache.dubbo.rpc.model.ReflectionMethodDescriptorTest.<init>(ReflectionMethodDescriptorTest.java:34)
	at java.base/java.lang.reflect.Constructor.newInstanceWithCaller(Constructor.java:500)
	at java.base/java.lang.reflect.Constructor.newInstance(Constructor.java:481)
	at java.base/java.util.Optional.orElseGet(Optional.java:364)
	at java.base/java.util.ArrayList.forEach(ArrayList.java:1511)
	at java.base/java.util.ArrayList.forEach(ArrayList.java:1511)
Caused by: java.lang.ExceptionInInitializerError: Exception java.lang.NoClassDefFoundError: Could not initialize class org.apache.dubbo.common.logger.LoggerFactory [in thread "main"]
	at org.apache.dubbo.rpc.model.ReflectionMethodDescriptor.<clinit>(ReflectionMethodDescriptor.java:41)
	at org.apache.dubbo.rpc.model.ReflectionServiceDescriptor.initMethods(ReflectionServiceDescriptor.java:72)
	at org.apache.dubbo.rpc.model.ReflectionServiceDescriptor.<init>(ReflectionServiceDescriptor.java:58)
	at org.apache.dubbo.rpc.model.ReflectionServiceDescriptorTest.<init>(ReflectionServiceDescriptorTest.java:32)
	... 5 more

[ERROR] org.apache.dubbo.rpc.model.ReflectionMethodDescriptorTest.testEquals -- Time elapsed: 0 s <<< ERROR!
java.lang.NoClassDefFoundError: Could not initialize class org.apache.dubbo.rpc.model.ReflectionMethodDescriptor
	at org.apache.dubbo.rpc.model.ReflectionMethodDescriptorTest.<init>(ReflectionMethodDescriptorTest.java:34)
	at java.base/java.lang.reflect.Constructor.newInstanceWithCaller(Constructor.java:500)
	at java.base/java.lang.reflect.Constructor.newInstance(Constructor.java:481)
	at java.base/java.util.Optional.orElseGet(Optional.java:364)
	at java.base/java.util.ArrayList.forEach(ArrayList.java:1511)
	at java.base/java.util.ArrayList.forEach(ArrayList.java:1511)
Caused by: java.lang.ExceptionInInitializerError: Exception java.lang.NoClassDefFoundError: Could not initialize class org.apache.dubbo.common.logger.LoggerFactory [in thread "main"]
	at org.apache.dubbo.rpc.model.ReflectionMethodDescriptor.<clinit>(ReflectionMethodDescriptor.java:41)
	at org.apache.dubbo.rpc.model.ReflectionServiceDescriptor.initMethods(ReflectionServiceDescriptor.java:72)
	at org.apache.dubbo.rpc.model.ReflectionServiceDescriptor.<init>(ReflectionServiceDescriptor.java:58)
	at org.apache.dubbo.rpc.model.ReflectionServiceDescriptorTest.<init>(ReflectionServiceDescriptorTest.java:32)
	... 5 more

[ERROR] org.apache.dubbo.rpc.model.ReflectionMethodDescriptorTest.getParameterClasses -- Time elapsed: 0 s <<< ERROR!
java.lang.NoClassDefFoundError: Could not initialize class org.apache.dubbo.rpc.model.ReflectionMethodDescriptor
	at org.apache.dubbo.rpc.model.ReflectionMethodDescriptorTest.<init>(ReflectionMethodDescriptorTest.java:34)
	at java.base/java.lang.reflect.Constructor.newInstanceWithCaller(Constructor.java:500)
	at java.base/java.lang.reflect.Constructor.newInstance(Constructor.java:481)
	at java.base/java.util.Optional.orElseGet(Optional.java:364)
	at java.base/java.util.ArrayList.forEach(ArrayList.java:1511)
	at java.base/java.util.ArrayList.forEach(ArrayList.java:1511)
Caused by: java.lang.ExceptionInInitializerError: Exception java.lang.NoClassDefFoundError: Could not initialize class org.apache.dubbo.common.logger.LoggerFactory [in thread "main"]
	at org.apache.dubbo.rpc.model.ReflectionMethodDescriptor.<clinit>(ReflectionMethodDescriptor.java:41)
	at org.apache.dubbo.rpc.model.ReflectionServiceDescriptor.initMethods(ReflectionServiceDescriptor.java:72)
	at org.apache.dubbo.rpc.model.ReflectionServiceDescriptor.<init>(ReflectionServiceDescriptor.java:58)
	at org.apache.dubbo.rpc.model.ReflectionServiceDescriptorTest.<init>(ReflectionServiceDescriptorTest.java:32)
	... 5 more

[ERROR] org.apache.dubbo.rpc.model.ReflectionMethodDescriptorTest.getCompatibleParamSignatures -- Time elapsed: 0.001 s <<< ERROR!
java.lang.NoClassDefFoundError: Could not initialize class org.apache.dubbo.rpc.model.ReflectionMethodDescriptor
	at org.apache.dubbo.rpc.model.ReflectionMethodDescriptorTest.<init>(ReflectionMethodDescriptorTest.java:34)
	at java.base/java.lang.reflect.Constructor.newInstanceWithCaller(Constructor.java:500)
	at java.base/java.lang.reflect.Constructor.newInstance(Constructor.java:481)
	at java.base/java.util.Optional.orElseGet(Optional.java:364)
	at java.base/java.util.ArrayList.forEach(ArrayList.java:1511)
	at java.base/java.util.ArrayList.forEach(ArrayList.java:1511)
Caused by: java.lang.ExceptionInInitializerError: Exception java.lang.NoClassDefFoundError: Could not initialize class org.apache.dubbo.common.logger.LoggerFactory [in thread "main"]
	at org.apache.dubbo.rpc.model.ReflectionMethodDescriptor.<clinit>(ReflectionMethodDescriptor.java:41)
	at org.apache.dubbo.rpc.model.ReflectionServiceDescriptor.initMethods(ReflectionServiceDescriptor.java:72)
	at org.apache.dubbo.rpc.model.ReflectionServiceDescriptor.<init>(ReflectionServiceDescriptor.java:58)
	at org.apache.dubbo.rpc.model.ReflectionServiceDescriptorTest.<init>(ReflectionServiceDescriptorTest.java:32)
	... 5 more

[ERROR] org.apache.dubbo.rpc.model.ReflectionMethodDescriptorTest.getParamDesc -- Time elapsed: 0 s <<< ERROR!
java.lang.NoClassDefFoundError: Could not initialize class org.apache.dubbo.rpc.model.ReflectionMethodDescriptor
	at org.apache.dubbo.rpc.model.ReflectionMethodDescriptorTest.<init>(ReflectionMethodDescriptorTest.java:34)
	at java.base/java.lang.reflect.Constructor.newInstanceWithCaller(Constructor.java:500)
	at java.base/java.lang.reflect.Constructor.newInstance(Constructor.java:481)
	at java.base/java.util.Optional.orElseGet(Optional.java:364)
	at java.base/java.util.ArrayList.forEach(ArrayList.java:1511)
	at java.base/java.util.ArrayList.forEach(ArrayList.java:1511)
Caused by: java.lang.ExceptionInInitializerError: Exception java.lang.NoClassDefFoundError: Could not initialize class org.apache.dubbo.common.logger.LoggerFactory [in thread "main"]
	at org.apache.dubbo.rpc.model.ReflectionMethodDescriptor.<clinit>(ReflectionMethodDescriptor.java:41)
	at org.apache.dubbo.rpc.model.ReflectionServiceDescriptor.initMethods(ReflectionServiceDescriptor.java:72)
	at org.apache.dubbo.rpc.model.ReflectionServiceDescriptor.<init>(ReflectionServiceDescriptor.java:58)
	at org.apache.dubbo.rpc.model.ReflectionServiceDescriptorTest.<init>(ReflectionServiceDescriptorTest.java:32)
	... 5 more

[ERROR] org.apache.dubbo.rpc.model.ReflectionMethodDescriptorTest.getReturnClass -- Time elapsed: 0 s <<< ERROR!
java.lang.NoClassDefFoundError: Could not initialize class org.apache.dubbo.rpc.model.ReflectionMethodDescriptor
	at org.apache.dubbo.rpc.model.ReflectionMethodDescriptorTest.<init>(ReflectionMethodDescriptorTest.java:34)
	at java.base/java.lang.reflect.Constructor.newInstanceWithCaller(Constructor.java:500)
	at java.base/java.lang.reflect.Constructor.newInstance(Constructor.java:481)
	at java.base/java.util.Optional.orElseGet(Optional.java:364)
	at java.base/java.util.ArrayList.forEach(ArrayList.java:1511)
	at java.base/java.util.ArrayList.forEach(ArrayList.java:1511)
Caused by: java.lang.ExceptionInInitializerError: Exception java.lang.NoClassDefFoundError: Could not initialize class org.apache.dubbo.common.logger.LoggerFactory [in thread "main"]
	at org.apache.dubbo.rpc.model.ReflectionMethodDescriptor.<clinit>(ReflectionMethodDescriptor.java:41)
	at org.apache.dubbo.rpc.model.ReflectionServiceDescriptor.initMethods(ReflectionServiceDescriptor.java:72)
	at org.apache.dubbo.rpc.model.ReflectionServiceDescriptor.<init>(ReflectionServiceDescriptor.java:58)
	at org.apache.dubbo.rpc.model.ReflectionServiceDescriptorTest.<init>(ReflectionServiceDescriptorTest.java:32)
	... 5 more

[INFO] Running org.apache.dubbo.rpc.model.ApplicationModelTest
[ERROR] Tests run: 6, Failures: 0, Errors: 5, Skipped: 0, Time elapsed: 0.323 s <<< FAILURE! -- in org.apache.dubbo.rpc.model.ApplicationModelTest
[ERROR] org.apache.dubbo.rpc.model.ApplicationModelTest.testInitialize -- Time elapsed: 0.001 s <<< ERROR!
java.lang.NoClassDefFoundError: Could not initialize class org.apache.dubbo.rpc.model.FrameworkModel
	at org.apache.dubbo.rpc.model.ApplicationModelTest.testInitialize(ApplicationModelTest.java:42)
	at java.base/java.lang.reflect.Method.invoke(Method.java:569)
	at java.base/java.util.ArrayList.forEach(ArrayList.java:1511)
	at java.base/java.util.ArrayList.forEach(ArrayList.java:1511)
Caused by: java.lang.ExceptionInInitializerError: Exception java.lang.VerifyError: Expecting a stack map frame
Exception Details:
  Location:
    org/apache/dubbo/common/utils/SystemPropertyConfigUtils.<clinit>()V @196: ldc
  Reason:
    Expected stackmap frame at this location.
  Bytecode:
    0000000: 1208 b600 339a 0007 04a7 0004 03b3 0039
    0000010: bb00 3d59 b700 3fb3 0029 06bd 0034 5903
    0000020: 1240 5359 0412 4253 5905 1244 534b 2a4c
    0000030: 2bbe 3d03 3e1d 1ca2 0092 2b1d 323a 0419
    0000040: 04b6 0046 3a05 1905 3a06 1906 be36 0703
    0000050: 3608 1508 1507 a200 6819 0615 0832 3a09
    0000060: b200 399a 0011 b200 29c7 000b bb00 4a59
    0000070: b700 4cbf 1909 01b6 004d 3a0a 190a c100
    0000080: 1899 0011 b200 2919 0ac0 0018 b900 5302
    0000090: 0057 a700 263a 0abb 0013 5912 5805 bd00
    00000a0: 0259 0319 04b6 005a 5359 0419 09b6 005e
    00000b0: 53b8 0017 b700 1dbf 8408 01a7 ff97 8403
    00000c0: 01a7 ff74 12a5 b800 a8b1               
  Exception Handler Table:
    bci [96, 146] => handler: 149
  Stackmap Table:
    same_frame(@12)
    same_locals_1_stack_item_frame(@13,Integer)
    full_frame(@53,{Object[#126],Object[#126],Integer,Integer},{})
    full_frame(@82,{Object[#126],Object[#126],Integer,Integer,Object[#52],Object[#127],Object[#127],Integer,Integer},{})
    append_frame(@116,Object[#78])
    same_frame(@146)
    same_locals_1_stack_item_frame(@149,Object[#86])
    chop_frame(@184,1)
    full_frame(@190,{Object[#126],Object[#126],Integer,Integer},{})
    full_frame(@201,{},{})
 [in thread "main"]
	at org.apache.dubbo.common.logger.LoggerFactory.<clinit>(LoggerFactory.java:54)
	at org.apache.dubbo.rpc.model.ScopeModel.<clinit>(ScopeModel.java:43)
	at org.apache.dubbo.metadata.definition.MetadataTest.setup(MetadataTest.java:41)
	at java.base/java.lang.reflect.Method.invoke(Method.java:569)
	... 1 more

[ERROR] org.apache.dubbo.rpc.model.ApplicationModelTest.testDefaultApplication -- Time elapsed: 0.001 s <<< ERROR!
java.lang.NoClassDefFoundError: Could not initialize class org.apache.dubbo.rpc.model.ApplicationModel
	at org.apache.dubbo.rpc.model.ApplicationModelTest.testDefaultApplication(ApplicationModelTest.java:69)
	at java.base/java.lang.reflect.Method.invoke(Method.java:569)
	at java.base/java.util.ArrayList.forEach(ArrayList.java:1511)
	at java.base/java.util.ArrayList.forEach(ArrayList.java:1511)
Caused by: java.lang.ExceptionInInitializerError: Exception java.lang.NoClassDefFoundError: Could not initialize class org.apache.dubbo.rpc.model.ScopeModel [in thread "main"]
	at org.apache.dubbo.config.context.ConfigManagerTest.init(ConfigManagerTest.java:65)
	... 3 more

[ERROR] org.apache.dubbo.rpc.model.ApplicationModelTest.testDestroy -- Time elapsed: 0 s <<< ERROR!
java.lang.NoClassDefFoundError: Could not initialize class org.apache.dubbo.rpc.model.FrameworkModel
	at org.apache.dubbo.rpc.model.ApplicationModelTest.testDestroy(ApplicationModelTest.java:117)
	at java.base/java.lang.reflect.Method.invoke(Method.java:569)
	at java.base/java.util.ArrayList.forEach(ArrayList.java:1511)
	at java.base/java.util.ArrayList.forEach(ArrayList.java:1511)
Caused by: java.lang.ExceptionInInitializerError: Exception java.lang.VerifyError: Expecting a stack map frame
Exception Details:
  Location:
    org/apache/dubbo/common/utils/SystemPropertyConfigUtils.<clinit>()V @196: ldc
  Reason:
    Expected stackmap frame at this location.
  Bytecode:
    0000000: 1208 b600 339a 0007 04a7 0004 03b3 0039
    0000010: bb00 3d59 b700 3fb3 0029 06bd 0034 5903
    0000020: 1240 5359 0412 4253 5905 1244 534b 2a4c
    0000030: 2bbe 3d03 3e1d 1ca2 0092 2b1d 323a 0419
    0000040: 04b6 0046 3a05 1905 3a06 1906 be36 0703
    0000050: 3608 1508 1507 a200 6819 0615 0832 3a09
    0000060: b200 399a 0011 b200 29c7 000b bb00 4a59
    0000070: b700 4cbf 1909 01b6 004d 3a0a 190a c100
    0000080: 1899 0011 b200 2919 0ac0 0018 b900 5302
    0000090: 0057 a700 263a 0abb 0013 5912 5805 bd00
    00000a0: 0259 0319 04b6 005a 5359 0419 09b6 005e
    00000b0: 53b8 0017 b700 1dbf 8408 01a7 ff97 8403
    00000c0: 01a7 ff74 12a5 b800 a8b1               
  Exception Handler Table:
    bci [96, 146] => handler: 149
  Stackmap Table:
    same_frame(@12)
    same_locals_1_stack_item_frame(@13,Integer)
    full_frame(@53,{Object[#126],Object[#126],Integer,Integer},{})
    full_frame(@82,{Object[#126],Object[#126],Integer,Integer,Object[#52],Object[#127],Object[#127],Integer,Integer},{})
    append_frame(@116,Object[#78])
    same_frame(@146)
    same_locals_1_stack_item_frame(@149,Object[#86])
    chop_frame(@184,1)
    full_frame(@190,{Object[#126],Object[#126],Integer,Integer},{})
    full_frame(@201,{},{})
 [in thread "main"]
	at org.apache.dubbo.common.logger.LoggerFactory.<clinit>(LoggerFactory.java:54)
	at org.apache.dubbo.rpc.model.ScopeModel.<clinit>(ScopeModel.java:43)
	at org.apache.dubbo.metadata.definition.MetadataTest.setup(MetadataTest.java:41)
	at java.base/java.lang.reflect.Method.invoke(Method.java:569)
	... 1 more

[ERROR] org.apache.dubbo.rpc.model.ApplicationModelTest.testModule -- Time elapsed: 0.001 s <<< ERROR!
java.lang.NoClassDefFoundError: Could not initialize class org.apache.dubbo.rpc.model.FrameworkModel
	at org.apache.dubbo.rpc.model.ApplicationModelTest.testModule(ApplicationModelTest.java:84)
	at java.base/java.lang.reflect.Method.invoke(Method.java:569)
	at java.base/java.util.ArrayList.forEach(ArrayList.java:1511)
	at java.base/java.util.ArrayList.forEach(ArrayList.java:1511)
Caused by: java.lang.ExceptionInInitializerError: Exception java.lang.VerifyError: Expecting a stack map frame
Exception Details:
  Location:
    org/apache/dubbo/common/utils/SystemPropertyConfigUtils.<clinit>()V @196: ldc
  Reason:
    Expected stackmap frame at this location.
  Bytecode:
    0000000: 1208 b600 339a 0007 04a7 0004 03b3 0039
    0000010: bb00 3d59 b700 3fb3 0029 06bd 0034 5903
    0000020: 1240 5359 0412 4253 5905 1244 534b 2a4c
    0000030: 2bbe 3d03 3e1d 1ca2 0092 2b1d 323a 0419
    0000040: 04b6 0046 3a05 1905 3a06 1906 be36 0703
    0000050: 3608 1508 1507 a200 6819 0615 0832 3a09
    0000060: b200 399a 0011 b200 29c7 000b bb00 4a59
    0000070: b700 4cbf 1909 01b6 004d 3a0a 190a c100
    0000080: 1899 0011 b200 2919 0ac0 0018 b900 5302
    0000090: 0057 a700 263a 0abb 0013 5912 5805 bd00
    00000a0: 0259 0319 04b6 005a 5359 0419 09b6 005e
    00000b0: 53b8 0017 b700 1dbf 8408 01a7 ff97 8403
    00000c0: 01a7 ff74 12a5 b800 a8b1               
  Exception Handler Table:
    bci [96, 146] => handler: 149
  Stackmap Table:
    same_frame(@12)
    same_locals_1_stack_item_frame(@13,Integer)
    full_frame(@53,{Object[#126],Object[#126],Integer,Integer},{})
    full_frame(@82,{Object[#126],Object[#126],Integer,Integer,Object[#52],Object[#127],Object[#127],Integer,Integer},{})
    append_frame(@116,Object[#78])
    same_frame(@146)
    same_locals_1_stack_item_frame(@149,Object[#86])
    chop_frame(@184,1)
    full_frame(@190,{Object[#126],Object[#126],Integer,Integer},{})
    full_frame(@201,{},{})
 [in thread "main"]
	at org.apache.dubbo.common.logger.LoggerFactory.<clinit>(LoggerFactory.java:54)
	at org.apache.dubbo.rpc.model.ScopeModel.<clinit>(ScopeModel.java:43)
	at org.apache.dubbo.metadata.definition.MetadataTest.setup(MetadataTest.java:41)
	at java.base/java.lang.reflect.Method.invoke(Method.java:569)
	... 1 more

[ERROR] org.apache.dubbo.rpc.model.ApplicationModelTest.testOfNullable -- Time elapsed: 0.001 s <<< ERROR!
java.lang.NoClassDefFoundError: Could not initialize class org.apache.dubbo.rpc.model.ApplicationModel
	at org.apache.dubbo.rpc.model.ApplicationModelTest.testOfNullable(ApplicationModelTest.java:104)
	at java.base/java.lang.reflect.Method.invoke(Method.java:569)
	at java.base/java.util.ArrayList.forEach(ArrayList.java:1511)
	at java.base/java.util.ArrayList.forEach(ArrayList.java:1511)
Caused by: java.lang.ExceptionInInitializerError: Exception java.lang.NoClassDefFoundError: Could not initialize class org.apache.dubbo.rpc.model.ScopeModel [in thread "main"]
	at org.apache.dubbo.config.context.ConfigManagerTest.init(ConfigManagerTest.java:65)
	... 3 more

[INFO] Running org.apache.dubbo.rpc.model.FrameworkModelTest
[ERROR] Tests run: 4, Failures: 0, Errors: 4, Skipped: 0, Time elapsed: 0.004 s <<< FAILURE! -- in org.apache.dubbo.rpc.model.FrameworkModelTest
[ERROR] org.apache.dubbo.rpc.model.FrameworkModelTest.testApplicationModel -- Time elapsed: 0.001 s <<< ERROR!
java.lang.NoClassDefFoundError: Could not initialize class org.apache.dubbo.rpc.model.FrameworkModel
	at org.apache.dubbo.rpc.model.FrameworkModelTest.testApplicationModel(FrameworkModelTest.java:65)
	at java.base/java.lang.reflect.Method.invoke(Method.java:569)
	at java.base/java.util.ArrayList.forEach(ArrayList.java:1511)
	at java.base/java.util.ArrayList.forEach(ArrayList.java:1511)
Caused by: java.lang.ExceptionInInitializerError: Exception java.lang.VerifyError: Expecting a stack map frame
Exception Details:
  Location:
    org/apache/dubbo/common/utils/SystemPropertyConfigUtils.<clinit>()V @196: ldc
  Reason:
    Expected stackmap frame at this location.
  Bytecode:
    0000000: 1208 b600 339a 0007 04a7 0004 03b3 0039
    0000010: bb00 3d59 b700 3fb3 0029 06bd 0034 5903
    0000020: 1240 5359 0412 4253 5905 1244 534b 2a4c
    0000030: 2bbe 3d03 3e1d 1ca2 0092 2b1d 323a 0419
    0000040: 04b6 0046 3a05 1905 3a06 1906 be36 0703
    0000050: 3608 1508 1507 a200 6819 0615 0832 3a09
    0000060: b200 399a 0011 b200 29c7 000b bb00 4a59
    0000070: b700 4cbf 1909 01b6 004d 3a0a 190a c100
    0000080: 1899 0011 b200 2919 0ac0 0018 b900 5302
    0000090: 0057 a700 263a 0abb 0013 5912 5805 bd00
    00000a0: 0259 0319 04b6 005a 5359 0419 09b6 005e
    00000b0: 53b8 0017 b700 1dbf 8408 01a7 ff97 8403
    00000c0: 01a7 ff74 12a5 b800 a8b1               
  Exception Handler Table:
    bci [96, 146] => handler: 149
  Stackmap Table:
    same_frame(@12)
    same_locals_1_stack_item_frame(@13,Integer)
    full_frame(@53,{Object[#126],Object[#126],Integer,Integer},{})
    full_frame(@82,{Object[#126],Object[#126],Integer,Integer,Object[#52],Object[#127],Object[#127],Integer,Integer},{})
    append_frame(@116,Object[#78])
    same_frame(@146)
    same_locals_1_stack_item_frame(@149,Object[#86])
    chop_frame(@184,1)
    full_frame(@190,{Object[#126],Object[#126],Integer,Integer},{})
    full_frame(@201,{},{})
 [in thread "main"]
	at org.apache.dubbo.common.logger.LoggerFactory.<clinit>(LoggerFactory.java:54)
	at org.apache.dubbo.rpc.model.ScopeModel.<clinit>(ScopeModel.java:43)
	at org.apache.dubbo.metadata.definition.MetadataTest.setup(MetadataTest.java:41)
	at java.base/java.lang.reflect.Method.invoke(Method.java:569)
	... 1 more

[ERROR] org.apache.dubbo.rpc.model.FrameworkModelTest.testInitialize -- Time elapsed: 0.001 s <<< ERROR!
java.lang.NoClassDefFoundError: Could not initialize class org.apache.dubbo.rpc.model.FrameworkModel
	at org.apache.dubbo.rpc.model.FrameworkModelTest.testInitialize(FrameworkModelTest.java:31)
	at java.base/java.lang.reflect.Method.invoke(Method.java:569)
	at java.base/java.util.ArrayList.forEach(ArrayList.java:1511)
	at java.base/java.util.ArrayList.forEach(ArrayList.java:1511)
Caused by: java.lang.ExceptionInInitializerError: Exception java.lang.VerifyError: Expecting a stack map frame
Exception Details:
  Location:
    org/apache/dubbo/common/utils/SystemPropertyConfigUtils.<clinit>()V @196: ldc
  Reason:
    Expected stackmap frame at this location.
  Bytecode:
    0000000: 1208 b600 339a 0007 04a7 0004 03b3 0039
    0000010: bb00 3d59 b700 3fb3 0029 06bd 0034 5903
    0000020: 1240 5359 0412 4253 5905 1244 534b 2a4c
    0000030: 2bbe 3d03 3e1d 1ca2 0092 2b1d 323a 0419
    0000040: 04b6 0046 3a05 1905 3a06 1906 be36 0703
    0000050: 3608 1508 1507 a200 6819 0615 0832 3a09
    0000060: b200 399a 0011 b200 29c7 000b bb00 4a59
    0000070: b700 4cbf 1909 01b6 004d 3a0a 190a c100
    0000080: 1899 0011 b200 2919 0ac0 0018 b900 5302
    0000090: 0057 a700 263a 0abb 0013 5912 5805 bd00
    00000a0: 0259 0319 04b6 005a 5359 0419 09b6 005e
    00000b0: 53b8 0017 b700 1dbf 8408 01a7 ff97 8403
    00000c0: 01a7 ff74 12a5 b800 a8b1               
  Exception Handler Table:
    bci [96, 146] => handler: 149
  Stackmap Table:
    same_frame(@12)
    same_locals_1_stack_item_frame(@13,Integer)
    full_frame(@53,{Object[#126],Object[#126],Integer,Integer},{})
    full_frame(@82,{Object[#126],Object[#126],Integer,Integer,Object[#52],Object[#127],Object[#127],Integer,Integer},{})
    append_frame(@116,Object[#78])
    same_frame(@146)
    same_locals_1_stack_item_frame(@149,Object[#86])
    chop_frame(@184,1)
    full_frame(@190,{Object[#126],Object[#126],Integer,Integer},{})
    full_frame(@201,{},{})
 [in thread "main"]
	at org.apache.dubbo.common.logger.LoggerFactory.<clinit>(LoggerFactory.java:54)
	at org.apache.dubbo.rpc.model.ScopeModel.<clinit>(ScopeModel.java:43)
	at org.apache.dubbo.metadata.definition.MetadataTest.setup(MetadataTest.java:41)
	at java.base/java.lang.reflect.Method.invoke(Method.java:569)
	... 1 more

[ERROR] org.apache.dubbo.rpc.model.FrameworkModelTest.testDefaultModel -- Time elapsed: 0.001 s <<< ERROR!
java.lang.NoClassDefFoundError: Could not initialize class org.apache.dubbo.rpc.model.FrameworkModel
	at org.apache.dubbo.rpc.model.FrameworkModelTest.testDefaultModel(FrameworkModelTest.java:56)
	at java.base/java.lang.reflect.Method.invoke(Method.java:569)
	at java.base/java.util.ArrayList.forEach(ArrayList.java:1511)
	at java.base/java.util.ArrayList.forEach(ArrayList.java:1511)
Caused by: java.lang.ExceptionInInitializerError: Exception java.lang.VerifyError: Expecting a stack map frame
Exception Details:
  Location:
    org/apache/dubbo/common/utils/SystemPropertyConfigUtils.<clinit>()V @196: ldc
  Reason:
    Expected stackmap frame at this location.
  Bytecode:
    0000000: 1208 b600 339a 0007 04a7 0004 03b3 0039
    0000010: bb00 3d59 b700 3fb3 0029 06bd 0034 5903
    0000020: 1240 5359 0412 4253 5905 1244 534b 2a4c
    0000030: 2bbe 3d03 3e1d 1ca2 0092 2b1d 323a 0419
    0000040: 04b6 0046 3a05 1905 3a06 1906 be36 0703
    0000050: 3608 1508 1507 a200 6819 0615 0832 3a09
    0000060: b200 399a 0011 b200 29c7 000b bb00 4a59
    0000070: b700 4cbf 1909 01b6 004d 3a0a 190a c100
    0000080: 1899 0011 b200 2919 0ac0 0018 b900 5302
    0000090: 0057 a700 263a 0abb 0013 5912 5805 bd00
    00000a0: 0259 0319 04b6 005a 5359 0419 09b6 005e
    00000b0: 53b8 0017 b700 1dbf 8408 01a7 ff97 8403
    00000c0: 01a7 ff74 12a5 b800 a8b1               
  Exception Handler Table:
    bci [96, 146] => handler: 149
  Stackmap Table:
    same_frame(@12)
    same_locals_1_stack_item_frame(@13,Integer)
    full_frame(@53,{Object[#126],Object[#126],Integer,Integer},{})
    full_frame(@82,{Object[#126],Object[#126],Integer,Integer,Object[#52],Object[#127],Object[#127],Integer,Integer},{})
    append_frame(@116,Object[#78])
    same_frame(@146)
    same_locals_1_stack_item_frame(@149,Object[#86])
    chop_frame(@184,1)
    full_frame(@190,{Object[#126],Object[#126],Integer,Integer},{})
    full_frame(@201,{},{})
 [in thread "main"]
	at org.apache.dubbo.common.logger.LoggerFactory.<clinit>(LoggerFactory.java:54)
	at org.apache.dubbo.rpc.model.ScopeModel.<clinit>(ScopeModel.java:43)
	at org.apache.dubbo.metadata.definition.MetadataTest.setup(MetadataTest.java:41)
	at java.base/java.lang.reflect.Method.invoke(Method.java:569)
	... 1 more

[ERROR] org.apache.dubbo.rpc.model.FrameworkModelTest.destroyAll -- Time elapsed: 0 s <<< ERROR!
java.lang.NoClassDefFoundError: Could not initialize class org.apache.dubbo.rpc.model.FrameworkModel
	at org.apache.dubbo.rpc.model.FrameworkModelTest.destroyAll(FrameworkModelTest.java:85)
	at java.base/java.lang.reflect.Method.invoke(Method.java:569)
	at java.base/java.util.ArrayList.forEach(ArrayList.java:1511)
	at java.base/java.util.ArrayList.forEach(ArrayList.java:1511)
Caused by: java.lang.ExceptionInInitializerError: Exception java.lang.VerifyError: Expecting a stack map frame
Exception Details:
  Location:
    org/apache/dubbo/common/utils/SystemPropertyConfigUtils.<clinit>()V @196: ldc
  Reason:
    Expected stackmap frame at this location.
  Bytecode:
    0000000: 1208 b600 339a 0007 04a7 0004 03b3 0039
    0000010: bb00 3d59 b700 3fb3 0029 06bd 0034 5903
    0000020: 1240 5359 0412 4253 5905 1244 534b 2a4c
    0000030: 2bbe 3d03 3e1d 1ca2 0092 2b1d 323a 0419
    0000040: 04b6 0046 3a05 1905 3a06 1906 be36 0703
    0000050: 3608 1508 1507 a200 6819 0615 0832 3a09
    0000060: b200 399a 0011 b200 29c7 000b bb00 4a59
    0000070: b700 4cbf 1909 01b6 004d 3a0a 190a c100
    0000080: 1899 0011 b200 2919 0ac0 0018 b900 5302
    0000090: 0057 a700 263a 0abb 0013 5912 5805 bd00
    00000a0: 0259 0319 04b6 005a 5359 0419 09b6 005e
    00000b0: 53b8 0017 b700 1dbf 8408 01a7 ff97 8403
    00000c0: 01a7 ff74 12a5 b800 a8b1               
  Exception Handler Table:
    bci [96, 146] => handler: 149
  Stackmap Table:
    same_frame(@12)
    same_locals_1_stack_item_frame(@13,Integer)
    full_frame(@53,{Object[#126],Object[#126],Integer,Integer},{})
    full_frame(@82,{Object[#126],Object[#126],Integer,Integer,Object[#52],Object[#127],Object[#127],Integer,Integer},{})
    append_frame(@116,Object[#78])
    same_frame(@146)
    same_locals_1_stack_item_frame(@149,Object[#86])
    chop_frame(@184,1)
    full_frame(@190,{Object[#126],Object[#126],Integer,Integer},{})
    full_frame(@201,{},{})
 [in thread "main"]
	at org.apache.dubbo.common.logger.LoggerFactory.<clinit>(LoggerFactory.java:54)
	at org.apache.dubbo.rpc.model.ScopeModel.<clinit>(ScopeModel.java:43)
	at org.apache.dubbo.metadata.definition.MetadataTest.setup(MetadataTest.java:41)
	at java.base/java.lang.reflect.Method.invoke(Method.java:569)
	... 1 more

[INFO] Running org.apache.dubbo.rpc.service.ServiceDescriptorInternalCacheTest
[ERROR] Tests run: 2, Failures: 0, Errors: 2, Skipped: 0, Time elapsed: 0.012 s <<< FAILURE! -- in org.apache.dubbo.rpc.service.ServiceDescriptorInternalCacheTest
[ERROR] org.apache.dubbo.rpc.service.ServiceDescriptorInternalCacheTest.genericService -- Time elapsed: 0.010 s <<< ERROR!
java.lang.NoClassDefFoundError: Could not initialize class org.apache.dubbo.rpc.model.ReflectionMethodDescriptor
	at org.apache.dubbo.rpc.model.ReflectionServiceDescriptor.initMethods(ReflectionServiceDescriptor.java:72)
	at org.apache.dubbo.rpc.model.ReflectionServiceDescriptor.<init>(ReflectionServiceDescriptor.java:58)
	at org.apache.dubbo.rpc.service.ServiceDescriptorInternalCache.<clinit>(ServiceDescriptorInternalCache.java:23)
	at org.apache.dubbo.rpc.service.ServiceDescriptorInternalCacheTest.genericService(ServiceDescriptorInternalCacheTest.java:26)
	at java.base/java.lang.reflect.Method.invoke(Method.java:569)
	at java.base/java.util.ArrayList.forEach(ArrayList.java:1511)
	at java.base/java.util.ArrayList.forEach(ArrayList.java:1511)
Caused by: java.lang.ExceptionInInitializerError: Exception java.lang.NoClassDefFoundError: Could not initialize class org.apache.dubbo.common.logger.LoggerFactory [in thread "main"]
	at org.apache.dubbo.rpc.model.ReflectionMethodDescriptor.<clinit>(ReflectionMethodDescriptor.java:41)
	at org.apache.dubbo.rpc.model.ReflectionServiceDescriptor.initMethods(ReflectionServiceDescriptor.java:72)
	at org.apache.dubbo.rpc.model.ReflectionServiceDescriptor.<init>(ReflectionServiceDescriptor.java:58)
	at org.apache.dubbo.rpc.model.ReflectionServiceDescriptorTest.<init>(ReflectionServiceDescriptorTest.java:32)
	at java.base/java.lang.reflect.Constructor.newInstanceWithCaller(Constructor.java:500)
	at java.base/java.lang.reflect.Constructor.newInstance(Constructor.java:481)
	at java.base/java.util.Optional.orElseGet(Optional.java:364)
	... 2 more

[ERROR] org.apache.dubbo.rpc.service.ServiceDescriptorInternalCacheTest.echoService -- Time elapsed: 0.001 s <<< ERROR!
java.lang.NoClassDefFoundError: Could not initialize class org.apache.dubbo.rpc.service.ServiceDescriptorInternalCache
	at org.apache.dubbo.rpc.service.ServiceDescriptorInternalCacheTest.echoService(ServiceDescriptorInternalCacheTest.java:34)
	at java.base/java.lang.reflect.Method.invoke(Method.java:569)
	at java.base/java.util.ArrayList.forEach(ArrayList.java:1511)
	at java.base/java.util.ArrayList.forEach(ArrayList.java:1511)
Caused by: java.lang.ExceptionInInitializerError: Exception java.lang.NoClassDefFoundError: Could not initialize class org.apache.dubbo.rpc.model.ReflectionMethodDescriptor [in thread "main"]
	at org.apache.dubbo.rpc.model.ReflectionServiceDescriptor.initMethods(ReflectionServiceDescriptor.java:72)
	at org.apache.dubbo.rpc.model.ReflectionServiceDescriptor.<init>(ReflectionServiceDescriptor.java:58)
	at org.apache.dubbo.rpc.service.ServiceDescriptorInternalCache.<clinit>(ServiceDescriptorInternalCache.java:23)
	at org.apache.dubbo.rpc.service.ServiceDescriptorInternalCacheTest.genericService(ServiceDescriptorInternalCacheTest.java:26)
	... 3 more

[INFO] Running org.apache.dubbo.rpc.service.GenericExceptionTest
[ERROR] Tests run: 1, Failures: 0, Errors: 1, Skipped: 0, Time elapsed: 0.012 s <<< FAILURE! -- in org.apache.dubbo.rpc.service.GenericExceptionTest
[ERROR] org.apache.dubbo.rpc.service.GenericExceptionTest.jsonSupport -- Time elapsed: 0.010 s <<< ERROR!
java.lang.VerifyError: 
Expecting a stack map frame
Exception Details:
  Location:
    org/apache/dubbo/common/utils/SystemPropertyConfigUtils.<clinit>()V @196: ldc
  Reason:
    Expected stackmap frame at this location.
  Bytecode:
    0000000: 1208 b600 339a 0007 04a7 0004 03b3 0039
    0000010: bb00 3d59 b700 3fb3 0029 06bd 0034 5903
    0000020: 1240 5359 0412 4253 5905 1244 534b 2a4c
    0000030: 2bbe 3d03 3e1d 1ca2 0092 2b1d 323a 0419
    0000040: 04b6 0046 3a05 1905 3a06 1906 be36 0703
    0000050: 3608 1508 1507 a200 6819 0615 0832 3a09
    0000060: b200 399a 0011 b200 29c7 000b bb00 4a59
    0000070: b700 4cbf 1909 01b6 004d 3a0a 190a c100
    0000080: 1899 0011 b200 2919 0ac0 0018 b900 5302
    0000090: 0057 a700 263a 0abb 0013 5912 5805 bd00
    00000a0: 0259 0319 04b6 005a 5359 0419 09b6 005e
    00000b0: 53b8 0017 b700 1dbf 8408 01a7 ff97 8403
    00000c0: 01a7 ff74 12a5 b800 a8b1               
  Exception Handler Table:
    bci [96, 146] => handler: 149
  Stackmap Table:
    same_frame(@12)
    same_locals_1_stack_item_frame(@13,Integer)
    full_frame(@53,{Object[#126],Object[#126],Integer,Integer},{})
    full_frame(@82,{Object[#126],Object[#126],Integer,Integer,Object[#52],Object[#127],Object[#127],Integer,Integer},{})
    append_frame(@116,Object[#78])
    same_frame(@146)
    same_locals_1_stack_item_frame(@149,Object[#86])
    chop_frame(@184,1)
    full_frame(@190,{Object[#126],Object[#126],Integer,Integer},{})
    full_frame(@201,{},{})

	at org.apache.dubbo.common.utils.JsonUtils.createJsonUtil(JsonUtils.java:49)
	at org.apache.dubbo.common.utils.JsonUtils.getJson(JsonUtils.java:40)
	at org.apache.dubbo.common.utils.JsonUtils.toJson(JsonUtils.java:122)
	at org.apache.dubbo.rpc.service.GenericExceptionTest.jsonSupport(GenericExceptionTest.java:32)
	at java.base/java.lang.reflect.Method.invoke(Method.java:569)
	at java.base/java.util.ArrayList.forEach(ArrayList.java:1511)
	at java.base/java.util.ArrayList.forEach(ArrayList.java:1511)

[INFO] Running org.apache.dubbo.common.ServiceKeyTest
[ERROR] Tests run: 1, Failures: 0, Errors: 1, Skipped: 0, Time elapsed: 0.011 s <<< FAILURE! -- in org.apache.dubbo.common.ServiceKeyTest
[ERROR] org.apache.dubbo.common.ServiceKeyTest.test -- Time elapsed: 0.009 s <<< ERROR!
java.lang.NoClassDefFoundError: Could not initialize class org.apache.dubbo.common.utils.StringUtils
	at org.apache.dubbo.common.BaseServiceMetadata.buildServiceKey(BaseServiceMetadata.java:42)
	at org.apache.dubbo.common.ServiceKey.toString(ServiceKey.java:68)
	at org.apache.dubbo.common.ServiceKeyTest.test(ServiceKeyTest.java:31)
	at java.base/java.lang.reflect.Method.invoke(Method.java:569)
	at java.base/java.util.ArrayList.forEach(ArrayList.java:1511)
	at java.base/java.util.ArrayList.forEach(ArrayList.java:1511)
Caused by: java.lang.ExceptionInInitializerError: Exception java.lang.NoClassDefFoundError: Could not initialize class org.apache.dubbo.common.logger.LoggerFactory [in thread "main"]
	at org.apache.dubbo.common.utils.StringUtils.<clinit>(StringUtils.java:57)
	at org.apache.dubbo.rpc.support.GroupServiceKeyCache.createServiceKey(GroupServiceKeyCache.java:60)
	at org.apache.dubbo.rpc.support.GroupServiceKeyCache.getServiceKey(GroupServiceKeyCache.java:52)
	at org.apache.dubbo.rpc.support.ProtocolUtils.serviceKey(ProtocolUtils.java:50)
	at org.apache.dubbo.rpc.support.ProtocolUtilsTest.assertServiceKey(ProtocolUtilsTest.java:52)
	at org.apache.dubbo.rpc.support.ProtocolUtilsTest.testGetServiceKey(ProtocolUtilsTest.java:29)
	... 3 more

[INFO] Running org.apache.dubbo.common.version.VersionTest
[ERROR] Tests run: 8, Failures: 0, Errors: 8, Skipped: 0, Time elapsed: 0.045 s <<< FAILURE! -- in org.apache.dubbo.common.version.VersionTest
[ERROR] org.apache.dubbo.common.version.VersionTest.testSupportResponseAttachment -- Time elapsed: 0.007 s <<< ERROR!
java.lang.NoClassDefFoundError: Could not initialize class org.apache.dubbo.common.logger.LoggerFactory
	at org.apache.dubbo.common.Version.<clinit>(Version.java:41)
	at org.apache.dubbo.common.version.VersionTest.testSupportResponseAttachment(VersionTest.java:40)
	at java.base/java.lang.reflect.Method.invoke(Method.java:569)
	at java.base/java.util.ArrayList.forEach(ArrayList.java:1511)
	at java.base/java.util.ArrayList.forEach(ArrayList.java:1511)
Caused by: java.lang.ExceptionInInitializerError: Exception java.lang.VerifyError: Expecting a stack map frame
Exception Details:
  Location:
    org/apache/dubbo/common/utils/SystemPropertyConfigUtils.<clinit>()V @196: ldc
  Reason:
    Expected stackmap frame at this location.
  Bytecode:
    0000000: 1208 b600 339a 0007 04a7 0004 03b3 0039
    0000010: bb00 3d59 b700 3fb3 0029 06bd 0034 5903
    0000020: 1240 5359 0412 4253 5905 1244 534b 2a4c
    0000030: 2bbe 3d03 3e1d 1ca2 0092 2b1d 323a 0419
    0000040: 04b6 0046 3a05 1905 3a06 1906 be36 0703
    0000050: 3608 1508 1507 a200 6819 0615 0832 3a09
    0000060: b200 399a 0011 b200 29c7 000b bb00 4a59
    0000070: b700 4cbf 1909 01b6 004d 3a0a 190a c100
    0000080: 1899 0011 b200 2919 0ac0 0018 b900 5302
    0000090: 0057 a700 263a 0abb 0013 5912 5805 bd00
    00000a0: 0259 0319 04b6 005a 5359 0419 09b6 005e
    00000b0: 53b8 0017 b700 1dbf 8408 01a7 ff97 8403
    00000c0: 01a7 ff74 12a5 b800 a8b1               
  Exception Handler Table:
    bci [96, 146] => handler: 149
  Stackmap Table:
    same_frame(@12)
    same_locals_1_stack_item_frame(@13,Integer)
    full_frame(@53,{Object[#126],Object[#126],Integer,Integer},{})
    full_frame(@82,{Object[#126],Object[#126],Integer,Integer,Object[#52],Object[#127],Object[#127],Integer,Integer},{})
    append_frame(@116,Object[#78])
    same_frame(@146)
    same_locals_1_stack_item_frame(@149,Object[#86])
    chop_frame(@184,1)
    full_frame(@190,{Object[#126],Object[#126],Integer,Integer},{})
    full_frame(@201,{},{})
 [in thread "main"]
	at org.apache.dubbo.common.logger.LoggerFactory.<clinit>(LoggerFactory.java:54)
	at org.apache.dubbo.rpc.model.ScopeModel.<clinit>(ScopeModel.java:43)
	at org.apache.dubbo.metadata.definition.MetadataTest.setup(MetadataTest.java:41)
	at java.base/java.lang.reflect.Method.invoke(Method.java:569)
	... 1 more

[ERROR] org.apache.dubbo.common.version.VersionTest.testGetLastCommitId -- Time elapsed: 0.011 s <<< ERROR!
java.lang.ClassCircularityError: org/apache/dubbo/common/Version
	at java.base/java.lang.Class.forName0(Native Method)
	at java.base/java.lang.Class.forName(Class.java:467)
	at daikon.chicory.ClassInfo.initViaReflection(ClassInfo.java:84)
	at daikon.chicory.Runtime.process_new_classes(Runtime.java:451)
	at daikon.chicory.Runtime.enter(Runtime.java:253)
	at org.apache.dubbo.common.version.VersionTest$1.loadClass(VersionTest.java:114)
	at java.base/java.lang.ClassLoader.defineClass1(Native Method)
	at java.base/java.lang.ClassLoader.defineClass(ClassLoader.java:1017)
	at java.base/java.lang.ClassLoader.defineClass(ClassLoader.java:879)
	at org.apache.dubbo.common.version.VersionTest$1.findClass(VersionTest.java:124)
	at org.apache.dubbo.common.version.VersionTest$1.loadClass(VersionTest.java:115)
	at org.apache.dubbo.common.version.VersionTest.reloadVersionClass(VersionTest.java:155)
	at org.apache.dubbo.common.version.VersionTest.testGetLastCommitId(VersionTest.java:161)
	at java.base/java.lang.reflect.Method.invoke(Method.java:569)
	at java.base/java.util.ArrayList.forEach(ArrayList.java:1511)
	at java.base/java.util.ArrayList.forEach(ArrayList.java:1511)

[ERROR] org.apache.dubbo.common.version.VersionTest.testGetIntVersion -- Time elapsed: 0.001 s <<< ERROR!
java.lang.NoClassDefFoundError: Could not initialize class org.apache.dubbo.common.Version
	at org.apache.dubbo.common.version.VersionTest.testGetIntVersion(VersionTest.java:57)
	at java.base/java.lang.reflect.Method.invoke(Method.java:569)
	at java.base/java.util.ArrayList.forEach(ArrayList.java:1511)
	at java.base/java.util.ArrayList.forEach(ArrayList.java:1511)
Caused by: java.lang.ExceptionInInitializerError: Exception java.lang.NoClassDefFoundError: Could not initialize class org.apache.dubbo.common.logger.LoggerFactory [in thread "main"]
	at org.apache.dubbo.common.Version.<clinit>(Version.java:41)
	at org.apache.dubbo.common.version.VersionTest.testSupportResponseAttachment(VersionTest.java:40)
	... 3 more

[ERROR] org.apache.dubbo.common.version.VersionTest.testGetProtocolVersion -- Time elapsed: 0 s <<< ERROR!
java.lang.NoClassDefFoundError: Could not initialize class org.apache.dubbo.common.Version
	at org.apache.dubbo.common.version.VersionTest.testGetProtocolVersion(VersionTest.java:35)
	at java.base/java.lang.reflect.Method.invoke(Method.java:569)
	at java.base/java.util.ArrayList.forEach(ArrayList.java:1511)
	at java.base/java.util.ArrayList.forEach(ArrayList.java:1511)
Caused by: java.lang.ExceptionInInitializerError: Exception java.lang.NoClassDefFoundError: Could not initialize class org.apache.dubbo.common.logger.LoggerFactory [in thread "main"]
	at org.apache.dubbo.common.Version.<clinit>(Version.java:41)
	at org.apache.dubbo.common.version.VersionTest.testSupportResponseAttachment(VersionTest.java:40)
	... 3 more

[ERROR] org.apache.dubbo.common.version.VersionTest.testIsFramework263OrHigher -- Time elapsed: 0 s <<< ERROR!
java.lang.NoClassDefFoundError: Could not initialize class org.apache.dubbo.common.Version
	at org.apache.dubbo.common.version.VersionTest.testIsFramework263OrHigher(VersionTest.java:91)
	at java.base/java.lang.reflect.Method.invoke(Method.java:569)
	at java.base/java.util.ArrayList.forEach(ArrayList.java:1511)
	at java.base/java.util.ArrayList.forEach(ArrayList.java:1511)
Caused by: java.lang.ExceptionInInitializerError: Exception java.lang.NoClassDefFoundError: Could not initialize class org.apache.dubbo.common.logger.LoggerFactory [in thread "main"]
	at org.apache.dubbo.common.Version.<clinit>(Version.java:41)
	at org.apache.dubbo.common.version.VersionTest.testSupportResponseAttachment(VersionTest.java:40)
	... 3 more

[ERROR] org.apache.dubbo.common.version.VersionTest.testCompare -- Time elapsed: 0.001 s <<< ERROR!
java.lang.NoClassDefFoundError: Could not initialize class org.apache.dubbo.common.Version
	at org.apache.dubbo.common.version.VersionTest.testCompare(VersionTest.java:70)
	at java.base/java.lang.reflect.Method.invoke(Method.java:569)
	at java.base/java.util.ArrayList.forEach(ArrayList.java:1511)
	at java.base/java.util.ArrayList.forEach(ArrayList.java:1511)
Caused by: java.lang.ExceptionInInitializerError: Exception java.lang.NoClassDefFoundError: Could not initialize class org.apache.dubbo.common.logger.LoggerFactory [in thread "main"]
	at org.apache.dubbo.common.Version.<clinit>(Version.java:41)
	at org.apache.dubbo.common.version.VersionTest.testSupportResponseAttachment(VersionTest.java:40)
	... 3 more

[ERROR] org.apache.dubbo.common.version.VersionTest.testGetVersion -- Time elapsed: 0.009 s <<< ERROR!
java.lang.ClassCircularityError: org/apache/dubbo/common/Version
	at java.base/java.lang.Class.forName0(Native Method)
	at java.base/java.lang.Class.forName(Class.java:467)
	at daikon.chicory.ClassInfo.initViaReflection(ClassInfo.java:84)
	at daikon.chicory.Runtime.process_new_classes(Runtime.java:451)
	at daikon.chicory.Runtime.enter(Runtime.java:253)
	at org.apache.dubbo.common.version.VersionTest$1.loadClass(VersionTest.java:114)
	at java.base/java.lang.ClassLoader.defineClass1(Native Method)
	at java.base/java.lang.ClassLoader.defineClass(ClassLoader.java:1017)
	at java.base/java.lang.ClassLoader.defineClass(ClassLoader.java:879)
	at org.apache.dubbo.common.version.VersionTest$1.findClass(VersionTest.java:124)
	at org.apache.dubbo.common.version.VersionTest$1.loadClass(VersionTest.java:115)
	at org.apache.dubbo.common.version.VersionTest.reloadVersionClass(VersionTest.java:155)
	at org.apache.dubbo.common.version.VersionTest.testGetVersion(VersionTest.java:104)
	at java.base/java.lang.reflect.Method.invoke(Method.java:569)
	at java.base/java.util.ArrayList.forEach(ArrayList.java:1511)
	at java.base/java.util.ArrayList.forEach(ArrayList.java:1511)

[ERROR] org.apache.dubbo.common.version.VersionTest.testIsFramework270OrHigher -- Time elapsed: 0 s <<< ERROR!
java.lang.NoClassDefFoundError: Could not initialize class org.apache.dubbo.common.Version
	at org.apache.dubbo.common.version.VersionTest.testIsFramework270OrHigher(VersionTest.java:81)
	at java.base/java.lang.reflect.Method.invoke(Method.java:569)
	at java.base/java.util.ArrayList.forEach(ArrayList.java:1511)
	at java.base/java.util.ArrayList.forEach(ArrayList.java:1511)
Caused by: java.lang.ExceptionInInitializerError: Exception java.lang.NoClassDefFoundError: Could not initialize class org.apache.dubbo.common.logger.LoggerFactory [in thread "main"]
	at org.apache.dubbo.common.Version.<clinit>(Version.java:41)
	at org.apache.dubbo.common.version.VersionTest.testSupportResponseAttachment(VersionTest.java:40)
	... 3 more

[INFO] Running org.apache.dubbo.common.resource.GlobalResourcesRepositoryTest
[ERROR] Tests run: 1, Failures: 0, Errors: 1, Skipped: 0, Time elapsed: 0.007 s <<< FAILURE! -- in org.apache.dubbo.common.resource.GlobalResourcesRepositoryTest
[ERROR] org.apache.dubbo.common.resource.GlobalResourcesRepositoryTest.test -- Time elapsed: 0.005 s <<< ERROR!
java.lang.NoClassDefFoundError: Could not initialize class org.apache.dubbo.common.logger.LoggerFactory
	at org.apache.dubbo.common.resource.GlobalResourcesRepository.<clinit>(GlobalResourcesRepository.java:41)
	at org.apache.dubbo.common.resource.GlobalResourcesRepositoryTest.test(GlobalResourcesRepositoryTest.java:31)
	at java.base/java.lang.reflect.Method.invoke(Method.java:569)
	at java.base/java.util.ArrayList.forEach(ArrayList.java:1511)
	at java.base/java.util.ArrayList.forEach(ArrayList.java:1511)
Caused by: java.lang.ExceptionInInitializerError: Exception java.lang.VerifyError: Expecting a stack map frame
Exception Details:
  Location:
    org/apache/dubbo/common/utils/SystemPropertyConfigUtils.<clinit>()V @196: ldc
  Reason:
    Expected stackmap frame at this location.
  Bytecode:
    0000000: 1208 b600 339a 0007 04a7 0004 03b3 0039
    0000010: bb00 3d59 b700 3fb3 0029 06bd 0034 5903
    0000020: 1240 5359 0412 4253 5905 1244 534b 2a4c
    0000030: 2bbe 3d03 3e1d 1ca2 0092 2b1d 323a 0419
    0000040: 04b6 0046 3a05 1905 3a06 1906 be36 0703
    0000050: 3608 1508 1507 a200 6819 0615 0832 3a09
    0000060: b200 399a 0011 b200 29c7 000b bb00 4a59
    0000070: b700 4cbf 1909 01b6 004d 3a0a 190a c100
    0000080: 1899 0011 b200 2919 0ac0 0018 b900 5302
    0000090: 0057 a700 263a 0abb 0013 5912 5805 bd00
    00000a0: 0259 0319 04b6 005a 5359 0419 09b6 005e
    00000b0: 53b8 0017 b700 1dbf 8408 01a7 ff97 8403
    00000c0: 01a7 ff74 12a5 b800 a8b1               
  Exception Handler Table:
    bci [96, 146] => handler: 149
  Stackmap Table:
    same_frame(@12)
    same_locals_1_stack_item_frame(@13,Integer)
    full_frame(@53,{Object[#126],Object[#126],Integer,Integer},{})
    full_frame(@82,{Object[#126],Object[#126],Integer,Integer,Object[#52],Object[#127],Object[#127],Integer,Integer},{})
    append_frame(@116,Object[#78])
    same_frame(@146)
    same_locals_1_stack_item_frame(@149,Object[#86])
    chop_frame(@184,1)
    full_frame(@190,{Object[#126],Object[#126],Integer,Integer},{})
    full_frame(@201,{},{})
 [in thread "main"]
	at org.apache.dubbo.common.logger.LoggerFactory.<clinit>(LoggerFactory.java:54)
	at org.apache.dubbo.rpc.model.ScopeModel.<clinit>(ScopeModel.java:43)
	at org.apache.dubbo.metadata.definition.MetadataTest.setup(MetadataTest.java:41)
	at java.base/java.lang.reflect.Method.invoke(Method.java:569)
	... 1 more

[INFO] Running org.apache.dubbo.common.logger.support.FailsafeLoggerTest
[ERROR] Tests run: 3, Failures: 1, Errors: 0, Skipped: 0, Time elapsed: 1.084 s <<< FAILURE! -- in org.apache.dubbo.common.logger.support.FailsafeLoggerTest
[ERROR] org.apache.dubbo.common.logger.support.FailsafeLoggerTest.testSuccessLogger -- Time elapsed: 1.059 s <<< FAILURE!
Wanted but not invoked:
logger.error(<any string>);
-> at org.apache.dubbo.common.logger.support.FailsafeLoggerTest.testSuccessLogger(FailsafeLoggerTest.java:84)

However, there were exactly 5 interactions with this mock:
logger.isErrorEnabled();
-> at org.apache.dubbo.common.logger.support.FailsafeLogger.error(FailsafeLogger.java:221)

logger.isWarnEnabled();
-> at org.apache.dubbo.common.logger.support.FailsafeLogger.warn(FailsafeLogger.java:188)

logger.isInfoEnabled();
-> at org.apache.dubbo.common.logger.support.FailsafeLogger.info(FailsafeLogger.java:155)

logger.isDebugEnabled();
-> at org.apache.dubbo.common.logger.support.FailsafeLogger.debug(FailsafeLogger.java:122)

logger.isTraceEnabled();
-> at org.apache.dubbo.common.logger.support.FailsafeLogger.trace(FailsafeLogger.java:78)


	at org.apache.dubbo.common.logger.support.FailsafeLoggerTest.testSuccessLogger(FailsafeLoggerTest.java:84)
	at java.base/java.lang.reflect.Method.invoke(Method.java:569)
	at java.base/java.util.ArrayList.forEach(ArrayList.java:1511)
	at java.base/java.util.ArrayList.forEach(ArrayList.java:1511)

[INFO] Running org.apache.dubbo.common.logger.support.FailsafeErrorTypeAwareLoggerTest
[ERROR] Tests run: 4, Failures: 1, Errors: 1, Skipped: 0, Time elapsed: 0.020 s <<< FAILURE! -- in org.apache.dubbo.common.logger.support.FailsafeErrorTypeAwareLoggerTest
[ERROR] org.apache.dubbo.common.logger.support.FailsafeErrorTypeAwareLoggerTest.testSuccessLogger -- Time elapsed: 0.006 s <<< FAILURE!
Wanted but not invoked:
logger.error(<any string>);
-> at org.apache.dubbo.common.logger.support.FailsafeErrorTypeAwareLoggerTest.testSuccessLogger(FailsafeErrorTypeAwareLoggerTest.java:75)

However, there were exactly 2 interactions with this mock:
logger.isErrorEnabled();
-> at org.apache.dubbo.common.logger.support.FailsafeErrorTypeAwareLogger.error(FailsafeErrorTypeAwareLogger.java:135)

logger.isWarnEnabled();
-> at org.apache.dubbo.common.logger.support.FailsafeErrorTypeAwareLogger.warn(FailsafeErrorTypeAwareLogger.java:101)


	at org.apache.dubbo.common.logger.support.FailsafeErrorTypeAwareLoggerTest.testSuccessLogger(FailsafeErrorTypeAwareLoggerTest.java:75)
	at java.base/java.lang.reflect.Method.invoke(Method.java:569)
	at java.base/java.util.ArrayList.forEach(ArrayList.java:1511)
	at java.base/java.util.ArrayList.forEach(ArrayList.java:1511)

[ERROR] org.apache.dubbo.common.logger.support.FailsafeErrorTypeAwareLoggerTest.testInstructionShownOrNot -- Time elapsed: 0 s <<< ERROR!
java.lang.NoClassDefFoundError: Could not initialize class org.apache.dubbo.rpc.model.FrameworkModel
	at org.apache.dubbo.common.logger.support.FailsafeErrorTypeAwareLoggerTest.testInstructionShownOrNot(FailsafeErrorTypeAwareLoggerTest.java:97)
	at java.base/java.lang.reflect.Method.invoke(Method.java:569)
	at java.base/java.util.ArrayList.forEach(ArrayList.java:1511)
	at java.base/java.util.ArrayList.forEach(ArrayList.java:1511)
Caused by: java.lang.ExceptionInInitializerError: Exception java.lang.VerifyError: Expecting a stack map frame
Exception Details:
  Location:
    org/apache/dubbo/common/utils/SystemPropertyConfigUtils.<clinit>()V @196: ldc
  Reason:
    Expected stackmap frame at this location.
  Bytecode:
    0000000: 1208 b600 339a 0007 04a7 0004 03b3 0039
    0000010: bb00 3d59 b700 3fb3 0029 06bd 0034 5903
    0000020: 1240 5359 0412 4253 5905 1244 534b 2a4c
    0000030: 2bbe 3d03 3e1d 1ca2 0092 2b1d 323a 0419
    0000040: 04b6 0046 3a05 1905 3a06 1906 be36 0703
    0000050: 3608 1508 1507 a200 6819 0615 0832 3a09
    0000060: b200 399a 0011 b200 29c7 000b bb00 4a59
    0000070: b700 4cbf 1909 01b6 004d 3a0a 190a c100
    0000080: 1899 0011 b200 2919 0ac0 0018 b900 5302
    0000090: 0057 a700 263a 0abb 0013 5912 5805 bd00
    00000a0: 0259 0319 04b6 005a 5359 0419 09b6 005e
    00000b0: 53b8 0017 b700 1dbf 8408 01a7 ff97 8403
    00000c0: 01a7 ff74 12a5 b800 a8b1               
  Exception Handler Table:
    bci [96, 146] => handler: 149
  Stackmap Table:
    same_frame(@12)
    same_locals_1_stack_item_frame(@13,Integer)
    full_frame(@53,{Object[#126],Object[#126],Integer,Integer},{})
    full_frame(@82,{Object[#126],Object[#126],Integer,Integer,Object[#52],Object[#127],Object[#127],Integer,Integer},{})
    append_frame(@116,Object[#78])
    same_frame(@146)
    same_locals_1_stack_item_frame(@149,Object[#86])
    chop_frame(@184,1)
    full_frame(@190,{Object[#126],Object[#126],Integer,Integer},{})
    full_frame(@201,{},{})
 [in thread "main"]
	at org.apache.dubbo.common.logger.LoggerFactory.<clinit>(LoggerFactory.java:54)
	at org.apache.dubbo.rpc.model.ScopeModel.<clinit>(ScopeModel.java:43)
	at org.apache.dubbo.metadata.definition.MetadataTest.setup(MetadataTest.java:41)
	at java.base/java.lang.reflect.Method.invoke(Method.java:569)
	... 1 more

[INFO] Running org.apache.dubbo.common.logger.LoggerAdapterTest
[INFO] Tests run: 10, Failures: 0, Errors: 0, Skipped: 0, Time elapsed: 0.537 s -- in org.apache.dubbo.common.logger.LoggerAdapterTest
[INFO] Running org.apache.dubbo.common.logger.slf4j.Slf4jLoggerTest
[INFO] Tests run: 1, Failures: 0, Errors: 0, Skipped: 0, Time elapsed: 0.099 s -- in org.apache.dubbo.common.logger.slf4j.Slf4jLoggerTest
[INFO] Running org.apache.dubbo.common.logger.LoggerFactoryTest
[ERROR] Tests run: 6, Failures: 0, Errors: 6, Skipped: 0, Time elapsed: 0.014 s <<< FAILURE! -- in org.apache.dubbo.common.logger.LoggerFactoryTest
[ERROR] org.apache.dubbo.common.logger.LoggerFactoryTest.testLoggerLevel -- Time elapsed: 0.001 s <<< ERROR!
java.lang.NoClassDefFoundError: Could not initialize class org.apache.dubbo.common.logger.LoggerFactory
	at org.apache.dubbo.common.logger.LoggerFactoryTest.testLoggerLevel(LoggerFactoryTest.java:32)
	at java.base/java.lang.reflect.Method.invoke(Method.java:569)
	at java.base/java.util.ArrayList.forEach(ArrayList.java:1511)
	at java.base/java.util.ArrayList.forEach(ArrayList.java:1511)
Caused by: java.lang.ExceptionInInitializerError: Exception java.lang.VerifyError: Expecting a stack map frame
Exception Details:
  Location:
    org/apache/dubbo/common/utils/SystemPropertyConfigUtils.<clinit>()V @196: ldc
  Reason:
    Expected stackmap frame at this location.
  Bytecode:
    0000000: 1208 b600 339a 0007 04a7 0004 03b3 0039
    0000010: bb00 3d59 b700 3fb3 0029 06bd 0034 5903
    0000020: 1240 5359 0412 4253 5905 1244 534b 2a4c
    0000030: 2bbe 3d03 3e1d 1ca2 0092 2b1d 323a 0419
    0000040: 04b6 0046 3a05 1905 3a06 1906 be36 0703
    0000050: 3608 1508 1507 a200 6819 0615 0832 3a09
    0000060: b200 399a 0011 b200 29c7 000b bb00 4a59
    0000070: b700 4cbf 1909 01b6 004d 3a0a 190a c100
    0000080: 1899 0011 b200 2919 0ac0 0018 b900 5302
    0000090: 0057 a700 263a 0abb 0013 5912 5805 bd00
    00000a0: 0259 0319 04b6 005a 5359 0419 09b6 005e
    00000b0: 53b8 0017 b700 1dbf 8408 01a7 ff97 8403
    00000c0: 01a7 ff74 12a5 b800 a8b1               
  Exception Handler Table:
    bci [96, 146] => handler: 149
  Stackmap Table:
    same_frame(@12)
    same_locals_1_stack_item_frame(@13,Integer)
    full_frame(@53,{Object[#126],Object[#126],Integer,Integer},{})
    full_frame(@82,{Object[#126],Object[#126],Integer,Integer,Object[#52],Object[#127],Object[#127],Integer,Integer},{})
    append_frame(@116,Object[#78])
    same_frame(@146)
    same_locals_1_stack_item_frame(@149,Object[#86])
    chop_frame(@184,1)
    full_frame(@190,{Object[#126],Object[#126],Integer,Integer},{})
    full_frame(@201,{},{})
 [in thread "main"]
	at org.apache.dubbo.common.logger.LoggerFactory.<clinit>(LoggerFactory.java:54)
	at org.apache.dubbo.rpc.model.ScopeModel.<clinit>(ScopeModel.java:43)
	at org.apache.dubbo.metadata.definition.MetadataTest.setup(MetadataTest.java:41)
	at java.base/java.lang.reflect.Method.invoke(Method.java:569)
	... 1 more

[ERROR] org.apache.dubbo.common.logger.LoggerFactoryTest.shouldReturnSameLogger -- Time elapsed: 0.001 s <<< ERROR!
java.lang.NoClassDefFoundError: Could not initialize class org.apache.dubbo.common.logger.LoggerFactory
	at org.apache.dubbo.common.logger.LoggerFactoryTest.shouldReturnSameLogger(LoggerFactoryTest.java:66)
	at java.base/java.lang.reflect.Method.invoke(Method.java:569)
	at java.base/java.util.ArrayList.forEach(ArrayList.java:1511)
	at java.base/java.util.ArrayList.forEach(ArrayList.java:1511)
Caused by: java.lang.ExceptionInInitializerError: Exception java.lang.VerifyError: Expecting a stack map frame
Exception Details:
  Location:
    org/apache/dubbo/common/utils/SystemPropertyConfigUtils.<clinit>()V @196: ldc
  Reason:
    Expected stackmap frame at this location.
  Bytecode:
    0000000: 1208 b600 339a 0007 04a7 0004 03b3 0039
    0000010: bb00 3d59 b700 3fb3 0029 06bd 0034 5903
    0000020: 1240 5359 0412 4253 5905 1244 534b 2a4c
    0000030: 2bbe 3d03 3e1d 1ca2 0092 2b1d 323a 0419
    0000040: 04b6 0046 3a05 1905 3a06 1906 be36 0703
    0000050: 3608 1508 1507 a200 6819 0615 0832 3a09
    0000060: b200 399a 0011 b200 29c7 000b bb00 4a59
    0000070: b700 4cbf 1909 01b6 004d 3a0a 190a c100
    0000080: 1899 0011 b200 2919 0ac0 0018 b900 5302
    0000090: 0057 a700 263a 0abb 0013 5912 5805 bd00
    00000a0: 0259 0319 04b6 005a 5359 0419 09b6 005e
    00000b0: 53b8 0017 b700 1dbf 8408 01a7 ff97 8403
    00000c0: 01a7 ff74 12a5 b800 a8b1               
  Exception Handler Table:
    bci [96, 146] => handler: 149
  Stackmap Table:
    same_frame(@12)
    same_locals_1_stack_item_frame(@13,Integer)
    full_frame(@53,{Object[#126],Object[#126],Integer,Integer},{})
    full_frame(@82,{Object[#126],Object[#126],Integer,Integer,Object[#52],Object[#127],Object[#127],Integer,Integer},{})
    append_frame(@116,Object[#78])
    same_frame(@146)
    same_locals_1_stack_item_frame(@149,Object[#86])
    chop_frame(@184,1)
    full_frame(@190,{Object[#126],Object[#126],Integer,Integer},{})
    full_frame(@201,{},{})
 [in thread "main"]
	at org.apache.dubbo.common.logger.LoggerFactory.<clinit>(LoggerFactory.java:54)
	at org.apache.dubbo.rpc.model.ScopeModel.<clinit>(ScopeModel.java:43)
	at org.apache.dubbo.metadata.definition.MetadataTest.setup(MetadataTest.java:41)
	at java.base/java.lang.reflect.Method.invoke(Method.java:569)
	... 1 more

[ERROR] org.apache.dubbo.common.logger.LoggerFactoryTest.shouldReturnSameErrorTypeAwareLogger -- Time elapsed: 0.001 s <<< ERROR!
java.lang.NoClassDefFoundError: Could not initialize class org.apache.dubbo.common.logger.LoggerFactory
	at org.apache.dubbo.common.logger.LoggerFactoryTest.shouldReturnSameErrorTypeAwareLogger(LoggerFactoryTest.java:75)
	at java.base/java.lang.reflect.Method.invoke(Method.java:569)
	at java.base/java.util.ArrayList.forEach(ArrayList.java:1511)
	at java.base/java.util.ArrayList.forEach(ArrayList.java:1511)
Caused by: java.lang.ExceptionInInitializerError: Exception java.lang.VerifyError: Expecting a stack map frame
Exception Details:
  Location:
    org/apache/dubbo/common/utils/SystemPropertyConfigUtils.<clinit>()V @196: ldc
  Reason:
    Expected stackmap frame at this location.
  Bytecode:
    0000000: 1208 b600 339a 0007 04a7 0004 03b3 0039
    0000010: bb00 3d59 b700 3fb3 0029 06bd 0034 5903
    0000020: 1240 5359 0412 4253 5905 1244 534b 2a4c
    0000030: 2bbe 3d03 3e1d 1ca2 0092 2b1d 323a 0419
    0000040: 04b6 0046 3a05 1905 3a06 1906 be36 0703
    0000050: 3608 1508 1507 a200 6819 0615 0832 3a09
    0000060: b200 399a 0011 b200 29c7 000b bb00 4a59
    0000070: b700 4cbf 1909 01b6 004d 3a0a 190a c100
    0000080: 1899 0011 b200 2919 0ac0 0018 b900 5302
    0000090: 0057 a700 263a 0abb 0013 5912 5805 bd00
    00000a0: 0259 0319 04b6 005a 5359 0419 09b6 005e
    00000b0: 53b8 0017 b700 1dbf 8408 01a7 ff97 8403
    00000c0: 01a7 ff74 12a5 b800 a8b1               
  Exception Handler Table:
    bci [96, 146] => handler: 149
  Stackmap Table:
    same_frame(@12)
    same_locals_1_stack_item_frame(@13,Integer)
    full_frame(@53,{Object[#126],Object[#126],Integer,Integer},{})
    full_frame(@82,{Object[#126],Object[#126],Integer,Integer,Object[#52],Object[#127],Object[#127],Integer,Integer},{})
    append_frame(@116,Object[#78])
    same_frame(@146)
    same_locals_1_stack_item_frame(@149,Object[#86])
    chop_frame(@184,1)
    full_frame(@190,{Object[#126],Object[#126],Integer,Integer},{})
    full_frame(@201,{},{})
 [in thread "main"]
	at org.apache.dubbo.common.logger.LoggerFactory.<clinit>(LoggerFactory.java:54)
	at org.apache.dubbo.rpc.model.ScopeModel.<clinit>(ScopeModel.java:43)
	at org.apache.dubbo.metadata.definition.MetadataTest.setup(MetadataTest.java:41)
	at java.base/java.lang.reflect.Method.invoke(Method.java:569)
	... 1 more

[ERROR] org.apache.dubbo.common.logger.LoggerFactoryTest.testGetLogFile -- Time elapsed: 0.001 s <<< ERROR!
java.lang.NoClassDefFoundError: Could not initialize class org.apache.dubbo.rpc.model.FrameworkModel
	at org.apache.dubbo.common.logger.LoggerFactoryTest.testGetLogFile(LoggerFactoryTest.java:40)
	at java.base/java.lang.reflect.Method.invoke(Method.java:569)
	at java.base/java.util.ArrayList.forEach(ArrayList.java:1511)
	at java.base/java.util.ArrayList.forEach(ArrayList.java:1511)
Caused by: java.lang.ExceptionInInitializerError: Exception java.lang.VerifyError: Expecting a stack map frame
Exception Details:
  Location:
    org/apache/dubbo/common/utils/SystemPropertyConfigUtils.<clinit>()V @196: ldc
  Reason:
    Expected stackmap frame at this location.
  Bytecode:
    0000000: 1208 b600 339a 0007 04a7 0004 03b3 0039
    0000010: bb00 3d59 b700 3fb3 0029 06bd 0034 5903
    0000020: 1240 5359 0412 4253 5905 1244 534b 2a4c
    0000030: 2bbe 3d03 3e1d 1ca2 0092 2b1d 323a 0419
    0000040: 04b6 0046 3a05 1905 3a06 1906 be36 0703
    0000050: 3608 1508 1507 a200 6819 0615 0832 3a09
    0000060: b200 399a 0011 b200 29c7 000b bb00 4a59
    0000070: b700 4cbf 1909 01b6 004d 3a0a 190a c100
    0000080: 1899 0011 b200 2919 0ac0 0018 b900 5302
    0000090: 0057 a700 263a 0abb 0013 5912 5805 bd00
    00000a0: 0259 0319 04b6 005a 5359 0419 09b6 005e
    00000b0: 53b8 0017 b700 1dbf 8408 01a7 ff97 8403
    00000c0: 01a7 ff74 12a5 b800 a8b1               
  Exception Handler Table:
    bci [96, 146] => handler: 149
  Stackmap Table:
    same_frame(@12)
    same_locals_1_stack_item_frame(@13,Integer)
    full_frame(@53,{Object[#126],Object[#126],Integer,Integer},{})
    full_frame(@82,{Object[#126],Object[#126],Integer,Integer,Object[#52],Object[#127],Object[#127],Integer,Integer},{})
    append_frame(@116,Object[#78])
    same_frame(@146)
    same_locals_1_stack_item_frame(@149,Object[#86])
    chop_frame(@184,1)
    full_frame(@190,{Object[#126],Object[#126],Integer,Integer},{})
    full_frame(@201,{},{})
 [in thread "main"]
	at org.apache.dubbo.common.logger.LoggerFactory.<clinit>(LoggerFactory.java:54)
	at org.apache.dubbo.rpc.model.ScopeModel.<clinit>(ScopeModel.java:43)
	at org.apache.dubbo.metadata.definition.MetadataTest.setup(MetadataTest.java:41)
	at java.base/java.lang.reflect.Method.invoke(Method.java:569)
	... 1 more

[ERROR] org.apache.dubbo.common.logger.LoggerFactoryTest.testGetLogger -- Time elapsed: 0.001 s <<< ERROR!
java.lang.NoClassDefFoundError: Could not initialize class org.apache.dubbo.common.logger.LoggerFactory
	at org.apache.dubbo.common.logger.LoggerFactoryTest.testGetLogger(LoggerFactoryTest.java:58)
	at java.base/java.lang.reflect.Method.invoke(Method.java:569)
	at java.base/java.util.ArrayList.forEach(ArrayList.java:1511)
	at java.base/java.util.ArrayList.forEach(ArrayList.java:1511)
Caused by: java.lang.ExceptionInInitializerError: Exception java.lang.VerifyError: Expecting a stack map frame
Exception Details:
  Location:
    org/apache/dubbo/common/utils/SystemPropertyConfigUtils.<clinit>()V @196: ldc
  Reason:
    Expected stackmap frame at this location.
  Bytecode:
    0000000: 1208 b600 339a 0007 04a7 0004 03b3 0039
    0000010: bb00 3d59 b700 3fb3 0029 06bd 0034 5903
    0000020: 1240 5359 0412 4253 5905 1244 534b 2a4c
    0000030: 2bbe 3d03 3e1d 1ca2 0092 2b1d 323a 0419
    0000040: 04b6 0046 3a05 1905 3a06 1906 be36 0703
    0000050: 3608 1508 1507 a200 6819 0615 0832 3a09
    0000060: b200 399a 0011 b200 29c7 000b bb00 4a59
    0000070: b700 4cbf 1909 01b6 004d 3a0a 190a c100
    0000080: 1899 0011 b200 2919 0ac0 0018 b900 5302
    0000090: 0057 a700 263a 0abb 0013 5912 5805 bd00
    00000a0: 0259 0319 04b6 005a 5359 0419 09b6 005e
    00000b0: 53b8 0017 b700 1dbf 8408 01a7 ff97 8403
    00000c0: 01a7 ff74 12a5 b800 a8b1               
  Exception Handler Table:
    bci [96, 146] => handler: 149
  Stackmap Table:
    same_frame(@12)
    same_locals_1_stack_item_frame(@13,Integer)
    full_frame(@53,{Object[#126],Object[#126],Integer,Integer},{})
    full_frame(@82,{Object[#126],Object[#126],Integer,Integer,Object[#52],Object[#127],Object[#127],Integer,Integer},{})
    append_frame(@116,Object[#78])
    same_frame(@146)
    same_locals_1_stack_item_frame(@149,Object[#86])
    chop_frame(@184,1)
    full_frame(@190,{Object[#126],Object[#126],Integer,Integer},{})
    full_frame(@201,{},{})
 [in thread "main"]
	at org.apache.dubbo.common.logger.LoggerFactory.<clinit>(LoggerFactory.java:54)
	at org.apache.dubbo.rpc.model.ScopeModel.<clinit>(ScopeModel.java:43)
	at org.apache.dubbo.metadata.definition.MetadataTest.setup(MetadataTest.java:41)
	at java.base/java.lang.reflect.Method.invoke(Method.java:569)
	... 1 more

[ERROR] org.apache.dubbo.common.logger.LoggerFactoryTest.testAllLogLevel -- Time elapsed: 0.002 s <<< ERROR!
java.lang.NoClassDefFoundError: Could not initialize class org.apache.dubbo.common.logger.LoggerFactory
	at org.apache.dubbo.common.logger.LoggerFactoryTest.testAllLogLevel(LoggerFactoryTest.java:49)
	at java.base/java.lang.reflect.Method.invoke(Method.java:569)
	at java.base/java.util.ArrayList.forEach(ArrayList.java:1511)
	at java.base/java.util.ArrayList.forEach(ArrayList.java:1511)
Caused by: java.lang.ExceptionInInitializerError: Exception java.lang.VerifyError: Expecting a stack map frame
Exception Details:
  Location:
    org/apache/dubbo/common/utils/SystemPropertyConfigUtils.<clinit>()V @196: ldc
  Reason:
    Expected stackmap frame at this location.
  Bytecode:
    0000000: 1208 b600 339a 0007 04a7 0004 03b3 0039
    0000010: bb00 3d59 b700 3fb3 0029 06bd 0034 5903
    0000020: 1240 5359 0412 4253 5905 1244 534b 2a4c
    0000030: 2bbe 3d03 3e1d 1ca2 0092 2b1d 323a 0419
    0000040: 04b6 0046 3a05 1905 3a06 1906 be36 0703
    0000050: 3608 1508 1507 a200 6819 0615 0832 3a09
    0000060: b200 399a 0011 b200 29c7 000b bb00 4a59
    0000070: b700 4cbf 1909 01b6 004d 3a0a 190a c100
    0000080: 1899 0011 b200 2919 0ac0 0018 b900 5302
    0000090: 0057 a700 263a 0abb 0013 5912 5805 bd00
    00000a0: 0259 0319 04b6 005a 5359 0419 09b6 005e
    00000b0: 53b8 0017 b700 1dbf 8408 01a7 ff97 8403
    00000c0: 01a7 ff74 12a5 b800 a8b1               
  Exception Handler Table:
    bci [96, 146] => handler: 149
  Stackmap Table:
    same_frame(@12)
    same_locals_1_stack_item_frame(@13,Integer)
    full_frame(@53,{Object[#126],Object[#126],Integer,Integer},{})
    full_frame(@82,{Object[#126],Object[#126],Integer,Integer,Object[#52],Object[#127],Object[#127],Integer,Integer},{})
    append_frame(@116,Object[#78])
    same_frame(@146)
    same_locals_1_stack_item_frame(@149,Object[#86])
    chop_frame(@184,1)
    full_frame(@190,{Object[#126],Object[#126],Integer,Integer},{})
    full_frame(@201,{},{})
 [in thread "main"]
	at org.apache.dubbo.common.logger.LoggerFactory.<clinit>(LoggerFactory.java:54)
	at org.apache.dubbo.rpc.model.ScopeModel.<clinit>(ScopeModel.java:43)
	at org.apache.dubbo.metadata.definition.MetadataTest.setup(MetadataTest.java:41)
	at java.base/java.lang.reflect.Method.invoke(Method.java:569)
	... 1 more

[INFO] Running org.apache.dubbo.common.logger.LoggerTest
23:15:50.679 |-ERROR [main] rg.apache.dubbo.common.logger.LoggerTest:68  -| error
java.lang.Exception: error
	at org.apache.dubbo.common.logger.LoggerTest.testAllLogMethod(LoggerTest.java:68)
	... suppressed 37 lines
	at java.base/java.util.Optional.ifPresent(Optional.java:178)
	...
	at java.base/java.util.stream.ForEachOps$ForEachOp$OfRef.accept(ForEachOps.java:183)
	at java.base/java.util.stream.ReferencePipeline$3$1.accept(ReferencePipeline.java:197)
	at java.base/java.util.stream.ForEachOps$ForEachOp$OfRef.accept(ForEachOps.java:183)
	at java.base/java.util.stream.ForEachOps$ForEachOp$OfRef.accept(ForEachOps.java:183)
	at java.base/java.util.stream.ReferencePipeline$3$1.accept(ReferencePipeline.java:197)
	at java.base/java.util.Spliterators$ArraySpliterator.forEachRemaining(Spliterators.java:992)
	at java.base/java.util.stream.ReferencePipeline$Head.forEach(ReferencePipeline.java:762)
	at java.base/java.util.stream.ReferencePipeline$7$1.accept(ReferencePipeline.java:276)
	at java.base/java.util.stream.ReferencePipeline$3$1.accept(ReferencePipeline.java:197)
	at java.base/java.util.stream.ReferencePipeline$3$1.accept(ReferencePipeline.java:197)
	at java.base/java.util.stream.ReferencePipeline$3$1.accept(ReferencePipeline.java:197)
	at java.base/java.util.Spliterators$ArraySpliterator.forEachRemaining(Spliterators.java:992)
	at java.base/java.util.stream.AbstractPipeline.copyInto(AbstractPipeline.java:509)
	at java.base/java.util.stream.AbstractPipeline.wrapAndCopyInto(AbstractPipeline.java:499)
	at java.base/java.util.stream.ForEachOps$ForEachOp.evaluateSequential(ForEachOps.java:150)
	at java.base/java.util.stream.ForEachOps$ForEachOp$OfRef.evaluateSequential(ForEachOps.java:173)
	at java.base/java.util.stream.AbstractPipeline.evaluate(AbstractPipeline.java:234)
	at java.base/java.util.stream.ReferencePipeline.forEach(ReferencePipeline.java:596)
	at java.base/java.util.stream.ReferencePipeline$7$1.accept(ReferencePipeline.java:276)
	at java.base/java.util.ArrayList$ArrayListSpliterator.forEachRemaining(ArrayList.java:1625)
	at java.base/java.util.stream.AbstractPipeline.copyInto(AbstractPipeline.java:509)
	at java.base/java.util.stream.AbstractPipeline.wrapAndCopyInto(AbstractPipeline.java:499)
	at java.base/java.util.stream.ForEachOps$ForEachOp.evaluateSequential(ForEachOps.java:150)
	at java.base/java.util.stream.ForEachOps$ForEachOp$OfRef.evaluateSequential(ForEachOps.java:173)
	at java.base/java.util.stream.AbstractPipeline.evaluate(AbstractPipeline.java:234)
	at java.base/java.util.stream.ReferencePipeline.forEach(ReferencePipeline.java:596)
	at java.base/java.util.stream.ReferencePipeline$7$1.accept(ReferencePipeline.java:276)
	at java.base/java.util.stream.ReferencePipeline$3$1.accept(ReferencePipeline.java:197)
	at java.base/java.util.stream.ReferencePipeline$3$1.accept(ReferencePipeline.java:197)
	at java.base/java.util.stream.ReferencePipeline$3$1.accept(ReferencePipeline.java:197)
	at java.base/java.util.ArrayList$ArrayListSpliterator.forEachRemaining(ArrayList.java:1625)
	at java.base/java.util.stream.AbstractPipeline.copyInto(AbstractPipeline.java:509)
	at java.base/java.util.stream.AbstractPipeline.wrapAndCopyInto(AbstractPipeline.java:499)
	at java.base/java.util.stream.ForEachOps$ForEachOp.evaluateSequential(ForEachOps.java:150)
	at java.base/java.util.stream.ForEachOps$ForEachOp$OfRef.evaluateSequential(ForEachOps.java:173)
	at java.base/java.util.stream.AbstractPipeline.evaluate(AbstractPipeline.java:234)
	at java.base/java.util.stream.ReferencePipeline.forEach(ReferencePipeline.java:596)
	... suppressed 12 lines
	at java.base/java.util.ArrayList.forEach(ArrayList.java:1511)
	... suppressed 9 lines
	at java.base/java.util.ArrayList.forEach(ArrayList.java:1511)
	... suppressed 26 lines
	at org.apache.maven.surefire.junitplatform.LauncherAdapter.executeWithoutCancellationToken(LauncherAdapter.java:60)
	at org.apache.maven.surefire.junitplatform.LauncherAdapter.execute(LauncherAdapter.java:52)
	at org.apache.maven.surefire.junitplatform.JUnitPlatformProvider.execute(JUnitPlatformProvider.java:203)
	at org.apache.maven.surefire.junitplatform.JUnitPlatformProvider.invokeAllTests(JUnitPlatformProvider.java:168)
	at org.apache.maven.surefire.junitplatform.JUnitPlatformProvider.invoke(JUnitPlatformProvider.java:136)
	at org.apache.maven.surefire.booter.ForkedBooter.runSuitesInProcess(ForkedBooter.java:385)
	at org.apache.maven.surefire.booter.ForkedBooter.execute(ForkedBooter.java:162)
	at org.apache.maven.surefire.booter.ForkedBooter.run(ForkedBooter.java:507)
	at org.apache.maven.surefire.booter.ForkedBooter.main(ForkedBooter.java:495)
23:15:50.683 |-WARN  [main] rg.apache.dubbo.common.logger.LoggerTest:69  -| warn
java.lang.Exception: warn
	at org.apache.dubbo.common.logger.LoggerTest.testAllLogMethod(LoggerTest.java:69)
	... suppressed 37 lines
	at java.base/java.util.Optional.ifPresent(Optional.java:178)
	...
	at java.base/java.util.stream.ForEachOps$ForEachOp$OfRef.accept(ForEachOps.java:183)
	at java.base/java.util.stream.ReferencePipeline$3$1.accept(ReferencePipeline.java:197)
	at java.base/java.util.stream.ForEachOps$ForEachOp$OfRef.accept(ForEachOps.java:183)
	at java.base/java.util.stream.ForEachOps$ForEachOp$OfRef.accept(ForEachOps.java:183)
	at java.base/java.util.stream.ReferencePipeline$3$1.accept(ReferencePipeline.java:197)
	at java.base/java.util.Spliterators$ArraySpliterator.forEachRemaining(Spliterators.java:992)
	at java.base/java.util.stream.ReferencePipeline$Head.forEach(ReferencePipeline.java:762)
	at java.base/java.util.stream.ReferencePipeline$7$1.accept(ReferencePipeline.java:276)
	at java.base/java.util.stream.ReferencePipeline$3$1.accept(ReferencePipeline.java:197)
	at java.base/java.util.stream.ReferencePipeline$3$1.accept(ReferencePipeline.java:197)
	at java.base/java.util.stream.ReferencePipeline$3$1.accept(ReferencePipeline.java:197)
	at java.base/java.util.Spliterators$ArraySpliterator.forEachRemaining(Spliterators.java:992)
	at java.base/java.util.stream.AbstractPipeline.copyInto(AbstractPipeline.java:509)
	at java.base/java.util.stream.AbstractPipeline.wrapAndCopyInto(AbstractPipeline.java:499)
	at java.base/java.util.stream.ForEachOps$ForEachOp.evaluateSequential(ForEachOps.java:150)
	at java.base/java.util.stream.ForEachOps$ForEachOp$OfRef.evaluateSequential(ForEachOps.java:173)
	at java.base/java.util.stream.AbstractPipeline.evaluate(AbstractPipeline.java:234)
	at java.base/java.util.stream.ReferencePipeline.forEach(ReferencePipeline.java:596)
	at java.base/java.util.stream.ReferencePipeline$7$1.accept(ReferencePipeline.java:276)
	at java.base/java.util.ArrayList$ArrayListSpliterator.forEachRemaining(ArrayList.java:1625)
	at java.base/java.util.stream.AbstractPipeline.copyInto(AbstractPipeline.java:509)
	at java.base/java.util.stream.AbstractPipeline.wrapAndCopyInto(AbstractPipeline.java:499)
	at java.base/java.util.stream.ForEachOps$ForEachOp.evaluateSequential(ForEachOps.java:150)
	at java.base/java.util.stream.ForEachOps$ForEachOp$OfRef.evaluateSequential(ForEachOps.java:173)
	at java.base/java.util.stream.AbstractPipeline.evaluate(AbstractPipeline.java:234)
	at java.base/java.util.stream.ReferencePipeline.forEach(ReferencePipeline.java:596)
	at java.base/java.util.stream.ReferencePipeline$7$1.accept(ReferencePipeline.java:276)
	at java.base/java.util.stream.ReferencePipeline$3$1.accept(ReferencePipeline.java:197)
	at java.base/java.util.stream.ReferencePipeline$3$1.accept(ReferencePipeline.java:197)
	at java.base/java.util.stream.ReferencePipeline$3$1.accept(ReferencePipeline.java:197)
	at java.base/java.util.ArrayList$ArrayListSpliterator.forEachRemaining(ArrayList.java:1625)
	at java.base/java.util.stream.AbstractPipeline.copyInto(AbstractPipeline.java:509)
	at java.base/java.util.stream.AbstractPipeline.wrapAndCopyInto(AbstractPipeline.java:499)
	at java.base/java.util.stream.ForEachOps$ForEachOp.evaluateSequential(ForEachOps.java:150)
	at java.base/java.util.stream.ForEachOps$ForEachOp$OfRef.evaluateSequential(ForEachOps.java:173)
	at java.base/java.util.stream.AbstractPipeline.evaluate(AbstractPipeline.java:234)
	at java.base/java.util.stream.ReferencePipeline.forEach(ReferencePipeline.java:596)
	... suppressed 12 lines
	at java.base/java.util.ArrayList.forEach(ArrayList.java:1511)
	... suppressed 9 lines
	at java.base/java.util.ArrayList.forEach(ArrayList.java:1511)
	... suppressed 26 lines
	at org.apache.maven.surefire.junitplatform.LauncherAdapter.executeWithoutCancellationToken(LauncherAdapter.java:60)
	at org.apache.maven.surefire.junitplatform.LauncherAdapter.execute(LauncherAdapter.java:52)
	at org.apache.maven.surefire.junitplatform.JUnitPlatformProvider.execute(JUnitPlatformProvider.java:203)
	at org.apache.maven.surefire.junitplatform.JUnitPlatformProvider.invokeAllTests(JUnitPlatformProvider.java:168)
	at org.apache.maven.surefire.junitplatform.JUnitPlatformProvider.invoke(JUnitPlatformProvider.java:136)
	at org.apache.maven.surefire.booter.ForkedBooter.runSuitesInProcess(ForkedBooter.java:385)
	at org.apache.maven.surefire.booter.ForkedBooter.execute(ForkedBooter.java:162)
	at org.apache.maven.surefire.booter.ForkedBooter.run(ForkedBooter.java:507)
	at org.apache.maven.surefire.booter.ForkedBooter.main(ForkedBooter.java:495)
23:15:50.683 |-INFO  [main] rg.apache.dubbo.common.logger.LoggerTest:70  -| info
java.lang.Exception: info
	at org.apache.dubbo.common.logger.LoggerTest.testAllLogMethod(LoggerTest.java:70)
	... suppressed 37 lines
	at java.base/java.util.Optional.ifPresent(Optional.java:178)
	...
	at java.base/java.util.stream.ForEachOps$ForEachOp$OfRef.accept(ForEachOps.java:183)
	at java.base/java.util.stream.ReferencePipeline$3$1.accept(ReferencePipeline.java:197)
	at java.base/java.util.stream.ForEachOps$ForEachOp$OfRef.accept(ForEachOps.java:183)
	at java.base/java.util.stream.ForEachOps$ForEachOp$OfRef.accept(ForEachOps.java:183)
	at java.base/java.util.stream.ReferencePipeline$3$1.accept(ReferencePipeline.java:197)
	at java.base/java.util.Spliterators$ArraySpliterator.forEachRemaining(Spliterators.java:992)
	at java.base/java.util.stream.ReferencePipeline$Head.forEach(ReferencePipeline.java:762)
	at java.base/java.util.stream.ReferencePipeline$7$1.accept(ReferencePipeline.java:276)
	at java.base/java.util.stream.ReferencePipeline$3$1.accept(ReferencePipeline.java:197)
	at java.base/java.util.stream.ReferencePipeline$3$1.accept(ReferencePipeline.java:197)
	at java.base/java.util.stream.ReferencePipeline$3$1.accept(ReferencePipeline.java:197)
	at java.base/java.util.Spliterators$ArraySpliterator.forEachRemaining(Spliterators.java:992)
	at java.base/java.util.stream.AbstractPipeline.copyInto(AbstractPipeline.java:509)
	at java.base/java.util.stream.AbstractPipeline.wrapAndCopyInto(AbstractPipeline.java:499)
	at java.base/java.util.stream.ForEachOps$ForEachOp.evaluateSequential(ForEachOps.java:150)
	at java.base/java.util.stream.ForEachOps$ForEachOp$OfRef.evaluateSequential(ForEachOps.java:173)
	at java.base/java.util.stream.AbstractPipeline.evaluate(AbstractPipeline.java:234)
	at java.base/java.util.stream.ReferencePipeline.forEach(ReferencePipeline.java:596)
	at java.base/java.util.stream.ReferencePipeline$7$1.accept(ReferencePipeline.java:276)
	at java.base/java.util.ArrayList$ArrayListSpliterator.forEachRemaining(ArrayList.java:1625)
	at java.base/java.util.stream.AbstractPipeline.copyInto(AbstractPipeline.java:509)
	at java.base/java.util.stream.AbstractPipeline.wrapAndCopyInto(AbstractPipeline.java:499)
	at java.base/java.util.stream.ForEachOps$ForEachOp.evaluateSequential(ForEachOps.java:150)
	at java.base/java.util.stream.ForEachOps$ForEachOp$OfRef.evaluateSequential(ForEachOps.java:173)
	at java.base/java.util.stream.AbstractPipeline.evaluate(AbstractPipeline.java:234)
	at java.base/java.util.stream.ReferencePipeline.forEach(ReferencePipeline.java:596)
	at java.base/java.util.stream.ReferencePipeline$7$1.accept(ReferencePipeline.java:276)
	at java.base/java.util.stream.ReferencePipeline$3$1.accept(ReferencePipeline.java:197)
	at java.base/java.util.stream.ReferencePipeline$3$1.accept(ReferencePipeline.java:197)
	at java.base/java.util.stream.ReferencePipeline$3$1.accept(ReferencePipeline.java:197)
	at java.base/java.util.ArrayList$ArrayListSpliterator.forEachRemaining(ArrayList.java:1625)
	at java.base/java.util.stream.AbstractPipeline.copyInto(AbstractPipeline.java:509)
	at java.base/java.util.stream.AbstractPipeline.wrapAndCopyInto(AbstractPipeline.java:499)
	at java.base/java.util.stream.ForEachOps$ForEachOp.evaluateSequential(ForEachOps.java:150)
	at java.base/java.util.stream.ForEachOps$ForEachOp$OfRef.evaluateSequential(ForEachOps.java:173)
	at java.base/java.util.stream.AbstractPipeline.evaluate(AbstractPipeline.java:234)
	at java.base/java.util.stream.ReferencePipeline.forEach(ReferencePipeline.java:596)
	... suppressed 12 lines
	at java.base/java.util.ArrayList.forEach(ArrayList.java:1511)
	... suppressed 9 lines
	at java.base/java.util.ArrayList.forEach(ArrayList.java:1511)
	... suppressed 26 lines
	at org.apache.maven.surefire.junitplatform.LauncherAdapter.executeWithoutCancellationToken(LauncherAdapter.java:60)
	at org.apache.maven.surefire.junitplatform.LauncherAdapter.execute(LauncherAdapter.java:52)
	at org.apache.maven.surefire.junitplatform.JUnitPlatformProvider.execute(JUnitPlatformProvider.java:203)
	at org.apache.maven.surefire.junitplatform.JUnitPlatformProvider.invokeAllTests(JUnitPlatformProvider.java:168)
	at org.apache.maven.surefire.junitplatform.JUnitPlatformProvider.invoke(JUnitPlatformProvider.java:136)
	at org.apache.maven.surefire.booter.ForkedBooter.runSuitesInProcess(ForkedBooter.java:385)
	at org.apache.maven.surefire.booter.ForkedBooter.execute(ForkedBooter.java:162)
	at org.apache.maven.surefire.booter.ForkedBooter.run(ForkedBooter.java:507)
	at org.apache.maven.surefire.booter.ForkedBooter.main(ForkedBooter.java:495)
23:15:50.684 |-DEBUG [main] rg.apache.dubbo.common.logger.LoggerTest:71  -| debug
java.lang.Exception: debug
	at org.apache.dubbo.common.logger.LoggerTest.testAllLogMethod(LoggerTest.java:71)
	... suppressed 37 lines
	at java.base/java.util.Optional.ifPresent(Optional.java:178)
	...
	at java.base/java.util.stream.ForEachOps$ForEachOp$OfRef.accept(ForEachOps.java:183)
	at java.base/java.util.stream.ReferencePipeline$3$1.accept(ReferencePipeline.java:197)
	at java.base/java.util.stream.ForEachOps$ForEachOp$OfRef.accept(ForEachOps.java:183)
	at java.base/java.util.stream.ForEachOps$ForEachOp$OfRef.accept(ForEachOps.java:183)
	at java.base/java.util.stream.ReferencePipeline$3$1.accept(ReferencePipeline.java:197)
	at java.base/java.util.Spliterators$ArraySpliterator.forEachRemaining(Spliterators.java:992)
	at java.base/java.util.stream.ReferencePipeline$Head.forEach(ReferencePipeline.java:762)
	at java.base/java.util.stream.ReferencePipeline$7$1.accept(ReferencePipeline.java:276)
	at java.base/java.util.stream.ReferencePipeline$3$1.accept(ReferencePipeline.java:197)
	at java.base/java.util.stream.ReferencePipeline$3$1.accept(ReferencePipeline.java:197)
	at java.base/java.util.stream.ReferencePipeline$3$1.accept(ReferencePipeline.java:197)
	at java.base/java.util.Spliterators$ArraySpliterator.forEachRemaining(Spliterators.java:992)
	at java.base/java.util.stream.AbstractPipeline.copyInto(AbstractPipeline.java:509)
	at java.base/java.util.stream.AbstractPipeline.wrapAndCopyInto(AbstractPipeline.java:499)
	at java.base/java.util.stream.ForEachOps$ForEachOp.evaluateSequential(ForEachOps.java:150)
	at java.base/java.util.stream.ForEachOps$ForEachOp$OfRef.evaluateSequential(ForEachOps.java:173)
	at java.base/java.util.stream.AbstractPipeline.evaluate(AbstractPipeline.java:234)
	at java.base/java.util.stream.ReferencePipeline.forEach(ReferencePipeline.java:596)
	at java.base/java.util.stream.ReferencePipeline$7$1.accept(ReferencePipeline.java:276)
	at java.base/java.util.ArrayList$ArrayListSpliterator.forEachRemaining(ArrayList.java:1625)
	at java.base/java.util.stream.AbstractPipeline.copyInto(AbstractPipeline.java:509)
	at java.base/java.util.stream.AbstractPipeline.wrapAndCopyInto(AbstractPipeline.java:499)
	at java.base/java.util.stream.ForEachOps$ForEachOp.evaluateSequential(ForEachOps.java:150)
	at java.base/java.util.stream.ForEachOps$ForEachOp$OfRef.evaluateSequential(ForEachOps.java:173)
	at java.base/java.util.stream.AbstractPipeline.evaluate(AbstractPipeline.java:234)
	at java.base/java.util.stream.ReferencePipeline.forEach(ReferencePipeline.java:596)
	at java.base/java.util.stream.ReferencePipeline$7$1.accept(ReferencePipeline.java:276)
	at java.base/java.util.stream.ReferencePipeline$3$1.accept(ReferencePipeline.java:197)
	at java.base/java.util.stream.ReferencePipeline$3$1.accept(ReferencePipeline.java:197)
	at java.base/java.util.stream.ReferencePipeline$3$1.accept(ReferencePipeline.java:197)
	at java.base/java.util.ArrayList$ArrayListSpliterator.forEachRemaining(ArrayList.java:1625)
	at java.base/java.util.stream.AbstractPipeline.copyInto(AbstractPipeline.java:509)
	at java.base/java.util.stream.AbstractPipeline.wrapAndCopyInto(AbstractPipeline.java:499)
	at java.base/java.util.stream.ForEachOps$ForEachOp.evaluateSequential(ForEachOps.java:150)
	at java.base/java.util.stream.ForEachOps$ForEachOp$OfRef.evaluateSequential(ForEachOps.java:173)
	at java.base/java.util.stream.AbstractPipeline.evaluate(AbstractPipeline.java:234)
	at java.base/java.util.stream.ReferencePipeline.forEach(ReferencePipeline.java:596)
	... suppressed 12 lines
	at java.base/java.util.ArrayList.forEach(ArrayList.java:1511)
	... suppressed 9 lines
	at java.base/java.util.ArrayList.forEach(ArrayList.java:1511)
	... suppressed 26 lines
	at org.apache.maven.surefire.junitplatform.LauncherAdapter.executeWithoutCancellationToken(LauncherAdapter.java:60)
	at org.apache.maven.surefire.junitplatform.LauncherAdapter.execute(LauncherAdapter.java:52)
	at org.apache.maven.surefire.junitplatform.JUnitPlatformProvider.execute(JUnitPlatformProvider.java:203)
	at org.apache.maven.surefire.junitplatform.JUnitPlatformProvider.invokeAllTests(JUnitPlatformProvider.java:168)
	at org.apache.maven.surefire.junitplatform.JUnitPlatformProvider.invoke(JUnitPlatformProvider.java:136)
	at org.apache.maven.surefire.booter.ForkedBooter.runSuitesInProcess(ForkedBooter.java:385)
	at org.apache.maven.surefire.booter.ForkedBooter.execute(ForkedBooter.java:162)
	at org.apache.maven.surefire.booter.ForkedBooter.run(ForkedBooter.java:507)
	at org.apache.maven.surefire.booter.ForkedBooter.main(ForkedBooter.java:495)
23:15:50.684 |-TRACE [main] rg.apache.dubbo.common.logger.LoggerTest:72  -| trace
java.lang.Exception: trace
	at org.apache.dubbo.common.logger.LoggerTest.testAllLogMethod(LoggerTest.java:72)
	... suppressed 37 lines
	at java.base/java.util.Optional.ifPresent(Optional.java:178)
	...
	at java.base/java.util.stream.ForEachOps$ForEachOp$OfRef.accept(ForEachOps.java:183)
	at java.base/java.util.stream.ReferencePipeline$3$1.accept(ReferencePipeline.java:197)
	at java.base/java.util.stream.ForEachOps$ForEachOp$OfRef.accept(ForEachOps.java:183)
	at java.base/java.util.stream.ForEachOps$ForEachOp$OfRef.accept(ForEachOps.java:183)
	at java.base/java.util.stream.ReferencePipeline$3$1.accept(ReferencePipeline.java:197)
	at java.base/java.util.Spliterators$ArraySpliterator.forEachRemaining(Spliterators.java:992)
	at java.base/java.util.stream.ReferencePipeline$Head.forEach(ReferencePipeline.java:762)
	at java.base/java.util.stream.ReferencePipeline$7$1.accept(ReferencePipeline.java:276)
	at java.base/java.util.stream.ReferencePipeline$3$1.accept(ReferencePipeline.java:197)
	at java.base/java.util.stream.ReferencePipeline$3$1.accept(ReferencePipeline.java:197)
	at java.base/java.util.stream.ReferencePipeline$3$1.accept(ReferencePipeline.java:197)
	at java.base/java.util.Spliterators$ArraySpliterator.forEachRemaining(Spliterators.java:992)
	at java.base/java.util.stream.AbstractPipeline.copyInto(AbstractPipeline.java:509)
	at java.base/java.util.stream.AbstractPipeline.wrapAndCopyInto(AbstractPipeline.java:499)
	at java.base/java.util.stream.ForEachOps$ForEachOp.evaluateSequential(ForEachOps.java:150)
	at java.base/java.util.stream.ForEachOps$ForEachOp$OfRef.evaluateSequential(ForEachOps.java:173)
	at java.base/java.util.stream.AbstractPipeline.evaluate(AbstractPipeline.java:234)
	at java.base/java.util.stream.ReferencePipeline.forEach(ReferencePipeline.java:596)
	at java.base/java.util.stream.ReferencePipeline$7$1.accept(ReferencePipeline.java:276)
	at java.base/java.util.ArrayList$ArrayListSpliterator.forEachRemaining(ArrayList.java:1625)
	at java.base/java.util.stream.AbstractPipeline.copyInto(AbstractPipeline.java:509)
	at java.base/java.util.stream.AbstractPipeline.wrapAndCopyInto(AbstractPipeline.java:499)
	at java.base/java.util.stream.ForEachOps$ForEachOp.evaluateSequential(ForEachOps.java:150)
	at java.base/java.util.stream.ForEachOps$ForEachOp$OfRef.evaluateSequential(ForEachOps.java:173)
	at java.base/java.util.stream.AbstractPipeline.evaluate(AbstractPipeline.java:234)
	at java.base/java.util.stream.ReferencePipeline.forEach(ReferencePipeline.java:596)
	at java.base/java.util.stream.ReferencePipeline$7$1.accept(ReferencePipeline.java:276)
	at java.base/java.util.stream.ReferencePipeline$3$1.accept(ReferencePipeline.java:197)
	at java.base/java.util.stream.ReferencePipeline$3$1.accept(ReferencePipeline.java:197)
	at java.base/java.util.stream.ReferencePipeline$3$1.accept(ReferencePipeline.java:197)
	at java.base/java.util.ArrayList$ArrayListSpliterator.forEachRemaining(ArrayList.java:1625)
	at java.base/java.util.stream.AbstractPipeline.copyInto(AbstractPipeline.java:509)
	at java.base/java.util.stream.AbstractPipeline.wrapAndCopyInto(AbstractPipeline.java:499)
	at java.base/java.util.stream.ForEachOps$ForEachOp.evaluateSequential(ForEachOps.java:150)
	at java.base/java.util.stream.ForEachOps$ForEachOp$OfRef.evaluateSequential(ForEachOps.java:173)
	at java.base/java.util.stream.AbstractPipeline.evaluate(AbstractPipeline.java:234)
	at java.base/java.util.stream.ReferencePipeline.forEach(ReferencePipeline.java:596)
	... suppressed 12 lines
	at java.base/java.util.ArrayList.forEach(ArrayList.java:1511)
	... suppressed 9 lines
	at java.base/java.util.ArrayList.forEach(ArrayList.java:1511)
	... suppressed 26 lines
	at org.apache.maven.surefire.junitplatform.LauncherAdapter.executeWithoutCancellationToken(LauncherAdapter.java:60)
	at org.apache.maven.surefire.junitplatform.LauncherAdapter.execute(LauncherAdapter.java:52)
	at org.apache.maven.surefire.junitplatform.JUnitPlatformProvider.execute(JUnitPlatformProvider.java:203)
	at org.apache.maven.surefire.junitplatform.JUnitPlatformProvider.invokeAllTests(JUnitPlatformProvider.java:168)
	at org.apache.maven.surefire.junitplatform.JUnitPlatformProvider.invoke(JUnitPlatformProvider.java:136)
	at org.apache.maven.surefire.booter.ForkedBooter.runSuitesInProcess(ForkedBooter.java:385)
	at org.apache.maven.surefire.booter.ForkedBooter.execute(ForkedBooter.java:162)
	at org.apache.maven.surefire.booter.ForkedBooter.run(ForkedBooter.java:507)
	at org.apache.maven.surefire.booter.ForkedBooter.main(ForkedBooter.java:495)
[INFO] Tests run: 10, Failures: 0, Errors: 0, Skipped: 0, Time elapsed: 0.063 s -- in org.apache.dubbo.common.logger.LoggerTest
[INFO] Running org.apache.dubbo.common.ProtocolServiceKeyMatcherTest
[ERROR] Tests run: 1, Failures: 0, Errors: 1, Skipped: 0, Time elapsed: 0.012 s <<< FAILURE! -- in org.apache.dubbo.common.ProtocolServiceKeyMatcherTest
[ERROR] org.apache.dubbo.common.ProtocolServiceKeyMatcherTest.testProtocol -- Time elapsed: 0.010 s <<< ERROR!
java.lang.NoClassDefFoundError: Could not initialize class org.apache.dubbo.common.utils.StringUtils
	at org.apache.dubbo.common.ServiceKey$Matcher.isMatch(ServiceKey.java:82)
	at org.apache.dubbo.common.ProtocolServiceKey$Matcher.isMatch(ProtocolServiceKey.java:88)
	at org.apache.dubbo.common.ProtocolServiceKeyMatcherTest.testProtocol(ProtocolServiceKeyMatcherTest.java:26)
	at java.base/java.lang.reflect.Method.invoke(Method.java:569)
	at java.base/java.util.ArrayList.forEach(ArrayList.java:1511)
	at java.base/java.util.ArrayList.forEach(ArrayList.java:1511)
Caused by: java.lang.ExceptionInInitializerError: Exception java.lang.NoClassDefFoundError: Could not initialize class org.apache.dubbo.common.logger.LoggerFactory [in thread "main"]
	at org.apache.dubbo.common.utils.StringUtils.<clinit>(StringUtils.java:57)
	at org.apache.dubbo.rpc.support.GroupServiceKeyCache.createServiceKey(GroupServiceKeyCache.java:60)
	at org.apache.dubbo.rpc.support.GroupServiceKeyCache.getServiceKey(GroupServiceKeyCache.java:52)
	at org.apache.dubbo.rpc.support.ProtocolUtils.serviceKey(ProtocolUtils.java:50)
	at org.apache.dubbo.rpc.support.ProtocolUtilsTest.assertServiceKey(ProtocolUtilsTest.java:52)
	at org.apache.dubbo.rpc.support.ProtocolUtilsTest.testGetServiceKey(ProtocolUtilsTest.java:29)
	... 3 more

[INFO] Running org.apache.dubbo.common.threadlocal.NamedInternalThreadFactoryTest
[INFO] Tests run: 1, Failures: 0, Errors: 0, Skipped: 0, Time elapsed: 0.008 s -- in org.apache.dubbo.common.threadlocal.NamedInternalThreadFactoryTest
[INFO] Running org.apache.dubbo.common.threadlocal.InternalThreadLocalTest
