>>> Using JDK 25 at: /scratch/mjk76/ea442/promptstudy/jdk25
>>> Stopping any leaked Gradle daemons from prior runs on this GRADLE_USER_HOME
Fetching distribution.
Downloading https://services.gradle.org/distributions/gradle-9.7.1-bin.zip
..............10%..............20%...............30%..............40%...............50%..............60%...............70%..............80%..............90%...............100%

Welcome to Gradle 9.7.1!

Here are the highlights of this release:
 - Isolated Projects graduates to incubating
 - Broader Configuration Cache compatibility
 - Resilient Sync helps you fix broken builds
 - More source locations in problem reports

For more details see https://docs.gradle.org/9.7.1/release-notes.html

No Gradle daemons are running.
>>> gradle compileJava (warm build, no agent)
To honour the JVM settings for this build a single-use Daemon process will be forked. For more on this, please refer to https://docs.gradle.org/9.7.1/userguide/gradle_daemon.html#sec:disabling_the_daemon in the Gradle documentation.
Daemon will be stopped at the end of the build 
> Task :buildSrc:compileJava
> Task :buildSrc:compileGroovy NO-SOURCE
> Task :buildSrc:pluginDescriptors
> Task :buildSrc:processResources
> Task :buildSrc:classes
> Task :buildSrc:compileTestJava
> Task :buildSrc:compileTestGroovy NO-SOURCE
> Task :buildSrc:processTestResources NO-SOURCE
> Task :buildSrc:testClasses
> Task :buildSrc:checkstyleMain
> Task :buildSrc:pluginUnderTestMetadata
> Task :buildSrc:checkstyleTest
> Task :buildSrc:test
> Task :buildSrc:validatePlugins
> Task :buildSrc:check
> Task :buildSrc:jar
> Task :spring-core:checkKotlinGradlePluginConfigurationErrors SKIPPED
> Task :spring-core:javapoetRepackJar
> Task :spring-core:objenesisRepackJar
> Task :spring-core:compileKotlin
> Task :spring-core:compileJava

[Incubating] Problems report is available at: file:///mmfs1/scratch/mjk76/ea442/promptstudy/spring-full-chicory/build/reports/problems/problems-report.html

Deprecated Gradle features were used in this build, making it incompatible with Gradle 10.

You can use '--warning-mode all' to show the individual deprecation warnings and determine if they come from your own scripts or plugins.

For more on this, please refer to https://docs.gradle.org/9.7.1/userguide/command_line_interface.html#sec:command_line_warnings in the Gradle documentation.

BUILD SUCCESSFUL in 2m 29s
14 actionable tasks: 14 executed
Consider enabling configuration cache to speed up this build: https://docs.gradle.org/9.7.1/userguide/configuration_cache_enabling.html
>>> gradle test (javaagent attached via init script) -- this is the actual Chicory-instrumented run
To honour the JVM settings for this build a single-use Daemon process will be forked. For more on this, please refer to https://docs.gradle.org/9.7.1/userguide/gradle_daemon.html#sec:disabling_the_daemon in the Gradle documentation.
Daemon will be stopped at the end of the build 
> Task :buildSrc:compileJava UP-TO-DATE
> Task :buildSrc:compileGroovy NO-SOURCE
> Task :buildSrc:pluginDescriptors UP-TO-DATE
> Task :buildSrc:processResources UP-TO-DATE
> Task :buildSrc:classes UP-TO-DATE
> Task :buildSrc:checkstyleMain UP-TO-DATE
> Task :buildSrc:compileTestJava UP-TO-DATE
> Task :buildSrc:compileTestGroovy NO-SOURCE
> Task :buildSrc:processTestResources NO-SOURCE
> Task :buildSrc:testClasses UP-TO-DATE
> Task :buildSrc:checkstyleTest UP-TO-DATE
> Task :buildSrc:pluginUnderTestMetadata UP-TO-DATE
> Task :buildSrc:test UP-TO-DATE
> Task :buildSrc:validatePlugins UP-TO-DATE
> Task :buildSrc:check UP-TO-DATE
> Task :buildSrc:jar UP-TO-DATE
> Task :spring-core:checkKotlinGradlePluginConfigurationErrors SKIPPED
> Task :spring-core:javapoetRepackJar UP-TO-DATE
> Task :spring-core:objenesisRepackJar UP-TO-DATE
> Task :spring-core:compileKotlin UP-TO-DATE
> Task :spring-core:compileJava UP-TO-DATE
> Task :spring-core:processResources
> Task :spring-core:classes
> Task :spring-core:compileJava21Kotlin NO-SOURCE
> Task :spring-core:compileJava21Java
> Task :spring-core:compileJava24Kotlin NO-SOURCE
> Task :spring-core:compileJava24Java
> Task :spring-core:processJava21Resources NO-SOURCE
> Task :spring-core:java21Classes
> Task :spring-core:processJava24Resources NO-SOURCE
> Task :spring-core:java24Classes
> Task :spring-core:jar
> Task :spring-core:compileTestFixturesKotlin NO-SOURCE
> Task :spring-core:compileTestFixturesJava
> Task :spring-core:processTestFixturesResources NO-SOURCE
> Task :spring-core:testFixturesClasses
> Task :spring-core:testFixturesJar
> Task :spring-core:processTestResources
> Task :spring-core:compileTestKotlin
> Task :spring-core:compileTestJava
> Task :spring-core:testClasses

> Task :spring-core:test

ThrowawayClassLoaderTests > loadingClassFromResourceClosesInputStream() FAILED
    java.lang.ClassCircularityError at ThrowawayClassLoaderTests.java:54

SpringNamingPolicyTests > fastClass() FAILED
    java.lang.NoClassDefFoundError at SpringNamingPolicyTests.java:-1

SpringNamingPolicyTests > prefixContainingSpringLabel() FAILED
    java.lang.NoClassDefFoundError at SpringNamingPolicyTests.java:-1

SpringNamingPolicyTests > examplePrefix() FAILED
    java.lang.NoClassDefFoundError at SpringNamingPolicyTests.java:-1

SpringNamingPolicyTests > javaxPrefix() FAILED
    java.lang.NoClassDefFoundError at SpringNamingPolicyTests.java:-1

SpringNamingPolicyTests > nullPrefix() FAILED
    java.lang.NoClassDefFoundError at SpringNamingPolicyTests.java:-1

AttributeAccessorSupportTests > attributeNames() FAILED
    java.lang.NoClassDefFoundError at AttributeAccessorSupportTests.java:-1

AttributeAccessorSupportTests > computeAttribute() FAILED
    java.lang.NoClassDefFoundError at AttributeAccessorSupportTests.java:-1

AttributeAccessorSupportTests > remove() FAILED
    java.lang.NoClassDefFoundError at AttributeAccessorSupportTests.java:-1

AttributeAccessorSupportTests > setAndGet() FAILED
    java.lang.NoClassDefFoundError at AttributeAccessorSupportTests.java:-1

AttributeAccessorSupportTests > setAndHas() FAILED
    java.lang.NoClassDefFoundError at AttributeAccessorSupportTests.java:-1

BridgeMethodResolverTests > spr2583() FAILED
    java.lang.NoClassDefFoundError at BridgeMethodResolverTests.java:-1

BridgeMethodResolverTests > spr2603() FAILED
    java.lang.NoClassDefFoundError at BridgeMethodResolverTests.java:-1

BridgeMethodResolverTests > spr2648() FAILED
    java.lang.NoClassDefFoundError at BridgeMethodResolverTests.java:-1

BridgeMethodResolverTests > spr2763() FAILED
    java.lang.NoClassDefFoundError at BridgeMethodResolverTests.java:-1

BridgeMethodResolverTests > spr3041() FAILED
    java.lang.NoClassDefFoundError at BridgeMethodResolverTests.java:-1

BridgeMethodResolverTests > spr3173() FAILED
    java.lang.NoClassDefFoundError at BridgeMethodResolverTests.java:-1

BridgeMethodResolverTests > spr3304() FAILED
    java.lang.NoClassDefFoundError at BridgeMethodResolverTests.java:-1

BridgeMethodResolverTests > spr3324() FAILED
    java.lang.NoClassDefFoundError at BridgeMethodResolverTests.java:-1

BridgeMethodResolverTests > spr3357() FAILED
    java.lang.NoClassDefFoundError at BridgeMethodResolverTests.java:-1

BridgeMethodResolverTests > spr3485() FAILED
    java.lang.NoClassDefFoundError at BridgeMethodResolverTests.java:-1

BridgeMethodResolverTests > spr3534() FAILED
    java.lang.NoClassDefFoundError at BridgeMethodResolverTests.java:-1

BridgeMethodResolverTests > findBridgedMethodWithDefaultMethodInInterfaceHierarchy() FAILED
    java.lang.NoClassDefFoundError at BridgeMethodResolverTests.java:-1

BridgeMethodResolverTests > isBridgeMethodFor() FAILED
    java.lang.NoClassDefFoundError at BridgeMethodResolverTests.java:-1

BridgeMethodResolverTests > findBridgedMethodInHierarchy() FAILED
    java.lang.NoClassDefFoundError at BridgeMethodResolverTests.java:-1

BridgeMethodResolverTests > findBridgedMethodForCovariantReturnType() FAILED
    java.lang.NoClassDefFoundError at BridgeMethodResolverTests.java:-1

BridgeMethodResolverTests > findBridgedMethod() FAILED
    java.lang.NoClassDefFoundError at BridgeMethodResolverTests.java:-1

BridgeMethodResolverTests > withSingleBoundParameterizedOnInstantiate() FAILED
    java.lang.NoClassDefFoundError at BridgeMethodResolverTests.java:-1

BridgeMethodResolverTests > doubleParameterization() FAILED
    java.lang.NoClassDefFoundError at BridgeMethodResolverTests.java:-1

BridgeMethodResolverTests > findBridgedVarargMethod() FAILED
    java.lang.NoClassDefFoundError at BridgeMethodResolverTests.java:-1

BridgeMethodResolverTests > withGenericParameter() FAILED
    java.lang.NoClassDefFoundError at BridgeMethodResolverTests.java:-1

BridgeMethodResolverTests > withDoubleBoundParameterizedOnInstantiate() FAILED
    java.lang.NoClassDefFoundError at BridgeMethodResolverTests.java:-1

BridgeMethodResolverTests > findBridgedMethodInHierarchyWithBoundedGenerics() FAILED
    java.lang.NoClassDefFoundError at BridgeMethodResolverTests.java:-1

BridgeMethodResolverTests > findBridgedMethodFromOriginalMethodNotInHierarchy() FAILED
    java.lang.NoClassDefFoundError at BridgeMethodResolverTests.java:-1

BridgeMethodResolverTests > findBridgedMethodFromOriginalMethodInHierarchy() FAILED
    java.lang.NoClassDefFoundError at BridgeMethodResolverTests.java:-1

BridgeMethodResolverTests > findBridgedMethodFromParent() FAILED
    java.lang.NoClassDefFoundError at BridgeMethodResolverTests.java:-1

BridgeMethodResolverTests > onAllMethods() FAILED
    java.lang.NoClassDefFoundError at BridgeMethodResolverTests.java:-1

BridgeMethodResolverTests > interfaceHierarchy() FAILED
    java.lang.NoClassDefFoundError at BridgeMethodResolverTests.java:-1

BridgeMethodResolverTests > findBridgedMethodFromMultipleBridges() FAILED
    java.lang.NoClassDefFoundError at BridgeMethodResolverTests.java:-1

BridgeMethodResolverTests > classHierarchy() FAILED
    java.lang.NoClassDefFoundError at BridgeMethodResolverTests.java:-1

CollectionFactoryTests > createApproximateCollectionFromNonEmptyHashSet() FAILED
    java.lang.NoClassDefFoundError at CollectionFactoryTests.java:-1

CollectionFactoryTests > createApproximateMapFromNonEmptyHashMap() FAILED
    java.lang.NoClassDefFoundError at CollectionFactoryTests.java:-1

CollectionFactoryTests > createApproximateCollectionFromEmptyHashSet() FAILED
    java.lang.NoClassDefFoundError at CollectionFactoryTests.java:-1

CollectionFactoryTests > rejectsNullElementTypeForEnumSet() FAILED
    java.lang.NoClassDefFoundError at CollectionFactoryTests.java:-1

CollectionFactoryTests > createMapIsNotTypeSafeForLinkedMultiValueMap() FAILED
    java.lang.NoClassDefFoundError at CollectionFactoryTests.java:-1

CollectionFactoryTests > createApproximateCollectionIsNotTypeSafeForEnumSet() FAILED
    java.lang.NoClassDefFoundError at CollectionFactoryTests.java:-1

CollectionFactoryTests > rejectsInvalidKeyTypeForEnumMap() FAILED
    java.lang.NoClassDefFoundError at CollectionFactoryTests.java:-1

CollectionFactoryTests > createApproximateMapFromEmptyEnumMap() FAILED
    java.lang.NoClassDefFoundError at CollectionFactoryTests.java:-1

CollectionFactoryTests > createsEnumMap() FAILED
    java.lang.NoClassDefFoundError at CollectionFactoryTests.java:-1

CollectionFactoryTests > createsEnumSet() FAILED
    java.lang.NoClassDefFoundError at CollectionFactoryTests.java:-1

CollectionFactoryTests > createsCollectionsCorrectly() FAILED
    java.lang.NoClassDefFoundError at CollectionFactoryTests.java:-1

CollectionFactoryTests > rejectsInvalidElementTypeForEnumSet() FAILED
    java.lang.NoClassDefFoundError at CollectionFactoryTests.java:-1

CollectionFactoryTests > rejectsNullCollectionType() FAILED
    java.lang.NoClassDefFoundError at CollectionFactoryTests.java:-1

CollectionFactoryTests > createApproximateCollectionFromNonEmptyEnumSet() FAILED
    java.lang.NoClassDefFoundError at CollectionFactoryTests.java:-1

CollectionFactoryTests > createApproximateMapFromNonEmptyEnumMap() FAILED
    java.lang.NoClassDefFoundError at CollectionFactoryTests.java:-1

CollectionFactoryTests > createApproximateCollectionFromEmptyEnumSet() FAILED
    java.lang.NoClassDefFoundError at CollectionFactoryTests.java:-1

CollectionFactoryTests > createCollectionIsNotTypeSafeForEnumSet() FAILED
    java.lang.NoClassDefFoundError at CollectionFactoryTests.java:-1

CollectionFactoryTests > rejectsNullMapType() FAILED
    java.lang.NoClassDefFoundError at CollectionFactoryTests.java:-1

CollectionFactoryTests > rejectsNullKeyTypeForEnumMap() FAILED
    java.lang.NoClassDefFoundError at CollectionFactoryTests.java:-1

CollectionFactoryTests > createsEnumSetSubclass() FAILED
    java.lang.NoClassDefFoundError at CollectionFactoryTests.java:-1

CollectionFactoryTests > createMapIsNotTypeSafeForEnumMap() FAILED
    java.lang.NoClassDefFoundError at CollectionFactoryTests.java:-1

CollectionFactoryTests > createApproximateMapIsNotTypeSafeForEnumMap() FAILED
    java.lang.NoClassDefFoundError at CollectionFactoryTests.java:-1

CollectionFactoryTests > createsMapsCorrectly() FAILED
    java.lang.NoClassDefFoundError at CollectionFactoryTests.java:-1

CollectionFactoryTests > createApproximateMapFromEmptyHashMap() FAILED
    java.lang.NoClassDefFoundError at CollectionFactoryTests.java:-1

ConstantsTests > ctorWithNullClass() FAILED
    java.lang.NoClassDefFoundError at ConstantsTests.java:-1

ConstantsTests > getValuesInTurkey() FAILED
    java.lang.NoClassDefFoundError at ConstantsTests.java:-1

ConstantsTests > suffixAccess() FAILED
    java.lang.NoClassDefFoundError at ConstantsTests.java:-1

ConstantsTests > toCode() FAILED
    java.lang.NoClassDefFoundError at ConstantsTests.java:-1

ConstantsTests > getValuesWithEmptyStringPrefix() FAILED
    java.lang.NoClassDefFoundError at ConstantsTests.java:-1

ConstantsTests > constants() FAILED
    java.lang.NoClassDefFoundError at ConstantsTests.java:-1

ConstantsTests > getValuesWithNullPrefix() FAILED
    java.lang.NoClassDefFoundError at ConstantsTests.java:-1

ConstantsTests > getValues() FAILED
    java.lang.NoClassDefFoundError at ConstantsTests.java:-1

ConstantsTests > withClassThatExposesNoConstants() FAILED
    java.lang.NoClassDefFoundError at ConstantsTests.java:-1

ConstantsTests > getValuesWithWhitespacedStringPrefix() FAILED
    java.lang.NoClassDefFoundError at ConstantsTests.java:-1

ConstantsTests > getNames() FAILED
    java.lang.NoClassDefFoundError at ConstantsTests.java:-1

ConventionsTests > reactiveParameters() FAILED
    java.lang.NoClassDefFoundError at ConventionsTests.java:-1

ConventionsTests > simpleObject() FAILED
    java.lang.NoClassDefFoundError at ConventionsTests.java:-1

ConventionsTests > emptyList() FAILED
    java.lang.NoClassDefFoundError at ConventionsTests.java:-1

ConventionsTests > attributeNameToPropertyName() FAILED
    java.lang.NoClassDefFoundError at ConventionsTests.java:-1

ConventionsTests > getQualifiedAttributeName() FAILED
    java.lang.NoClassDefFoundError at ConventionsTests.java:-1

ConventionsTests > set() FAILED
    java.lang.NoClassDefFoundError at ConventionsTests.java:-1

ConventionsTests > list() FAILED
    java.lang.NoClassDefFoundError at ConventionsTests.java:-1

ConventionsTests > array() FAILED
    java.lang.NoClassDefFoundError at ConventionsTests.java:-1

ConventionsTests > reactiveReturnTypes() FAILED
    java.lang.NoClassDefFoundError at ConventionsTests.java:-1

ExceptionDepthComparatorTests > sameDepthBeforeTarget() FAILED
    java.lang.NoClassDefFoundError at ExceptionDepthComparatorTests.java:-1

ExceptionDepthComparatorTests > highestDepthBeforeNoDepth() FAILED
    java.lang.NoClassDefFoundError at ExceptionDepthComparatorTests.java:-1

ExceptionDepthComparatorTests > noDepthBeforeTarget() FAILED
    java.lang.NoClassDefFoundError at ExceptionDepthComparatorTests.java:-1

ExceptionDepthComparatorTests > highestDepthBeforeLowestDepth() FAILED
    java.lang.NoClassDefFoundError at ExceptionDepthComparatorTests.java:-1

ExceptionDepthComparatorTests > lowestDepthBeforeHighestDepth() FAILED
    java.lang.NoClassDefFoundError at ExceptionDepthComparatorTests.java:-1

ExceptionDepthComparatorTests > targetBeforeLowestDepth() FAILED
    java.lang.NoClassDefFoundError at ExceptionDepthComparatorTests.java:-1

ExceptionDepthComparatorTests > targetBeforeSameDepth() FAILED
    java.lang.NoClassDefFoundError at ExceptionDepthComparatorTests.java:-1

ExceptionDepthComparatorTests > noDepthBeforeHighestDepth() FAILED
    java.lang.NoClassDefFoundError at ExceptionDepthComparatorTests.java:-1

ExceptionDepthComparatorTests > lowestDepthBeforeTarget() FAILED
    java.lang.NoClassDefFoundError at ExceptionDepthComparatorTests.java:-1

GenericTypeResolverTests > nullIfNotResolvable() FAILED
    java.lang.NoClassDefFoundError at GenericTypeResolverTests.java:-1

GenericTypeResolverTests > simpleCollectionSuperclassType() FAILED
    java.lang.NoClassDefFoundError at GenericTypeResolverTests.java:-1

GenericTypeResolverTests > resolveTransitiveTypeVariableWithDifferentName() FAILED
    java.lang.NoClassDefFoundError at GenericTypeResolverTests.java:-1

GenericTypeResolverTests > getTypeVariableMapBehavior() FAILED
    java.lang.NoClassDefFoundError at GenericTypeResolverTests.java:-1

GenericTypeResolverTests > resolveTypeAgainstSameNamedVariables() FAILED
    java.lang.NoClassDefFoundError at GenericTypeResolverTests.java:-1

GenericTypeResolverTests > resolveMethodParameterWithNestedGenerics() FAILED
    java.lang.NoClassDefFoundError at GenericTypeResolverTests.java:-1

GenericTypeResolverTests > resolveTypeWithMap() FAILED
    java.lang.NoClassDefFoundError at GenericTypeResolverTests.java:-1

GenericTypeResolverTests > resolveTypeWithElementBounds() FAILED
    java.lang.NoClassDefFoundError at GenericTypeResolverTests.java:-1

GenericTypeResolverTests > getGenericsOnArrayFromReturnCannotBeResolved() FAILED
    java.lang.NoClassDefFoundError at GenericTypeResolverTests.java:-1

GenericTypeResolverTests > resolveTypeArgumentsOfAbstractType() FAILED
    java.lang.NoClassDefFoundError at GenericTypeResolverTests.java:-1

GenericTypeResolverTests > simpleCollectionInterfaceType() FAILED
    java.lang.NoClassDefFoundError at GenericTypeResolverTests.java:-1

GenericTypeResolverTests > getRawMapTypeCannotBeResolved() FAILED
    java.lang.NoClassDefFoundError at GenericTypeResolverTests.java:-1

GenericTypeResolverTests > resolveVariableNameChange() FAILED
    java.lang.NoClassDefFoundError at GenericTypeResolverTests.java:-1

GenericTypeResolverTests > simpleSuperclassType() FAILED
    java.lang.NoClassDefFoundError at GenericTypeResolverTests.java:-1

GenericTypeResolverTests > resolvePartiallySpecializedTypeVariables() FAILED
    java.lang.NoClassDefFoundError at GenericTypeResolverTests.java:-1

GenericTypeResolverTests > resolveTypeWithUnresolvableElement() FAILED
    java.lang.NoClassDefFoundError at GenericTypeResolverTests.java:-1

GenericTypeResolverTests > getGenericsOnArrayFromParamCannotBeResolved() FAILED
    java.lang.NoClassDefFoundError at GenericTypeResolverTests.java:-1

GenericTypeResolverTests > resolveNestedTypeVariable() FAILED
    java.lang.NoClassDefFoundError at GenericTypeResolverTests.java:-1

GenericTypeResolverTests > getGenericsCannotBeResolved() FAILED
    java.lang.NoClassDefFoundError at GenericTypeResolverTests.java:-1

GenericTypeResolverTests > boundParameterizedType() FAILED
    java.lang.NoClassDefFoundError at GenericTypeResolverTests.java:-1

GenericTypeResolverTests > resolveTypeFromNestedParameterizedType() FAILED
    java.lang.NoClassDefFoundError at GenericTypeResolverTests.java:-1

GenericTypeResolverTests > methodReturnTypes() FAILED
    java.lang.NoClassDefFoundError at GenericTypeResolverTests.java:-1

GenericTypeResolverTests > resolveIncompleteTypeVariables() FAILED
    java.lang.NoClassDefFoundError at GenericTypeResolverTests.java:-1

GenericTypeResolverTests > resolveTypeFromGenericDefaultMethod() FAILED
    java.lang.NoClassDefFoundError at GenericTypeResolverTests.java:-1

GenericTypeResolverTests > simpleInterfaceType() FAILED
    java.lang.NoClassDefFoundError at GenericTypeResolverTests.java:-1

MethodIntrospectorTests > selectMethodsAndClearDeclaredMethodsCacheBetweenInvocations() FAILED
    java.lang.NoClassDefFoundError at MethodIntrospectorTests.java:-1

MethodParameterTests > jspecifyNullableParameter() FAILED
    java.lang.NoClassDefFoundError at MethodParameterTests.java:-1

MethodParameterTests > equalsAndHashCodeConsidersNesting() FAILED
    java.lang.NoClassDefFoundError at MethodParameterTests.java:-1

MethodParameterTests > annotatedConstructorParameterInInnerClass() FAILED
    java.lang.NoClassDefFoundError at MethodParameterTests.java:-1

MethodParameterTests > genericConstructorParameterInInnerClass() FAILED
    java.lang.NoClassDefFoundError at MethodParameterTests.java:-1

MethodParameterTests > withTypeIndexReturnsNewInstance() FAILED
    java.lang.NoClassDefFoundError at MethodParameterTests.java:-1

MethodParameterTests > springNullableParameter() FAILED
    java.lang.NoClassDefFoundError at MethodParameterTests.java:-1

MethodParameterTests > jspecifyNonNullParameter() FAILED
    java.lang.NoClassDefFoundError at MethodParameterTests.java:-1

MethodParameterTests > mutatingNestingLevelShouldNotChangeNewInstance() FAILED
    java.lang.NoClassDefFoundError at MethodParameterTests.java:-1

MethodParameterTests > equals() FAILED
    java.lang.NoClassDefFoundError at MethodParameterTests.java:-1

MethodParameterTests > hashCodeBehavior() FAILED
    java.lang.NoClassDefFoundError at MethodParameterTests.java:-1

MethodParameterTests > annotatedConstructorParameterInStaticNestedClass() FAILED
    java.lang.NoClassDefFoundError at MethodParameterTests.java:-1

MethodParameterTests > nestedWithTypeIndexReturnsNewInstance() FAILED
    java.lang.NoClassDefFoundError at MethodParameterTests.java:-1

MethodParameterTests > springNonNullParameter() FAILED
    java.lang.NoClassDefFoundError at MethodParameterTests.java:-1

MethodParameterTests > multipleResolveParameterTypeCalls() FAILED
    java.lang.NoClassDefFoundError at MethodParameterTests.java:-1

MethodParameterTests > parameterNames() FAILED
    java.lang.NoClassDefFoundError at MethodParameterTests.java:-1

MethodParameterTests > equalsAndHashCodeConsidersContainingClass() FAILED
    java.lang.NoClassDefFoundError at MethodParameterTests.java:-1

MethodParameterTests > withContainingClassReturnsNewInstance() FAILED
    java.lang.NoClassDefFoundError at MethodParameterTests.java:-1

MethodParameterTests > indexValidation() FAILED
    java.lang.NoClassDefFoundError at MethodParameterTests.java:-1

MethodParameterTests > factoryMethods() FAILED
    java.lang.NoClassDefFoundError at MethodParameterTests.java:-1

NullnessTests > jspecifyPackageUnmarkedNullableReturnType() FAILED
    java.lang.NoClassDefFoundError at NullnessTests.java:-1

NullnessTests > jspecifyNullableParameter() FAILED
    java.lang.NoClassDefFoundError at NullnessTests.java:-1

NullnessTests > jspecifyClassMarkedUnspecifiedParameter() FAILED
    java.lang.NoClassDefFoundError at NullnessTests.java:-1

NullnessTests > jspecifyPackageMarkedNonNullReturnType() FAILED
    java.lang.NoClassDefFoundError at NullnessTests.java:-1

NullnessTests > jspecifyUnspecifiedReturnType() FAILED
    java.lang.NoClassDefFoundError at NullnessTests.java:-1

NullnessTests > jspecifyPackageUnmarkedUnspecifiedReturnType() FAILED
    java.lang.NoClassDefFoundError at NullnessTests.java:-1

NullnessTests > jspecifyClassMarkedNonNullReturnType() FAILED
    java.lang.NoClassDefFoundError at NullnessTests.java:-1

NullnessTests > jspecifyNonNullReturnTypeWithMethodParameter() FAILED
    java.lang.NoClassDefFoundError at NullnessTests.java:-1

NullnessTests > jspecifyNullableParameterWithMethodParameter() FAILED
    java.lang.NoClassDefFoundError at NullnessTests.java:-1

NullnessTests > jspecifyMethodMarkedNullableReturnType() FAILED
    java.lang.NoClassDefFoundError at NullnessTests.java:-1

NullnessTests > jspecifyNonNullParameter() FAILED
    java.lang.NoClassDefFoundError at NullnessTests.java:-1

NullnessTests > jspecifyPackageMarkedNonNullParameter() FAILED
    java.lang.NoClassDefFoundError at NullnessTests.java:-1

NullnessTests > primitiveField() FAILED
    java.lang.NoClassDefFoundError at NullnessTests.java:-1

NullnessTests > jspecifyClassMarkedMethodUnmarkedNonNullParameter() FAILED
    java.lang.NoClassDefFoundError at NullnessTests.java:-1

NullnessTests > voidMethod() FAILED
    java.lang.NoClassDefFoundError at NullnessTests.java:-1

NullnessTests > jspecifyPackageMarkedUnspecifiedParameter() FAILED
    java.lang.NoClassDefFoundError at NullnessTests.java:-1

NullnessTests > jspecifyNonNullParameterWithMethodParameter() FAILED
    java.lang.NoClassDefFoundError at NullnessTests.java:-1

NullnessTests > jspecifyMethodMarkedNonNullParameter() FAILED
    java.lang.NoClassDefFoundError at NullnessTests.java:-1

NullnessTests > jspecifyNullableReturnType() FAILED
    java.lang.NoClassDefFoundError at NullnessTests.java:-1

NullnessTests > jspecifyMethodMarkedNonNullReturnType() FAILED
    java.lang.NoClassDefFoundError at NullnessTests.java:-1

NullnessTests > jspecifyNonNullReturnType() FAILED
    java.lang.NoClassDefFoundError at NullnessTests.java:-1

NullnessTests > jspecifyClassMarkedMethodUnmarkedUnspecifiedParameter() FAILED
    java.lang.NoClassDefFoundError at NullnessTests.java:-1

NullnessTests > jspecifyClassMarkedUnspecifiedReturnType() FAILED
    java.lang.NoClassDefFoundError at NullnessTests.java:-1

NullnessTests > jspecifyMethodMarkedUnspecifiedReturnType() FAILED
    java.lang.NoClassDefFoundError at NullnessTests.java:-1

NullnessTests > customNullableParameter() FAILED
    java.lang.NoClassDefFoundError at NullnessTests.java:-1

NullnessTests > customNullableField() FAILED
    java.lang.NoClassDefFoundError at NullnessTests.java:-1

NullnessTests > customNullableReturnType() FAILED
    java.lang.NoClassDefFoundError at NullnessTests.java:-1

NullnessTests > jspecifyClassMarkedNonNullParameter() FAILED
    java.lang.NoClassDefFoundError at NullnessTests.java:-1

NullnessTests > jspecifyPackageMarkedNullableReturnType() FAILED
    java.lang.NoClassDefFoundError at NullnessTests.java:-1

NullnessTests > jspecifyPackageUnmarkedNullableParameter() FAILED
    java.lang.NoClassDefFoundError at NullnessTests.java:-1

NullnessTests > jspecifyPackageMarkedUnspecifiedReturnType() FAILED
    java.lang.NoClassDefFoundError at NullnessTests.java:-1

NullnessTests > jspecifyUnspecifiedWithField() FAILED
    java.lang.NoClassDefFoundError at NullnessTests.java:-1

NullnessTests > jspecifyPackageMarkedNullableParameter() FAILED
    java.lang.NoClassDefFoundError at NullnessTests.java:-1

NullnessTests > jspecifyClassMarkedMethodUnmarkedNullableParameter() FAILED
    java.lang.NoClassDefFoundError at NullnessTests.java:-1

NullnessTests > jspecifyPackageUnmarkedUnspecifiedParameter() FAILED
    java.lang.NoClassDefFoundError at NullnessTests.java:-1

NullnessTests > jspecifyMethodMarkedUnspecifiedParameter() FAILED
    java.lang.NoClassDefFoundError at NullnessTests.java:-1

NullnessTests > jspecifyNullableReturnTypeWithMethodParameter() FAILED
    java.lang.NoClassDefFoundError at NullnessTests.java:-1

NullnessTests > jspecifyClassMarkedNullableParameter() FAILED
    java.lang.NoClassDefFoundError at NullnessTests.java:-1

NullnessTests > jspecifyUnspecifiedParameterWithMethodParameter() FAILED
    java.lang.NoClassDefFoundError at NullnessTests.java:-1

NullnessTests > jspecifyClassMarkedMethodUnmarkedUnspecifiedReturnType() FAILED
    java.lang.NoClassDefFoundError at NullnessTests.java:-1

NullnessTests > jspecifyNullableWithField() FAILED
    java.lang.NoClassDefFoundError at NullnessTests.java:-1

NullnessTests > jspecifyClassMarkedNullableReturnType() FAILED
    java.lang.NoClassDefFoundError at NullnessTests.java:-1

NullnessTests > jspecifyPackageUnmarkedNonNullParameter() FAILED
    java.lang.NoClassDefFoundError at NullnessTests.java:-1

NullnessTests > jspecifyNonNullWithField() FAILED
    java.lang.NoClassDefFoundError at NullnessTests.java:-1

NullnessTests > voidClassMethod() FAILED
    java.lang.NoClassDefFoundError at NullnessTests.java:-1

NullnessTests > jspecifyUnspecifiedParameter() FAILED
    java.lang.NoClassDefFoundError at NullnessTests.java:-1

NullnessTests > jspecifyPackageUnmarkedNonNullReturnType() FAILED
    java.lang.NoClassDefFoundError at NullnessTests.java:-1

NullnessTests > jspecifyUnspecifiedReturnTypeWithMethodParameter() FAILED
    java.lang.NoClassDefFoundError at NullnessTests.java:-1

NullnessTests > jspecifyMethodMarkedNullableParameter() FAILED
    java.lang.NoClassDefFoundError at NullnessTests.java:-1

OrderComparatorTests > comparePriorityOrderedInstancesAfter() FAILED
    java.lang.NoClassDefFoundError at OrderComparatorTests.java:-1

OrderComparatorTests > compareOrderedInstancesBefore() FAILED
    java.lang.NoClassDefFoundError at OrderComparatorTests.java:-1

OrderComparatorTests > compareOrderedInstancesNullLast() FAILED
    java.lang.NoClassDefFoundError at OrderComparatorTests.java:-1

OrderComparatorTests > compareOrderedInstancesNullFirst() FAILED
    java.lang.NoClassDefFoundError at OrderComparatorTests.java:-1

OrderComparatorTests > comparePriorityOrderedInstanceToStandardOrderedInstanceWithSamePriority() FAILED
    java.lang.NoClassDefFoundError at OrderComparatorTests.java:-1

OrderComparatorTests > comparePriorityOrderedInstanceToStandardOrderedInstanceWithHigherPriority() FAILED
    java.lang.NoClassDefFoundError at OrderComparatorTests.java:-1

OrderComparatorTests > comparePriorityOrderedInstancesSame() FAILED
    java.lang.NoClassDefFoundError at OrderComparatorTests.java:-1

OrderComparatorTests > compareOrderedInstancesAfter() FAILED
    java.lang.NoClassDefFoundError at OrderComparatorTests.java:-1

OrderComparatorTests > comparePriorityOrderedInstancesBefore() FAILED
    java.lang.NoClassDefFoundError at OrderComparatorTests.java:-1

OrderComparatorTests > compareTwoNonOrderedInstancesEndsUpAsSame() FAILED
    java.lang.NoClassDefFoundError at OrderComparatorTests.java:-1

OrderComparatorTests > compareOrderedInstancesSame() FAILED
    java.lang.NoClassDefFoundError at OrderComparatorTests.java:-1

OrderComparatorTests > compareWithSourceProviderArray() FAILED
    java.lang.NoClassDefFoundError at OrderComparatorTests.java:-1

OrderComparatorTests > compareWithSourceProviderEmpty() FAILED
    java.lang.NoClassDefFoundError at OrderComparatorTests.java:-1

OrderComparatorTests > compareWithSourceProviderArrayNoMatch() FAILED
    java.lang.NoClassDefFoundError at OrderComparatorTests.java:-1

OrderComparatorTests > comparePriorityOrderedInstanceToStandardOrderedInstanceWithLowerPriority() FAILED
    java.lang.NoClassDefFoundError at OrderComparatorTests.java:-1

OrderComparatorTests > compareOrderedInstancesDoubleNull() FAILED
    java.lang.NoClassDefFoundError at OrderComparatorTests.java:-1

OrderComparatorTests > compareWithSimpleSourceProvider() FAILED
    java.lang.NoClassDefFoundError at OrderComparatorTests.java:-1

ParameterizedTypeReferenceTests > mapTypeReference() FAILED
    java.lang.NoClassDefFoundError at ParameterizedTypeReferenceTests.java:-1

ParameterizedTypeReferenceTests > listTypeReference() FAILED
    java.lang.NoClassDefFoundError at ParameterizedTypeReferenceTests.java:-1

ParameterizedTypeReferenceTests > stringTypeReference() FAILED
    java.lang.NoClassDefFoundError at ParameterizedTypeReferenceTests.java:-1

ParameterizedTypeReferenceTests > reflectiveTypeReferenceWithSpecificDeclaration() FAILED
    java.lang.NoClassDefFoundError at ParameterizedTypeReferenceTests.java:-1

ParameterizedTypeReferenceTests > reflectiveTypeReferenceWithGenericDeclaration() FAILED
    java.lang.NoClassDefFoundError at ParameterizedTypeReferenceTests.java:-1

PrioritizedParameterNameDiscovererTests > noParametersDiscoverers() FAILED
    java.lang.NoClassDefFoundError at PrioritizedParameterNameDiscovererTests.java:-1

PrioritizedParameterNameDiscovererTests > orderedParameterDiscoverers1() FAILED
    java.lang.NoClassDefFoundError at PrioritizedParameterNameDiscovererTests.java:-1

PrioritizedParameterNameDiscovererTests > orderedParameterDiscoverers2() FAILED
    java.lang.NoClassDefFoundError at PrioritizedParameterNameDiscovererTests.java:-1

ReactiveAdapterRegistryTests > getAdapterForReactiveSubType() FAILED
    java.lang.NoClassDefFoundError at ReactiveAdapterRegistryTests.java:-1

ReactiveAdapterRegistryTests > Reactor > fromCompletableFuture() FAILED
    java.lang.NoClassDefFoundError at ClassLoader.java:-2

ReactiveAdapterRegistryTests > Reactor > toFlux() FAILED
    java.lang.NoClassDefFoundError at ClassLoader.java:-2

ReactiveAdapterRegistryTests > Reactor > toMono() FAILED
    java.lang.NoClassDefFoundError at ClassLoader.java:-2

ReactiveAdapterRegistryTests > Reactor > toFlowPublisher() FAILED
    java.lang.NoClassDefFoundError at ClassLoader.java:-2

ReactiveAdapterRegistryTests > Reactor > toCompletableFuture() FAILED
    java.lang.NoClassDefFoundError at ClassLoader.java:-2

ReactiveAdapterRegistryTests > Reactor > defaultAdapterRegistrations() FAILED
    java.lang.NoClassDefFoundError at ClassLoader.java:-2

ReactiveAdapterRegistryTests > RxJava3 > fromSingle() FAILED
    java.lang.NoClassDefFoundError at ClassLoader.java:-2

ReactiveAdapterRegistryTests > RxJava3 > toObservable() FAILED
    java.lang.NoClassDefFoundError at ClassLoader.java:-2

ReactiveAdapterRegistryTests > RxJava3 > fromCompletable() FAILED
    java.lang.NoClassDefFoundError at ClassLoader.java:-2

ReactiveAdapterRegistryTests > RxJava3 > toSingle() FAILED
    java.lang.NoClassDefFoundError at ClassLoader.java:-2

ReactiveAdapterRegistryTests > RxJava3 > toCompletable() FAILED
    java.lang.NoClassDefFoundError at ClassLoader.java:-2

ReactiveAdapterRegistryTests > RxJava3 > fromFlowable() FAILED
    java.lang.NoClassDefFoundError at ClassLoader.java:-2

ReactiveAdapterRegistryTests > RxJava3 > defaultAdapterRegistrations() FAILED
    java.lang.NoClassDefFoundError at ClassLoader.java:-2

ReactiveAdapterRegistryTests > RxJava3 > fromObservable() FAILED
    java.lang.NoClassDefFoundError at ClassLoader.java:-2

ReactiveAdapterRegistryTests > RxJava3 > toFlowable() FAILED
    java.lang.NoClassDefFoundError at ClassLoader.java:-2

ReactiveAdapterRegistryTests > Kotlin > deferred() FAILED
    java.lang.NoClassDefFoundError at ClassLoader.java:-2

ReactiveAdapterRegistryTests > Kotlin > defaultAdapterRegistrations() FAILED
    java.lang.NoClassDefFoundError at ClassLoader.java:-2

ReactiveAdapterRegistryTests > Mutiny > toMulti() FAILED
    java.lang.NoClassDefFoundError at ClassLoader.java:-2

ReactiveAdapterRegistryTests > Mutiny > fromUni() FAILED
    java.lang.NoClassDefFoundError at ClassLoader.java:-2

ReactiveAdapterRegistryTests > Mutiny > fromMulti() FAILED
    java.lang.NoClassDefFoundError at ClassLoader.java:-2

ReactiveAdapterRegistryTests > Mutiny > toUni() FAILED
    java.lang.NoClassDefFoundError at ClassLoader.java:-2

ReactiveAdapterRegistryTests > Mutiny > defaultAdapterRegistrations() FAILED
    java.lang.NoClassDefFoundError at ClassLoader.java:-2

ResolvableTypeTests > resolveClassType() FAILED
    java.lang.NoClassDefFoundError at ResolvableTypeTests.java:-1

ResolvableTypeTests > forMethodReturnWithImplementationClassMustNotBeNull() FAILED
    java.lang.NoClassDefFoundError at ResolvableTypeTests.java:-1

ResolvableTypeTests > resolveTypeVariableFromMethodReturn() FAILED
    java.lang.NoClassDefFoundError at ResolvableTypeTests.java:-1

ResolvableTypeTests > asNotFound() FAILED
    java.lang.NoClassDefFoundError at ResolvableTypeTests.java:-1

ResolvableTypeTests > typeVariableType() FAILED
    java.lang.NoClassDefFoundError at ResolvableTypeTests.java:-1

ResolvableTypeTests > resolveWildcardLowerBounds() FAILED
    java.lang.NoClassDefFoundError at ResolvableTypeTests.java:-1

ResolvableTypeTests > getInterfaces() FAILED
    java.lang.NoClassDefFoundError at ResolvableTypeTests.java:-1

ResolvableTypeTests > arrayClassType() FAILED
    java.lang.NoClassDefFoundError at ResolvableTypeTests.java:-1

ResolvableTypeTests > resolveGenericMultiArrayType() FAILED
    java.lang.NoClassDefFoundError at ResolvableTypeTests.java:-1

ResolvableTypeTests > genericOfGenericWithAs() FAILED
    java.lang.NoClassDefFoundError at ResolvableTypeTests.java:-1

ResolvableTypeTests > spr11219() FAILED
    java.lang.NoClassDefFoundError at ResolvableTypeTests.java:-1

ResolvableTypeTests > spr12701() FAILED
    java.lang.NoClassDefFoundError at ResolvableTypeTests.java:-1

ResolvableTypeTests > spr14648() FAILED
    java.lang.NoClassDefFoundError at ResolvableTypeTests.java:-1

ResolvableTypeTests > spr16456() FAILED
    java.lang.NoClassDefFoundError at ResolvableTypeTests.java:-1

ResolvableTypeTests > resolveTypeVariableFromMethodReturnWithImplementsClass() FAILED
    java.lang.NoClassDefFoundError at ResolvableTypeTests.java:-1

ResolvableTypeTests > hasUnresolvableGenericsWithEnum() FAILED
    java.lang.NoClassDefFoundError at ResolvableTypeTests.java:-1

ResolvableTypeTests > isAssignableFromForUnresolvedWildcard() FAILED
    java.lang.NoClassDefFoundError at ResolvableTypeTests.java:-1

ResolvableTypeTests > forConstructorParameterMustNotBeNull() FAILED
    java.lang.NoClassDefFoundError at ResolvableTypeTests.java:-1

ResolvableTypeTests > forRawClassWithNull() FAILED
    java.lang.NoClassDefFoundError at ResolvableTypeTests.java:-1

ResolvableTypeTests > wildcardType() FAILED
    java.lang.NoClassDefFoundError at ResolvableTypeTests.java:-1

ResolvableTypeTests > resolveTypeVariableFromSuperType() FAILED
    java.lang.NoClassDefFoundError at ResolvableTypeTests.java:-1

ResolvableTypeTests > getGenericOfGenericByIndexes() FAILED
    java.lang.NoClassDefFoundError at ResolvableTypeTests.java:-1

ResolvableTypeTests > resolveTypeVariableFromTypeWithVariableResolver() FAILED
    java.lang.NoClassDefFoundError at ResolvableTypeTests.java:-1

ResolvableTypeTests > resolveFromOuterClass() FAILED
    java.lang.NoClassDefFoundError at ResolvableTypeTests.java:-1

ResolvableTypeTests > forClassWithNull() FAILED
    java.lang.NoClassDefFoundError at ResolvableTypeTests.java:-1

ResolvableTypeTests > resolveTypeVariableFromType() FAILED
    java.lang.NoClassDefFoundError at ResolvableTypeTests.java:-1

ResolvableTypeTests > forMethodReturnMustNotBeNull() FAILED
    java.lang.NoClassDefFoundError at ResolvableTypeTests.java:-1

ResolvableTypeTests > resolveTypeVariableFromSimpleCollectionInterfaceType() FAILED
    java.lang.NoClassDefFoundError at ResolvableTypeTests.java:-1

ResolvableTypeTests > resolveBoundedTypeVariableResult() FAILED
    java.lang.NoClassDefFoundError at ResolvableTypeTests.java:-1

ResolvableTypeTests > asFromInheritedInterface() FAILED
    java.lang.NoClassDefFoundError at ResolvableTypeTests.java:-1

ResolvableTypeTests > getGenericsFromClass() FAILED
    java.lang.NoClassDefFoundError at ResolvableTypeTests.java:-1

ResolvableTypeTests > resolveGenericArrayType() FAILED
    java.lang.NoClassDefFoundError at ResolvableTypeTests.java:-1

ResolvableTypeTests > recursiveType() FAILED
    java.lang.NoClassDefFoundError at ResolvableTypeTests.java:-1

ResolvableTypeTests > asSelf() FAILED
    java.lang.NoClassDefFoundError at ResolvableTypeTests.java:-1

ResolvableTypeTests > doesResolveFromOuterOwner() FAILED
    java.lang.NoClassDefFoundError at ResolvableTypeTests.java:-1

ResolvableTypeTests > resolveTypeVariableFromMethodParameterTypeWithImplementsType() FAILED
    java.lang.NoClassDefFoundError at ResolvableTypeTests.java:-1

ResolvableTypeTests > hasResolvableGenericsWithSingleBoundedWildcard() FAILED
    java.lang.NoClassDefFoundError at ResolvableTypeTests.java:-1

ResolvableTypeTests > resolveTypeVariableFromMethodParameterType() FAILED
    java.lang.NoClassDefFoundError at ResolvableTypeTests.java:-1

ResolvableTypeTests > resolveParameterizedType() FAILED
    java.lang.NoClassDefFoundError at ResolvableTypeTests.java:-1

ResolvableTypeTests > resolveVariableFromFieldType() FAILED
    java.lang.NoClassDefFoundError at ResolvableTypeTests.java:-1

ResolvableTypeTests > forMethodParameterWithNestingAndLevels() FAILED
    java.lang.NoClassDefFoundError at ResolvableTypeTests.java:-1

ResolvableTypeTests > resolveVariableGenericArrayUnknown() FAILED
    java.lang.NoClassDefFoundError at ResolvableTypeTests.java:-1

ResolvableTypeTests > forMethodParameterByIndexMustNotBeNull() FAILED
    java.lang.NoClassDefFoundError at ResolvableTypeTests.java:-1

ResolvableTypeTests > resolveTypeWithCustomVariableResolver() FAILED
    java.lang.NoClassDefFoundError at ResolvableTypeTests.java:-1

ResolvableTypeTests > narrow() FAILED
    java.lang.NoClassDefFoundError at ResolvableTypeTests.java:-1

ResolvableTypeTests > nested() FAILED
    java.lang.NoClassDefFoundError at ResolvableTypeTests.java:-1

ResolvableTypeTests > hasUnresolvableGenericsWhenNested() FAILED
    java.lang.NoClassDefFoundError at ResolvableTypeTests.java:-1

ResolvableTypeTests > isAssignableFromForClassAndClass() FAILED
    java.lang.NoClassDefFoundError at ResolvableTypeTests.java:-1

ResolvableTypeTests > resolveVariableGenericArray() FAILED
    java.lang.NoClassDefFoundError at ResolvableTypeTests.java:-1

ResolvableTypeTests > hasUnresolvableGenericsWhenExtends() FAILED
    java.lang.NoClassDefFoundError at ResolvableTypeTests.java:-1

ResolvableTypeTests > isAssignableFromMustNotBeNull() FAILED
    java.lang.NoClassDefFoundError at ResolvableTypeTests.java:-1

ResolvableTypeTests > getComponentTypeForVariableThatResolvesToGenericArray() FAILED
    java.lang.NoClassDefFoundError at ResolvableTypeTests.java:-1

ResolvableTypeTests > resolveWildcardTypeUpperBounds() FAILED
    java.lang.NoClassDefFoundError at ResolvableTypeTests.java:-1

ResolvableTypeTests > resolveTypeVariableFromSimpleCollectionSuperclassType() FAILED
    java.lang.NoClassDefFoundError at ResolvableTypeTests.java:-1

ResolvableTypeTests > forInstanceNull() FAILED
    java.lang.NoClassDefFoundError at ResolvableTypeTests.java:-1

ResolvableTypeTests > classWithGenericsAs() FAILED
    java.lang.NoClassDefFoundError at ResolvableTypeTests.java:-1

ResolvableTypeTests > getComponentTypeForGenericArrayType() FAILED
    java.lang.NoClassDefFoundError at ResolvableTypeTests.java:-1

ResolvableTypeTests > hasUnresolvableGenerics() FAILED
    java.lang.NoClassDefFoundError at ResolvableTypeTests.java:-1

ResolvableTypeTests > isAssignableFromForComplexWildcards() FAILED
    java.lang.NoClassDefFoundError at ResolvableTypeTests.java:-1

ResolvableTypeTests > asCollection() FAILED
    java.lang.NoClassDefFoundError at ResolvableTypeTests.java:-1

ResolvableTypeTests > resolveUnknownTypeVariableFromConstructorParameter() FAILED
    java.lang.NoClassDefFoundError at ResolvableTypeTests.java:-1

ResolvableTypeTests > serialize() FAILED
    java.lang.NoClassDefFoundError at ResolvableTypeTests.java:-1

ResolvableTypeTests > forClassWithMismatchedGenerics() FAILED
    java.lang.NoClassDefFoundError at ResolvableTypeTests.java:-1

ResolvableTypeTests > canResolveVoid() FAILED
    java.lang.NoClassDefFoundError at ResolvableTypeTests.java:-1

ResolvableTypeTests > resolveGenericArrayFromGeneric() FAILED
    java.lang.NoClassDefFoundError at ResolvableTypeTests.java:-1

ResolvableTypeTests > hasUnresolvableGenericsWhenSelfNotResolvable() FAILED
    java.lang.NoClassDefFoundError at ResolvableTypeTests.java:-1

ResolvableTypeTests > resolveTypeVariableFromConstructorParameterWithImplementsClass() FAILED
    java.lang.NoClassDefFoundError at ResolvableTypeTests.java:-1

ResolvableTypeTests > isAssignableFromForNone() FAILED
    java.lang.NoClassDefFoundError at ResolvableTypeTests.java:-1

ResolvableTypeTests > getSuperType() FAILED
    java.lang.NoClassDefFoundError at ResolvableTypeTests.java:-1

ResolvableTypeTests > hasUnresolvableGenericsWhenSelfReferring() FAILED
    java.lang.NoClassDefFoundError at ResolvableTypeTests.java:-1

ResolvableTypeTests > resolveVariableGenericArrayUnknownWithFallback() FAILED
    java.lang.NoClassDefFoundError at ResolvableTypeTests.java:-1

ResolvableTypeTests > noInterfaces() FAILED
    java.lang.NoClassDefFoundError at ResolvableTypeTests.java:-1

ResolvableTypeTests > resolveTypeVariableFromReflectiveParameterizedTypeReference() FAILED
    java.lang.NoClassDefFoundError at ResolvableTypeTests.java:-1

ResolvableTypeTests > resolveBoundedTypeVariableWildcardResult() FAILED
    java.lang.NoClassDefFoundError at ResolvableTypeTests.java:-1

ResolvableTypeTests > forArrayComponent() FAILED
    java.lang.NoClassDefFoundError at ResolvableTypeTests.java:-1

ResolvableTypeTests > forClassWithGenerics() FAILED
    java.lang.NoClassDefFoundError at ResolvableTypeTests.java:-1

ResolvableTypeTests > gh22902() FAILED
    java.lang.NoClassDefFoundError at ResolvableTypeTests.java:-1

ResolvableTypeTests > gh32327() FAILED
    java.lang.NoClassDefFoundError at ResolvableTypeTests.java:-1

ResolvableTypeTests > gh33535() FAILED
    java.lang.NoClassDefFoundError at ResolvableTypeTests.java:-1

ResolvableTypeTests > gh34541() FAILED
    java.lang.NoClassDefFoundError at ResolvableTypeTests.java:-1

ResolvableTypeTests > forMethodParameter() FAILED
    java.lang.NoClassDefFoundError at ResolvableTypeTests.java:-1

ResolvableTypeTests > forMethodParameterMustNotBeNull() FAILED
    java.lang.NoClassDefFoundError at ResolvableTypeTests.java:-1

ResolvableTypeTests > hasResolvableGenericsWithSingleWildcard() FAILED
    java.lang.NoClassDefFoundError at ResolvableTypeTests.java:-1

ResolvableTypeTests > hasUnresolvableGenericsBasedOnOwnGenerics() FAILED
    java.lang.NoClassDefFoundError at ResolvableTypeTests.java:-1

ResolvableTypeTests > classType() FAILED
    java.lang.NoClassDefFoundError at ResolvableTypeTests.java:-1

ResolvableTypeTests > asMap() FAILED
    java.lang.NoClassDefFoundError at ResolvableTypeTests.java:-1

ResolvableTypeTests > resolveFromClassWithGenerics() FAILED
    java.lang.NoClassDefFoundError at ResolvableTypeTests.java:-1

ResolvableTypeTests > strictGenericsMatching() FAILED
    java.lang.NoClassDefFoundError at ResolvableTypeTests.java:-1

ResolvableTypeTests > getResolvedGenerics() FAILED
    java.lang.NoClassDefFoundError at ResolvableTypeTests.java:-1

ResolvableTypeTests > hasUnresolvableGenericsWhenImplementingRawInterface() FAILED
    java.lang.NoClassDefFoundError at ResolvableTypeTests.java:-1

ResolvableTypeTests > resolveTypeVariableFromFieldTypeWithImplementsType() FAILED
    java.lang.NoClassDefFoundError at ResolvableTypeTests.java:-1

ResolvableTypeTests > resolveTypeVariableFromMethodParameterWithImplementsClass() FAILED
    java.lang.NoClassDefFoundError at ResolvableTypeTests.java:-1

ResolvableTypeTests > forMethodParameterByIndex() FAILED
    java.lang.NoClassDefFoundError at ResolvableTypeTests.java:-1

ResolvableTypeTests > intArrayNotAssignableToIntegerArray() FAILED
    java.lang.NoClassDefFoundError at ResolvableTypeTests.java:-1

ResolvableTypeTests > hasResolvableGenericsWithSingleParameterizedType() FAILED
    java.lang.NoClassDefFoundError at ResolvableTypeTests.java:-1

ResolvableTypeTests > forInstanceNoProvider() FAILED
    java.lang.NoClassDefFoundError at ResolvableTypeTests.java:-1

ResolvableTypeTests > hasGenerics() FAILED
    java.lang.NoClassDefFoundError at ResolvableTypeTests.java:-1

ResolvableTypeTests > hashCodeAndEquals() FAILED
    java.lang.NoClassDefFoundError at ResolvableTypeTests.java:-1

ResolvableTypeTests > forClass() FAILED
    java.lang.NoClassDefFoundError at ResolvableTypeTests.java:-1

ResolvableTypeTests > forField() FAILED
    java.lang.NoClassDefFoundError at ResolvableTypeTests.java:-1

ResolvableTypeTests > forParameterForConstructor() FAILED
    java.lang.NoClassDefFoundError at ResolvableTypeTests.java:-1

ResolvableTypeTests > forParameterMustNotBeNull() FAILED
    java.lang.NoClassDefFoundError at ResolvableTypeTests.java:-1

ResolvableTypeTests > noGetGenerics() FAILED
    java.lang.NoClassDefFoundError at ResolvableTypeTests.java:-1

ResolvableTypeTests > asFromSuperType() FAILED
    java.lang.NoClassDefFoundError at ResolvableTypeTests.java:-1

ResolvableTypeTests > forClassWithGenericsClassMustNotBeNull() FAILED
    java.lang.NoClassDefFoundError at ResolvableTypeTests.java:-1

ResolvableTypeTests > getGenericOutOfBounds() FAILED
    java.lang.NoClassDefFoundError at ResolvableTypeTests.java:-1

ResolvableTypeTests > resolveTypeVariableFromConstructorParameter() FAILED
    java.lang.NoClassDefFoundError at ResolvableTypeTests.java:-1

ResolvableTypeTests > serializeWithCachedState() FAILED
    java.lang.NoClassDefFoundError at ResolvableTypeTests.java:-1

ResolvableTypeTests > isAssignableFromCannotBeResolved() FAILED
    java.lang.NoClassDefFoundError at ResolvableTypeTests.java:-1

ResolvableTypeTests > resolveTypeVariableFromClassWithImplementsClass() FAILED
    java.lang.NoClassDefFoundError at ResolvableTypeTests.java:-1

ResolvableTypeTests > toStrings() FAILED
    java.lang.NoClassDefFoundError at ResolvableTypeTests.java:-1

ResolvableTypeTests > forConstructorParameterWithImplementationClassMustNotBeNull() FAILED
    java.lang.NoClassDefFoundError at ResolvableTypeTests.java:-1

ResolvableTypeTests > getSource() FAILED
    java.lang.NoClassDefFoundError at ResolvableTypeTests.java:-1

ResolvableTypeTests > getGenericByIndex() FAILED
    java.lang.NoClassDefFoundError at ResolvableTypeTests.java:-1

ResolvableTypeTests > nestedWithArray() FAILED
    java.lang.NoClassDefFoundError at ResolvableTypeTests.java:-1

ResolvableTypeTests > forMethodReturn() FAILED
    java.lang.NoClassDefFoundError at ResolvableTypeTests.java:-1

ResolvableTypeTests > forMethodParameterByIndexWithImplementationClassMustNotBeNull() FAILED
    java.lang.NoClassDefFoundError at ResolvableTypeTests.java:-1

ResolvableTypeTests > forInstanceProvider() FAILED
    java.lang.NoClassDefFoundError at ResolvableTypeTests.java:-1

ResolvableTypeTests > forPrivateField() FAILED
    java.lang.NoClassDefFoundError at ResolvableTypeTests.java:-1

ResolvableTypeTests > resolveTypeVariableFromMethodParameter() FAILED
    java.lang.NoClassDefFoundError at ResolvableTypeTests.java:-1

ResolvableTypeTests > getGeneric() FAILED
    java.lang.NoClassDefFoundError at ResolvableTypeTests.java:-1

ResolvableTypeTests > resolveVariableFromInheritedField() FAILED
    java.lang.NoClassDefFoundError at ResolvableTypeTests.java:-1

ResolvableTypeTests > getGenericsFromParameterizedType() FAILED
    java.lang.NoClassDefFoundError at ResolvableTypeTests.java:-1

ResolvableTypeTests > forInstanceProviderNull() FAILED
    java.lang.NoClassDefFoundError at ResolvableTypeTests.java:-1

ResolvableTypeTests > recursiveTypeWithInterface() FAILED
    java.lang.NoClassDefFoundError at ResolvableTypeTests.java:-1

ResolvableTypeTests > noneReturnValues() FAILED
    java.lang.NoClassDefFoundError at ResolvableTypeTests.java:-1

ResolvableTypeTests > noSuperType() FAILED
    java.lang.NoClassDefFoundError at ResolvableTypeTests.java:-1

ResolvableTypeTests > isAssignableFromForSameClassNonExtendsGenerics() FAILED
    java.lang.NoClassDefFoundError at ResolvableTypeTests.java:-1

ResolvableTypeTests > asFromInterface() FAILED
    java.lang.NoClassDefFoundError at ResolvableTypeTests.java:-1

ResolvableTypeTests > isAssignableFromForArrays() FAILED
    java.lang.NoClassDefFoundError at ResolvableTypeTests.java:-1

ResolvableTypeTests > javaDocSample() FAILED
    java.lang.NoClassDefFoundError at ResolvableTypeTests.java:-1

ResolvableTypeTests > resolveTypeVariableFromFieldTypeWithImplementsClass() FAILED
    java.lang.NoClassDefFoundError at ResolvableTypeTests.java:-1

ResolvableTypeTests > parameterizedType() FAILED
    java.lang.NoClassDefFoundError at ResolvableTypeTests.java:-1

ResolvableTypeTests > isAssignableFromForDifferentClassesWithGenerics() FAILED
    java.lang.NoClassDefFoundError at ResolvableTypeTests.java:-1

ResolvableTypeTests > resolveTypeVariableFromMethodParameterTypeWithImplementsClass() FAILED
    java.lang.NoClassDefFoundError at ResolvableTypeTests.java:-1

ResolvableTypeTests > isAssignableFromForUnresolvedDoubleWildcard() FAILED
    java.lang.NoClassDefFoundError at ResolvableTypeTests.java:-1

ResolvableTypeTests > genericMatchesReturnType() FAILED
    java.lang.NoClassDefFoundError at ResolvableTypeTests.java:-1

ResolvableTypeTests > identifyTypeVariable() FAILED
    java.lang.NoClassDefFoundError at ResolvableTypeTests.java:-1

ResolvableTypeTests > resolveTypeVariableFromSimpleSuperclassType() FAILED
    java.lang.NoClassDefFoundError at ResolvableTypeTests.java:-1

ResolvableTypeTests > resolveTypeVariableFromDeclaredParameterizedTypeReference() FAILED
    java.lang.NoClassDefFoundError at ResolvableTypeTests.java:-1

ResolvableTypeTests > forRawClassAssignableFromTypeVariable() FAILED
    java.lang.NoClassDefFoundError at ResolvableTypeTests.java:-1

ResolvableTypeTests > forRawClass() FAILED
    java.lang.NoClassDefFoundError at ResolvableTypeTests.java:-1

ResolvableTypeTests > resolveArrayClassType() FAILED
    java.lang.NoClassDefFoundError at ResolvableTypeTests.java:-1

ResolvableTypeTests > isAssignableFromForSameClassExtendsGenerics() FAILED
    java.lang.NoClassDefFoundError at ResolvableTypeTests.java:-1

ResolvableTypeTests > isAssignableFromForWildcards() FAILED
    java.lang.NoClassDefFoundError at ResolvableTypeTests.java:-1

ResolvableTypeTests > forConstructorParameter() FAILED
    java.lang.NoClassDefFoundError at ResolvableTypeTests.java:-1

ResolvableTypeTests > forMethodParameterWithSameSignatureAndGenerics() FAILED
    java.lang.NoClassDefFoundError at ResolvableTypeTests.java:-1

ResolvableTypeTests > getComponentTypeForNonArray() FAILED
    java.lang.NoClassDefFoundError at ResolvableTypeTests.java:-1

ResolvableTypeTests > resolveVariableFromFieldTypeUnknown() FAILED
    java.lang.NoClassDefFoundError at ResolvableTypeTests.java:-1

ResolvableTypeTests > genericArrayType() FAILED
    java.lang.NoClassDefFoundError at ResolvableTypeTests.java:-1

ResolvableTypeTests > asFromInheritedSuperType() FAILED
    java.lang.NoClassDefFoundError at ResolvableTypeTests.java:-1

ResolvableTypeTests > forMethodParameterWithNesting() FAILED
    java.lang.NoClassDefFoundError at ResolvableTypeTests.java:-1

ResolvableTypeTests > resolveTypeVariableFromSimpleInterfaceType() FAILED
    java.lang.NoClassDefFoundError at ResolvableTypeTests.java:-1

ResolvableTypeTests > resolveVariableNotFound() FAILED
    java.lang.NoClassDefFoundError at ResolvableTypeTests.java:-1

ResolvableTypeTests > hasResolvableGenerics() FAILED
    java.lang.NoClassDefFoundError at ResolvableTypeTests.java:-1

ResolvableTypeTests > forParameterForMethod() FAILED
    java.lang.NoClassDefFoundError at ResolvableTypeTests.java:-1

ResolvableTypeTests > forFieldMustNotBeNull() FAILED
    java.lang.NoClassDefFoundError at ResolvableTypeTests.java:-1

ResolvableTypeTests > getComponentTypeForClassArray() FAILED
    java.lang.NoClassDefFoundError at ResolvableTypeTests.java:-1

ResolvableTypeTests > isAssignableFromForClassAndSimpleVariable() FAILED
    java.lang.NoClassDefFoundError at ResolvableTypeTests.java:-1

ResolvableTypeTests > nestedWithIndexes() FAILED
    java.lang.NoClassDefFoundError at ResolvableTypeTests.java:-1

ResolvableTypeTests > getGenericOfGeneric() FAILED
    java.lang.NoClassDefFoundError at ResolvableTypeTests.java:-1

ResolvableTypeTests > resolveVariableFromInheritedFieldSwitched() FAILED
    java.lang.NoClassDefFoundError at ResolvableTypeTests.java:-1

SerializableTypeWrapperTests > typeVariableType() FAILED
    java.lang.NoClassDefFoundError at SerializableTypeWrapperTests.java:-1

SerializableTypeWrapperTests > wildcardType() FAILED
    java.lang.NoClassDefFoundError at SerializableTypeWrapperTests.java:-1

SerializableTypeWrapperTests > forConstructor() FAILED
    java.lang.NoClassDefFoundError at SerializableTypeWrapperTests.java:-1

SerializableTypeWrapperTests > forMethodParameter() FAILED
    java.lang.NoClassDefFoundError at SerializableTypeWrapperTests.java:-1

SerializableTypeWrapperTests > classType() FAILED
    java.lang.NoClassDefFoundError at SerializableTypeWrapperTests.java:-1

SerializableTypeWrapperTests > forField() FAILED
    java.lang.NoClassDefFoundError at SerializableTypeWrapperTests.java:-1

SerializableTypeWrapperTests > parameterizedType() FAILED
    java.lang.NoClassDefFoundError at SerializableTypeWrapperTests.java:-1

SerializableTypeWrapperTests > genericArrayType() FAILED
    java.lang.NoClassDefFoundError at SerializableTypeWrapperTests.java:-1

SimpleAliasRegistryTests > resolveAliasesWithPlaceholderReplacement() FAILED
    java.lang.NoClassDefFoundError at SimpleAliasRegistryTests.java:-1

SimpleAliasRegistryTests > resolveAliasesWithPlaceholderReplacementConflict() FAILED
    java.lang.NoClassDefFoundError at SimpleAliasRegistryTests.java:-1

SimpleAliasRegistryTests > resolveAliasesPreconditions() FAILED
    java.lang.NoClassDefFoundError at SimpleAliasRegistryTests.java:-1

SimpleAliasRegistryTests > resolveAliasesWithComplexPlaceholderReplacementWithAliasAndNameSwitching(String) > [1] aliasX = "alias4" FAILED
    java.lang.NoClassDefFoundError at SimpleAliasRegistryTests.java:-1

SimpleAliasRegistryTests > resolveAliasesWithComplexPlaceholderReplacementWithAliasAndNameSwitching(String) > [2] aliasX = "test" FAILED
    java.lang.NoClassDefFoundError at SimpleAliasRegistryTests.java:-1

SimpleAliasRegistryTests > resolveAliasesWithComplexPlaceholderReplacementWithAliasAndNameSwitching(String) > [3] aliasX = "xxxxxxxxxxxxxxxxxxxxxxxxxxxxxxx" FAILED
    java.lang.NoClassDefFoundError at SimpleAliasRegistryTests.java:-1

SimpleAliasRegistryTests > removeNullAlias() FAILED
    java.lang.NoClassDefFoundError at SimpleAliasRegistryTests.java:-1

SimpleAliasRegistryTests > removeExistingAlias() FAILED
    java.lang.NoClassDefFoundError at SimpleAliasRegistryTests.java:-1

SimpleAliasRegistryTests > checkForAliasCircle() FAILED
    java.lang.NoClassDefFoundError at SimpleAliasRegistryTests.java:-1

SimpleAliasRegistryTests > getAliases() FAILED
    java.lang.NoClassDefFoundError at SimpleAliasRegistryTests.java:-1

SimpleAliasRegistryTests > aliasChainingWithMultipleAliases() FAILED
    java.lang.NoClassDefFoundError at SimpleAliasRegistryTests.java:-1

SimpleAliasRegistryTests > aliasChaining() FAILED
    java.lang.NoClassDefFoundError at SimpleAliasRegistryTests.java:-1

SimpleAliasRegistryTests > removeNonExistentAlias() FAILED
    java.lang.NoClassDefFoundError at SimpleAliasRegistryTests.java:-1

SimpleAliasRegistryTests > resolveAliasesWithComplexPlaceholderReplacementWithAliasSwitching(String) > [1] aliasX = "alias4" FAILED
    java.lang.NoClassDefFoundError at SimpleAliasRegistryTests.java:-1

SimpleAliasRegistryTests > resolveAliasesWithComplexPlaceholderReplacementWithAliasSwitching(String) > [2] aliasX = "test" FAILED
    java.lang.NoClassDefFoundError at SimpleAliasRegistryTests.java:-1

SimpleAliasRegistryTests > resolveAliasesWithComplexPlaceholderReplacementWithAliasSwitching(String) > [3] aliasX = "xxxxxxxxxxxxxxxxxxxxxxxxxxxxxxx" FAILED
    java.lang.NoClassDefFoundError at SimpleAliasRegistryTests.java:-1

SimpleAliasRegistryTests > resolveAliasesWithoutPlaceholderReplacement() FAILED
    java.lang.NoClassDefFoundError at SimpleAliasRegistryTests.java:-1

SimpleAliasRegistryTests > isAlias() FAILED
    java.lang.NoClassDefFoundError at SimpleAliasRegistryTests.java:-1

SortedPropertiesTests > entrySet() FAILED
    java.lang.NoClassDefFoundError at SortedPropertiesTests.java:-1

SortedPropertiesTests > storingAsXmlSortsPropertiesAndOmitsComments() FAILED
    java.lang.NoClassDefFoundError at SortedPropertiesTests.java:-1

SortedPropertiesTests > keySet() FAILED
    java.lang.NoClassDefFoundError at SortedPropertiesTests.java:-1

SortedPropertiesTests > entrySetFromPrototype() FAILED
    java.lang.NoClassDefFoundError at SortedPropertiesTests.java:-1

SortedPropertiesTests > sortsPropertiesAndOmitsCommentsUsingWriter() FAILED
    java.lang.NoClassDefFoundError at SortedPropertiesTests.java:-1

SortedPropertiesTests > keys() FAILED
    java.lang.NoClassDefFoundError at SortedPropertiesTests.java:-1

SortedPropertiesTests > sortsPropertiesUsingOutputStream() FAILED
    java.lang.NoClassDefFoundError at SortedPropertiesTests.java:-1

SortedPropertiesTests > keySetFromPrototype() FAILED
    java.lang.NoClassDefFoundError at SortedPropertiesTests.java:-1

SortedPropertiesTests > sortsPropertiesAndOmitsCommentsUsingOutputStream() FAILED
    java.lang.NoClassDefFoundError at SortedPropertiesTests.java:-1

SortedPropertiesTests > keysFromPrototype() FAILED
    java.lang.NoClassDefFoundError at SortedPropertiesTests.java:-1

SortedPropertiesTests > sortsPropertiesUsingWriter() FAILED
    java.lang.NoClassDefFoundError at SortedPropertiesTests.java:-1

StandardReflectionParameterNameDiscoverTests > getParameterNamesOnInterface() FAILED
    java.lang.NoClassDefFoundError at StandardReflectionParameterNameDiscoverTests.java:-1

AnnotatedElementUtilsTests > getAllAnnotationAttributesOnClassWithLocalAnnotation() FAILED
    java.lang.NoClassDefFoundError at AnnotatedElementUtilsTests.java:-1

AnnotatedElementUtilsTests > isAnnotatedOnNonAnnotatedClass() FAILED
    java.lang.NoClassDefFoundError at AnnotatedElementUtilsTests.java:-1

AnnotatedElementUtilsTests > isAnnotatedWithNameOnNonAnnotatedClass() FAILED
    java.lang.NoClassDefFoundError at AnnotatedElementUtilsTests.java:-1

AnnotatedElementUtilsTests > getAllAnnotationAttributesFavorsInheritedComposedAnnotationsOverMoreLocallyDeclaredComposedAnnotations() FAILED
    java.lang.NoClassDefFoundError at AnnotatedElementUtilsTests.java:-1

AnnotatedElementUtilsTests > getMergedAnnotationAttributesWithImplicitAliasesInMetaAnnotationOnComposedAnnotation() FAILED
    java.lang.NoClassDefFoundError at AnnotatedElementUtilsTests.java:-1

AnnotatedElementUtilsTests > findAndSynthesizeAnnotationAttributesOnClassWithAttributeAliasesInTargetAnnotation() FAILED
    java.lang.NoClassDefFoundError at AnnotatedElementUtilsTests.java:-1

AnnotatedElementUtilsTests > getMergedAnnotationAttributesOnClassWithLocalAnnotation() FAILED
    java.lang.NoClassDefFoundError at AnnotatedElementUtilsTests.java:-1

AnnotatedElementUtilsTests > getMergedAnnotationAttributesWithAliasedComposedAnnotation() FAILED
    java.lang.NoClassDefFoundError at AnnotatedElementUtilsTests.java:-1

AnnotatedElementUtilsTests > findMergedAnnotationAttributesInheritedFromBridgedMethod() FAILED
    java.lang.NoClassDefFoundError at AnnotatedElementUtilsTests.java:-1

AnnotatedElementUtilsTests > findMergedAnnotationAttributesOnSubInheritedAnnotationInterface() FAILED
    java.lang.NoClassDefFoundError at AnnotatedElementUtilsTests.java:-1

AnnotatedElementUtilsTests > getMergedAnnotationWithTransitiveImplicitAliasesWithSkippedLevel() FAILED
    java.lang.NoClassDefFoundError at AnnotatedElementUtilsTests.java:-1

AnnotatedElementUtilsTests > getMergedAnnotationWithAliasedValueComposedAnnotation() FAILED
    java.lang.NoClassDefFoundError at AnnotatedElementUtilsTests.java:-1

AnnotatedElementUtilsTests > getAllAnnotationAttributesFavorsInheritedAnnotationsOverMoreLocallyDeclaredComposedAnnotations() FAILED
    java.lang.NoClassDefFoundError at AnnotatedElementUtilsTests.java:-1

AnnotatedElementUtilsTests > javaLangAnnotationTypeViaFindMergedAnnotation() FAILED
    java.lang.NoClassDefFoundError at AnnotatedElementUtilsTests.java:-1

AnnotatedElementUtilsTests > getMergedAnnotationAttributesWithAliasedValueComposedAnnotation() FAILED
    java.lang.NoClassDefFoundError at AnnotatedElementUtilsTests.java:-1

AnnotatedElementUtilsTests > getMergedAnnotationAttributesOnInheritedAnnotationInterface() FAILED
    java.lang.NoClassDefFoundError at AnnotatedElementUtilsTests.java:-1

AnnotatedElementUtilsTests > findMergedAnnotationAttributesOnClassWithAttributeAliasInComposedAnnotationAndNestedAnnotationsInTargetAnnotation() FAILED
    java.lang.NoClassDefFoundError at AnnotatedElementUtilsTests.java:-1

AnnotatedElementUtilsTests > getMergedAnnotationAttributesFavorsInheritedComposedAnnotationsOverMoreLocallyDeclaredComposedAnnotations() FAILED
    java.lang.NoClassDefFoundError at AnnotatedElementUtilsTests.java:-1

AnnotatedElementUtilsTests > findMergedAnnotationOnClassWithComposedMetaTransactionalAnnotation() FAILED
    java.lang.NoClassDefFoundError at AnnotatedElementUtilsTests.java:-1

AnnotatedElementUtilsTests > jakartaAnnotationTypeViaFindMergedAnnotation() FAILED
    java.lang.NoClassDefFoundError at AnnotatedElementUtilsTests.java:-1

AnnotatedElementUtilsTests > getMergedAnnotationAttributesFromInterfaceImplementedBySuperclass() FAILED
    java.lang.NoClassDefFoundError at AnnotatedElementUtilsTests.java:-1

AnnotatedElementUtilsTests > findMergedAnnotationAttributesInheritedFromAbstractMethod() FAILED
    java.lang.NoClassDefFoundError at AnnotatedElementUtilsTests.java:-1

AnnotatedElementUtilsTests > getMergedAnnotationAttributesOnNonInheritedAnnotationInterface() FAILED
    java.lang.NoClassDefFoundError at AnnotatedElementUtilsTests.java:-1

AnnotatedElementUtilsTests > findMergedAnnotationAttributesWithSingleElementOverridingAnArrayViaAliasFor() FAILED
    java.lang.NoClassDefFoundError at AnnotatedElementUtilsTests.java:-1

AnnotatedElementUtilsTests > getAllAnnotationAttributesOnNonAnnotatedClass() FAILED
    java.lang.NoClassDefFoundError at AnnotatedElementUtilsTests.java:-1

AnnotatedElementUtilsTests > findMergedAnnotationAttributesFromBridgeMethod() FAILED
    java.lang.NoClassDefFoundError at AnnotatedElementUtilsTests.java:-1

AnnotatedElementUtilsTests > findMergedAnnotationAttributesOnSubNonInheritedAnnotationInterface() FAILED
    java.lang.NoClassDefFoundError at AnnotatedElementUtilsTests.java:-1

AnnotatedElementUtilsTests > findMergedAnnotationAttributesOnMethodWithComposedMetaTransactionalAnnotation() FAILED
    java.lang.NoClassDefFoundError at AnnotatedElementUtilsTests.java:-1

AnnotatedElementUtilsTests > findMergedAnnotationOnMethodWithComposedMetaTransactionalAnnotation() FAILED
    java.lang.NoClassDefFoundError at AnnotatedElementUtilsTests.java:-1

AnnotatedElementUtilsTests > findMergedAnnotationAttributesOnInheritedAnnotationInterface() FAILED
    java.lang.NoClassDefFoundError at AnnotatedElementUtilsTests.java:-1

AnnotatedElementUtilsTests > getMetaAnnotationTypesOnNonAnnotatedClass() FAILED
    java.lang.NoClassDefFoundError at AnnotatedElementUtilsTests.java:-1

AnnotatedElementUtilsTests > findMergedAnnotationAttributesOnSubSubNonInheritedAnnotationInterface() FAILED
    java.lang.NoClassDefFoundError at AnnotatedElementUtilsTests.java:-1

AnnotatedElementUtilsTests > getMergedAnnotationAttributesWithShadowedAliasComposedAnnotation() FAILED
    java.lang.NoClassDefFoundError at AnnotatedElementUtilsTests.java:-1

AnnotatedElementUtilsTests > hasAnnotationForPlainTypes() FAILED
    java.lang.NoClassDefFoundError at AnnotatedElementUtilsTests.java:-1

AnnotatedElementUtilsTests > findMergedAnnotationWithSingleElementOverridingAnArrayViaAliasFor() FAILED
    java.lang.NoClassDefFoundError at AnnotatedElementUtilsTests.java:-1

AnnotatedElementUtilsTests > findMergedAnnotationForMultipleMetaAnnotationsWithClashingAttributeNames() FAILED
    java.lang.NoClassDefFoundError at AnnotatedElementUtilsTests.java:-1

AnnotatedElementUtilsTests > findMergedAnnotationAttributesInheritedFromInterfaceMethod() FAILED
    java.lang.NoClassDefFoundError at AnnotatedElementUtilsTests.java:-1

AnnotatedElementUtilsTests > findMergedAnnotationAttributesOnClassWithMetaAndLocalTxConfig() FAILED
    java.lang.NoClassDefFoundError at AnnotatedElementUtilsTests.java:-1

AnnotatedElementUtilsTests > getMergedRepeatableAnnotationsWithContainerWithMultipleAttributes() FAILED
    java.lang.NoClassDefFoundError at AnnotatedElementUtilsTests.java:-1

AnnotatedElementUtilsTests > getMergedAnnotationWithImplicitAliasesInMetaAnnotationOnComposedAnnotation() FAILED
    java.lang.NoClassDefFoundError at AnnotatedElementUtilsTests.java:-1

AnnotatedElementUtilsTests > getMergedAnnotationOnThreeDeepMetaWithValue() FAILED
    java.lang.NoClassDefFoundError at AnnotatedElementUtilsTests.java:-1

AnnotatedElementUtilsTests > getMergedAnnotationAttributesOnClassWithLocalAnnotationThatShadowsAnnotationFromSuperclass() FAILED
    java.lang.NoClassDefFoundError at AnnotatedElementUtilsTests.java:-1

AnnotatedElementUtilsTests > findMethodAnnotationFromGenericInterface() FAILED
    java.lang.NoClassDefFoundError at AnnotatedElementUtilsTests.java:-1

AnnotatedElementUtilsTests > getAllAnnotationAttributesOnClassWithLocalAnnotationThatShadowsAnnotationFromSuperclass() FAILED
    java.lang.NoClassDefFoundError at AnnotatedElementUtilsTests.java:-1

AnnotatedElementUtilsTests > getMetaAnnotationTypesOnClassWithMetaDepth1() FAILED
    java.lang.NoClassDefFoundError at AnnotatedElementUtilsTests.java:-1

AnnotatedElementUtilsTests > getMetaAnnotationTypesOnClassWithMetaDepth2() FAILED
    java.lang.NoClassDefFoundError at AnnotatedElementUtilsTests.java:-1

AnnotatedElementUtilsTests > getAllAnnotationAttributesOnClassWithMultipleComposedAnnotations() FAILED
    java.lang.NoClassDefFoundError at AnnotatedElementUtilsTests.java:-1

AnnotatedElementUtilsTests > getMergedAnnotationWithTransitiveImplicitAliases() FAILED
    java.lang.NoClassDefFoundError at AnnotatedElementUtilsTests.java:-1

AnnotatedElementUtilsTests > isAnnotatedOnClassWithMetaDepth() FAILED
    java.lang.NoClassDefFoundError at AnnotatedElementUtilsTests.java:-1

AnnotatedElementUtilsTests > isAnnotatedForPlainTypes() FAILED
    java.lang.NoClassDefFoundError at AnnotatedElementUtilsTests.java:-1

AnnotatedElementUtilsTests > findMergedRepeatableAnnotationsWithContainerWithMultipleAttributes() FAILED
    java.lang.NoClassDefFoundError at AnnotatedElementUtilsTests.java:-1

AnnotatedElementUtilsTests > getMergedAnnotationWithImplicitAliasesForSameAttributeInComposedAnnotation() FAILED
    java.lang.NoClassDefFoundError at AnnotatedElementUtilsTests.java:-1

AnnotatedElementUtilsTests > getMergedAnnotationWithTransitiveImplicitAliasesWithSkippedLevelWithSingleElementOverridingAnArrayViaAliasFor() FAILED
    java.lang.NoClassDefFoundError at AnnotatedElementUtilsTests.java:-1

AnnotatedElementUtilsTests > getAllAnnotationAttributesOnClassWithLocalComposedAnnotationAndInheritedAnnotation() FAILED
    java.lang.NoClassDefFoundError at AnnotatedElementUtilsTests.java:-1

AnnotatedElementUtilsTests > findMergedAnnotationAttributesOnClassWithComposedMetaTransactionalAnnotation() FAILED
    java.lang.NoClassDefFoundError at AnnotatedElementUtilsTests.java:-1

AnnotatedElementUtilsTests > isAnnotatedWithNameOnClassWithMetaDepth() FAILED
    java.lang.NoClassDefFoundError at AnnotatedElementUtilsTests.java:-1

AnnotatedElementUtilsTests > findMergedAnnotationAttributesOnNonInheritedAnnotationInterface() FAILED
    java.lang.NoClassDefFoundError at AnnotatedElementUtilsTests.java:-1

AnnotatedElementUtilsTests > getMergedAnnotationWithImplicitAliasesWithDefaultsInMetaAnnotationOnComposedAnnotation() FAILED
    java.lang.NoClassDefFoundError at AnnotatedElementUtilsTests.java:-1

AnnotatedElementUtilsTests > getMergedAnnotationAttributesFavorsInheritedAnnotationsOverMoreLocallyDeclaredComposedAnnotations() FAILED
    java.lang.NoClassDefFoundError at AnnotatedElementUtilsTests.java:-1

AnnotatedElementUtilsTests > nullableAnnotationTypeViaFindMergedAnnotation() FAILED
    java.lang.NoClassDefFoundError at AnnotatedElementUtilsTests.java:-1

AnnotatedElementUtilsTests > findMergedAnnotationAttributesOnClassWithBothAttributesOfAnAliasPairDeclared() FAILED
    java.lang.NoClassDefFoundError at AnnotatedElementUtilsTests.java:-1

AnnotatedElementUtilsTests > hasMetaAnnotationTypesOnClassWithMetaDepth0() FAILED
    java.lang.NoClassDefFoundError at AnnotatedElementUtilsTests.java:-1

AnnotatedElementUtilsTests > hasMetaAnnotationTypesOnClassWithMetaDepth1() FAILED
    java.lang.NoClassDefFoundError at AnnotatedElementUtilsTests.java:-1

AnnotatedElementUtilsTests > hasMetaAnnotationTypesOnClassWithMetaDepth2() FAILED
    java.lang.NoClassDefFoundError at AnnotatedElementUtilsTests.java:-1

AnnotatedElementUtilsTests > hasMetaAnnotationTypesOnNonAnnotatedClass() FAILED
    java.lang.NoClassDefFoundError at AnnotatedElementUtilsTests.java:-1

AnnotatedElementUtilsTests > hasAnnotationOnNonAnnotatedClass() FAILED
    java.lang.NoClassDefFoundError at AnnotatedElementUtilsTests.java:-1

AnnotatedElementUtilsTests > findMergedAnnotationAttributesOnSubSubInheritedAnnotationInterface() FAILED
    java.lang.NoClassDefFoundError at AnnotatedElementUtilsTests.java:-1

AnnotatedElementUtilsTests > findAllMergedAnnotationsOnClassWithInterface() FAILED
    java.lang.NoClassDefFoundError at AnnotatedElementUtilsTests.java:-1

AnnotatedElementUtilsTests > getAllMergedAnnotationsOnClassWithInterface() FAILED
    java.lang.NoClassDefFoundError at AnnotatedElementUtilsTests.java:-1

AnnotatedElementUtilsTests > getMergedAnnotationWithTransitiveImplicitAliasesWithSingleElementOverridingAnArrayViaAliasFor() FAILED
    java.lang.NoClassDefFoundError at AnnotatedElementUtilsTests.java:-1

AnnotatedElementUtilsTests > forAnnotationsCreatesCopyOfArrayOnEachCall() FAILED
    java.lang.NoClassDefFoundError at AnnotatedElementUtilsTests.java:-1

AnnotatedElementUtilsTests > findMethodAnnotationFromGenericSuperclass() FAILED
    java.lang.NoClassDefFoundError at AnnotatedElementUtilsTests.java:-1

AnnotatedElementUtilsTests > hasAnnotationOnClassWithMetaDepth() FAILED
    java.lang.NoClassDefFoundError at AnnotatedElementUtilsTests.java:-1

AnnotatedElementUtilsTests > getMergedAnnotationAttributesOnMetaCycleAnnotatedClassWithMissingTargetMetaAnnotation() FAILED
    java.lang.NoClassDefFoundError at AnnotatedElementUtilsTests.java:-1

AnnotatedElementUtilsTests > findMergedAnnotationWithAttributeAliasesInTargetAnnotation() FAILED
    java.lang.NoClassDefFoundError at AnnotatedElementUtilsTests.java:-1

AnnotatedElementUtilsTests > getMergedAnnotationAttributesFavorsLocalComposedAnnotationOverInheritedAnnotation() FAILED
    java.lang.NoClassDefFoundError at AnnotatedElementUtilsTests.java:-1

AnnotatedElementUtilsTests > ConventionBasedAnnotationAttributeOverrideTests > getMergedAnnotationAttributesWithConventionBasedComposedAnnotation() FAILED
    java.lang.NoClassDefFoundError at ClassLoader.java:-2

AnnotatedElementUtilsTests > ConventionBasedAnnotationAttributeOverrideTests > getMergedAnnotationAttributesWithHalfConventionBasedAndHalfAliasedComposedAnnotationV1() FAILED
    java.lang.NoClassDefFoundError at ClassLoader.java:-2

AnnotatedElementUtilsTests > ConventionBasedAnnotationAttributeOverrideTests > getMergedAnnotationAttributesWithHalfConventionBasedAndHalfAliasedComposedAnnotationV2() FAILED
    java.lang.NoClassDefFoundError at ClassLoader.java:-2

AnnotatedElementUtilsTests > ConventionBasedAnnotationAttributeOverrideTests > findMergedAnnotationAttributesWithSingleElementOverridingAnArrayViaConvention() FAILED
    java.lang.NoClassDefFoundError at ClassLoader.java:-2

AnnotatedElementUtilsTests > ConventionBasedAnnotationAttributeOverrideTests > findMergedAnnotationWithSingleElementOverridingAnArrayViaConvention() FAILED
    java.lang.NoClassDefFoundError at ClassLoader.java:-2

AnnotatedElementUtilsTests > ConventionBasedAnnotationAttributeOverrideTests > findMergedAnnotationWithLocalAliasesThatConflictWithAttributesInMetaAnnotationByConvention() FAILED
    java.lang.NoClassDefFoundError at ClassLoader.java:-2

AnnotatedMethodTests > shouldFindAnnotationOnMethodInGenericAbstractSuperclass() FAILED
    java.lang.NoClassDefFoundError at AnnotatedMethodTests.java:-1

AnnotatedMethodTests > shouldFindAnnotationOnMethodParameterInGenericInterface() FAILED
    java.lang.NoClassDefFoundError at AnnotatedMethodTests.java:-1

AnnotatedMethodTests > shouldFindAnnotationOnMethodParameterInGenericAbstractSuperclass() FAILED
    java.lang.NoClassDefFoundError at AnnotatedMethodTests.java:-1

AnnotatedMethodTests > shouldFindAnnotationOnMethodInGenericInterface() FAILED
    java.lang.NoClassDefFoundError at AnnotatedMethodTests.java:-1

AnnotationAttributesTests > nestedAnnotations() FAILED
    java.lang.NoClassDefFoundError at AnnotationAttributesTests.java:-1

AnnotationAttributesTests > getEnumWithUnknownAttributeName() FAILED
    java.lang.NoClassDefFoundError at AnnotationAttributesTests.java:-1

AnnotationAttributesTests > getAliasedStringArrayWithImplicitAliases() FAILED
    java.lang.NoClassDefFoundError at AnnotationAttributesTests.java:-1

AnnotationAttributesTests > typeSafeAttributeAccess() FAILED
    java.lang.NoClassDefFoundError at AnnotationAttributesTests.java:-1

AnnotationAttributesTests > singleElementToSingleElementArrayConversionSupport() FAILED
    java.lang.NoClassDefFoundError at AnnotationAttributesTests.java:-1

AnnotationAttributesTests > getAliasedStringWithImplicitAliases() FAILED
    java.lang.NoClassDefFoundError at AnnotationAttributesTests.java:-1

AnnotationAttributesTests > unresolvableClassWithClassNotFoundException() FAILED
    java.lang.NoClassDefFoundError at AnnotationAttributesTests.java:-1

AnnotationAttributesTests > getEnumWithTypeMismatch() FAILED
    java.lang.NoClassDefFoundError at AnnotationAttributesTests.java:-1

AnnotationAttributesTests > getEnumWithEmptyAttributeName() FAILED
    java.lang.NoClassDefFoundError at AnnotationAttributesTests.java:-1

AnnotationAttributesTests > unresolvableClassWithLinkageError() FAILED
    java.lang.NoClassDefFoundError at AnnotationAttributesTests.java:-1

AnnotationAttributesTests > getEnumWithNullAttributeName() FAILED
    java.lang.NoClassDefFoundError at AnnotationAttributesTests.java:-1

AnnotationAwareOrderComparatorTests > sortInstancesWithOrderAndPriority() FAILED
    java.lang.NoClassDefFoundError at AnnotationAwareOrderComparatorTests.java:-1

AnnotationAwareOrderComparatorTests > sortClassesWithSubclass() FAILED
    java.lang.NoClassDefFoundError at AnnotationAwareOrderComparatorTests.java:-1

AnnotationAwareOrderComparatorTests > instanceVariableIsAnAnnotationAwareOrderComparator() FAILED
    java.lang.NoClassDefFoundError at AnnotationAwareOrderComparatorTests.java:-1

AnnotationAwareOrderComparatorTests > sortInstancesWithSubclass() FAILED
    java.lang.NoClassDefFoundError at AnnotationAwareOrderComparatorTests.java:-1

AnnotationAwareOrderComparatorTests > sortInstances() FAILED
    java.lang.NoClassDefFoundError at AnnotationAwareOrderComparatorTests.java:-1

AnnotationAwareOrderComparatorTests > sortInstancesWithPriority() FAILED
    java.lang.NoClassDefFoundError at AnnotationAwareOrderComparatorTests.java:-1

AnnotationAwareOrderComparatorTests > sortWithNulls() FAILED
    java.lang.NoClassDefFoundError at AnnotationAwareOrderComparatorTests.java:-1

AnnotationAwareOrderComparatorTests > sortClasses() FAILED
    java.lang.NoClassDefFoundError at AnnotationAwareOrderComparatorTests.java:-1

AnnotationBackCompatibilityTests > defaultValue() FAILED
    java.lang.NoClassDefFoundError at AnnotationBackCompatibilityTests.java:-1

AnnotationBackCompatibilityTests > multipleRoutesToMetaAnnotation() FAILED
    java.lang.NoClassDefFoundError at AnnotationBackCompatibilityTests.java:-1

AnnotationFilterTests > matchesAnnotationClassWhenNoMatchReturnsFalse() FAILED
    java.lang.NoClassDefFoundError at AnnotationFilterTests.java:-1

AnnotationFilterTests > plainWhenJavaLangAnnotationReturnsTrue() FAILED
    java.lang.NoClassDefFoundError at AnnotationFilterTests.java:-1

AnnotationFilterTests > matchesAnnotationWhenMatchReturnsTrue() FAILED
    java.lang.NoClassDefFoundError at AnnotationFilterTests.java:-1

AnnotationFilterTests > plainWhenSpringLangAnnotationReturnsTrue() FAILED
    java.lang.NoClassDefFoundError at AnnotationFilterTests.java:-1

AnnotationFilterTests > matchesAnnotationWhenNoMatchReturnsFalse() FAILED
    java.lang.NoClassDefFoundError at AnnotationFilterTests.java:-1

AnnotationFilterTests > javaWhenSpringLangAnnotationReturnsFalse() FAILED
    java.lang.NoClassDefFoundError at AnnotationFilterTests.java:-1

AnnotationFilterTests > matchesAnnotationClassWhenMatchReturnsTrue() FAILED
    java.lang.NoClassDefFoundError at AnnotationFilterTests.java:-1

AnnotationFilterTests > javaWhenJavaLangAnnotationReturnsTrue() FAILED
    java.lang.NoClassDefFoundError at AnnotationFilterTests.java:-1

AnnotationFilterTests > javaWhenOtherAnnotationReturnsFalse() FAILED
    java.lang.NoClassDefFoundError at AnnotationFilterTests.java:-1

AnnotationFilterTests > plainWhenOtherAnnotationReturnsFalse() FAILED
    java.lang.NoClassDefFoundError at AnnotationFilterTests.java:-1

AnnotationFilterTests > noneReturnsFalse() FAILED
    java.lang.NoClassDefFoundError at AnnotationFilterTests.java:-1

AnnotationIntrospectionFailureTests > filteredTypeThrowsTypeNotPresentException() FAILED
    java.lang.NoClassDefFoundError at AnnotationIntrospectionFailureTests.java:-1

AnnotationIntrospectionFailureTests > filteredTypeInMetaAnnotationWhenUsingAnnotatedElementUtilsHandlesException() FAILED
    java.lang.NoClassDefFoundError at AnnotationIntrospectionFailureTests.java:-1

AnnotationIntrospectionFailureTests > filteredTypeInMetaAnnotationWhenUsingMergedAnnotationsHandlesException() FAILED
    java.lang.NoClassDefFoundError at AnnotationIntrospectionFailureTests.java:-1

AnnotationIntrospectionFailureTests > filteredTypeInAnnotationAttributeDoesNotThrowWhenCallingAsAnnotationAttributes() FAILED
    java.lang.NoClassDefFoundError at AnnotationIntrospectionFailureTests.java:-1

AnnotationTypeMappingsTests > getMirrorSetWhenThreeDeepReturnsMirrors() FAILED
    java.lang.NoClassDefFoundError at AnnotationTypeMappingsTests.java:-1

AnnotationTypeMappingsTests > getAliasMappingReturnsAttributes() FAILED
    java.lang.NoClassDefFoundError at AnnotationTypeMappingsTests.java:-1

AnnotationTypeMappingsTests > isEquivalentToDefaultValueWhenClassAndStringNamesMatchReturnsTrue() FAILED
    java.lang.NoClassDefFoundError at AnnotationTypeMappingsTests.java:-1

AnnotationTypeMappingsTests > forAnnotationTypeWhenAliasForSelfWithDifferentDefaults() FAILED
    java.lang.NoClassDefFoundError at AnnotationTypeMappingsTests.java:-1

AnnotationTypeMappingsTests > forAnnotationTypeWhenAliasForToOtherNonExistingAttribute() FAILED
    java.lang.NoClassDefFoundError at AnnotationTypeMappingsTests.java:-1

AnnotationTypeMappingsTests > getDistanceReturnsDistance() FAILED
    java.lang.NoClassDefFoundError at AnnotationTypeMappingsTests.java:-1

AnnotationTypeMappingsTests > isEquivalentToDefaultValueWhenNotMatchingReturnsFalse() FAILED
    java.lang.NoClassDefFoundError at AnnotationTypeMappingsTests.java:-1

AnnotationTypeMappingsTests > getAnnotationWhenMetaAnnotationReturnsAnnotation() FAILED
    java.lang.NoClassDefFoundError at AnnotationTypeMappingsTests.java:-1

AnnotationTypeMappingsTests > isEquivalentToDefaultValueWhenValueAndDefaultAreNullReturnsTrue() FAILED
    java.lang.NoClassDefFoundError at AnnotationTypeMappingsTests.java:-1

AnnotationTypeMappingsTests > getAnnotationTypeReturnsAnnotationType() FAILED
    java.lang.NoClassDefFoundError at AnnotationTypeMappingsTests.java:-1

AnnotationTypeMappingsTests > forAnnotationTypeWhenMetaAnnotationsReturnsMappings() FAILED
    java.lang.NoClassDefFoundError at AnnotationTypeMappingsTests.java:-1

AnnotationTypeMappingsTests > forAnnotationTypeWhenAliasForSelfWithMissingDefault() FAILED
    java.lang.NoClassDefFoundError at AnnotationTypeMappingsTests.java:-1

AnnotationTypeMappingsTests > resolveMirrorsWhenHasSameValuesUsesFirst() FAILED
    java.lang.NoClassDefFoundError at AnnotationTypeMappingsTests.java:-1

AnnotationTypeMappingsTests > forAnnotationTypeWhenAliasForNonMetaAnnotated() FAILED
    java.lang.NoClassDefFoundError at AnnotationTypeMappingsTests.java:-1

AnnotationTypeMappingsTests > getMetaTypeReturnsTypes() FAILED
    java.lang.NoClassDefFoundError at AnnotationTypeMappingsTests.java:-1

AnnotationTypeMappingsTests > resolveMirrorsWhenHasWithMultipleRoutesToAliasReturnsMirrors() FAILED
    java.lang.NoClassDefFoundError at AnnotationTypeMappingsTests.java:-1

AnnotationTypeMappingsTests > forAnnotationTypeWhenHasAliasForWithBothValueAndAttributeThrowsException() FAILED
    java.lang.NoClassDefFoundError at AnnotationTypeMappingsTests.java:-1

AnnotationTypeMappingsTests > isEquivalentToDefaultValueWhenNestedAnnotationAndExtractedValuesMatchReturnsTrueAndValueSuppliedAsTypeMappedAnnotation() FAILED
    java.lang.NoClassDefFoundError at AnnotationTypeMappingsTests.java:-1

AnnotationTypeMappingsTests > forAnnotationTypeWhenRepeatableMetaAnnotationIsFiltered() FAILED
    java.lang.NoClassDefFoundError at AnnotationTypeMappingsTests.java:-1

AnnotationTypeMappingsTests > getAttributesReturnsAttributes() FAILED
    java.lang.NoClassDefFoundError at AnnotationTypeMappingsTests.java:-1

AnnotationTypeMappingsTests > getAnnotationWhenRootReturnsNull() FAILED
    java.lang.NoClassDefFoundError at AnnotationTypeMappingsTests.java:-1

AnnotationTypeMappingsTests > forAnnotationTypeWhenSelfAnnotatedReturnsMapping() FAILED
    java.lang.NoClassDefFoundError at AnnotationTypeMappingsTests.java:-1

AnnotationTypeMappingsTests > forAnnotationTypeWhenCalledTwiceReturnsCachedInstance() FAILED
    java.lang.NoClassDefFoundError at AnnotationTypeMappingsTests.java:-1

AnnotationTypeMappingsTests > forAnnotationTypeWhenAliasForToSelf() FAILED
    java.lang.NoClassDefFoundError at AnnotationTypeMappingsTests.java:-1

AnnotationTypeMappingsTests > forAnnotationTypeWhenAliasForWithArrayCompatibleReturnTypes() FAILED
    java.lang.NoClassDefFoundError at AnnotationTypeMappingsTests.java:-1

AnnotationTypeMappingsTests > forAnnotationTypeWhenAliasForHasMixedImplicitAndExplicitAliases() FAILED
    java.lang.NoClassDefFoundError at AnnotationTypeMappingsTests.java:-1

AnnotationTypeMappingsTests > forAnnotationTypeWhenAliasWithExplicitMirrorAndDifferentDefaults() FAILED
    java.lang.NoClassDefFoundError at AnnotationTypeMappingsTests.java:-1

AnnotationTypeMappingsTests > resolveMirrorsWhenHasDifferentValuesThrowsException() FAILED
    java.lang.NoClassDefFoundError at AnnotationTypeMappingsTests.java:-1

AnnotationTypeMappingsTests > forAnnotationTypeWhenFormsLoopReturnsMapping() FAILED
    java.lang.NoClassDefFoundError at AnnotationTypeMappingsTests.java:-1

AnnotationTypeMappingsTests > isEquivalentToDefaultValueWhenValueAndDefaultMatchReturnsTrue() FAILED
    java.lang.NoClassDefFoundError at AnnotationTypeMappingsTests.java:-1

AnnotationTypeMappingsTests > getAliasMappingWhenHasWithMultipleRoutesToAliasReturnsMappedAttributes() FAILED
    java.lang.NoClassDefFoundError at AnnotationTypeMappingsTests.java:-1

AnnotationTypeMappingsTests > isEquivalentToDefaultValueWhenClassArrayAndStringArrayNamesMatchReturnsTrue() FAILED
    java.lang.NoClassDefFoundError at AnnotationTypeMappingsTests.java:-1

AnnotationTypeMappingsTests > forAnnotationTypeWhenAliasForToSelfNonExistingAttribute() FAILED
    java.lang.NoClassDefFoundError at AnnotationTypeMappingsTests.java:-1

AnnotationTypeMappingsTests > getAliasMappingsWhenHasDefinedAttributesReturnsMappedAttributes() FAILED
    java.lang.NoClassDefFoundError at AnnotationTypeMappingsTests.java:-1

AnnotationTypeMappingsTests > forAnnotationTypeWhenHasRepeatingMetaAnnotationReturnsMapping() FAILED
    java.lang.NoClassDefFoundError at AnnotationTypeMappingsTests.java:-1

AnnotationTypeMappingsTests > resolveMirrorsWhenOnlyHasDefaultValuesUsesFirst() FAILED
    java.lang.NoClassDefFoundError at AnnotationTypeMappingsTests.java:-1

AnnotationTypeMappingsTests > forAnnotationTypeWhenAliasForToSelfAnnotatedToOtherAttribute() FAILED
    java.lang.NoClassDefFoundError at AnnotationTypeMappingsTests.java:-1

AnnotationTypeMappingsTests > forAnnotationTypeWhenAliasForWithIncompatibleReturnTypes() FAILED
    java.lang.NoClassDefFoundError at AnnotationTypeMappingsTests.java:-1

AnnotationTypeMappingsTests > isEquivalentToDefaultValueWhenNestedAnnotationAndExtractedValuesMatchReturnsTrueAndValueSuppliedAsMap() FAILED
    java.lang.NoClassDefFoundError at AnnotationTypeMappingsTests.java:-1

AnnotationTypeMappingsTests > getMirrorSetWhenAliasPairReturnsMirrors() FAILED
    java.lang.NoClassDefFoundError at AnnotationTypeMappingsTests.java:-1

AnnotationTypeMappingsTests > getMirrorSetWhenImplicitMirrorsReturnsMirrors() FAILED
    java.lang.NoClassDefFoundError at AnnotationTypeMappingsTests.java:-1

AnnotationTypeMappingsTests > getAliasMappingWhenThreeDeepReturnsMappedAttributes() FAILED
    java.lang.NoClassDefFoundError at AnnotationTypeMappingsTests.java:-1

AnnotationTypeMappingsTests > forAnnotationTypeWhenNoMetaAnnotationsReturnsMappings() FAILED
    java.lang.NoClassDefFoundError at AnnotationTypeMappingsTests.java:-1

AnnotationTypeMappingsTests > resolveMirrorsWhenAliasPairResolves() FAILED
    java.lang.NoClassDefFoundError at AnnotationTypeMappingsTests.java:-1

AnnotationUtilsTests > getRepeatableAnnotationsDeclaredOnMethod() FAILED
    java.lang.NoClassDefFoundError at AnnotationUtilsTests.java:-1

AnnotationUtilsTests > getRepeatableAnnotationsDeclaredOnSuperclass() FAILED
    java.lang.NoClassDefFoundError at AnnotationUtilsTests.java:-1

AnnotationUtilsTests > getRepeatableAnnotationsDeclaredOnClass() FAILED
    java.lang.NoClassDefFoundError at AnnotationUtilsTests.java:-1

AnnotationUtilsTests > isAnnotationInheritedForAllScenarios() FAILED
    java.lang.NoClassDefFoundError at AnnotationUtilsTests.java:-1

AnnotationUtilsTests > findMethodAnnotationOnRootButOverridden() FAILED
    java.lang.NoClassDefFoundError at AnnotationUtilsTests.java:-1

AnnotationUtilsTests > findAnnotationFindsRepeatableContainerOnComposedAnnotationMetaAnnotatedWithRepeatableAnnotations() FAILED
    java.lang.NoClassDefFoundError at AnnotationUtilsTests.java:-1

AnnotationUtilsTests > synthesizeAnnotationFromMapWithNestedArrayOfMaps() FAILED
    java.lang.NoClassDefFoundError at AnnotationUtilsTests.java:-1

AnnotationUtilsTests > getAnnotationAttributesWithAttributeAliasesWithDifferentValues() FAILED
    java.lang.NoClassDefFoundError at AnnotationUtilsTests.java:-1

AnnotationUtilsTests > getAnnotationAttributesWithNestedAnnotations() FAILED
    java.lang.NoClassDefFoundError at AnnotationUtilsTests.java:-1

AnnotationUtilsTests > synthesizeAnnotationWithImplicitAliasesWithMissingDefaultValues() FAILED
    java.lang.NoClassDefFoundError at AnnotationUtilsTests.java:-1

AnnotationUtilsTests > findClassAnnotationOnMetaCycleAnnotatedClassWithMissingTargetMetaAnnotation() FAILED
    java.lang.NoClassDefFoundError at AnnotationUtilsTests.java:-1

AnnotationUtilsTests > isAnnotationDeclaredLocallyForAllScenarios() FAILED
    java.lang.NoClassDefFoundError at AnnotationUtilsTests.java:-1

AnnotationUtilsTests > synthesizeAnnotationFromDefaultsWithoutAttributeAliases() FAILED
    java.lang.NoClassDefFoundError at AnnotationUtilsTests.java:-1

AnnotationUtilsTests > getRepeatableAnnotationsDeclaredOnClassAndSuperclass() FAILED
    java.lang.NoClassDefFoundError at AnnotationUtilsTests.java:-1

AnnotationUtilsTests > getAnnotationAttributesWithAttributeAliases() FAILED
    java.lang.NoClassDefFoundError at AnnotationUtilsTests.java:-1

AnnotationUtilsTests > getRepeatableAnnotationsDeclaredOnClassWithAttributeAliases() FAILED
    java.lang.NoClassDefFoundError at AnnotationUtilsTests.java:-1

AnnotationUtilsTests > findClassAnnotationFavorsMoreLocallyDeclaredComposedAnnotationsOverInheritedAnnotations() FAILED
    java.lang.NoClassDefFoundError at AnnotationUtilsTests.java:-1

AnnotationUtilsTests > findMethodAnnotationWithMetaMetaAnnotationOnLeaf() FAILED
    java.lang.NoClassDefFoundError at AnnotationUtilsTests.java:-1

AnnotationUtilsTests > findClassAnnotationOnAnnotatedClassWithMissingTargetMetaAnnotation() FAILED
    java.lang.NoClassDefFoundError at AnnotationUtilsTests.java:-1

AnnotationUtilsTests > synthesizeAnnotationFromMapWithAttributeOfIncorrectType() FAILED
    java.lang.NoClassDefFoundError at AnnotationUtilsTests.java:-1

AnnotationUtilsTests > synthesizeAnnotationFromAnnotationAttributesWithoutAttributeAliases() FAILED
    java.lang.NoClassDefFoundError at AnnotationUtilsTests.java:-1

AnnotationUtilsTests > synthesizeAnnotationFromMapWithMissingAttributeValue() FAILED
    java.lang.NoClassDefFoundError at AnnotationUtilsTests.java:-1

AnnotationUtilsTests > getDefaultValueFromAnnotationType() FAILED
    java.lang.NoClassDefFoundError at AnnotationUtilsTests.java:-1

AnnotationUtilsTests > findClassAnnotationOnSubNonInheritedAnnotationInterface() FAILED
    java.lang.NoClassDefFoundError at AnnotationUtilsTests.java:-1

AnnotationUtilsTests > findDeprecatedAnnotation() FAILED
    java.lang.NoClassDefFoundError at AnnotationUtilsTests.java:-1

AnnotationUtilsTests > synthesizeAnnotationFromMapWithMinimalAttributesWithAttributeAliases() FAILED
    java.lang.NoClassDefFoundError at AnnotationUtilsTests.java:-1

AnnotationUtilsTests > getDeclaredRepeatableAnnotationsDeclaredOnClass() FAILED
    java.lang.NoClassDefFoundError at AnnotationUtilsTests.java:-1

AnnotationUtilsTests > synthesizeAnnotationFromMapWithNullAttributeValue() FAILED
    java.lang.NoClassDefFoundError at AnnotationUtilsTests.java:-1

AnnotationUtilsTests > findMethodAnnotationNotAnnotated() FAILED
    java.lang.NoClassDefFoundError at AnnotationUtilsTests.java:-1

AnnotationUtilsTests > getDefaultValueFromNonPublicAnnotation() FAILED
    java.lang.NoClassDefFoundError at AnnotationUtilsTests.java:-1

AnnotationUtilsTests > findRepeatableAnnotation() FAILED
    java.lang.NoClassDefFoundError at AnnotationUtilsTests.java:-1

AnnotationUtilsTests > findClassAnnotationOnSubInheritedAnnotationInterface() FAILED
    java.lang.NoClassDefFoundError at AnnotationUtilsTests.java:-1

AnnotationUtilsTests > findAnnotationDeclaringClassForAllScenarios() FAILED
    java.lang.NoClassDefFoundError at AnnotationUtilsTests.java:-1

AnnotationUtilsTests > synthesizeAnnotationFromMapWithoutAttributeAliases() FAILED
    java.lang.NoClassDefFoundError at AnnotationUtilsTests.java:-1

AnnotationUtilsTests > findAnnotationDeclaringClassForTypesWithSingleCandidateType() FAILED
    java.lang.NoClassDefFoundError at AnnotationUtilsTests.java:-1

AnnotationUtilsTests > findAnnotationDeclaringClassForTypesWithMultipleCandidateTypes() FAILED
    java.lang.NoClassDefFoundError at AnnotationUtilsTests.java:-1

AnnotationUtilsTests > findMethodAnnotationWithAnnotationOnMethodInInterface() FAILED
    java.lang.NoClassDefFoundError at AnnotationUtilsTests.java:-1

AnnotationUtilsTests > getValueFromNonPublicAnnotation() FAILED
    java.lang.NoClassDefFoundError at AnnotationUtilsTests.java:-1

AnnotationUtilsTests > getDeclaredRepeatableAnnotationsDeclaredOnSuperclass() FAILED
    java.lang.NoClassDefFoundError at AnnotationUtilsTests.java:-1

AnnotationUtilsTests > findClassAnnotationFavorsMoreLocallyDeclaredComposedAnnotationsOverInheritedComposedAnnotations() FAILED
    java.lang.NoClassDefFoundError at AnnotationUtilsTests.java:-1

AnnotationUtilsTests > findMethodAnnotationFromGenericInterface() FAILED
    java.lang.NoClassDefFoundError at AnnotationUtilsTests.java:-1

AnnotationUtilsTests > findMethodAnnotationOnLeaf() FAILED
    java.lang.NoClassDefFoundError at AnnotationUtilsTests.java:-1

AnnotationUtilsTests > findMethodAnnotationOnRoot() FAILED
    java.lang.NoClassDefFoundError at AnnotationUtilsTests.java:-1

AnnotationUtilsTests > findAnnotationFindsRepeatableContainerOnComposedAnnotationMetaAnnotatedWithRepeatableAnnotationsOnMethod() FAILED
    java.lang.NoClassDefFoundError at AnnotationUtilsTests.java:-1

AnnotationUtilsTests > synthesizeAnnotationWithImplicitAliasesWithDuplicateValues() FAILED
    java.lang.NoClassDefFoundError at AnnotationUtilsTests.java:-1

AnnotationUtilsTests > getValueFromAnnotation() FAILED
    java.lang.NoClassDefFoundError at AnnotationUtilsTests.java:-1

AnnotationUtilsTests > findMethodAnnotationWithMetaAnnotationOnLeaf() FAILED
    java.lang.NoClassDefFoundError at AnnotationUtilsTests.java:-1

AnnotationUtilsTests > findMethodAnnotationWithMetaAnnotationOnRoot() FAILED
    java.lang.NoClassDefFoundError at AnnotationUtilsTests.java:-1

AnnotationUtilsTests > findAnnotationWithRepeatablesElements() FAILED
    java.lang.NoClassDefFoundError at AnnotationUtilsTests.java:-1

AnnotationUtilsTests > synthesizeAnnotationWithImplicitAliasesWithDifferentDefaultValues() FAILED
    java.lang.NoClassDefFoundError at AnnotationUtilsTests.java:-1

AnnotationUtilsTests > findClassAnnotationOnMetaMetaAnnotatedClass() FAILED
    java.lang.NoClassDefFoundError at AnnotationUtilsTests.java:-1

AnnotationUtilsTests > synthesizeAnnotationFromMapWithAttributeOfIncorrectArrayType() FAILED
    java.lang.NoClassDefFoundError at AnnotationUtilsTests.java:-1

AnnotationUtilsTests > synthesizeAnnotationFromMapWithImplicitAttributeAliases() FAILED
    java.lang.NoClassDefFoundError at AnnotationUtilsTests.java:-1

AnnotationUtilsTests > getRepeatableAnnotationsDeclaredOnMultipleSuperclasses() FAILED
    java.lang.NoClassDefFoundError at AnnotationUtilsTests.java:-1

AnnotationUtilsTests > findMethodAnnotationFromInterface() FAILED
    java.lang.NoClassDefFoundError at AnnotationUtilsTests.java:-1

AnnotationUtilsTests > synthesizeAnnotationFromMapWithAttributeAliasesThatOverrideArraysWithSingleElements() FAILED
    java.lang.NoClassDefFoundError at AnnotationUtilsTests.java:-1

AnnotationUtilsTests > synthesizeAnnotationFromMapWithNestedMap() FAILED
    java.lang.NoClassDefFoundError at AnnotationUtilsTests.java:-1

AnnotationUtilsTests > findMethodAnnotationOnBridgedMethod() FAILED
    java.lang.NoClassDefFoundError at AnnotationUtilsTests.java:-1

AnnotationUtilsTests > findClassAnnotationOnSubSubInheritedAnnotationInterface() FAILED
    java.lang.NoClassDefFoundError at AnnotationUtilsTests.java:-1

AnnotationUtilsTests > findClassAnnotationOnInheritedAnnotationInterface() FAILED
    java.lang.NoClassDefFoundError at AnnotationUtilsTests.java:-1

AnnotationUtilsTests > getAnnotationAttributesWithoutAttributeAliases() FAILED
    java.lang.NoClassDefFoundError at AnnotationUtilsTests.java:-1

AnnotationUtilsTests > findMethodAnnotationFromGenericSuperclass() FAILED
    java.lang.NoClassDefFoundError at AnnotationUtilsTests.java:-1

AnnotationUtilsTests > findMethodAnnotationFromInterfaceOnSuper() FAILED
    java.lang.NoClassDefFoundError at AnnotationUtilsTests.java:-1

AnnotationUtilsTests > findMethodAnnotationOnBridgeMethod() FAILED
    java.lang.NoClassDefFoundError at AnnotationUtilsTests.java:-1

AnnotationUtilsTests > findClassAnnotationOnMetaMetaMetaAnnotatedClass() FAILED
    java.lang.NoClassDefFoundError at AnnotationUtilsTests.java:-1

AnnotationUtilsTests > findMethodAnnotationFromInterfaceWhenSuperDoesNotImplementMethod() FAILED
    java.lang.NoClassDefFoundError at AnnotationUtilsTests.java:-1

AnnotationUtilsTests > findClassAnnotationFavorsMoreLocallyDeclaredComposedAnnotationsOverAnnotationsOnInterfaces() FAILED
    java.lang.NoClassDefFoundError at AnnotationUtilsTests.java:-1

AnnotationUtilsTests > findClassAnnotationOnNonInheritedAnnotationInterface() FAILED
    java.lang.NoClassDefFoundError at AnnotationUtilsTests.java:-1

AnnotationUtilsTests > findClassAnnotationOnSubSubNonInheritedAnnotationInterface() FAILED
    java.lang.NoClassDefFoundError at AnnotationUtilsTests.java:-1

AnnotationUtilsTests > synthesizeAnnotationFromDefaultsWithAttributeAliases() FAILED
    java.lang.NoClassDefFoundError at AnnotationUtilsTests.java:-1

AnnotationUtilsTests > isAnnotationMetaPresentForPlainType() FAILED
    java.lang.NoClassDefFoundError at AnnotationUtilsTests.java:-1

AnnotationUtilsTests > getDefaultValueFromAnnotation() FAILED
    java.lang.NoClassDefFoundError at AnnotationUtilsTests.java:-1

AnnotationsScannerTests > directStrategyOnMethodScansAnnotations() FAILED
    java.lang.NoClassDefFoundError at AnnotationsScannerTests.java:-1

AnnotationsScannerTests > superclassStrategyOnClassWhenNotAnnotatedScansNone() FAILED
    java.lang.NoClassDefFoundError at AnnotationsScannerTests.java:-1

AnnotationsScannerTests > typeHierarchyStrategyOnMethodWhenNotAnnotatedScansNone() FAILED
    java.lang.NoClassDefFoundError at AnnotationsScannerTests.java:-1

AnnotationsScannerTests > inheritedAnnotationsStrategyOnClassWhenMultipleAnnotationsScansAnnotations() FAILED
    java.lang.NoClassDefFoundError at AnnotationsScannerTests.java:-1

AnnotationsScannerTests > inheritedAnnotationsStrategyOnClassScansAnnotations() FAILED
    java.lang.NoClassDefFoundError at AnnotationsScannerTests.java:-1

AnnotationsScannerTests > typeHierarchyStrategyOnClassWhenMultipleAnnotationsScansAnnotations() FAILED
    java.lang.NoClassDefFoundError at AnnotationsScannerTests.java:-1

AnnotationsScannerTests > typeHierarchyStrategyOnMethodWithIgnorablesScansAnnotations() FAILED
    java.lang.NoClassDefFoundError at AnnotationsScannerTests.java:-1

AnnotationsScannerTests > inheritedAnnotationsMethodOnMethodWhenHasSuperclassIgnoresInherited() FAILED
    java.lang.NoClassDefFoundError at AnnotationsScannerTests.java:-1

AnnotationsScannerTests > inheritedAnnotationsStrategyOnMethodHierarchyScansInCorrectOrder() FAILED
    java.lang.NoClassDefFoundError at AnnotationsScannerTests.java:-1

AnnotationsScannerTests > typeHierarchyStrategyOnClassHierarchyScansInCorrectOrder() FAILED
    java.lang.NoClassDefFoundError at AnnotationsScannerTests.java:-1

AnnotationsScannerTests > directStrategyOnBridgedMethodScansAnnotations() FAILED
    java.lang.NoClassDefFoundError at AnnotationsScannerTests.java:-1

AnnotationsScannerTests > directStrategyOnMethodHierarchyScansInCorrectOrder() FAILED
    java.lang.NoClassDefFoundError at AnnotationsScannerTests.java:-1

AnnotationsScannerTests > superclassStrategyOnMethodHierarchyScansInCorrectOrder() FAILED
    java.lang.NoClassDefFoundError at AnnotationsScannerTests.java:-1

AnnotationsScannerTests > inheritedAnnotationsStrategyOnClassWhenHasAnnotationOnBothClassesIncludesOnlyOne() FAILED
    java.lang.NoClassDefFoundError at AnnotationsScannerTests.java:-1

AnnotationsScannerTests > scanWhenProcessorReturnsFromDoWithAnnotationsExitsEarly() FAILED
    java.lang.NoClassDefFoundError at AnnotationsScannerTests.java:-1

AnnotationsScannerTests > typeHierarchyStrategyOnMethodWhenHasSuperclassScansSuperclass() FAILED
    java.lang.NoClassDefFoundError at AnnotationsScannerTests.java:-1

AnnotationsScannerTests > typeHierarchyStrategyOnClassWhenHasSuperclassScansSuperclass() FAILED
    java.lang.NoClassDefFoundError at AnnotationsScannerTests.java:-1

AnnotationsScannerTests > directStrategyOnClassWhenMultipleAnnotationsScansAnnotations() FAILED
    java.lang.NoClassDefFoundError at AnnotationsScannerTests.java:-1

AnnotationsScannerTests > typeHierarchyStrategyOnMethodWhenHasInterfaceScansInterfaces() FAILED
    java.lang.NoClassDefFoundError at AnnotationsScannerTests.java:-1

AnnotationsScannerTests > superclassStrategyOnClassScansAnnotations() FAILED
    java.lang.NoClassDefFoundError at AnnotationsScannerTests.java:-1

AnnotationsScannerTests > scanWhenProcessorReturnsFromDoWithAggregateExitsEarly() FAILED
    java.lang.NoClassDefFoundError at AnnotationsScannerTests.java:-1

AnnotationsScannerTests > directStrategyOnClassWhenHasInterfaceScansOnlyDirect() FAILED
    java.lang.NoClassDefFoundError at AnnotationsScannerTests.java:-1

AnnotationsScannerTests > directStrategyOnBridgeMethodScansAnnotations() FAILED
    java.lang.NoClassDefFoundError at AnnotationsScannerTests.java:-1

AnnotationsScannerTests > typeHierarchyStrategyOnClassWhenHasSingleInterfaceScansInterfaces() FAILED
    java.lang.NoClassDefFoundError at AnnotationsScannerTests.java:-1

AnnotationsScannerTests > inheritedAnnotationsStrategyOnMethodWhenHasInterfaceDoesNotIncludeInterfaces() FAILED
    java.lang.NoClassDefFoundError at AnnotationsScannerTests.java:-1

AnnotationsScannerTests > typeHierarchyStrategyOnMethodHierarchyScansInCorrectOrder() FAILED
    java.lang.NoClassDefFoundError at AnnotationsScannerTests.java:-1

AnnotationsScannerTests > directStrategyOnMethodWhenHasInterfaceScansOnlyDirect() FAILED
    java.lang.NoClassDefFoundError at AnnotationsScannerTests.java:-1

AnnotationsScannerTests > directStrategyOnClassWhenHasSuperclassScansOnlyDirect() FAILED
    java.lang.NoClassDefFoundError at AnnotationsScannerTests.java:-1

AnnotationsScannerTests > inheritedAnnotationsStrategyOnMethodScansAnnotations() FAILED
    java.lang.NoClassDefFoundError at AnnotationsScannerTests.java:-1

AnnotationsScannerTests > inheritedAnnotationsStrategyOnClassHierarchyScansInCorrectOrder() FAILED
    java.lang.NoClassDefFoundError at AnnotationsScannerTests.java:-1

AnnotationsScannerTests > inheritedAnnotationsStrategyOnMethodWhenNotAnnotatedScansNone() FAILED
    java.lang.NoClassDefFoundError at AnnotationsScannerTests.java:-1

AnnotationsScannerTests > directStrategyOnMethodWhenMultipleAnnotationsScansAnnotations() FAILED
    java.lang.NoClassDefFoundError at AnnotationsScannerTests.java:-1

AnnotationsScannerTests > typeHierarchyStrategyOnClassScansAnnotations() FAILED
    java.lang.NoClassDefFoundError at AnnotationsScannerTests.java:-1

AnnotationsScannerTests > typeHierarchyStrategyOnMethodWithGenericParameterNonOverrideScansAnnotations() FAILED
    java.lang.NoClassDefFoundError at AnnotationsScannerTests.java:-1

AnnotationsScannerTests > superclassStrategyOnMethodWhenHasInterfaceDoesNotIncludeInterfaces() FAILED
    java.lang.NoClassDefFoundError at AnnotationsScannerTests.java:-1

AnnotationsScannerTests > directStrategyOnMethodWhenNotAnnotatedScansNone() FAILED
    java.lang.NoClassDefFoundError at AnnotationsScannerTests.java:-1

AnnotationsScannerTests > typeHierarchyStrategyWithEnclosingClassPredicatesOnEnclosedInnerClassScansAnnotations() FAILED
    java.lang.NoClassDefFoundError at AnnotationsScannerTests.java:-1

AnnotationsScannerTests > directStrategyOnClassHierarchyScansInCorrectOrder() FAILED
    java.lang.NoClassDefFoundError at AnnotationsScannerTests.java:-1

AnnotationsScannerTests > typeHierarchyStrategyWithEnclosingClassPredicatesOnMethodHierarchyUsesTypeHierarchyScan() FAILED
    java.lang.NoClassDefFoundError at AnnotationsScannerTests.java:-1

AnnotationsScannerTests > inheritedAnnotationsStrategyOnClassWhenHasInterfaceDoesNotIncludeInterfaces() FAILED
    java.lang.NoClassDefFoundError at AnnotationsScannerTests.java:-1

AnnotationsScannerTests > superclassStrategyOnMethodWhenNotAnnotatedScansNone() FAILED
    java.lang.NoClassDefFoundError at AnnotationsScannerTests.java:-1

AnnotationsScannerTests > typeHierarchyStrategyOnMethodScansAnnotations() FAILED
    java.lang.NoClassDefFoundError at AnnotationsScannerTests.java:-1

AnnotationsScannerTests > inheritedAnnotationsStrategyOnClassWhenHasSuperclassScansOnlyInherited() FAILED
    java.lang.NoClassDefFoundError at AnnotationsScannerTests.java:-1

AnnotationsScannerTests > directStrategyOnClassScansAnnotations() FAILED
    java.lang.NoClassDefFoundError at AnnotationsScannerTests.java:-1

AnnotationsScannerTests > superclassStrategyOnClassHierarchyScansInCorrectOrder() FAILED
    java.lang.NoClassDefFoundError at AnnotationsScannerTests.java:-1

AnnotationsScannerTests > typeHierarchyStrategyOnMethodWithMultipleCandidatesScansAnnotations() FAILED
    java.lang.NoClassDefFoundError at AnnotationsScannerTests.java:-1

AnnotationsScannerTests > typeHierarchyStrategyOnClassWhenNotAnnotatedScansNone() FAILED
    java.lang.NoClassDefFoundError at AnnotationsScannerTests.java:-1

AnnotationsScannerTests > inheritedAnnotationsStrategyOnMethodWhenMultipleAnnotationsScansAnnotations() FAILED
    java.lang.NoClassDefFoundError at AnnotationsScannerTests.java:-1

AnnotationsScannerTests > typeHierarchyStrategyOnMethodWhenHasInterfaceHierarchyScansInterfacesOnlyOnce() FAILED
    java.lang.NoClassDefFoundError at AnnotationsScannerTests.java:-1

AnnotationsScannerTests > superclassStrategyOnClassWhenMultipleAnnotationsScansAnnotations() FAILED
    java.lang.NoClassDefFoundError at AnnotationsScannerTests.java:-1

AnnotationsScannerTests > directStrategyOnMethodWhenHasSuperclassScansOnlyDirect() FAILED
    java.lang.NoClassDefFoundError at AnnotationsScannerTests.java:-1

AnnotationsScannerTests > typeHierarchyStrategyWithEnclosingClassPredicatesOnEnclosedStaticClassScansAnnotations() FAILED
    java.lang.NoClassDefFoundError at AnnotationsScannerTests.java:-1

AnnotationsScannerTests > directStrategyOnClassWhenNotAnnotatedScansNone() FAILED
    java.lang.NoClassDefFoundError at AnnotationsScannerTests.java:-1

AnnotationsScannerTests > typeHierarchyStrategyOnMethodWithGenericParameterOverrideScansAnnotations() FAILED
    java.lang.NoClassDefFoundError at AnnotationsScannerTests.java:-1

AnnotationsScannerTests > superclassStrategyOnClassWhenHasInterfaceDoesNotIncludeInterfaces() FAILED
    java.lang.NoClassDefFoundError at AnnotationsScannerTests.java:-1

AnnotationsScannerTests > typeHierarchyStrategyOnBridgedMethodScansAnnotations() FAILED
    java.lang.NoClassDefFoundError at AnnotationsScannerTests.java:-1

AnnotationsScannerTests > superclassStrategyOnMethodWhenHasSuperclassScansSuperclass() FAILED
    java.lang.NoClassDefFoundError at AnnotationsScannerTests.java:-1

AnnotationsScannerTests > scanWhenProcessorHasFinishMethodUsesFinishResult() FAILED
    java.lang.NoClassDefFoundError at AnnotationsScannerTests.java:-1

AnnotationsScannerTests > typeHierarchyStrategyOnBridgeMethodScansAnnotations() FAILED
    java.lang.NoClassDefFoundError at AnnotationsScannerTests.java:-1

AnnotationsScannerTests > inheritedAnnotationsStrategyOnClassWhenNotAnnotatedScansNone() FAILED
    java.lang.NoClassDefFoundError at AnnotationsScannerTests.java:-1

AnnotationsScannerTests > superclassStrategyOnClassWhenHasSuperclassScansSuperclass() FAILED
    java.lang.NoClassDefFoundError at AnnotationsScannerTests.java:-1

AnnotationsScannerTests > superclassStrategyOnMethodScansAnnotations() FAILED
    java.lang.NoClassDefFoundError at AnnotationsScannerTests.java:-1

AnnotationsScannerTests > typeHierarchyStrategyOnMethodWhenMultipleAnnotationsScansAnnotations() FAILED
    java.lang.NoClassDefFoundError at AnnotationsScannerTests.java:-1

AnnotationsScannerTests > superclassStrategyOnMethodWhenMultipleAnnotationsScansAnnotations() FAILED
    java.lang.NoClassDefFoundError at AnnotationsScannerTests.java:-1

AttributeMethodsTests > canThrowTypeNotPresentExceptionWhenNotClassOrClassArrayAttributeReturnsFalse() FAILED
    java.lang.NoClassDefFoundError at AttributeMethodsTests.java:-1

AttributeMethodsTests > forAnnotationTypeWhenHasMultipleAttributesReturnsAttributes() FAILED
    java.lang.NoClassDefFoundError at AttributeMethodsTests.java:-1

AttributeMethodsTests > forAnnotationTypeWhenHasNoAttributesReturnsNone() FAILED
    java.lang.NoClassDefFoundError at AttributeMethodsTests.java:-1

AttributeMethodsTests > sizeReturnsSize() FAILED
    java.lang.NoClassDefFoundError at AttributeMethodsTests.java:-1

AttributeMethodsTests > hasDefaultValueMethodWhenHasDefaultValueMethodReturnsTrue() FAILED
    java.lang.NoClassDefFoundError at AttributeMethodsTests.java:-1

AttributeMethodsTests > isValidWhenHasTypeNotPresentExceptionReturnsFalse() FAILED
    java.lang.NoClassDefFoundError at AttributeMethodsTests.java:-1

AttributeMethodsTests > validateWhenHasTypeNotPresentExceptionThrowsException() FAILED
    java.lang.NoClassDefFoundError at AttributeMethodsTests.java:-1

AttributeMethodsTests > canThrowTypeNotPresentExceptionWhenHasClassAttributeReturnsTrue() FAILED
    java.lang.NoClassDefFoundError at AttributeMethodsTests.java:-1

AttributeMethodsTests > forAnnotationTypeWhenNullReturnsNone() FAILED
    java.lang.NoClassDefFoundError at AttributeMethodsTests.java:-1

AttributeMethodsTests > indexOfMethodReturnsIndex() FAILED
    java.lang.NoClassDefFoundError at AttributeMethodsTests.java:-1

AttributeMethodsTests > isValidWhenDoesNotHaveTypeNotPresentExceptionReturnsTrue() FAILED
    java.lang.NoClassDefFoundError at AttributeMethodsTests.java:-1

AttributeMethodsTests > indexOfNameReturnsIndex() FAILED
    java.lang.NoClassDefFoundError at AttributeMethodsTests.java:-1

AttributeMethodsTests > validateWhenDoesNotHaveTypeNotPresentExceptionThrowsNothing() FAILED
    java.lang.NoClassDefFoundError at AttributeMethodsTests.java:-1

AttributeMethodsTests > canThrowTypeNotPresentExceptionWhenHasClassArrayAttributeReturnsTrue() FAILED
    java.lang.NoClassDefFoundError at AttributeMethodsTests.java:-1

AttributeMethodsTests > hasDefaultValueMethodWhenHasNoDefaultValueMethodsReturnsFalse() FAILED
    java.lang.NoClassDefFoundError at AttributeMethodsTests.java:-1

ComposedRepeatableAnnotationsTests > findNonRepeatableAnnotation() FAILED
    java.lang.NoClassDefFoundError at ComposedRepeatableAnnotationsTests.java:-1

ComposedRepeatableAnnotationsTests > getNoninheritedComposedRepeatableAnnotationsOnSuperclass() FAILED
    java.lang.NoClassDefFoundError at ComposedRepeatableAnnotationsTests.java:-1

ComposedRepeatableAnnotationsTests > getComposedRepeatableAnnotationsOnClass() FAILED
    java.lang.NoClassDefFoundError at ComposedRepeatableAnnotationsTests.java:-1

ComposedRepeatableAnnotationsTests > getRepeatableAnnotationsOnSuperclass() FAILED
    java.lang.NoClassDefFoundError at ComposedRepeatableAnnotationsTests.java:-1

ComposedRepeatableAnnotationsTests > getNonRepeatableAnnotation() FAILED
    java.lang.NoClassDefFoundError at ComposedRepeatableAnnotationsTests.java:-1

ComposedRepeatableAnnotationsTests > getComposedContainerForRepeatableAnnotationsOnClass() FAILED
    java.lang.NoClassDefFoundError at ComposedRepeatableAnnotationsTests.java:-1

ComposedRepeatableAnnotationsTests > getNoninheritedComposedRepeatableAnnotationsOnClass() FAILED
    java.lang.NoClassDefFoundError at ComposedRepeatableAnnotationsTests.java:-1

ComposedRepeatableAnnotationsTests > findRepeatableAnnotationsOnClass() FAILED
    java.lang.NoClassDefFoundError at ComposedRepeatableAnnotationsTests.java:-1

ComposedRepeatableAnnotationsTests > getRepeatableAnnotationsOnClass() FAILED
    java.lang.NoClassDefFoundError at ComposedRepeatableAnnotationsTests.java:-1

ComposedRepeatableAnnotationsTests > findInvalidRepeatableAnnotationContainerWithArrayValueAttributeButWrongComponentType() FAILED
    java.lang.NoClassDefFoundError at ComposedRepeatableAnnotationsTests.java:-1

ComposedRepeatableAnnotationsTests > getInvalidRepeatableAnnotationContainerMissingValueAttribute() FAILED
    java.lang.NoClassDefFoundError at ComposedRepeatableAnnotationsTests.java:-1

ComposedRepeatableAnnotationsTests > findComposedRepeatableAnnotationsMixedWithContainerOnClass() FAILED
    java.lang.NoClassDefFoundError at ComposedRepeatableAnnotationsTests.java:-1

ComposedRepeatableAnnotationsTests > findComposedContainerForRepeatableAnnotationsOnClass() FAILED
    java.lang.NoClassDefFoundError at ComposedRepeatableAnnotationsTests.java:-1

ComposedRepeatableAnnotationsTests > findNoninheritedComposedRepeatableAnnotationsOnClass() FAILED
    java.lang.NoClassDefFoundError at ComposedRepeatableAnnotationsTests.java:-1

ComposedRepeatableAnnotationsTests > findInvalidRepeatableAnnotationContainerMissingValueAttribute() FAILED
    java.lang.NoClassDefFoundError at ComposedRepeatableAnnotationsTests.java:-1

ComposedRepeatableAnnotationsTests > findComposedRepeatableAnnotationsOnClass() FAILED
    java.lang.NoClassDefFoundError at ComposedRepeatableAnnotationsTests.java:-1

ComposedRepeatableAnnotationsTests > getComposedRepeatableAnnotationsMixedWithContainerOnClass() FAILED
    java.lang.NoClassDefFoundError at ComposedRepeatableAnnotationsTests.java:-1

ComposedRepeatableAnnotationsTests > findRepeatableAnnotationsOnSuperclass() FAILED
    java.lang.NoClassDefFoundError at ComposedRepeatableAnnotationsTests.java:-1

ComposedRepeatableAnnotationsTests > getInvalidRepeatableAnnotationContainerWithNonArrayValueAttribute() FAILED
    java.lang.NoClassDefFoundError at ComposedRepeatableAnnotationsTests.java:-1

ComposedRepeatableAnnotationsTests > findNoninheritedComposedRepeatableAnnotationsOnSuperclass() FAILED
    java.lang.NoClassDefFoundError at ComposedRepeatableAnnotationsTests.java:-1

ComposedRepeatableAnnotationsTests > getInvalidRepeatableAnnotationContainerWithArrayValueAttributeButWrongComponentType() FAILED
    java.lang.NoClassDefFoundError at ComposedRepeatableAnnotationsTests.java:-1

ComposedRepeatableAnnotationsTests > findInvalidRepeatableAnnotationContainerWithNonArrayValueAttribute() FAILED
    java.lang.NoClassDefFoundError at ComposedRepeatableAnnotationsTests.java:-1

MergedAnnotationClassLoaderTests > synthesizedUsesCorrectClassLoader() FAILED
    java.lang.NoClassDefFoundError at MergedAnnotationClassLoaderTests.java:-1

MergedAnnotationCollectorsTests > toAnnotationArrayCollectsAnnotationArrayWithSynthesizedAnnotations() FAILED
    java.lang.NoClassDefFoundError at MergedAnnotationCollectorsTests.java:-1

MergedAnnotationCollectorsTests > toAnnotationSetCollectsLinkedHashSetWithSynthesizedAnnotations() FAILED
    java.lang.NoClassDefFoundError at MergedAnnotationCollectorsTests.java:-1

MergedAnnotationCollectorsTests > toFinishedMultiValueMapCollectsMultiValueMap() FAILED
    java.lang.NoClassDefFoundError at MergedAnnotationCollectorsTests.java:-1

MergedAnnotationCollectorsTests > toSuppliedAnnotationArrayCollectsAnnotationArrayWithSynthesizedAnnotations() FAILED
    java.lang.NoClassDefFoundError at MergedAnnotationCollectorsTests.java:-1

MergedAnnotationCollectorsTests > toMultiValueMapCollectsMultiValueMap() FAILED
    java.lang.NoClassDefFoundError at MergedAnnotationCollectorsTests.java:-1

MergedAnnotationPredicatesTests > typeInStringArrayWhenNameDoesNotMatchRejects() FAILED
    java.lang.NoClassDefFoundError at MergedAnnotationPredicatesTests.java:-1

MergedAnnotationPredicatesTests > firstRunOfAcceptsOnlyFirstRun() FAILED
    java.lang.NoClassDefFoundError at MergedAnnotationPredicatesTests.java:-1

MergedAnnotationPredicatesTests > firstRunOfWhenValueExtractorIsNullThrowsException() FAILED
    java.lang.NoClassDefFoundError at MergedAnnotationPredicatesTests.java:-1

MergedAnnotationPredicatesTests > typeInCollectionWhenDoesNotMatchAnyRejects() FAILED
    java.lang.NoClassDefFoundError at MergedAnnotationPredicatesTests.java:-1

MergedAnnotationPredicatesTests > uniqueWhenKeyExtractorIsNullThrowsException() FAILED
    java.lang.NoClassDefFoundError at MergedAnnotationPredicatesTests.java:-1

MergedAnnotationPredicatesTests > typeInCollectionWhenMatchesClassInCollectionAccepts() FAILED
    java.lang.NoClassDefFoundError at MergedAnnotationPredicatesTests.java:-1

MergedAnnotationPredicatesTests > typeInClassArrayWhenNameMatchesAccepts() FAILED
    java.lang.NoClassDefFoundError at MergedAnnotationPredicatesTests.java:-1

MergedAnnotationPredicatesTests > uniqueAcceptsUniquely() FAILED
    java.lang.NoClassDefFoundError at MergedAnnotationPredicatesTests.java:-1

MergedAnnotationPredicatesTests > typeInStringArrayWhenNameMatchesAccepts() FAILED
    java.lang.NoClassDefFoundError at MergedAnnotationPredicatesTests.java:-1

MergedAnnotationPredicatesTests > typeInClassArrayWhenNameDoesNotMatchRejects() FAILED
    java.lang.NoClassDefFoundError at MergedAnnotationPredicatesTests.java:-1

MergedAnnotationPredicatesTests > typeInCollectionWhenMatchesStringInCollectionAccepts() FAILED
    java.lang.NoClassDefFoundError at MergedAnnotationPredicatesTests.java:-1

MergedAnnotationsCollectionTests > getMetaWhenRootHasNoAttributeValuesShouldAliasAttributes() FAILED
    java.lang.NoClassDefFoundError at MergedAnnotationsCollectionTests.java:-1

MergedAnnotationsCollectionTests > getWithPredicateReturnsOnlyMatching() FAILED
    java.lang.NoClassDefFoundError at MergedAnnotationsCollectionTests.java:-1

MergedAnnotationsCollectionTests > getMetaWhenRootHasAttributeValuesShouldAliasAttributes() FAILED
    java.lang.NoClassDefFoundError at MergedAnnotationsCollectionTests.java:-1

MergedAnnotationsCollectionTests > createWhenAnnotationAggregateIndexIsNotZeroThrowsException() FAILED
    java.lang.NoClassDefFoundError at MergedAnnotationsCollectionTests.java:-1

MergedAnnotationsCollectionTests > isPresentWhenMetaPresentReturnsTrue() FAILED
    java.lang.NoClassDefFoundError at MergedAnnotationsCollectionTests.java:-1

MergedAnnotationsCollectionTests > getWithSelectorReturnsSelected() FAILED
    java.lang.NoClassDefFoundError at MergedAnnotationsCollectionTests.java:-1

MergedAnnotationsCollectionTests > getWhenNotPresentReturnsMissing() FAILED
    java.lang.NoClassDefFoundError at MergedAnnotationsCollectionTests.java:-1

MergedAnnotationsCollectionTests > isDirectlyPresentWhenMetaPresentReturnsFalse() FAILED
    java.lang.NoClassDefFoundError at MergedAnnotationsCollectionTests.java:-1

MergedAnnotationsCollectionTests > streamStreamsInCorrectOrder() FAILED
    java.lang.NoClassDefFoundError at MergedAnnotationsCollectionTests.java:-1

MergedAnnotationsCollectionTests > isPresentWhenNotPresentReturnsFalse() FAILED
    java.lang.NoClassDefFoundError at MergedAnnotationsCollectionTests.java:-1

MergedAnnotationsCollectionTests > createWhenAnnotationIsNotDirectlyPresentThrowsException() FAILED
    java.lang.NoClassDefFoundError at MergedAnnotationsCollectionTests.java:-1

MergedAnnotationsCollectionTests > iterateIteratesInCorrectOrder() FAILED
    java.lang.NoClassDefFoundError at MergedAnnotationsCollectionTests.java:-1

MergedAnnotationsCollectionTests > getReturnsAppropriateAnnotation() FAILED
    java.lang.NoClassDefFoundError at MergedAnnotationsCollectionTests.java:-1

MergedAnnotationsCollectionTests > streamWithTypeStreamsInCorrectOrder() FAILED
    java.lang.NoClassDefFoundError at MergedAnnotationsCollectionTests.java:-1

MergedAnnotationsCollectionTests > isPresentWhenDirectlyPresentReturnsTrue() FAILED
    java.lang.NoClassDefFoundError at MergedAnnotationsCollectionTests.java:-1

MergedAnnotationsCollectionTests > spliteratorEstimatesSize() FAILED
    java.lang.NoClassDefFoundError at MergedAnnotationsCollectionTests.java:-1

MergedAnnotationsCollectionTests > isDirectlyPresentWhenDirectlyPresentReturnsTrue() FAILED
    java.lang.NoClassDefFoundError at MergedAnnotationsCollectionTests.java:-1

MergedAnnotationsCollectionTests > ofWhenEmptyReturnsSharedNoneInstance() FAILED
    java.lang.NoClassDefFoundError at MergedAnnotationsCollectionTests.java:-1

MergedAnnotationsCollectionTests > isDirectlyPresentWhenNotPresentReturnsFalse() FAILED
    java.lang.NoClassDefFoundError at MergedAnnotationsCollectionTests.java:-1

MergedAnnotationsCollectionTests > ofWhenDirectAnnotationsIsNullThrowsException() FAILED
    java.lang.NoClassDefFoundError at MergedAnnotationsCollectionTests.java:-1

MergedAnnotationsCollectionTests > spliteratorIteratesInCorrectOrder() FAILED
    java.lang.NoClassDefFoundError at MergedAnnotationsCollectionTests.java:-1

MergedAnnotationsComposedOnSingleAnnotatedElementTests > typeHierarchyStrategyComposedCacheOnInterfaceAndLocalCacheOnClass() FAILED
    java.lang.NoClassDefFoundError at MergedAnnotationsComposedOnSingleAnnotatedElementTests.java:-1

MergedAnnotationsComposedOnSingleAnnotatedElementTests > typeHierarchyStrategyMultipleInheritedComposedAnnotationsOnSuperclass() FAILED
    java.lang.NoClassDefFoundError at MergedAnnotationsComposedOnSingleAnnotatedElementTests.java:-1

MergedAnnotationsComposedOnSingleAnnotatedElementTests > inheritedStrategyMultipleInheritedComposedAnnotationsOnSuperclass() FAILED
    java.lang.NoClassDefFoundError at MergedAnnotationsComposedOnSingleAnnotatedElementTests.java:-1

MergedAnnotationsComposedOnSingleAnnotatedElementTests > typeHierarchyStrategyMultipleComposedAnnotationsOnInterface() FAILED
    java.lang.NoClassDefFoundError at MergedAnnotationsComposedOnSingleAnnotatedElementTests.java:-1

MergedAnnotationsComposedOnSingleAnnotatedElementTests > typeHierarchyStrategyMultipleNoninheritedComposedAnnotationsOnSuperclass() FAILED
    java.lang.NoClassDefFoundError at MergedAnnotationsComposedOnSingleAnnotatedElementTests.java:-1

MergedAnnotationsComposedOnSingleAnnotatedElementTests > inheritedStrategyComposedPlusLocalAnnotationsOnMethod() FAILED
    java.lang.NoClassDefFoundError at MergedAnnotationsComposedOnSingleAnnotatedElementTests.java:-1

MergedAnnotationsComposedOnSingleAnnotatedElementTests > inheritedStrategyMultipleNoninheritedComposedAnnotationsOnClass() FAILED
    java.lang.NoClassDefFoundError at MergedAnnotationsComposedOnSingleAnnotatedElementTests.java:-1

MergedAnnotationsComposedOnSingleAnnotatedElementTests > typeHierarchyStrategyComposedPlusLocalAnnotationsOnClass() FAILED
    java.lang.NoClassDefFoundError at MergedAnnotationsComposedOnSingleAnnotatedElementTests.java:-1

MergedAnnotationsComposedOnSingleAnnotatedElementTests > typeHierarchyStrategyMultipleComposedAnnotationsOnMethod() FAILED
    java.lang.NoClassDefFoundError at MergedAnnotationsComposedOnSingleAnnotatedElementTests.java:-1

MergedAnnotationsComposedOnSingleAnnotatedElementTests > inheritedStrategyMultipleNoninheritedComposedAnnotationsOnSuperclass() FAILED
    java.lang.NoClassDefFoundError at MergedAnnotationsComposedOnSingleAnnotatedElementTests.java:-1

MergedAnnotationsComposedOnSingleAnnotatedElementTests > inheritedStrategyComposedPlusLocalAnnotationsOnClass() FAILED
    java.lang.NoClassDefFoundError at MergedAnnotationsComposedOnSingleAnnotatedElementTests.java:-1

MergedAnnotationsComposedOnSingleAnnotatedElementTests > inheritedStrategyMultipleComposedAnnotationsOnMethod() FAILED
    java.lang.NoClassDefFoundError at MergedAnnotationsComposedOnSingleAnnotatedElementTests.java:-1

MergedAnnotationsComposedOnSingleAnnotatedElementTests > typeHierarchyStrategyMultipleNoninheritedComposedAnnotationsOnClass() FAILED
    java.lang.NoClassDefFoundError at MergedAnnotationsComposedOnSingleAnnotatedElementTests.java:-1

MergedAnnotationsComposedOnSingleAnnotatedElementTests > typeHierarchyStrategyMultipleComposedAnnotationsOnClass() FAILED
    java.lang.NoClassDefFoundError at MergedAnnotationsComposedOnSingleAnnotatedElementTests.java:-1

MergedAnnotationsComposedOnSingleAnnotatedElementTests > inheritedStrategyMultipleComposedAnnotationsOnClass() FAILED
    java.lang.NoClassDefFoundError at MergedAnnotationsComposedOnSingleAnnotatedElementTests.java:-1

MergedAnnotationsComposedOnSingleAnnotatedElementTests > typeHierarchyStrategyComposedPlusLocalAnnotationsOnMethod() FAILED
    java.lang.NoClassDefFoundError at MergedAnnotationsComposedOnSingleAnnotatedElementTests.java:-1

MergedAnnotationsComposedOnSingleAnnotatedElementTests > typeHierarchyStrategyMultipleComposedAnnotationsOnBridgeMethod() FAILED
    java.lang.NoClassDefFoundError at MergedAnnotationsComposedOnSingleAnnotatedElementTests.java:-1

MergedAnnotationsComposedOnSingleAnnotatedElementTests > inheritedStrategyMultipleComposedAnnotationsOnInterface() FAILED
    java.lang.NoClassDefFoundError at MergedAnnotationsComposedOnSingleAnnotatedElementTests.java:-1

MergedAnnotationsRepeatableAnnotationTests > typeHierarchyWhenOnClassReturnsAnnotations() FAILED
    java.lang.NoClassDefFoundError at MergedAnnotationsRepeatableAnnotationTests.java:-1

MergedAnnotationsRepeatableAnnotationTests > typeHierarchyWhenOnSuperclassReturnsAnnotations() FAILED
    java.lang.NoClassDefFoundError at MergedAnnotationsRepeatableAnnotationTests.java:-1

MergedAnnotationsRepeatableAnnotationTests > inheritedAnnotationsWhenContainerMissingValueAttributeThrowsException() FAILED
    java.lang.NoClassDefFoundError at MergedAnnotationsRepeatableAnnotationTests.java:-1

MergedAnnotationsRepeatableAnnotationTests > searchFindsRepeatableContainerAnnotationAndRepeatedAnnotations() FAILED
    java.lang.NoClassDefFoundError at MergedAnnotationsRepeatableAnnotationTests.java:-1

MergedAnnotationsRepeatableAnnotationTests > inheritedAnnotationsWhenComposedContainerForRepeatableOnClassReturnsAnnotations() FAILED
    java.lang.NoClassDefFoundError at MergedAnnotationsRepeatableAnnotationTests.java:-1

MergedAnnotationsRepeatableAnnotationTests > inheritedAnnotationsWhenOnClassReturnsAnnotations() FAILED
    java.lang.NoClassDefFoundError at MergedAnnotationsRepeatableAnnotationTests.java:-1

MergedAnnotationsRepeatableAnnotationTests > typeHierarchyWhenWrongComponentTypeThrowsException() FAILED
    java.lang.NoClassDefFoundError at MergedAnnotationsRepeatableAnnotationTests.java:-1

MergedAnnotationsRepeatableAnnotationTests > typeHierarchyAnnotationsWhenNoninheritedComposedRepeatableOnSuperclassReturnsAnnotations() FAILED
    java.lang.NoClassDefFoundError at MergedAnnotationsRepeatableAnnotationTests.java:-1

MergedAnnotationsRepeatableAnnotationTests > typeHierarchyWhenContainerMissingValueAttributeThrowsException() FAILED
    java.lang.NoClassDefFoundError at MergedAnnotationsRepeatableAnnotationTests.java:-1

MergedAnnotationsRepeatableAnnotationTests > inheritedAnnotationsWhenNoninheritedComposedRepeatableOnClassReturnsAnnotations() FAILED
    java.lang.NoClassDefFoundError at MergedAnnotationsRepeatableAnnotationTests.java:-1

MergedAnnotationsRepeatableAnnotationTests > inheritedAnnotationsWhenWhenOnSuperclassReturnsAnnotations() FAILED
    java.lang.NoClassDefFoundError at MergedAnnotationsRepeatableAnnotationTests.java:-1

MergedAnnotationsRepeatableAnnotationTests > typeHierarchyWhenWhenNonArrayValueAttributeThrowsException() FAILED
    java.lang.NoClassDefFoundError at MergedAnnotationsRepeatableAnnotationTests.java:-1

MergedAnnotationsRepeatableAnnotationTests > typeHierarchyWhenComposedOnClassReturnsAnnotations() FAILED
    java.lang.NoClassDefFoundError at MergedAnnotationsRepeatableAnnotationTests.java:-1

MergedAnnotationsRepeatableAnnotationTests > inheritedAnnotationsWhenWhenNonArrayValueAttributeThrowsException() FAILED
    java.lang.NoClassDefFoundError at MergedAnnotationsRepeatableAnnotationTests.java:-1

MergedAnnotationsRepeatableAnnotationTests > inheritedAnnotationsWhenWrongComponentTypeThrowsException() FAILED
    java.lang.NoClassDefFoundError at MergedAnnotationsRepeatableAnnotationTests.java:-1

MergedAnnotationsRepeatableAnnotationTests > typeHierarchyAnnotationsWhenNoninheritedComposedRepeatableOnClassReturnsAnnotations() FAILED
    java.lang.NoClassDefFoundError at MergedAnnotationsRepeatableAnnotationTests.java:-1

MergedAnnotationsRepeatableAnnotationTests > inheritedAnnotationsWhenComposedMixedWithContainerOnClassReturnsAnnotations() FAILED
    java.lang.NoClassDefFoundError at MergedAnnotationsRepeatableAnnotationTests.java:-1

MergedAnnotationsRepeatableAnnotationTests > inheritedAnnotationsWhenComposedOnClassReturnsAnnotations() FAILED
    java.lang.NoClassDefFoundError at MergedAnnotationsRepeatableAnnotationTests.java:-1

MergedAnnotationsRepeatableAnnotationTests > inheritedAnnotationsWhenNonRepeatableThrowsException() FAILED
    java.lang.NoClassDefFoundError at MergedAnnotationsRepeatableAnnotationTests.java:-1

MergedAnnotationsRepeatableAnnotationTests > typeHierarchyAnnotationsWithLocalComposedAnnotationWhoseRepeatableMetaAnnotationsAreFiltered() FAILED
    java.lang.NoClassDefFoundError at MergedAnnotationsRepeatableAnnotationTests.java:-1

MergedAnnotationsRepeatableAnnotationTests > typeHierarchyWhenComposedMixedWithContainerOnClassReturnsAnnotations() FAILED
    java.lang.NoClassDefFoundError at MergedAnnotationsRepeatableAnnotationTests.java:-1

MergedAnnotationsRepeatableAnnotationTests > typeHierarchyWhenNonRepeatableThrowsException() FAILED
    java.lang.NoClassDefFoundError at MergedAnnotationsRepeatableAnnotationTests.java:-1

MergedAnnotationsRepeatableAnnotationTests > inheritedAnnotationsWhenNoninheritedComposedRepeatableOnSuperclassReturnsAnnotations() FAILED
    java.lang.NoClassDefFoundError at MergedAnnotationsRepeatableAnnotationTests.java:-1

MergedAnnotationsRepeatableAnnotationTests > typeHierarchyWhenComposedContainerForRepeatableOnClassReturnsAnnotations() FAILED
    java.lang.NoClassDefFoundError at MergedAnnotationsRepeatableAnnotationTests.java:-1

MergedAnnotationsTests > synthesizeWhenAliasForHasDuplicateAttributeDeclaration() FAILED
    java.lang.NoClassDefFoundError at MergedAnnotationsTests.java:-1

MergedAnnotationsTests > getWithTypeHierarchyFromInheritedAnnotationInterface() FAILED
    java.lang.NoClassDefFoundError at MergedAnnotationsTests.java:-1

MergedAnnotationsTests > getDirectWithAttributeAliasesWithDifferentValues() FAILED
    java.lang.NoClassDefFoundError at MergedAnnotationsTests.java:-1

MergedAnnotationsTests > isPresentWhenFromSubclassWithMetaDepth0() FAILED
    java.lang.NoClassDefFoundError at MergedAnnotationsTests.java:-1

MergedAnnotationsTests > synthesizeWithImplicitAliasesWithDuplicateValues() FAILED
    java.lang.NoClassDefFoundError at MergedAnnotationsTests.java:-1

MergedAnnotationsTests > getFromMethodWithInterfaceOnSuper() FAILED
    java.lang.NoClassDefFoundError at MergedAnnotationsTests.java:-1

MergedAnnotationsTests > getWithInheritedAnnotationsFromClassWithLocalAnnotationThatShadowsAnnotationFromSuperclass() FAILED
    java.lang.NoClassDefFoundError at MergedAnnotationsTests.java:-1

MergedAnnotationsTests > getWithTypeHierarchyFromBridgeMethod() FAILED
    java.lang.NoClassDefFoundError at MergedAnnotationsTests.java:-1

MergedAnnotationsTests > getWithInheritedAnnotationsFromNonInheritedAnnotationInterface() FAILED
    java.lang.NoClassDefFoundError at MergedAnnotationsTests.java:-1

MergedAnnotationsTests > synthesizeWithImplicitAliases() FAILED
    java.lang.NoClassDefFoundError at MergedAnnotationsTests.java:-1

MergedAnnotationsTests > getWithInheritedAnnotationsFavorsInheritedAnnotationsOverMoreLocallyDeclaredComposedAnnotations() FAILED
    java.lang.NoClassDefFoundError at MergedAnnotationsTests.java:-1

MergedAnnotationsTests > getWithInheritedAnnotationsFromClassWithLocalAnnotation() FAILED
    java.lang.NoClassDefFoundError at MergedAnnotationsTests.java:-1

MergedAnnotationsTests > getWithTypeHierarchyFromClassWithMetaAndLocalTxConfig() FAILED
    java.lang.NoClassDefFoundError at MergedAnnotationsTests.java:-1

MergedAnnotationsTests > asAnnotationAttributesReturnsPopulatedAnnotationAttributes() FAILED
    java.lang.NoClassDefFoundError at MergedAnnotationsTests.java:-1

MergedAnnotationsTests > getDirectFromClassWithMetaCycleAnnotatedClassWithMissingTargetMetaAnnotation() FAILED
    java.lang.NoClassDefFoundError at MergedAnnotationsTests.java:-1

MergedAnnotationsTests > getFromMethodWithBridgedMethod() FAILED
    java.lang.NoClassDefFoundError at MergedAnnotationsTests.java:-1

MergedAnnotationsTests > synthesizeWithTransitiveImplicitAliases() FAILED
    java.lang.NoClassDefFoundError at MergedAnnotationsTests.java:-1

MergedAnnotationsTests > getDirectFromClassWithMetaMetaAnnotatedClass() FAILED
    java.lang.NoClassDefFoundError at MergedAnnotationsTests.java:-1

MergedAnnotationsTests > getWithAnnotationOnRoot() FAILED
    java.lang.NoClassDefFoundError at MergedAnnotationsTests.java:-1

MergedAnnotationsTests > streamWhenFromNonAnnotatedClass() FAILED
    java.lang.NoClassDefFoundError at MergedAnnotationsTests.java:-1

MergedAnnotationsTests > synthesizeFromMapWithoutAttributeAliases() FAILED
    java.lang.NoClassDefFoundError at MergedAnnotationsTests.java:-1

MergedAnnotationsTests > getFromMethodWithNotAnnotated() FAILED
    java.lang.NoClassDefFoundError at MergedAnnotationsTests.java:-1

MergedAnnotationsTests > streamRepeatableDeclaredOnClass() FAILED
    java.lang.NoClassDefFoundError at MergedAnnotationsTests.java:-1

MergedAnnotationsTests > synthesizeShouldNotSynthesizeNonsynthesizableAnnotations() FAILED
    java.lang.NoClassDefFoundError at MergedAnnotationsTests.java:-1

MergedAnnotationsTests > getWithTypeHierarchyInheritedFromBridgedMethod() FAILED
    java.lang.NoClassDefFoundError at MergedAnnotationsTests.java:-1

MergedAnnotationsTests > getFromMethodWithInterface() FAILED
    java.lang.NoClassDefFoundError at MergedAnnotationsTests.java:-1

MergedAnnotationsTests > getDirectWithJavaxAnnotationType() FAILED
    java.lang.NoClassDefFoundError at MergedAnnotationsTests.java:-1

MergedAnnotationsTests > synthesizeWhenAttributeAliasForWithMissingDefaultValues() FAILED
    java.lang.NoClassDefFoundError at MergedAnnotationsTests.java:-1

MergedAnnotationsTests > synthesizeAlreadySynthesized() FAILED
    java.lang.NoClassDefFoundError at MergedAnnotationsTests.java:-1

MergedAnnotationsTests > synthesizeFromMapWithMissingAttributeValue() FAILED
    java.lang.NoClassDefFoundError at MergedAnnotationsTests.java:-1

MergedAnnotationsTests > synthesizeWhenAttributeAliasForNonexistentAttribute() FAILED
    java.lang.NoClassDefFoundError at MergedAnnotationsTests.java:-1

MergedAnnotationsTests > getWithInheritedAnnotationsFromTransitiveImplicitAliasesWithSkippedLevelWithSingleElementOverridingAnArrayViaAliasFor() FAILED
    java.lang.NoClassDefFoundError at MergedAnnotationsTests.java:-1

MergedAnnotationsTests > collectMultiValueMapFavorsInheritedComposedAnnotationsOverMoreLocallyDeclaredComposedAnnotations() FAILED
    java.lang.NoClassDefFoundError at MergedAnnotationsTests.java:-1

MergedAnnotationsTests > synthesizeFromAnnotationAttributesWithoutAttributeAliases() FAILED
    java.lang.NoClassDefFoundError at MergedAnnotationsTests.java:-1

MergedAnnotationsTests > getWithTypeHierarchyWhenMultipleMetaAnnotationsHaveClashingAttributeNames() FAILED
    java.lang.NoClassDefFoundError at MergedAnnotationsTests.java:-1

MergedAnnotationsTests > getDirectFromClassWithSubInheritedAnnotationInterface() FAILED
    java.lang.NoClassDefFoundError at MergedAnnotationsTests.java:-1

MergedAnnotationsTests > getWithTypeHierarchyFromClassWithComposedMetaTransactionalAnnotation() FAILED
    java.lang.NoClassDefFoundError at MergedAnnotationsTests.java:-1

MergedAnnotationsTests > synthesizeFromMapWithNestedMap() FAILED
    java.lang.NoClassDefFoundError at MergedAnnotationsTests.java:-1

MergedAnnotationsTests > getMetaTypes() FAILED
    java.lang.NoClassDefFoundError at MergedAnnotationsTests.java:-1

MergedAnnotationsTests > getFromMethodWithUnresolvedGenericsInGenericTypeHierarchy() FAILED
    java.lang.NoClassDefFoundError at MergedAnnotationsTests.java:-1

MergedAnnotationsTests > collectMultiValueMapFromClassWithMultipleComposedAnnotations() FAILED
    java.lang.NoClassDefFoundError at MergedAnnotationsTests.java:-1

MergedAnnotationsTests > getWithTypeHierarchyFromSubNonInheritedAnnotationInterface() FAILED
    java.lang.NoClassDefFoundError at MergedAnnotationsTests.java:-1

MergedAnnotationsTests > streamRepeatableDeclaredOnSuperclass() FAILED
    java.lang.NoClassDefFoundError at MergedAnnotationsTests.java:-1

MergedAnnotationsTests > getWithInheritedAnnotationsFromTransitiveImplicitAliases() FAILED
    java.lang.NoClassDefFoundError at MergedAnnotationsTests.java:-1

MergedAnnotationsTests > withInheritedAnnotationsFromAliasedValueComposedAnnotation() FAILED
    java.lang.NoClassDefFoundError at MergedAnnotationsTests.java:-1

MergedAnnotationsTests > synthesizeWhenAttributeAliasForMetaAnnotationThatIsNotMetaPresent() FAILED
    java.lang.NoClassDefFoundError at MergedAnnotationsTests.java:-1

MergedAnnotationsTests > isPresentWhenFromNonAnnotatedClass() FAILED
    java.lang.NoClassDefFoundError at MergedAnnotationsTests.java:-1

MergedAnnotationsTests > synthesizeFromMapWithAttributeOfIncorrectArrayType() FAILED
    java.lang.NoClassDefFoundError at MergedAnnotationsTests.java:-1

MergedAnnotationsTests > getValueWhenHasDefaultOverrideWithExplicitAlias() FAILED
    java.lang.NoClassDefFoundError at MergedAnnotationsTests.java:-1

MergedAnnotationsTests > getFromMethodWithGenericSuperclass() FAILED
    java.lang.NoClassDefFoundError at MergedAnnotationsTests.java:-1

MergedAnnotationsTests > synthesizeFromMapWithImplicitAttributeAliases() FAILED
    java.lang.NoClassDefFoundError at MergedAnnotationsTests.java:-1

MergedAnnotationsTests > getWithInheritedAnnotationsFromImplicitAliasesInMetaAnnotationOnComposedAnnotation() FAILED
    java.lang.NoClassDefFoundError at MergedAnnotationsTests.java:-1

MergedAnnotationsTests > synthesizeWithArrayOfChars() FAILED
    java.lang.NoClassDefFoundError at MergedAnnotationsTests.java:-1

MergedAnnotationsTests > getDefaultValueFromAnnotationType() FAILED
    java.lang.NoClassDefFoundError at MergedAnnotationsTests.java:-1

MergedAnnotationsTests > getWithTypeHierarchyFromClassWithBothAttributesOfAnAliasPairDeclared() FAILED
    java.lang.NoClassDefFoundError at MergedAnnotationsTests.java:-1

MergedAnnotationsTests > streamRepeatableDeclaredOnClassAndSuperclass() FAILED
    java.lang.NoClassDefFoundError at MergedAnnotationsTests.java:-1

MergedAnnotationsTests > getWithTypeHierarchyInheritedFromAbstractMethod() FAILED
    java.lang.NoClassDefFoundError at MergedAnnotationsTests.java:-1

MergedAnnotationsTests > synthesizeWhenAliasForIsMissingAttributeDeclaration() FAILED
    java.lang.NoClassDefFoundError at MergedAnnotationsTests.java:-1

MergedAnnotationsTests > getFromMethodWithBridgeMethod() FAILED
    java.lang.NoClassDefFoundError at MergedAnnotationsTests.java:-1

MergedAnnotationsTests > getDefaultValueFromNonPublicAnnotation() FAILED
    java.lang.NoClassDefFoundError at MergedAnnotationsTests.java:-1

MergedAnnotationsTests > synthesizeFromMapWithNestedArrayOfMaps() FAILED
    java.lang.NoClassDefFoundError at MergedAnnotationsTests.java:-1

MergedAnnotationsTests > getDirectFromClassFavorsMoreLocallyDeclaredComposedAnnotationsOverInheritedAnnotations() FAILED
    java.lang.NoClassDefFoundError at MergedAnnotationsTests.java:-1

MergedAnnotationsTests > getFromMethodWithMethodAnnotationOnLeaf() FAILED
    java.lang.NoClassDefFoundError at MergedAnnotationsTests.java:-1

MergedAnnotationsTests > synthesizeWhenAttributeAliasForAttributeWithDifferentDefaultValue() FAILED
    java.lang.NoClassDefFoundError at MergedAnnotationsTests.java:-1

MergedAnnotationsTests > getRootWhenNotDirect() FAILED
    java.lang.NoClassDefFoundError at MergedAnnotationsTests.java:-1

MergedAnnotationsTests > synthesizeShouldNotSynthesizeMetaAnnotationsWithNonOverriddenAttributes() FAILED
    java.lang.NoClassDefFoundError at MergedAnnotationsTests.java:-1

MergedAnnotationsTests > synthesizeWhenAttributeAliasesWithDifferentValues() FAILED
    java.lang.NoClassDefFoundError at MergedAnnotationsTests.java:-1

MergedAnnotationsTests > getWithInheritedAnnotationsFromInterfaceImplementedBySuperclass() FAILED
    java.lang.NoClassDefFoundError at MergedAnnotationsTests.java:-1

MergedAnnotationsTests > getWithInheritedAnnotationsFromImplicitAliasesForSameAttributeInComposedAnnotation() FAILED
    java.lang.NoClassDefFoundError at MergedAnnotationsTests.java:-1

MergedAnnotationsTests > getValueFromNonPublicAnnotation() FAILED
    java.lang.NoClassDefFoundError at MergedAnnotationsTests.java:-1

MergedAnnotationsTests > streamRepeatableDeclaredOnMultipleSuperclasses() FAILED
    java.lang.NoClassDefFoundError at MergedAnnotationsTests.java:-1

MergedAnnotationsTests > getSuperClassSourceForTypesWithMultipleCandidateTypes() FAILED
    java.lang.NoClassDefFoundError at MergedAnnotationsTests.java:-1

MergedAnnotationsTests > getDirectFromClassWithSubSubInheritedAnnotationInterface() FAILED
    java.lang.NoClassDefFoundError at MergedAnnotationsTests.java:-1

MergedAnnotationsTests > getFromMethodWithOnRootButOverridden() FAILED
    java.lang.NoClassDefFoundError at MergedAnnotationsTests.java:-1

MergedAnnotationsTests > getValueWhenHasDefaultOverride() FAILED
    java.lang.NoClassDefFoundError at MergedAnnotationsTests.java:-1

MergedAnnotationsTests > synthesizeWithImplicitAliasesWithDifferentDefaultValues() FAILED
    java.lang.NoClassDefFoundError at MergedAnnotationsTests.java:-1

MergedAnnotationsTests > getWithTypeHierarchyFromNonInheritedAnnotationInterface() FAILED
    java.lang.NoClassDefFoundError at MergedAnnotationsTests.java:-1

MergedAnnotationsTests > getValueFromAnnotation() FAILED
    java.lang.NoClassDefFoundError at MergedAnnotationsTests.java:-1

MergedAnnotationsTests > getSuperClassSourceForTypesWithSingleCandidateType() FAILED
    java.lang.NoClassDefFoundError at MergedAnnotationsTests.java:-1

MergedAnnotationsTests > getWithTypeHierarchyFromClassWithAttributeAliasInComposedAnnotationAndNestedAnnotationsInTargetAnnotation() FAILED
    java.lang.NoClassDefFoundError at MergedAnnotationsTests.java:-1

MergedAnnotationsTests > streamWithTypeHierarchyInheritedFromSuperInterfaceMethod() FAILED
    java.lang.NoClassDefFoundError at MergedAnnotationsTests.java:-1

MergedAnnotationsTests > getFromMethodWhenInterfaceWhenSuperDoesNotImplementMethod() FAILED
    java.lang.NoClassDefFoundError at MergedAnnotationsTests.java:-1

MergedAnnotationsTests > synthesizeWithImplicitAliasesForAliasPair() FAILED
    java.lang.NoClassDefFoundError at MergedAnnotationsTests.java:-1

MergedAnnotationsTests > collectMultiValueMapFromClassWithLocalAnnotationThatShadowsAnnotationFromSuperclass() FAILED
    java.lang.NoClassDefFoundError at MergedAnnotationsTests.java:-1

MergedAnnotationsTests > synthesizeFromMapWithMinimalAttributesWithAttributeAliases() FAILED
    java.lang.NoClassDefFoundError at MergedAnnotationsTests.java:-1

MergedAnnotationsTests > synthesizeShouldNotSynthesizeNonsynthesizableAnnotationsWhenUsingMergedAnnotationsFromApi() FAILED
    java.lang.NoClassDefFoundError at MergedAnnotationsTests.java:-1

MergedAnnotationsTests > synthesizeWithImplicitAliasesWithMissingDefaultValues() FAILED
    java.lang.NoClassDefFoundError at MergedAnnotationsTests.java:-1

MergedAnnotationsTests > streamWhenFromClassWithMetaDepth1() FAILED
    java.lang.NoClassDefFoundError at MergedAnnotationsTests.java:-1

MergedAnnotationsTests > streamWhenFromClassWithMetaDepth2() FAILED
    java.lang.NoClassDefFoundError at MergedAnnotationsTests.java:-1

MergedAnnotationsTests > synthesizeWhenAttributeAliasForAttributeOfDifferentType() FAILED
    java.lang.NoClassDefFoundError at MergedAnnotationsTests.java:-1

MergedAnnotationsTests > getFromMethodWithMetaAnnotationOnLeaf() FAILED
    java.lang.NoClassDefFoundError at MergedAnnotationsTests.java:-1

MergedAnnotationsTests > getFromMethodWithMetaAnnotationOnRoot() FAILED
    java.lang.NoClassDefFoundError at MergedAnnotationsTests.java:-1

MergedAnnotationsTests > getDirectWithoutAttributeAliases() FAILED
    java.lang.NoClassDefFoundError at MergedAnnotationsTests.java:-1

MergedAnnotationsTests > getWithInheritedAnnotationsFromInheritedAnnotationInterface() FAILED
    java.lang.NoClassDefFoundError at MergedAnnotationsTests.java:-1

MergedAnnotationsTests > getDirectFromClassWithMetaMetaMetaAnnotatedClass() FAILED
    java.lang.NoClassDefFoundError at MergedAnnotationsTests.java:-1

MergedAnnotationsTests > getWithTypeHierarchyInheritedFromInterfaceMethod() FAILED
    java.lang.NoClassDefFoundError at MergedAnnotationsTests.java:-1

MergedAnnotationsTests > synthesizeWhenUsingMergedAnnotationsFromApi() FAILED
    java.lang.NoClassDefFoundError at MergedAnnotationsTests.java:-1

MergedAnnotationsTests > getDirectFromClassWithSubSubNonInheritedAnnotationInterface() FAILED
    java.lang.NoClassDefFoundError at MergedAnnotationsTests.java:-1

MergedAnnotationsTests > getWithInheritedAnnotationsFromMetaCycleAnnotatedClassWithMissingTargetMetaAnnotation() FAILED
    java.lang.NoClassDefFoundError at MergedAnnotationsTests.java:-1

MergedAnnotationsTests > getWithInheritedAnnotationsFromAliasedValueComposedAnnotation() FAILED
    java.lang.NoClassDefFoundError at MergedAnnotationsTests.java:-1

MergedAnnotationsTests > collectMultiValueMapFromNonAnnotatedClass() FAILED
    java.lang.NoClassDefFoundError at MergedAnnotationsTests.java:-1

MergedAnnotationsTests > getFromMethodWithGenericInterface() FAILED
    java.lang.NoClassDefFoundError at MergedAnnotationsTests.java:-1

MergedAnnotationsTests > getParent() FAILED
    java.lang.NoClassDefFoundError at MergedAnnotationsTests.java:-1

MergedAnnotationsTests > getDirectFromClassFavorsMoreLocallyDeclaredComposedAnnotationsOverAnnotationsOnInterfaces() FAILED
    java.lang.NoClassDefFoundError at MergedAnnotationsTests.java:-1

MergedAnnotationsTests > getRootWhenDirect() FAILED
    java.lang.NoClassDefFoundError at MergedAnnotationsTests.java:-1

MergedAnnotationsTests > synthesizeShouldNotResynthesizeAlreadySynthesizedAnnotations() FAILED
    java.lang.NoClassDefFoundError at MergedAnnotationsTests.java:-1

MergedAnnotationsTests > getWithInheritedAnnotationsFavorsLocalComposedAnnotationOverInheritedAnnotation() FAILED
    java.lang.NoClassDefFoundError at MergedAnnotationsTests.java:-1

MergedAnnotationsTests > getWithTypeHierarchyOnMethodWithSingleElementOverridingAnArrayViaAliasFor() FAILED
    java.lang.NoClassDefFoundError at MergedAnnotationsTests.java:-1

MergedAnnotationsTests > collectMultiValueMapFromClassWithLocalAnnotation() FAILED
    java.lang.NoClassDefFoundError at MergedAnnotationsTests.java:-1

MergedAnnotationsTests > equalsForSynthesizedAnnotations() FAILED
    java.lang.NoClassDefFoundError at MergedAnnotationsTests.java:-1

MergedAnnotationsTests > getValueWhenHasDefaultOverrideWithImplicitAlias() FAILED
    java.lang.NoClassDefFoundError at MergedAnnotationsTests.java:-1

MergedAnnotationsTests > fromPreconditions() FAILED
    java.lang.NoClassDefFoundError at MergedAnnotationsTests.java:-1

MergedAnnotationsTests > streamDirectRepeatablesDeclaredOnSuperclass() FAILED
    java.lang.NoClassDefFoundError at MergedAnnotationsTests.java:-1

MergedAnnotationsTests > toStringForSynthesizedAnnotations() FAILED
    java.lang.NoClassDefFoundError at MergedAnnotationsTests.java:-1

MergedAnnotationsTests > getDirectFromClassWithNonInheritedAnnotationInterface() FAILED
    java.lang.NoClassDefFoundError at MergedAnnotationsTests.java:-1

MergedAnnotationsTests > getWithInheritedAnnotationsFromShadowedAliasComposedAnnotation() FAILED
    java.lang.NoClassDefFoundError at MergedAnnotationsTests.java:-1

MergedAnnotationsTests > getValueWhenThreeDeepMetaWithValue() FAILED
    java.lang.NoClassDefFoundError at MergedAnnotationsTests.java:-1

MergedAnnotationsTests > synthesizeWithArrayOfAnnotations() FAILED
    java.lang.NoClassDefFoundError at MergedAnnotationsTests.java:-1

MergedAnnotationsTests > streamRepeatableDeclaredOnClassWithAttributeAliases() FAILED
    java.lang.NoClassDefFoundError at MergedAnnotationsTests.java:-1

MergedAnnotationsTests > collectMultiValueMapFromClassWithLocalComposedAnnotationAndInheritedAnnotation() FAILED
    java.lang.NoClassDefFoundError at MergedAnnotationsTests.java:-1

MergedAnnotationsTests > hashCodeForSynthesizedAnnotations() FAILED
    java.lang.NoClassDefFoundError at MergedAnnotationsTests.java:-1

MergedAnnotationsTests > getDirectFromClassWithInheritedAnnotationInterface() FAILED
    java.lang.NoClassDefFoundError at MergedAnnotationsTests.java:-1

MergedAnnotationsTests > getWithTypeHierarchyFromSubSubInheritedAnnotationInterface() FAILED
    java.lang.NoClassDefFoundError at MergedAnnotationsTests.java:-1

MergedAnnotationsTests > getWithTypeHierarchyWithSingleElementOverridingAnArrayViaAliasFor() FAILED
    java.lang.NoClassDefFoundError at MergedAnnotationsTests.java:-1

MergedAnnotationsTests > getWithInheritedAnnotationsFavorsInheritedComposedAnnotationsOverMoreLocallyDeclaredComposedAnnotations() FAILED
    java.lang.NoClassDefFoundError at MergedAnnotationsTests.java:-1

MergedAnnotationsTests > streamRepeatableDeclaredOnMethod() FAILED
    java.lang.NoClassDefFoundError at MergedAnnotationsTests.java:-1

MergedAnnotationsTests > synthesizeWithTransitiveImplicitAliasesForAliasPair() FAILED
    java.lang.NoClassDefFoundError at MergedAnnotationsTests.java:-1

MergedAnnotationsTests > toStringForSynthesizedAnnotationsWithSingleValueAttributes() FAILED
    java.lang.NoClassDefFoundError at MergedAnnotationsTests.java:-1

MergedAnnotationsTests > getWithInheritedAnnotationsFromTransitiveImplicitAliasesWithSkippedLevel() FAILED
    java.lang.NoClassDefFoundError at MergedAnnotationsTests.java:-1

MergedAnnotationsTests > synthesizeFromDefaultsWithAttributeAliases() FAILED
    java.lang.NoClassDefFoundError at MergedAnnotationsTests.java:-1

MergedAnnotationsTests > getWithTypeHierarchyFromSubSubNonInheritedAnnotationInterface() FAILED
    java.lang.NoClassDefFoundError at MergedAnnotationsTests.java:-1

MergedAnnotationsTests > isPresentWhenFromAnnotationClassWithMetaDepth0() FAILED
    java.lang.NoClassDefFoundError at MergedAnnotationsTests.java:-1

MergedAnnotationsTests > isPresentWhenFromAnnotationClassWithMetaDepth1() FAILED
    java.lang.NoClassDefFoundError at MergedAnnotationsTests.java:-1

MergedAnnotationsTests > isPresentWhenFromAnnotationClassWithMetaDepth2() FAILED
    java.lang.NoClassDefFoundError at MergedAnnotationsTests.java:-1

MergedAnnotationsTests > synthesizeFromMapWithAttributeAliasesThatOverrideArraysWithSingleElements() FAILED
    java.lang.NoClassDefFoundError at MergedAnnotationsTests.java:-1

MergedAnnotationsTests > synthesizeFromMapWithNullAttributeValue() FAILED
    java.lang.NoClassDefFoundError at MergedAnnotationsTests.java:-1

MergedAnnotationsTests > synthesizeFromDefaultsWithoutAttributeAliases() FAILED
    java.lang.NoClassDefFoundError at MergedAnnotationsTests.java:-1

MergedAnnotationsTests > getDirectWithAttributeAliases1() FAILED
    java.lang.NoClassDefFoundError at MergedAnnotationsTests.java:-1

MergedAnnotationsTests > getDirectWithAttributeAliases2() FAILED
    java.lang.NoClassDefFoundError at MergedAnnotationsTests.java:-1

MergedAnnotationsTests > synthesizeWithoutAttributeAliases() FAILED
    java.lang.NoClassDefFoundError at MergedAnnotationsTests.java:-1

MergedAnnotationsTests > isPresentWhenFromClassWithMetaDepth0() FAILED
    java.lang.NoClassDefFoundError at MergedAnnotationsTests.java:-1

MergedAnnotationsTests > isPresentWhenFromClassWithMetaDepth1() FAILED
    java.lang.NoClassDefFoundError at MergedAnnotationsTests.java:-1

MergedAnnotationsTests > isPresentWhenFromClassWithMetaDepth2() FAILED
    java.lang.NoClassDefFoundError at MergedAnnotationsTests.java:-1

MergedAnnotationsTests > getSuperClassForAllScenarios() FAILED
    java.lang.NoClassDefFoundError at MergedAnnotationsTests.java:-1

MergedAnnotationsTests > synthesizeWhenAttributeAliasWithMirroredAliasForWrongAttribute() FAILED
    java.lang.NoClassDefFoundError at MergedAnnotationsTests.java:-1

MergedAnnotationsTests > getAggregateIndexForAllScenarios() FAILED
    java.lang.NoClassDefFoundError at MergedAnnotationsTests.java:-1

MergedAnnotationsTests > streamInheritedFromClassWithInterface() FAILED
    java.lang.NoClassDefFoundError at MergedAnnotationsTests.java:-1

MergedAnnotationsTests > streamTypeHierarchyFromClassWithInterface() FAILED
    java.lang.NoClassDefFoundError at MergedAnnotationsTests.java:-1

MergedAnnotationsTests > getDirectFromClassFavorsMoreLocallyDeclaredComposedAnnotationsOverInheritedComposedAnnotations() FAILED
    java.lang.NoClassDefFoundError at MergedAnnotationsTests.java:-1

MergedAnnotationsTests > getWithTypeHierarchyFromClassWithAttributeAliasesInTargetAnnotation() FAILED
    java.lang.NoClassDefFoundError at MergedAnnotationsTests.java:-1

MergedAnnotationsTests > synthesizeWithImplicitAliasesWithImpliedAliasNamesOmitted() FAILED
    java.lang.NoClassDefFoundError at MergedAnnotationsTests.java:-1

MergedAnnotationsTests > synthesizeNonPublicWithAttributeAliasesFromDifferentPackage() FAILED
    java.lang.NoClassDefFoundError at MergedAnnotationsTests.java:-1

MergedAnnotationsTests > getWithTypeHierarchyFromClassWithMetaMetaAliasedTransactional() FAILED
    java.lang.NoClassDefFoundError at MergedAnnotationsTests.java:-1

MergedAnnotationsTests > collectMultiValueMapFavorsInheritedAnnotationsOverMoreLocallyDeclaredComposedAnnotations() FAILED
    java.lang.NoClassDefFoundError at MergedAnnotationsTests.java:-1

MergedAnnotationsTests > synthesizeFromMapWithAttributeOfIncorrectType() FAILED
    java.lang.NoClassDefFoundError at MergedAnnotationsTests.java:-1

MergedAnnotationsTests > getWithInheritedAnnotationsFromTransitiveImplicitAliasesWithSingleElementOverridingAnArrayViaAliasFor() FAILED
    java.lang.NoClassDefFoundError at MergedAnnotationsTests.java:-1

MergedAnnotationsTests > getDefaultValueFromAnnotation() FAILED
    java.lang.NoClassDefFoundError at MergedAnnotationsTests.java:-1

MergedAnnotationsTests > getFromMethodWithMetaMetaAnnotationOnLeaf() FAILED
    java.lang.NoClassDefFoundError at MergedAnnotationsTests.java:-1

MergedAnnotationsTests > getDirectFromClassWithAnnotatedClassWithMissingTargetMetaAnnotation() FAILED
    java.lang.NoClassDefFoundError at MergedAnnotationsTests.java:-1

MergedAnnotationsTests > getDirectFromClassWithSubNonInheritedAnnotationInterface() FAILED
    java.lang.NoClassDefFoundError at MergedAnnotationsTests.java:-1

MergedAnnotationsTests > isDirectlyPresentForAllScenarios() FAILED
    java.lang.NoClassDefFoundError at MergedAnnotationsTests.java:-1

MergedAnnotationsTests > getWithTypeHierarchyFromSubInheritedAnnotationInterface() FAILED
    java.lang.NoClassDefFoundError at MergedAnnotationsTests.java:-1

MergedAnnotationsTests > withInheritedAnnotationsFromAliasedComposedAnnotation() FAILED
    java.lang.NoClassDefFoundError at MergedAnnotationsTests.java:-1

MergedAnnotationsTests > getFromMethodWithAnnotationOnMethodInInterface() FAILED
    java.lang.NoClassDefFoundError at MergedAnnotationsTests.java:-1

MergedAnnotationsTests > synthesizedAnnotationShouldReuseJdkProxyClass() FAILED
    java.lang.NoClassDefFoundError at MergedAnnotationsTests.java:-1

MergedAnnotationsTests > getDirectWithNestedAnnotations() FAILED
    java.lang.NoClassDefFoundError at MergedAnnotationsTests.java:-1

MergedAnnotationsTests > streamDirectRepeatablesDeclaredOnClass() FAILED
    java.lang.NoClassDefFoundError at MergedAnnotationsTests.java:-1

MergedAnnotationsTests > FluentSearchApiTests > searchFromClassWithDefaultAnnotationFilterAndDefaultRepeatableContainers() FAILED
    java.lang.NoClassDefFoundError at ClassLoader.java:-2

MergedAnnotationsTests > FluentSearchApiTests > searchFromNonAnnotatedInnerClassWithAnnotatedEnclosingClassWithEnclosingClassPredicates() FAILED
    java.lang.NoClassDefFoundError at ClassLoader.java:-2

MergedAnnotationsTests > FluentSearchApiTests > searchFromNonAnnotatedStaticNestedClassWithAnnotatedEnclosingClassWithEnclosingClassPredicates() FAILED
    java.lang.NoClassDefFoundError at ClassLoader.java:-2

MergedAnnotationsTests > FluentSearchApiTests > searchFromClassWithCustomAnnotationFilter() FAILED
    java.lang.NoClassDefFoundError at ClassLoader.java:-2

MergedAnnotationsTests > FluentSearchApiTests > searchFromClassWithCustomRepeatableContainers() FAILED
    java.lang.NoClassDefFoundError at ClassLoader.java:-2

MergedAnnotationsTests > FluentSearchApiTests > preconditions() FAILED
    java.lang.NoClassDefFoundError at ClassLoader.java:-2

MergedAnnotationsTests > ConventionBasedAnnotationAttributeOverrideTests > getWithInheritedAnnotationsFromHalfConventionBasedAndHalfAliasedComposedAnnotation1() FAILED
    java.lang.NoClassDefFoundError at ClassLoader.java:-2

MergedAnnotationsTests > ConventionBasedAnnotationAttributeOverrideTests > getWithInheritedAnnotationsFromHalfConventionBasedAndHalfAliasedComposedAnnotation2() FAILED
    java.lang.NoClassDefFoundError at ClassLoader.java:-2

MergedAnnotationsTests > ConventionBasedAnnotationAttributeOverrideTests > getWithTypeHierarchyWithSingleElementOverridingAnArrayViaConvention() FAILED
    java.lang.NoClassDefFoundError at ClassLoader.java:-2

MergedAnnotationsTests > ConventionBasedAnnotationAttributeOverrideTests > getWithInheritedAnnotationsAttributesWithConventionBasedComposedAnnotation() FAILED
    java.lang.NoClassDefFoundError at ClassLoader.java:-2

MergedAnnotationsTests > ConventionBasedAnnotationAttributeOverrideTests > getWithTypeHierarchyOnMethodWithSingleElementOverridingAnArrayViaConvention() FAILED
    java.lang.NoClassDefFoundError at ClassLoader.java:-2

MergedAnnotationsTests > ConventionBasedAnnotationAttributeOverrideTests > getWithTypeHierarchyWithLocalAliasesThatConflictWithAttributesInMetaAnnotationByConvention() FAILED
    java.lang.NoClassDefFoundError at ClassLoader.java:-2

MissingMergedAnnotationTests > synthesizeThrowsNoSuchElementException() FAILED
    java.lang.NoClassDefFoundError at MissingMergedAnnotationTests.java:-1

MissingMergedAnnotationTests > getEnumArrayThrowsNoSuchElementException() FAILED
    java.lang.NoClassDefFoundError at MissingMergedAnnotationTests.java:-1

MissingMergedAnnotationTests > asAnnotationAttributesReturnsNewAnnotationAttributes() FAILED
    java.lang.NoClassDefFoundError at MissingMergedAnnotationTests.java:-1

MissingMergedAnnotationTests > getAnnotationThrowsNoSuchElementException() FAILED
    java.lang.NoClassDefFoundError at MissingMergedAnnotationTests.java:-1

MissingMergedAnnotationTests > getRootReturnsEmptyAnnotation() FAILED
    java.lang.NoClassDefFoundError at MissingMergedAnnotationTests.java:-1

MissingMergedAnnotationTests > getValueReturnsEmpty() FAILED
    java.lang.NoClassDefFoundError at MissingMergedAnnotationTests.java:-1

MissingMergedAnnotationTests > getAnnotationArrayThrowsNoSuchElementException() FAILED
    java.lang.NoClassDefFoundError at MissingMergedAnnotationTests.java:-1

MissingMergedAnnotationTests > isDirectlyPresentReturnsFalse() FAILED
    java.lang.NoClassDefFoundError at MissingMergedAnnotationTests.java:-1

MissingMergedAnnotationTests > getTypeThrowsNoSuchElementException() FAILED
    java.lang.NoClassDefFoundError at MissingMergedAnnotationTests.java:-1

MissingMergedAnnotationTests > getFloatArrayThrowsNoSuchElementException() FAILED
    java.lang.NoClassDefFoundError at MissingMergedAnnotationTests.java:-1

MissingMergedAnnotationTests > getCharArrayThrowsNoSuchElementException() FAILED
    java.lang.NoClassDefFoundError at MissingMergedAnnotationTests.java:-1

MissingMergedAnnotationTests > getBooleanArrayThrowsNoSuchElementException() FAILED
    java.lang.NoClassDefFoundError at MissingMergedAnnotationTests.java:-1

MissingMergedAnnotationTests > synthesizeWithPredicateWhenPredicateDoesNotMatchReturnsEmpty() FAILED
    java.lang.NoClassDefFoundError at MissingMergedAnnotationTests.java:-1

MissingMergedAnnotationTests > getByteArrayThrowsNoSuchElementException() FAILED
    java.lang.NoClassDefFoundError at MissingMergedAnnotationTests.java:-1

MissingMergedAnnotationTests > getBooleanThrowsNoSuchElementException() FAILED
    java.lang.NoClassDefFoundError at MissingMergedAnnotationTests.java:-1

MissingMergedAnnotationTests > metaTypesReturnsEmptyList() FAILED
    java.lang.NoClassDefFoundError at MissingMergedAnnotationTests.java:-1

MissingMergedAnnotationTests > getAggregateIndexReturnsMinusOne() FAILED
    java.lang.NoClassDefFoundError at MissingMergedAnnotationTests.java:-1

MissingMergedAnnotationTests > getIntArrayThrowsNoSuchElementException() FAILED
    java.lang.NoClassDefFoundError at MissingMergedAnnotationTests.java:-1

MissingMergedAnnotationTests > getIntThrowsNoSuchElementException() FAILED
    java.lang.NoClassDefFoundError at MissingMergedAnnotationTests.java:-1

MissingMergedAnnotationTests > getLongThrowsNoSuchElementException() FAILED
    java.lang.NoClassDefFoundError at MissingMergedAnnotationTests.java:-1

MissingMergedAnnotationTests > getFloatThrowsNoSuchElementException() FAILED
    java.lang.NoClassDefFoundError at MissingMergedAnnotationTests.java:-1

MissingMergedAnnotationTests > getDoubleThrowsNoSuchElementException() FAILED
    java.lang.NoClassDefFoundError at MissingMergedAnnotationTests.java:-1

MissingMergedAnnotationTests > asMapWithFactoryReturnsNewMapFromFactory() FAILED
    java.lang.NoClassDefFoundError at MissingMergedAnnotationTests.java:-1

MissingMergedAnnotationTests > asMapReturnsEmptyMap() FAILED
    java.lang.NoClassDefFoundError at MissingMergedAnnotationTests.java:-1

MissingMergedAnnotationTests > synthesizeWithPredicateWhenPredicateMatchesThrowsNoSuchElementException() FAILED
    java.lang.NoClassDefFoundError at MissingMergedAnnotationTests.java:-1

MissingMergedAnnotationTests > isPresentReturnsFalse() FAILED
    java.lang.NoClassDefFoundError at MissingMergedAnnotationTests.java:-1

MissingMergedAnnotationTests > getDefaultValueReturnsEmpty() FAILED
    java.lang.NoClassDefFoundError at MissingMergedAnnotationTests.java:-1

MissingMergedAnnotationTests > getDistanceReturnsMinusOne() FAILED
    java.lang.NoClassDefFoundError at MissingMergedAnnotationTests.java:-1

MissingMergedAnnotationTests > getEnumThrowsNoSuchElementException() FAILED
    java.lang.NoClassDefFoundError at MissingMergedAnnotationTests.java:-1

MissingMergedAnnotationTests > getStringArrayThrowsNoSuchElementException() FAILED
    java.lang.NoClassDefFoundError at MissingMergedAnnotationTests.java:-1

MissingMergedAnnotationTests > getByteThrowsNoSuchElementException() FAILED
    java.lang.NoClassDefFoundError at MissingMergedAnnotationTests.java:-1

MissingMergedAnnotationTests > isMetaPresentReturnsFalse() FAILED
    java.lang.NoClassDefFoundError at MissingMergedAnnotationTests.java:-1

MissingMergedAnnotationTests > getShortArrayThrowsNoSuchElementException() FAILED
    java.lang.NoClassDefFoundError at MissingMergedAnnotationTests.java:-1

MissingMergedAnnotationTests > getLongArrayThrowsNoSuchElementException() FAILED
    java.lang.NoClassDefFoundError at MissingMergedAnnotationTests.java:-1

MissingMergedAnnotationTests > hasNonDefaultValueThrowsNoSuchElementException() FAILED
    java.lang.NoClassDefFoundError at MissingMergedAnnotationTests.java:-1

MissingMergedAnnotationTests > getClassArrayThrowsNoSuchElementException() FAILED
    java.lang.NoClassDefFoundError at MissingMergedAnnotationTests.java:-1

MissingMergedAnnotationTests > getSourceReturnsNull() FAILED
    java.lang.NoClassDefFoundError at MissingMergedAnnotationTests.java:-1

MissingMergedAnnotationTests > getDoubleArrayThrowsNoSuchElementException() FAILED
    java.lang.NoClassDefFoundError at MissingMergedAnnotationTests.java:-1

MissingMergedAnnotationTests > getClassThrowsNoSuchElementException() FAILED
    java.lang.NoClassDefFoundError at MissingMergedAnnotationTests.java:-1

MissingMergedAnnotationTests > toStringReturnsString() FAILED
    java.lang.NoClassDefFoundError at MissingMergedAnnotationTests.java:-1

MissingMergedAnnotationTests > getShortThrowsNoSuchElementException() FAILED
    java.lang.NoClassDefFoundError at MissingMergedAnnotationTests.java:-1

MissingMergedAnnotationTests > getMetaSourceReturnsNull() FAILED
    java.lang.NoClassDefFoundError at MissingMergedAnnotationTests.java:-1

MissingMergedAnnotationTests > hasDefaultValueThrowsNoSuchElementException() FAILED
    java.lang.NoClassDefFoundError at MissingMergedAnnotationTests.java:-1

MissingMergedAnnotationTests > getCharThrowsNoSuchElementException() FAILED
    java.lang.NoClassDefFoundError at MissingMergedAnnotationTests.java:-1

MissingMergedAnnotationTests > getStringThrowsNoSuchElementException() FAILED
    java.lang.NoClassDefFoundError at MissingMergedAnnotationTests.java:-1

MultipleComposedAnnotationsOnSingleAnnotatedElementTests > findMultipleNoninheritedComposedAnnotationsOnClass() FAILED
    java.lang.NoClassDefFoundError at MultipleComposedAnnotationsOnSingleAnnotatedElementTests.java:-1

MultipleComposedAnnotationsOnSingleAnnotatedElementTests > getMultipleNoninheritedComposedAnnotationsOnClass() FAILED
    java.lang.NoClassDefFoundError at MultipleComposedAnnotationsOnSingleAnnotatedElementTests.java:-1

MultipleComposedAnnotationsOnSingleAnnotatedElementTests > findMultipleInheritedComposedAnnotationsOnSuperclass() FAILED
    java.lang.NoClassDefFoundError at MultipleComposedAnnotationsOnSingleAnnotatedElementTests.java:-1

MultipleComposedAnnotationsOnSingleAnnotatedElementTests > getMultipleComposedAnnotationsOnBridgeMethod() FAILED
    java.lang.NoClassDefFoundError at MultipleComposedAnnotationsOnSingleAnnotatedElementTests.java:-1

MultipleComposedAnnotationsOnSingleAnnotatedElementTests > findMultipleComposedAnnotationsOnClass() FAILED
    java.lang.NoClassDefFoundError at MultipleComposedAnnotationsOnSingleAnnotatedElementTests.java:-1

MultipleComposedAnnotationsOnSingleAnnotatedElementTests > findComposedPlusLocalAnnotationsOnMethod() FAILED
    java.lang.NoClassDefFoundError at MultipleComposedAnnotationsOnSingleAnnotatedElementTests.java:-1

MultipleComposedAnnotationsOnSingleAnnotatedElementTests > findMultipleComposedAnnotationsOnInterface() FAILED
    java.lang.NoClassDefFoundError at MultipleComposedAnnotationsOnSingleAnnotatedElementTests.java:-1

MultipleComposedAnnotationsOnSingleAnnotatedElementTests > getComposedPlusLocalAnnotationsOnClass() FAILED
    java.lang.NoClassDefFoundError at MultipleComposedAnnotationsOnSingleAnnotatedElementTests.java:-1

MultipleComposedAnnotationsOnSingleAnnotatedElementTests > getMultipleComposedAnnotationsOnMethod() FAILED
    java.lang.NoClassDefFoundError at MultipleComposedAnnotationsOnSingleAnnotatedElementTests.java:-1

MultipleComposedAnnotationsOnSingleAnnotatedElementTests > getMultipleComposedAnnotationsOnClass() FAILED
    java.lang.NoClassDefFoundError at MultipleComposedAnnotationsOnSingleAnnotatedElementTests.java:-1

MultipleComposedAnnotationsOnSingleAnnotatedElementTests > findMultipleNoninheritedComposedAnnotationsOnSuperclass() FAILED
    java.lang.NoClassDefFoundError at MultipleComposedAnnotationsOnSingleAnnotatedElementTests.java:-1

MultipleComposedAnnotationsOnSingleAnnotatedElementTests > getMultipleInheritedComposedAnnotationsOnSuperclass() FAILED
    java.lang.NoClassDefFoundError at MultipleComposedAnnotationsOnSingleAnnotatedElementTests.java:-1

MultipleComposedAnnotationsOnSingleAnnotatedElementTests > findComposedPlusLocalAnnotationsOnClass() FAILED
    java.lang.NoClassDefFoundError at MultipleComposedAnnotationsOnSingleAnnotatedElementTests.java:-1

MultipleComposedAnnotationsOnSingleAnnotatedElementTests > findMultipleComposedAnnotationsOnMethod() FAILED
    java.lang.NoClassDefFoundError at MultipleComposedAnnotationsOnSingleAnnotatedElementTests.java:-1

MultipleComposedAnnotationsOnSingleAnnotatedElementTests > findComposedCacheOnInterfaceAndLocalCacheOnClass() FAILED
    java.lang.NoClassDefFoundError at MultipleComposedAnnotationsOnSingleAnnotatedElementTests.java:-1

MultipleComposedAnnotationsOnSingleAnnotatedElementTests > getMultipleNoninheritedComposedAnnotationsOnSuperclass() FAILED
    java.lang.NoClassDefFoundError at MultipleComposedAnnotationsOnSingleAnnotatedElementTests.java:-1

MultipleComposedAnnotationsOnSingleAnnotatedElementTests > getMultipleComposedAnnotationsOnInterface() FAILED
    java.lang.NoClassDefFoundError at MultipleComposedAnnotationsOnSingleAnnotatedElementTests.java:-1

MultipleComposedAnnotationsOnSingleAnnotatedElementTests > findMultipleComposedAnnotationsOnBridgeMethod() FAILED
    java.lang.NoClassDefFoundError at MultipleComposedAnnotationsOnSingleAnnotatedElementTests.java:-1

MultipleComposedAnnotationsOnSingleAnnotatedElementTests > getComposedPlusLocalAnnotationsOnMethod() FAILED
    java.lang.NoClassDefFoundError at MultipleComposedAnnotationsOnSingleAnnotatedElementTests.java:-1

NestedRepeatableAnnotationsTests > MultipleRepeatableAnnotationsTests > findMergedRepeatableAnnotationsWithExplicitContainer_AnnotatedElementUtils() FAILED
    java.lang.NoClassDefFoundError at ClassLoader.java:-2

NestedRepeatableAnnotationsTests > MultipleRepeatableAnnotationsTests > streamRepeatableAnnotationsWithExplicitRepeatables_MergedAnnotationsApi() FAILED
    java.lang.NoClassDefFoundError at ClassLoader.java:-2

NestedRepeatableAnnotationsTests > MultipleRepeatableAnnotationsTests > getMergedRepeatableAnnotationsWithStandardRepeatables_AnnotatedElementUtils() FAILED
    java.lang.NoClassDefFoundError at ClassLoader.java:-2

NestedRepeatableAnnotationsTests > MultipleRepeatableAnnotationsTests > getMergedRepeatableAnnotationsWithExplicitContainer_AnnotatedElementUtils() FAILED
    java.lang.NoClassDefFoundError at ClassLoader.java:-2

NestedRepeatableAnnotationsTests > MultipleRepeatableAnnotationsTests > streamRepeatableAnnotationsWithStandardRepeatables_MergedAnnotationsApi() FAILED
    java.lang.NoClassDefFoundError at ClassLoader.java:-2

NestedRepeatableAnnotationsTests > MultipleRepeatableAnnotationsTests > getRepeatableAnnotations_AnnotationUtils() FAILED
    java.lang.NoClassDefFoundError at ClassLoader.java:-2

NestedRepeatableAnnotationsTests > MultipleRepeatableAnnotationsTests > findMergedRepeatableAnnotationsWithStandardRepeatables_AnnotatedElementUtils() FAILED
    java.lang.NoClassDefFoundError at ClassLoader.java:-2

NestedRepeatableAnnotationsTests > SingleRepeatableAnnotationTests > findMergedRepeatableAnnotations_AnnotatedElementUtils() FAILED
    java.lang.NoClassDefFoundError at ClassLoader.java:-2

NestedRepeatableAnnotationsTests > SingleRepeatableAnnotationTests > streamRepeatableAnnotations_MergedAnnotationsApi() FAILED
    java.lang.NoClassDefFoundError at ClassLoader.java:-2

NestedRepeatableAnnotationsTests > SingleRepeatableAnnotationTests > getMergedRepeatableAnnotationsWithStandardRepeatables_AnnotatedElementUtils() FAILED
    java.lang.NoClassDefFoundError at ClassLoader.java:-2

NestedRepeatableAnnotationsTests > SingleRepeatableAnnotationTests > getMergedRepeatableAnnotationsWithExplicitContainer_AnnotatedElementUtils() FAILED
    java.lang.NoClassDefFoundError at ClassLoader.java:-2

NestedRepeatableAnnotationsTests > SingleRepeatableAnnotationTests > getRepeatableAnnotations_AnnotationUtils() FAILED
    java.lang.NoClassDefFoundError at ClassLoader.java:-2

OrderSourceProviderTests > arrayFactoryMethodOverridesStaticOrder() FAILED
    java.lang.NoClassDefFoundError at OrderSourceProviderTests.java:-1

OrderSourceProviderTests > listNoFactoryMethod() FAILED
    java.lang.NoClassDefFoundError at OrderSourceProviderTests.java:-1

OrderSourceProviderTests > listFactoryMethod() FAILED
    java.lang.NoClassDefFoundError at OrderSourceProviderTests.java:-1

OrderSourceProviderTests > arrayNoFactoryMethod() FAILED
    java.lang.NoClassDefFoundError at OrderSourceProviderTests.java:-1

OrderSourceProviderTests > arrayFactoryMethod() FAILED
    java.lang.NoClassDefFoundError at OrderSourceProviderTests.java:-1

OrderSourceProviderTests > listFactoryMethodOverridesStaticOrder() FAILED
    java.lang.NoClassDefFoundError at OrderSourceProviderTests.java:-1

OrderSourceProviderTests > plainComparator() FAILED
    java.lang.NoClassDefFoundError at OrderSourceProviderTests.java:-1

OrderUtilsTests > getSimpleOrder() FAILED
    java.lang.NoClassDefFoundError at OrderUtilsTests.java:-1

OrderUtilsTests > getPriorityOrder() FAILED
    java.lang.NoClassDefFoundError at OrderUtilsTests.java:-1

OrderUtilsTests > getPriorityValue() FAILED
    java.lang.NoClassDefFoundError at OrderUtilsTests.java:-1

OrderUtilsTests > getOrderWithBoth() FAILED
    java.lang.NoClassDefFoundError at OrderUtilsTests.java:-1

OrderUtilsTests > getPriorityValueNoAnnotation() FAILED
    java.lang.NoClassDefFoundError at OrderUtilsTests.java:-1

OrderUtilsTests > getDefaultOrder() FAILED
    java.lang.NoClassDefFoundError at OrderUtilsTests.java:-1

PackagesAnnotationFilterTests > matchesWhenInPackageReturnsTrue() FAILED
    java.lang.NoClassDefFoundError at PackagesAnnotationFilterTests.java:-1

PackagesAnnotationFilterTests > matchesWhenInSimilarPackageReturnsFalse() FAILED
    java.lang.NoClassDefFoundError at PackagesAnnotationFilterTests.java:-1

PackagesAnnotationFilterTests > createWhenPackagesContainsNullThrowsException() FAILED
    java.lang.NoClassDefFoundError at PackagesAnnotationFilterTests.java:-1

PackagesAnnotationFilterTests > equalsAndHashCode() FAILED
    java.lang.NoClassDefFoundError at PackagesAnnotationFilterTests.java:-1

PackagesAnnotationFilterTests > matchesWhenNotInPackageReturnsFalse() FAILED
    java.lang.NoClassDefFoundError at PackagesAnnotationFilterTests.java:-1

PackagesAnnotationFilterTests > createWhenPackagesIsNullThrowsException() FAILED
    java.lang.NoClassDefFoundError at PackagesAnnotationFilterTests.java:-1

PackagesAnnotationFilterTests > createWhenPackagesContainsEmptyTextThrowsException() FAILED
    java.lang.NoClassDefFoundError at PackagesAnnotationFilterTests.java:-1

RepeatableContainersTests > equalsAndHashcode() FAILED
    java.lang.NoClassDefFoundError at RepeatableContainersTests.java:-1

RepeatableContainersTests > noneAlwaysReturnsNull() FAILED
    java.lang.NoClassDefFoundError at RepeatableContainersTests.java:-1

RepeatableContainersTests > standardAndExplicitReturnsRepeats() FAILED
    java.lang.NoClassDefFoundError at RepeatableContainersTests.java:-1

RepeatableContainersTests > ExplicitRepeatableContainerTests > ofExplicitWhenAnnotationIsNullThrowsException() FAILED
    java.lang.NoClassDefFoundError at ClassLoader.java:-2

RepeatableContainersTests > ExplicitRepeatableContainerTests > ofExplicitWhenNonRepeatableReturnsNull() FAILED
    java.lang.NoClassDefFoundError at ClassLoader.java:-2

RepeatableContainersTests > ExplicitRepeatableContainerTests > ofExplicitWhenValueIsNotArrayThrowsException() FAILED
    java.lang.NoClassDefFoundError at ClassLoader.java:-2

RepeatableContainersTests > ExplicitRepeatableContainerTests > ofExplicitWhenContainerIsNullAndNotRepeatableThrowsException() FAILED
    java.lang.NoClassDefFoundError at ClassLoader.java:-2

RepeatableContainersTests > ExplicitRepeatableContainerTests > ofExplicitWhenStandardRepeatableContainerReturnsNull() FAILED
    java.lang.NoClassDefFoundError at ClassLoader.java:-2

RepeatableContainersTests > ExplicitRepeatableContainerTests > ofExplicitWhenContainerIsNullDeducesContainer() FAILED
    java.lang.NoClassDefFoundError at ClassLoader.java:-2

RepeatableContainersTests > ExplicitRepeatableContainerTests > ofExplicitWhenContainerReturnsRepeats() FAILED
    java.lang.NoClassDefFoundError at ClassLoader.java:-2

RepeatableContainersTests > ExplicitRepeatableContainerTests > ofExplicitWhenValueIsArrayOfWrongTypeThrowsException() FAILED
    java.lang.NoClassDefFoundError at ClassLoader.java:-2

RepeatableContainersTests > ExplicitRepeatableContainerTests > ofExplicitWhenHasNoValueThrowsException() FAILED
    java.lang.NoClassDefFoundError at ClassLoader.java:-2

RepeatableContainersTests > StandardRepeatableContainersTests > standardRepeatablesWhenNonRepeatableReturnsNull() FAILED
    java.lang.NoClassDefFoundError at ClassLoader.java:-2

RepeatableContainersTests > StandardRepeatableContainersTests > standardRepeatablesWhenContainerButNotRepeatableReturnsNull() FAILED
    java.lang.NoClassDefFoundError at ClassLoader.java:-2

RepeatableContainersTests > StandardRepeatableContainersTests > standardRepeatablesWhenContainerReturnsRepeats() FAILED
    java.lang.NoClassDefFoundError at ClassLoader.java:-2

RepeatableContainersTests > StandardRepeatableContainersTests > standardRepeatablesWhenSingleReturnsNull() FAILED
    java.lang.NoClassDefFoundError at ClassLoader.java:-2

RepeatableContainersTests > StandardRepeatableContainersTests > standardRepeatablesWithContainerWithMultipleAttributes() FAILED
    java.lang.NoClassDefFoundError at ClassLoader.java:-2

SynthesizingMethodParameterTests > equals() FAILED
    java.lang.NoClassDefFoundError at SynthesizingMethodParameterTests.java:-1

SynthesizingMethodParameterTests > hashCodeBehavior() FAILED
    java.lang.NoClassDefFoundError at SynthesizingMethodParameterTests.java:-1

SynthesizingMethodParameterTests > indexValidation() FAILED
    java.lang.NoClassDefFoundError at SynthesizingMethodParameterTests.java:-1

SynthesizingMethodParameterTests > factoryMethods() FAILED
    java.lang.NoClassDefFoundError at SynthesizingMethodParameterTests.java:-1

TypeMappedAnnotationTests > mappingExplicitAliasToMetaAnnotationReturnsMappedValues() FAILED
    java.lang.NoClassDefFoundError at TypeMappedAnnotationTests.java:-1

TypeMappedAnnotationTests > mappingWhenMirroredReturnsMirroredValues() FAILED
    java.lang.NoClassDefFoundError at TypeMappedAnnotationTests.java:-1

TypeMappedAnnotationTests > adaptFromNestedMergedAnnotation() FAILED
    java.lang.NoClassDefFoundError at TypeMappedAnnotationTests.java:-1

TypeMappedAnnotationTests > mappingConventionAliasToMetaAnnotationReturnsMappedValues() FAILED
    java.lang.NoClassDefFoundError at TypeMappedAnnotationTests.java:-1

TypeMappedAnnotationTests > adaptFromStringArrayToClassArray() FAILED
    java.lang.NoClassDefFoundError at TypeMappedAnnotationTests.java:-1

TypeMappedAnnotationTests > adaptFromEmptyArrayToAnyComponentType() FAILED
    java.lang.NoClassDefFoundError at TypeMappedAnnotationTests.java:-1

TypeMappedAnnotationTests > adaptFromStringToClass() FAILED
    java.lang.NoClassDefFoundError at TypeMappedAnnotationTests.java:-1

TypeMappedAnnotationTests > adaptFromStringToClassWithMemberSourceUsesMemberClassLoader() FAILED
    java.lang.NoClassDefFoundError at TypeMappedAnnotationTests.java:-1

TypeMappedAnnotationTests > AsMapTests > fromStringArrayToUnresolvableClass() FAILED
    java.lang.NoClassDefFoundError at ClassLoader.java:-2

TypeMappedAnnotationTests > AsMapTests > fromStringToUnresolvableClass() FAILED
    java.lang.NoClassDefFoundError at ClassLoader.java:-2

TypeMappedAnnotationTests > AsAnnotationAttributesTests > fromStringArrayToUnresolvableClass() FAILED
    java.lang.NoClassDefFoundError at ClassLoader.java:-2

TypeMappedAnnotationTests > AsAnnotationAttributesTests > fromStringToUnresolvableClass() FAILED
    java.lang.NoClassDefFoundError at ClassLoader.java:-2

ByteArrayDecoderTests > decodeToMono() FAILED
    java.lang.NoClassDefFoundError at ByteArrayDecoderTests.java:-1

ByteArrayDecoderTests > decode() FAILED
    java.lang.NoClassDefFoundError at ByteArrayDecoderTests.java:-1

ByteArrayDecoderTests > canDecode() FAILED
    java.lang.NoClassDefFoundError at ByteArrayDecoderTests.java:-1

ByteArrayEncoderTests > encode() FAILED
    java.lang.NoClassDefFoundError at ByteArrayEncoderTests.java:-1

ByteArrayEncoderTests > canEncode() FAILED
    java.lang.NoClassDefFoundError at ByteArrayEncoderTests.java:-1

ByteBufferDecoderTests > decodeToMono() FAILED
    java.lang.NoClassDefFoundError at ByteBufferDecoderTests.java:-1

ByteBufferDecoderTests > decode() FAILED
    java.lang.NoClassDefFoundError at ByteBufferDecoderTests.java:-1

ByteBufferDecoderTests > canDecode() FAILED
    java.lang.NoClassDefFoundError at ByteBufferDecoderTests.java:-1

ByteBufferEncoderTests > encode() FAILED
    java.lang.NoClassDefFoundError at ByteBufferEncoderTests.java:-1

ByteBufferEncoderTests > canEncode() FAILED
    java.lang.NoClassDefFoundError at ByteBufferEncoderTests.java:-1

CharBufferDecoderTests > decodeToMono() FAILED
    java.lang.NoClassDefFoundError at CharBufferDecoderTests.java:50

CharBufferDecoderTests > maxInMemoryLimitDoesNotApplyToParsedItemsThatDontRequireBuffering() FAILED
    java.lang.NoClassDefFoundError at Unsafe.java:-2
        Caused by: java.lang.ExceptionInInitializerError at CharBufferDecoderTests.java:50

CharBufferDecoderTests > decode() FAILED
    java.lang.NoClassDefFoundError at Unsafe.java:-2
        Caused by: java.lang.ExceptionInInitializerError at CharBufferDecoderTests.java:50

CharBufferDecoderTests > decodeNewlinesAcrossBuffers() FAILED
    java.lang.NoClassDefFoundError at Unsafe.java:-2
        Caused by: java.lang.ExceptionInInitializerError at CharBufferDecoderTests.java:50

CharBufferDecoderTests > decodeToMonoWithEmptyFlux() FAILED
    java.lang.NoClassDefFoundError at Unsafe.java:-2
        Caused by: java.lang.ExceptionInInitializerError at CharBufferDecoderTests.java:50

CharBufferDecoderTests > decodeEmptyDataBuffer() FAILED
    java.lang.NoClassDefFoundError at Unsafe.java:-2
        Caused by: java.lang.ExceptionInInitializerError at CharBufferDecoderTests.java:50

CharBufferDecoderTests > canDecode() FAILED
    java.lang.NoClassDefFoundError at Unsafe.java:-2
        Caused by: java.lang.ExceptionInInitializerError at CharBufferDecoderTests.java:50

CharBufferDecoderTests > maxInMemoryLimitReleaseUnprocessedLinesWhenUnlimited() FAILED
    java.lang.NoClassDefFoundError at Unsafe.java:-2
        Caused by: java.lang.ExceptionInInitializerError at CharBufferDecoderTests.java:50

CharBufferDecoderTests > maxInMemoryLimit() FAILED
    java.lang.NoClassDefFoundError at Unsafe.java:-2
        Caused by: java.lang.ExceptionInInitializerError at CharBufferDecoderTests.java:50

CharBufferDecoderTests > decodeNewLineIncludeDelimiters() FAILED
    java.lang.NoClassDefFoundError at Unsafe.java:-2
        Caused by: java.lang.ExceptionInInitializerError at CharBufferDecoderTests.java:50

CharBufferDecoderTests > decodeNewLine() FAILED
    java.lang.NoClassDefFoundError at Unsafe.java:-2
        Caused by: java.lang.ExceptionInInitializerError at CharBufferDecoderTests.java:50

CharBufferDecoderTests > decodeEmptyFlux() FAILED
    java.lang.NoClassDefFoundError at Unsafe.java:-2
        Caused by: java.lang.ExceptionInInitializerError at CharBufferDecoderTests.java:50

CharBufferDecoderTests > decodeMultibyteCharacterUtf16() FAILED
    java.lang.NoClassDefFoundError at Unsafe.java:-2
        Caused by: java.lang.ExceptionInInitializerError at CharBufferDecoderTests.java:50

CharSequenceEncoderTests > encode() FAILED
    java.lang.NoClassDefFoundError at CharSequenceEncoderTests.java:-1

CharSequenceEncoderTests > calculateCapacity() FAILED
    java.lang.NoClassDefFoundError at CharSequenceEncoderTests.java:-1

CharSequenceEncoderTests > canEncode() FAILED
    java.lang.NoClassDefFoundError at CharSequenceEncoderTests.java:-1

DataBufferDecoderTests > decodeToMono() FAILED
    java.lang.NoClassDefFoundError at DataBufferDecoderTests.java:-1

DataBufferDecoderTests > decode() FAILED
    java.lang.NoClassDefFoundError at DataBufferDecoderTests.java:-1

DataBufferDecoderTests > canDecode() FAILED
    java.lang.NoClassDefFoundError at DataBufferDecoderTests.java:-1

DataBufferEncoderTests > encode() FAILED
    java.lang.NoClassDefFoundError at DataBufferEncoderTests.java:-1

DataBufferEncoderTests > canEncode() FAILED
    java.lang.NoClassDefFoundError at DataBufferEncoderTests.java:-1

NettyByteBufDecoderTests > decodeToMono() FAILED
    java.lang.NoClassDefFoundError at NettyByteBufDecoderTests.java:-1

NettyByteBufDecoderTests > decode() FAILED
    java.lang.NoClassDefFoundError at NettyByteBufDecoderTests.java:-1

NettyByteBufDecoderTests > canDecode() FAILED
    java.lang.NoClassDefFoundError at NettyByteBufDecoderTests.java:-1

NettyByteBufEncoderTests > encode() FAILED
    java.lang.NoClassDefFoundError at NettyByteBufEncoderTests.java:-1

NettyByteBufEncoderTests > canEncode() FAILED
    java.lang.NoClassDefFoundError at NettyByteBufEncoderTests.java:-1

ResourceDecoderTests > decodeToMono() FAILED
    java.lang.NoClassDefFoundError at ResourceDecoderTests.java:-1

ResourceDecoderTests > decode() FAILED
    java.lang.NoClassDefFoundError at ResourceDecoderTests.java:-1

ResourceDecoderTests > decodeInputStreamResource() FAILED
    java.lang.NoClassDefFoundError at ResourceDecoderTests.java:-1

ResourceDecoderTests > canDecode() FAILED
    java.lang.NoClassDefFoundError at ResourceDecoderTests.java:-1

ResourceEncoderTests > encode() FAILED
    java.lang.NoClassDefFoundError at ResourceEncoderTests.java:-1

ResourceEncoderTests > canEncode() FAILED
    java.lang.NoClassDefFoundError at ResourceEncoderTests.java:-1

ResourceRegionEncoderTests > shouldEncodeMultipleResourceRegionsFileResource() FAILED
    java.lang.NoClassDefFoundError at ResourceRegionEncoderTests.java:-1

ResourceRegionEncoderTests > cancelWithoutDemandForSingleResourceRegion() FAILED
    java.lang.NoClassDefFoundError at ResourceRegionEncoderTests.java:-1

ResourceRegionEncoderTests > canEncode() FAILED
    java.lang.NoClassDefFoundError at ResourceRegionEncoderTests.java:-1

ResourceRegionEncoderTests > shouldEncodeResourceRegionFileResource() FAILED
    java.lang.NoClassDefFoundError at ResourceRegionEncoderTests.java:-1

ResourceRegionEncoderTests > cancelWithoutDemandForMultipleResourceRegions() FAILED
    java.lang.NoClassDefFoundError at ResourceRegionEncoderTests.java:-1

ResourceRegionEncoderTests > nonExisting() FAILED
    java.lang.NoClassDefFoundError at ResourceRegionEncoderTests.java:-1

StringDecoderTests > decodeToMono() FAILED
    java.lang.NoClassDefFoundError at StringDecoderTests.java:51

StringDecoderTests > maxInMemoryLimitDoesNotApplyToParsedItemsThatDontRequireBuffering() FAILED
    java.lang.NoClassDefFoundError at Unsafe.java:-2
        Caused by: java.lang.ExceptionInInitializerError at StringDecoderTests.java:51

StringDecoderTests > decode() FAILED
    java.lang.NoClassDefFoundError at Unsafe.java:-2
        Caused by: java.lang.ExceptionInInitializerError at StringDecoderTests.java:51

StringDecoderTests > decodeNewlinesAcrossBuffers() FAILED
    java.lang.NoClassDefFoundError at Unsafe.java:-2
        Caused by: java.lang.ExceptionInInitializerError at StringDecoderTests.java:51

StringDecoderTests > decodeToMonoWithEmptyFlux() FAILED
    java.lang.NoClassDefFoundError at Unsafe.java:-2
        Caused by: java.lang.ExceptionInInitializerError at StringDecoderTests.java:51

StringDecoderTests > decodeEmptyDataBuffer() FAILED
    java.lang.NoClassDefFoundError at Unsafe.java:-2
        Caused by: java.lang.ExceptionInInitializerError at StringDecoderTests.java:51

StringDecoderTests > canDecode() FAILED
    java.lang.NoClassDefFoundError at Unsafe.java:-2
        Caused by: java.lang.ExceptionInInitializerError at StringDecoderTests.java:51

StringDecoderTests > maxInMemoryLimitReleaseUnprocessedLinesWhenUnlimited() FAILED
    java.lang.NoClassDefFoundError at Unsafe.java:-2
        Caused by: java.lang.ExceptionInInitializerError at StringDecoderTests.java:51

StringDecoderTests > maxInMemoryLimit() FAILED
    java.lang.NoClassDefFoundError at Unsafe.java:-2
        Caused by: java.lang.ExceptionInInitializerError at StringDecoderTests.java:51

StringDecoderTests > decodeAndCancelWithPendingChunks() FAILED
    java.lang.NoClassDefFoundError at Unsafe.java:-2
        Caused by: java.lang.ExceptionInInitializerError at StringDecoderTests.java:51

StringDecoderTests > decodeNewLineIncludeDelimiters() FAILED
    java.lang.NoClassDefFoundError at Unsafe.java:-2
        Caused by: java.lang.ExceptionInInitializerError at StringDecoderTests.java:51

StringDecoderTests > decodePreservesCharacterBeforeLoneNewlineAfterCarriageReturn() FAILED
    java.lang.NoClassDefFoundError at Unsafe.java:-2
        Caused by: java.lang.ExceptionInInitializerError at StringDecoderTests.java:51

StringDecoderTests > decodePreservesCharacterAcrossBuffersAfterCarriageReturn() FAILED
    java.lang.NoClassDefFoundError at Unsafe.java:-2
        Caused by: java.lang.ExceptionInInitializerError at StringDecoderTests.java:51

StringDecoderTests > decodeNewLine() FAILED
    java.lang.NoClassDefFoundError at Unsafe.java:-2
        Caused by: java.lang.ExceptionInInitializerError at StringDecoderTests.java:51

StringDecoderTests > decodeEmptyFlux() FAILED
    java.lang.NoClassDefFoundError at Unsafe.java:-2
        Caused by: java.lang.ExceptionInInitializerError at StringDecoderTests.java:51

StringDecoderTests > decodeMultibyteCharacterUtf16() FAILED
    java.lang.NoClassDefFoundError at Unsafe.java:-2
        Caused by: java.lang.ExceptionInInitializerError at StringDecoderTests.java:51

PropertyTests > resolveNameForRecordAccessorNamedIs() FAILED
    java.lang.NoClassDefFoundError at PropertyTests.java:-1

PropertyTests > resolveNameForRecordAccessorEmbeddingGetPrefix() FAILED
    java.lang.NoClassDefFoundError at PropertyTests.java:-1

PropertyTests > resolveNameForDataClassAccessorEmbeddingGetPrefix() FAILED
    java.lang.NoClassDefFoundError at PropertyTests.java:-1

PropertyTests > resolveNameForRecordAccessorNamedGetWidget() FAILED
    java.lang.NoClassDefFoundError at PropertyTests.java:-1

PropertyTests > resolveNameForStaticGetterWithInstanceFieldOfSameName() FAILED
    java.lang.NoClassDefFoundError at PropertyTests.java:-1

PropertyTests > resolveNameForDataClassAccessorStartingWithIsPrefix() FAILED
    java.lang.NoClassDefFoundError at PropertyTests.java:-1

PropertyTests > resolveNameForGetterWithStaticFieldOfSameName() FAILED
    java.lang.NoClassDefFoundError at PropertyTests.java:-1

PropertyTests > rejectNonSetterWriteMethod() FAILED
    java.lang.NoClassDefFoundError at PropertyTests.java:-1

PropertyTests > resolveNameForBooleanGetter() FAILED
    java.lang.NoClassDefFoundError at PropertyTests.java:-1

PropertyTests > resolveNameForRecordAccessorStartingWithIsPrefix() FAILED
    java.lang.NoClassDefFoundError at PropertyTests.java:-1

PropertyTests > resolveNameForBooleanGetterBackedByFieldOfSameName() FAILED
    java.lang.NoClassDefFoundError at PropertyTests.java:-1

PropertyTests > resolveNameForRecordAccessorNamedGet() FAILED
    java.lang.NoClassDefFoundError at PropertyTests.java:-1

PropertyTests > resolveNameForPlainRecordAccessor() FAILED
    java.lang.NoClassDefFoundError at PropertyTests.java:-1

PropertyTests > resolveNameForPlainDataClassAccessor() FAILED
    java.lang.NoClassDefFoundError at PropertyTests.java:-1

PropertyTests > resolveNameForGetterDeclaredOnDataClass() FAILED
    java.lang.NoClassDefFoundError at PropertyTests.java:-1

PropertyTests > resolveNameForGetterDeclaredOnRecord() FAILED
    java.lang.NoClassDefFoundError at PropertyTests.java:-1

PropertyTests > rejectWriteMethodEmbeddingSetInName() FAILED
    java.lang.NoClassDefFoundError at PropertyTests.java:-1

PropertyTests > resolveNameForGetterEmbeddingGetInName() FAILED
    java.lang.NoClassDefFoundError at PropertyTests.java:-1

PropertyTests > resolveNameForSetter() FAILED
    java.lang.NoClassDefFoundError at PropertyTests.java:-1

PropertyTests > resolveNameForStandardGetter() FAILED
    java.lang.NoClassDefFoundError at PropertyTests.java:-1

PropertyTests > rejectWriteMethodEndingWithSetToken() FAILED
    java.lang.NoClassDefFoundError at PropertyTests.java:-1

TypeDescriptorTests > getAnnotationOnMethodThatIsMetaAnnotated() FAILED
    java.lang.NoClassDefFoundError at TypeDescriptorTests.java:-1

TypeDescriptorTests > valueOfScalar() FAILED
    java.lang.NoClassDefFoundError at TypeDescriptorTests.java:-1

TypeDescriptorTests > collectionNested() FAILED
    java.lang.NoClassDefFoundError at TypeDescriptorTests.java:-1

TypeDescriptorTests > propertyGenericType() FAILED
    java.lang.NoClassDefFoundError at TypeDescriptorTests.java:-1

TypeDescriptorTests > parameterListNoParamTypes() FAILED
    java.lang.NoClassDefFoundError at TypeDescriptorTests.java:-1

TypeDescriptorTests > createCollectionWithNullElement() FAILED
    java.lang.NoClassDefFoundError at TypeDescriptorTests.java:-1

TypeDescriptorTests > collection() FAILED
    java.lang.NoClassDefFoundError at TypeDescriptorTests.java:-1

TypeDescriptorTests > parameterMap() FAILED
    java.lang.NoClassDefFoundError at TypeDescriptorTests.java:-1

TypeDescriptorTests > valueOfCollection() FAILED
    java.lang.NoClassDefFoundError at TypeDescriptorTests.java:-1

TypeDescriptorTests > recursiveType() FAILED
    java.lang.NoClassDefFoundError at TypeDescriptorTests.java:-1

TypeDescriptorTests > valueOfPrimitive() FAILED
    java.lang.NoClassDefFoundError at TypeDescriptorTests.java:-1

TypeDescriptorTests > equalityWithGenerics() FAILED
    java.lang.NoClassDefFoundError at TypeDescriptorTests.java:-1

TypeDescriptorTests > isAssignableMapKeyValueTypes() FAILED
    java.lang.NoClassDefFoundError at TypeDescriptorTests.java:-1

TypeDescriptorTests > nestedMethodParameterNot1NestedLevel() FAILED
    java.lang.NoClassDefFoundError at TypeDescriptorTests.java:-1

TypeDescriptorTests > narrow() FAILED
    java.lang.NoClassDefFoundError at TypeDescriptorTests.java:-1

TypeDescriptorTests > property() FAILED
    java.lang.NoClassDefFoundError at TypeDescriptorTests.java:-1

TypeDescriptorTests > fieldMap() FAILED
    java.lang.NoClassDefFoundError at TypeDescriptorTests.java:-1

TypeDescriptorTests > valueOfArray() FAILED
    java.lang.NoClassDefFoundError at TypeDescriptorTests.java:-1

TypeDescriptorTests > upcast() FAILED
    java.lang.NoClassDefFoundError at TypeDescriptorTests.java:-1

TypeDescriptorTests > createStringArray() FAILED
    java.lang.NoClassDefFoundError at TypeDescriptorTests.java:-1

TypeDescriptorTests > elementTypeForMapSubclass() FAILED
    java.lang.NoClassDefFoundError at TypeDescriptorTests.java:-1

TypeDescriptorTests > isAssignableTypes() FAILED
    java.lang.NoClassDefFoundError at TypeDescriptorTests.java:-1

TypeDescriptorTests > isAssignableElementTypes() FAILED
    java.lang.NoClassDefFoundError at TypeDescriptorTests.java:-1

TypeDescriptorTests > mapKeyType() FAILED
    java.lang.NoClassDefFoundError at TypeDescriptorTests.java:-1

TypeDescriptorTests > mapValueType() FAILED
    java.lang.NoClassDefFoundError at TypeDescriptorTests.java:-1

TypeDescriptorTests > fieldAnnotated() FAILED
    java.lang.NoClassDefFoundError at TypeDescriptorTests.java:-1

TypeDescriptorTests > passDownGeneric() FAILED
    java.lang.NoClassDefFoundError at TypeDescriptorTests.java:-1

TypeDescriptorTests > propertyGenericClassList() FAILED
    java.lang.NoClassDefFoundError at TypeDescriptorTests.java:-1

TypeDescriptorTests > createNullArray() FAILED
    java.lang.NoClassDefFoundError at TypeDescriptorTests.java:-1

TypeDescriptorTests > parameterList() FAILED
    java.lang.NoClassDefFoundError at TypeDescriptorTests.java:-1

TypeDescriptorTests > fieldComplexTypeDescriptor() FAILED
    java.lang.NoClassDefFoundError at TypeDescriptorTests.java:-1

TypeDescriptorTests > propertyTypeCovariance() FAILED
    java.lang.NoClassDefFoundError at TypeDescriptorTests.java:-1

TypeDescriptorTests > elementTypeForCollectionSubclass() FAILED
    java.lang.NoClassDefFoundError at TypeDescriptorTests.java:-1

TypeDescriptorTests > fieldListOfListUnknown() FAILED
    java.lang.NoClassDefFoundError at TypeDescriptorTests.java:-1

TypeDescriptorTests > getAnnotationOnMethodThatIsLocallyAnnotated() FAILED
    java.lang.NoClassDefFoundError at TypeDescriptorTests.java:-1

TypeDescriptorTests > mapValueTypePreserveContext() FAILED
    java.lang.NoClassDefFoundError at TypeDescriptorTests.java:-1

TypeDescriptorTests > fieldListOfListOfString() FAILED
    java.lang.NoClassDefFoundError at TypeDescriptorTests.java:-1

TypeDescriptorTests > map() FAILED
    java.lang.NoClassDefFoundError at TypeDescriptorTests.java:-1

TypeDescriptorTests > nestedTooManyLevels() FAILED
    java.lang.NoClassDefFoundError at TypeDescriptorTests.java:-1

TypeDescriptorTests > nestedMethodParameterTypeMap() FAILED
    java.lang.NoClassDefFoundError at TypeDescriptorTests.java:-1

TypeDescriptorTests > multiValueMap() FAILED
    java.lang.NoClassDefFoundError at TypeDescriptorTests.java:-1

TypeDescriptorTests > fieldScalar() FAILED
    java.lang.NoClassDefFoundError at TypeDescriptorTests.java:-1

TypeDescriptorTests > createMapWithNullElements() FAILED
    java.lang.NoClassDefFoundError at TypeDescriptorTests.java:-1

TypeDescriptorTests > propertyComplex() FAILED
    java.lang.NoClassDefFoundError at TypeDescriptorTests.java:-1

TypeDescriptorTests > parameterScalar() FAILED
    java.lang.NoClassDefFoundError at TypeDescriptorTests.java:-1

TypeDescriptorTests > getAnnotationOnMethodThatIsMetaMetaAnnotated() FAILED
    java.lang.NoClassDefFoundError at TypeDescriptorTests.java:-1

TypeDescriptorTests > parameterAnnotated() FAILED
    java.lang.NoClassDefFoundError at TypeDescriptorTests.java:-1

TypeDescriptorTests > fieldArray() FAILED
    java.lang.NoClassDefFoundError at TypeDescriptorTests.java:-1

TypeDescriptorTests > equality() FAILED
    java.lang.NoClassDefFoundError at TypeDescriptorTests.java:-1

TypeDescriptorTests > elementType() FAILED
    java.lang.NoClassDefFoundError at TypeDescriptorTests.java:-1

TypeDescriptorTests > mapNested() FAILED
    java.lang.NoClassDefFoundError at TypeDescriptorTests.java:-1

TypeDescriptorTests > getSource() FAILED
    java.lang.NoClassDefFoundError at TypeDescriptorTests.java:-1

TypeDescriptorTests > forObjectNullTypeDescriptor() FAILED
    java.lang.NoClassDefFoundError at TypeDescriptorTests.java:-1

TypeDescriptorTests > nestedFieldTypeMapTwoLevels() FAILED
    java.lang.NoClassDefFoundError at TypeDescriptorTests.java:-1

TypeDescriptorTests > serializable() FAILED
    java.lang.NoClassDefFoundError at TypeDescriptorTests.java:-1

TypeDescriptorTests > nestedNotParameterized() FAILED
    java.lang.NoClassDefFoundError at TypeDescriptorTests.java:-1

TypeDescriptorTests > forObject() FAILED
    java.lang.NoClassDefFoundError at TypeDescriptorTests.java:-1

TypeDescriptorTests > createMapArray() FAILED
    java.lang.NoClassDefFoundError at TypeDescriptorTests.java:-1

TypeDescriptorTests > parameterArray() FAILED
    java.lang.NoClassDefFoundError at TypeDescriptorTests.java:-1

TypeDescriptorTests > propertyGenericTypeList() FAILED
    java.lang.NoClassDefFoundError at TypeDescriptorTests.java:-1

TypeDescriptorTests > recursiveTypeWithInterface() FAILED
    java.lang.NoClassDefFoundError at TypeDescriptorTests.java:-1

TypeDescriptorTests > nestedMethodParameterType2Levels() FAILED
    java.lang.NoClassDefFoundError at TypeDescriptorTests.java:-1

TypeDescriptorTests > fieldList() FAILED
    java.lang.NoClassDefFoundError at TypeDescriptorTests.java:-1

TypeDescriptorTests > upCastNotSuper() FAILED
    java.lang.NoClassDefFoundError at TypeDescriptorTests.java:-1

TypeDescriptorTests > nestedMethodParameterTypeNotNestable() FAILED
    java.lang.NoClassDefFoundError at TypeDescriptorTests.java:-1

TypeDescriptorTests > elementTypePreserveContext() FAILED
    java.lang.NoClassDefFoundError at TypeDescriptorTests.java:-1

TypeDescriptorTests > nestedPropertyTypeMapTwoLevels() FAILED
    java.lang.NoClassDefFoundError at TypeDescriptorTests.java:-1

TypeDescriptorTests > nestedMethodParameterTypeMapTwoLevels() FAILED
    java.lang.NoClassDefFoundError at TypeDescriptorTests.java:-1

TypeDescriptorTests > parameterPrimitive() FAILED
    java.lang.NoClassDefFoundError at TypeDescriptorTests.java:-1

TypeDescriptorTests > getAnnotationsReturnsClonedArray() FAILED
    java.lang.NoClassDefFoundError at TypeDescriptorTests.java:-1

TypeDescriptorTests > fieldComplexTypeDescriptor2() FAILED
    java.lang.NoClassDefFoundError at TypeDescriptorTests.java:-1

TypeDescriptorTests > nestedMethodParameterTypeInvalidNestingLevel() FAILED
    java.lang.NoClassDefFoundError at TypeDescriptorTests.java:-1

TypeDescriptorTests > mapKeyTypePreserveContext() FAILED
    java.lang.NoClassDefFoundError at TypeDescriptorTests.java:-1

ConverterTests > andThenCanConvertFromDifferentSourceType() FAILED
    java.lang.NoClassDefFoundError at ConverterTests.java:-1

ConverterTests > andThenWhenGivenConverterThenComposesInOrder() FAILED
    java.lang.NoClassDefFoundError at ConverterTests.java:-1

ConverterTests > andThenWhenGivenANullConverterThenThrowsException() FAILED
    java.lang.NoClassDefFoundError at ConverterTests.java:-1

ConverterTests > andThenCanConvertToDifferentTargetType() FAILED
    java.lang.NoClassDefFoundError at ConverterTests.java:-1

ConvertingComparatorTests > shouldThrowOnNullConverter() FAILED
    java.lang.NoClassDefFoundError at ConvertingComparatorTests.java:-1

ConvertingComparatorTests > shouldThrowOnNullType() FAILED
    java.lang.NoClassDefFoundError at ConvertingComparatorTests.java:-1

ConvertingComparatorTests > shouldGetMapEntryValues() FAILED
    java.lang.NoClassDefFoundError at ConvertingComparatorTests.java:-1

ConvertingComparatorTests > shouldThrowOnNullComparator() FAILED
    java.lang.NoClassDefFoundError at ConvertingComparatorTests.java:-1

ConvertingComparatorTests > shouldGetForConverter() FAILED
    java.lang.NoClassDefFoundError at ConvertingComparatorTests.java:-1

ConvertingComparatorTests > shouldUseConversionServiceOnCompare() FAILED
    java.lang.NoClassDefFoundError at ConvertingComparatorTests.java:-1

ConvertingComparatorTests > shouldGetMapEntryKeys() FAILED
    java.lang.NoClassDefFoundError at ConvertingComparatorTests.java:-1

ConvertingComparatorTests > shouldThrowOnNullConversionService() FAILED
    java.lang.NoClassDefFoundError at ConvertingComparatorTests.java:-1

ConvertingComparatorTests > shouldUseConverterOnCompare() FAILED
    java.lang.NoClassDefFoundError at ConvertingComparatorTests.java:-1

DefaultConversionServiceTests > convertPropertiesToString() FAILED
    java.lang.NoClassDefFoundError at DefaultConversionServiceTests.java:-1

DefaultConversionServiceTests > convertStringToProperties() FAILED
    java.lang.NoClassDefFoundError at DefaultConversionServiceTests.java:-1

DefaultConversionServiceTests > convertObjectToStringUsingToString() FAILED
    java.lang.NoClassDefFoundError at DefaultConversionServiceTests.java:-1

DefaultConversionServiceTests > stringToLocaleWithLanguageTag() FAILED
    java.lang.NoClassDefFoundError at DefaultConversionServiceTests.java:-1

DefaultConversionServiceTests > spr7766() FAILED
    java.lang.NoClassDefFoundError at DefaultConversionServiceTests.java:-1

DefaultConversionServiceTests > convertObjectToCollection() FAILED
    java.lang.NoClassDefFoundError at DefaultConversionServiceTests.java:-1

DefaultConversionServiceTests > stringToDataSize() FAILED
    java.lang.NoClassDefFoundError at DefaultConversionServiceTests.java:-1

DefaultConversionServiceTests > convertIntArrayToIntegerArray() FAILED
    java.lang.NoClassDefFoundError at DefaultConversionServiceTests.java:-1

DefaultConversionServiceTests > convertEmptyStringToCollection() FAILED
    java.lang.NoClassDefFoundError at DefaultConversionServiceTests.java:-1

DefaultConversionServiceTests > convertSqlTimestampToInstant() FAILED
    java.lang.NoClassDefFoundError at DefaultConversionServiceTests.java:-1

DefaultConversionServiceTests > bigDecimalToString() FAILED
    java.lang.NoClassDefFoundError at DefaultConversionServiceTests.java:-1

DefaultConversionServiceTests > convertObjectToStringWithJavaTimeOfMethodPresent() FAILED
    java.lang.NoClassDefFoundError at DefaultConversionServiceTests.java:-1

DefaultConversionServiceTests > convertArrayToObjectAssignableTargetType() FAILED
    java.lang.NoClassDefFoundError at DefaultConversionServiceTests.java:-1

DefaultConversionServiceTests > convertIntegerArrayToIntArray() FAILED
    java.lang.NoClassDefFoundError at DefaultConversionServiceTests.java:-1

DefaultConversionServiceTests > stringToBigDecimal() FAILED
    java.lang.NoClassDefFoundError at DefaultConversionServiceTests.java:-1

DefaultConversionServiceTests > collection() FAILED
    java.lang.NoClassDefFoundError at DefaultConversionServiceTests.java:-1

DefaultConversionServiceTests > stringToCharset() FAILED
    java.lang.NoClassDefFoundError at DefaultConversionServiceTests.java:-1

DefaultConversionServiceTests > convertEmptyArrayToString() FAILED
    java.lang.NoClassDefFoundError at DefaultConversionServiceTests.java:-1

DefaultConversionServiceTests > booleanToString() FAILED
    java.lang.NoClassDefFoundError at DefaultConversionServiceTests.java:-1

DefaultConversionServiceTests > numberToCharacter() FAILED
    java.lang.NoClassDefFoundError at DefaultConversionServiceTests.java:-1

DefaultConversionServiceTests > convertCannotOptimizeArray() FAILED
    java.lang.NoClassDefFoundError at DefaultConversionServiceTests.java:-1

DefaultConversionServiceTests > stringToLocaleWithCountry() FAILED
    java.lang.NoClassDefFoundError at DefaultConversionServiceTests.java:-1

DefaultConversionServiceTests > stringToPatternEmptyString() FAILED
    java.lang.NoClassDefFoundError at DefaultConversionServiceTests.java:-1

DefaultConversionServiceTests > convertCollectionToObjectWithElementConversion() FAILED
    java.lang.NoClassDefFoundError at DefaultConversionServiceTests.java:-1

DefaultConversionServiceTests > convertArrayToAbstractCollection() FAILED
    java.lang.NoClassDefFoundError at DefaultConversionServiceTests.java:-1

DefaultConversionServiceTests > numberToDataSize() FAILED
    java.lang.NoClassDefFoundError at DefaultConversionServiceTests.java:-1

DefaultConversionServiceTests > convertStringToArray() FAILED
    java.lang.NoClassDefFoundError at DefaultConversionServiceTests.java:-1

DefaultConversionServiceTests > convertListOfListToString() FAILED
    java.lang.NoClassDefFoundError at DefaultConversionServiceTests.java:-1

DefaultConversionServiceTests > convertIntArrayToPrimitiveFloatArray() FAILED
    java.lang.NoClassDefFoundError at DefaultConversionServiceTests.java:-1

DefaultConversionServiceTests > stringToBigInteger() FAILED
    java.lang.NoClassDefFoundError at DefaultConversionServiceTests.java:-1

DefaultConversionServiceTests > stringToNumberEmptyString() FAILED
    java.lang.NoClassDefFoundError at DefaultConversionServiceTests.java:-1

DefaultConversionServiceTests > convertPrimitiveByteArrayToByteWrapperArray() FAILED
    java.lang.NoClassDefFoundError at DefaultConversionServiceTests.java:-1

DefaultConversionServiceTests > convertArrayToCollectionInterface() FAILED
    java.lang.NoClassDefFoundError at DefaultConversionServiceTests.java:-1

DefaultConversionServiceTests > stringToFloat() FAILED
    java.lang.NoClassDefFoundError at DefaultConversionServiceTests.java:-1

DefaultConversionServiceTests > stringToShort() FAILED
    java.lang.NoClassDefFoundError at DefaultConversionServiceTests.java:-1

DefaultConversionServiceTests > integerToEnum() FAILED
    java.lang.NoClassDefFoundError at DefaultConversionServiceTests.java:-1

DefaultConversionServiceTests > convertObjectToStringWithValueOfMethodPresentUsingToString() FAILED
    java.lang.NoClassDefFoundError at DefaultConversionServiceTests.java:-1

DefaultConversionServiceTests > bigIntegerToString() FAILED
    java.lang.NoClassDefFoundError at DefaultConversionServiceTests.java:-1

DefaultConversionServiceTests > convertArrayToObjectWithElementConversion() FAILED
    java.lang.NoClassDefFoundError at DefaultConversionServiceTests.java:-1

DefaultConversionServiceTests > convertObjectToObjectUsingObjectConstructor() FAILED
    java.lang.NoClassDefFoundError at DefaultConversionServiceTests.java:-1

DefaultConversionServiceTests > convertArrayToSetInterface() FAILED
    java.lang.NoClassDefFoundError at DefaultConversionServiceTests.java:-1

DefaultConversionServiceTests > stringToDataSizeWithEmptyString() FAILED
    java.lang.NoClassDefFoundError at DefaultConversionServiceTests.java:-1

DefaultConversionServiceTests > numberToDataSizeConversionRejectsNumberWithFractionalPart() FAILED
    java.lang.NoClassDefFoundError at DefaultConversionServiceTests.java:-1

DefaultConversionServiceTests > convertObjectToArray() FAILED
    java.lang.NoClassDefFoundError at DefaultConversionServiceTests.java:-1

DefaultConversionServiceTests > stringToEnumEmptyString() FAILED
    java.lang.NoClassDefFoundError at DefaultConversionServiceTests.java:-1

DefaultConversionServiceTests > convertIntArrayToFloatArray() FAILED
    java.lang.NoClassDefFoundError at DefaultConversionServiceTests.java:-1

DefaultConversionServiceTests > convertStringToTimezone() FAILED
    java.lang.NoClassDefFoundError at DefaultConversionServiceTests.java:-1

DefaultConversionServiceTests > convertObjectToObjectFinderMethodWithNull() FAILED
    java.lang.NoClassDefFoundError at DefaultConversionServiceTests.java:-1

DefaultConversionServiceTests > stringToInteger() FAILED
    java.lang.NoClassDefFoundError at DefaultConversionServiceTests.java:-1

DefaultConversionServiceTests > convertObjectToStringNotSupported() FAILED
    java.lang.NoClassDefFoundError at DefaultConversionServiceTests.java:-1

DefaultConversionServiceTests > convertCollectionToCollectionSpecialCaseSourceImpl() FAILED
    java.lang.NoClassDefFoundError at DefaultConversionServiceTests.java:-1

DefaultConversionServiceTests > convertCollectionToCollectionNull() FAILED
    java.lang.NoClassDefFoundError at DefaultConversionServiceTests.java:-1

DefaultConversionServiceTests > convertCollectionToArrayWithElementConversion() FAILED
    java.lang.NoClassDefFoundError at DefaultConversionServiceTests.java:-1

DefaultConversionServiceTests > integerToString() FAILED
    java.lang.NoClassDefFoundError at DefaultConversionServiceTests.java:-1

DefaultConversionServiceTests > stringToBooleanTrue() FAILED
    java.lang.NoClassDefFoundError at DefaultConversionServiceTests.java:-1

DefaultConversionServiceTests > convertObjectToObjectFinderMethodWithIdConversion() FAILED
    java.lang.NoClassDefFoundError at DefaultConversionServiceTests.java:-1

DefaultConversionServiceTests > convertStringToPropertiesWithLeadingSpaces() FAILED
    java.lang.NoClassDefFoundError at DefaultConversionServiceTests.java:-1

DefaultConversionServiceTests > convertObjectToArrayWithElementConversion() FAILED
    java.lang.NoClassDefFoundError at DefaultConversionServiceTests.java:-1

DefaultConversionServiceTests > convertListOfNonStringifiable() FAILED
    java.lang.NoClassDefFoundError at DefaultConversionServiceTests.java:-1

DefaultConversionServiceTests > convertObjectToObjectWithJavaTimeOfMethod() FAILED
    java.lang.NoClassDefFoundError at DefaultConversionServiceTests.java:-1

DefaultConversionServiceTests > stringToEnumWithSubclass() FAILED
    java.lang.NoClassDefFoundError at DefaultConversionServiceTests.java:-1

DefaultConversionServiceTests > convertStringToCustomCharArray() FAILED
    java.lang.NoClassDefFoundError at DefaultConversionServiceTests.java:-1

DefaultConversionServiceTests > convertIntArrayToIntArray() FAILED
    java.lang.NoClassDefFoundError at DefaultConversionServiceTests.java:-1

DefaultConversionServiceTests > map() FAILED
    java.lang.NoClassDefFoundError at DefaultConversionServiceTests.java:-1

DefaultConversionServiceTests > enumToInteger() FAILED
    java.lang.NoClassDefFoundError at DefaultConversionServiceTests.java:-1

DefaultConversionServiceTests > convertEmptyStringToArray() FAILED
    java.lang.NoClassDefFoundError at DefaultConversionServiceTests.java:-1

DefaultConversionServiceTests > convertInstantToDate() FAILED
    java.lang.NoClassDefFoundError at DefaultConversionServiceTests.java:-1

DefaultConversionServiceTests > stringToByte() FAILED
    java.lang.NoClassDefFoundError at DefaultConversionServiceTests.java:-1

DefaultConversionServiceTests > stringToEnum() FAILED
    java.lang.NoClassDefFoundError at DefaultConversionServiceTests.java:-1

DefaultConversionServiceTests > stringToLong() FAILED
    java.lang.NoClassDefFoundError at DefaultConversionServiceTests.java:-1

DefaultConversionServiceTests > longToString() FAILED
    java.lang.NoClassDefFoundError at DefaultConversionServiceTests.java:-1

DefaultConversionServiceTests > integerToEnumWithSubclass() FAILED
    java.lang.NoClassDefFoundError at DefaultConversionServiceTests.java:-1

DefaultConversionServiceTests > stringToEnumSet() FAILED
    java.lang.NoClassDefFoundError at DefaultConversionServiceTests.java:-1

DefaultConversionServiceTests > convertStringToCollectionWithElementConversion() FAILED
    java.lang.NoClassDefFoundError at DefaultConversionServiceTests.java:-1

DefaultConversionServiceTests > stringToBooleanInvalidString() FAILED
    java.lang.NoClassDefFoundError at DefaultConversionServiceTests.java:-1

DefaultConversionServiceTests > convertCollectionToStringWithElementConversion() FAILED
    java.lang.NoClassDefFoundError at DefaultConversionServiceTests.java:-1

DefaultConversionServiceTests > byteToString() FAILED
    java.lang.NoClassDefFoundError at DefaultConversionServiceTests.java:-1

DefaultConversionServiceTests > stringToCharacterInvalidString() FAILED
    java.lang.NoClassDefFoundError at DefaultConversionServiceTests.java:-1

DefaultConversionServiceTests > integerToEnumNull() FAILED
    java.lang.NoClassDefFoundError at DefaultConversionServiceTests.java:-1

DefaultConversionServiceTests > uuidToStringAndStringToUuid() FAILED
    java.lang.NoClassDefFoundError at DefaultConversionServiceTests.java:-1

DefaultConversionServiceTests > convertIntArrayToStringArray() FAILED
    java.lang.NoClassDefFoundError at DefaultConversionServiceTests.java:-1

DefaultConversionServiceTests > stringToDouble() FAILED
    java.lang.NoClassDefFoundError at DefaultConversionServiceTests.java:-1

DefaultConversionServiceTests > convertCollectionToArray() FAILED
    java.lang.NoClassDefFoundError at DefaultConversionServiceTests.java:-1

DefaultConversionServiceTests > convertSqlDateToInstant() FAILED
    java.lang.NoClassDefFoundError at DefaultConversionServiceTests.java:-1

DefaultConversionServiceTests > convertObjectToObjectFinderMethod() FAILED
    java.lang.NoClassDefFoundError at DefaultConversionServiceTests.java:-1

DefaultConversionServiceTests > convertPrimitiveByteArrayToPrimitiveByteArray() FAILED
    java.lang.NoClassDefFoundError at DefaultConversionServiceTests.java:-1

DefaultConversionServiceTests > convertCollectionToObject() FAILED
    java.lang.NoClassDefFoundError at DefaultConversionServiceTests.java:-1

DefaultConversionServiceTests > floatToString() FAILED
    java.lang.NoClassDefFoundError at DefaultConversionServiceTests.java:-1

DefaultConversionServiceTests > convertCharArrayToString() FAILED
    java.lang.NoClassDefFoundError at DefaultConversionServiceTests.java:-1

DefaultConversionServiceTests > convertObjectToObjectUsingValueOfMethod() FAILED
    java.lang.NoClassDefFoundError at DefaultConversionServiceTests.java:-1

DefaultConversionServiceTests > convertInstantToSqlTimestamp() FAILED
    java.lang.NoClassDefFoundError at DefaultConversionServiceTests.java:-1

DefaultConversionServiceTests > convertIntArrayToObjectArray() FAILED
    java.lang.NoClassDefFoundError at DefaultConversionServiceTests.java:-1

DefaultConversionServiceTests > stringToLocale() FAILED
    java.lang.NoClassDefFoundError at DefaultConversionServiceTests.java:-1

DefaultConversionServiceTests > convertObjectToObjectNoValueOfMethodOrConstructor() FAILED
    java.lang.NoClassDefFoundError at DefaultConversionServiceTests.java:-1

DefaultConversionServiceTests > convertCollectionToString() FAILED
    java.lang.NoClassDefFoundError at DefaultConversionServiceTests.java:-1

DefaultConversionServiceTests > convertListOfStringToString() FAILED
    java.lang.NoClassDefFoundError at DefaultConversionServiceTests.java:-1

DefaultConversionServiceTests > stringToNumber() FAILED
    java.lang.NoClassDefFoundError at DefaultConversionServiceTests.java:-1

DefaultConversionServiceTests > convertCollectionToObjectAssignableTarget() FAILED
    java.lang.NoClassDefFoundError at DefaultConversionServiceTests.java:-1

DefaultConversionServiceTests > stringToPattern() FAILED
    java.lang.NoClassDefFoundError at DefaultConversionServiceTests.java:-1

DefaultConversionServiceTests > convertSqlTimeToInstant() FAILED
    java.lang.NoClassDefFoundError at DefaultConversionServiceTests.java:-1

DefaultConversionServiceTests > stringToDataSizeWithInvalidString() FAILED
    java.lang.NoClassDefFoundError at DefaultConversionServiceTests.java:-1

DefaultConversionServiceTests > characterToNumber() FAILED
    java.lang.NoClassDefFoundError at DefaultConversionServiceTests.java:-1

DefaultConversionServiceTests > convertArrayToObject() FAILED
    java.lang.NoClassDefFoundError at DefaultConversionServiceTests.java:-1

DefaultConversionServiceTests > convertArrayToStringWithElementConversion() FAILED
    java.lang.NoClassDefFoundError at DefaultConversionServiceTests.java:-1

DefaultConversionServiceTests > stringToBooleanEmptyString() FAILED
    java.lang.NoClassDefFoundError at DefaultConversionServiceTests.java:-1

DefaultConversionServiceTests > convertStringArrayToIntegerArray() FAILED
    java.lang.NoClassDefFoundError at DefaultConversionServiceTests.java:-1

DefaultConversionServiceTests > currencyToString() FAILED
    java.lang.NoClassDefFoundError at DefaultConversionServiceTests.java:-1

DefaultConversionServiceTests > convertArrayToCollectionGenericTypeConversion() FAILED
    java.lang.NoClassDefFoundError at DefaultConversionServiceTests.java:-1

DefaultConversionServiceTests > stringToString() FAILED
    java.lang.NoClassDefFoundError at DefaultConversionServiceTests.java:-1

DefaultConversionServiceTests > stringToCurrency() FAILED
    java.lang.NoClassDefFoundError at DefaultConversionServiceTests.java:-1

DefaultConversionServiceTests > stringToCharacterEmptyString() FAILED
    java.lang.NoClassDefFoundError at DefaultConversionServiceTests.java:-1

DefaultConversionServiceTests > stringToBooleanFalse() FAILED
    java.lang.NoClassDefFoundError at DefaultConversionServiceTests.java:-1

DefaultConversionServiceTests > multidimensionalArrayToListConversionShouldConvertEntriesCorrectly() FAILED
    java.lang.NoClassDefFoundError at DefaultConversionServiceTests.java:-1

DefaultConversionServiceTests > convertObjectArrayToIntegerArray() FAILED
    java.lang.NoClassDefFoundError at DefaultConversionServiceTests.java:-1

DefaultConversionServiceTests > numberToNumberNotSupportedNumber() FAILED
    java.lang.NoClassDefFoundError at DefaultConversionServiceTests.java:-1

DefaultConversionServiceTests > convertStringToArrayWithElementConversion() FAILED
    java.lang.NoClassDefFoundError at DefaultConversionServiceTests.java:-1

DefaultConversionServiceTests > convertStringArrayToIntArray() FAILED
    java.lang.NoClassDefFoundError at DefaultConversionServiceTests.java:-1

DefaultConversionServiceTests > characterToString() FAILED
    java.lang.NoClassDefFoundError at DefaultConversionServiceTests.java:-1

DefaultConversionServiceTests > convertArrayToStream() FAILED
    java.lang.NoClassDefFoundError at DefaultConversionServiceTests.java:-1

DefaultConversionServiceTests > convertArrayToString() FAILED
    java.lang.NoClassDefFoundError at DefaultConversionServiceTests.java:-1

DefaultConversionServiceTests > convertObjectArrayToIntArray() FAILED
    java.lang.NoClassDefFoundError at DefaultConversionServiceTests.java:-1

DefaultConversionServiceTests > stringToCharacter() FAILED
    java.lang.NoClassDefFoundError at DefaultConversionServiceTests.java:-1

DefaultConversionServiceTests > patternToString() FAILED
    java.lang.NoClassDefFoundError at DefaultConversionServiceTests.java:-1

DefaultConversionServiceTests > numberToNumber() FAILED
    java.lang.NoClassDefFoundError at DefaultConversionServiceTests.java:-1

DefaultConversionServiceTests > doubleToString() FAILED
    java.lang.NoClassDefFoundError at DefaultConversionServiceTests.java:-1

DefaultConversionServiceTests > convertCollectionToCollectionNotGeneric() FAILED
    java.lang.NoClassDefFoundError at DefaultConversionServiceTests.java:-1

DefaultConversionServiceTests > convertStringToCollection() FAILED
    java.lang.NoClassDefFoundError at DefaultConversionServiceTests.java:-1

DefaultConversionServiceTests > convertStringToPrimitiveArrayWithElementConversion() FAILED
    java.lang.NoClassDefFoundError at DefaultConversionServiceTests.java:-1

DefaultConversionServiceTests > convertObjectToCollectionWithElementConversion() FAILED
    java.lang.NoClassDefFoundError at DefaultConversionServiceTests.java:-1

DefaultConversionServiceTests > charsetToString() FAILED
    java.lang.NoClassDefFoundError at DefaultConversionServiceTests.java:-1

DefaultConversionServiceTests > enumToString() FAILED
    java.lang.NoClassDefFoundError at DefaultConversionServiceTests.java:-1

DefaultConversionServiceTests > convertCollectionToCollection() FAILED
    java.lang.NoClassDefFoundError at DefaultConversionServiceTests.java:-1

DefaultConversionServiceTests > shortToString() FAILED
    java.lang.NoClassDefFoundError at DefaultConversionServiceTests.java:-1

DefaultConversionServiceTests > convertDateToInstant() FAILED
    java.lang.NoClassDefFoundError at DefaultConversionServiceTests.java:-1

DefaultConversionServiceTests > convertHashMapValuesToList() FAILED
    java.lang.NoClassDefFoundError at DefaultConversionServiceTests.java:-1

DefaultConversionServiceTests > convertArrayToListInterface() FAILED
    java.lang.NoClassDefFoundError at DefaultConversionServiceTests.java:-1

DefaultConversionServiceTests > convertCollectionToObjectWithCustomConverter() FAILED
    java.lang.NoClassDefFoundError at DefaultConversionServiceTests.java:-1

DefaultConversionServiceTests > convertStringToCharArray() FAILED
    java.lang.NoClassDefFoundError at DefaultConversionServiceTests.java:-1

DefaultConversionServiceTests > convertMapToMap() FAILED
    java.lang.NoClassDefFoundError at DefaultConversionServiceTests.java:-1

DefaultConversionServiceTests > convertArrayToCollectionImpl() FAILED
    java.lang.NoClassDefFoundError at DefaultConversionServiceTests.java:-1

DefaultConversionServiceTests > convertIntegerArrayToIntegerArray() FAILED
    java.lang.NoClassDefFoundError at DefaultConversionServiceTests.java:-1

DefaultConversionServiceTests > OptionalConversionTests > convertOptionalToObjectViaTypeDescriptorForMethodParameter() FAILED
    java.lang.NoClassDefFoundError at ClassLoader.java:-2

DefaultConversionServiceTests > OptionalConversionTests > convertOptionalToOptionalWithConversionOfContainedObject() FAILED
    java.lang.NoClassDefFoundError at ClassLoader.java:-2

DefaultConversionServiceTests > OptionalConversionTests > convertNullToOptional() FAILED
    java.lang.NoClassDefFoundError at ClassLoader.java:-2

DefaultConversionServiceTests > OptionalConversionTests > canConvertOptionalWithBoundedWildcardReflectsUpperBound() FAILED
    java.lang.NoClassDefFoundError at ClassLoader.java:-2

DefaultConversionServiceTests > OptionalConversionTests > convertEmptyOptionalToNull() FAILED
    java.lang.NoClassDefFoundError at ClassLoader.java:-2

DefaultConversionServiceTests > OptionalConversionTests > canConvertOptionalWithUnboundedWildcardRemainsPermissive() FAILED
    java.lang.NoClassDefFoundError at ClassLoader.java:-2

DefaultConversionServiceTests > OptionalConversionTests > convertNullOptionalToNull() FAILED
    java.lang.NoClassDefFoundError at ClassLoader.java:-2

DefaultConversionServiceTests > OptionalConversionTests > convertObjectToOptional() FAILED
    java.lang.NoClassDefFoundError at ClassLoader.java:-2

DefaultConversionServiceTests > OptionalConversionTests > canConvertRawOptionalRemainsPermissive() FAILED
    java.lang.NoClassDefFoundError at ClassLoader.java:-2

DefaultConversionServiceTests > OptionalConversionTests > convertOptionalToObjectWithConversionOfContainedObject() FAILED
    java.lang.NoClassDefFoundError at ClassLoader.java:-2

DefaultConversionServiceTests > OptionalConversionTests > canConvertOptionalWithUnresolvedTypeVariableRemainsPermissive() FAILED
    java.lang.NoClassDefFoundError at ClassLoader.java:-2

DefaultConversionServiceTests > OptionalConversionTests > canConvertOptionalToObjectReflectsContainedElementType() FAILED
    java.lang.NoClassDefFoundError at ClassLoader.java:-2

DefaultConversionServiceTests > OptionalConversionTests > convertOptionalToOptionalWithoutConversionOfContainedObject() FAILED
    java.lang.NoClassDefFoundError at ClassLoader.java:-2

DefaultConversionServiceTests > OptionalConversionTests > convertNestedOptionalsToObject() FAILED
    java.lang.NoClassDefFoundError at ClassLoader.java:-2

DefaultConversionServiceTests > OptionalConversionTests > convertEmptyOptionalToOptional() FAILED
    java.lang.NoClassDefFoundError at ClassLoader.java:-2

DefaultConversionServiceTests > OptionalConversionTests > convertOptionalToObjectWithoutConversionOfContainedObject() FAILED
    java.lang.NoClassDefFoundError at ClassLoader.java:-2

ByteBufferConverterTests > byteBufferToByteBuffer() FAILED
    java.lang.NoClassDefFoundError at ByteBufferConverterTests.java:-1

ByteBufferConverterTests > byteArrayToByteBuffer() FAILED
    java.lang.NoClassDefFoundError at ByteBufferConverterTests.java:-1

ByteBufferConverterTests > byteBufferToByteArray() FAILED
    java.lang.NoClassDefFoundError at ByteBufferConverterTests.java:-1

ByteBufferConverterTests > byteBufferToOtherType() FAILED
    java.lang.NoClassDefFoundError at ByteBufferConverterTests.java:-1

ByteBufferConverterTests > otherTypeToByteBuffer() FAILED
    java.lang.NoClassDefFoundError at ByteBufferConverterTests.java:-1

CollectionToCollectionConverterTests > objectToCollection() FAILED
    java.lang.NoClassDefFoundError at CollectionToCollectionConverterTests.java:-1

CollectionToCollectionConverterTests > collectionToObjectInteraction() FAILED
    java.lang.NoClassDefFoundError at CollectionToCollectionConverterTests.java:-1

CollectionToCollectionConverterTests > listToCollectionNoCopyRequired() FAILED
    java.lang.NoClassDefFoundError at CollectionToCollectionConverterTests.java:-1

CollectionToCollectionConverterTests > mixedInNulls() FAILED
    java.lang.NoClassDefFoundError at CollectionToCollectionConverterTests.java:-1

CollectionToCollectionConverterTests > collectionsEmptyList() FAILED
    java.lang.NoClassDefFoundError at CollectionToCollectionConverterTests.java:-1

CollectionToCollectionConverterTests > elementTypesNotConvertible() FAILED
    java.lang.NoClassDefFoundError at CollectionToCollectionConverterTests.java:-1

CollectionToCollectionConverterTests > emptyListToListDifferentTargetType() FAILED
    java.lang.NoClassDefFoundError at CollectionToCollectionConverterTests.java:-1

CollectionToCollectionConverterTests > convertEmptyVector_shouldReturnEmptyArrayList() FAILED
    java.lang.NoClassDefFoundError at CollectionToCollectionConverterTests.java:-1

CollectionToCollectionConverterTests > stringToEnumSet() FAILED
    java.lang.NoClassDefFoundError at CollectionToCollectionConverterTests.java:-1

CollectionToCollectionConverterTests > convertNonEmptyVector_shouldReturnNonEmptyArrayList() FAILED
    java.lang.NoClassDefFoundError at CollectionToCollectionConverterTests.java:-1

CollectionToCollectionConverterTests > nothingInCommon() FAILED
    java.lang.NoClassDefFoundError at CollectionToCollectionConverterTests.java:-1

CollectionToCollectionConverterTests > stringToCollection() FAILED
    java.lang.NoClassDefFoundError at CollectionToCollectionConverterTests.java:-1

CollectionToCollectionConverterTests > differentImpls() FAILED
    java.lang.NoClassDefFoundError at CollectionToCollectionConverterTests.java:-1

CollectionToCollectionConverterTests > emptyListToList() FAILED
    java.lang.NoClassDefFoundError at CollectionToCollectionConverterTests.java:-1

CollectionToCollectionConverterTests > allNulls() FAILED
    java.lang.NoClassDefFoundError at CollectionToCollectionConverterTests.java:-1

CollectionToCollectionConverterTests > scalarList() FAILED
    java.lang.NoClassDefFoundError at CollectionToCollectionConverterTests.java:-1

CollectionToCollectionConverterTests > arrayCollectionToObjectInteraction() FAILED
    java.lang.NoClassDefFoundError at CollectionToCollectionConverterTests.java:-1

GenericConversionServiceTests > sourceTypeIsVoid() FAILED
    java.lang.NoClassDefFoundError at GenericConversionServiceTests.java:-1

GenericConversionServiceTests > addConverterNoSourceTargetClassInfoAvailable() FAILED
    java.lang.NoClassDefFoundError at GenericConversionServiceTests.java:-1

GenericConversionServiceTests > convertWrongSourceTypeDescriptor() FAILED
    java.lang.NoClassDefFoundError at GenericConversionServiceTests.java:-1

GenericConversionServiceTests > mapToObjectConversion() FAILED
    java.lang.NoClassDefFoundError at GenericConversionServiceTests.java:-1

GenericConversionServiceTests > convertNullSource() FAILED
    java.lang.NoClassDefFoundError at GenericConversionServiceTests.java:-1

GenericConversionServiceTests > multipleCollectionTypesFromSameSourceType() FAILED
    java.lang.NoClassDefFoundError at GenericConversionServiceTests.java:-1

GenericConversionServiceTests > stringToEnumWithBaseInterfaceConversion() FAILED
    java.lang.NoClassDefFoundError at GenericConversionServiceTests.java:-1

GenericConversionServiceTests > listToObjectConversion() FAILED
    java.lang.NoClassDefFoundError at GenericConversionServiceTests.java:-1

GenericConversionServiceTests > shouldNotSupportNullConvertibleTypesFromNonConditionalGenericConverter() FAILED
    java.lang.NoClassDefFoundError at GenericConversionServiceTests.java:-1

GenericConversionServiceTests > wildcardMap() FAILED
    java.lang.NoClassDefFoundError at GenericConversionServiceTests.java:-1

GenericConversionServiceTests > convertiblePairsInSet() FAILED
    java.lang.NoClassDefFoundError at GenericConversionServiceTests.java:-1

GenericConversionServiceTests > stringToListOfMapConverterWithFallbackMatch() FAILED
    java.lang.NoClassDefFoundError at GenericConversionServiceTests.java:-1

GenericConversionServiceTests > rawCollectionAsSource() FAILED
    java.lang.NoClassDefFoundError at GenericConversionServiceTests.java:-1

GenericConversionServiceTests > subclassOfEnumToString() FAILED
    java.lang.NoClassDefFoundError at GenericConversionServiceTests.java:-1

GenericConversionServiceTests > convertNull() FAILED
    java.lang.NoClassDefFoundError at GenericConversionServiceTests.java:-1

GenericConversionServiceTests > enumWithInterfaceToStringConversion() FAILED
    java.lang.NoClassDefFoundError at GenericConversionServiceTests.java:-1

GenericConversionServiceTests > convertSuperSourceType() FAILED
    java.lang.NoClassDefFoundError at GenericConversionServiceTests.java:-1

GenericConversionServiceTests > adaptedCollectionTypesFromSameSourceType() FAILED
    java.lang.NoClassDefFoundError at GenericConversionServiceTests.java:-1

GenericConversionServiceTests > convertiblePairDifferentEqualsAndHash() FAILED
    java.lang.NoClassDefFoundError at GenericConversionServiceTests.java:-1

GenericConversionServiceTests > convertNullSourcePrimitiveTargetTypeDescriptor() FAILED
    java.lang.NoClassDefFoundError at GenericConversionServiceTests.java:-1

GenericConversionServiceTests > enumToStringConversion() FAILED
    java.lang.NoClassDefFoundError at GenericConversionServiceTests.java:-1

GenericConversionServiceTests > canConvertFromClassSourceTypeToNullTargetType() FAILED
    java.lang.NoClassDefFoundError at GenericConversionServiceTests.java:-1

GenericConversionServiceTests > objectArrayToStringArray() FAILED
    java.lang.NoClassDefFoundError at GenericConversionServiceTests.java:-1

GenericConversionServiceTests > convertObjectToPrimitiveViaConverterFactory() FAILED
    java.lang.NoClassDefFoundError at GenericConversionServiceTests.java:-1

GenericConversionServiceTests > convertNullSourcePrimitiveTarget() FAILED
    java.lang.NoClassDefFoundError at GenericConversionServiceTests.java:-1

GenericConversionServiceTests > stringToEnumWithInterfaceConversion() FAILED
    java.lang.NoClassDefFoundError at GenericConversionServiceTests.java:-1

GenericConversionServiceTests > stringToArrayCanConvert() FAILED
    java.lang.NoClassDefFoundError at GenericConversionServiceTests.java:-1

GenericConversionServiceTests > canConvert() FAILED
    java.lang.NoClassDefFoundError at GenericConversionServiceTests.java:-1

GenericConversionServiceTests > convertToNullTargetClass() FAILED
    java.lang.NoClassDefFoundError at GenericConversionServiceTests.java:-1

GenericConversionServiceTests > conditionalConversionForAllTypes() FAILED
    java.lang.NoClassDefFoundError at GenericConversionServiceTests.java:-1

GenericConversionServiceTests > canConvertFromTypeDescriptorSourceTypeToNullTargetType() FAILED
    java.lang.NoClassDefFoundError at GenericConversionServiceTests.java:-1

GenericConversionServiceTests > emptyListToArray() FAILED
    java.lang.NoClassDefFoundError at GenericConversionServiceTests.java:-1

GenericConversionServiceTests > conditionalConverterFactory() FAILED
    java.lang.NoClassDefFoundError at GenericConversionServiceTests.java:-1

GenericConversionServiceTests > convertOptimizeArray() FAILED
    java.lang.NoClassDefFoundError at GenericConversionServiceTests.java:-1

GenericConversionServiceTests > genericConverterDelegatingBackToConversionServiceConverterNotFound() FAILED
    java.lang.NoClassDefFoundError at GenericConversionServiceTests.java:-1

GenericConversionServiceTests > convertAssignableSource() FAILED
    java.lang.NoClassDefFoundError at GenericConversionServiceTests.java:-1

GenericConversionServiceTests > convertWrongTypeArgument() FAILED
    java.lang.NoClassDefFoundError at GenericConversionServiceTests.java:-1

GenericConversionServiceTests > convertSuperTarget() FAILED
    java.lang.NoClassDefFoundError at GenericConversionServiceTests.java:-1

GenericConversionServiceTests > canConvertIllegalArgumentNullTargetTypeFromClass() FAILED
    java.lang.NoClassDefFoundError at GenericConversionServiceTests.java:-1

GenericConversionServiceTests > convertToNullTargetTypeDescriptor() FAILED
    java.lang.NoClassDefFoundError at GenericConversionServiceTests.java:-1

GenericConversionServiceTests > convertiblePairEqualsAndHash() FAILED
    java.lang.NoClassDefFoundError at GenericConversionServiceTests.java:-1

GenericConversionServiceTests > interfaceToString() FAILED
    java.lang.NoClassDefFoundError at GenericConversionServiceTests.java:-1

GenericConversionServiceTests > emptyListToObject() FAILED
    java.lang.NoClassDefFoundError at GenericConversionServiceTests.java:-1

GenericConversionServiceTests > canConvertNullSourceType() FAILED
    java.lang.NoClassDefFoundError at GenericConversionServiceTests.java:-1

GenericConversionServiceTests > conditionalConverter() FAILED
    java.lang.NoClassDefFoundError at GenericConversionServiceTests.java:-1

GenericConversionServiceTests > stringArrayToResourceArray() FAILED
    java.lang.NoClassDefFoundError at GenericConversionServiceTests.java:-1

GenericConversionServiceTests > conditionalConverterCachingForDifferentAnnotationAttributes() FAILED
    java.lang.NoClassDefFoundError at GenericConversionServiceTests.java:-1

GenericConversionServiceTests > removeConvertible() FAILED
    java.lang.NoClassDefFoundError at GenericConversionServiceTests.java:-1

GenericConversionServiceTests > convert() FAILED
    java.lang.NoClassDefFoundError at GenericConversionServiceTests.java:-1

GenericConversionServiceTests > stringToObject() FAILED
    java.lang.NoClassDefFoundError at GenericConversionServiceTests.java:-1

GenericConversionServiceTests > stringToString() FAILED
    java.lang.NoClassDefFoundError at GenericConversionServiceTests.java:-1

GenericConversionServiceTests > stringToIntegerArray() FAILED
    java.lang.NoClassDefFoundError at GenericConversionServiceTests.java:-1

GenericConversionServiceTests > stringToCollectionCanConvert() FAILED
    java.lang.NoClassDefFoundError at GenericConversionServiceTests.java:-1

GenericConversionServiceTests > canConvertAssignable() FAILED
    java.lang.NoClassDefFoundError at GenericConversionServiceTests.java:-1

GenericConversionServiceTests > ignoreCopyConstructor() FAILED
    java.lang.NoClassDefFoundError at GenericConversionServiceTests.java:-1

GenericConversionServiceTests > stringArrayToIntegerArray() FAILED
    java.lang.NoClassDefFoundError at GenericConversionServiceTests.java:-1

GenericConversionServiceTests > convertNullAnnotatedStringToString() FAILED
    java.lang.NoClassDefFoundError at GenericConversionServiceTests.java:-1

GenericConversionServiceTests > targetTypeIsVoid() FAILED
    java.lang.NoClassDefFoundError at GenericConversionServiceTests.java:-1

GenericConversionServiceTests > convertObjectToPrimitive() FAILED
    java.lang.NoClassDefFoundError at GenericConversionServiceTests.java:-1

GenericConversionServiceTests > stringListToListOfSubclassOfUnboundGenericClass() FAILED
    java.lang.NoClassDefFoundError at GenericConversionServiceTests.java:-1

GenericConversionServiceTests > genericCollectionAsSource() FAILED
    java.lang.NoClassDefFoundError at GenericConversionServiceTests.java:-1

GenericConversionServiceTests > canConvertIllegalArgumentNullTargetTypeFromTypeDescriptor() FAILED
    java.lang.NoClassDefFoundError at GenericConversionServiceTests.java:-1

GenericConversionServiceTests > interfaceArrayToStringArray() FAILED
    java.lang.NoClassDefFoundError at GenericConversionServiceTests.java:-1

GenericConversionServiceTests > convertNotNullSourceNullSourceTypeDescriptor() FAILED
    java.lang.NoClassDefFoundError at GenericConversionServiceTests.java:-1

GenericConversionServiceTests > listToIterableConversion() FAILED
    java.lang.NoClassDefFoundError at GenericConversionServiceTests.java:-1

GenericConversionServiceTests > converterNotFound() FAILED
    java.lang.NoClassDefFoundError at GenericConversionServiceTests.java:-1

MapToMapConverterTests > scalarMapNotGenericTarget() FAILED
    java.lang.NoClassDefFoundError at MapToMapConverterTests.java:-1

MapToMapConverterTests > scalarMap() FAILED
    java.lang.NoClassDefFoundError at MapToMapConverterTests.java:-1

MapToMapConverterTests > collectionMapNotGenericTargetCollectionToObjectInteraction() FAILED
    java.lang.NoClassDefFoundError at MapToMapConverterTests.java:-1

MapToMapConverterTests > noDefaultConstructorCopyNotRequired() FAILED
    java.lang.NoClassDefFoundError at MapToMapConverterTests.java:-1

MapToMapConverterTests > collectionMapNotGenericTarget() FAILED
    java.lang.NoClassDefFoundError at MapToMapConverterTests.java:-1

MapToMapConverterTests > mapToMultiValueMap() FAILED
    java.lang.NoClassDefFoundError at MapToMapConverterTests.java:-1

MapToMapConverterTests > collectionMap() FAILED
    java.lang.NoClassDefFoundError at MapToMapConverterTests.java:-1

MapToMapConverterTests > scalarMapNotGenericSourceField() FAILED
    java.lang.NoClassDefFoundError at MapToMapConverterTests.java:-1

MapToMapConverterTests > collectionMapSourceTarget() FAILED
    java.lang.NoClassDefFoundError at MapToMapConverterTests.java:-1

MapToMapConverterTests > emptyMapNoTargetGenericInfo() FAILED
    java.lang.NoClassDefFoundError at MapToMapConverterTests.java:-1

MapToMapConverterTests > multiValueMapToMultiValueMap() FAILED
    java.lang.NoClassDefFoundError at MapToMapConverterTests.java:-1

MapToMapConverterTests > stringToEnumMap() FAILED
    java.lang.NoClassDefFoundError at MapToMapConverterTests.java:-1

MapToMapConverterTests > emptyMap() FAILED
    java.lang.NoClassDefFoundError at MapToMapConverterTests.java:-1

MapToMapConverterTests > emptyMapDifferentTargetImplType() FAILED
    java.lang.NoClassDefFoundError at MapToMapConverterTests.java:-1

ObjectToObjectConverterTests > staticValueOfFactoryMethodWithDifferentReturnType() FAILED
    java.lang.NoClassDefFoundError at ObjectToObjectConverterTests.java:-1

ObjectToObjectConverterTests > nonStaticToTargetTypeSimpleNameMethodWithDifferentReturnType() FAILED
    java.lang.NoClassDefFoundError at ObjectToObjectConverterTests.java:-1

ObjectToObjectConverterTests > nonStaticToTargetTypeSimpleNameMethodWithMatchingReturnType() FAILED
    java.lang.NoClassDefFoundError at ObjectToObjectConverterTests.java:-1

StreamConverterTests > shouldFailToConvertIfNoStream() FAILED
    java.lang.NoClassDefFoundError at StreamConverterTests.java:-1

StreamConverterTests > convertFromListToRawStream() FAILED
    java.lang.NoClassDefFoundError at StreamConverterTests.java:-1

StreamConverterTests > doesNotMatchIfNoStream() FAILED
    java.lang.NoClassDefFoundError at StreamConverterTests.java:-1

StreamConverterTests > convertFromStreamToArray() FAILED
    java.lang.NoClassDefFoundError at StreamConverterTests.java:-1

StreamConverterTests > convertFromStreamToList() FAILED
    java.lang.NoClassDefFoundError at StreamConverterTests.java:-1

StreamConverterTests > convertFromStreamToArrayNoConverter() FAILED
    java.lang.NoClassDefFoundError at StreamConverterTests.java:-1

StreamConverterTests > convertFromStreamToRawList() FAILED
    java.lang.NoClassDefFoundError at StreamConverterTests.java:-1

StreamConverterTests > convertFromArrayToStream() FAILED
    java.lang.NoClassDefFoundError at StreamConverterTests.java:-1

StreamConverterTests > convertFromListToStream() FAILED
    java.lang.NoClassDefFoundError at StreamConverterTests.java:-1

AbstractPropertyResolverTests > getDefaultEscapeCharacterFromMultipleThreads() FAILED
    java.lang.NoClassDefFoundError at AbstractPropertyResolverTests.java:-1

AbstractPropertyResolverTests > getDefaultEscapeCharacterWithSpringPropertySetToCharacterMinValue() FAILED
    java.lang.NoClassDefFoundError at AbstractPropertyResolverTests.java:-1

AbstractPropertyResolverTests > getDefaultEscapeCharacterWithoutSpringPropertySet() FAILED
    java.lang.NoClassDefFoundError at AbstractPropertyResolverTests.java:-1

AbstractPropertyResolverTests > getDefaultEscapeCharacterWithSpringPropertySetToBackslash() FAILED
    java.lang.NoClassDefFoundError at AbstractPropertyResolverTests.java:-1

AbstractPropertyResolverTests > getDefaultEscapeCharacterWithSpringPropertySetToEmptyString() FAILED
    java.lang.NoClassDefFoundError at AbstractPropertyResolverTests.java:-1

AbstractPropertyResolverTests > getDefaultEscapeCharacterWithSpringPropertySetToTilde() FAILED
    java.lang.NoClassDefFoundError at AbstractPropertyResolverTests.java:-1

AbstractPropertyResolverTests > getDefaultEscapeCharacterWithSpringPropertySetToXyz() FAILED
    java.lang.NoClassDefFoundError at AbstractPropertyResolverTests.java:-1

AbstractPropertyResolverTests > executionError FAILED
    java.lang.NoClassDefFoundError at AbstractPropertyResolverTests.java:-1

CompositePropertySourceTests > getPropertyNamesRemovesDuplicates() FAILED
    java.lang.NoClassDefFoundError at CompositePropertySourceTests.java:-1

CompositePropertySourceTests > addFirst() FAILED
    java.lang.NoClassDefFoundError at CompositePropertySourceTests.java:-1

CustomEnvironmentTests > withSingleCustomReservedDefaultProfile() FAILED
    java.lang.NoClassDefFoundError at CustomEnvironmentTests.java:-1

CustomEnvironmentTests > withCustomPropertyResolver() FAILED
    java.lang.NoClassDefFoundError at CustomEnvironmentTests.java:-1

CustomEnvironmentTests > withNoProfileProperties() FAILED
    java.lang.NoClassDefFoundError at CustomEnvironmentTests.java:-1

CustomEnvironmentTests > withNoReservedDefaultProfile() FAILED
    java.lang.NoClassDefFoundError at CustomEnvironmentTests.java:-1

CustomEnvironmentTests > control() FAILED
    java.lang.NoClassDefFoundError at CustomEnvironmentTests.java:-1

CustomEnvironmentTests > withCustomMutablePropertySources() FAILED
    java.lang.NoClassDefFoundError at CustomEnvironmentTests.java:-1

CustomEnvironmentTests > withMultiCustomReservedDefaultProfile() FAILED
    java.lang.NoClassDefFoundError at CustomEnvironmentTests.java:-1

JOptCommandLinePropertySourceTests > withRequiredArg_andMultipleArgsPresent_usingRepeatedOption() FAILED
    java.lang.NoClassDefFoundError at JOptCommandLinePropertySourceTests.java:-1

JOptCommandLinePropertySourceTests > withOptionalArg_andArgIsEmpty() FAILED
    java.lang.NoClassDefFoundError at JOptCommandLinePropertySourceTests.java:-1

JOptCommandLinePropertySourceTests > withRequiredArg_andArgIsPresent() FAILED
    java.lang.NoClassDefFoundError at JOptCommandLinePropertySourceTests.java:-1

JOptCommandLinePropertySourceTests > withRequiredArg_andMultipleArgsPresent_usingDelimiter() FAILED
    java.lang.NoClassDefFoundError at JOptCommandLinePropertySourceTests.java:-1

JOptCommandLinePropertySourceTests > withCustomNonOptionArgsNameAndNoNonOptionArgsPresent() FAILED
    java.lang.NoClassDefFoundError at JOptCommandLinePropertySourceTests.java:-1

JOptCommandLinePropertySourceTests > withOptionalArg_andArgIsMissing() FAILED
    java.lang.NoClassDefFoundError at JOptCommandLinePropertySourceTests.java:-1

JOptCommandLinePropertySourceTests > withRequiredArg_ofTypeEnum() FAILED
    java.lang.NoClassDefFoundError at JOptCommandLinePropertySourceTests.java:-1

JOptCommandLinePropertySourceTests > withDefaultNonOptionArgsNameAndNoNonOptionArgsPresent() FAILED
    java.lang.NoClassDefFoundError at JOptCommandLinePropertySourceTests.java:-1

JOptCommandLinePropertySourceTests > withDottedOptionName() FAILED
    java.lang.NoClassDefFoundError at JOptCommandLinePropertySourceTests.java:-1

JOptCommandLinePropertySourceTests > withNoArg() FAILED
    java.lang.NoClassDefFoundError at JOptCommandLinePropertySourceTests.java:-1

JOptCommandLinePropertySourceTests > withMissingOption() FAILED
    java.lang.NoClassDefFoundError at JOptCommandLinePropertySourceTests.java:-1

JOptCommandLinePropertySourceTests > withDefaultNonOptionArgsNameAndNonOptionArgsPresent() FAILED
    java.lang.NoClassDefFoundError at JOptCommandLinePropertySourceTests.java:-1

MutablePropertySourcesTests > streamIsEmptyForEmptySources() FAILED
    java.lang.NoClassDefFoundError at MutablePropertySourcesTests.java:-1

MutablePropertySourcesTests > streamContainsPropertySource() FAILED
    java.lang.NoClassDefFoundError at MutablePropertySourcesTests.java:-1

MutablePropertySourcesTests > iteratorIsEmptyForEmptySources() FAILED
    java.lang.NoClassDefFoundError at MutablePropertySourcesTests.java:-1

MutablePropertySourcesTests > getNonExistentPropertySourceReturnsNull() FAILED
    java.lang.NoClassDefFoundError at MutablePropertySourcesTests.java:-1

MutablePropertySourcesTests > test() FAILED
    java.lang.NoClassDefFoundError at MutablePropertySourcesTests.java:-1

MutablePropertySourcesTests > iteratorContainsPropertySource() FAILED
    java.lang.NoClassDefFoundError at MutablePropertySourcesTests.java:-1

ProfilesTests > ofMultipleElements() FAILED
    java.lang.NoClassDefFoundError at ProfilesTests.java:-1

ProfilesTests > ofAndExpressionWithInvertedSingleElementInBracketsWithoutSpaces() FAILED
    java.lang.NoClassDefFoundError at ProfilesTests.java:-1

ProfilesTests > ofMultipleElementsWithInverted() FAILED
    java.lang.NoClassDefFoundError at ProfilesTests.java:-1

ProfilesTests > equalsAndHashCodeAreNotBasedOnLogicalStructureOfNodesWithinExpressionTree() FAILED
    java.lang.NoClassDefFoundError at ProfilesTests.java:-1

ProfilesTests > ofEmptyElement() FAILED
    java.lang.NoClassDefFoundError at ProfilesTests.java:-1

ProfilesTests > ofOrExpression() FAILED
    java.lang.NoClassDefFoundError at ProfilesTests.java:-1

ProfilesTests > ofAndExpressionWithInvertedSingleElementInBrackets() FAILED
    java.lang.NoClassDefFoundError at ProfilesTests.java:-1

ProfilesTests > ofMultipleElementsAllInverted() FAILED
    java.lang.NoClassDefFoundError at ProfilesTests.java:-1

ProfilesTests > sensibleHashCode() FAILED
    java.lang.NoClassDefFoundError at ProfilesTests.java:-1

ProfilesTests > ofOrExpressionWithoutSpaces() FAILED
    java.lang.NoClassDefFoundError at ProfilesTests.java:-1

ProfilesTests > ofAndExpressionWithoutParentheses() FAILED
    java.lang.NoClassDefFoundError at ProfilesTests.java:-1

ProfilesTests > toStringGeneratesValidCompositeProfileExpression() FAILED
    java.lang.NoClassDefFoundError at ProfilesTests.java:-1

ProfilesTests > ofNullElement() FAILED
    java.lang.NoClassDefFoundError at ProfilesTests.java:-1

ProfilesTests > sensibleEquals() FAILED
    java.lang.NoClassDefFoundError at ProfilesTests.java:-1

ProfilesTests > ofNotOrExpression() FAILED
    java.lang.NoClassDefFoundError at ProfilesTests.java:-1

ProfilesTests > ofComplexExpression() FAILED
    java.lang.NoClassDefFoundError at ProfilesTests.java:-1

ProfilesTests > ofNotOrExpressionWithoutSpaces() FAILED
    java.lang.NoClassDefFoundError at ProfilesTests.java:-1

ProfilesTests > malformedExpressionsWithUnbalancedParentheses() FAILED
    java.lang.NoClassDefFoundError at ProfilesTests.java:-1

ProfilesTests > ofAndExpression() FAILED
    java.lang.NoClassDefFoundError at ProfilesTests.java:-1

ProfilesTests > ofSingleInvertedElement() FAILED
    java.lang.NoClassDefFoundError at ProfilesTests.java:-1

ProfilesTests > ofAndExpressionWithoutSpaces() FAILED
    java.lang.NoClassDefFoundError at ProfilesTests.java:-1

ProfilesTests > malformedExpressions() FAILED
    java.lang.NoClassDefFoundError at ProfilesTests.java:-1

ProfilesTests > ofAndExpressionWithInvertedSingleElement() FAILED
    java.lang.NoClassDefFoundError at ProfilesTests.java:-1

ProfilesTests > ofNotAndExpressionWithoutSpaces() FAILED
    java.lang.NoClassDefFoundError at ProfilesTests.java:-1

ProfilesTests > ofSingleElement() FAILED
    java.lang.NoClassDefFoundError at ProfilesTests.java:-1

ProfilesTests > sensibleToString() FAILED
    java.lang.NoClassDefFoundError at ProfilesTests.java:-1

ProfilesTests > ofComplexExpressionWithoutSpaces() FAILED
    java.lang.NoClassDefFoundError at ProfilesTests.java:-1

ProfilesTests > ofOrExpressionWithInvertedSingleElementWithoutSpaces() FAILED
    java.lang.NoClassDefFoundError at ProfilesTests.java:-1

ProfilesTests > ofWhenNullThrowsException() FAILED
    java.lang.NoClassDefFoundError at ProfilesTests.java:-1

ProfilesTests > ofComplexExpressionEnclosedInParentheses() FAILED
    java.lang.NoClassDefFoundError at ProfilesTests.java:-1

ProfilesTests > ofSingleInvertedExpression() FAILED
    java.lang.NoClassDefFoundError at ProfilesTests.java:-1

ProfilesTests > ofAndExpressionWithInBracketsInvertedSingleElement() FAILED
    java.lang.NoClassDefFoundError at ProfilesTests.java:-1

ProfilesTests > ofSingleExpressionInverted() FAILED
    java.lang.NoClassDefFoundError at ProfilesTests.java:-1

ProfilesTests > ofSingleExpression() FAILED
    java.lang.NoClassDefFoundError at ProfilesTests.java:-1

ProfilesTests > ofWhenEmptyThrowsException() FAILED
    java.lang.NoClassDefFoundError at ProfilesTests.java:-1

ProfilesTests > ofAndExpressionWithInvertedSingleElementWithoutSpaces() FAILED
    java.lang.NoClassDefFoundError at ProfilesTests.java:-1

ProfilesTests > ofNotAndExpression() FAILED
    java.lang.NoClassDefFoundError at ProfilesTests.java:-1

PropertySourceTests > equals() FAILED
    java.lang.NoClassDefFoundError at PropertySourceTests.java:-1

PropertySourceTests > collectionsOperations() FAILED
    java.lang.NoClassDefFoundError at PropertySourceTests.java:-1

PropertySourcesPropertyResolverTests > resolveRequiredPlaceholders_withNullInput() FAILED
    java.lang.NoClassDefFoundError at PropertySourcesPropertyResolverTests.java:-1

PropertySourcesPropertyResolverTests > getProperty_withTargetType_andDefaultValue() FAILED
    java.lang.NoClassDefFoundError at PropertySourcesPropertyResolverTests.java:-1

PropertySourcesPropertyResolverTests > resolveNestedPlaceholdersIfValueIsCharSequenceAndStringBuilderIsRequested() FAILED
    java.lang.NoClassDefFoundError at PropertySourcesPropertyResolverTests.java:-1

PropertySourcesPropertyResolverTests > getProperty_doesNotCache_replaceExistingKeyPostConstruction() FAILED
    java.lang.NoClassDefFoundError at PropertySourcesPropertyResolverTests.java:-1

PropertySourcesPropertyResolverTests > resolvePlaceholders() FAILED
    java.lang.NoClassDefFoundError at PropertySourcesPropertyResolverTests.java:-1

PropertySourcesPropertyResolverTests > containsProperty() FAILED
    java.lang.NoClassDefFoundError at PropertySourcesPropertyResolverTests.java:-1

PropertySourcesPropertyResolverTests > resolveNestedPlaceholdersIfValueIsCharSequence() FAILED
    java.lang.NoClassDefFoundError at PropertySourcesPropertyResolverTests.java:-1

PropertySourcesPropertyResolverTests > setRequiredProperties_andValidateRequiredProperties() FAILED
    java.lang.NoClassDefFoundError at PropertySourcesPropertyResolverTests.java:-1

PropertySourcesPropertyResolverTests > getRequiredProperty() FAILED
    java.lang.NoClassDefFoundError at PropertySourcesPropertyResolverTests.java:-1

PropertySourcesPropertyResolverTests > getProperty_withStringArrayConversion() FAILED
    java.lang.NoClassDefFoundError at PropertySourcesPropertyResolverTests.java:-1

PropertySourcesPropertyResolverTests > getPropertySources_replacePropertySource() FAILED
    java.lang.NoClassDefFoundError at PropertySourcesPropertyResolverTests.java:-1

PropertySourcesPropertyResolverTests > getProperty_withDefaultValue() FAILED
    java.lang.NoClassDefFoundError at PropertySourcesPropertyResolverTests.java:-1

PropertySourcesPropertyResolverTests > ignoreUnresolvableNestedPlaceholdersIsConfigurable() FAILED
    java.lang.NoClassDefFoundError at PropertySourcesPropertyResolverTests.java:-1

PropertySourcesPropertyResolverTests > resolveRequiredPlaceholders_withDefaultValue() FAILED
    java.lang.NoClassDefFoundError at PropertySourcesPropertyResolverTests.java:-1

PropertySourcesPropertyResolverTests > getProperty_withExplicitNullValue() FAILED
    java.lang.NoClassDefFoundError at PropertySourcesPropertyResolverTests.java:-1

PropertySourcesPropertyResolverTests > resolveNestedPropertyPlaceholders() FAILED
    java.lang.NoClassDefFoundError at PropertySourcesPropertyResolverTests.java:-1

PropertySourcesPropertyResolverTests > getProperty_doesNotCache_addNewKeyPostConstruction() FAILED
    java.lang.NoClassDefFoundError at PropertySourcesPropertyResolverTests.java:-1

PropertySourcesPropertyResolverTests > getProperty_withNonConvertibleTargetType() FAILED
    java.lang.NoClassDefFoundError at PropertySourcesPropertyResolverTests.java:-1

PropertySourcesPropertyResolverTests > resolvePlaceholders_withDefaultValue() FAILED
    java.lang.NoClassDefFoundError at PropertySourcesPropertyResolverTests.java:-1

PropertySourcesPropertyResolverTests > resolvePlaceholders_withNullInput() FAILED
    java.lang.NoClassDefFoundError at PropertySourcesPropertyResolverTests.java:-1

PropertySourcesPropertyResolverTests > resolveNestedPlaceHolderIfValueShouldConvertToOtherTypes() FAILED
    java.lang.NoClassDefFoundError at PropertySourcesPropertyResolverTests.java:-1

PropertySourcesPropertyResolverTests > getProperty_propertySourceSearchOrderIsFIFO() FAILED
    java.lang.NoClassDefFoundError at PropertySourcesPropertyResolverTests.java:-1

PropertySourcesPropertyResolverTests > resolveRequiredPlaceholders_withUnresolvable() FAILED
    java.lang.NoClassDefFoundError at PropertySourcesPropertyResolverTests.java:-1

PropertySourcesPropertyResolverTests > getProperty() FAILED
    java.lang.NoClassDefFoundError at PropertySourcesPropertyResolverTests.java:-1

PropertySourcesPropertyResolverTests > resolveRequiredPlaceholders() FAILED
    java.lang.NoClassDefFoundError at PropertySourcesPropertyResolverTests.java:-1

PropertySourcesPropertyResolverTests > resolvePlaceholders_withUnresolvable() FAILED
    java.lang.NoClassDefFoundError at PropertySourcesPropertyResolverTests.java:-1

PropertySourcesPropertyResolverTests > getRequiredProperty_withStringArrayConversion() FAILED
    java.lang.NoClassDefFoundError at PropertySourcesPropertyResolverTests.java:-1

PropertySourcesPropertyResolverTests > EscapedPlaceholderTests > multipleEscapedPlaceholdersArePreserved() FAILED
    java.lang.NoClassDefFoundError at ClassLoader.java:-2

PropertySourcesPropertyResolverTests > EscapedPlaceholderTests > escapedPlaceholdersAreNotEvaluatedWithCharSequenceValues() FAILED
    java.lang.NoClassDefFoundError at ClassLoader.java:-2

PropertySourcesPropertyResolverTests > EscapedPlaceholderTests > doubleBackslashesAreProcessedCorrectly() FAILED
    java.lang.NoClassDefFoundError at ClassLoader.java:-2

PropertySourcesPropertyResolverTests > EscapedPlaceholderTests > escapedPlaceholdersAreNotEvaluated() FAILED
    java.lang.NoClassDefFoundError at ClassLoader.java:-2

PropertySourcesPropertyResolverTests > EscapedPlaceholderTests > escapedPlaceholdersInNestedPropertiesAreNotEvaluated() FAILED
    java.lang.NoClassDefFoundError at ClassLoader.java:-2

SimpleCommandLineArgsParserTests > withSingleOptionAndValue() FAILED
    java.lang.NoClassDefFoundError at SimpleCommandLineArgsParserTests.java:-1

SimpleCommandLineArgsParserTests > supportsEndOfOptionsDelimiter() FAILED
    java.lang.NoClassDefFoundError at SimpleCommandLineArgsParserTests.java:-1

SimpleCommandLineArgsParserTests > optionNamesSetIsUnmodifiable() FAILED
    java.lang.NoClassDefFoundError at SimpleCommandLineArgsParserTests.java:-1

SimpleCommandLineArgsParserTests > withEmptyOptionValue() FAILED
    java.lang.NoClassDefFoundError at SimpleCommandLineArgsParserTests.java:-1

SimpleCommandLineArgsParserTests > withRepeatedOptionAndDifferentValues() FAILED
    java.lang.NoClassDefFoundError at SimpleCommandLineArgsParserTests.java:-1

SimpleCommandLineArgsParserTests > withEmptyOptionName() FAILED
    java.lang.NoClassDefFoundError at SimpleCommandLineArgsParserTests.java:-1

SimpleCommandLineArgsParserTests > withSingleOptionAndNoValue() FAILED
    java.lang.NoClassDefFoundError at SimpleCommandLineArgsParserTests.java:-1

SimpleCommandLineArgsParserTests > nonOptionArgsListIsUnmodifiable() FAILED
    java.lang.NoClassDefFoundError at SimpleCommandLineArgsParserTests.java:-1

SimpleCommandLineArgsParserTests > withEmptyOptionNameAndEmptyOptionValue() FAILED
    java.lang.NoClassDefFoundError at SimpleCommandLineArgsParserTests.java:-1

SimpleCommandLineArgsParserTests > withNoOptions() FAILED
    java.lang.NoClassDefFoundError at SimpleCommandLineArgsParserTests.java:-1

SimpleCommandLineArgsParserTests > withRepeatedOptionAndSameValues() FAILED
    java.lang.NoClassDefFoundError at SimpleCommandLineArgsParserTests.java:-1

SimpleCommandLineArgsParserTests > withMixOfOptionsHavingValueAndOptionsHavingNoValue() FAILED
    java.lang.NoClassDefFoundError at SimpleCommandLineArgsParserTests.java:-1

SimpleCommandLineArgsParserTests > withNonOptionArguments() FAILED
    java.lang.NoClassDefFoundError at SimpleCommandLineArgsParserTests.java:-1

SimpleCommandLinePropertySourceTests > withRepeatedOptionArgs() FAILED
    java.lang.NoClassDefFoundError at SimpleCommandLinePropertySourceTests.java:-1

SimpleCommandLinePropertySourceTests > withOptionalArg_andArgIsEmpty() FAILED
    java.lang.NoClassDefFoundError at SimpleCommandLinePropertySourceTests.java:-1

SimpleCommandLinePropertySourceTests > withCustomName() FAILED
    java.lang.NoClassDefFoundError at SimpleCommandLinePropertySourceTests.java:-1

SimpleCommandLinePropertySourceTests > withDefaultName() FAILED
    java.lang.NoClassDefFoundError at SimpleCommandLinePropertySourceTests.java:-1

SimpleCommandLinePropertySourceTests > withCustomNonOptionArgsNameAndNoNonOptionArgsPresent() FAILED
    java.lang.NoClassDefFoundError at SimpleCommandLinePropertySourceTests.java:-1

SimpleCommandLinePropertySourceTests > withOptionArgsOnly() FAILED
    java.lang.NoClassDefFoundError at SimpleCommandLinePropertySourceTests.java:-1

SimpleCommandLinePropertySourceTests > withDefaultNonOptionArgsNameAndNoNonOptionArgsPresent() FAILED
    java.lang.NoClassDefFoundError at SimpleCommandLinePropertySourceTests.java:-1

SimpleCommandLinePropertySourceTests > covertNonOptionArgsToStringArrayAndList() FAILED
    java.lang.NoClassDefFoundError at SimpleCommandLinePropertySourceTests.java:-1

SimpleCommandLinePropertySourceTests > withDefaultNonOptionArgsNameAndNonOptionArgsPresent() FAILED
    java.lang.NoClassDefFoundError at SimpleCommandLinePropertySourceTests.java:-1

SimpleCommandLinePropertySourceTests > withNoArgs() FAILED
    java.lang.NoClassDefFoundError at SimpleCommandLinePropertySourceTests.java:-1

StandardEnvironmentTests > suppressGetenvAccessThroughSpringFlag() FAILED
    java.lang.NoClassDefFoundError at StandardEnvironmentTests.java:-1

StandardEnvironmentTests > setDefaultProfiles_withNotOperator() FAILED
    java.lang.NoClassDefFoundError at StandardEnvironmentTests.java:-1

StandardEnvironmentTests > getSystemEnvironment() FAILED
    java.lang.NoClassDefFoundError at StandardEnvironmentTests.java:-1

StandardEnvironmentTests > addActiveProfile() FAILED
    java.lang.NoClassDefFoundError at StandardEnvironmentTests.java:-1

StandardEnvironmentTests > getSystemProperties() FAILED
    java.lang.NoClassDefFoundError at StandardEnvironmentTests.java:-1

StandardEnvironmentTests > suppressGetenvAccessThroughSystemProperty() FAILED
    java.lang.NoClassDefFoundError at StandardEnvironmentTests.java:-1

StandardEnvironmentTests > setActiveProfiles_withNotOperator() FAILED
    java.lang.NoClassDefFoundError at StandardEnvironmentTests.java:-1

StandardEnvironmentTests > setDefaultProfiles_withNullProfile() FAILED
    java.lang.NoClassDefFoundError at StandardEnvironmentTests.java:-1

StandardEnvironmentTests > setActiveProfiles() FAILED
    java.lang.NoClassDefFoundError at StandardEnvironmentTests.java:-1

StandardEnvironmentTests > setDefaultProfiles_withNullProfileArray() FAILED
    java.lang.NoClassDefFoundError at StandardEnvironmentTests.java:-1

StandardEnvironmentTests > defaultProfilesContainsDefaultProfileByDefault() FAILED
    java.lang.NoClassDefFoundError at StandardEnvironmentTests.java:-1

StandardEnvironmentTests > merge() FAILED
    java.lang.NoClassDefFoundError at StandardEnvironmentTests.java:-1

StandardEnvironmentTests > reservedDefaultProfile() FAILED
    java.lang.NoClassDefFoundError at StandardEnvironmentTests.java:-1

StandardEnvironmentTests > activeProfilesIsEmptyByDefault() FAILED
    java.lang.NoClassDefFoundError at StandardEnvironmentTests.java:-1

StandardEnvironmentTests > getDefaultProfiles() FAILED
    java.lang.NoClassDefFoundError at StandardEnvironmentTests.java:-1

StandardEnvironmentTests > addActiveProfile_whenActiveProfilesPropertyIsAlreadySet() FAILED
    java.lang.NoClassDefFoundError at StandardEnvironmentTests.java:-1

StandardEnvironmentTests > suppressGetenvAccessThroughSpringProperty() FAILED
    java.lang.NoClassDefFoundError at StandardEnvironmentTests.java:-1

StandardEnvironmentTests > setActiveProfiles_withNullProfileArray() FAILED
    java.lang.NoClassDefFoundError at StandardEnvironmentTests.java:-1

StandardEnvironmentTests > setDefaultProfiles_withEmptyProfile() FAILED
    java.lang.NoClassDefFoundError at StandardEnvironmentTests.java:-1

StandardEnvironmentTests > setActiveProfiles_withNullProfile() FAILED
    java.lang.NoClassDefFoundError at StandardEnvironmentTests.java:-1

StandardEnvironmentTests > propertySourceOrder() FAILED
    java.lang.NoClassDefFoundError at StandardEnvironmentTests.java:-1

StandardEnvironmentTests > propertySourceTypes() FAILED
    java.lang.NoClassDefFoundError at StandardEnvironmentTests.java:-1

StandardEnvironmentTests > setDefaultProfiles() FAILED
    java.lang.NoClassDefFoundError at StandardEnvironmentTests.java:-1

StandardEnvironmentTests > environmentSubclass_withCustomProfileValidation() FAILED
    java.lang.NoClassDefFoundError at StandardEnvironmentTests.java:-1

StandardEnvironmentTests > defaultProfileWithCircularPlaceholder() FAILED
    java.lang.NoClassDefFoundError at StandardEnvironmentTests.java:-1

StandardEnvironmentTests > setActiveProfiles_withEmptyProfile() FAILED
    java.lang.NoClassDefFoundError at StandardEnvironmentTests.java:-1

StandardEnvironmentTests > GetActiveProfiles > fromSystemProperties_withMultipleProfiles_withWhitespace() FAILED
    java.lang.NoClassDefFoundError at ClassLoader.java:-2

StandardEnvironmentTests > GetActiveProfiles > systemPropertiesEmpty() FAILED
    java.lang.NoClassDefFoundError at ClassLoader.java:-2

StandardEnvironmentTests > GetActiveProfiles > fromSystemProperties_withMultipleProfiles() FAILED
    java.lang.NoClassDefFoundError at ClassLoader.java:-2

StandardEnvironmentTests > GetActiveProfiles > fromSystemProperties() FAILED
    java.lang.NoClassDefFoundError at ClassLoader.java:-2

StandardEnvironmentTests > MatchesProfilesTests > withNullArgument() FAILED
    java.lang.NoClassDefFoundError at ClassLoader.java:-2

StandardEnvironmentTests > MatchesProfilesTests > withEmptyArgument() FAILED
    java.lang.NoClassDefFoundError at ClassLoader.java:-2

StandardEnvironmentTests > MatchesProfilesTests > withInvalidCompoundExpressionGrouping() FAILED
    java.lang.NoClassDefFoundError at ClassLoader.java:-2

StandardEnvironmentTests > MatchesProfilesTests > withNullArgumentList() FAILED
    java.lang.NoClassDefFoundError at ClassLoader.java:-2

StandardEnvironmentTests > MatchesProfilesTests > withProfileExpressions() FAILED
    java.lang.NoClassDefFoundError at ClassLoader.java:-2

StandardEnvironmentTests > MatchesProfilesTests > activeProfileSetProgrammatically() FAILED
    java.lang.NoClassDefFoundError at ClassLoader.java:-2

StandardEnvironmentTests > MatchesProfilesTests > withNotOperator() FAILED
    java.lang.NoClassDefFoundError at ClassLoader.java:-2

StandardEnvironmentTests > MatchesProfilesTests > activeProfileSetViaProperty() FAILED
    java.lang.NoClassDefFoundError at ClassLoader.java:-2

StandardEnvironmentTests > MatchesProfilesTests > withEmptyArgumentList() FAILED
    java.lang.NoClassDefFoundError at ClassLoader.java:-2

StandardEnvironmentTests > MatchesProfilesTests > defaultProfile() FAILED
    java.lang.NoClassDefFoundError at ClassLoader.java:-2

StandardEnvironmentTests > MatchesProfilesTests > withInvalidNotOperator() FAILED
    java.lang.NoClassDefFoundError at ClassLoader.java:-2

StandardEnvironmentTests > AcceptsProfilesTests > withNullArgument() FAILED
    java.lang.NoClassDefFoundError at ClassLoader.java:-2

StandardEnvironmentTests > AcceptsProfilesTests > withEmptyArgument() FAILED
    java.lang.NoClassDefFoundError at ClassLoader.java:-2

StandardEnvironmentTests > AcceptsProfilesTests > withNullArgumentList() FAILED
    java.lang.NoClassDefFoundError at ClassLoader.java:-2

StandardEnvironmentTests > AcceptsProfilesTests > activeProfileSetProgrammatically() FAILED
    java.lang.NoClassDefFoundError at ClassLoader.java:-2

StandardEnvironmentTests > AcceptsProfilesTests > withNotOperator() FAILED
    java.lang.NoClassDefFoundError at ClassLoader.java:-2

StandardEnvironmentTests > AcceptsProfilesTests > activeProfileSetViaProperty() FAILED
    java.lang.NoClassDefFoundError at ClassLoader.java:-2

StandardEnvironmentTests > AcceptsProfilesTests > withEmptyArgumentList() FAILED
    java.lang.NoClassDefFoundError at ClassLoader.java:-2

StandardEnvironmentTests > AcceptsProfilesTests > withProfileExpression() FAILED
    java.lang.NoClassDefFoundError at ClassLoader.java:-2

StandardEnvironmentTests > AcceptsProfilesTests > defaultProfile() FAILED
    java.lang.NoClassDefFoundError at ClassLoader.java:-2

StandardEnvironmentTests > AcceptsProfilesTests > withInvalidNotOperator() FAILED
    java.lang.NoClassDefFoundError at ClassLoader.java:-2

SystemEnvironmentPropertySourceTests > normalWithPeriod() FAILED
    java.lang.NoClassDefFoundError at SystemEnvironmentPropertySourceTests.java:-1

SystemEnvironmentPropertySourceTests > withUnderscore() FAILED
    java.lang.NoClassDefFoundError at SystemEnvironmentPropertySourceTests.java:-1

SystemEnvironmentPropertySourceTests > none() FAILED
    java.lang.NoClassDefFoundError at SystemEnvironmentPropertySourceTests.java:-1

SystemEnvironmentPropertySourceTests > normalWithoutPeriod() FAILED
    java.lang.NoClassDefFoundError at SystemEnvironmentPropertySourceTests.java:-1

SystemEnvironmentPropertySourceTests > withUppercase() FAILED
    java.lang.NoClassDefFoundError at SystemEnvironmentPropertySourceTests.java:-1

SystemEnvironmentPropertySourceTests > withBothPeriodAndUnderscore() FAILED
    java.lang.NoClassDefFoundError at SystemEnvironmentPropertySourceTests.java:-1

ClassPathResourceTests > emptyFileReadable(File) FAILED
    java.lang.NoClassDefFoundError at ClassPathResourceTests.java:-1

ClassPathResourceTests > directoryNotReadable() FAILED
    java.lang.NoClassDefFoundError at ClassPathResourceTests.java:-1

ClassPathResourceTests > GetDescription > withStringConstructor() FAILED
    java.lang.NoClassDefFoundError at ClassLoader.java:-2

ClassPathResourceTests > GetDescription > withClassLoaderConstructorAndLeadingSlash() FAILED
    java.lang.NoClassDefFoundError at ClassLoader.java:-2

ClassPathResourceTests > GetDescription > withStringConstructorAndLeadingSlash() FAILED
    java.lang.NoClassDefFoundError at ClassLoader.java:-2

ClassPathResourceTests > GetDescription > withClassLiteralConstructorAndLeadingSlash() FAILED
    java.lang.NoClassDefFoundError at ClassLoader.java:-2

ClassPathResourceTests > GetDescription > withClassLoaderConstructor() FAILED
    java.lang.NoClassDefFoundError at ClassLoader.java:-2

ClassPathResourceTests > GetDescription > withClassLiteralConstructor() FAILED
    java.lang.NoClassDefFoundError at ClassLoader.java:-2

ClassPathResourceTests > EqualsAndHashCode > resourcesWithDifferentInputPathsAreEqual() FAILED
    java.lang.NoClassDefFoundError at ClassLoader.java:-2

ClassPathResourceTests > EqualsAndHashCode > equalsAndHashCode() FAILED
    java.lang.NoClassDefFoundError at ClassLoader.java:-2

ClassPathResourceTests > EqualsAndHashCode > resourcesWithEquivalentAbsolutePathsHaveSameHashCode() FAILED
    java.lang.NoClassDefFoundError at ClassLoader.java:-2

ClassPathResourceTests > EqualsAndHashCode > resourcesWithEquivalentAbsolutePathsFromTheSameClassLoaderAreEqual() FAILED
    java.lang.NoClassDefFoundError at ClassLoader.java:-2

ClassPathResourceTests > EqualsAndHashCode > resourcesWithEquivalentAbsolutePathsFromDifferentClassLoadersAreNotEqual() FAILED
    java.lang.NoClassDefFoundError at ClassLoader.java:-2

ClassPathResourceTests > EqualsAndHashCode > relativeResourcesAreEqual() FAILED
    java.lang.NoClassDefFoundError at ClassLoader.java:-2

ClassPathResourceTests > GetInputStream > withClassLoaderConstructorRaisesExceptionForNonexistentResource() FAILED
    java.lang.NoClassDefFoundError at ClassLoader.java:-2

ClassPathResourceTests > GetInputStream > withClassLiteralConstructorRaisesExceptionForNonexistentRelativeResource() FAILED
    java.lang.NoClassDefFoundError at ClassLoader.java:-2

ClassPathResourceTests > GetInputStream > withClassLiteralConstructorRaisesExceptionForNonexistentAbsoluteResource() FAILED
    java.lang.NoClassDefFoundError at ClassLoader.java:-2

ClassPathResourceTests > GetInputStream > withStringConstructorRaisesExceptionForNonexistentResource() FAILED
    java.lang.NoClassDefFoundError at ClassLoader.java:-2

ClassPathResourceTests > GetPath > dropsLeadingSlashForClassLoaderAccess() FAILED
    java.lang.NoClassDefFoundError at ClassLoader.java:-2

ClassPathResourceTests > GetPath > convertsToAbsolutePathForClassRelativeAccess() FAILED
    java.lang.NoClassDefFoundError at ClassLoader.java:-2

ModuleResourceTests > equalsAndHashCode() FAILED
    java.lang.NoClassDefFoundError at ModuleResourceTests.java:-1

ModuleResourceTests > existingClassFileResource() FAILED
    java.lang.NoClassDefFoundError at ModuleResourceTests.java:-1

ModuleResourceTests > nonExistingResource() FAILED
    java.lang.NoClassDefFoundError at ModuleResourceTests.java:-1

PathResourceTests > nullUri() FAILED
    java.lang.NoClassDefFoundError at PathResourceTests.java:-1

PathResourceTests > nullPath() FAILED
    java.lang.NoClassDefFoundError at Unsafe.java:-2
        Caused by: java.lang.ExceptionInInitializerError at PathResourceTests.java:-1

PathResourceTests > getOutputStreamForNonExistingFile(Path) FAILED
    java.lang.NoClassDefFoundError at Unsafe.java:-2
        Caused by: java.lang.ExceptionInInitializerError at PathResourceTests.java:-1

PathResourceTests > dirExists() FAILED
    java.lang.NoClassDefFoundError at Unsafe.java:-2
        Caused by: java.lang.ExceptionInInitializerError at PathResourceTests.java:-1

PathResourceTests > getInputStreamForDir() FAILED
    java.lang.NoClassDefFoundError at Unsafe.java:-2
        Caused by: java.lang.ExceptionInInitializerError at PathResourceTests.java:-1

PathResourceTests > getWritableChannel(Path) FAILED
    java.lang.NoClassDefFoundError at Unsafe.java:-2
        Caused by: java.lang.ExceptionInInitializerError at PathResourceTests.java:-1

PathResourceTests > createRelativeFromFile() FAILED
    java.lang.NoClassDefFoundError at Unsafe.java:-2
        Caused by: java.lang.ExceptionInInitializerError at PathResourceTests.java:-1

PathResourceTests > description() FAILED
    java.lang.NoClassDefFoundError at Unsafe.java:-2
        Caused by: java.lang.ExceptionInInitializerError at PathResourceTests.java:-1

PathResourceTests > fileIsWritable() FAILED
    java.lang.NoClassDefFoundError at Unsafe.java:-2
        Caused by: java.lang.ExceptionInInitializerError at PathResourceTests.java:-1

PathResourceTests > directoryIsNotWritable() FAILED
    java.lang.NoClassDefFoundError at Unsafe.java:-2
        Caused by: java.lang.ExceptionInInitializerError at PathResourceTests.java:-1

PathResourceTests > getUri() FAILED
    java.lang.NoClassDefFoundError at Unsafe.java:-2
        Caused by: java.lang.ExceptionInInitializerError at PathResourceTests.java:-1

PathResourceTests > getUrl() FAILED
    java.lang.NoClassDefFoundError at Unsafe.java:-2
        Caused by: java.lang.ExceptionInInitializerError at PathResourceTests.java:-1

PathResourceTests > nullPathString() FAILED
    java.lang.NoClassDefFoundError at Unsafe.java:-2
        Caused by: java.lang.ExceptionInInitializerError at PathResourceTests.java:-1

PathResourceTests > getInputStream() FAILED
    java.lang.NoClassDefFoundError at Unsafe.java:-2
        Caused by: java.lang.ExceptionInInitializerError at PathResourceTests.java:-1

PathResourceTests > filename() FAILED
    java.lang.NoClassDefFoundError at Unsafe.java:-2
        Caused by: java.lang.ExceptionInInitializerError at PathResourceTests.java:-1

PathResourceTests > createRelativeFromDir() FAILED
    java.lang.NoClassDefFoundError at Unsafe.java:-2
        Caused by: java.lang.ExceptionInInitializerError at PathResourceTests.java:-1

PathResourceTests > equalsAndHashCode() FAILED
    java.lang.NoClassDefFoundError at Unsafe.java:-2
        Caused by: java.lang.ExceptionInInitializerError at PathResourceTests.java:-1

PathResourceTests > contentLength() FAILED
    java.lang.NoClassDefFoundError at Unsafe.java:-2
        Caused by: java.lang.ExceptionInInitializerError at PathResourceTests.java:-1

PathResourceTests > fileIsReadable() FAILED
    java.lang.NoClassDefFoundError at Unsafe.java:-2
        Caused by: java.lang.ExceptionInInitializerError at PathResourceTests.java:-1

PathResourceTests > getOutputStreamForDirectory() FAILED
    java.lang.NoClassDefFoundError at Unsafe.java:-2
        Caused by: java.lang.ExceptionInInitializerError at PathResourceTests.java:-1

PathResourceTests > directoryIsNotReadable() FAILED
    java.lang.NoClassDefFoundError at Unsafe.java:-2
        Caused by: java.lang.ExceptionInInitializerError at PathResourceTests.java:-1

PathResourceTests > getReadableByteChannel() FAILED
    java.lang.NoClassDefFoundError at Unsafe.java:-2
        Caused by: java.lang.ExceptionInInitializerError at PathResourceTests.java:-1

PathResourceTests > createFromPath() FAILED
    java.lang.NoClassDefFoundError at Unsafe.java:-2
        Caused by: java.lang.ExceptionInInitializerError at PathResourceTests.java:-1

PathResourceTests > createFromString() FAILED
    java.lang.NoClassDefFoundError at Unsafe.java:-2
        Caused by: java.lang.ExceptionInInitializerError at PathResourceTests.java:-1

PathResourceTests > getOutputStreamForExistingFile(Path) FAILED
    java.lang.NoClassDefFoundError at Unsafe.java:-2
        Caused by: java.lang.ExceptionInInitializerError at PathResourceTests.java:-1

PathResourceTests > getFile() FAILED
    java.lang.NoClassDefFoundError at Unsafe.java:-2
        Caused by: java.lang.ExceptionInInitializerError at PathResourceTests.java:-1

PathResourceTests > getPathForDir() FAILED
    java.lang.NoClassDefFoundError at Unsafe.java:-2
        Caused by: java.lang.ExceptionInInitializerError at PathResourceTests.java:-1

PathResourceTests > fileDoesNotExist() FAILED
    java.lang.NoClassDefFoundError at Unsafe.java:-2
        Caused by: java.lang.ExceptionInInitializerError at PathResourceTests.java:-1

PathResourceTests > contentLengthForDirectory() FAILED
    java.lang.NoClassDefFoundError at Unsafe.java:-2
        Caused by: java.lang.ExceptionInInitializerError at PathResourceTests.java:-1

PathResourceTests > getInputStreamForNonExistingFile() FAILED
    java.lang.NoClassDefFoundError at Unsafe.java:-2
        Caused by: java.lang.ExceptionInInitializerError at PathResourceTests.java:-1

PathResourceTests > getReadableByteChannelForNonExistingFile() FAILED
    java.lang.NoClassDefFoundError at Unsafe.java:-2
        Caused by: java.lang.ExceptionInInitializerError at PathResourceTests.java:-1

PathResourceTests > getPathForFile() FAILED
    java.lang.NoClassDefFoundError at Unsafe.java:-2
        Caused by: java.lang.ExceptionInInitializerError at PathResourceTests.java:-1

PathResourceTests > getReadableByteChannelForDir() FAILED
    java.lang.NoClassDefFoundError at Unsafe.java:-2
        Caused by: java.lang.ExceptionInInitializerError at PathResourceTests.java:-1

PathResourceTests > nonExistingFileIsNotReadable() FAILED
    java.lang.NoClassDefFoundError at Unsafe.java:-2
        Caused by: java.lang.ExceptionInInitializerError at PathResourceTests.java:-1

PathResourceTests > fileExists() FAILED
    java.lang.NoClassDefFoundError at Unsafe.java:-2
        Caused by: java.lang.ExceptionInInitializerError at PathResourceTests.java:-1

PathResourceTests > createFromUri() FAILED
    java.lang.NoClassDefFoundError at Unsafe.java:-2
        Caused by: java.lang.ExceptionInInitializerError at PathResourceTests.java:-1

PathResourceTests > getFileUnsupported() FAILED
    java.lang.NoClassDefFoundError at Unsafe.java:-2
        Caused by: java.lang.ExceptionInInitializerError at PathResourceTests.java:-1

PathResourceTests > lastModified() FAILED
    java.lang.NoClassDefFoundError at Unsafe.java:-2
        Caused by: java.lang.ExceptionInInitializerError at PathResourceTests.java:-1

ResourceEditorTests > strictSystemPropertyReplacementWithUnresolvablePlaceholder() FAILED
    java.lang.NoClassDefFoundError at ResourceEditorTests.java:-1

ResourceEditorTests > sunnyDay() FAILED
    java.lang.NoClassDefFoundError at ResourceEditorTests.java:-1

ResourceEditorTests > ctorWithNullCtorArgs() FAILED
    java.lang.NoClassDefFoundError at ResourceEditorTests.java:-1

ResourceEditorTests > systemPropertyReplacement() FAILED
    java.lang.NoClassDefFoundError at ResourceEditorTests.java:-1

ResourceEditorTests > systemPropertyReplacementWithUnresolvablePlaceholder() FAILED
    java.lang.NoClassDefFoundError at ResourceEditorTests.java:-1

ResourceEditorTests > setAndGetAsTextWithWhitespaceResource() FAILED
    java.lang.NoClassDefFoundError at ResourceEditorTests.java:-1

ResourceEditorTests > setAndGetAsTextWithNull() FAILED
    java.lang.NoClassDefFoundError at ResourceEditorTests.java:-1

ResourceTests > resourceIsValid(Resource) > initializationError FAILED
    java.lang.NoClassDefFoundError at ResourceTests.java:-1

ResourceTests > resourceCreateRelativeUnknown(Resource) > initializationError FAILED
    java.lang.NoClassDefFoundError at ResourceTests.java:-1

ResourceTests > resourceCreateRelativeWithFolder(Resource) > initializationError FAILED
    java.lang.NoClassDefFoundError at ResourceTests.java:-1

ResourceTests > resourceCreateRelativeWithDotPath(Resource) > initializationError FAILED
    java.lang.NoClassDefFoundError at ResourceTests.java:-1

ResourceTests > resourceCreateRelative(Resource) > initializationError FAILED
    java.lang.NoClassDefFoundError at ResourceTests.java:-1

ResourceTests > FileSystemResourceTests > sameResourceIsEqual() FAILED
    java.lang.NoClassDefFoundError at ClassLoader.java:-2

ResourceTests > FileSystemResourceTests > isReadableChecksCanReadAfterExists() FAILED
    java.lang.NoClassDefFoundError at ClassLoader.java:-2

ResourceTests > FileSystemResourceTests > readableChannelProvidesContent() FAILED
    java.lang.NoClassDefFoundError at ClassLoader.java:-2

ResourceTests > FileSystemResourceTests > sameResourceFromFileIsEqual() FAILED
    java.lang.NoClassDefFoundError at ClassLoader.java:-2

ResourceTests > FileSystemResourceTests > sameResourceFromDotPathIsEqual() FAILED
    java.lang.NoClassDefFoundError at ClassLoader.java:-2

ResourceTests > FileSystemResourceTests > sameResourceFromFilePathIsEqual() FAILED
    java.lang.NoClassDefFoundError at ClassLoader.java:-2

ResourceTests > FileSystemResourceTests > isReadableChecksExistsFirst() FAILED
    java.lang.NoClassDefFoundError at ClassLoader.java:-2

ResourceTests > FileSystemResourceTests > getFilePath() FAILED
    java.lang.NoClassDefFoundError at ClassLoader.java:-2

ResourceTests > FileSystemResourceTests > relativeResourcesAreEqual() FAILED
    java.lang.NoClassDefFoundError at ClassLoader.java:-2

ResourceTests > FileSystemResourceTests > urlAndUriAreNormalizedWhenCreatedFromFile() FAILED
    java.lang.NoClassDefFoundError at ClassLoader.java:-2

ResourceTests > FileSystemResourceTests > urlAndUriAreNormalizedWhenCreatedFromPath() FAILED
    java.lang.NoClassDefFoundError at ClassLoader.java:-2

ResourceTests > ByteArrayResourceTests > hasDescription() FAILED
    java.lang.NoClassDefFoundError at ClassLoader.java:-2

ResourceTests > ByteArrayResourceTests > hasContent() FAILED
    java.lang.NoClassDefFoundError at ClassLoader.java:-2

ResourceTests > ByteArrayResourceTests > isNotOpen() FAILED
    java.lang.NoClassDefFoundError at ClassLoader.java:-2

ResourceTests > AbstractResourceTests > missingResourceIsNotReadable() FAILED
    java.lang.NoClassDefFoundError at ClassLoader.java:-2

ResourceTests > AbstractResourceTests > hasContentLength() FAILED
    java.lang.NoClassDefFoundError at ClassLoader.java:-2

ResourceTests > UrlResourceTests > unusualRelativeResourcesAreEqual() FAILED
    java.lang.NoClassDefFoundError at ClassLoader.java:-2

ResourceTests > UrlResourceTests > canCustomizeHttpUrlConnectionForExistsFallback() FAILED
    java.lang.NoClassDefFoundError at ClassLoader.java:-2

ResourceTests > UrlResourceTests > canCustomizeHttpUrlConnectionForExists() FAILED
    java.lang.NoClassDefFoundError at ClassLoader.java:-2

ResourceTests > UrlResourceTests > missingRemoteResourceDoesNotExist() FAILED
    java.lang.NoClassDefFoundError at ClassLoader.java:-2

ResourceTests > UrlResourceTests > canCustomizeHttpUrlConnectionForRead() FAILED
    java.lang.NoClassDefFoundError at ClassLoader.java:-2

ResourceTests > UrlResourceTests > sameResourceWithRelativePathIsEqual() FAILED
    java.lang.NoClassDefFoundError at ClassLoader.java:-2

ResourceTests > UrlResourceTests > filenameIsExtractedFromURL() FAILED
    java.lang.NoClassDefFoundError at ClassLoader.java:-2

ResourceTests > UrlResourceTests > useUserInfoToSetBasicAuth() FAILED
    java.lang.NoClassDefFoundError at ClassLoader.java:-2

ResourceTests > UrlResourceTests > remoteResourceExists() FAILED
    java.lang.NoClassDefFoundError at ClassLoader.java:-2

ResourceTests > UrlResourceTests > filenameContainingHashTagIsExtractedFromFilePathUnencoded() FAILED
    java.lang.NoClassDefFoundError at ClassLoader.java:-2

ResourceTests > UrlResourceTests > remoteResourceExistsFallback() FAILED
    java.lang.NoClassDefFoundError at ClassLoader.java:-2

ResourceTests > UrlResourceTests > relativeResourcesAreEqual() FAILED
    java.lang.NoClassDefFoundError at ClassLoader.java:-2

ResourceTests > UrlResourceTests > factoryMethodsProduceEqualResources() FAILED
    java.lang.NoClassDefFoundError at ClassLoader.java:-2

ResourceTests > UrlResourceTests > filenameIsExtractedFromFilePath() FAILED
    java.lang.NoClassDefFoundError at ClassLoader.java:-2

ResourceTests > InputStreamResourceTests > hasDescription() FAILED
    java.lang.NoClassDefFoundError at ClassLoader.java:-2

ResourceTests > InputStreamResourceTests > hasContent() FAILED
    java.lang.NoClassDefFoundError at ClassLoader.java:-2

ResourceTests > InputStreamResourceTests > isOpen() FAILED
    java.lang.NoClassDefFoundError at ClassLoader.java:-2

DataBufferTests > initializationError FAILED
    java.lang.NoClassDefFoundError at ClassLoader.java:-2

DataBufferUtilsTests > initializationError FAILED
    java.lang.NoClassDefFoundError at ClassLoader.java:-2

DefaultDataBufferTests > getNativeBuffer() FAILED
    java.lang.NoClassDefFoundError at DefaultDataBufferTests.java:-1

JettyDataBufferTests > releaseRetainChunk() FAILED
    java.lang.NoClassDefFoundError at JettyDataBufferTests.java:-1

LeakAwareDataBufferFactoryTests > noLeak() FAILED
    java.lang.NoClassDefFoundError at LeakAwareDataBufferFactoryTests.java:-1

LeakAwareDataBufferFactoryTests > leak() FAILED
    java.lang.NoClassDefFoundError at LeakAwareDataBufferFactoryTests.java:-1

LimitedDataBufferListTests > limitEnforced() FAILED
    java.lang.NoClassDefFoundError at LimitedDataBufferListTests.java:-1

LimitedDataBufferListTests > limitIgnored() FAILED
    java.lang.NoClassDefFoundError at LimitedDataBufferListTests.java:-1

LimitedDataBufferListTests > clearResetsCount() FAILED
    java.lang.NoClassDefFoundError at LimitedDataBufferListTests.java:-1

PooledDataBufferTests > PooledByteBufAllocatorWithPreferDirectTrueTests > retainAndRelease() FAILED
    java.lang.NoClassDefFoundError at ClassLoader.java:-2

PooledDataBufferTests > PooledByteBufAllocatorWithPreferDirectTrueTests > tooManyReleases() FAILED
    java.lang.NoClassDefFoundError at ClassLoader.java:-2

PooledDataBufferTests > PooledByteBufAllocatorWithPreferDirectFalseTests > retainAndRelease() FAILED
    java.lang.NoClassDefFoundError at ClassLoader.java:-2

PooledDataBufferTests > PooledByteBufAllocatorWithPreferDirectFalseTests > tooManyReleases() FAILED
    java.lang.NoClassDefFoundError at ClassLoader.java:-2

PooledDataBufferTests > UnpooledByteBufAllocatorWithPreferDirectFalseTests > retainAndRelease() FAILED
    java.lang.NoClassDefFoundError at ClassLoader.java:-2

PooledDataBufferTests > UnpooledByteBufAllocatorWithPreferDirectFalseTests > tooManyReleases() FAILED
    java.lang.NoClassDefFoundError at ClassLoader.java:-2

PooledDataBufferTests > Jetty > retainAndRelease() FAILED
    java.lang.NoClassDefFoundError at ClassLoader.java:-2

PooledDataBufferTests > Jetty > tooManyReleases() FAILED
    java.lang.NoClassDefFoundError at ClassLoader.java:-2

PooledDataBufferTests > UnpooledByteBufAllocatorWithPreferDirectTrueTests > retainAndRelease() FAILED
    java.lang.NoClassDefFoundError at ClassLoader.java:-2

PooledDataBufferTests > UnpooledByteBufAllocatorWithPreferDirectTrueTests > tooManyReleases() FAILED
    java.lang.NoClassDefFoundError at ClassLoader.java:-2

DataBufferTestUtilsTests > initializationError FAILED
    java.lang.NoClassDefFoundError at ClassLoader.java:-2

EncodedResourceTests > equalsWithDifferentCharset() FAILED
    java.lang.NoClassDefFoundError at EncodedResourceTests.java:-1

EncodedResourceTests > equalsWithNullOtherObject() FAILED
    java.lang.NoClassDefFoundError at EncodedResourceTests.java:-1

EncodedResourceTests > equalsWithSameCharset() FAILED
    java.lang.NoClassDefFoundError at EncodedResourceTests.java:-1

EncodedResourceTests > equalsWithDifferentEncoding() FAILED
    java.lang.NoClassDefFoundError at EncodedResourceTests.java:-1

EncodedResourceTests > equalsWithSameEncoding() FAILED
    java.lang.NoClassDefFoundError at EncodedResourceTests.java:-1

EncodedResourceTests > equalsWithEncodingAndCharset() FAILED
    java.lang.NoClassDefFoundError at EncodedResourceTests.java:-1

PathMatchingResourcePatternResolverTests > FileSystemResources > usingFileProtocolWithWildcardInPatternAndNonexistentRootPath() FAILED
    java.lang.NoClassDefFoundError at ClassLoader.java:-2

PathMatchingResourcePatternResolverTests > FileSystemResources > encodedHashtagInPath() FAILED
    java.lang.NoClassDefFoundError at ClassLoader.java:-2

PathMatchingResourcePatternResolverTests > FileSystemResources > singleResourceOnFileSystem() FAILED
    java.lang.NoClassDefFoundError at ClassLoader.java:-2

PathMatchingResourcePatternResolverTests > FileSystemResources > classpathStarWithPatternOnFileSystem() FAILED
    java.lang.NoClassDefFoundError at ClassLoader.java:-2

PathMatchingResourcePatternResolverTests > FileSystemResources > WithHashtagsInTheirFilenames > usingClasspathStarProtocolWithWildcardInPatternAndEndingInSlash() FAILED
    java.lang.NoClassDefFoundError at ClassLoader.java:-2

PathMatchingResourcePatternResolverTests > FileSystemResources > WithHashtagsInTheirFilenames > usingClasspathStarProtocolWithWildcardInPatternAndNotEndingInSlash() FAILED
    java.lang.NoClassDefFoundError at ClassLoader.java:-2

PathMatchingResourcePatternResolverTests > FileSystemResources > WithHashtagsInTheirFilenames > usingFileProtocolWithWildcardInPatternAndNotEndingInSlash() FAILED
    java.lang.NoClassDefFoundError at ClassLoader.java:-2

PathMatchingResourcePatternResolverTests > FileSystemResources > WithHashtagsInTheirFilenames > usingFileProtocolWithWildcardInPatternAndEndingInSlash() FAILED
    java.lang.NoClassDefFoundError at ClassLoader.java:-2

PathMatchingResourcePatternResolverTests > FileSystemResources > WithHashtagsInTheirFilenames > usingFileProtocolWithWildcardInPatternAndEndingInSlashStarStar() FAILED
    java.lang.NoClassDefFoundError at ClassLoader.java:-2

PathMatchingResourcePatternResolverTests > FileSystemResources > WithHashtagsInTheirFilenames > usingClasspathStarProtocolWithWildcardInPatternAndEndingWithSuffixPattern() FAILED
    java.lang.NoClassDefFoundError at ClassLoader.java:-2

PathMatchingResourcePatternResolverTests > FileSystemResources > WithHashtagsInTheirFilenames > usingFileProtocolWithoutWildcardInPatternAndEndingInSlashStarStar() FAILED
    java.lang.NoClassDefFoundError at ClassLoader.java:-2

PathMatchingResourcePatternResolverTests > FileSystemResources > WithHashtagsInTheirFilenames > usingFileProtocolAndAssertingUrlAndUriSyntax() FAILED
    java.lang.NoClassDefFoundError at ClassLoader.java:-2

PathMatchingResourcePatternResolverTests > FileSystemResources > WithHashtagsInTheirFilenames > usingClasspathStarProtocol() FAILED
    java.lang.NoClassDefFoundError at ClassLoader.java:-2

PathMatchingResourcePatternResolverTests > JarResources > singleResourceInRootOfJar() FAILED
    java.lang.NoClassDefFoundError at ClassLoader.java:-2

PathMatchingResourcePatternResolverTests > JarResources > rootPatternRetrievalInJarFiles() FAILED
    java.lang.NoClassDefFoundError at ClassLoader.java:-2

PathMatchingResourcePatternResolverTests > JarResources > singleResourceInJar() FAILED
    java.lang.NoClassDefFoundError at ClassLoader.java:-2

PathMatchingResourcePatternResolverTests > JarResources > classpathStarWithPatternInJar() FAILED
    java.lang.NoClassDefFoundError at ClassLoader.java:-2

PathMatchingResourcePatternResolverTests > JarResources > classpathWithPatternInJar() FAILED
    java.lang.NoClassDefFoundError at ClassLoader.java:-2

PathMatchingResourcePatternResolverTests > ClassPathManifestEntries > initializationError FAILED
    java.lang.NoClassDefFoundError at PathMatchingResourcePatternResolverTests.java:-1

PathMatchingResourcePatternResolverTests > InvalidPatterns > invalidPrefixWithPatternElementInItThrowsException() FAILED
    java.lang.NoClassDefFoundError at ClassLoader.java:-2

PathMatchingResourcePatternResolverTests > ClassPathAll > getResourcesVsGetResource() FAILED
    java.lang.NoClassDefFoundError at ClassLoader.java:-2

PropertySourceProcessorTests > processorRegistersPropertySource() FAILED
    java.lang.NoClassDefFoundError at PropertySourceProcessorTests.java:50

PropertySourceProcessorTests > FailOnErrorTests > processorFailsOnPlaceholderResolutionException() FAILED
    java.lang.NoClassDefFoundError at Unsafe.java:-2
        Caused by: java.lang.ExceptionInInitializerError at ClassLoader.java:-2

PropertySourceProcessorTests > FailOnErrorTests > processorFailsOnFileNotFoundException() FAILED
    java.lang.NoClassDefFoundError at Unsafe.java:-2
        Caused by: java.lang.ExceptionInInitializerError at ClassLoader.java:-2

PropertySourceProcessorTests > IgnoreResourceNotFoundTests > processorIgnoresIllegalArgumentException() FAILED
    java.lang.NoClassDefFoundError at Unsafe.java:-2
        Caused by: java.lang.ExceptionInInitializerError at ClassLoader.java:-2

PropertySourceProcessorTests > IgnoreResourceNotFoundTests > processorIgnoresUnknownHostException() FAILED
    java.lang.NoClassDefFoundError at Unsafe.java:-2
        Caused by: java.lang.ExceptionInInitializerError at ClassLoader.java:-2

PropertySourceProcessorTests > IgnoreResourceNotFoundTests > processorIgnoresSupportedExceptionWrappedInUncheckedIOException() FAILED
    java.lang.NoClassDefFoundError at Unsafe.java:-2
        Caused by: java.lang.ExceptionInInitializerError at ClassLoader.java:-2

PropertySourceProcessorTests > IgnoreResourceNotFoundTests > processorIgnoresFileNotFoundException() FAILED
    java.lang.NoClassDefFoundError at Unsafe.java:-2
        Caused by: java.lang.ExceptionInInitializerError at ClassLoader.java:-2

PropertySourceProcessorTests > IgnoreResourceNotFoundTests > processorIgnoresSupportedExceptionWrappedInIllegalStateException() FAILED
    java.lang.NoClassDefFoundError at Unsafe.java:-2
        Caused by: java.lang.ExceptionInInitializerError at ClassLoader.java:-2

PropertySourceProcessorTests > IgnoreResourceNotFoundTests > processorIgnoresSocketException() FAILED
    java.lang.NoClassDefFoundError at Unsafe.java:-2
        Caused by: java.lang.ExceptionInInitializerError at ClassLoader.java:-2

ResourceArrayPropertyEditorTests > strictSystemPropertyReplacementWithUnresolvablePlaceholder() FAILED
    java.lang.NoClassDefFoundError at ResourceArrayPropertyEditorTests.java:-1

ResourceArrayPropertyEditorTests > patternResource() FAILED
    java.lang.NoClassDefFoundError at ResourceArrayPropertyEditorTests.java:-1

ResourceArrayPropertyEditorTests > vanillaResource() FAILED
    java.lang.NoClassDefFoundError at ResourceArrayPropertyEditorTests.java:-1

ResourceArrayPropertyEditorTests > systemPropertyReplacement() FAILED
    java.lang.NoClassDefFoundError at ResourceArrayPropertyEditorTests.java:-1

ResourceArrayPropertyEditorTests > commaDelimitedResourcesWithMultipleResources() FAILED
    java.lang.NoClassDefFoundError at ResourceArrayPropertyEditorTests.java:-1

ResourceArrayPropertyEditorTests > commaDelimitedResourcesWithSingleResource() FAILED
    java.lang.NoClassDefFoundError at ResourceArrayPropertyEditorTests.java:-1

ResourcePropertySourceTests > withLocationAndExplicitName() FAILED
    java.lang.NoClassDefFoundError at ResourcePropertySourceTests.java:-1

ResourcePropertySourceTests > withLocationAndGeneratedName() FAILED
    java.lang.NoClassDefFoundError at ResourcePropertySourceTests.java:-1

ResourcePropertySourceTests > withResourceHavingNoDescription() FAILED
    java.lang.NoClassDefFoundError at ResourcePropertySourceTests.java:-1

ResourcePropertySourceTests > withResourceAndGeneratedName() FAILED
    java.lang.NoClassDefFoundError at ResourcePropertySourceTests.java:-1

ResourcePropertySourceTests > xmlWithLocationAndGeneratedName() FAILED
    java.lang.NoClassDefFoundError at ResourcePropertySourceTests.java:-1

ResourcePropertySourceTests > withLocationAndGeneratedNameAndExplicitClassLoader() FAILED
    java.lang.NoClassDefFoundError at ResourcePropertySourceTests.java:-1

ResourcePropertySourceTests > withLocationAndExplicitNameAndExplicitClassLoader() FAILED
    java.lang.NoClassDefFoundError at ResourcePropertySourceTests.java:-1

ResourcePropertySourceTests > withResourceAndExplicitName() FAILED
    java.lang.NoClassDefFoundError at ResourcePropertySourceTests.java:-1

ResourceRegionTests > shouldThrowExceptionForNegativePosition() FAILED
    java.lang.NoClassDefFoundError at ResourceRegionTests.java:-1

ResourceRegionTests > shouldThrowExceptionWithNullResource() FAILED
    java.lang.NoClassDefFoundError at ResourceRegionTests.java:-1

ResourceRegionTests > shouldThrowExceptionForNegativeCount() FAILED
    java.lang.NoClassDefFoundError at ResourceRegionTests.java:-1

SpringFactoriesLoaderTests > initializationError FAILED
    java.lang.NoClassDefFoundError at SpringFactoriesLoaderTests.java:-1

CompositeLogTests > useFirstLogger() FAILED
    java.lang.NoClassDefFoundError at CompositeLogTests.java:-1

CompositeLogTests > useNeitherLogger() FAILED
    java.lang.NoClassDefFoundError at CompositeLogTests.java:-1

CompositeLogTests > useSecondLogger() FAILED
    java.lang.NoClassDefFoundError at CompositeLogTests.java:-1

LogSupportTests > logMessageWithSupplier() FAILED
    java.lang.NoClassDefFoundError at LogSupportTests.java:-1

LogSupportTests > logMessageWithFormat1() FAILED
    java.lang.NoClassDefFoundError at LogSupportTests.java:-1

LogSupportTests > logMessageWithFormat2() FAILED
    java.lang.NoClassDefFoundError at LogSupportTests.java:-1

LogSupportTests > logMessageWithFormat3() FAILED
    java.lang.NoClassDefFoundError at LogSupportTests.java:-1

LogSupportTests > logMessageWithFormat4() FAILED
    java.lang.NoClassDefFoundError at LogSupportTests.java:-1

LogSupportTests > logMessageWithFormatX() FAILED
    java.lang.NoClassDefFoundError at LogSupportTests.java:-1

MaxRetriesRetryPolicyTests > maxRetries() FAILED
    java.lang.NoClassDefFoundError at MaxRetriesRetryPolicyTests.java:-1

MaxRetriesRetryPolicyTests > maxRetriesAndPredicate() FAILED
    java.lang.NoClassDefFoundError at MaxRetriesRetryPolicyTests.java:-1

MaxRetriesRetryPolicyTests > maxRetriesWithIncludesAndExcludes() FAILED
    java.lang.NoClassDefFoundError at MaxRetriesRetryPolicyTests.java:-1

MaxRetriesRetryPolicyTests > maxRetriesZero() FAILED
    java.lang.NoClassDefFoundError at MaxRetriesRetryPolicyTests.java:-1

RetryPolicyTests > BuilderTests > backOffPlusConflictingConfig() FAILED
    java.lang.NoClassDefFoundError at ClassLoader.java:-2

RetryPolicyTests > BuilderTests > maxRetries() FAILED
    java.lang.NoClassDefFoundError at ClassLoader.java:-2

RetryPolicyTests > BuilderTests > timeoutPreconditions() FAILED
    java.lang.NoClassDefFoundError at ClassLoader.java:-2

RetryPolicyTests > BuilderTests > predicate() FAILED
    java.lang.NoClassDefFoundError at ClassLoader.java:-2

RetryPolicyTests > BuilderTests > timeout() FAILED
    java.lang.NoClassDefFoundError at ClassLoader.java:-2

RetryPolicyTests > BuilderTests > maxRetriesPreconditions() FAILED
    java.lang.NoClassDefFoundError at ClassLoader.java:-2

RetryPolicyTests > BuilderTests > jitter() FAILED
    java.lang.NoClassDefFoundError at ClassLoader.java:-2

RetryPolicyTests > BuilderTests > includesSubtypeMatching() FAILED
    java.lang.NoClassDefFoundError at ClassLoader.java:-2

RetryPolicyTests > BuilderTests > multiplierPreconditions() FAILED
    java.lang.NoClassDefFoundError at ClassLoader.java:-2

RetryPolicyTests > BuilderTests > excludesSubtypeMatching() FAILED
    java.lang.NoClassDefFoundError at ClassLoader.java:-2

RetryPolicyTests > BuilderTests > backOff() FAILED
    java.lang.NoClassDefFoundError at ClassLoader.java:-2

RetryPolicyTests > BuilderTests > includes() FAILED
    java.lang.NoClassDefFoundError at ClassLoader.java:-2

RetryPolicyTests > BuilderTests > delay() FAILED
    java.lang.NoClassDefFoundError at ClassLoader.java:-2

RetryPolicyTests > BuilderTests > maxDelayPreconditions() FAILED
    java.lang.NoClassDefFoundError at ClassLoader.java:-2

RetryPolicyTests > BuilderTests > delayPreconditions() FAILED
    java.lang.NoClassDefFoundError at ClassLoader.java:-2

RetryPolicyTests > BuilderTests > jitterPreconditions() FAILED
    java.lang.NoClassDefFoundError at ClassLoader.java:-2

RetryPolicyTests > BuilderTests > maxDelay() FAILED
    java.lang.NoClassDefFoundError at ClassLoader.java:-2

RetryPolicyTests > BuilderTests > predicatesCombined() FAILED
    java.lang.NoClassDefFoundError at ClassLoader.java:-2

RetryPolicyTests > BuilderTests > multiplier() FAILED
    java.lang.NoClassDefFoundError at ClassLoader.java:-2

RetryPolicyTests > BuilderTests > excludes() FAILED
    java.lang.NoClassDefFoundError at ClassLoader.java:-2

RetryPolicyTests > FactoryMethodTests > withDefaults() FAILED
    java.lang.NoClassDefFoundError at ClassLoader.java:-2

RetryPolicyTests > FactoryMethodTests > withMaxRetries() FAILED
    java.lang.NoClassDefFoundError at ClassLoader.java:-2

RetryPolicyTests > FactoryMethodTests > withMaxRetriesPreconditions() FAILED
    java.lang.NoClassDefFoundError at ClassLoader.java:-2

RetryTemplateTests > runnableWithExhaustedPolicy() FAILED
    java.lang.NoClassDefFoundError at RetryTemplateTests.java:375

RetryTemplateTests > retryableWithInitialFailureAndZeroRetriesRetryPolicy() FAILED
    java.lang.NoClassDefFoundError at Unsafe.java:-2
        Caused by: java.lang.ExceptionInInitializerError at RetryTemplateTests.java:375

RetryTemplateTests > retryableWithInterruptionDuringSleep() FAILED
    java.lang.NoClassDefFoundError at Unsafe.java:-2
        Caused by: java.lang.ExceptionInInitializerError at RetryTemplateTests.java:375

RetryTemplateTests > retryableWithExceptionIncludesAndExcludes(RetryPolicy) > initializationError FAILED
    java.lang.NoClassDefFoundError at Unsafe.java:-2
        Caused by: java.lang.ExceptionInInitializerError at RetryTemplateTests.java:375

RetryTemplateTests > supplierWithSuccessAfterInitialFailures() FAILED
    java.lang.NoClassDefFoundError at Unsafe.java:-2
        Caused by: java.lang.ExceptionInInitializerError at RetryTemplateTests.java:375

RetryTemplateTests > retryableWithExhaustedPolicy() FAILED
    java.lang.NoClassDefFoundError at Unsafe.java:-2
        Caused by: java.lang.ExceptionInInitializerError at RetryTemplateTests.java:375

RetryTemplateTests > retryableWithImmediateSuccess() FAILED
    java.lang.NoClassDefFoundError at Unsafe.java:-2
        Caused by: java.lang.ExceptionInInitializerError at RetryTemplateTests.java:375

RetryTemplateTests > retryableWithSuccessAfterInitialFailures() FAILED
    java.lang.NoClassDefFoundError at Unsafe.java:-2
        Caused by: java.lang.ExceptionInInitializerError at RetryTemplateTests.java:375

RetryTemplateTests > supplierWithImmediateSuccess() FAILED
    java.lang.NoClassDefFoundError at Unsafe.java:-2
        Caused by: java.lang.ExceptionInInitializerError at RetryTemplateTests.java:375

RetryTemplateTests > retryableWithInitialFailureAndZeroRetriesFixedBackOffPolicy() FAILED
    java.lang.NoClassDefFoundError at Unsafe.java:-2
        Caused by: java.lang.ExceptionInInitializerError at RetryTemplateTests.java:375

RetryTemplateTests > supplierWithExhaustedPolicy() FAILED
    java.lang.NoClassDefFoundError at Unsafe.java:-2
        Caused by: java.lang.ExceptionInInitializerError at RetryTemplateTests.java:375

RetryTemplateTests > retryableWithInitialFailureAndZeroRetriesBackOffPolicyFromBuilder() FAILED
    java.lang.NoClassDefFoundError at Unsafe.java:-2
        Caused by: java.lang.ExceptionInInitializerError at RetryTemplateTests.java:375

RetryTemplateTests > retryableWithFailingRetryableAndMultiplePredicates() FAILED
    java.lang.NoClassDefFoundError at Unsafe.java:-2
        Caused by: java.lang.ExceptionInInitializerError at RetryTemplateTests.java:375

RetryTemplateTests > runnableWithImmediateSuccess() FAILED
    java.lang.NoClassDefFoundError at Unsafe.java:-2
        Caused by: java.lang.ExceptionInInitializerError at RetryTemplateTests.java:375

RetryTemplateTests > retryableWithExceptionIncludes() FAILED
    java.lang.NoClassDefFoundError at Unsafe.java:-2
        Caused by: java.lang.ExceptionInInitializerError at RetryTemplateTests.java:375

RetryTemplateTests > runnableWithSuccessAfterInitialFailures() FAILED
    java.lang.NoClassDefFoundError at Unsafe.java:-2
        Caused by: java.lang.ExceptionInInitializerError at RetryTemplateTests.java:375

RetryTemplateTests > checkRetryTemplateConfiguration() FAILED
    java.lang.NoClassDefFoundError at Unsafe.java:-2
        Caused by: java.lang.ExceptionInInitializerError at RetryTemplateTests.java:375

RetryTemplateTests > TimeoutTests > retryableWithTimeoutExceededAfterSecondRetry() FAILED
    java.lang.NoClassDefFoundError at Unsafe.java:-2
        Caused by: java.lang.ExceptionInInitializerError at ClassLoader.java:-2

RetryTemplateTests > TimeoutTests > retryableWithTimeoutExceededAfterFirstDelayButBeforeFirstRetry() FAILED
    java.lang.NoClassDefFoundError at Unsafe.java:-2
        Caused by: java.lang.ExceptionInInitializerError at ClassLoader.java:-2

RetryTemplateTests > TimeoutTests > retryableWithTimeoutExceededAfterFirstRetry() FAILED
    java.lang.NoClassDefFoundError at Unsafe.java:-2
        Caused by: java.lang.ExceptionInInitializerError at ClassLoader.java:-2

RetryTemplateTests > TimeoutTests > retryableWithImmediateSuccessAndTimeoutExceeded() FAILED
    java.lang.NoClassDefFoundError at Unsafe.java:-2
        Caused by: java.lang.ExceptionInInitializerError at ClassLoader.java:-2

RetryTemplateTests > TimeoutTests > retryableWithInitialFailureAndZeroRetriesRetryPolicyAndTimeoutExceeded() FAILED
    java.lang.NoClassDefFoundError at Unsafe.java:-2
        Caused by: java.lang.ExceptionInInitializerError at ClassLoader.java:-2

RetryTemplateTests > TimeoutTests > retryableWithTimeoutExceededAfterInitialFailure() FAILED
    java.lang.NoClassDefFoundError at Unsafe.java:-2
        Caused by: java.lang.ExceptionInInitializerError at ClassLoader.java:-2

CompositeRetryListenerTests > onRetryPolicyExhaustion() FAILED
    java.lang.NoClassDefFoundError at CompositeRetryListenerTests.java:-1

CompositeRetryListenerTests > onRetryFailure() FAILED
    java.lang.NoClassDefFoundError at CompositeRetryListenerTests.java:-1

CompositeRetryListenerTests > beforeRetry() FAILED
    java.lang.NoClassDefFoundError at CompositeRetryListenerTests.java:-1

CompositeRetryListenerTests > onRetryPolicyTimeout() FAILED
    java.lang.NoClassDefFoundError at CompositeRetryListenerTests.java:-1

CompositeRetryListenerTests > onRetryPolicyInterruption() FAILED
    java.lang.NoClassDefFoundError at CompositeRetryListenerTests.java:-1

CompositeRetryListenerTests > onRetryableExecution() FAILED
    java.lang.NoClassDefFoundError at CompositeRetryListenerTests.java:-1

CompositeRetryListenerTests > onRetrySuccess() FAILED
    java.lang.NoClassDefFoundError at CompositeRetryListenerTests.java:-1

RetryTaskTests > callableWithImmediateSuccess() FAILED
    java.lang.NoClassDefFoundError at RetryTaskTests.java:-1

RetryTaskTests > runnableWithExhaustedPolicy() FAILED
    java.lang.NoClassDefFoundError at RetryTaskTests.java:-1

RetryTaskTests > syncTaskWithCustomTemplate() FAILED
    java.lang.NoClassDefFoundError at RetryTaskTests.java:-1

RetryTaskTests > asyncTaskWithExhaustedPolicy() FAILED
    java.lang.NoClassDefFoundError at RetryTaskTests.java:-1

RetryTaskTests > syncTaskWithSuccessAfterInitialFailures() FAILED
    java.lang.NoClassDefFoundError at RetryTaskTests.java:-1

RetryTaskTests > asyncTaskWithSuccessAfterInitialFailures() FAILED
    java.lang.NoClassDefFoundError at RetryTaskTests.java:-1

RetryTaskTests > asyncTaskWithImmediateSuccess() FAILED
    java.lang.NoClassDefFoundError at RetryTaskTests.java:-1

RetryTaskTests > callableWithSuccessAfterInitialFailures() FAILED
    java.lang.NoClassDefFoundError at RetryTaskTests.java:-1

RetryTaskTests > callableWithExhaustedPolicy() FAILED
    java.lang.NoClassDefFoundError at RetryTaskTests.java:-1

RetryTaskTests > runnableWithImmediateSuccess() FAILED
    java.lang.NoClassDefFoundError at RetryTaskTests.java:-1

RetryTaskTests > syncTaskWithImmediateSuccess() FAILED
    java.lang.NoClassDefFoundError at RetryTaskTests.java:-1

RetryTaskTests > runnableWithSuccessAfterInitialFailures() FAILED
    java.lang.NoClassDefFoundError at RetryTaskTests.java:-1

RetryTaskTests > asyncTaskWithCustomTemplate() FAILED
    java.lang.NoClassDefFoundError at RetryTaskTests.java:-1

RetryTaskTests > syncTaskWithExhaustedPolicy() FAILED
    java.lang.NoClassDefFoundError at RetryTaskTests.java:-1

RetryTaskTests > runnableWithCustomTemplate() FAILED
    java.lang.NoClassDefFoundError at RetryTaskTests.java:-1

RetryTaskTests > callableWithCustomTemplate() FAILED
    java.lang.NoClassDefFoundError at RetryTaskTests.java:-1

SerializationConverterTests > serializeAndDeserializeStringWithExplicitSerializer() FAILED
    java.lang.NoClassDefFoundError at SerializationConverterTests.java:-1

SerializationConverterTests > deserializationFailure() FAILED
    java.lang.NoClassDefFoundError at SerializationConverterTests.java:-1

SerializationConverterTests > nonSerializableObject() FAILED
    java.lang.NoClassDefFoundError at SerializationConverterTests.java:-1

SerializationConverterTests > nonSerializableField() FAILED
    java.lang.NoClassDefFoundError at SerializationConverterTests.java:-1

SerializationConverterTests > deserializationWithExplicitDeserializer() FAILED
    java.lang.NoClassDefFoundError at SerializationConverterTests.java:-1

SerializationConverterTests > serializeAndDeserializeStringWithDefaultSerializer() FAILED
    java.lang.NoClassDefFoundError at SerializationConverterTests.java:-1

SerializationConverterTests > deserializationIOException() FAILED
    java.lang.NoClassDefFoundError at SerializationConverterTests.java:-1

SerializationConverterTests > deserializationWithExplicitClassLoader() FAILED
    java.lang.NoClassDefFoundError at SerializationConverterTests.java:-1

SerializerTests > defaultDeserializerExposesConfiguredClassLoader() FAILED
    java.lang.NoClassDefFoundError at SerializerTests.java:-1

SerializerTests > deserializeToByteArray() FAILED
    java.lang.NoClassDefFoundError at SerializerTests.java:-1

SerializerTests > serializationDelegateWithExplicitSerializerAndDeserializer() FAILED
    java.lang.NoClassDefFoundError at SerializerTests.java:-1

SerializerTests > defaultDeserializerExposesNullClassLoaderByDefault() FAILED
    java.lang.NoClassDefFoundError at SerializerTests.java:-1

SerializerTests > serializationDelegateWithExplicitClassLoader() FAILED
    java.lang.NoClassDefFoundError at SerializerTests.java:-1

SerializerTests > serializeToByteArray() FAILED
    java.lang.NoClassDefFoundError at SerializerTests.java:-1

DefaultValueStylerTests > styleMapEntries() FAILED
    java.lang.NoClassDefFoundError at DefaultValueStylerTests.java:-1

DefaultValueStylerTests > stylePrimitiveArrays() FAILED
    java.lang.NoClassDefFoundError at DefaultValueStylerTests.java:-1

DefaultValueStylerTests > styleBasics() FAILED
    java.lang.NoClassDefFoundError at DefaultValueStylerTests.java:-1

DefaultValueStylerTests > styleObjectArrays() FAILED
    java.lang.NoClassDefFoundError at DefaultValueStylerTests.java:-1

DefaultValueStylerTests > styleLists() FAILED
    java.lang.NoClassDefFoundError at DefaultValueStylerTests.java:-1

DefaultValueStylerTests > stylePlainObject() FAILED
    java.lang.NoClassDefFoundError at DefaultValueStylerTests.java:-1

DefaultValueStylerTests > styleMaps() FAILED
    java.lang.NoClassDefFoundError at DefaultValueStylerTests.java:-1

SimpleValueStylerTests > CustomClassAndMethodStylers > styleClassMap() FAILED
    java.lang.NoClassDefFoundError at ClassLoader.java:-2

SimpleValueStylerTests > CustomClassAndMethodStylers > styleClassArray() FAILED
    java.lang.NoClassDefFoundError at ClassLoader.java:-2

SimpleValueStylerTests > CustomClassAndMethodStylers > styleClassList() FAILED
    java.lang.NoClassDefFoundError at ClassLoader.java:-2

SimpleValueStylerTests > CustomClassAndMethodStylers > styleMethod() FAILED
    java.lang.NoClassDefFoundError at ClassLoader.java:-2

SimpleValueStylerTests > CustomClassAndMethodStylers > styleClass() FAILED
    java.lang.NoClassDefFoundError at ClassLoader.java:-2

SimpleValueStylerTests > CommonStyling > styleMapEntries() FAILED
    java.lang.NoClassDefFoundError at ClassLoader.java:-2

SimpleValueStylerTests > CommonStyling > stylePrimitiveArrays() FAILED
    java.lang.NoClassDefFoundError at ClassLoader.java:-2

SimpleValueStylerTests > CommonStyling > styleBasics() FAILED
    java.lang.NoClassDefFoundError at ClassLoader.java:-2

SimpleValueStylerTests > CommonStyling > styleObjectArrays() FAILED
    java.lang.NoClassDefFoundError at ClassLoader.java:-2

SimpleValueStylerTests > CommonStyling > styleLists() FAILED
    java.lang.NoClassDefFoundError at ClassLoader.java:-2

SimpleValueStylerTests > CommonStyling > stylePlainObject() FAILED
    java.lang.NoClassDefFoundError at ClassLoader.java:-2

SimpleValueStylerTests > CommonStyling > styleMaps() FAILED
    java.lang.NoClassDefFoundError at ClassLoader.java:-2

SimpleValueStylerTests > DefaultClassAndMethodStylers > styleClassMap() FAILED
    java.lang.NoClassDefFoundError at ClassLoader.java:-2

SimpleValueStylerTests > DefaultClassAndMethodStylers > styleClassArray() FAILED
    java.lang.NoClassDefFoundError at ClassLoader.java:-2

SimpleValueStylerTests > DefaultClassAndMethodStylers > styleClassList() FAILED
    java.lang.NoClassDefFoundError at ClassLoader.java:-2

SimpleValueStylerTests > DefaultClassAndMethodStylers > styleMethod() FAILED
    java.lang.NoClassDefFoundError at ClassLoader.java:-2

SimpleValueStylerTests > DefaultClassAndMethodStylers > styleClass() FAILED
    java.lang.NoClassDefFoundError at ClassLoader.java:-2

ToStringCreatorTests > appendList() FAILED
    java.lang.NoClassDefFoundError at ToStringCreatorTests.java:-1

ToStringCreatorTests > primitiveArray() FAILED
    java.lang.NoClassDefFoundError at ToStringCreatorTests.java:-1

ToStringCreatorTests > objectArray() FAILED
    java.lang.NoClassDefFoundError at ToStringCreatorTests.java:-1

ToStringCreatorTests > appendNestedClass() FAILED
    java.lang.NoClassDefFoundError at ToStringCreatorTests.java:-1

ToStringCreatorTests > appendTopLevelMethod() FAILED
    java.lang.NoClassDefFoundError at ToStringCreatorTests.java:-1

ToStringCreatorTests > appendTopLevelClass() FAILED
    java.lang.NoClassDefFoundError at ToStringCreatorTests.java:-1

ToStringCreatorTests > appendNestedMethod() FAILED
    java.lang.NoClassDefFoundError at ToStringCreatorTests.java:-1

ToStringCreatorTests > appendMap() FAILED
    java.lang.NoClassDefFoundError at ToStringCreatorTests.java:-1

ToStringCreatorTests > appendSet() FAILED
    java.lang.NoClassDefFoundError at ToStringCreatorTests.java:-1

SimpleAsyncTaskExecutorTests > threadFactoryOverridesDefaults() FAILED
    java.lang.NoClassDefFoundError at SimpleAsyncTaskExecutorTests.java:-1

SimpleAsyncTaskExecutorTests > threadNameGetsSetCorrectly() FAILED
    java.lang.NoClassDefFoundError at SimpleAsyncTaskExecutorTests.java:-1

SimpleAsyncTaskExecutorTests > taskTerminationTimeoutWithImmediateCancel() FAILED
    java.lang.NoClassDefFoundError at SimpleAsyncTaskExecutorTests.java:-1

SimpleAsyncTaskExecutorTests > isActiveUntilClose() FAILED
    java.lang.NoClassDefFoundError at SimpleAsyncTaskExecutorTests.java:-1

SimpleAsyncTaskExecutorTests > cannotExecuteWhenConcurrencyIsSwitchedOff() FAILED
    java.lang.NoClassDefFoundError at SimpleAsyncTaskExecutorTests.java:-1

SimpleAsyncTaskExecutorTests > executeFailsToStartThreadReleasesConcurrencyPermit() FAILED
    java.lang.NoClassDefFoundError at SimpleAsyncTaskExecutorTests.java:-1

SimpleAsyncTaskExecutorTests > cancelRemainingTasksOnClose() FAILED
    java.lang.NoClassDefFoundError at SimpleAsyncTaskExecutorTests.java:-1

SimpleAsyncTaskExecutorTests > throwsExceptionWhenSuppliedWithNullRunnable() FAILED
    java.lang.NoClassDefFoundError at SimpleAsyncTaskExecutorTests.java:-1

SimpleAsyncTaskExecutorTests > taskTerminationTimeoutWithEarlyInterrupt() FAILED
    java.lang.NoClassDefFoundError at SimpleAsyncTaskExecutorTests.java:-1

SimpleAsyncTaskExecutorTests > taskTerminationTimeoutWithLateInterrupt() FAILED
    java.lang.NoClassDefFoundError at SimpleAsyncTaskExecutorTests.java:-1

SimpleAsyncTaskExecutorTests > taskRejectedWhenConcurrencyLimitReached() FAILED
    java.lang.NoClassDefFoundError at SimpleAsyncTaskExecutorTests.java:-1

SimpleAsyncTaskExecutorTests > taskTerminationTimeout() FAILED
    java.lang.NoClassDefFoundError at SimpleAsyncTaskExecutorTests.java:-1

SyncTaskExecutorTests > plainExecution() FAILED
    java.lang.NoClassDefFoundError at SyncTaskExecutorTests.java:-1

SyncTaskExecutorTests > withConcurrencyLimit() FAILED
    java.lang.NoClassDefFoundError at SyncTaskExecutorTests.java:-1

SyncTaskExecutorTests > withConcurrencyLimitAndResult() FAILED
    java.lang.NoClassDefFoundError at SyncTaskExecutorTests.java:-1

SyncTaskExecutorTests > withConcurrencyLimitAndException() FAILED
    java.lang.NoClassDefFoundError at SyncTaskExecutorTests.java:-1

SyncTaskExecutorTests > taskRejectedWhenConcurrencyLimitReached() FAILED
    java.lang.NoClassDefFoundError at SyncTaskExecutorTests.java:-1

CompositeTaskDecoratorTests > decorateReusesResultOfPreviousRun() FAILED
    java.lang.NoClassDefFoundError at CompositeTaskDecoratorTests.java:-1

CompositeTaskDecoratorTests > createWithNullCollection() FAILED
    java.lang.NoClassDefFoundError at CompositeTaskDecoratorTests.java:-1

CompositeTaskDecoratorTests > decorate() FAILED
    java.lang.NoClassDefFoundError at CompositeTaskDecoratorTests.java:-1

CompositeTaskDecoratorTests > decorateWithNullRunnable() FAILED
    java.lang.NoClassDefFoundError at CompositeTaskDecoratorTests.java:-1

ContextPropagatingTaskDecoratorTests > shouldPropagateContextInTaskExecution() FAILED
    java.lang.NoClassDefFoundError at ContextPropagatingTaskDecoratorTests.java:-1

TestGroupParsingTests > parseNull() FAILED
    java.lang.NoClassDefFoundError at TestGroupParsingTests.java:-1

TestGroupParsingTests > parseInMixedCase() FAILED
    java.lang.NoClassDefFoundError at TestGroupParsingTests.java:-1

TestGroupParsingTests > parseMissing() FAILED
    java.lang.NoClassDefFoundError at TestGroupParsingTests.java:-1

TestGroupParsingTests > parseAllExceptLongRunning() FAILED
    java.lang.NoClassDefFoundError at TestGroupParsingTests.java:-1

TestGroupParsingTests > parseAllExceptMissing() FAILED
    java.lang.NoClassDefFoundError at TestGroupParsingTests.java:-1

TestGroupParsingTests > parseEmptyString() FAILED
    java.lang.NoClassDefFoundError at TestGroupParsingTests.java:-1

TestGroupParsingTests > parseAll() FAILED
    java.lang.NoClassDefFoundError at TestGroupParsingTests.java:-1

TestGroupParsingTests > parseWithSpaces() FAILED
    java.lang.NoClassDefFoundError at TestGroupParsingTests.java:-1

TestGroupParsingTests > parseBlankString() FAILED
    java.lang.NoClassDefFoundError at TestGroupParsingTests.java:-1

TestGroupTests > assumeGroupWithBogusActiveTestGroup() FAILED
    java.lang.NoClassDefFoundError at TestGroupTests.java:-1

TestGroupTests > assumeGroupWithAllMinusBogusActiveTestGroup() FAILED
    java.lang.NoClassDefFoundError at TestGroupTests.java:-1

TestGroupTests > assumeGroupWithNoActiveTestGroups() FAILED
    java.lang.NoClassDefFoundError at TestGroupTests.java:-1

TestGroupTests > assumeGroupWithMatchingActiveTestGroup() FAILED
    java.lang.NoClassDefFoundError at TestGroupTests.java:-1

AnnotationMetadataTests > metaAnnotationOverridesUsingSimpleAnnotationMetadata() FAILED
    java.lang.NoClassDefFoundError at AnnotationMetadataTests.java:-1

AnnotationMetadataTests > composedAnnotationWithMetaAnnotationsWithIdenticalAttributeNamesUsingStandardAnnotationMetadata() FAILED
    java.lang.NoClassDefFoundError at AnnotationMetadataTests.java:-1

AnnotationMetadataTests > inheritedAnnotationWithMetaAnnotationsWithIdenticalAttributeNamesUsingSimpleAnnotationMetadata() FAILED
    java.lang.NoClassDefFoundError at AnnotationMetadataTests.java:-1

AnnotationMetadataTests > multipleAnnotationsWithIdenticalAttributeNamesUsingStandardAnnotationMetadata() FAILED
    java.lang.NoClassDefFoundError at AnnotationMetadataTests.java:-1

AnnotationMetadataTests > asmAnnotationMetadataForInterface() FAILED
    java.lang.NoClassDefFoundError at AnnotationMetadataTests.java:-1

AnnotationMetadataTests > asmAnnotationMetadata() FAILED
    java.lang.NoClassDefFoundError at AnnotationMetadataTests.java:-1

AnnotationMetadataTests > multipleComposedRepeatableAnnotationsSortedByReversedMetaDistanceUsingSimpleAnnotationMetadata() FAILED
    java.lang.NoClassDefFoundError at AnnotationMetadataTests.java:-1

AnnotationMetadataTests > metaAnnotationOverridesUsingStandardAnnotationMetadata() FAILED
    java.lang.NoClassDefFoundError at AnnotationMetadataTests.java:-1

AnnotationMetadataTests > multipleAnnotationsWithIdenticalAttributeNamesUsingSimpleAnnotationMetadata() FAILED
    java.lang.NoClassDefFoundError at AnnotationMetadataTests.java:-1

AnnotationMetadataTests > multipleComposedRepeatableAnnotationsUsingSimpleAnnotationMetadata() FAILED
    java.lang.NoClassDefFoundError at AnnotationMetadataTests.java:-1

AnnotationMetadataTests > multipleRepeatableAnnotationsInContainersUsingSimpleAnnotationMetadata() FAILED
    java.lang.NoClassDefFoundError at AnnotationMetadataTests.java:-1

AnnotationMetadataTests > standardAnnotationMetadataForSubclass() FAILED
    java.lang.NoClassDefFoundError at AnnotationMetadataTests.java:-1

AnnotationMetadataTests > inheritedAnnotationWithMetaAnnotationsWithIdenticalAttributeNamesUsingStandardAnnotationMetadata() FAILED
    java.lang.NoClassDefFoundError at AnnotationMetadataTests.java:-1

AnnotationMetadataTests > standardAnnotationMetadataForAnnotation() FAILED
    java.lang.NoClassDefFoundError at AnnotationMetadataTests.java:-1

AnnotationMetadataTests > standardAnnotationMetadataForInterface() FAILED
    java.lang.NoClassDefFoundError at AnnotationMetadataTests.java:-1

AnnotationMetadataTests > asmAnnotationMetadataForSubclass() FAILED
    java.lang.NoClassDefFoundError at AnnotationMetadataTests.java:-1

AnnotationMetadataTests > standardAnnotationMetadata() FAILED
    java.lang.NoClassDefFoundError at AnnotationMetadataTests.java:-1

AnnotationMetadataTests > multipleRepeatableAnnotationsInContainersUsingStandardAnnotationMetadata() FAILED
    java.lang.NoClassDefFoundError at AnnotationMetadataTests.java:-1

AnnotationMetadataTests > multipleRepeatableAnnotationsInContainersUsingAnnotatedElementUtils() FAILED
    java.lang.NoClassDefFoundError at AnnotationMetadataTests.java:-1

AnnotationMetadataTests > standardAnnotationMetadata_nestedAnnotationsAsMap_false() FAILED
    java.lang.NoClassDefFoundError at AnnotationMetadataTests.java:-1

AnnotationMetadataTests > multipleComposedRepeatableAnnotationsUsingStandardAnnotationMetadata() FAILED
    java.lang.NoClassDefFoundError at AnnotationMetadataTests.java:-1

AnnotationMetadataTests > multipleComposedRepeatableAnnotationsSortedByReversedMetaDistanceUsingStandardAnnotationMetadata() FAILED
    java.lang.NoClassDefFoundError at AnnotationMetadataTests.java:-1

AnnotationMetadataTests > composedAnnotationWithMetaAnnotationsWithIdenticalAttributeNamesUsingSimpleAnnotationMetadata() FAILED
    java.lang.NoClassDefFoundError at AnnotationMetadataTests.java:-1

AnnotationMetadataTests > multipleComposedRepeatableAnnotationsUsingAnnotatedElementUtils() FAILED
    java.lang.NoClassDefFoundError at AnnotationMetadataTests.java:-1

AnnotationMetadataTests > asmAnnotationMetadataForAnnotation() FAILED
    java.lang.NoClassDefFoundError at AnnotationMetadataTests.java:-1

AnnotationTypeFilterTests > directAnnotationMatch() FAILED
    java.lang.NoClassDefFoundError at AnnotationTypeFilterTests.java:-1

AnnotationTypeFilterTests > inheritedAnnotationFromInterfaceDoesNotMatch() FAILED
    java.lang.NoClassDefFoundError at AnnotationTypeFilterTests.java:-1

AnnotationTypeFilterTests > inheritedAnnotationFromBaseClassDoesMatch() FAILED
    java.lang.NoClassDefFoundError at AnnotationTypeFilterTests.java:-1

AnnotationTypeFilterTests > matchesInterfacesIfConfigured() FAILED
    java.lang.NoClassDefFoundError at AnnotationTypeFilterTests.java:-1

AnnotationTypeFilterTests > nonAnnotatedClassDoesntMatch() FAILED
    java.lang.NoClassDefFoundError at AnnotationTypeFilterTests.java:-1

AnnotationTypeFilterTests > nonInheritedAnnotationDoesNotMatch() FAILED
    java.lang.NoClassDefFoundError at AnnotationTypeFilterTests.java:-1

AspectJTypeFilterTests > compositionPatternNoMatches() FAILED
    java.lang.NoClassDefFoundError at AspectJTypeFilterTests.java:-1

AspectJTypeFilterTests > annotationPatternMatches() FAILED
    java.lang.NoClassDefFoundError at AspectJTypeFilterTests.java:-1

AspectJTypeFilterTests > subclassPatternNoMatches() FAILED
    java.lang.NoClassDefFoundError at AspectJTypeFilterTests.java:-1

AspectJTypeFilterTests > compositionPatternMatches() FAILED
    java.lang.NoClassDefFoundError at AspectJTypeFilterTests.java:-1

AspectJTypeFilterTests > annotationPatternNoMatches() FAILED
    java.lang.NoClassDefFoundError at AspectJTypeFilterTests.java:-1

AspectJTypeFilterTests > namePatternNoMatches() FAILED
    java.lang.NoClassDefFoundError at AspectJTypeFilterTests.java:-1

AspectJTypeFilterTests > namePatternMatches() FAILED
    java.lang.NoClassDefFoundError at AspectJTypeFilterTests.java:-1

AspectJTypeFilterTests > subclassPatternMatches() FAILED
    java.lang.NoClassDefFoundError at AspectJTypeFilterTests.java:-1

AssignableTypeFilterTests > directMatch() FAILED
    java.lang.NoClassDefFoundError at AssignableTypeFilterTests.java:-1

AssignableTypeFilterTests > interfaceThroughSuperClassMatch() FAILED
    java.lang.NoClassDefFoundError at AssignableTypeFilterTests.java:-1

AssignableTypeFilterTests > superClassMatch() FAILED
    java.lang.NoClassDefFoundError at AssignableTypeFilterTests.java:-1

AssignableTypeFilterTests > interfaceMatch() FAILED
    java.lang.NoClassDefFoundError at AssignableTypeFilterTests.java:-1

InheritedAnnotationsAnnotationMetadataTests > getAnnotationAttributes() FAILED
    java.lang.NoClassDefFoundError at InheritedAnnotationsAnnotationMetadataTests.java:-1

InheritedAnnotationsAnnotationMetadataTests > isAnnotated() FAILED
    java.lang.NoClassDefFoundError at InheritedAnnotationsAnnotationMetadataTests.java:-1

InheritedAnnotationsAnnotationMetadataTests > hasMetaAnnotation() FAILED
    java.lang.NoClassDefFoundError at InheritedAnnotationsAnnotationMetadataTests.java:-1

InheritedAnnotationsAnnotationMetadataTests > getMetaAnnotationTypes() FAILED
    java.lang.NoClassDefFoundError at InheritedAnnotationsAnnotationMetadataTests.java:-1

InheritedAnnotationsAnnotationMetadataTests > hasAnnotation() FAILED
    java.lang.NoClassDefFoundError at InheritedAnnotationsAnnotationMetadataTests.java:-1

InheritedAnnotationsAnnotationMetadataTests > getAllAnnotationAttributes() FAILED
    java.lang.NoClassDefFoundError at InheritedAnnotationsAnnotationMetadataTests.java:-1

InheritedAnnotationsAnnotationMetadataTests > getAnnotationTypes() FAILED
    java.lang.NoClassDefFoundError at InheritedAnnotationsAnnotationMetadataTests.java:-1

StandardAnnotationMetadataTests > AnnotationTests > getRepeatableReturnsAttributes() FAILED
    java.lang.NoClassDefFoundError at ClassLoader.java:-2

StandardAnnotationMetadataTests > AnnotationTests > getAnnotationAttributeIntType() FAILED
    java.lang.NoClassDefFoundError at ClassLoader.java:-2

StandardAnnotationMetadataTests > AnnotationTests > hasAnnotatedMethodsWhenMatchesDirectAnnotationReturnsTrue() FAILED
    java.lang.NoClassDefFoundError at ClassLoader.java:-2

StandardAnnotationMetadataTests > AnnotationTests > isAnnotatedWhenMatchesDirectAnnotationReturnsTrue() FAILED
    java.lang.NoClassDefFoundError at ClassLoader.java:-2

StandardAnnotationMetadataTests > AnnotationTests > getAnnotationTypesReturnsDirectAnnotations() FAILED
    java.lang.NoClassDefFoundError at ClassLoader.java:-2

StandardAnnotationMetadataTests > AnnotationTests > hasAnnotationWhenDoesNotMatchDirectOrMetaAnnotationReturnsFalse() FAILED
    java.lang.NoClassDefFoundError at ClassLoader.java:-2

StandardAnnotationMetadataTests > AnnotationTests > hasAnnotatedMethodsWhenDoesNotMatchAnyAnnotationReturnsFalse() FAILED
    java.lang.NoClassDefFoundError at ClassLoader.java:-2

StandardAnnotationMetadataTests > AnnotationTests > getAllAnnotationAttributesReturnsAllAttributes() FAILED
    java.lang.NoClassDefFoundError at ClassLoader.java:-2

StandardAnnotationMetadataTests > AnnotationTests > getAnnotationsReturnsDirectAnnotations() FAILED
    java.lang.NoClassDefFoundError at ClassLoader.java:-2

StandardAnnotationMetadataTests > AnnotationTests > hasAnnotationWhenMatchesMetaAnnotationReturnsFalse() FAILED
    java.lang.NoClassDefFoundError at ClassLoader.java:-2

StandardAnnotationMetadataTests > AnnotationTests > hasMetaAnnotationWhenMatchesDirectReturnsFalse() FAILED
    java.lang.NoClassDefFoundError at ClassLoader.java:-2

StandardAnnotationMetadataTests > AnnotationTests > getComplexAttributeTypesReturnsAll() FAILED
    java.lang.NoClassDefFoundError at ClassLoader.java:-2

StandardAnnotationMetadataTests > AnnotationTests > hasAnnotationWhenMatchesDirectAnnotationReturnsTrue() FAILED
    java.lang.NoClassDefFoundError at ClassLoader.java:-2

StandardAnnotationMetadataTests > AnnotationTests > getAnnotationAttributesReturnsAttributes() FAILED
    java.lang.NoClassDefFoundError at ClassLoader.java:-2

StandardAnnotationMetadataTests > AnnotationTests > isAnnotatedWhenDoesNotMatchDirectOrMetaAnnotationReturnsFalse() FAILED
    java.lang.NoClassDefFoundError at ClassLoader.java:-2

StandardAnnotationMetadataTests > AnnotationTests > isAnnotatedWhenMatchesMetaAnnotationReturnsTrue() FAILED
    java.lang.NoClassDefFoundError at ClassLoader.java:-2

StandardAnnotationMetadataTests > AnnotationTests > hasMetaAnnotationWhenDoesNotMatchDirectOrMetaAnnotationReturnsFalse() FAILED
    java.lang.NoClassDefFoundError at ClassLoader.java:-2

StandardAnnotationMetadataTests > AnnotationTests > getComplexAttributeTypesReturnsAllWithKotlinMetadata() FAILED
    java.lang.NoClassDefFoundError at ClassLoader.java:-2

StandardAnnotationMetadataTests > AnnotationTests > getAnnotatedMethodsReturnsMatchingAnnotatedAndMetaAnnotatedMethods() FAILED
    java.lang.NoClassDefFoundError at ClassLoader.java:-2

StandardAnnotationMetadataTests > AnnotationTests > getMetaAnnotationTypesReturnsMetaAnnotations() FAILED
    java.lang.NoClassDefFoundError at ClassLoader.java:-2

StandardAnnotationMetadataTests > AnnotationTests > hasMetaAnnotationWhenMatchesMetaAnnotationReturnsTrue() FAILED
    java.lang.NoClassDefFoundError at ClassLoader.java:-2

StandardAnnotationMetadataTests > AnnotationTests > hasAnnotatedMethodsWhenMatchesMetaAnnotationReturnsTrue() FAILED
    java.lang.NoClassDefFoundError at ClassLoader.java:-2

StandardAnnotationMetadataTests > MethodTests > declaredMethodsToString() FAILED
    java.lang.NoClassDefFoundError at ClassLoader.java:-2

StandardAnnotationMetadataTests > TypeTests > isAnnotationWhenAnnotationReturnsTrue() FAILED
    java.lang.NoClassDefFoundError at ClassLoader.java:-2

StandardAnnotationMetadataTests > TypeTests > getEnclosingClassNameWhenHasNoEnclosingClassReturnsNull() FAILED
    java.lang.NoClassDefFoundError at ClassLoader.java:-2

StandardAnnotationMetadataTests > TypeTests > getMemberClassNamesWhenHasNestedMemberClassesReturnsOnlyFirstLevel() FAILED
    java.lang.NoClassDefFoundError at ClassLoader.java:-2

StandardAnnotationMetadataTests > TypeTests > memberClassEquals() FAILED
    java.lang.NoClassDefFoundError at ClassLoader.java:-2

StandardAnnotationMetadataTests > TypeTests > getEnclosingClassNameWhenNestedMemberClassReturnsImmediateEnclosingClass() FAILED
    java.lang.NoClassDefFoundError at ClassLoader.java:-2

StandardAnnotationMetadataTests > TypeTests > classEquals() FAILED
    java.lang.NoClassDefFoundError at ClassLoader.java:-2

StandardAnnotationMetadataTests > TypeTests > isFinalWhenFinalReturnsTrue() FAILED
    java.lang.NoClassDefFoundError at ClassLoader.java:-2

StandardAnnotationMetadataTests > TypeTests > isAnnotationWhenNotAnnotationReturnsFalse() FAILED
    java.lang.NoClassDefFoundError at ClassLoader.java:-2

StandardAnnotationMetadataTests > TypeTests > isIndependentWhenIndependentReturnsTrue() FAILED
    java.lang.NoClassDefFoundError at ClassLoader.java:-2

StandardAnnotationMetadataTests > TypeTests > classToString() FAILED
    java.lang.NoClassDefFoundError at ClassLoader.java:-2

StandardAnnotationMetadataTests > TypeTests > getSuperClassNameWhenHasNoSuperClassReturnsNull() FAILED
    java.lang.NoClassDefFoundError at ClassLoader.java:-2

StandardAnnotationMetadataTests > TypeTests > getEnclosingClassNameWhenHasEnclosingClassReturnsEnclosingClass() FAILED
    java.lang.NoClassDefFoundError at ClassLoader.java:-2

StandardAnnotationMetadataTests > TypeTests > getSuperClassNameWhenPackageInfoReturnsNull() FAILED
    java.lang.NoClassDefFoundError at ClassLoader.java:-2

StandardAnnotationMetadataTests > TypeTests > getMemberClassNamesWhenHasMemberClassesReturnsNames() FAILED
    java.lang.NoClassDefFoundError at ClassLoader.java:-2

StandardAnnotationMetadataTests > TypeTests > getClassNameReturnsClassName() FAILED
    java.lang.NoClassDefFoundError at ClassLoader.java:-2

StandardAnnotationMetadataTests > TypeTests > getSuperClassNameWhenHasSuperClassReturnsName() FAILED
    java.lang.NoClassDefFoundError at ClassLoader.java:-2

StandardAnnotationMetadataTests > TypeTests > isIndependentWhenNotIndependentReturnsFalse() FAILED
    java.lang.NoClassDefFoundError at ClassLoader.java:-2

StandardAnnotationMetadataTests > TypeTests > classHashCode() FAILED
    java.lang.NoClassDefFoundError at ClassLoader.java:-2

StandardAnnotationMetadataTests > TypeTests > memberClassHashCode() FAILED
    java.lang.NoClassDefFoundError at ClassLoader.java:-2

StandardAnnotationMetadataTests > TypeTests > isFinalWhenNonFinalReturnsFalse() FAILED
    java.lang.NoClassDefFoundError at ClassLoader.java:-2

StandardAnnotationMetadataTests > TypeTests > getInterfaceNamesWhenHasNoInterfacesReturnsEmptyArray() FAILED
    java.lang.NoClassDefFoundError at ClassLoader.java:-2

StandardAnnotationMetadataTests > TypeTests > isInterfaceWhenNotInterfaceReturnsFalse() FAILED
    java.lang.NoClassDefFoundError at ClassLoader.java:-2

StandardAnnotationMetadataTests > TypeTests > getMemberClassNamesWhenHasNoMemberClassesReturnsEmptyArray() FAILED
    java.lang.NoClassDefFoundError at ClassLoader.java:-2

StandardAnnotationMetadataTests > TypeTests > getInterfaceNamesWhenHasInterfacesReturnsNames() FAILED
    java.lang.NoClassDefFoundError at ClassLoader.java:-2

StandardAnnotationMetadataTests > TypeTests > isInterfaceWhenInterfaceReturnsTrue() FAILED
    java.lang.NoClassDefFoundError at ClassLoader.java:-2

StandardClassMetadataMemberClassTests > againstMemberClass() FAILED
    java.lang.NoClassDefFoundError at StandardClassMetadataMemberClassTests.java:-1

StandardClassMetadataMemberClassTests > withNoMemberClasses() FAILED
    java.lang.NoClassDefFoundError at StandardClassMetadataMemberClassTests.java:-1

StandardClassMetadataMemberClassTests > withNonPublicMemberClasses() FAILED
    java.lang.NoClassDefFoundError at StandardClassMetadataMemberClassTests.java:-1

StandardClassMetadataMemberClassTests > withPublicMemberClasses() FAILED
    java.lang.NoClassDefFoundError at StandardClassMetadataMemberClassTests.java:-1

StandardMethodMetadataTests > getReturnTypeReturnsTwoDimensionalPrimitiveArrayForTwoDimensionalPrimitiveArrayReturnType() FAILED
    java.lang.NoClassDefFoundError at StandardMethodMetadataTests.java:-1

StandardMethodMetadataTests > getDeclaringClassReturnsDeclaringClass() FAILED
    java.lang.NoClassDefFoundError at StandardMethodMetadataTests.java:-1

StandardMethodMetadataTests > metadataLoadsForNestedAnnotations() FAILED
    java.lang.NoClassDefFoundError at StandardMethodMetadataTests.java:-1

StandardMethodMetadataTests > getReturnTypeReturnsStringArrayForStringArrayReturnType() FAILED
    java.lang.NoClassDefFoundError at StandardMethodMetadataTests.java:-1

StandardMethodMetadataTests > isAnnotatedWhenMatchesDirectAnnotationReturnsTrue() FAILED
    java.lang.NoClassDefFoundError at StandardMethodMetadataTests.java:-1

StandardMethodMetadataTests > isStaticWhenNonStaticReturnsFalse() FAILED
    java.lang.NoClassDefFoundError at StandardMethodMetadataTests.java:-1

StandardMethodMetadataTests > getReturnTypeReturnsVoidForVoidReturnType() FAILED
    java.lang.NoClassDefFoundError at StandardMethodMetadataTests.java:-1

StandardMethodMetadataTests > verifyToString() FAILED
    java.lang.NoClassDefFoundError at StandardMethodMetadataTests.java:-1

StandardMethodMetadataTests > isFinalWhenFinalReturnsTrue() FAILED
    java.lang.NoClassDefFoundError at StandardMethodMetadataTests.java:-1

StandardMethodMetadataTests > isAbstractWhenNotAbstractReturnsFalse() FAILED
    java.lang.NoClassDefFoundError at StandardMethodMetadataTests.java:-1

StandardMethodMetadataTests > verifyEquals() FAILED
    java.lang.NoClassDefFoundError at StandardMethodMetadataTests.java:-1

StandardMethodMetadataTests > getReturnTypeReturnsPrimitiveArrayForPrimitiveArrayReturnType() FAILED
    java.lang.NoClassDefFoundError at StandardMethodMetadataTests.java:-1

StandardMethodMetadataTests > getReturnTypeReturnsTwoDimensionalStringArrayForTwoDimensionalStringArrayReturnType() FAILED
    java.lang.NoClassDefFoundError at StandardMethodMetadataTests.java:-1

StandardMethodMetadataTests > isOverridableWhenOverridableReturnsTrue() FAILED
    java.lang.NoClassDefFoundError at StandardMethodMetadataTests.java:-1

StandardMethodMetadataTests > getAllAnnotationAttributesReturnsAllAttributes() FAILED
    java.lang.NoClassDefFoundError at StandardMethodMetadataTests.java:-1

StandardMethodMetadataTests > getAnnotationsReturnsDirectAnnotations() FAILED
    java.lang.NoClassDefFoundError at StandardMethodMetadataTests.java:-1

StandardMethodMetadataTests > getMethodNameReturnsMethodName() FAILED
    java.lang.NoClassDefFoundError at StandardMethodMetadataTests.java:-1

StandardMethodMetadataTests > isStaticWhenStaticReturnsTrue() FAILED
    java.lang.NoClassDefFoundError at StandardMethodMetadataTests.java:-1

StandardMethodMetadataTests > verifyHashCode() FAILED
    java.lang.NoClassDefFoundError at StandardMethodMetadataTests.java:-1

StandardMethodMetadataTests > getAnnotationAttributesReturnsAttributes() FAILED
    java.lang.NoClassDefFoundError at StandardMethodMetadataTests.java:-1

StandardMethodMetadataTests > isAbstractWhenAbstractReturnsTrue() FAILED
    java.lang.NoClassDefFoundError at StandardMethodMetadataTests.java:-1

StandardMethodMetadataTests > isAnnotatedWhenDoesNotMatchDirectOrMetaAnnotationReturnsFalse() FAILED
    java.lang.NoClassDefFoundError at StandardMethodMetadataTests.java:-1

StandardMethodMetadataTests > getReturnTypeReturnsTypeName() FAILED
    java.lang.NoClassDefFoundError at StandardMethodMetadataTests.java:-1

StandardMethodMetadataTests > isAnnotatedWhenMatchesMetaAnnotationReturnsTrue() FAILED
    java.lang.NoClassDefFoundError at StandardMethodMetadataTests.java:-1

StandardMethodMetadataTests > getReturnTypeReturnsTypeNameForLocalType() FAILED
    java.lang.NoClassDefFoundError at StandardMethodMetadataTests.java:-1

StandardMethodMetadataTests > isFinalWhenNonFinalReturnsFalse() FAILED
    java.lang.NoClassDefFoundError at StandardMethodMetadataTests.java:-1

StandardMethodMetadataTests > isOverridableWhenNonOverridableReturnsFalse() FAILED
    java.lang.NoClassDefFoundError at StandardMethodMetadataTests.java:-1

CachingMetadataReaderFactoryTests > shouldCacheClassNameCalls() FAILED
    java.lang.NoClassDefFoundError at CachingMetadataReaderFactoryTests.java:-1

ClassMetadataReadingVisitorMemberClassTests > againstMemberClass() FAILED
    java.lang.NoClassDefFoundError at ClassMetadataReadingVisitorMemberClassTests.java:-1

ClassMetadataReadingVisitorMemberClassTests > withNoMemberClasses() FAILED
    java.lang.NoClassDefFoundError at ClassMetadataReadingVisitorMemberClassTests.java:-1

ClassMetadataReadingVisitorMemberClassTests > withNonPublicMemberClasses() FAILED
    java.lang.NoClassDefFoundError at ClassMetadataReadingVisitorMemberClassTests.java:-1

ClassMetadataReadingVisitorMemberClassTests > withPublicMemberClasses() FAILED
    java.lang.NoClassDefFoundError at ClassMetadataReadingVisitorMemberClassTests.java:-1

DefaultAnnotationMetadataTests > getClassAttributeWhenUnknownClass() FAILED
    java.lang.NoClassDefFoundError at DefaultAnnotationMetadataTests.java:-1

DefaultAnnotationMetadataTests > AnnotationTests > getRepeatableReturnsAttributes() FAILED
    java.lang.NoClassDefFoundError at ClassLoader.java:-2

DefaultAnnotationMetadataTests > AnnotationTests > getAnnotationAttributeIntType() FAILED
    java.lang.NoClassDefFoundError at ClassLoader.java:-2

DefaultAnnotationMetadataTests > AnnotationTests > hasAnnotatedMethodsWhenMatchesDirectAnnotationReturnsTrue() FAILED
    java.lang.NoClassDefFoundError at ClassLoader.java:-2

DefaultAnnotationMetadataTests > AnnotationTests > isAnnotatedWhenMatchesDirectAnnotationReturnsTrue() FAILED
    java.lang.NoClassDefFoundError at ClassLoader.java:-2

DefaultAnnotationMetadataTests > AnnotationTests > getAnnotationTypesReturnsDirectAnnotations() FAILED
    java.lang.NoClassDefFoundError at ClassLoader.java:-2

DefaultAnnotationMetadataTests > AnnotationTests > hasAnnotationWhenDoesNotMatchDirectOrMetaAnnotationReturnsFalse() FAILED
    java.lang.NoClassDefFoundError at ClassLoader.java:-2

DefaultAnnotationMetadataTests > AnnotationTests > hasAnnotatedMethodsWhenDoesNotMatchAnyAnnotationReturnsFalse() FAILED
    java.lang.NoClassDefFoundError at ClassLoader.java:-2

DefaultAnnotationMetadataTests > AnnotationTests > getAllAnnotationAttributesReturnsAllAttributes() FAILED
    java.lang.NoClassDefFoundError at ClassLoader.java:-2

DefaultAnnotationMetadataTests > AnnotationTests > getAnnotationsReturnsDirectAnnotations() FAILED
    java.lang.NoClassDefFoundError at ClassLoader.java:-2

DefaultAnnotationMetadataTests > AnnotationTests > hasAnnotationWhenMatchesMetaAnnotationReturnsFalse() FAILED
    java.lang.NoClassDefFoundError at ClassLoader.java:-2

DefaultAnnotationMetadataTests > AnnotationTests > hasMetaAnnotationWhenMatchesDirectReturnsFalse() FAILED
    java.lang.NoClassDefFoundError at ClassLoader.java:-2

DefaultAnnotationMetadataTests > AnnotationTests > getComplexAttributeTypesReturnsAll() FAILED
    java.lang.NoClassDefFoundError at ClassLoader.java:-2

DefaultAnnotationMetadataTests > AnnotationTests > hasAnnotationWhenMatchesDirectAnnotationReturnsTrue() FAILED
    java.lang.NoClassDefFoundError at ClassLoader.java:-2

DefaultAnnotationMetadataTests > AnnotationTests > getAnnotationAttributesReturnsAttributes() FAILED
    java.lang.NoClassDefFoundError at ClassLoader.java:-2

DefaultAnnotationMetadataTests > AnnotationTests > isAnnotatedWhenDoesNotMatchDirectOrMetaAnnotationReturnsFalse() FAILED
    java.lang.NoClassDefFoundError at ClassLoader.java:-2

DefaultAnnotationMetadataTests > AnnotationTests > isAnnotatedWhenMatchesMetaAnnotationReturnsTrue() FAILED
    java.lang.NoClassDefFoundError at ClassLoader.java:-2

DefaultAnnotationMetadataTests > AnnotationTests > hasMetaAnnotationWhenDoesNotMatchDirectOrMetaAnnotationReturnsFalse() FAILED
    java.lang.NoClassDefFoundError at ClassLoader.java:-2

DefaultAnnotationMetadataTests > AnnotationTests > getComplexAttributeTypesReturnsAllWithKotlinMetadata() FAILED
    java.lang.NoClassDefFoundError at ClassLoader.java:-2

DefaultAnnotationMetadataTests > AnnotationTests > getAnnotatedMethodsReturnsMatchingAnnotatedAndMetaAnnotatedMethods() FAILED
    java.lang.NoClassDefFoundError at ClassLoader.java:-2

DefaultAnnotationMetadataTests > AnnotationTests > getMetaAnnotationTypesReturnsMetaAnnotations() FAILED
    java.lang.NoClassDefFoundError at ClassLoader.java:-2

DefaultAnnotationMetadataTests > AnnotationTests > hasMetaAnnotationWhenMatchesMetaAnnotationReturnsTrue() FAILED
    java.lang.NoClassDefFoundError at ClassLoader.java:-2

DefaultAnnotationMetadataTests > AnnotationTests > hasAnnotatedMethodsWhenMatchesMetaAnnotationReturnsTrue() FAILED
    java.lang.NoClassDefFoundError at ClassLoader.java:-2

DefaultAnnotationMetadataTests > MethodTests > declaredMethodsToString() FAILED
    java.lang.NoClassDefFoundError at ClassLoader.java:-2

DefaultAnnotationMetadataTests > TypeTests > isAnnotationWhenAnnotationReturnsTrue() FAILED
    java.lang.NoClassDefFoundError at ClassLoader.java:-2

DefaultAnnotationMetadataTests > TypeTests > getEnclosingClassNameWhenHasNoEnclosingClassReturnsNull() FAILED
    java.lang.NoClassDefFoundError at ClassLoader.java:-2

DefaultAnnotationMetadataTests > TypeTests > getMemberClassNamesWhenHasNestedMemberClassesReturnsOnlyFirstLevel() FAILED
    java.lang.NoClassDefFoundError at ClassLoader.java:-2

DefaultAnnotationMetadataTests > TypeTests > memberClassEquals() FAILED
    java.lang.NoClassDefFoundError at ClassLoader.java:-2

DefaultAnnotationMetadataTests > TypeTests > getEnclosingClassNameWhenNestedMemberClassReturnsImmediateEnclosingClass() FAILED
    java.lang.NoClassDefFoundError at ClassLoader.java:-2

DefaultAnnotationMetadataTests > TypeTests > classEquals() FAILED
    java.lang.NoClassDefFoundError at ClassLoader.java:-2

DefaultAnnotationMetadataTests > TypeTests > isFinalWhenFinalReturnsTrue() FAILED
    java.lang.NoClassDefFoundError at ClassLoader.java:-2

DefaultAnnotationMetadataTests > TypeTests > isAnnotationWhenNotAnnotationReturnsFalse() FAILED
    java.lang.NoClassDefFoundError at ClassLoader.java:-2

DefaultAnnotationMetadataTests > TypeTests > isIndependentWhenIndependentReturnsTrue() FAILED
    java.lang.NoClassDefFoundError at ClassLoader.java:-2

DefaultAnnotationMetadataTests > TypeTests > classToString() FAILED
    java.lang.NoClassDefFoundError at ClassLoader.java:-2

DefaultAnnotationMetadataTests > TypeTests > getSuperClassNameWhenHasNoSuperClassReturnsNull() FAILED
    java.lang.NoClassDefFoundError at ClassLoader.java:-2

DefaultAnnotationMetadataTests > TypeTests > getEnclosingClassNameWhenHasEnclosingClassReturnsEnclosingClass() FAILED
    java.lang.NoClassDefFoundError at ClassLoader.java:-2

DefaultAnnotationMetadataTests > TypeTests > getSuperClassNameWhenPackageInfoReturnsNull() FAILED
    java.lang.NoClassDefFoundError at ClassLoader.java:-2

DefaultAnnotationMetadataTests > TypeTests > getMemberClassNamesWhenHasMemberClassesReturnsNames() FAILED
    java.lang.NoClassDefFoundError at ClassLoader.java:-2

DefaultAnnotationMetadataTests > TypeTests > getClassNameReturnsClassName() FAILED
    java.lang.NoClassDefFoundError at ClassLoader.java:-2

DefaultAnnotationMetadataTests > TypeTests > getSuperClassNameWhenHasSuperClassReturnsName() FAILED
    java.lang.NoClassDefFoundError at ClassLoader.java:-2

DefaultAnnotationMetadataTests > TypeTests > isIndependentWhenNotIndependentReturnsFalse() FAILED
    java.lang.NoClassDefFoundError at ClassLoader.java:-2

DefaultAnnotationMetadataTests > TypeTests > classHashCode() FAILED
    java.lang.NoClassDefFoundError at ClassLoader.java:-2

DefaultAnnotationMetadataTests > TypeTests > memberClassHashCode() FAILED
    java.lang.NoClassDefFoundError at ClassLoader.java:-2

DefaultAnnotationMetadataTests > TypeTests > isFinalWhenNonFinalReturnsFalse() FAILED
    java.lang.NoClassDefFoundError at ClassLoader.java:-2

DefaultAnnotationMetadataTests > TypeTests > getInterfaceNamesWhenHasNoInterfacesReturnsEmptyArray() FAILED
    java.lang.NoClassDefFoundError at ClassLoader.java:-2

DefaultAnnotationMetadataTests > TypeTests > isInterfaceWhenNotInterfaceReturnsFalse() FAILED
    java.lang.NoClassDefFoundError at ClassLoader.java:-2

DefaultAnnotationMetadataTests > TypeTests > getMemberClassNamesWhenHasNoMemberClassesReturnsEmptyArray() FAILED
    java.lang.NoClassDefFoundError at ClassLoader.java:-2

DefaultAnnotationMetadataTests > TypeTests > getInterfaceNamesWhenHasInterfacesReturnsNames() FAILED
    java.lang.NoClassDefFoundError at ClassLoader.java:-2

DefaultAnnotationMetadataTests > TypeTests > isInterfaceWhenInterfaceReturnsTrue() FAILED
    java.lang.NoClassDefFoundError at ClassLoader.java:-2

DefaultMethodMetadataTests > getReturnTypeReturnsTwoDimensionalPrimitiveArrayForTwoDimensionalPrimitiveArrayReturnType() FAILED
    java.lang.NoClassDefFoundError at DefaultMethodMetadataTests.java:-1

DefaultMethodMetadataTests > getDeclaringClassReturnsDeclaringClass() FAILED
    java.lang.NoClassDefFoundError at DefaultMethodMetadataTests.java:-1

DefaultMethodMetadataTests > metadataLoadsForNestedAnnotations() FAILED
    java.lang.NoClassDefFoundError at DefaultMethodMetadataTests.java:-1

DefaultMethodMetadataTests > getReturnTypeReturnsStringArrayForStringArrayReturnType() FAILED
    java.lang.NoClassDefFoundError at DefaultMethodMetadataTests.java:-1

DefaultMethodMetadataTests > isAnnotatedWhenMatchesDirectAnnotationReturnsTrue() FAILED
    java.lang.NoClassDefFoundError at DefaultMethodMetadataTests.java:-1

DefaultMethodMetadataTests > isStaticWhenNonStaticReturnsFalse() FAILED
    java.lang.NoClassDefFoundError at DefaultMethodMetadataTests.java:-1

DefaultMethodMetadataTests > getReturnTypeReturnsVoidForVoidReturnType() FAILED
    java.lang.NoClassDefFoundError at DefaultMethodMetadataTests.java:-1

DefaultMethodMetadataTests > verifyToString() FAILED
    java.lang.NoClassDefFoundError at DefaultMethodMetadataTests.java:-1

DefaultMethodMetadataTests > isFinalWhenFinalReturnsTrue() FAILED
    java.lang.NoClassDefFoundError at DefaultMethodMetadataTests.java:-1

DefaultMethodMetadataTests > isAbstractWhenNotAbstractReturnsFalse() FAILED
    java.lang.NoClassDefFoundError at DefaultMethodMetadataTests.java:-1

DefaultMethodMetadataTests > verifyEquals() FAILED
    java.lang.NoClassDefFoundError at DefaultMethodMetadataTests.java:-1

DefaultMethodMetadataTests > getReturnTypeReturnsPrimitiveArrayForPrimitiveArrayReturnType() FAILED
    java.lang.NoClassDefFoundError at DefaultMethodMetadataTests.java:-1

DefaultMethodMetadataTests > getReturnTypeReturnsTwoDimensionalStringArrayForTwoDimensionalStringArrayReturnType() FAILED
    java.lang.NoClassDefFoundError at DefaultMethodMetadataTests.java:-1

DefaultMethodMetadataTests > isOverridableWhenOverridableReturnsTrue() FAILED
    java.lang.NoClassDefFoundError at DefaultMethodMetadataTests.java:-1

DefaultMethodMetadataTests > getAllAnnotationAttributesReturnsAllAttributes() FAILED
    java.lang.NoClassDefFoundError at DefaultMethodMetadataTests.java:-1

DefaultMethodMetadataTests > getAnnotationsReturnsDirectAnnotations() FAILED
    java.lang.NoClassDefFoundError at DefaultMethodMetadataTests.java:-1

DefaultMethodMetadataTests > getMethodNameReturnsMethodName() FAILED
    java.lang.NoClassDefFoundError at DefaultMethodMetadataTests.java:-1

DefaultMethodMetadataTests > isStaticWhenStaticReturnsTrue() FAILED
    java.lang.NoClassDefFoundError at DefaultMethodMetadataTests.java:-1

DefaultMethodMetadataTests > verifyHashCode() FAILED
    java.lang.NoClassDefFoundError at DefaultMethodMetadataTests.java:-1

DefaultMethodMetadataTests > getAnnotationAttributesReturnsAttributes() FAILED
    java.lang.NoClassDefFoundError at DefaultMethodMetadataTests.java:-1

DefaultMethodMetadataTests > isAbstractWhenAbstractReturnsTrue() FAILED
    java.lang.NoClassDefFoundError at DefaultMethodMetadataTests.java:-1

DefaultMethodMetadataTests > isAnnotatedWhenDoesNotMatchDirectOrMetaAnnotationReturnsFalse() FAILED
    java.lang.NoClassDefFoundError at DefaultMethodMetadataTests.java:-1

DefaultMethodMetadataTests > getReturnTypeReturnsTypeName() FAILED
    java.lang.NoClassDefFoundError at DefaultMethodMetadataTests.java:-1

DefaultMethodMetadataTests > isAnnotatedWhenMatchesMetaAnnotationReturnsTrue() FAILED
    java.lang.NoClassDefFoundError at DefaultMethodMetadataTests.java:-1

DefaultMethodMetadataTests > getReturnTypeReturnsTypeNameForLocalType() FAILED
    java.lang.NoClassDefFoundError at DefaultMethodMetadataTests.java:-1

DefaultMethodMetadataTests > isFinalWhenNonFinalReturnsFalse() FAILED
    java.lang.NoClassDefFoundError at DefaultMethodMetadataTests.java:-1

DefaultMethodMetadataTests > isOverridableWhenNonOverridableReturnsFalse() FAILED
    java.lang.NoClassDefFoundError at DefaultMethodMetadataTests.java:-1

MergedAnnotationMetadataVisitorTests > visitWhenHasSimpleArrayTypesCreatesAnnotation() FAILED
    java.lang.NoClassDefFoundError at MergedAnnotationMetadataVisitorTests.java:-1

MergedAnnotationMetadataVisitorTests > visitWhenHasSimpleTypesCreatesAnnotation() FAILED
    java.lang.NoClassDefFoundError at MergedAnnotationMetadataVisitorTests.java:-1

MergedAnnotationMetadataVisitorTests > visitWhenHasAnnotationAttributesCreatesAnnotation() FAILED
    java.lang.NoClassDefFoundError at MergedAnnotationMetadataVisitorTests.java:-1

MergedAnnotationMetadataVisitorTests > visitWhenHasEmptySimpleArrayTypesCreatesAnnotation() FAILED
    java.lang.NoClassDefFoundError at MergedAnnotationMetadataVisitorTests.java:-1

MergedAnnotationMetadataVisitorTests > visitWhenHasClassAttributesCreatesAnnotation() FAILED
    java.lang.NoClassDefFoundError at MergedAnnotationMetadataVisitorTests.java:-1

MergedAnnotationMetadataVisitorTests > visitWhenHasEnumAttributesCreatesAnnotation() FAILED
    java.lang.NoClassDefFoundError at MergedAnnotationMetadataVisitorTests.java:-1

SimpleAnnotationMetadataTests > getClassAttributeWhenUnknownClass() FAILED
    java.lang.NoClassDefFoundError at SimpleAnnotationMetadataTests.java:-1

SimpleAnnotationMetadataTests > AnnotationTests > getRepeatableReturnsAttributes() FAILED
    java.lang.NoClassDefFoundError at ClassLoader.java:-2

SimpleAnnotationMetadataTests > AnnotationTests > getAnnotationAttributeIntType() FAILED
    java.lang.NoClassDefFoundError at ClassLoader.java:-2

SimpleAnnotationMetadataTests > AnnotationTests > hasAnnotatedMethodsWhenMatchesDirectAnnotationReturnsTrue() FAILED
    java.lang.NoClassDefFoundError at ClassLoader.java:-2

SimpleAnnotationMetadataTests > AnnotationTests > isAnnotatedWhenMatchesDirectAnnotationReturnsTrue() FAILED
    java.lang.NoClassDefFoundError at ClassLoader.java:-2

SimpleAnnotationMetadataTests > AnnotationTests > getAnnotationTypesReturnsDirectAnnotations() FAILED
    java.lang.NoClassDefFoundError at ClassLoader.java:-2

SimpleAnnotationMetadataTests > AnnotationTests > hasAnnotationWhenDoesNotMatchDirectOrMetaAnnotationReturnsFalse() FAILED
    java.lang.NoClassDefFoundError at ClassLoader.java:-2

SimpleAnnotationMetadataTests > AnnotationTests > hasAnnotatedMethodsWhenDoesNotMatchAnyAnnotationReturnsFalse() FAILED
    java.lang.NoClassDefFoundError at ClassLoader.java:-2

SimpleAnnotationMetadataTests > AnnotationTests > getAllAnnotationAttributesReturnsAllAttributes() FAILED
    java.lang.NoClassDefFoundError at ClassLoader.java:-2

SimpleAnnotationMetadataTests > AnnotationTests > getAnnotationsReturnsDirectAnnotations() FAILED
    java.lang.NoClassDefFoundError at ClassLoader.java:-2

SimpleAnnotationMetadataTests > AnnotationTests > hasAnnotationWhenMatchesMetaAnnotationReturnsFalse() FAILED
    java.lang.NoClassDefFoundError at ClassLoader.java:-2

SimpleAnnotationMetadataTests > AnnotationTests > hasMetaAnnotationWhenMatchesDirectReturnsFalse() FAILED
    java.lang.NoClassDefFoundError at ClassLoader.java:-2

SimpleAnnotationMetadataTests > AnnotationTests > getComplexAttributeTypesReturnsAll() FAILED
    java.lang.NoClassDefFoundError at ClassLoader.java:-2

SimpleAnnotationMetadataTests > AnnotationTests > hasAnnotationWhenMatchesDirectAnnotationReturnsTrue() FAILED
    java.lang.NoClassDefFoundError at ClassLoader.java:-2

SimpleAnnotationMetadataTests > AnnotationTests > getAnnotationAttributesReturnsAttributes() FAILED
    java.lang.NoClassDefFoundError at ClassLoader.java:-2

SimpleAnnotationMetadataTests > AnnotationTests > isAnnotatedWhenDoesNotMatchDirectOrMetaAnnotationReturnsFalse() FAILED
    java.lang.NoClassDefFoundError at ClassLoader.java:-2

SimpleAnnotationMetadataTests > AnnotationTests > isAnnotatedWhenMatchesMetaAnnotationReturnsTrue() FAILED
    java.lang.NoClassDefFoundError at ClassLoader.java:-2

SimpleAnnotationMetadataTests > AnnotationTests > hasMetaAnnotationWhenDoesNotMatchDirectOrMetaAnnotationReturnsFalse() FAILED
    java.lang.NoClassDefFoundError at ClassLoader.java:-2

SimpleAnnotationMetadataTests > AnnotationTests > getComplexAttributeTypesReturnsAllWithKotlinMetadata() FAILED
    java.lang.NoClassDefFoundError at ClassLoader.java:-2

SimpleAnnotationMetadataTests > AnnotationTests > getAnnotatedMethodsReturnsMatchingAnnotatedAndMetaAnnotatedMethods() FAILED
    java.lang.NoClassDefFoundError at ClassLoader.java:-2

SimpleAnnotationMetadataTests > AnnotationTests > getMetaAnnotationTypesReturnsMetaAnnotations() FAILED
    java.lang.NoClassDefFoundError at ClassLoader.java:-2

SimpleAnnotationMetadataTests > AnnotationTests > hasMetaAnnotationWhenMatchesMetaAnnotationReturnsTrue() FAILED
    java.lang.NoClassDefFoundError at ClassLoader.java:-2

SimpleAnnotationMetadataTests > AnnotationTests > hasAnnotatedMethodsWhenMatchesMetaAnnotationReturnsTrue() FAILED
    java.lang.NoClassDefFoundError at ClassLoader.java:-2

SimpleAnnotationMetadataTests > MethodTests > declaredMethodsToString() FAILED
    java.lang.NoClassDefFoundError at ClassLoader.java:-2

SimpleAnnotationMetadataTests > TypeTests > isAnnotationWhenAnnotationReturnsTrue() FAILED
    java.lang.NoClassDefFoundError at ClassLoader.java:-2

SimpleAnnotationMetadataTests > TypeTests > getEnclosingClassNameWhenHasNoEnclosingClassReturnsNull() FAILED
    java.lang.NoClassDefFoundError at ClassLoader.java:-2

SimpleAnnotationMetadataTests > TypeTests > getMemberClassNamesWhenHasNestedMemberClassesReturnsOnlyFirstLevel() FAILED
    java.lang.NoClassDefFoundError at ClassLoader.java:-2

SimpleAnnotationMetadataTests > TypeTests > memberClassEquals() FAILED
    java.lang.NoClassDefFoundError at ClassLoader.java:-2

SimpleAnnotationMetadataTests > TypeTests > getEnclosingClassNameWhenNestedMemberClassReturnsImmediateEnclosingClass() FAILED
    java.lang.NoClassDefFoundError at ClassLoader.java:-2

SimpleAnnotationMetadataTests > TypeTests > classEquals() FAILED
    java.lang.NoClassDefFoundError at ClassLoader.java:-2

SimpleAnnotationMetadataTests > TypeTests > isFinalWhenFinalReturnsTrue() FAILED
    java.lang.NoClassDefFoundError at ClassLoader.java:-2

SimpleAnnotationMetadataTests > TypeTests > isAnnotationWhenNotAnnotationReturnsFalse() FAILED
    java.lang.NoClassDefFoundError at ClassLoader.java:-2

SimpleAnnotationMetadataTests > TypeTests > isIndependentWhenIndependentReturnsTrue() FAILED
    java.lang.NoClassDefFoundError at ClassLoader.java:-2

SimpleAnnotationMetadataTests > TypeTests > classToString() FAILED
    java.lang.NoClassDefFoundError at ClassLoader.java:-2

SimpleAnnotationMetadataTests > TypeTests > getSuperClassNameWhenHasNoSuperClassReturnsNull() FAILED
    java.lang.NoClassDefFoundError at ClassLoader.java:-2

SimpleAnnotationMetadataTests > TypeTests > getEnclosingClassNameWhenHasEnclosingClassReturnsEnclosingClass() FAILED
    java.lang.NoClassDefFoundError at ClassLoader.java:-2

SimpleAnnotationMetadataTests > TypeTests > getSuperClassNameWhenPackageInfoReturnsNull() FAILED
    java.lang.NoClassDefFoundError at ClassLoader.java:-2

SimpleAnnotationMetadataTests > TypeTests > getMemberClassNamesWhenHasMemberClassesReturnsNames() FAILED
    java.lang.NoClassDefFoundError at ClassLoader.java:-2

SimpleAnnotationMetadataTests > TypeTests > getClassNameReturnsClassName() FAILED
    java.lang.NoClassDefFoundError at ClassLoader.java:-2

SimpleAnnotationMetadataTests > TypeTests > getSuperClassNameWhenHasSuperClassReturnsName() FAILED
    java.lang.NoClassDefFoundError at ClassLoader.java:-2

SimpleAnnotationMetadataTests > TypeTests > isIndependentWhenNotIndependentReturnsFalse() FAILED
    java.lang.NoClassDefFoundError at ClassLoader.java:-2

SimpleAnnotationMetadataTests > TypeTests > classHashCode() FAILED
    java.lang.NoClassDefFoundError at ClassLoader.java:-2

SimpleAnnotationMetadataTests > TypeTests > memberClassHashCode() FAILED
    java.lang.NoClassDefFoundError at ClassLoader.java:-2

SimpleAnnotationMetadataTests > TypeTests > isFinalWhenNonFinalReturnsFalse() FAILED
    java.lang.NoClassDefFoundError at ClassLoader.java:-2

SimpleAnnotationMetadataTests > TypeTests > getInterfaceNamesWhenHasNoInterfacesReturnsEmptyArray() FAILED
    java.lang.NoClassDefFoundError at ClassLoader.java:-2

SimpleAnnotationMetadataTests > TypeTests > isInterfaceWhenNotInterfaceReturnsFalse() FAILED
    java.lang.NoClassDefFoundError at ClassLoader.java:-2

SimpleAnnotationMetadataTests > TypeTests > getMemberClassNamesWhenHasNoMemberClassesReturnsEmptyArray() FAILED
    java.lang.NoClassDefFoundError at ClassLoader.java:-2

SimpleAnnotationMetadataTests > TypeTests > getInterfaceNamesWhenHasInterfacesReturnsNames() FAILED
    java.lang.NoClassDefFoundError at ClassLoader.java:-2

SimpleAnnotationMetadataTests > TypeTests > isInterfaceWhenInterfaceReturnsTrue() FAILED
    java.lang.NoClassDefFoundError at ClassLoader.java:-2

AntPathMatcherTests > combineWithTwoFileExtensionPatterns() FAILED
    java.lang.NoClassDefFoundError at AntPathMatcherTests.java:-1

AntPathMatcherTests > patternComparator() FAILED
    java.lang.NoClassDefFoundError at AntPathMatcherTests.java:-1

AntPathMatcherTests > consistentMatchWithWildcardsAndTrailingSlash() FAILED
    java.lang.NoClassDefFoundError at AntPathMatcherTests.java:-1

AntPathMatcherTests > creatingStringMatchersIfPatternPrefixCannotDetermineIfPathMatch() FAILED
    java.lang.NoClassDefFoundError at AntPathMatcherTests.java:-1

AntPathMatcherTests > isPattern() FAILED
    java.lang.NoClassDefFoundError at AntPathMatcherTests.java:-1

AntPathMatcherTests > extractUriTemplateVarsRegexQualifiers() FAILED
    java.lang.NoClassDefFoundError at AntPathMatcherTests.java:-1

AntPathMatcherTests > uniqueDeliminator() FAILED
    java.lang.NoClassDefFoundError at AntPathMatcherTests.java:-1

AntPathMatcherTests > patternComparatorWithDotSeparator() FAILED
    java.lang.NoClassDefFoundError at AntPathMatcherTests.java:-1

AntPathMatcherTests > extractPathWithinPattern() FAILED
    java.lang.NoClassDefFoundError at AntPathMatcherTests.java:-1

AntPathMatcherTests > extractUriTemplateVarsRegexCapturingGroups() FAILED
    java.lang.NoClassDefFoundError at AntPathMatcherTests.java:-1

AntPathMatcherTests > defaultCacheSetting() FAILED
    java.lang.NoClassDefFoundError at AntPathMatcherTests.java:-1

AntPathMatcherTests > extractUriTemplateVariables() FAILED
    java.lang.NoClassDefFoundError at AntPathMatcherTests.java:-1

AntPathMatcherTests > matchWithNullPath() FAILED
    java.lang.NoClassDefFoundError at AntPathMatcherTests.java:-1

AntPathMatcherTests > match() FAILED
    java.lang.NoClassDefFoundError at AntPathMatcherTests.java:-1

AntPathMatcherTests > caseInsensitive() FAILED
    java.lang.NoClassDefFoundError at AntPathMatcherTests.java:-1

AntPathMatcherTests > patternComparatorSort() FAILED
    java.lang.NoClassDefFoundError at AntPathMatcherTests.java:-1

AntPathMatcherTests > cachePatternsSetToTrue() FAILED
    java.lang.NoClassDefFoundError at AntPathMatcherTests.java:-1

AntPathMatcherTests > extractUriTemplateVariablesFromDotSeparatedPath() FAILED
    java.lang.NoClassDefFoundError at AntPathMatcherTests.java:-1

AntPathMatcherTests > trimTokensOff() FAILED
    java.lang.NoClassDefFoundError at AntPathMatcherTests.java:-1

AntPathMatcherTests > cachePatternsSetToFalse() FAILED
    java.lang.NoClassDefFoundError at AntPathMatcherTests.java:-1

AntPathMatcherTests > combine() FAILED
    java.lang.NoClassDefFoundError at AntPathMatcherTests.java:-1

AntPathMatcherTests > matchWithTrimTokensEnabled() FAILED
    java.lang.NoClassDefFoundError at AntPathMatcherTests.java:-1

AntPathMatcherTests > preventCreatingStringMatchersIfPathDoesNotStartsWithPatternPrefix() FAILED
    java.lang.NoClassDefFoundError at AntPathMatcherTests.java:-1

AntPathMatcherTests > matchStart() FAILED
    java.lang.NoClassDefFoundError at AntPathMatcherTests.java:-1

AntPathMatcherTests > isPatternWithNullPath() FAILED
    java.lang.NoClassDefFoundError at AntPathMatcherTests.java:-1

AntPathMatcherTests > extractUriTemplateVariablesRegex() FAILED
    java.lang.NoClassDefFoundError at AntPathMatcherTests.java:-1

AntPathMatcherTests > extensionMappingWithDotPathSeparator() FAILED
    java.lang.NoClassDefFoundError at AntPathMatcherTests.java:-1

AssertTests > noNullElementsWithEmptyCollectionAndMessageSupplier() FAILED
    java.lang.NoClassDefFoundError at AssertTests.java:-1

AssertTests > hasLengthWithEmptyStringAndMessageSupplier() FAILED
    java.lang.NoClassDefFoundError at AssertTests.java:-1

AssertTests > isAssignableWithNullSupertype() FAILED
    java.lang.NoClassDefFoundError at AssertTests.java:-1

AssertTests > stateWithMessage() FAILED
    java.lang.NoClassDefFoundError at AssertTests.java:-1

AssertTests > stateWithFalseExpressionAndNullMessageSupplier() FAILED
    java.lang.NoClassDefFoundError at AssertTests.java:-1

AssertTests > isAssignableWithTypeMismatchAndCustomMessage() FAILED
    java.lang.NoClassDefFoundError at AssertTests.java:-1

AssertTests > hasTextWithEmptyString() FAILED
    java.lang.NoClassDefFoundError at AssertTests.java:-1

AssertTests > noNullElementsWithNullElementsAndNullMessageSupplier() FAILED
    java.lang.NoClassDefFoundError at AssertTests.java:-1

AssertTests > hasTextWithMessageSupplier() FAILED
    java.lang.NoClassDefFoundError at AssertTests.java:-1

AssertTests > stateWithFalseExpressionAndMessageSupplier() FAILED
    java.lang.NoClassDefFoundError at AssertTests.java:-1

AssertTests > noNullElementsWithMessageSupplier() FAILED
    java.lang.NoClassDefFoundError at AssertTests.java:-1

AssertTests > stateWithFalseExpression() FAILED
    java.lang.NoClassDefFoundError at AssertTests.java:-1

AssertTests > isAssignableWithNullSubtypeAndMessageSupplier() FAILED
    java.lang.NoClassDefFoundError at AssertTests.java:-1

AssertTests > isNullWithNonNullObjectAndMessageSupplier() FAILED
    java.lang.NoClassDefFoundError at AssertTests.java:-1

AssertTests > isInstanceOfWithTypeMismatchAndCustomMessageWithSeparator() FAILED
    java.lang.NoClassDefFoundError at AssertTests.java:-1

AssertTests > isAssignableWithTypeMismatchAndCustomMessageWithSpace() FAILED
    java.lang.NoClassDefFoundError at AssertTests.java:-1

AssertTests > notEmptyMapWithNullMapAndMessageSupplier() FAILED
    java.lang.NoClassDefFoundError at AssertTests.java:-1

AssertTests > isNullWithMessage() FAILED
    java.lang.NoClassDefFoundError at AssertTests.java:-1

AssertTests > hasLengthWithNull() FAILED
    java.lang.NoClassDefFoundError at AssertTests.java:-1

AssertTests > notNullWithMessageSupplier() FAILED
    java.lang.NoClassDefFoundError at AssertTests.java:-1

AssertTests > noNullElementsWithNullArrayAndMessageSupplier() FAILED
    java.lang.NoClassDefFoundError at AssertTests.java:-1

AssertTests > noNullElementsWithCollectionAndNullElement() FAILED
    java.lang.NoClassDefFoundError at AssertTests.java:-1

AssertTests > noNullElementsWithEmptyCollection() FAILED
    java.lang.NoClassDefFoundError at AssertTests.java:-1

AssertTests > noNullElementsWithNullElementsAndMessageSupplier() FAILED
    java.lang.NoClassDefFoundError at AssertTests.java:-1

AssertTests > isInstanceOf() FAILED
    java.lang.NoClassDefFoundError at AssertTests.java:-1

AssertTests > hasTextWithNullAndNullMessageSupplier() FAILED
    java.lang.NoClassDefFoundError at AssertTests.java:-1

AssertTests > hasLengthWithEmptyString() FAILED
    java.lang.NoClassDefFoundError at AssertTests.java:-1

AssertTests > notEmptyCollectionWithMessageSupplier() FAILED
    java.lang.NoClassDefFoundError at AssertTests.java:-1

AssertTests > isAssignable() FAILED
    java.lang.NoClassDefFoundError at AssertTests.java:-1

AssertTests > notEmptyArrayWithEmptyArrayAndMessageSupplier() FAILED
    java.lang.NoClassDefFoundError at AssertTests.java:-1

AssertTests > doesNotContainWithNullSearchStringAndMessageSupplier() FAILED
    java.lang.NoClassDefFoundError at AssertTests.java:-1

AssertTests > notEmptyCollectionWithEmptyCollectionAndMessageSupplier() FAILED
    java.lang.NoClassDefFoundError at AssertTests.java:-1

AssertTests > notEmptyArrayWithEmptyArrayAndNullMessageSupplier() FAILED
    java.lang.NoClassDefFoundError at AssertTests.java:-1

AssertTests > isNullWithMessageSupplier() FAILED
    java.lang.NoClassDefFoundError at AssertTests.java:-1

AssertTests > notEmptyCollectionWithEmptyCollection() FAILED
    java.lang.NoClassDefFoundError at AssertTests.java:-1

AssertTests > hasTextWithEmptyStringAndMessageSupplier() FAILED
    java.lang.NoClassDefFoundError at AssertTests.java:-1

AssertTests > notEmptyCollectionWithEmptyCollectionAndNullMessageSupplier() FAILED
    java.lang.NoClassDefFoundError at AssertTests.java:-1

AssertTests > noNullElementsWithCollection() FAILED
    java.lang.NoClassDefFoundError at AssertTests.java:-1

AssertTests > hasLengthWithWhitespaceOnly() FAILED
    java.lang.NoClassDefFoundError at AssertTests.java:-1

AssertTests > hasLength() FAILED
    java.lang.NoClassDefFoundError at AssertTests.java:-1

AssertTests > doesNotContainWithNullSearchStringAndNullSubstringAndMessageSupplier() FAILED
    java.lang.NoClassDefFoundError at AssertTests.java:-1

AssertTests > isNullWithNonNullObjectAndNullMessageSupplier() FAILED
    java.lang.NoClassDefFoundError at AssertTests.java:-1

AssertTests > doesNotContainWithNullSubstringAndMessageSupplier() FAILED
    java.lang.NoClassDefFoundError at AssertTests.java:-1

AssertTests > notNullWithMessage() FAILED
    java.lang.NoClassDefFoundError at AssertTests.java:-1

AssertTests > noNullElementsWithCollectionAndNullElementAndNullMessageSupplier() FAILED
    java.lang.NoClassDefFoundError at AssertTests.java:-1

AssertTests > isAssignableWithTypeMismatchAndNullMessageSupplier() FAILED
    java.lang.NoClassDefFoundError at AssertTests.java:-1

AssertTests > doesNotContainWithNullSearchStringAndNullSubstring() FAILED
    java.lang.NoClassDefFoundError at AssertTests.java:-1

AssertTests > isInstanceOfWithNullTypeAndMessageSupplier() FAILED
    java.lang.NoClassDefFoundError at AssertTests.java:-1

AssertTests > doesNotContainWithEmptySubstring() FAILED
    java.lang.NoClassDefFoundError at AssertTests.java:-1

AssertTests > notEmptyMapWithEmptyMap() FAILED
    java.lang.NoClassDefFoundError at AssertTests.java:-1

AssertTests > notEmptyArrayWithNullArray() FAILED
    java.lang.NoClassDefFoundError at AssertTests.java:-1

AssertTests > isInstanceOfWithTypeMismatchAndNullMessage() FAILED
    java.lang.NoClassDefFoundError at AssertTests.java:-1

AssertTests > doesNotContainWithNullSearchString() FAILED
    java.lang.NoClassDefFoundError at AssertTests.java:-1

AssertTests > hasTextWithNull() FAILED
    java.lang.NoClassDefFoundError at AssertTests.java:-1

AssertTests > noNullElementsWithEmptyArray() FAILED
    java.lang.NoClassDefFoundError at AssertTests.java:-1

AssertTests > state() FAILED
    java.lang.NoClassDefFoundError at AssertTests.java:-1

AssertTests > hasLengthWithNullAndNullMessageSupplier() FAILED
    java.lang.NoClassDefFoundError at AssertTests.java:-1

AssertTests > isInstanceOfWithTypeMismatchAndCustomMessage() FAILED
    java.lang.NoClassDefFoundError at AssertTests.java:-1

AssertTests > isTrueWithMessageSupplier() FAILED
    java.lang.NoClassDefFoundError at AssertTests.java:-1

AssertTests > notEmptyMapWithNullMap() FAILED
    java.lang.NoClassDefFoundError at AssertTests.java:-1

AssertTests > isAssignableWithMessageSupplier() FAILED
    java.lang.NoClassDefFoundError at AssertTests.java:-1

AssertTests > noNullElementsWithNullCollection() FAILED
    java.lang.NoClassDefFoundError at AssertTests.java:-1

AssertTests > isTrueWithFalse() FAILED
    java.lang.NoClassDefFoundError at AssertTests.java:-1

AssertTests > notNullWithNullAndMessageSupplier() FAILED
    java.lang.NoClassDefFoundError at AssertTests.java:-1

AssertTests > noNullElementsWithNullCollectionAndMessageSupplier() FAILED
    java.lang.NoClassDefFoundError at AssertTests.java:-1

AssertTests > hasLengthWithNullAndMessageSupplier() FAILED
    java.lang.NoClassDefFoundError at AssertTests.java:-1

AssertTests > isInstanceOfWithTypeMismatchAndNullMessageSupplier() FAILED
    java.lang.NoClassDefFoundError at AssertTests.java:-1

AssertTests > isAssignableWithNullSubtype() FAILED
    java.lang.NoClassDefFoundError at AssertTests.java:-1

AssertTests > noNullElementsWithCollectionAndNullElementAndMessageSupplier() FAILED
    java.lang.NoClassDefFoundError at AssertTests.java:-1

AssertTests > hasLengthWithMessageSupplier() FAILED
    java.lang.NoClassDefFoundError at AssertTests.java:-1

AssertTests > notEmptyCollectionWithNullCollection() FAILED
    java.lang.NoClassDefFoundError at AssertTests.java:-1

AssertTests > hasTextWithNullAndMessageSupplier() FAILED
    java.lang.NoClassDefFoundError at AssertTests.java:-1

AssertTests > hasText() FAILED
    java.lang.NoClassDefFoundError at AssertTests.java:-1

AssertTests > stateWithMessageSupplier() FAILED
    java.lang.NoClassDefFoundError at AssertTests.java:-1

AssertTests > doesNotContainWithNullMessageSupplier() FAILED
    java.lang.NoClassDefFoundError at AssertTests.java:-1

AssertTests > isInstanceOfWithTypeMismatchAndMessageSupplier() FAILED
    java.lang.NoClassDefFoundError at AssertTests.java:-1

AssertTests > notEmptyCollectionWithNullCollectionAndMessageSupplier() FAILED
    java.lang.NoClassDefFoundError at AssertTests.java:-1

AssertTests > isInstanceOfWithNullInstanceAndMessageSupplier() FAILED
    java.lang.NoClassDefFoundError at AssertTests.java:-1

AssertTests > notEmptyArrayWithEmptyArray() FAILED
    java.lang.NoClassDefFoundError at AssertTests.java:-1

AssertTests > doesNotContainWithSubstringPresentInSearchStringAndMessageSupplier() FAILED
    java.lang.NoClassDefFoundError at AssertTests.java:-1

AssertTests > hasTextWithWhitespaceOnlyAndMessageSupplier() FAILED
    java.lang.NoClassDefFoundError at AssertTests.java:-1

AssertTests > notEmptyCollection() FAILED
    java.lang.NoClassDefFoundError at AssertTests.java:-1

AssertTests > isInstanceOfWithMessageSupplier() FAILED
    java.lang.NoClassDefFoundError at AssertTests.java:-1

AssertTests > isTrueWithMessage() FAILED
    java.lang.NoClassDefFoundError at AssertTests.java:-1

AssertTests > isInstanceOfWithTypeMismatchAndCustomMessageWithSpace() FAILED
    java.lang.NoClassDefFoundError at AssertTests.java:-1

AssertTests > notEmptyArrayWithNullArrayAndMessageSupplier() FAILED
    java.lang.NoClassDefFoundError at AssertTests.java:-1

AssertTests > stateWithFalseExpressionAndMessage() FAILED
    java.lang.NoClassDefFoundError at AssertTests.java:-1

AssertTests > noNullElementsWithEmptyArrayAndMessageSupplier() FAILED
    java.lang.NoClassDefFoundError at AssertTests.java:-1

AssertTests > noNullElementsWithCollectionAndMessageSupplier() FAILED
    java.lang.NoClassDefFoundError at AssertTests.java:-1

AssertTests > notNullWithNullAndNullMessageSupplier() FAILED
    java.lang.NoClassDefFoundError at AssertTests.java:-1

AssertTests > isTrueWithFalseAndNullMessageSupplier() FAILED
    java.lang.NoClassDefFoundError at AssertTests.java:-1

AssertTests > isAssignableWithNullSupertypeAndMessageSupplier() FAILED
    java.lang.NoClassDefFoundError at AssertTests.java:-1

AssertTests > isTrueWithFalseAndMessageSupplier() FAILED
    java.lang.NoClassDefFoundError at AssertTests.java:-1

AssertTests > notEmptyMap() FAILED
    java.lang.NoClassDefFoundError at AssertTests.java:-1

AssertTests > isAssignableWithTypeMismatchAndCustomMessageWithSeparator() FAILED
    java.lang.NoClassDefFoundError at AssertTests.java:-1

AssertTests > doesNotContainWithMessageSupplier() FAILED
    java.lang.NoClassDefFoundError at AssertTests.java:-1

AssertTests > doesNotContainWithNullSubstring() FAILED
    java.lang.NoClassDefFoundError at AssertTests.java:-1

AssertTests > isAssignableWithTypeMismatchAndMessageSupplier() FAILED
    java.lang.NoClassDefFoundError at AssertTests.java:-1

AssertTests > notEmptyArrayWithMessageSupplier() FAILED
    java.lang.NoClassDefFoundError at AssertTests.java:-1

AssertTests > notEmptyMapWithEmptyMapAndMessageSupplier() FAILED
    java.lang.NoClassDefFoundError at AssertTests.java:-1

AssertTests > hasTextWithWhitespaceOnly() FAILED
    java.lang.NoClassDefFoundError at AssertTests.java:-1

AssertTests > notEmptyMapWithEmptyMapAndNullMessageSupplier() FAILED
    java.lang.NoClassDefFoundError at AssertTests.java:-1

AssertTests > isAssignableWithTypeMismatchAndNullMessage() FAILED
    java.lang.NoClassDefFoundError at AssertTests.java:-1

AssertTests > isInstanceOfWithNullType() FAILED
    java.lang.NoClassDefFoundError at AssertTests.java:-1

AssertTests > isInstanceOfWithNullInstance() FAILED
    java.lang.NoClassDefFoundError at AssertTests.java:-1

AssertTests > noNullElements() FAILED
    java.lang.NoClassDefFoundError at AssertTests.java:-1

AssertTests > hasLengthWithWhitespaceOnlyAndMessageSupplier() FAILED
    java.lang.NoClassDefFoundError at AssertTests.java:-1

AssertTests > notEmptyMapWithMessageSupplier() FAILED
    java.lang.NoClassDefFoundError at AssertTests.java:-1

AssertTests > notEmptyArray() FAILED
    java.lang.NoClassDefFoundError at AssertTests.java:-1

AutoPopulatingListTests > withElementFactoryAndUserSuppliedBackingList() FAILED
    java.lang.NoClassDefFoundError at AutoPopulatingListTests.java:-1

AutoPopulatingListTests > withClassAndUserSuppliedBackingList() FAILED
    java.lang.NoClassDefFoundError at AutoPopulatingListTests.java:-1

AutoPopulatingListTests > withClass() FAILED
    java.lang.NoClassDefFoundError at AutoPopulatingListTests.java:-1

AutoPopulatingListTests > serialization() FAILED
    java.lang.NoClassDefFoundError at AutoPopulatingListTests.java:-1

AutoPopulatingListTests > withElementFactory() FAILED
    java.lang.NoClassDefFoundError at AutoPopulatingListTests.java:-1

ClassUtilsTests > determineCommonAncestor() FAILED
    java.lang.NoClassDefFoundError at ClassUtilsTests.java:-1

ClassUtilsTests > isNotLambda() FAILED
    java.lang.NoClassDefFoundError at ClassUtilsTests.java:-1

ClassUtilsTests > getShortName() FAILED
    java.lang.NoClassDefFoundError at ClassUtilsTests.java:-1

ClassUtilsTests > getShortNameForObjectArrayClass() FAILED
    java.lang.NoClassDefFoundError at ClassUtilsTests.java:-1

ClassUtilsTests > getQualifiedName() FAILED
    java.lang.NoClassDefFoundError at ClassUtilsTests.java:-1

ClassUtilsTests > getMethodCountForName() FAILED
    java.lang.NoClassDefFoundError at ClassUtilsTests.java:-1

ClassUtilsTests > resolvePrimitiveClassName(String, Class) > '"boolean"' -> "boolean" FAILED
    java.lang.NoClassDefFoundError at ClassUtilsTests.java:-1

ClassUtilsTests > resolvePrimitiveClassName(String, Class) > '"byte"' -> "byte" FAILED
    java.lang.NoClassDefFoundError at ClassUtilsTests.java:-1

ClassUtilsTests > resolvePrimitiveClassName(String, Class) > '"char"' -> "char" FAILED
    java.lang.NoClassDefFoundError at ClassUtilsTests.java:-1

ClassUtilsTests > resolvePrimitiveClassName(String, Class) > '"short"' -> "short" FAILED
    java.lang.NoClassDefFoundError at ClassUtilsTests.java:-1

ClassUtilsTests > resolvePrimitiveClassName(String, Class) > '"int"' -> "int" FAILED
    java.lang.NoClassDefFoundError at ClassUtilsTests.java:-1

ClassUtilsTests > resolvePrimitiveClassName(String, Class) > '"long"' -> "long" FAILED
    java.lang.NoClassDefFoundError at ClassUtilsTests.java:-1

ClassUtilsTests > resolvePrimitiveClassName(String, Class) > '"float"' -> "float" FAILED
    java.lang.NoClassDefFoundError at ClassUtilsTests.java:-1

ClassUtilsTests > resolvePrimitiveClassName(String, Class) > '"double"' -> "double" FAILED
    java.lang.NoClassDefFoundError at ClassUtilsTests.java:-1

ClassUtilsTests > resolvePrimitiveClassName(String, Class) > '"[Z"' -> "boolean[]" FAILED
    java.lang.NoClassDefFoundError at ClassUtilsTests.java:-1

ClassUtilsTests > resolvePrimitiveClassName(String, Class) > '"[B"' -> "byte[]" FAILED
    java.lang.NoClassDefFoundError at ClassUtilsTests.java:-1

ClassUtilsTests > resolvePrimitiveClassName(String, Class) > '"[C"' -> "char[]" FAILED
    java.lang.NoClassDefFoundError at ClassUtilsTests.java:-1

ClassUtilsTests > resolvePrimitiveClassName(String, Class) > '"[S"' -> "short[]" FAILED
    java.lang.NoClassDefFoundError at ClassUtilsTests.java:-1

ClassUtilsTests > resolvePrimitiveClassName(String, Class) > '"[I"' -> "int[]" FAILED
    java.lang.NoClassDefFoundError at ClassUtilsTests.java:-1

ClassUtilsTests > resolvePrimitiveClassName(String, Class) > '"[J"' -> "long[]" FAILED
    java.lang.NoClassDefFoundError at ClassUtilsTests.java:-1

ClassUtilsTests > resolvePrimitiveClassName(String, Class) > '"[F"' -> "float[]" FAILED
    java.lang.NoClassDefFoundError at ClassUtilsTests.java:-1

ClassUtilsTests > resolvePrimitiveClassName(String, Class) > '"[D"' -> "double[]" FAILED
    java.lang.NoClassDefFoundError at ClassUtilsTests.java:-1

ClassUtilsTests > getMethodIfAvailable() FAILED
    java.lang.NoClassDefFoundError at ClassUtilsTests.java:-1

ClassUtilsTests > getQualifiedNameForMultiDimensionalObjectArrayClass() FAILED
    java.lang.NoClassDefFoundError at ClassUtilsTests.java:-1

ClassUtilsTests > isAssignable() FAILED
    java.lang.NoClassDefFoundError at ClassUtilsTests.java:-1

ClassUtilsTests > getQualifiedNameForMultiDimensionalPrimitiveArrayClass() FAILED
    java.lang.NoClassDefFoundError at ClassUtilsTests.java:-1

ClassUtilsTests > forNameWithPrimitiveArraysInternalName() FAILED
    java.lang.NoClassDefFoundError at ClassUtilsTests.java:-1

ClassUtilsTests > getQualifiedNameForObjectArrayClass() FAILED
    java.lang.NoClassDefFoundError at ClassUtilsTests.java:-1

ClassUtilsTests > isPresent() FAILED
    java.lang.NoClassDefFoundError at ClassUtilsTests.java:-1

ClassUtilsTests > forNameWithNestedType() FAILED
    java.lang.NoClassDefFoundError at ClassUtilsTests.java:-1

ClassUtilsTests > getClassFileName() FAILED
    java.lang.NoClassDefFoundError at ClassUtilsTests.java:-1

ClassUtilsTests > forName() FAILED
    java.lang.NoClassDefFoundError at ClassUtilsTests.java:-1

ClassUtilsTests > getMostSpecificMethod() FAILED
    java.lang.NoClassDefFoundError at ClassUtilsTests.java:-1

ClassUtilsTests > forNameWithPrimitiveArrays() FAILED
    java.lang.NoClassDefFoundError at ClassUtilsTests.java:-1

ClassUtilsTests > hasMethod() FAILED
    java.lang.NoClassDefFoundError at ClassUtilsTests.java:-1

ClassUtilsTests > isLambda() FAILED
    java.lang.NoClassDefFoundError at ClassUtilsTests.java:-1

ClassUtilsTests > classNamesToString() FAILED
    java.lang.NoClassDefFoundError at ClassUtilsTests.java:-1

ClassUtilsTests > isPrimitiveOrWrapperWithPrimitive(Class) > [1] type = boolean FAILED
    java.lang.NoClassDefFoundError at ClassUtilsTests.java:-1

ClassUtilsTests > isPrimitiveOrWrapperWithPrimitive(Class) > [2] type = char FAILED
    java.lang.NoClassDefFoundError at ClassUtilsTests.java:-1

ClassUtilsTests > isPrimitiveOrWrapperWithPrimitive(Class) > [3] type = byte FAILED
    java.lang.NoClassDefFoundError at ClassUtilsTests.java:-1

ClassUtilsTests > isPrimitiveOrWrapperWithPrimitive(Class) > [4] type = short FAILED
    java.lang.NoClassDefFoundError at ClassUtilsTests.java:-1

ClassUtilsTests > isPrimitiveOrWrapperWithPrimitive(Class) > [5] type = int FAILED
    java.lang.NoClassDefFoundError at ClassUtilsTests.java:-1

ClassUtilsTests > isPrimitiveOrWrapperWithPrimitive(Class) > [6] type = long FAILED
    java.lang.NoClassDefFoundError at ClassUtilsTests.java:-1

ClassUtilsTests > isPrimitiveOrWrapperWithPrimitive(Class) > [7] type = float FAILED
    java.lang.NoClassDefFoundError at ClassUtilsTests.java:-1

ClassUtilsTests > isPrimitiveOrWrapperWithPrimitive(Class) > [8] type = double FAILED
    java.lang.NoClassDefFoundError at ClassUtilsTests.java:-1

ClassUtilsTests > isPrimitiveOrWrapperWithPrimitive(Class) > [9] type = void FAILED
    java.lang.NoClassDefFoundError at ClassUtilsTests.java:-1

ClassUtilsTests > forNameWithPrimitiveClasses() FAILED
    java.lang.NoClassDefFoundError at ClassUtilsTests.java:-1

ClassUtilsTests > isPrimitiveOrWrapperWithWrapper(Class) > [1] type = class java.lang.Boolean FAILED
    java.lang.NoClassDefFoundError at ClassUtilsTests.java:-1

ClassUtilsTests > isPrimitiveOrWrapperWithWrapper(Class) > [2] type = class java.lang.Character FAILED
    java.lang.NoClassDefFoundError at ClassUtilsTests.java:-1

ClassUtilsTests > isPrimitiveOrWrapperWithWrapper(Class) > [3] type = class java.lang.Byte FAILED
    java.lang.NoClassDefFoundError at ClassUtilsTests.java:-1

ClassUtilsTests > isPrimitiveOrWrapperWithWrapper(Class) > [4] type = class java.lang.Short FAILED
    java.lang.NoClassDefFoundError at ClassUtilsTests.java:-1

ClassUtilsTests > isPrimitiveOrWrapperWithWrapper(Class) > [5] type = class java.lang.Integer FAILED
    java.lang.NoClassDefFoundError at ClassUtilsTests.java:-1

ClassUtilsTests > isPrimitiveOrWrapperWithWrapper(Class) > [6] type = class java.lang.Long FAILED
    java.lang.NoClassDefFoundError at ClassUtilsTests.java:-1

ClassUtilsTests > isPrimitiveOrWrapperWithWrapper(Class) > [7] type = class java.lang.Float FAILED
    java.lang.NoClassDefFoundError at ClassUtilsTests.java:-1

ClassUtilsTests > isPrimitiveOrWrapperWithWrapper(Class) > [8] type = class java.lang.Double FAILED
    java.lang.NoClassDefFoundError at ClassUtilsTests.java:-1

ClassUtilsTests > isPrimitiveOrWrapperWithWrapper(Class) > [9] type = class java.lang.Void FAILED
    java.lang.NoClassDefFoundError at ClassUtilsTests.java:-1

ClassUtilsTests > getPackageName() FAILED
    java.lang.NoClassDefFoundError at ClassUtilsTests.java:-1

ClassUtilsTests > getShortNameForNestedClass() FAILED
    java.lang.NoClassDefFoundError at ClassUtilsTests.java:-1

ClassUtilsTests > addResourcePathToPackagePath() FAILED
    java.lang.NoClassDefFoundError at ClassUtilsTests.java:-1

ClassUtilsTests > isCacheSafe() FAILED
    java.lang.NoClassDefFoundError at ClassUtilsTests.java:-1

ClassUtilsTests > getShortNameForPrimitiveArrayClass() FAILED
    java.lang.NoClassDefFoundError at ClassUtilsTests.java:-1

ClassUtilsTests > countOverloadedMethods() FAILED
    java.lang.NoClassDefFoundError at ClassUtilsTests.java:-1

ClassUtilsTests > getShortNameForMultiDimensionalPrimitiveArrayClass() FAILED
    java.lang.NoClassDefFoundError at ClassUtilsTests.java:-1

ClassUtilsTests > getShortNameForMultiDimensionalObjectArrayClass() FAILED
    java.lang.NoClassDefFoundError at ClassUtilsTests.java:-1

ClassUtilsTests > getAllInterfaces() FAILED
    java.lang.NoClassDefFoundError at ClassUtilsTests.java:-1

ClassUtilsTests > classPackageAsResourcePath() FAILED
    java.lang.NoClassDefFoundError at ClassUtilsTests.java:-1

ClassUtilsTests > getShortNameAsProperty() FAILED
    java.lang.NoClassDefFoundError at ClassUtilsTests.java:-1

ClassUtilsTests > getQualifiedNameForPrimitiveArrayClass() FAILED
    java.lang.NoClassDefFoundError at ClassUtilsTests.java:-1

ClassUtilsTests > isPrimitiveWrapper(Class) > [1] type = class java.lang.Boolean FAILED
    java.lang.NoClassDefFoundError at ClassUtilsTests.java:-1

ClassUtilsTests > isPrimitiveWrapper(Class) > [2] type = class java.lang.Character FAILED
    java.lang.NoClassDefFoundError at ClassUtilsTests.java:-1

ClassUtilsTests > isPrimitiveWrapper(Class) > [3] type = class java.lang.Byte FAILED
    java.lang.NoClassDefFoundError at ClassUtilsTests.java:-1

ClassUtilsTests > isPrimitiveWrapper(Class) > [4] type = class java.lang.Short FAILED
    java.lang.NoClassDefFoundError at ClassUtilsTests.java:-1

ClassUtilsTests > isPrimitiveWrapper(Class) > [5] type = class java.lang.Integer FAILED
    java.lang.NoClassDefFoundError at ClassUtilsTests.java:-1

ClassUtilsTests > isPrimitiveWrapper(Class) > [6] type = class java.lang.Long FAILED
    java.lang.NoClassDefFoundError at ClassUtilsTests.java:-1

ClassUtilsTests > isPrimitiveWrapper(Class) > [7] type = class java.lang.Float FAILED
    java.lang.NoClassDefFoundError at ClassUtilsTests.java:-1

ClassUtilsTests > isPrimitiveWrapper(Class) > [8] type = class java.lang.Double FAILED
    java.lang.NoClassDefFoundError at ClassUtilsTests.java:-1

ClassUtilsTests > isPrimitiveWrapper(Class) > [9] type = class java.lang.Void FAILED
    java.lang.NoClassDefFoundError at ClassUtilsTests.java:-1

ClassUtilsTests > GetPubliclyAccessibleMethodTests > packagePrivateSubclassOverridesMethodInPublicInterface() FAILED
    java.lang.NoClassDefFoundError at ClassLoader.java:-2

ClassUtilsTests > GetPubliclyAccessibleMethodTests > publicMethodInJavaTimeZoneIdDeclaredInNonPublicSubclass() FAILED
    java.lang.NoClassDefFoundError at ClassLoader.java:-2

ClassUtilsTests > GetPubliclyAccessibleMethodTests > publicSubclassHidesStaticMethodInPublicSuperclass() FAILED
    java.lang.NoClassDefFoundError at ClassLoader.java:-2

ClassUtilsTests > GetPubliclyAccessibleMethodTests > privateSubclassOverridesPropertyInPublicInterface() FAILED
    java.lang.NoClassDefFoundError at ClassLoader.java:-2

ClassUtilsTests > GetPubliclyAccessibleMethodTests > staticMethodInPublicClass() FAILED
    java.lang.NoClassDefFoundError at ClassLoader.java:-2

ClassUtilsTests > GetPubliclyAccessibleMethodTests > privateSubclassHidesStaticMethodInPublicSuperclass() FAILED
    java.lang.NoClassDefFoundError at ClassLoader.java:-2

ClassUtilsTests > GetPubliclyAccessibleMethodTests > publicInterfaceMethodInPublicClass() FAILED
    java.lang.NoClassDefFoundError at ClassLoader.java:-2

ClassUtilsTests > GetPubliclyAccessibleMethodTests > publicMethodInPublicClass() FAILED
    java.lang.NoClassDefFoundError at ClassLoader.java:-2

ClassUtilsTests > GetPubliclyAccessibleMethodTests > nonPublicMethod(TestInfo) FAILED
    java.lang.NoClassDefFoundError at ClassLoader.java:-2

ClassUtilsTests > GetPubliclyAccessibleMethodTests > publicMethodInNonPublicInterface() FAILED
    java.lang.NoClassDefFoundError at ClassLoader.java:-2

ClassUtilsTests > GetPubliclyAccessibleMethodTests > publicInterfaceMethodDeclaredInNonPublicClassWithLateBindingOfClassMethodToSubclassDeclaredInterface() FAILED
    java.lang.NoClassDefFoundError at ClassLoader.java:-2

ClassUtilsTests > GetPubliclyAccessibleMethodTests > publicMethodInNonPublicClass() FAILED
    java.lang.NoClassDefFoundError at ClassLoader.java:-2

ClassUtilsTests > GetPubliclyAccessibleMethodTests > publicMethodInNonExportedClass() FAILED
    java.lang.NoClassDefFoundError at ClassLoader.java:-2

ClassUtilsTests > GetPubliclyAccessibleMethodTests > publicMethodInJavaLangObjectDeclaredInNonPublicClass() FAILED
    java.lang.NoClassDefFoundError at ClassLoader.java:-2

ClassUtilsTests > GetPubliclyAccessibleMethodTests > privateSubclassOverridesPropertyInPrivateInterface() FAILED
    java.lang.NoClassDefFoundError at ClassLoader.java:-2

ClassUtilsTests > GetPubliclyAccessibleMethodTests > privateSubclassOverridesPropertyInPublicSuperclass() FAILED
    java.lang.NoClassDefFoundError at ClassLoader.java:-2

ClassUtilsTests > GetPubliclyAccessibleMethodTests > privateSubclassOverridesMethodInPrivateInterface() FAILED
    java.lang.NoClassDefFoundError at ClassLoader.java:-2

ClassUtilsTests > GetPubliclyAccessibleMethodTests > privateSubclassOverridesMethodInPublicSuperclass() FAILED
    java.lang.NoClassDefFoundError at ClassLoader.java:-2

ClassUtilsTests > GetInterfaceMethodTests > packagePrivateSubclassOverridesMethodInPublicInterface() FAILED
    java.lang.NoClassDefFoundError at ClassLoader.java:-2

ClassUtilsTests > GetInterfaceMethodTests > privateSubclassOverridesPropertyInPublicInterface() FAILED
    java.lang.NoClassDefFoundError at ClassLoader.java:-2

ClassUtilsTests > GetInterfaceMethodTests > publicInterfaceMethodInPublicClass() FAILED
    java.lang.NoClassDefFoundError at ClassLoader.java:-2

ClassUtilsTests > GetInterfaceMethodTests > publicMethodInPublicClass() FAILED
    java.lang.NoClassDefFoundError at ClassLoader.java:-2

ClassUtilsTests > GetInterfaceMethodTests > publicMethodInNonPublicInterface() FAILED
    java.lang.NoClassDefFoundError at ClassLoader.java:-2

ClassUtilsTests > GetInterfaceMethodTests > publicInterfaceMethodDeclaredInNonPublicClassWithLateBindingOfClassMethodToSubclassDeclaredInterface() FAILED
    java.lang.NoClassDefFoundError at ClassLoader.java:-2

ClassUtilsTests > GetInterfaceMethodTests > privateSubclassOverridesPropertyInPrivateInterface() FAILED
    java.lang.NoClassDefFoundError at ClassLoader.java:-2

ClassUtilsTests > GetInterfaceMethodTests > privateSubclassOverridesMethodInPrivateInterface() FAILED
    java.lang.NoClassDefFoundError at ClassLoader.java:-2

ClassUtilsTests > GetStaticMethodTests > argsStaticMethod() FAILED
    java.lang.NoClassDefFoundError at ClassLoader.java:-2

ClassUtilsTests > GetStaticMethodTests > noArgsStaticMethod() FAILED
    java.lang.NoClassDefFoundError at ClassLoader.java:-2

ClassUtilsTests > GetStaticMethodTests > overloadedStaticMethod() FAILED
    java.lang.NoClassDefFoundError at ClassLoader.java:-2

CollectionUtilsTests > mergeArrayIntoCollection() FAILED
    java.lang.NoClassDefFoundError at CollectionUtilsTests.java:-1

CollectionUtilsTests > conversionOfNonEmptyMap() FAILED
    java.lang.NoClassDefFoundError at CollectionUtilsTests.java:-1

CollectionUtilsTests > findCommonElementTypeWithDifferentElementType() FAILED
    java.lang.NoClassDefFoundError at CollectionUtilsTests.java:-1

CollectionUtilsTests > firstElementWithSortedSet() FAILED
    java.lang.NoClassDefFoundError at CollectionUtilsTests.java:-1

CollectionUtilsTests > findValueOfTypeWithMoreThanOneValue() FAILED
    java.lang.NoClassDefFoundError at CollectionUtilsTests.java:-1

CollectionUtilsTests > findFirstMatch() FAILED
    java.lang.NoClassDefFoundError at CollectionUtilsTests.java:-1

CollectionUtilsTests > toArray() FAILED
    java.lang.NoClassDefFoundError at CollectionUtilsTests.java:-1

CollectionUtilsTests > conversionOfEmptyMap() FAILED
    java.lang.NoClassDefFoundError at CollectionUtilsTests.java:-1

CollectionUtilsTests > findCommonElementType() FAILED
    java.lang.NoClassDefFoundError at CollectionUtilsTests.java:-1

CollectionUtilsTests > containsInstanceWithSameInstance() FAILED
    java.lang.NoClassDefFoundError at CollectionUtilsTests.java:-1

CollectionUtilsTests > compositeMap() FAILED
    java.lang.NoClassDefFoundError at CollectionUtilsTests.java:-1

CollectionUtilsTests > findValueOfType() FAILED
    java.lang.NoClassDefFoundError at CollectionUtilsTests.java:-1

CollectionUtilsTests > mergePrimitiveArrayIntoCollection() FAILED
    java.lang.NoClassDefFoundError at CollectionUtilsTests.java:-1

CollectionUtilsTests > lastElementWithSortedSet() FAILED
    java.lang.NoClassDefFoundError at CollectionUtilsTests.java:-1

CollectionUtilsTests > containsInstanceWithInstancesThatAreEqualButDistinct() FAILED
    java.lang.NoClassDefFoundError at CollectionUtilsTests.java:-1

CollectionUtilsTests > findValueOfTypeWithNullCollection() FAILED
    java.lang.NoClassDefFoundError at CollectionUtilsTests.java:-1

CollectionUtilsTests > containsAny() FAILED
    java.lang.NoClassDefFoundError at CollectionUtilsTests.java:-1

CollectionUtilsTests > containsWithEnumeration() FAILED
    java.lang.NoClassDefFoundError at CollectionUtilsTests.java:-1

CollectionUtilsTests > containsWithIterator() FAILED
    java.lang.NoClassDefFoundError at CollectionUtilsTests.java:-1

CollectionUtilsTests > firstElementWithList() FAILED
    java.lang.NoClassDefFoundError at CollectionUtilsTests.java:-1

CollectionUtilsTests > findCommonElementTypeWithEmptyCollection() FAILED
    java.lang.NoClassDefFoundError at CollectionUtilsTests.java:-1

CollectionUtilsTests > lastElementWithList() FAILED
    java.lang.NoClassDefFoundError at CollectionUtilsTests.java:-1

CollectionUtilsTests > hasUniqueObject() FAILED
    java.lang.NoClassDefFoundError at CollectionUtilsTests.java:-1

CollectionUtilsTests > mergePropertiesIntoMap() FAILED
    java.lang.NoClassDefFoundError at CollectionUtilsTests.java:-1

CollectionUtilsTests > firstElementWithSet() FAILED
    java.lang.NoClassDefFoundError at CollectionUtilsTests.java:-1

CollectionUtilsTests > lastElementWithSet() FAILED
    java.lang.NoClassDefFoundError at CollectionUtilsTests.java:-1

CollectionUtilsTests > containsInstanceWithNullCollection() FAILED
    java.lang.NoClassDefFoundError at CollectionUtilsTests.java:-1

CollectionUtilsTests > findValueOfTypeWithNullType() FAILED
    java.lang.NoClassDefFoundError at CollectionUtilsTests.java:-1

CollectionUtilsTests > containsInstanceWithNullInstance() FAILED
    java.lang.NoClassDefFoundError at CollectionUtilsTests.java:-1

CollectionUtilsTests > changesValueByReference() FAILED
    java.lang.NoClassDefFoundError at CollectionUtilsTests.java:-1

CollectionUtilsTests > findValueOfTypeWithEmptyCollection() FAILED
    java.lang.NoClassDefFoundError at CollectionUtilsTests.java:-1

CollectionUtilsTests > isEmpty() FAILED
    java.lang.NoClassDefFoundError at CollectionUtilsTests.java:-1

CompositeCollectionTests > toArrayArgs() FAILED
    java.lang.NoClassDefFoundError at CompositeCollectionTests.java:-1

CompositeCollectionTests > nullable() FAILED
    java.lang.NoClassDefFoundError at CompositeCollectionTests.java:-1

CompositeCollectionTests > retainAll() FAILED
    java.lang.NoClassDefFoundError at CompositeCollectionTests.java:-1

CompositeCollectionTests > addAll() FAILED
    java.lang.NoClassDefFoundError at CompositeCollectionTests.java:-1

CompositeCollectionTests > toArray() FAILED
    java.lang.NoClassDefFoundError at CompositeCollectionTests.java:-1

CompositeCollectionTests > remove() FAILED
    java.lang.NoClassDefFoundError at CompositeCollectionTests.java:-1

CompositeCollectionTests > contains() FAILED
    java.lang.NoClassDefFoundError at CompositeCollectionTests.java:-1

CompositeCollectionTests > add() FAILED
    java.lang.NoClassDefFoundError at CompositeCollectionTests.java:-1

CompositeCollectionTests > size() FAILED
    java.lang.NoClassDefFoundError at CompositeCollectionTests.java:-1

CompositeCollectionTests > clear() FAILED
    java.lang.NoClassDefFoundError at CompositeCollectionTests.java:-1

CompositeCollectionTests > containsAll() FAILED
    java.lang.NoClassDefFoundError at CompositeCollectionTests.java:-1

CompositeCollectionTests > iterator() FAILED
    java.lang.NoClassDefFoundError at CompositeCollectionTests.java:-1

CompositeCollectionTests > removeAll() FAILED
    java.lang.NoClassDefFoundError at CompositeCollectionTests.java:-1

CompositeCollectionTests > isEmpty() FAILED
    java.lang.NoClassDefFoundError at CompositeCollectionTests.java:-1

CompositeIteratorTests > nullable() FAILED
    java.lang.NoClassDefFoundError at CompositeIteratorTests.java:-1

CompositeIteratorTests > duplicateIterators() FAILED
    java.lang.NoClassDefFoundError at CompositeIteratorTests.java:-1

CompositeIteratorTests > noIterators() FAILED
    java.lang.NoClassDefFoundError at CompositeIteratorTests.java:-1

CompositeIteratorTests > inUse() FAILED
    java.lang.NoClassDefFoundError at CompositeIteratorTests.java:-1

CompositeIteratorTests > multipleIterators() FAILED
    java.lang.NoClassDefFoundError at CompositeIteratorTests.java:-1

CompositeIteratorTests > singleIterator() FAILED
    java.lang.NoClassDefFoundError at CompositeIteratorTests.java:-1

CompositeMapTests > entrySet() FAILED
    java.lang.NoClassDefFoundError at CompositeMapTests.java:-1

CompositeMapTests > containsValue() FAILED
    java.lang.NoClassDefFoundError at CompositeMapTests.java:-1

CompositeMapTests > nullable() FAILED
    java.lang.NoClassDefFoundError at CompositeMapTests.java:-1

CompositeMapTests > putSupported() FAILED
    java.lang.NoClassDefFoundError at CompositeMapTests.java:-1

CompositeMapTests > putUnsupported() FAILED
    java.lang.NoClassDefFoundError at CompositeMapTests.java:-1

CompositeMapTests > putAllUnsupported() FAILED
    java.lang.NoClassDefFoundError at CompositeMapTests.java:-1

CompositeMapTests > keySet() FAILED
    java.lang.NoClassDefFoundError at CompositeMapTests.java:-1

CompositeMapTests > remove() FAILED
    java.lang.NoClassDefFoundError at CompositeMapTests.java:-1

CompositeMapTests > putAllPutAllFunction() FAILED
    java.lang.NoClassDefFoundError at CompositeMapTests.java:-1

CompositeMapTests > values() FAILED
    java.lang.NoClassDefFoundError at CompositeMapTests.java:-1

CompositeMapTests > get() FAILED
    java.lang.NoClassDefFoundError at CompositeMapTests.java:-1

CompositeMapTests > size() FAILED
    java.lang.NoClassDefFoundError at CompositeMapTests.java:-1

CompositeMapTests > putAllPutFunction() FAILED
    java.lang.NoClassDefFoundError at CompositeMapTests.java:-1

CompositeMapTests > clear() FAILED
    java.lang.NoClassDefFoundError at CompositeMapTests.java:-1

CompositeMapTests > containsKey() FAILED
    java.lang.NoClassDefFoundError at CompositeMapTests.java:-1

CompositeMapTests > isEmpty() FAILED
    java.lang.NoClassDefFoundError at CompositeMapTests.java:-1

CompositeMapTests > CollisionTests > entrySet() FAILED
    java.lang.NoClassDefFoundError at ClassLoader.java:-2

CompositeMapTests > CollisionTests > containsValue() FAILED
    java.lang.NoClassDefFoundError at ClassLoader.java:-2

CompositeMapTests > CollisionTests > keySet() FAILED
    java.lang.NoClassDefFoundError at ClassLoader.java:-2

CompositeMapTests > CollisionTests > remove() FAILED
    java.lang.NoClassDefFoundError at ClassLoader.java:-2

CompositeMapTests > CollisionTests > values() FAILED
    java.lang.NoClassDefFoundError at ClassLoader.java:-2

CompositeMapTests > CollisionTests > get() FAILED
    java.lang.NoClassDefFoundError at ClassLoader.java:-2

CompositeMapTests > CollisionTests > size() FAILED
    java.lang.NoClassDefFoundError at ClassLoader.java:-2

CompositeSetTests > nullable() FAILED
    java.lang.NoClassDefFoundError at CompositeSetTests.java:-1

CompositeSetTests > equals() FAILED
    java.lang.NoClassDefFoundError at CompositeSetTests.java:-1

ConcurrentLruCacheTests > clearAndSize() FAILED
    java.lang.NoClassDefFoundError at ConcurrentLruCacheTests.java:-1

ConcurrentLruCacheTests > getAndSize() FAILED
    java.lang.NoClassDefFoundError at ConcurrentLruCacheTests.java:-1

ConcurrentLruCacheTests > removeAndSize() FAILED
    java.lang.NoClassDefFoundError at ConcurrentLruCacheTests.java:-1

ConcurrentLruCacheTests > zeroCapacity() FAILED
    java.lang.NoClassDefFoundError at ConcurrentLruCacheTests.java:-1

ConcurrentReferenceHashMapTests > getWithNoItems() FAILED
    java.lang.NoClassDefFoundError at ConcurrentReferenceHashMapTests.java:-1

ConcurrentReferenceHashMapTests > keySetAdd() FAILED
    java.lang.NoClassDefFoundError at ConcurrentReferenceHashMapTests.java:-1

ConcurrentReferenceHashMapTests > containsValue() FAILED
    java.lang.NoClassDefFoundError at ConcurrentReferenceHashMapTests.java:-1

ConcurrentReferenceHashMapTests > createWithInitialCapacity() FAILED
    java.lang.NoClassDefFoundError at ConcurrentReferenceHashMapTests.java:-1

ConcurrentReferenceHashMapTests > replaceOldNullValueWithNewValue() FAILED
    java.lang.NoClassDefFoundError at ConcurrentReferenceHashMapTests.java:-1

ConcurrentReferenceHashMapTests > createWithInitialCapacityAndConcurrentLevel() FAILED
    java.lang.NoClassDefFoundError at ConcurrentReferenceHashMapTests.java:-1

ConcurrentReferenceHashMapTests > valuesCollectionSpliteratorCharacteristics() FAILED
    java.lang.NoClassDefFoundError at ConcurrentReferenceHashMapTests.java:-1

ConcurrentReferenceHashMapTests > putNullKey() FAILED
    java.lang.NoClassDefFoundError at ConcurrentReferenceHashMapTests.java:-1

ConcurrentReferenceHashMapTests > valuesCollectionStream() FAILED
    java.lang.NoClassDefFoundError at ConcurrentReferenceHashMapTests.java:-1

ConcurrentReferenceHashMapTests > keySet() FAILED
    java.lang.NoClassDefFoundError at ConcurrentReferenceHashMapTests.java:-1

ConcurrentReferenceHashMapTests > removeWhenKeyIsNotInMap() FAILED
    java.lang.NoClassDefFoundError at ConcurrentReferenceHashMapTests.java:-1

ConcurrentReferenceHashMapTests > createWithInitialCapacityAndLoadFactor() FAILED
    java.lang.NoClassDefFoundError at ConcurrentReferenceHashMapTests.java:-1

ConcurrentReferenceHashMapTests > putAndGet() FAILED
    java.lang.NoClassDefFoundError at ConcurrentReferenceHashMapTests.java:-1

ConcurrentReferenceHashMapTests > putAll() FAILED
    java.lang.NoClassDefFoundError at ConcurrentReferenceHashMapTests.java:-1

ConcurrentReferenceHashMapTests > resize() FAILED
    java.lang.NoClassDefFoundError at ConcurrentReferenceHashMapTests.java:-1

ConcurrentReferenceHashMapTests > getEntrySetFollowingNext() FAILED
    java.lang.NoClassDefFoundError at ConcurrentReferenceHashMapTests.java:-1

ConcurrentReferenceHashMapTests > valuesCollectionIteratorRemoval() FAILED
    java.lang.NoClassDefFoundError at ConcurrentReferenceHashMapTests.java:-1

ConcurrentReferenceHashMapTests > removeKeyAndValueWithExistingNull() FAILED
    java.lang.NoClassDefFoundError at ConcurrentReferenceHashMapTests.java:-1

ConcurrentReferenceHashMapTests > putNullValue() FAILED
    java.lang.NoClassDefFoundError at ConcurrentReferenceHashMapTests.java:-1

ConcurrentReferenceHashMapTests > supportNullReference() FAILED
    java.lang.NoClassDefFoundError at ConcurrentReferenceHashMapTests.java:-1

ConcurrentReferenceHashMapTests > keySetContains() FAILED
    java.lang.NoClassDefFoundError at ConcurrentReferenceHashMapTests.java:-1

ConcurrentReferenceHashMapTests > purgeOnGet() FAILED
    java.lang.NoClassDefFoundError at ConcurrentReferenceHashMapTests.java:-1

ConcurrentReferenceHashMapTests > purgeOnPut() FAILED
    java.lang.NoClassDefFoundError at ConcurrentReferenceHashMapTests.java:-1

ConcurrentReferenceHashMapTests > valuesCollectionIterator() FAILED
    java.lang.NoClassDefFoundError at ConcurrentReferenceHashMapTests.java:-1

ConcurrentReferenceHashMapTests > putIfAbsentWithNullKey() FAILED
    java.lang.NoClassDefFoundError at ConcurrentReferenceHashMapTests.java:-1

ConcurrentReferenceHashMapTests > replaceNullValue() FAILED
    java.lang.NoClassDefFoundError at ConcurrentReferenceHashMapTests.java:-1

ConcurrentReferenceHashMapTests > positiveLoadFactor() FAILED
    java.lang.NoClassDefFoundError at ConcurrentReferenceHashMapTests.java:-1

ConcurrentReferenceHashMapTests > keySetSpliteratorCharacteristics() FAILED
    java.lang.NoClassDefFoundError at ConcurrentReferenceHashMapTests.java:-1

ConcurrentReferenceHashMapTests > removeKeyAndValue() FAILED
    java.lang.NoClassDefFoundError at ConcurrentReferenceHashMapTests.java:-1

ConcurrentReferenceHashMapTests > setViaEntrySet() FAILED
    java.lang.NoClassDefFoundError at ConcurrentReferenceHashMapTests.java:-1

ConcurrentReferenceHashMapTests > entrySetSpliteratorCharacteristics() FAILED
    java.lang.NoClassDefFoundError at ConcurrentReferenceHashMapTests.java:-1

ConcurrentReferenceHashMapTests > computeIfAbsent() FAILED
    java.lang.NoClassDefFoundError at ConcurrentReferenceHashMapTests.java:-1

ConcurrentReferenceHashMapTests > getEntrySet() FAILED
    java.lang.NoClassDefFoundError at ConcurrentReferenceHashMapTests.java:-1

ConcurrentReferenceHashMapTests > createFullyCustom() FAILED
    java.lang.NoClassDefFoundError at ConcurrentReferenceHashMapTests.java:-1

ConcurrentReferenceHashMapTests > size() FAILED
    java.lang.NoClassDefFoundError at ConcurrentReferenceHashMapTests.java:-1

ConcurrentReferenceHashMapTests > replaceOnDoublePut() FAILED
    java.lang.NoClassDefFoundError at ConcurrentReferenceHashMapTests.java:-1

ConcurrentReferenceHashMapTests > removeViaEntrySet() FAILED
    java.lang.NoClassDefFoundError at ConcurrentReferenceHashMapTests.java:-1

ConcurrentReferenceHashMapTests > keySetRemove() FAILED
    java.lang.NoClassDefFoundError at ConcurrentReferenceHashMapTests.java:-1

ConcurrentReferenceHashMapTests > clear() FAILED
    java.lang.NoClassDefFoundError at ConcurrentReferenceHashMapTests.java:-1

ConcurrentReferenceHashMapTests > merge() FAILED
    java.lang.NoClassDefFoundError at ConcurrentReferenceHashMapTests.java:-1

ConcurrentReferenceHashMapTests > keySetStream() FAILED
    java.lang.NoClassDefFoundError at ConcurrentReferenceHashMapTests.java:-1

ConcurrentReferenceHashMapTests > keySetClear() FAILED
    java.lang.NoClassDefFoundError at ConcurrentReferenceHashMapTests.java:-1

ConcurrentReferenceHashMapTests > containsKey() FAILED
    java.lang.NoClassDefFoundError at ConcurrentReferenceHashMapTests.java:-1

ConcurrentReferenceHashMapTests > computeIfPresent() FAILED
    java.lang.NoClassDefFoundError at ConcurrentReferenceHashMapTests.java:-1

ConcurrentReferenceHashMapTests > positiveConcurrencyLevel() FAILED
    java.lang.NoClassDefFoundError at ConcurrentReferenceHashMapTests.java:-1

ConcurrentReferenceHashMapTests > nonNegativeInitialCapacity() FAILED
    java.lang.NoClassDefFoundError at ConcurrentReferenceHashMapTests.java:-1

ConcurrentReferenceHashMapTests > removeWhenKeyIsInMap() FAILED
    java.lang.NoClassDefFoundError at ConcurrentReferenceHashMapTests.java:-1

ConcurrentReferenceHashMapTests > replaceValue() FAILED
    java.lang.NoClassDefFoundError at ConcurrentReferenceHashMapTests.java:-1

ConcurrentReferenceHashMapTests > putIfAbsent() FAILED
    java.lang.NoClassDefFoundError at ConcurrentReferenceHashMapTests.java:-1

ConcurrentReferenceHashMapTests > containsViaEntrySet() FAILED
    java.lang.NoClassDefFoundError at ConcurrentReferenceHashMapTests.java:-1

ConcurrentReferenceHashMapTests > createWithDefaults() FAILED
    java.lang.NoClassDefFoundError at ConcurrentReferenceHashMapTests.java:-1

ConcurrentReferenceHashMapTests > valuesCollectionRemoval() FAILED
    java.lang.NoClassDefFoundError at ConcurrentReferenceHashMapTests.java:-1

ConcurrentReferenceHashMapTests > compute() FAILED
    java.lang.NoClassDefFoundError at ConcurrentReferenceHashMapTests.java:-1

ConcurrentReferenceHashMapTests > keySetIterator() FAILED
    java.lang.NoClassDefFoundError at ConcurrentReferenceHashMapTests.java:-1

ConcurrentReferenceHashMapTests > putIfAbsentWithNullValue() FAILED
    java.lang.NoClassDefFoundError at ConcurrentReferenceHashMapTests.java:-1

ConcurrentReferenceHashMapTests > replaceOldValueWithNewValue() FAILED
    java.lang.NoClassDefFoundError at ConcurrentReferenceHashMapTests.java:-1

ConcurrentReferenceHashMapTests > applySupplementalHash() FAILED
    java.lang.NoClassDefFoundError at ConcurrentReferenceHashMapTests.java:-1

ConcurrentReferenceHashMapTests > getFollowingNexts() FAILED
    java.lang.NoClassDefFoundError at ConcurrentReferenceHashMapTests.java:-1

ConcurrentReferenceHashMapTests > valuesCollection() FAILED
    java.lang.NoClassDefFoundError at ConcurrentReferenceHashMapTests.java:-1

ConcurrentReferenceHashMapTests > valuesCollectionAdd() FAILED
    java.lang.NoClassDefFoundError at ConcurrentReferenceHashMapTests.java:-1

ConcurrentReferenceHashMapTests > valuesCollectionClear() FAILED
    java.lang.NoClassDefFoundError at ConcurrentReferenceHashMapTests.java:-1

ConcurrentReferenceHashMapTests > keySetIteratorRemove() FAILED
    java.lang.NoClassDefFoundError at ConcurrentReferenceHashMapTests.java:-1

ConcurrentReferenceHashMapTests > isEmpty() FAILED
    java.lang.NoClassDefFoundError at ConcurrentReferenceHashMapTests.java:-1

DigestUtilsTests > md5Hex() FAILED
    java.lang.NoClassDefFoundError at DigestUtilsTests.java:-1

DigestUtilsTests > md5() FAILED
    java.lang.NoClassDefFoundError at DigestUtilsTests.java:-1

DigestUtilsTests > md5StringBuilder() FAILED
    java.lang.NoClassDefFoundError at DigestUtilsTests.java:-1

ExceptionTypeFilterTests > includesCauseAndSubtypeMatching() FAILED
    java.lang.NoClassDefFoundError at ExceptionTypeFilterTests.java:-1

ExceptionTypeFilterTests > includesSubtypeMatching() FAILED
    java.lang.NoClassDefFoundError at ExceptionTypeFilterTests.java:-1

ExceptionTypeFilterTests > excludesSubtypeMatching() FAILED
    java.lang.NoClassDefFoundError at ExceptionTypeFilterTests.java:-1

ExceptionTypeFilterTests > includes() FAILED
    java.lang.NoClassDefFoundError at ExceptionTypeFilterTests.java:-1

ExceptionTypeFilterTests > emptyFilter() FAILED
    java.lang.NoClassDefFoundError at ExceptionTypeFilterTests.java:-1

ExceptionTypeFilterTests > includesAndExcludes() FAILED
    java.lang.NoClassDefFoundError at ExceptionTypeFilterTests.java:-1

ExceptionTypeFilterTests > excludesCauseAndSubtypeMatching() FAILED
    java.lang.NoClassDefFoundError at ExceptionTypeFilterTests.java:-1

ExceptionTypeFilterTests > excludes() FAILED
    java.lang.NoClassDefFoundError at ExceptionTypeFilterTests.java:-1

ExponentialBackOffTests > startReturnsDifferentInstances() FAILED
    java.lang.NoClassDefFoundError at ExponentialBackOffTests.java:-1

ExponentialBackOffTests > maxIntervalReachedImmediately() FAILED
    java.lang.NoClassDefFoundError at ExponentialBackOffTests.java:-1

ExponentialBackOffTests > defaultInstance() FAILED
    java.lang.NoClassDefFoundError at ExponentialBackOffTests.java:-1

ExponentialBackOffTests > maxAttempts() FAILED
    java.lang.NoClassDefFoundError at ExponentialBackOffTests.java:-1

ExponentialBackOffTests > invalidInterval() FAILED
    java.lang.NoClassDefFoundError at ExponentialBackOffTests.java:-1

ExponentialBackOffTests > jitterScalesProportionallyWithInterval() FAILED
    java.lang.NoClassDefFoundError at ExponentialBackOffTests.java:-1

ExponentialBackOffTests > maxAttemptsReached() FAILED
    java.lang.NoClassDefFoundError at ExponentialBackOffTests.java:-1

ExponentialBackOffTests > toStringContent() FAILED
    java.lang.NoClassDefFoundError at ExponentialBackOffTests.java:-1

ExponentialBackOffTests > jitterWithZeroInitialInterval() FAILED
    java.lang.NoClassDefFoundError at ExponentialBackOffTests.java:-1

ExponentialBackOffTests > simpleIncrease() FAILED
    java.lang.NoClassDefFoundError at ExponentialBackOffTests.java:-1

ExponentialBackOffTests > fixedIncrease() FAILED
    java.lang.NoClassDefFoundError at ExponentialBackOffTests.java:-1

ExponentialBackOffTests > maxIntervalReached() FAILED
    java.lang.NoClassDefFoundError at ExponentialBackOffTests.java:-1

FastByteArrayOutputStreamTests > updateMessageDigest() FAILED
    java.lang.NoClassDefFoundError at FastByteArrayOutputStreamTests.java:-1

FastByteArrayOutputStreamTests > getInputStreamAvailable() FAILED
    java.lang.NoClassDefFoundError at FastByteArrayOutputStreamTests.java:-1

FastByteArrayOutputStreamTests > stringConversion() FAILED
    java.lang.NoClassDefFoundError at FastByteArrayOutputStreamTests.java:-1

FastByteArrayOutputStreamTests > getInputStream() FAILED
    java.lang.NoClassDefFoundError at FastByteArrayOutputStreamTests.java:-1

FastByteArrayOutputStreamTests > resize() FAILED
    java.lang.NoClassDefFoundError at FastByteArrayOutputStreamTests.java:-1

FastByteArrayOutputStreamTests > updateMessageDigestManyBuffers() FAILED
    java.lang.NoClassDefFoundError at FastByteArrayOutputStreamTests.java:-1

FastByteArrayOutputStreamTests > toByteArrayUnsafe() FAILED
    java.lang.NoClassDefFoundError at FastByteArrayOutputStreamTests.java:-1

FastByteArrayOutputStreamTests > size() FAILED
    java.lang.NoClassDefFoundError at FastByteArrayOutputStreamTests.java:-1

FastByteArrayOutputStreamTests > failResize() FAILED
    java.lang.NoClassDefFoundError at FastByteArrayOutputStreamTests.java:-1

FastByteArrayOutputStreamTests > getInputStreamReadAll() FAILED
    java.lang.NoClassDefFoundError at FastByteArrayOutputStreamTests.java:-1

FastByteArrayOutputStreamTests > close() FAILED
    java.lang.NoClassDefFoundError at FastByteArrayOutputStreamTests.java:-1

FastByteArrayOutputStreamTests > reset() FAILED
    java.lang.NoClassDefFoundError at FastByteArrayOutputStreamTests.java:-1

FastByteArrayOutputStreamTests > write() FAILED
    java.lang.NoClassDefFoundError at FastByteArrayOutputStreamTests.java:-1

FastByteArrayOutputStreamTests > getInputStreamReadBytePromotion() FAILED
    java.lang.NoClassDefFoundError at FastByteArrayOutputStreamTests.java:-1

FastByteArrayOutputStreamTests > getInputStreamSkipAll() FAILED
    java.lang.NoClassDefFoundError at FastByteArrayOutputStreamTests.java:-1

FastByteArrayOutputStreamTests > getInputStreamReadBeyondEndOfStream() FAILED
    java.lang.NoClassDefFoundError at FastByteArrayOutputStreamTests.java:-1

FastByteArrayOutputStreamTests > getInputStreamRead() FAILED
    java.lang.NoClassDefFoundError at FastByteArrayOutputStreamTests.java:-1

FastByteArrayOutputStreamTests > getInputStreamSkip() FAILED
    java.lang.NoClassDefFoundError at FastByteArrayOutputStreamTests.java:-1

FastByteArrayOutputStreamTests > autoGrow() FAILED
    java.lang.NoClassDefFoundError at FastByteArrayOutputStreamTests.java:-1

FastByteArrayOutputStreamTests > writeTo() FAILED
    java.lang.NoClassDefFoundError at FastByteArrayOutputStreamTests.java:-1

FileCopyUtilsTests > copyFromInputStream() FAILED
    java.lang.NoClassDefFoundError at FileCopyUtilsTests.java:-1

FileCopyUtilsTests > copyFile(Path) FAILED
    java.lang.NoClassDefFoundError at FileCopyUtilsTests.java:-1

FileCopyUtilsTests > copyToString() FAILED
    java.lang.NoClassDefFoundError at FileCopyUtilsTests.java:-1

FileCopyUtilsTests > copyFromByteArray() FAILED
    java.lang.NoClassDefFoundError at FileCopyUtilsTests.java:-1

FileCopyUtilsTests > copyByteArrayToFile(Path) FAILED
    java.lang.NoClassDefFoundError at FileCopyUtilsTests.java:-1

FileCopyUtilsTests > copyFileToByteArray(Path) FAILED
    java.lang.NoClassDefFoundError at FileCopyUtilsTests.java:-1

FileCopyUtilsTests > copyToByteArray() FAILED
    java.lang.NoClassDefFoundError at FileCopyUtilsTests.java:-1

FileCopyUtilsTests > copyFromReader() FAILED
    java.lang.NoClassDefFoundError at FileCopyUtilsTests.java:-1

FileCopyUtilsTests > copyFromString() FAILED
    java.lang.NoClassDefFoundError at FileCopyUtilsTests.java:-1

FileSystemUtilsTests > deleteRecursively(File) FAILED
    java.lang.NoClassDefFoundError at FileSystemUtilsTests.java:-1

FileSystemUtilsTests > copyRecursively(File) FAILED
    java.lang.NoClassDefFoundError at FileSystemUtilsTests.java:-1

FilteredCollectionTests > nullable() FAILED
    java.lang.NoClassDefFoundError at FilteredCollectionTests.java:-1

FilteredCollectionTests > remove() FAILED
    java.lang.NoClassDefFoundError at FilteredCollectionTests.java:-1

FilteredCollectionTests > contains() FAILED
    java.lang.NoClassDefFoundError at FilteredCollectionTests.java:-1

FilteredCollectionTests > add() FAILED
    java.lang.NoClassDefFoundError at FilteredCollectionTests.java:-1

FilteredCollectionTests > size() FAILED
    java.lang.NoClassDefFoundError at FilteredCollectionTests.java:-1

FilteredCollectionTests > iterator() FAILED
    java.lang.NoClassDefFoundError at FilteredCollectionTests.java:-1

FilteredIteratorTests > nullable() FAILED
    java.lang.NoClassDefFoundError at FilteredIteratorTests.java:-1

FilteredIteratorTests > filter() FAILED
    java.lang.NoClassDefFoundError at FilteredIteratorTests.java:-1

FilteredMapTests > entrySet() FAILED
    java.lang.NoClassDefFoundError at FilteredMapTests.java:-1

FilteredMapTests > nullable() FAILED
    java.lang.NoClassDefFoundError at FilteredMapTests.java:-1

FilteredMapTests > keySet() FAILED
    java.lang.NoClassDefFoundError at FilteredMapTests.java:-1

FilteredMapTests > remove() FAILED
    java.lang.NoClassDefFoundError at FilteredMapTests.java:-1

FilteredMapTests > get() FAILED
    java.lang.NoClassDefFoundError at FilteredMapTests.java:-1

FilteredMapTests > put() FAILED
    java.lang.NoClassDefFoundError at FilteredMapTests.java:-1

FilteredMapTests > size() FAILED
    java.lang.NoClassDefFoundError at FilteredMapTests.java:-1

FilteredMapTests > containsKey() FAILED
    java.lang.NoClassDefFoundError at FilteredMapTests.java:-1

FilteredSetTests > nullable() FAILED
    java.lang.NoClassDefFoundError at FilteredSetTests.java:-1

FilteredSetTests > equals() FAILED
    java.lang.NoClassDefFoundError at FilteredSetTests.java:-1

FixedBackOffTests > startReturnsDifferentInstances() FAILED
    java.lang.NoClassDefFoundError at FixedBackOffTests.java:-1

FixedBackOffTests > defaultInstance() FAILED
    java.lang.NoClassDefFoundError at FixedBackOffTests.java:-1

FixedBackOffTests > maxAttemptsReached() FAILED
    java.lang.NoClassDefFoundError at FixedBackOffTests.java:-1

FixedBackOffTests > toStringContent() FAILED
    java.lang.NoClassDefFoundError at FixedBackOffTests.java:-1

FixedBackOffTests > liveUpdate() FAILED
    java.lang.NoClassDefFoundError at FixedBackOffTests.java:-1

FixedBackOffTests > noAttemptAtAll() FAILED
    java.lang.NoClassDefFoundError at FixedBackOffTests.java:-1

InstanceFilterTests > excludesFilter() FAILED
    java.lang.NoClassDefFoundError at InstanceFilterTests.java:-1

InstanceFilterTests > includesAndExcludesFilters() FAILED
    java.lang.NoClassDefFoundError at InstanceFilterTests.java:-1

InstanceFilterTests > includesFilter() FAILED
    java.lang.NoClassDefFoundError at InstanceFilterTests.java:-1

InstanceFilterTests > emptyFilterApplyMatchIfEmpty() FAILED
    java.lang.NoClassDefFoundError at InstanceFilterTests.java:-1

InstanceFilterTests > includesAndExcludesFiltersConflict() FAILED
    java.lang.NoClassDefFoundError at InstanceFilterTests.java:-1

LinkedCaseInsensitiveMapTests > removeFromEntrySet() FAILED
    java.lang.NoClassDefFoundError at LinkedCaseInsensitiveMapTests.java:-1

LinkedCaseInsensitiveMapTests > clearFromEntrySet() FAILED
    java.lang.NoClassDefFoundError at LinkedCaseInsensitiveMapTests.java:-1

LinkedCaseInsensitiveMapTests > computeIfAbsentWithComputedValue() FAILED
    java.lang.NoClassDefFoundError at LinkedCaseInsensitiveMapTests.java:-1

LinkedCaseInsensitiveMapTests > entrySetRemoveIsCaseInsensitive() FAILED
    java.lang.NoClassDefFoundError at LinkedCaseInsensitiveMapTests.java:-1

LinkedCaseInsensitiveMapTests > removeFromKeySet() FAILED
    java.lang.NoClassDefFoundError at LinkedCaseInsensitiveMapTests.java:-1

LinkedCaseInsensitiveMapTests > removeFromValues() FAILED
    java.lang.NoClassDefFoundError at LinkedCaseInsensitiveMapTests.java:-1

LinkedCaseInsensitiveMapTests > putAndGet() FAILED
    java.lang.NoClassDefFoundError at LinkedCaseInsensitiveMapTests.java:-1

LinkedCaseInsensitiveMapTests > putWithOverlappingKeys() FAILED
    java.lang.NoClassDefFoundError at LinkedCaseInsensitiveMapTests.java:-1

LinkedCaseInsensitiveMapTests > getOrDefaultWithNullValue() FAILED
    java.lang.NoClassDefFoundError at LinkedCaseInsensitiveMapTests.java:-1

LinkedCaseInsensitiveMapTests > mapClone() FAILED
    java.lang.NoClassDefFoundError at LinkedCaseInsensitiveMapTests.java:-1

LinkedCaseInsensitiveMapTests > computeIfAbsentWithExistingValue() FAILED
    java.lang.NoClassDefFoundError at LinkedCaseInsensitiveMapTests.java:-1

LinkedCaseInsensitiveMapTests > removeFromEntrySetViaIterator() FAILED
    java.lang.NoClassDefFoundError at LinkedCaseInsensitiveMapTests.java:-1

LinkedCaseInsensitiveMapTests > removeFromKeySetViaIterator() FAILED
    java.lang.NoClassDefFoundError at LinkedCaseInsensitiveMapTests.java:-1

LinkedCaseInsensitiveMapTests > clearFromKeySet() FAILED
    java.lang.NoClassDefFoundError at LinkedCaseInsensitiveMapTests.java:-1

LinkedCaseInsensitiveMapTests > getOrDefault() FAILED
    java.lang.NoClassDefFoundError at LinkedCaseInsensitiveMapTests.java:-1

LinkedCaseInsensitiveMapTests > entrySetContainsIsCaseInsensitive() FAILED
    java.lang.NoClassDefFoundError at LinkedCaseInsensitiveMapTests.java:-1

LinkedCaseInsensitiveMapTests > clearFromValues() FAILED
    java.lang.NoClassDefFoundError at LinkedCaseInsensitiveMapTests.java:-1

LinkedCaseInsensitiveMapTests > removeFromValuesViaIterator() FAILED
    java.lang.NoClassDefFoundError at LinkedCaseInsensitiveMapTests.java:-1

LinkedMultiValueMapTests > addAll() FAILED
    java.lang.NoClassDefFoundError at LinkedMultiValueMapTests.java:-1

LinkedMultiValueMapTests > toSingleValueMap() FAILED
    java.lang.NoClassDefFoundError at LinkedMultiValueMapTests.java:-1

LinkedMultiValueMapTests > equals() FAILED
    java.lang.NoClassDefFoundError at LinkedMultiValueMapTests.java:-1

LinkedMultiValueMapTests > getFirstWithEmptyList() FAILED
    java.lang.NoClassDefFoundError at LinkedMultiValueMapTests.java:-1

LinkedMultiValueMapTests > addAllWithEmptyList() FAILED
    java.lang.NoClassDefFoundError at LinkedMultiValueMapTests.java:-1

LinkedMultiValueMapTests > addIfAbsentWhenPresent() FAILED
    java.lang.NoClassDefFoundError at LinkedMultiValueMapTests.java:-1

LinkedMultiValueMapTests > add() FAILED
    java.lang.NoClassDefFoundError at LinkedMultiValueMapTests.java:-1

LinkedMultiValueMapTests > set() FAILED
    java.lang.NoClassDefFoundError at LinkedMultiValueMapTests.java:-1

LinkedMultiValueMapTests > addIfAbsentWhenAbsent() FAILED
    java.lang.NoClassDefFoundError at LinkedMultiValueMapTests.java:-1

LinkedMultiValueMapTests > toSingleValueMapWithEmptyList() FAILED
    java.lang.NoClassDefFoundError at LinkedMultiValueMapTests.java:-1

LinkedMultiValueMapTests > getFirst() FAILED
    java.lang.NoClassDefFoundError at LinkedMultiValueMapTests.java:-1

MethodInvokerTests > salesmanWithMethodInvoker() FAILED
    java.lang.NoClassDefFoundError at MethodInvokerTests.java:-1

MethodInvokerTests > plainMethodInvoker() FAILED
    java.lang.NoClassDefFoundError at MethodInvokerTests.java:-1

MethodInvokerTests > vipWithMethodInvoker() FAILED
    java.lang.NoClassDefFoundError at MethodInvokerTests.java:-1

MethodInvokerTests > shopperWithMethodInvoker() FAILED
    java.lang.NoClassDefFoundError at MethodInvokerTests.java:-1

MethodInvokerTests > purchaserWithMethodInvoker() FAILED
    java.lang.NoClassDefFoundError at MethodInvokerTests.java:-1

MethodInvokerTests > customerWithMethodInvoker() FAILED
    java.lang.NoClassDefFoundError at MethodInvokerTests.java:-1

MethodInvokerTests > stringWithMethodInvoker() FAILED
    java.lang.NoClassDefFoundError at MethodInvokerTests.java:-1

MethodInvokerTests > regularWithMethodInvoker() FAILED
    java.lang.NoClassDefFoundError at MethodInvokerTests.java:-1

MimeTypeTests > parseWildcardSubtype() FAILED
    java.lang.NoClassDefFoundError at MimeTypeTests.java:-1

MimeTypeTests > parseBareWildcardShorthandWithParameter() FAILED
    java.lang.NoClassDefFoundError at MimeTypeTests.java:-1

MimeTypeTests > parseBareWildcardShorthand() FAILED
    java.lang.NoClassDefFoundError at MimeTypeTests.java:-1

MimeTypeTests > equalsIsCaseInsensitiveForCharsets() FAILED
    java.lang.NoClassDefFoundError at MimeTypeTests.java:-1

MimeTypeTests > parseCharset() FAILED
    java.lang.NoClassDefFoundError at MimeTypeTests.java:-1

MimeTypeTests > toStringOutput() FAILED
    java.lang.NoClassDefFoundError at MimeTypeTests.java:-1

MimeTypeTests > serialize() FAILED
    java.lang.NoClassDefFoundError at MimeTypeTests.java:-1

MimeTypeTests > withConversionService() FAILED
    java.lang.NoClassDefFoundError at MimeTypeTests.java:-1

MimeTypeTests > equalsIgnoresParameterValueQuoting() FAILED
    java.lang.NoClassDefFoundError at MimeTypeTests.java:-1

MimeTypeTests > parseSubtypeSuffix() FAILED
    java.lang.NoClassDefFoundError at MimeTypeTests.java:-1

MimeTypeTests > parseMimeTypesWithTrailingComma() FAILED
    java.lang.NoClassDefFoundError at MimeTypeTests.java:-1

MimeTypeTests > parseMimeTypeWithSpacesAroundEquals() FAILED
    java.lang.NoClassDefFoundError at MimeTypeTests.java:-1

MimeTypeTests > parseMimeTypes() FAILED
    java.lang.NoClassDefFoundError at MimeTypeTests.java:-1

MimeTypeTests > SpecificityTests > compareTo() FAILED
    java.lang.NoClassDefFoundError at ClassLoader.java:-2

MimeTypeTests > SpecificityTests > isLessSpecific() FAILED
    java.lang.NoClassDefFoundError at ClassLoader.java:-2

MimeTypeTests > SpecificityTests > sortBySpecificity() FAILED
    java.lang.NoClassDefFoundError at ClassLoader.java:-2

MimeTypeTests > SpecificityTests > wildcardSubtypeCompatibleWithSuffix() FAILED
    java.lang.NoClassDefFoundError at ClassLoader.java:-2

MimeTypeTests > SpecificityTests > includes() FAILED
    java.lang.NoClassDefFoundError at ClassLoader.java:-2

MimeTypeTests > SpecificityTests > bubbleSort() FAILED
    java.lang.NoClassDefFoundError at ClassLoader.java:-2

MimeTypeTests > SpecificityTests > isCompatible() FAILED
    java.lang.NoClassDefFoundError at ClassLoader.java:-2

MimeTypeTests > SpecificityTests > compareToCaseSensitivity() FAILED
    java.lang.NoClassDefFoundError at ClassLoader.java:-2

MimeTypeTests > SpecificityTests > isMoreSpecific() FAILED
    java.lang.NoClassDefFoundError at ClassLoader.java:-2

MimeTypeTests > QuotePairsTests > parseMimeTypeIllegalQuotedParameterValue() FAILED
    java.lang.NoClassDefFoundError at ClassLoader.java:-2

MimeTypeTests > QuotePairsTests > parseMimeTypeWrappedInQuotes() FAILED
    java.lang.NoClassDefFoundError at ClassLoader.java:-2

MimeTypeTests > QuotePairsTests > parseMimeTypesWithQuotedParameters() FAILED
    java.lang.NoClassDefFoundError at ClassLoader.java:-2

MimeTypeTests > QuotePairsTests > parseQuotedParameterValue() FAILED
    java.lang.NoClassDefFoundError at ClassLoader.java:-2

MimeTypeTests > QuotePairsTests > parseMimeTypeSingleQuotedParameterValue() FAILED
    java.lang.NoClassDefFoundError at ClassLoader.java:-2

MimeTypeTests > QuotePairsTests > parseMimeTypeQuotedParameterValue() FAILED
    java.lang.NoClassDefFoundError at ClassLoader.java:-2

MimeTypeTests > QuotePairsTests > parseMimeTypeWithSpacesAroundEqualsAndQuotedValue() FAILED
    java.lang.NoClassDefFoundError at ClassLoader.java:-2

MimeTypeTests > QuotePairsTests > parseParameterWithQuotedPair() FAILED
    java.lang.NoClassDefFoundError at ClassLoader.java:-2

MimeTypeTests > QuotePairsTests > parseQuotedCharset() FAILED
    java.lang.NoClassDefFoundError at ClassLoader.java:-2

MimeTypeTests > InvalidMimeTypeTests > parseMimeTypeRejectsLeadingComma() FAILED
    java.lang.NoClassDefFoundError at ClassLoader.java:-2

MimeTypeTests > InvalidMimeTypeTests > parseMimeTypeIllegalSubtype() FAILED
    java.lang.NoClassDefFoundError at ClassLoader.java:-2

MimeTypeTests > InvalidMimeTypeTests > parseMimeTypeIllegalParameterValue() FAILED
    java.lang.NoClassDefFoundError at ClassLoader.java:-2

MimeTypeTests > InvalidMimeTypeTests > parseMimeTypeEmptyParameterAttribute() FAILED
    java.lang.NoClassDefFoundError at ClassLoader.java:-2

MimeTypeTests > InvalidMimeTypeTests > valueOfIllegalSubtype() FAILED
    java.lang.NoClassDefFoundError at ClassLoader.java:-2

MimeTypeTests > InvalidMimeTypeTests > parseMimeTypeNoSubtypeSlash() FAILED
    java.lang.NoClassDefFoundError at ClassLoader.java:-2

MimeTypeTests > InvalidMimeTypeTests > parseMimeTypeIllegalType() FAILED
    java.lang.NoClassDefFoundError at ClassLoader.java:-2

MimeTypeTests > InvalidMimeTypeTests > valueOfNoSubtype() FAILED
    java.lang.NoClassDefFoundError at ClassLoader.java:-2

MimeTypeTests > InvalidMimeTypeTests > valueOfDuplicateParameter() FAILED
    java.lang.NoClassDefFoundError at ClassLoader.java:-2

MimeTypeTests > InvalidMimeTypeTests > parseMimeTypeTypeRange() FAILED
    java.lang.NoClassDefFoundError at ClassLoader.java:-2

MimeTypeTests > InvalidMimeTypeTests > valueOfNoSubtypeOnlySlash() FAILED
    java.lang.NoClassDefFoundError at ClassLoader.java:-2

MimeTypeTests > InvalidMimeTypeTests > parseMimeTypeMissingTypeAndSubtype() FAILED
    java.lang.NoClassDefFoundError at ClassLoader.java:-2

MimeTypeTests > InvalidMimeTypeTests > parseMimeTypeEmptyParameterValue() FAILED
    java.lang.NoClassDefFoundError at ClassLoader.java:-2

MimeTypeTests > InvalidMimeTypeTests > parseMimeTypeNull() FAILED
    java.lang.NoClassDefFoundError at ClassLoader.java:-2

MimeTypeTests > InvalidMimeTypeTests > parseMimeTypeIllegalCharset() FAILED
    java.lang.NoClassDefFoundError at ClassLoader.java:-2

MimeTypeTests > InvalidMimeTypeTests > valueOfSlashInSubtype() FAILED
    java.lang.NoClassDefFoundError at ClassLoader.java:-2

MimeTypeTests > InvalidMimeTypeTests > valueOfIllegalType() FAILED
    java.lang.NoClassDefFoundError at ClassLoader.java:-2

MimeTypeTests > InvalidMimeTypeTests > parseMimeTypeRejectsSecondCommaSeparatedType() FAILED
    java.lang.NoClassDefFoundError at ClassLoader.java:-2

MimeTypeTests > InvalidMimeTypeTests > valueOfIllegalCharset() FAILED
    java.lang.NoClassDefFoundError at ClassLoader.java:-2

MimeTypeTests > InvalidMimeTypeTests > parseMimeTypeIllegalParameterAttribute() FAILED
    java.lang.NoClassDefFoundError at ClassLoader.java:-2

MimeTypeTests > InvalidMimeTypeTests > parseMimeTypeNoSubtype() FAILED
    java.lang.NoClassDefFoundError at ClassLoader.java:-2

MultiToSingleValueMapAdapterTests > entrySet() FAILED
    java.lang.NoClassDefFoundError at MultiToSingleValueMapAdapterTests.java:-1

MultiToSingleValueMapAdapterTests > containsValue() FAILED
    java.lang.NoClassDefFoundError at MultiToSingleValueMapAdapterTests.java:-1

MultiToSingleValueMapAdapterTests > keySet() FAILED
    java.lang.NoClassDefFoundError at MultiToSingleValueMapAdapterTests.java:-1

MultiToSingleValueMapAdapterTests > putAll() FAILED
    java.lang.NoClassDefFoundError at MultiToSingleValueMapAdapterTests.java:-1

MultiToSingleValueMapAdapterTests > remove() FAILED
    java.lang.NoClassDefFoundError at MultiToSingleValueMapAdapterTests.java:-1

MultiToSingleValueMapAdapterTests > values() FAILED
    java.lang.NoClassDefFoundError at MultiToSingleValueMapAdapterTests.java:-1

MultiToSingleValueMapAdapterTests > get() FAILED
    java.lang.NoClassDefFoundError at MultiToSingleValueMapAdapterTests.java:-1

MultiToSingleValueMapAdapterTests > put() FAILED
    java.lang.NoClassDefFoundError at MultiToSingleValueMapAdapterTests.java:-1

MultiToSingleValueMapAdapterTests > size() FAILED
    java.lang.NoClassDefFoundError at MultiToSingleValueMapAdapterTests.java:-1

MultiToSingleValueMapAdapterTests > clear() FAILED
    java.lang.NoClassDefFoundError at MultiToSingleValueMapAdapterTests.java:-1

MultiToSingleValueMapAdapterTests > containsKey() FAILED
    java.lang.NoClassDefFoundError at MultiToSingleValueMapAdapterTests.java:-1

MultiToSingleValueMapAdapterTests > isEmpty() FAILED
    java.lang.NoClassDefFoundError at MultiToSingleValueMapAdapterTests.java:-1

MultiValueMapCollectorTests > indexingByFactoryMethod() FAILED
    java.lang.NoClassDefFoundError at MultiValueMapCollectorTests.java:-1

MultiValueMapCollectorTests > ofFactoryMethod() FAILED
    java.lang.NoClassDefFoundError at MultiValueMapCollectorTests.java:-1

MultiValueMapTests > equalsOnExistingValues(MultiValueMap) > initializationError FAILED
    java.lang.NoClassDefFoundError at MultiValueMapTests.java:-1

MultiValueMapTests > addAll(MultiValueMap) > initializationError FAILED
    java.lang.NoClassDefFoundError at MultiValueMapTests.java:-1

MultiValueMapTests > toSingleValueMap(MultiValueMap) > initializationError FAILED
    java.lang.NoClassDefFoundError at MultiValueMapTests.java:-1

MultiValueMapTests > addAllWithEmptyList(MultiValueMap) > initializationError FAILED
    java.lang.NoClassDefFoundError at MultiValueMapTests.java:-1

MultiValueMapTests > addIfAbsentWhenPresent(MultiValueMap) > initializationError FAILED
    java.lang.NoClassDefFoundError at MultiValueMapTests.java:-1

MultiValueMapTests > add(MultiValueMap) > initializationError FAILED
    java.lang.NoClassDefFoundError at MultiValueMapTests.java:-1

MultiValueMapTests > set(MultiValueMap) > initializationError FAILED
    java.lang.NoClassDefFoundError at MultiValueMapTests.java:-1

MultiValueMapTests > canNotChangeAnUnmodifiableMultiValueMap() FAILED
    java.lang.NoClassDefFoundError at MultiValueMapTests.java:-1

MultiValueMapTests > addIfAbsentWhenAbsent(MultiValueMap) > initializationError FAILED
    java.lang.NoClassDefFoundError at MultiValueMapTests.java:-1

MultiValueMapTests > toSingleValueMapWithEmptyList(MultiValueMap) > initializationError FAILED
    java.lang.NoClassDefFoundError at MultiValueMapTests.java:-1

MultiValueMapTests > equalsOnEmpty(MultiValueMap) > initializationError FAILED
    java.lang.NoClassDefFoundError at MultiValueMapTests.java:-1

MultiValueMapTests > getFirst(MultiValueMap) > initializationError FAILED
    java.lang.NoClassDefFoundError at MultiValueMapTests.java:-1

NumberUtilsTests > parseNumberUsingNumberFormat() FAILED
    java.lang.NoClassDefFoundError at NumberUtilsTests.java:-1

NumberUtilsTests > parseNumberRequiringTrimUsingNumberFormat() FAILED
    java.lang.NoClassDefFoundError at NumberUtilsTests.java:-1

NumberUtilsTests > convertToInteger() FAILED
    java.lang.NoClassDefFoundError at NumberUtilsTests.java:-1

NumberUtilsTests > convertBigDecimalToBigInteger() FAILED
    java.lang.NoClassDefFoundError at NumberUtilsTests.java:-1

NumberUtilsTests > parseLocalizedBigDecimalNumber1() FAILED
    java.lang.NoClassDefFoundError at NumberUtilsTests.java:-1

NumberUtilsTests > parseLocalizedBigDecimalNumber2() FAILED
    java.lang.NoClassDefFoundError at NumberUtilsTests.java:-1

NumberUtilsTests > parseLocalizedBigDecimalNumber3() FAILED
    java.lang.NoClassDefFoundError at NumberUtilsTests.java:-1

NumberUtilsTests > parseNumber() FAILED
    java.lang.NoClassDefFoundError at NumberUtilsTests.java:-1

NumberUtilsTests > parseNumberRequiringTrim() FAILED
    java.lang.NoClassDefFoundError at NumberUtilsTests.java:-1

NumberUtilsTests > parseOverflow() FAILED
    java.lang.NoClassDefFoundError at NumberUtilsTests.java:-1

NumberUtilsTests > parseNumberAsNegativeHex() FAILED
    java.lang.NoClassDefFoundError at NumberUtilsTests.java:-1

NumberUtilsTests > parseNumberAsHex() FAILED
    java.lang.NoClassDefFoundError at NumberUtilsTests.java:-1

NumberUtilsTests > parseNegativeOverflowUsingNumberFormat() FAILED
    java.lang.NoClassDefFoundError at NumberUtilsTests.java:-1

NumberUtilsTests > convertNonExactBigDecimalToBigInteger() FAILED
    java.lang.NoClassDefFoundError at NumberUtilsTests.java:-1

NumberUtilsTests > convertDoubleToBigInteger() FAILED
    java.lang.NoClassDefFoundError at NumberUtilsTests.java:-1

NumberUtilsTests > parseNegativeOverflow() FAILED
    java.lang.NoClassDefFoundError at NumberUtilsTests.java:-1

NumberUtilsTests > parseOverflowUsingNumberFormat() FAILED
    java.lang.NoClassDefFoundError at NumberUtilsTests.java:-1

NumberUtilsTests > parseBigDecimalNumber1() FAILED
    java.lang.NoClassDefFoundError at NumberUtilsTests.java:-1

NumberUtilsTests > parseBigDecimalNumber2() FAILED
    java.lang.NoClassDefFoundError at NumberUtilsTests.java:-1

NumberUtilsTests > parseBigDecimalNumber3() FAILED
    java.lang.NoClassDefFoundError at NumberUtilsTests.java:-1

NumberUtilsTests > convertToLong() FAILED
    java.lang.NoClassDefFoundError at NumberUtilsTests.java:-1

ObjectUtilsTests > nullSafeHashCodeWithNullBooleanArray() FAILED
    java.lang.NoClassDefFoundError at ObjectUtilsTests.java:-1

ObjectUtilsTests > nullSafeToStringWithDoubleArrayEqualToNull() FAILED
    java.lang.NoClassDefFoundError at ObjectUtilsTests.java:-1

ObjectUtilsTests > addObjectToArrayWhenEmpty() FAILED
    java.lang.NoClassDefFoundError at ObjectUtilsTests.java:-1

ObjectUtilsTests > nullSafeHashCodeWithObject() FAILED
    java.lang.NoClassDefFoundError at ObjectUtilsTests.java:-1

ObjectUtilsTests > nullSafeToStringWithByteArrayEqualToNull() FAILED
    java.lang.NoClassDefFoundError at ObjectUtilsTests.java:-1

ObjectUtilsTests > isPrimitiveOrWrapperWithFloatWrapperClass() FAILED
    java.lang.NoClassDefFoundError at ObjectUtilsTests.java:-1

ObjectUtilsTests > isPrimitiveOrWrapperWithLongWrapperClass() FAILED
    java.lang.NoClassDefFoundError at ObjectUtilsTests.java:-1

ObjectUtilsTests > nullSafeToStringWithDoubleArrayBeingEmpty() FAILED
    java.lang.NoClassDefFoundError at ObjectUtilsTests.java:-1

ObjectUtilsTests > nullSafeToStringWithLongArrayEqualToNull() FAILED
    java.lang.NoClassDefFoundError at ObjectUtilsTests.java:-1

ObjectUtilsTests > isCompatibleWithThrowsClause() FAILED
    java.lang.NoClassDefFoundError at ObjectUtilsTests.java:-1

ObjectUtilsTests > nullSafeToStringWithBooleanArray() FAILED
    java.lang.NoClassDefFoundError at ObjectUtilsTests.java:-1

ObjectUtilsTests > nullSafeHashCodeWithObjectBeingByteArray() FAILED
    java.lang.NoClassDefFoundError at ObjectUtilsTests.java:-1

ObjectUtilsTests > isArrayOfPrimitivesWithObjectArray() FAILED
    java.lang.NoClassDefFoundError at ObjectUtilsTests.java:-1

ObjectUtilsTests > toObjectArrayWithNonArrayType() FAILED
    java.lang.NoClassDefFoundError at ObjectUtilsTests.java:-1

ObjectUtilsTests > nullSafeHashCodeWithObjectEqualToNull() FAILED
    java.lang.NoClassDefFoundError at ObjectUtilsTests.java:-1

ObjectUtilsTests > containsElement() FAILED
    java.lang.NoClassDefFoundError at ObjectUtilsTests.java:-1

ObjectUtilsTests > addObjectToNullArray() FAILED
    java.lang.NoClassDefFoundError at ObjectUtilsTests.java:-1

ObjectUtilsTests > addObjectToArraySunnyDay() FAILED
    java.lang.NoClassDefFoundError at ObjectUtilsTests.java:-1

ObjectUtilsTests > nullSafeToStringWithPlainOldString() FAILED
    java.lang.NoClassDefFoundError at ObjectUtilsTests.java:-1

ObjectUtilsTests > nullSafeToStringWithFloatArray() FAILED
    java.lang.NoClassDefFoundError at ObjectUtilsTests.java:-1

ObjectUtilsTests > nullSafeHashCodeWithObjectBeingIntArray() FAILED
    java.lang.NoClassDefFoundError at ObjectUtilsTests.java:-1

ObjectUtilsTests > nullSafeToStringWithStringArrayEqualToNull() FAILED
    java.lang.NoClassDefFoundError at ObjectUtilsTests.java:-1

ObjectUtilsTests > isPrimitiveOrWrapperWithByteWrapperClass() FAILED
    java.lang.NoClassDefFoundError at ObjectUtilsTests.java:-1

ObjectUtilsTests > isPrimitiveOrWrapperWithBooleanPrimitiveClass() FAILED
    java.lang.NoClassDefFoundError at ObjectUtilsTests.java:-1

ObjectUtilsTests > isPrimitiveOrWrapperWithBooleanWrapperClass() FAILED
    java.lang.NoClassDefFoundError at ObjectUtilsTests.java:-1

ObjectUtilsTests > isPrimitiveOrWrapperWithCharacterClass() FAILED
    java.lang.NoClassDefFoundError at ObjectUtilsTests.java:-1

ObjectUtilsTests > nullSafeToStringWithCharArray() FAILED
    java.lang.NoClassDefFoundError at ObjectUtilsTests.java:-1

ObjectUtilsTests > containsConstant() FAILED
    java.lang.NoClassDefFoundError at ObjectUtilsTests.java:-1

ObjectUtilsTests > isPrimitiveOrWrapperWithCharClass() FAILED
    java.lang.NoClassDefFoundError at ObjectUtilsTests.java:-1

ObjectUtilsTests > addObjectToSingleNonNullElementArray() FAILED
    java.lang.NoClassDefFoundError at ObjectUtilsTests.java:-1

ObjectUtilsTests > isPrimitiveOrWrapperWithNonPrimitiveOrWrapperClass() FAILED
    java.lang.NoClassDefFoundError at ObjectUtilsTests.java:-1

ObjectUtilsTests > nullSafeToStringWithByteArrayBeingEmpty() FAILED
    java.lang.NoClassDefFoundError at ObjectUtilsTests.java:-1

ObjectUtilsTests > nullSafeHashCodeWithIntArray() FAILED
    java.lang.NoClassDefFoundError at ObjectUtilsTests.java:-1

ObjectUtilsTests > nullSafeHashCodeWithLongArray() FAILED
    java.lang.NoClassDefFoundError at ObjectUtilsTests.java:-1

ObjectUtilsTests > nullSafeHashCodeWithNullLongArray() FAILED
    java.lang.NoClassDefFoundError at ObjectUtilsTests.java:-1

ObjectUtilsTests > nullSafeHashCodeWithShortArray() FAILED
    java.lang.NoClassDefFoundError at ObjectUtilsTests.java:-1

ObjectUtilsTests > nullSafeToStringWithByteArray() FAILED
    java.lang.NoClassDefFoundError at ObjectUtilsTests.java:-1

ObjectUtilsTests > isArrayOfPrimitivesWithBooleanArray() FAILED
    java.lang.NoClassDefFoundError at ObjectUtilsTests.java:-1

ObjectUtilsTests > nullSafeToStringWithBooleanArrayBeingEmpty() FAILED
    java.lang.NoClassDefFoundError at ObjectUtilsTests.java:-1

ObjectUtilsTests > nullSafeToStringWithObjectArrayEqualToNull() FAILED
    java.lang.NoClassDefFoundError at ObjectUtilsTests.java:-1

ObjectUtilsTests > isCheckedException() FAILED
    java.lang.NoClassDefFoundError at ObjectUtilsTests.java:-1

ObjectUtilsTests > isEmptyNull() FAILED
    java.lang.NoClassDefFoundError at ObjectUtilsTests.java:-1

ObjectUtilsTests > isPrimitiveOrWrapperWithIntegerClass() FAILED
    java.lang.NoClassDefFoundError at ObjectUtilsTests.java:-1

ObjectUtilsTests > toObjectArrayWithNonPrimitiveArray() FAILED
    java.lang.NoClassDefFoundError at ObjectUtilsTests.java:-1

ObjectUtilsTests > nullSafeHashCodeWithBooleanArray() FAILED
    java.lang.NoClassDefFoundError at ObjectUtilsTests.java:-1

ObjectUtilsTests > nullSafeHashWithIntermediateNullElements() FAILED
    java.lang.NoClassDefFoundError at ObjectUtilsTests.java:-1

ObjectUtilsTests > nullSafeHashCodeWithObjectBeingShortArray() FAILED
    java.lang.NoClassDefFoundError at ObjectUtilsTests.java:-1

ObjectUtilsTests > nullSafeHashCodeWithNullDoubleArray() FAILED
    java.lang.NoClassDefFoundError at ObjectUtilsTests.java:-1

ObjectUtilsTests > nullSafeToStringWithBooleanArrayEqualToNull() FAILED
    java.lang.NoClassDefFoundError at ObjectUtilsTests.java:-1

ObjectUtilsTests > nullSafeToStringWithCharArrayBeingEmpty() FAILED
    java.lang.NoClassDefFoundError at ObjectUtilsTests.java:-1

ObjectUtilsTests > nullSafeToStringWithLongArrayBeingEmpty() FAILED
    java.lang.NoClassDefFoundError at ObjectUtilsTests.java:-1

ObjectUtilsTests > unwrapOptional() FAILED
    java.lang.NoClassDefFoundError at ObjectUtilsTests.java:-1

ObjectUtilsTests > nullSafeHashCodeWithNullShortArray() FAILED
    java.lang.NoClassDefFoundError at ObjectUtilsTests.java:-1

ObjectUtilsTests > isPrimitiveOrWrapperWithDoubleWrapperClass() FAILED
    java.lang.NoClassDefFoundError at ObjectUtilsTests.java:-1

ObjectUtilsTests > isEmptyCollection() FAILED
    java.lang.NoClassDefFoundError at ObjectUtilsTests.java:-1

ObjectUtilsTests > toObjectArrayWithNull() FAILED
    java.lang.NoClassDefFoundError at ObjectUtilsTests.java:-1

ObjectUtilsTests > isEmptyMap() FAILED
    java.lang.NoClassDefFoundError at ObjectUtilsTests.java:-1

ObjectUtilsTests > nullSafeHashWithNull() FAILED
    java.lang.NoClassDefFoundError at ObjectUtilsTests.java:-1

ObjectUtilsTests > isPrimitiveOrWrapperWithFloatPrimitiveClass() FAILED
    java.lang.NoClassDefFoundError at ObjectUtilsTests.java:-1

ObjectUtilsTests > nullSafeHashCodeWithObjectBeingBooleanArray() FAILED
    java.lang.NoClassDefFoundError at ObjectUtilsTests.java:-1

ObjectUtilsTests > nullSafeToStringWithIntArray() FAILED
    java.lang.NoClassDefFoundError at ObjectUtilsTests.java:-1

ObjectUtilsTests > nullSafeHashCodeWithObjectBeingLongArray() FAILED
    java.lang.NoClassDefFoundError at ObjectUtilsTests.java:-1

ObjectUtilsTests > identityToString() FAILED
    java.lang.NoClassDefFoundError at ObjectUtilsTests.java:-1

ObjectUtilsTests > isPrimitiveOrWrapperWithShortWrapperClass() FAILED
    java.lang.NoClassDefFoundError at ObjectUtilsTests.java:-1

ObjectUtilsTests > addNullObjectToNullArray() FAILED
    java.lang.NoClassDefFoundError at ObjectUtilsTests.java:-1

ObjectUtilsTests > isArrayOfPrimitivesWithNonArray() FAILED
    java.lang.NoClassDefFoundError at ObjectUtilsTests.java:-1

ObjectUtilsTests > nullSafeHashCodeWithObjectBeingDoubleArray() FAILED
    java.lang.NoClassDefFoundError at ObjectUtilsTests.java:-1

ObjectUtilsTests > nullSafeHashCodeWithCharArray() FAILED
    java.lang.NoClassDefFoundError at ObjectUtilsTests.java:-1

ObjectUtilsTests > nullSafeHashCodeWithNullCharArray() FAILED
    java.lang.NoClassDefFoundError at ObjectUtilsTests.java:-1

ObjectUtilsTests > isEmptyUnsupportedObjectType() FAILED
    java.lang.NoClassDefFoundError at ObjectUtilsTests.java:-1

ObjectUtilsTests > nullSafeHashCodeWithObjectArrayEqualToNull() FAILED
    java.lang.NoClassDefFoundError at ObjectUtilsTests.java:-1

ObjectUtilsTests > nullSafeToStringWithStringArrayBeingEmpty() FAILED
    java.lang.NoClassDefFoundError at ObjectUtilsTests.java:-1

ObjectUtilsTests > nullSafeToStringWithObjectArrayBeingEmpty() FAILED
    java.lang.NoClassDefFoundError at ObjectUtilsTests.java:-1

ObjectUtilsTests > nullSafeHashCodeWithDoubleArray() FAILED
    java.lang.NoClassDefFoundError at ObjectUtilsTests.java:-1

ObjectUtilsTests > isEmptyArray() FAILED
    java.lang.NoClassDefFoundError at ObjectUtilsTests.java:-1

ObjectUtilsTests > isEmptyCharSequence() FAILED
    java.lang.NoClassDefFoundError at ObjectUtilsTests.java:-1

ObjectUtilsTests > nullSafeHashCodeWithObjectBeingObjectArray() FAILED
    java.lang.NoClassDefFoundError at ObjectUtilsTests.java:-1

ObjectUtilsTests > caseInsensitiveValueOf() FAILED
    java.lang.NoClassDefFoundError at ObjectUtilsTests.java:-1

ObjectUtilsTests > addObjectToSingleNullElementArray() FAILED
    java.lang.NoClassDefFoundError at ObjectUtilsTests.java:-1

ObjectUtilsTests > nullSafeToStringWithShortArray() FAILED
    java.lang.NoClassDefFoundError at ObjectUtilsTests.java:-1

ObjectUtilsTests > nullSafeHashCodeWithFloatArray() FAILED
    java.lang.NoClassDefFoundError at ObjectUtilsTests.java:-1

ObjectUtilsTests > nullSafeToStringWithShortArrayBeingEmpty() FAILED
    java.lang.NoClassDefFoundError at ObjectUtilsTests.java:-1

ObjectUtilsTests > nullSafeHashCodeWithNullIntArray() FAILED
    java.lang.NoClassDefFoundError at ObjectUtilsTests.java:-1

ObjectUtilsTests > nullSafeHashCodeWithObjectArray() FAILED
    java.lang.NoClassDefFoundError at ObjectUtilsTests.java:-1

ObjectUtilsTests > nullSafeToStringWithCharArrayEqualToNull() FAILED
    java.lang.NoClassDefFoundError at ObjectUtilsTests.java:-1

ObjectUtilsTests > toObjectArrayWithEmptyPrimitiveArray() FAILED
    java.lang.NoClassDefFoundError at ObjectUtilsTests.java:-1

ObjectUtilsTests > addObjectToArraysAtPosition() FAILED
    java.lang.NoClassDefFoundError at ObjectUtilsTests.java:-1

ObjectUtilsTests > nullSafeToStringWithIntArrayBeingEmpty() FAILED
    java.lang.NoClassDefFoundError at ObjectUtilsTests.java:-1

ObjectUtilsTests > nullSafeHashCodeWithByteArray() FAILED
    java.lang.NoClassDefFoundError at ObjectUtilsTests.java:-1

ObjectUtilsTests > nullSafeHashCodeWithNullByteArray() FAILED
    java.lang.NoClassDefFoundError at ObjectUtilsTests.java:-1

ObjectUtilsTests > isPrimitiveOrWrapperWithDoublePrimitiveClass() FAILED
    java.lang.NoClassDefFoundError at ObjectUtilsTests.java:-1

ObjectUtilsTests > nullSafeToStringWithFloatArrayEqualToNull() FAILED
    java.lang.NoClassDefFoundError at ObjectUtilsTests.java:-1

ObjectUtilsTests > isPrimitiveOrWrapperWithLongPrimitiveClass() FAILED
    java.lang.NoClassDefFoundError at ObjectUtilsTests.java:-1

ObjectUtilsTests > nullSafeHashCodeWithObjectBeingFloatArray() FAILED
    java.lang.NoClassDefFoundError at ObjectUtilsTests.java:-1

ObjectUtilsTests > nullSafeToStringWithFloatArrayBeingEmpty() FAILED
    java.lang.NoClassDefFoundError at ObjectUtilsTests.java:-1

ObjectUtilsTests > identityToStringWithNullObject() FAILED
    java.lang.NoClassDefFoundError at ObjectUtilsTests.java:-1

ObjectUtilsTests > nullSafeToStringWithLongArray() FAILED
    java.lang.NoClassDefFoundError at ObjectUtilsTests.java:-1

ObjectUtilsTests > nullSafeToStringWithDoubleArray() FAILED
    java.lang.NoClassDefFoundError at ObjectUtilsTests.java:-1

ObjectUtilsTests > nullSafeToStringWithIntArrayEqualToNull() FAILED
    java.lang.NoClassDefFoundError at ObjectUtilsTests.java:-1

ObjectUtilsTests > isPrimitiveOrWrapperWithIntClass() FAILED
    java.lang.NoClassDefFoundError at ObjectUtilsTests.java:-1

ObjectUtilsTests > isPrimitiveOrWrapperWithBytePrimitiveClass() FAILED
    java.lang.NoClassDefFoundError at ObjectUtilsTests.java:-1

ObjectUtilsTests > nullSafeToStringWithShortArrayEqualToNull() FAILED
    java.lang.NoClassDefFoundError at ObjectUtilsTests.java:-1

ObjectUtilsTests > nullSafeToStringWithStringArray() FAILED
    java.lang.NoClassDefFoundError at ObjectUtilsTests.java:-1

ObjectUtilsTests > nullSafeHashCodeWithNullFloatArray() FAILED
    java.lang.NoClassDefFoundError at ObjectUtilsTests.java:-1

ObjectUtilsTests > isPrimitiveOrWrapperWithShortPrimitiveClass() FAILED
    java.lang.NoClassDefFoundError at ObjectUtilsTests.java:-1

ObjectUtilsTests > nullSafeHashCodeWithObjectBeingCharArray() FAILED
    java.lang.NoClassDefFoundError at ObjectUtilsTests.java:-1

ObjectUtilsTests > nullSafeEqualsWithArrays() FAILED
    java.lang.NoClassDefFoundError at ObjectUtilsTests.java:-1

ObjectUtilsTests > toObjectArray() FAILED
    java.lang.NoClassDefFoundError at ObjectUtilsTests.java:-1

ObjectUtilsTests > nullSafeToStringWithObjectArray() FAILED
    java.lang.NoClassDefFoundError at ObjectUtilsTests.java:-1

ObjectUtilsTests > NullSafeConciseToStringTests > nullSafeConciseToStringForNonEmptyOptionalCustomType() FAILED
    java.lang.NoClassDefFoundError at ClassLoader.java:-2

ObjectUtilsTests > NullSafeConciseToStringTests > nullSafeConciseToStringForNonEmptyCollections() FAILED
    java.lang.NoClassDefFoundError at ClassLoader.java:-2

ObjectUtilsTests > NullSafeConciseToStringTests > nullSafeConciseToStringForNonEmptyOptionals() FAILED
    java.lang.NoClassDefFoundError at ClassLoader.java:-2

ObjectUtilsTests > NullSafeConciseToStringTests > nullSafeConciseToStringForNonEmptyMaps() FAILED
    java.lang.NoClassDefFoundError at ClassLoader.java:-2

ObjectUtilsTests > NullSafeConciseToStringTests > nullSafeConciseToStringForCharset() FAILED
    java.lang.NoClassDefFoundError at ClassLoader.java:-2

ObjectUtilsTests > NullSafeConciseToStringTests > nullSafeConciseToStringForCurrency() FAILED
    java.lang.NoClassDefFoundError at ClassLoader.java:-2

ObjectUtilsTests > NullSafeConciseToStringTests > nullSafeConciseToStringForBigNumbers() FAILED
    java.lang.NoClassDefFoundError at ClassLoader.java:-2

ObjectUtilsTests > NullSafeConciseToStringTests > nullSafeConciseToStringForEmptyArrays() FAILED
    java.lang.NoClassDefFoundError at ClassLoader.java:-2

ObjectUtilsTests > NullSafeConciseToStringTests > nullSafeConciseToStringForRegExPattern() FAILED
    java.lang.NoClassDefFoundError at ClassLoader.java:-2

ObjectUtilsTests > NullSafeConciseToStringTests > nullSafeConciseToStringForEmptyOptional() FAILED
    java.lang.NoClassDefFoundError at ClassLoader.java:-2

ObjectUtilsTests > NullSafeConciseToStringTests > nullSafeConciseToStringForTimeZone() FAILED
    java.lang.NoClassDefFoundError at ClassLoader.java:-2

ObjectUtilsTests > NullSafeConciseToStringTests > nullSafeConciseToStringForStrings() FAILED
    java.lang.NoClassDefFoundError at ClassLoader.java:-2

ObjectUtilsTests > NullSafeConciseToStringTests > nullSafeConciseToStringForTemporal() FAILED
    java.lang.NoClassDefFoundError at ClassLoader.java:-2

ObjectUtilsTests > NullSafeConciseToStringTests > nullSafeConciseToStringForEmptyCollections() FAILED
    java.lang.NoClassDefFoundError at ClassLoader.java:-2

ObjectUtilsTests > NullSafeConciseToStringTests > nullSafeConciseToStringForCustomTypes() FAILED
    java.lang.NoClassDefFoundError at ClassLoader.java:-2

ObjectUtilsTests > NullSafeConciseToStringTests > nullSafeConciseToStringForNonEmptyArrays() FAILED
    java.lang.NoClassDefFoundError at ClassLoader.java:-2

ObjectUtilsTests > NullSafeConciseToStringTests > nullSafeConciseToStringForURI() FAILED
    java.lang.NoClassDefFoundError at ClassLoader.java:-2

ObjectUtilsTests > NullSafeConciseToStringTests > nullSafeConciseToStringForURL() FAILED
    java.lang.NoClassDefFoundError at ClassLoader.java:-2

ObjectUtilsTests > NullSafeConciseToStringTests > nullSafeConciseToStringForStringBuilders() FAILED
    java.lang.NoClassDefFoundError at ClassLoader.java:-2

ObjectUtilsTests > NullSafeConciseToStringTests > nullSafeConciseToStringForLocale() FAILED
    java.lang.NoClassDefFoundError at ClassLoader.java:-2

ObjectUtilsTests > NullSafeConciseToStringTests > nullSafeConciseToStringForPrimitivesAndWrappers() FAILED
    java.lang.NoClassDefFoundError at ClassLoader.java:-2

ObjectUtilsTests > NullSafeConciseToStringTests > nullSafeConciseToStringForInetAddress() FAILED
    java.lang.NoClassDefFoundError at ClassLoader.java:-2

ObjectUtilsTests > NullSafeConciseToStringTests > nullSafeConciseToStringForZoneId() FAILED
    java.lang.NoClassDefFoundError at ClassLoader.java:-2

ObjectUtilsTests > NullSafeConciseToStringTests > nullSafeConciseToStringForDate() FAILED
    java.lang.NoClassDefFoundError at ClassLoader.java:-2

ObjectUtilsTests > NullSafeConciseToStringTests > nullSafeConciseToStringForEnum() FAILED
    java.lang.NoClassDefFoundError at ClassLoader.java:-2

ObjectUtilsTests > NullSafeConciseToStringTests > nullSafeConciseToStringForFile() FAILED
    java.lang.NoClassDefFoundError at ClassLoader.java:-2

ObjectUtilsTests > NullSafeConciseToStringTests > nullSafeConciseToStringForNull() FAILED
    java.lang.NoClassDefFoundError at ClassLoader.java:-2

ObjectUtilsTests > NullSafeConciseToStringTests > nullSafeConciseToStringForPath() FAILED
    java.lang.NoClassDefFoundError at ClassLoader.java:-2

ObjectUtilsTests > NullSafeConciseToStringTests > nullSafeConciseToStringForUUID() FAILED
    java.lang.NoClassDefFoundError at ClassLoader.java:-2

ObjectUtilsTests > NullSafeConciseToStringTests > nullSafeConciseToStringForClass() FAILED
    java.lang.NoClassDefFoundError at ClassLoader.java:-2

ObjectUtilsTests > NullSafeConciseToStringTests > nullSafeConciseToStringForEmptyMaps() FAILED
    java.lang.NoClassDefFoundError at ClassLoader.java:-2

PatternMatchUtilsTests > ridiculous() FAILED
    java.lang.NoClassDefFoundError at PatternMatchUtilsTests.java:-1

PatternMatchUtilsTests > startsEndsBetween() FAILED
    java.lang.NoClassDefFoundError at PatternMatchUtilsTests.java:-1

PatternMatchUtilsTests > startsEnds() FAILED
    java.lang.NoClassDefFoundError at PatternMatchUtilsTests.java:-1

PatternMatchUtilsTests > startsWith() FAILED
    java.lang.NoClassDefFoundError at PatternMatchUtilsTests.java:-1

PatternMatchUtilsTests > trivial() FAILED
    java.lang.NoClassDefFoundError at PatternMatchUtilsTests.java:-1

PatternMatchUtilsTests > nullAndEmptyValues() FAILED
    java.lang.NoClassDefFoundError at PatternMatchUtilsTests.java:-1

PatternMatchUtilsTests > between() FAILED
    java.lang.NoClassDefFoundError at PatternMatchUtilsTests.java:-1

PatternMatchUtilsTests > endsWith() FAILED
    java.lang.NoClassDefFoundError at PatternMatchUtilsTests.java:-1

PatternMatchUtilsTests > patternVariants() FAILED
    java.lang.NoClassDefFoundError at PatternMatchUtilsTests.java:-1

PlaceholderParserTests > ExceptionTests > unresolvablePlaceholderIsReported() FAILED
    java.lang.NoClassDefFoundError at ClassLoader.java:-2

PlaceholderParserTests > ExceptionTests > textWithCircularReference() FAILED
    java.lang.NoClassDefFoundError at ClassLoader.java:-2

PlaceholderParserTests > ExceptionTests > unresolvablePlaceholderInNestedPlaceholderIsReportedWithChain() FAILED
    java.lang.NoClassDefFoundError at ClassLoader.java:-2

PlaceholderParserTests > OnlyPlaceholderTests > parseWithMultiplePlaceholdersAndText() FAILED
    java.lang.NoClassDefFoundError at ClassLoader.java:-2

PlaceholderParserTests > OnlyPlaceholderTests > placeholdersWithoutEscapeCharAreNotEscaped() FAILED
    java.lang.NoClassDefFoundError at ClassLoader.java:-2

PlaceholderParserTests > OnlyPlaceholderTests > placeholderIsReplaced(String, String) > initializationError FAILED
    java.lang.NoClassDefFoundError at PlaceholderParserTests.java:-1

PlaceholderParserTests > OnlyPlaceholderTests > textWithInvalidPlaceholderSyntaxIsMerged() FAILED
    java.lang.NoClassDefFoundError at ClassLoader.java:-2

PlaceholderParserTests > OnlyPlaceholderTests > parseWithPlaceholderAndPrefixText() FAILED
    java.lang.NoClassDefFoundError at ClassLoader.java:-2

PlaceholderParserTests > OnlyPlaceholderTests > parseWithSinglePlaceholder() FAILED
    java.lang.NoClassDefFoundError at ClassLoader.java:-2

PlaceholderParserTests > OnlyPlaceholderTests > nestedPlaceholdersAreReplaced(String, String) > initializationError FAILED
    java.lang.NoClassDefFoundError at PlaceholderParserTests.java:-1

PlaceholderParserTests > OnlyPlaceholderTests > placeholderValueContainingSeparatorIsHandledAsIs() FAILED
    java.lang.NoClassDefFoundError at ClassLoader.java:-2

PlaceholderParserTests > OnlyPlaceholderTests > parseWithMultipleNestedPlaceholdersInKey() FAILED
    java.lang.NoClassDefFoundError at ClassLoader.java:-2

PlaceholderParserTests > OnlyPlaceholderTests > parseWithNestedPlaceholderInKey() FAILED
    java.lang.NoClassDefFoundError at ClassLoader.java:-2

PlaceholderParserTests > EscapedTests > escapedSeparatorIsNotReplaced(String, String) > initializationError FAILED
    java.lang.NoClassDefFoundError at PlaceholderParserTests.java:-1

PlaceholderParserTests > EscapedTests > escapedSeparatorInNestedPlaceholderIsNotReplaced(String, String) > initializationError FAILED
    java.lang.NoClassDefFoundError at PlaceholderParserTests.java:-1

PlaceholderParserTests > EscapedTests > escapedPlaceholderIsNotReplaced(String, String) > initializationError FAILED
    java.lang.NoClassDefFoundError at PlaceholderParserTests.java:-1

PlaceholderParserTests > DefaultValueTests > placeholderIsReplaced(String, String) > initializationError FAILED
    java.lang.NoClassDefFoundError at PlaceholderParserTests.java:-1

PlaceholderParserTests > DefaultValueTests > parseWithFallbackUsingPlaceholder() FAILED
    java.lang.NoClassDefFoundError at ClassLoader.java:-2

PlaceholderParserTests > DefaultValueTests > parseWithKeyEqualsToText() FAILED
    java.lang.NoClassDefFoundError at ClassLoader.java:-2

PlaceholderParserTests > DefaultValueTests > nestedPlaceholdersAreReplaced(String, String) > initializationError FAILED
    java.lang.NoClassDefFoundError at PlaceholderParserTests.java:-1

PlaceholderParserTests > DefaultValueTests > parseWithNestedPlaceholderInKeyUsingFallback() FAILED
    java.lang.NoClassDefFoundError at ClassLoader.java:-2

PlaceholderParserTests > DefaultValueTests > placeholdersWithExactMatchAreConsidered(String, String) > initializationError FAILED
    java.lang.NoClassDefFoundError at PlaceholderParserTests.java:-1

PlaceholderParserTests > DefaultValueTests > parseWithHardcodedFallback() FAILED
    java.lang.NoClassDefFoundError at ClassLoader.java:-2

PropertiesPersisterTests > propertiesPersisterWithReaderAndWhitespace() FAILED
    java.lang.NoClassDefFoundError at PropertiesPersisterTests.java:-1

PropertiesPersisterTests > propertiesPersister() FAILED
    java.lang.NoClassDefFoundError at PropertiesPersisterTests.java:-1

PropertiesPersisterTests > propertiesPersisterWithEmptyValue() FAILED
    java.lang.NoClassDefFoundError at PropertiesPersisterTests.java:-1

PropertiesPersisterTests > propertiesPersisterWithReaderAndHeader() FAILED
    java.lang.NoClassDefFoundError at PropertiesPersisterTests.java:-1

PropertiesPersisterTests > propertiesPersisterWithHeader() FAILED
    java.lang.NoClassDefFoundError at PropertiesPersisterTests.java:-1

PropertiesPersisterTests > propertiesPersisterWithWhitespace() FAILED
    java.lang.NoClassDefFoundError at PropertiesPersisterTests.java:-1

PropertiesPersisterTests > propertiesPersisterWithReader() FAILED
    java.lang.NoClassDefFoundError at PropertiesPersisterTests.java:-1

PropertiesPersisterTests > propertiesPersisterWithReaderAndEmptyValue() FAILED
    java.lang.NoClassDefFoundError at PropertiesPersisterTests.java:-1

PropertyPlaceholderHelperTests > withResolver() FAILED
    java.lang.NoClassDefFoundError at PropertyPlaceholderHelperTests.java:-1

PropertyPlaceholderHelperTests > unresolvedPlaceholderAsError() FAILED
    java.lang.NoClassDefFoundError at PropertyPlaceholderHelperTests.java:-1

PropertyPlaceholderHelperTests > unresolvedPlaceholderIsIgnored() FAILED
    java.lang.NoClassDefFoundError at PropertyPlaceholderHelperTests.java:-1

PropertyPlaceholderHelperTests > recurseInPlaceholder() FAILED
    java.lang.NoClassDefFoundError at PropertyPlaceholderHelperTests.java:-1

PropertyPlaceholderHelperTests > withProperties() FAILED
    java.lang.NoClassDefFoundError at PropertyPlaceholderHelperTests.java:-1

PropertyPlaceholderHelperTests > withMultipleProperties() FAILED
    java.lang.NoClassDefFoundError at PropertyPlaceholderHelperTests.java:-1

PropertyPlaceholderHelperTests > recurseInProperty() FAILED
    java.lang.NoClassDefFoundError at PropertyPlaceholderHelperTests.java:-1

PropertyPlaceholderHelperTests > DefaultValueTests > defaultValueIsApplied(String, String) > initializationError FAILED
    java.lang.NoClassDefFoundError at PropertyPlaceholderHelperTests.java:-1

PropertyPlaceholderHelperTests > DefaultValueTests > defaultValueIsNotEvaluatedEarly() FAILED
    java.lang.NoClassDefFoundError at ClassLoader.java:-2

PropertyPlaceholderHelperTests > DefaultValueTests > placeholdersWithExactMatchAreConsidered(String, String) > initializationError FAILED
    java.lang.NoClassDefFoundError at PropertyPlaceholderHelperTests.java:-1

ReflectionUtilsTests > getDeclaredMethodsReturnsCopy() FAILED
    java.lang.NoClassDefFoundError at ReflectionUtilsTests.java:-1

ReflectionUtilsTests > declaresException() FAILED
    java.lang.NoClassDefFoundError at ReflectionUtilsTests.java:-1

ReflectionUtilsTests > getUniqueDeclaredMethods() FAILED
    java.lang.NoClassDefFoundError at ReflectionUtilsTests.java:-1

ReflectionUtilsTests > validCopy() FAILED
    java.lang.NoClassDefFoundError at ReflectionUtilsTests.java:-1

ReflectionUtilsTests > invokeMethod() FAILED
    java.lang.NoClassDefFoundError at ReflectionUtilsTests.java:-1

ReflectionUtilsTests > rejectsNullSrc() FAILED
    java.lang.NoClassDefFoundError at ReflectionUtilsTests.java:-1

ReflectionUtilsTests > validCopyOnSubTypeWithNewField() FAILED
    java.lang.NoClassDefFoundError at ReflectionUtilsTests.java:-1

ReflectionUtilsTests > doWithMethodsUsingUserDeclaredMethodsFilterStartingWithTestObject() FAILED
    java.lang.NoClassDefFoundError at ReflectionUtilsTests.java:-1

ReflectionUtilsTests > findMethodWithVarArgs() FAILED
    java.lang.NoClassDefFoundError at ReflectionUtilsTests.java:-1

ReflectionUtilsTests > findMethod() FAILED
    java.lang.NoClassDefFoundError at ReflectionUtilsTests.java:-1

ReflectionUtilsTests > isCglibRenamedMethod() FAILED
    java.lang.NoClassDefFoundError at ReflectionUtilsTests.java:-1

ReflectionUtilsTests > copySrcToDestinationOfIncorrectClass() FAILED
    java.lang.NoClassDefFoundError at ReflectionUtilsTests.java:-1

ReflectionUtilsTests > findField() FAILED
    java.lang.NoClassDefFoundError at ReflectionUtilsTests.java:-1

ReflectionUtilsTests > getAllDeclaredMethods() FAILED
    java.lang.NoClassDefFoundError at ReflectionUtilsTests.java:-1

ReflectionUtilsTests > doWithMethodsFindsDuplicatesInClassHierarchy() FAILED
    java.lang.NoClassDefFoundError at ReflectionUtilsTests.java:-1

ReflectionUtilsTests > doWithMethodsUsingProtectedFilter() FAILED
    java.lang.NoClassDefFoundError at ReflectionUtilsTests.java:-1

ReflectionUtilsTests > doWithMethodsUsingUserDeclaredMethodsFilterStartingWithObject() FAILED
    java.lang.NoClassDefFoundError at ReflectionUtilsTests.java:-1

ReflectionUtilsTests > setField() FAILED
    java.lang.NoClassDefFoundError at ReflectionUtilsTests.java:-1

ReflectionUtilsTests > doWithMethodsUsingUserDeclaredMethodsComposedFilter() FAILED
    java.lang.NoClassDefFoundError at ReflectionUtilsTests.java:-1

ReflectionUtilsTests > rejectsNullDest() FAILED
    java.lang.NoClassDefFoundError at ReflectionUtilsTests.java:-1

ReflectionUtilsTests > validCopyToSubType() FAILED
    java.lang.NoClassDefFoundError at ReflectionUtilsTests.java:-1

ReflectionUtilsTests > validCopyToSubTypeWithFinalField() FAILED
    java.lang.NoClassDefFoundError at ReflectionUtilsTests.java:-1

ReflectionUtilsTests > getUniqueDeclaredMethods_withCovariantReturnType() FAILED
    java.lang.NoClassDefFoundError at ReflectionUtilsTests.java:-1

ResizableByteArrayOutputStreamTests > resize() FAILED
    java.lang.NoClassDefFoundError at ResizableByteArrayOutputStreamTests.java:-1

ResizableByteArrayOutputStreamTests > grow() FAILED
    java.lang.NoClassDefFoundError at ResizableByteArrayOutputStreamTests.java:-1

ResizableByteArrayOutputStreamTests > failResize() FAILED
    java.lang.NoClassDefFoundError at ResizableByteArrayOutputStreamTests.java:-1

ResizableByteArrayOutputStreamTests > write() FAILED
    java.lang.NoClassDefFoundError at ResizableByteArrayOutputStreamTests.java:-1

ResizableByteArrayOutputStreamTests > autoGrow() FAILED
    java.lang.NoClassDefFoundError at ResizableByteArrayOutputStreamTests.java:-1

ResourceUtilsTests > isJarURL() FAILED
    java.lang.NoClassDefFoundError at ResourceUtilsTests.java:-1

ResourceUtilsTests > extractJarFileURL() FAILED
    java.lang.NoClassDefFoundError at ResourceUtilsTests.java:-1

ResourceUtilsTests > extractArchiveURL() FAILED
    java.lang.NoClassDefFoundError at ResourceUtilsTests.java:-1

SerializationUtilsTests > serializeCycleSunnyDay() FAILED
    java.lang.NoClassDefFoundError at SerializationUtilsTests.java:-1

SerializationUtilsTests > deserializeUndefined() FAILED
    java.lang.NoClassDefFoundError at SerializationUtilsTests.java:-1

SerializationUtilsTests > serializeNonSerializableRecord() FAILED
    java.lang.NoClassDefFoundError at SerializationUtilsTests.java:-1

SerializationUtilsTests > deserializeNonSerializable() FAILED
    java.lang.NoClassDefFoundError at SerializationUtilsTests.java:-1

SerializationUtilsTests > serializeNonSerializable() FAILED
    java.lang.NoClassDefFoundError at SerializationUtilsTests.java:-1

SerializationUtilsTests > serializeNull() FAILED
    java.lang.NoClassDefFoundError at SerializationUtilsTests.java:-1

SerializationUtilsTests > serializeAndDeserializeSerializableRecord() FAILED
    java.lang.NoClassDefFoundError at SerializationUtilsTests.java:-1

SerializationUtilsTests > deserializeNull() FAILED
    java.lang.NoClassDefFoundError at SerializationUtilsTests.java:-1

SerializationUtilsTests > cloneException() FAILED
    java.lang.NoClassDefFoundError at SerializationUtilsTests.java:-1

SingleToMultiValueMapAdapterTests > entrySet() FAILED
    java.lang.NoClassDefFoundError at SingleToMultiValueMapAdapterTests.java:-1

SingleToMultiValueMapAdapterTests > containsValue() FAILED
    java.lang.NoClassDefFoundError at SingleToMultiValueMapAdapterTests.java:-1

SingleToMultiValueMapAdapterTests > addAll() FAILED
    java.lang.NoClassDefFoundError at SingleToMultiValueMapAdapterTests.java:-1

SingleToMultiValueMapAdapterTests > keySet() FAILED
    java.lang.NoClassDefFoundError at SingleToMultiValueMapAdapterTests.java:-1

SingleToMultiValueMapAdapterTests > putAll() FAILED
    java.lang.NoClassDefFoundError at SingleToMultiValueMapAdapterTests.java:-1

SingleToMultiValueMapAdapterTests > remove() FAILED
    java.lang.NoClassDefFoundError at SingleToMultiValueMapAdapterTests.java:-1

SingleToMultiValueMapAdapterTests > setAll() FAILED
    java.lang.NoClassDefFoundError at SingleToMultiValueMapAdapterTests.java:-1

SingleToMultiValueMapAdapterTests > values() FAILED
    java.lang.NoClassDefFoundError at SingleToMultiValueMapAdapterTests.java:-1

SingleToMultiValueMapAdapterTests > forEach() FAILED
    java.lang.NoClassDefFoundError at SingleToMultiValueMapAdapterTests.java:-1

SingleToMultiValueMapAdapterTests > add() FAILED
    java.lang.NoClassDefFoundError at SingleToMultiValueMapAdapterTests.java:-1

SingleToMultiValueMapAdapterTests > get() FAILED
    java.lang.NoClassDefFoundError at SingleToMultiValueMapAdapterTests.java:-1

SingleToMultiValueMapAdapterTests > put() FAILED
    java.lang.NoClassDefFoundError at SingleToMultiValueMapAdapterTests.java:-1

SingleToMultiValueMapAdapterTests > set() FAILED
    java.lang.NoClassDefFoundError at SingleToMultiValueMapAdapterTests.java:-1

SingleToMultiValueMapAdapterTests > size() FAILED
    java.lang.NoClassDefFoundError at SingleToMultiValueMapAdapterTests.java:-1

SingleToMultiValueMapAdapterTests > clear() FAILED
    java.lang.NoClassDefFoundError at SingleToMultiValueMapAdapterTests.java:-1

SingleToMultiValueMapAdapterTests > containsKey() FAILED
    java.lang.NoClassDefFoundError at SingleToMultiValueMapAdapterTests.java:-1

SingleToMultiValueMapAdapterTests > getFirst() FAILED
    java.lang.NoClassDefFoundError at SingleToMultiValueMapAdapterTests.java:-1

SingleToMultiValueMapAdapterTests > isEmpty() FAILED
    java.lang.NoClassDefFoundError at SingleToMultiValueMapAdapterTests.java:-1

StopWatchTests > failureToStartBeforeStop() FAILED
    java.lang.NoClassDefFoundError at StopWatchTests.java:-1

StopWatchTests > validUsageDoesNotKeepTaskList() FAILED
    java.lang.NoClassDefFoundError at StopWatchTests.java:-1

StopWatchTests > rejectsStartTwice() FAILED
    java.lang.NoClassDefFoundError at StopWatchTests.java:-1

StopWatchTests > validUsage() FAILED
    java.lang.NoClassDefFoundError at StopWatchTests.java:-1

StopWatchTests > failureToStartBeforeGettingTimings() FAILED
    java.lang.NoClassDefFoundError at StopWatchTests.java:-1

StreamUtilsTests > copyRangeWithinBuffer() FAILED
    java.lang.NoClassDefFoundError at StreamUtilsTests.java:-1

StreamUtilsTests > copyRangeBeyondAvailable() FAILED
    java.lang.NoClassDefFoundError at StreamUtilsTests.java:-1

StreamUtilsTests > nonClosingOutputStream() FAILED
    java.lang.NoClassDefFoundError at StreamUtilsTests.java:-1

StreamUtilsTests > copyStream() FAILED
    java.lang.NoClassDefFoundError at StreamUtilsTests.java:-1

StreamUtilsTests > copyString() FAILED
    java.lang.NoClassDefFoundError at StreamUtilsTests.java:-1

StreamUtilsTests > copyToString() FAILED
    java.lang.NoClassDefFoundError at StreamUtilsTests.java:-1

StreamUtilsTests > nonFlushingOutputStream() FAILED
    java.lang.NoClassDefFoundError at StreamUtilsTests.java:-1

StreamUtilsTests > copyRangeBeyondBuffer() FAILED
    java.lang.NoClassDefFoundError at StreamUtilsTests.java:-1

StreamUtilsTests > copyBytes() FAILED
    java.lang.NoClassDefFoundError at StreamUtilsTests.java:-1

StreamUtilsTests > nonClosingInputStream() FAILED
    java.lang.NoClassDefFoundError at StreamUtilsTests.java:-1

StreamUtilsTests > copyToByteArray() FAILED
    java.lang.NoClassDefFoundError at StreamUtilsTests.java:-1

StringUtilsTests > getFilenameExtension() FAILED
    java.lang.NoClassDefFoundError at StringUtilsTests.java:-1

StringUtilsTests > deleteAnyWhitespace() FAILED
    java.lang.NoClassDefFoundError at StringUtilsTests.java:-1

StringUtilsTests > parseJava7Variant() FAILED
    java.lang.NoClassDefFoundError at StringUtilsTests.java:-1

StringUtilsTests > unqualify() FAILED
    java.lang.NoClassDefFoundError at StringUtilsTests.java:-1

StringUtilsTests > parseLocaleWithMultiSpecialCharactersInVariant() FAILED
    java.lang.NoClassDefFoundError at StringUtilsTests.java:-1

StringUtilsTests > parseLocaleWithSameLowercaseTokenForLanguageAndCountry() FAILED
    java.lang.NoClassDefFoundError at StringUtilsTests.java:-1

StringUtilsTests > capitalize() FAILED
    java.lang.NoClassDefFoundError at StringUtilsTests.java:-1

StringUtilsTests > applyRelativePath() FAILED
    java.lang.NoClassDefFoundError at StringUtilsTests.java:-1

StringUtilsTests > trimWhitespace() FAILED
    java.lang.NoClassDefFoundError at StringUtilsTests.java:-1

StringUtilsTests > hasTextForValidValues(String) > [1] value = "text" FAILED
    java.lang.NoClassDefFoundError at StringUtilsTests.java:-1

StringUtilsTests > hasTextForValidValues(String) > [2] value = "  text  " FAILED
    java.lang.NoClassDefFoundError at StringUtilsTests.java:-1

StringUtilsTests > hasTextForValidValues(String) > [3] value = "\n text" FAILED
    java.lang.NoClassDefFoundError at StringUtilsTests.java:-1

StringUtilsTests > delete() FAILED
    java.lang.NoClassDefFoundError at StringUtilsTests.java:-1

StringUtilsTests > hasLengthForInvalidValues(String) > [1] value = null FAILED
    java.lang.NoClassDefFoundError at StringUtilsTests.java:-1

StringUtilsTests > hasLengthForInvalidValues(String) > [2] value = "" FAILED
    java.lang.NoClassDefFoundError at StringUtilsTests.java:-1

StringUtilsTests > trimLeadingWhitespace() FAILED
    java.lang.NoClassDefFoundError at StringUtilsTests.java:-1

StringUtilsTests > cleanPath() FAILED
    java.lang.NoClassDefFoundError at StringUtilsTests.java:-1

StringUtilsTests > tokenizeToStringArrayWithNotTrimTokens() FAILED
    java.lang.NoClassDefFoundError at StringUtilsTests.java:-1

StringUtilsTests > availableLocalesWithLocaleString() FAILED
    java.lang.NoClassDefFoundError at StringUtilsTests.java:-1

StringUtilsTests > stripFilenameExtension() FAILED
    java.lang.NoClassDefFoundError at StringUtilsTests.java:-1

StringUtilsTests > trimTrailingWhitespace() FAILED
    java.lang.NoClassDefFoundError at StringUtilsTests.java:-1

StringUtilsTests > parseLocaleWithMultiValuedVariantUsingMixtureOfUnderscoresAndSpacesAsSeparators() FAILED
    java.lang.NoClassDefFoundError at StringUtilsTests.java:-1

StringUtilsTests > countOccurrencesOf() FAILED
    java.lang.NoClassDefFoundError at StringUtilsTests.java:-1

StringUtilsTests > hasTextForInvalidValues(String) > [1] value = null FAILED
    java.lang.NoClassDefFoundError at StringUtilsTests.java:-1

StringUtilsTests > hasTextForInvalidValues(String) > [2] value = "" FAILED
    java.lang.NoClassDefFoundError at StringUtilsTests.java:-1

StringUtilsTests > hasTextForInvalidValues(String) > [3] value = "  " FAILED
    java.lang.NoClassDefFoundError at StringUtilsTests.java:-1

StringUtilsTests > hasTextForInvalidValues(String) > [4] value = "\t" FAILED
    java.lang.NoClassDefFoundError at StringUtilsTests.java:-1

StringUtilsTests > commaDelimitedListToStringArraySingleString() FAILED
    java.lang.NoClassDefFoundError at StringUtilsTests.java:-1

StringUtilsTests > containsWhitespace() FAILED
    java.lang.NoClassDefFoundError at StringUtilsTests.java:-1

StringUtilsTests > quoteIfString() FAILED
    java.lang.NoClassDefFoundError at StringUtilsTests.java:-1

StringUtilsTests > invalidLocaleWithLocaleString() FAILED
    java.lang.NoClassDefFoundError at StringUtilsTests.java:-1

StringUtilsTests > collectionToDelimitedStringWithNullValuesShouldNotFail() FAILED
    java.lang.NoClassDefFoundError at StringUtilsTests.java:-1

StringUtilsTests > delimitedListToStringArrayWithSemicolon() FAILED
    java.lang.NoClassDefFoundError at StringUtilsTests.java:-1

StringUtilsTests > commaDelimitedListToStringArrayEmptyStrings() FAILED
    java.lang.NoClassDefFoundError at StringUtilsTests.java:-1

StringUtilsTests > splitWithEmptyStringOrNull() FAILED
    java.lang.NoClassDefFoundError at StringUtilsTests.java:-1

StringUtilsTests > hasLengthForValidValues(String) > [1] value = "text" FAILED
    java.lang.NoClassDefFoundError at StringUtilsTests.java:-1

StringUtilsTests > hasLengthForValidValues(String) > [2] value = "  text  " FAILED
    java.lang.NoClassDefFoundError at StringUtilsTests.java:-1

StringUtilsTests > hasLengthForValidValues(String) > [3] value = "  " FAILED
    java.lang.NoClassDefFoundError at StringUtilsTests.java:-1

StringUtilsTests > hasLengthForValidValues(String) > [4] value = "\t" FAILED
    java.lang.NoClassDefFoundError at StringUtilsTests.java:-1

StringUtilsTests > hasLengthForValidValues(String) > [5] value = "\n text" FAILED
    java.lang.NoClassDefFoundError at StringUtilsTests.java:-1

StringUtilsTests > deleteAny() FAILED
    java.lang.NoClassDefFoundError at StringUtilsTests.java:-1

StringUtilsTests > endsWithIgnoreCase() FAILED
    java.lang.NoClassDefFoundError at StringUtilsTests.java:-1

StringUtilsTests > parseLocaleStringSunnyDay() FAILED
    java.lang.NoClassDefFoundError at StringUtilsTests.java:-1

StringUtilsTests > trimLeadingCharacter() FAILED
    java.lang.NoClassDefFoundError at StringUtilsTests.java:-1

StringUtilsTests > removeDuplicateStrings() FAILED
    java.lang.NoClassDefFoundError at StringUtilsTests.java:-1

StringUtilsTests > trimArrayElements() FAILED
    java.lang.NoClassDefFoundError at StringUtilsTests.java:-1

StringUtilsTests > splitArrayElementsIntoProperties() FAILED
    java.lang.NoClassDefFoundError at StringUtilsTests.java:-1

StringUtilsTests > delimitedListToStringArrayWithCharacterToDelete() FAILED
    java.lang.NoClassDefFoundError at StringUtilsTests.java:-1

StringUtilsTests > splitArrayElementsIntoPropertiesAndDeletedChars() FAILED
    java.lang.NoClassDefFoundError at StringUtilsTests.java:-1

StringUtilsTests > parseLocaleWithVariantContainingCountryCode() FAILED
    java.lang.NoClassDefFoundError at StringUtilsTests.java:-1

StringUtilsTests > quote() FAILED
    java.lang.NoClassDefFoundError at StringUtilsTests.java:-1

StringUtilsTests > split() FAILED
    java.lang.NoClassDefFoundError at StringUtilsTests.java:-1

StringUtilsTests > sortStringArray() FAILED
    java.lang.NoClassDefFoundError at StringUtilsTests.java:-1

StringUtilsTests > substringMatch() FAILED
    java.lang.NoClassDefFoundError at StringUtilsTests.java:-1

StringUtilsTests > uncapitalize() FAILED
    java.lang.NoClassDefFoundError at StringUtilsTests.java:-1

StringUtilsTests > pathEquals() FAILED
    java.lang.NoClassDefFoundError at StringUtilsTests.java:-1

StringUtilsTests > matchesCharacter() FAILED
    java.lang.NoClassDefFoundError at StringUtilsTests.java:-1

StringUtilsTests > delimitedListToStringArrayWithCharacterToDeleteEqualsToDelimiter() FAILED
    java.lang.NoClassDefFoundError at StringUtilsTests.java:-1

StringUtilsTests > parseLocaleWithInvalidCharacters() FAILED
    java.lang.NoClassDefFoundError at StringUtilsTests.java:-1

StringUtilsTests > commaDelimitedListToStringArrayWithNullProducesEmptyArray() FAILED
    java.lang.NoClassDefFoundError at StringUtilsTests.java:-1

StringUtilsTests > trimAllWhitespace() FAILED
    java.lang.NoClassDefFoundError at StringUtilsTests.java:-1

StringUtilsTests > concatenateStringArrays() FAILED
    java.lang.NoClassDefFoundError at StringUtilsTests.java:-1

StringUtilsTests > commaDelimitedListToStringArrayMatchWords() FAILED
    java.lang.NoClassDefFoundError at StringUtilsTests.java:-1

StringUtilsTests > availableLocalesWithLanguageTag() FAILED
    java.lang.NoClassDefFoundError at StringUtilsTests.java:-1

StringUtilsTests > parseLocaleWithMultiValuedVariant() FAILED
    java.lang.NoClassDefFoundError at StringUtilsTests.java:-1

StringUtilsTests > delimitedListToStringArrayWithEmptyDelimiter() FAILED
    java.lang.NoClassDefFoundError at StringUtilsTests.java:-1

StringUtilsTests > replace() FAILED
    java.lang.NoClassDefFoundError at StringUtilsTests.java:-1

StringUtilsTests > parseLocaleStringWithEmptyCountryAndVariant() FAILED
    java.lang.NoClassDefFoundError at StringUtilsTests.java:-1

StringUtilsTests > delimitedListToStringArrayWithComma() FAILED
    java.lang.NoClassDefFoundError at StringUtilsTests.java:-1

StringUtilsTests > parseLocaleStringWithEmptyLocaleStringYieldsNullLocale() FAILED
    java.lang.NoClassDefFoundError at StringUtilsTests.java:-1

StringUtilsTests > truncatePreconditions() FAILED
    java.lang.NoClassDefFoundError at StringUtilsTests.java:-1

StringUtilsTests > getFilename() FAILED
    java.lang.NoClassDefFoundError at StringUtilsTests.java:-1

StringUtilsTests > tokenizeToStringArrayWithNotIgnoreEmptyTokens() FAILED
    java.lang.NoClassDefFoundError at StringUtilsTests.java:-1

StringUtilsTests > invalidLocaleWithLanguageTag() FAILED
    java.lang.NoClassDefFoundError at StringUtilsTests.java:-1

StringUtilsTests > delimitedListToStringArrayWithNullDelimiter() FAILED
    java.lang.NoClassDefFoundError at StringUtilsTests.java:-1

StringUtilsTests > trimTrailingCharacter() FAILED
    java.lang.NoClassDefFoundError at StringUtilsTests.java:-1

StringUtilsTests > tokenizeToStringArray() FAILED
    java.lang.NoClassDefFoundError at StringUtilsTests.java:-1

StringUtilsTests > truncate(String, String) > [1] text = "", truncated = "" FAILED
    java.lang.NoClassDefFoundError at StringUtilsTests.java:-1

StringUtilsTests > truncate(String, String) > [2] text = "aardvark", truncated = "aardvark" FAILED
    java.lang.NoClassDefFoundError at StringUtilsTests.java:-1

StringUtilsTests > truncate(String, String) > [3] text = "aardvark12", truncated = "aardvark12" FAILED
    java.lang.NoClassDefFoundError at StringUtilsTests.java:-1

StringUtilsTests > truncate(String, String) > [4] text = "aardvark123", truncated = "aardvark12 (truncated)..." FAILED
    java.lang.NoClassDefFoundError at StringUtilsTests.java:-1

StringUtilsTests > truncate(String, String) > [5] text = "aardvark, bird, cat", truncated = "aardvark,  (truncated)..." FAILED
    java.lang.NoClassDefFoundError at StringUtilsTests.java:-1

StringUtilsTests > parseLocaleWithMultiValuedVariantUsingSpacesAsSeparators() FAILED
    java.lang.NoClassDefFoundError at StringUtilsTests.java:-1

StringUtilsTests > startsWithIgnoreCase() FAILED
    java.lang.NoClassDefFoundError at StringUtilsTests.java:-1

StringUtilsTests > commaDelimitedListToStringArrayWithOtherPunctuation() FAILED
    java.lang.NoClassDefFoundError at StringUtilsTests.java:-1

StringUtilsTests > commaDelimitedListToStringArrayWithEmptyStringProducesEmptyArray() FAILED
    java.lang.NoClassDefFoundError at StringUtilsTests.java:-1

SystemPropertyUtilsTests > replaceWithNoDefault() FAILED
    java.lang.NoClassDefFoundError at SystemPropertyUtilsTests.java:-1

SystemPropertyUtilsTests > replaceWithExpressionDefault() FAILED
    java.lang.NoClassDefFoundError at SystemPropertyUtilsTests.java:-1

SystemPropertyUtilsTests > replaceWithDefault() FAILED
    java.lang.NoClassDefFoundError at SystemPropertyUtilsTests.java:-1

SystemPropertyUtilsTests > replaceWithNoDefaultIgnored() FAILED
    java.lang.NoClassDefFoundError at SystemPropertyUtilsTests.java:-1

SystemPropertyUtilsTests > replaceFromSystemPropertyWithExpressionDefault() FAILED
    java.lang.NoClassDefFoundError at SystemPropertyUtilsTests.java:-1

SystemPropertyUtilsTests > replaceFromSystemProperty() FAILED
    java.lang.NoClassDefFoundError at SystemPropertyUtilsTests.java:-1

SystemPropertyUtilsTests > replaceFromEnv() FAILED
    java.lang.NoClassDefFoundError at SystemPropertyUtilsTests.java:-1

SystemPropertyUtilsTests > recursiveFromSystemProperty() FAILED
    java.lang.NoClassDefFoundError at SystemPropertyUtilsTests.java:-1

SystemPropertyUtilsTests > replaceWithExpressionContainingDefault() FAILED
    java.lang.NoClassDefFoundError at SystemPropertyUtilsTests.java:-1

SystemPropertyUtilsTests > replaceFromSystemPropertyWithExpressionContainingDefault() FAILED
    java.lang.NoClassDefFoundError at SystemPropertyUtilsTests.java:-1

SystemPropertyUtilsTests > replaceWithEmptyDefault() FAILED
    java.lang.NoClassDefFoundError at SystemPropertyUtilsTests.java:-1

SystemPropertyUtilsTests > replaceFromSystemPropertyWithDefault() FAILED
    java.lang.NoClassDefFoundError at SystemPropertyUtilsTests.java:-1

TypeUtilsTests > withParameterizedTypes() FAILED
    java.lang.NoClassDefFoundError at TypeUtilsTests.java:-1

TypeUtilsTests > withWildcardTypes() FAILED
    java.lang.NoClassDefFoundError at TypeUtilsTests.java:-1

TypeUtilsTests > withGenericArrayTypes() FAILED
    java.lang.NoClassDefFoundError at TypeUtilsTests.java:-1

TypeUtilsTests > withClasses() FAILED
    java.lang.NoClassDefFoundError at TypeUtilsTests.java:-1

UnmodifiableMultiValueMapTests > valuesUnsupported() FAILED
    java.lang.NoClassDefFoundError at UnmodifiableMultiValueMapTests.java:-1

UnmodifiableMultiValueMapTests > entrySetDelegation() FAILED
    java.lang.NoClassDefFoundError at UnmodifiableMultiValueMapTests.java:-1

UnmodifiableMultiValueMapTests > unsupported() FAILED
    java.lang.NoClassDefFoundError at UnmodifiableMultiValueMapTests.java:-1

UnmodifiableMultiValueMapTests > valuesDelegation() FAILED
    java.lang.NoClassDefFoundError at UnmodifiableMultiValueMapTests.java:-1

UnmodifiableMultiValueMapTests > entrySetUnsupported() FAILED
    java.lang.NoClassDefFoundError at UnmodifiableMultiValueMapTests.java:-1

UnmodifiableMultiValueMapTests > delegation() FAILED
    java.lang.NoClassDefFoundError at UnmodifiableMultiValueMapTests.java:-1

BooleanComparatorTests > shouldCompareFromTrueHigh() FAILED
    java.lang.NoClassDefFoundError at BooleanComparatorTests.java:-1

BooleanComparatorTests > shouldCompareWithTrueHigh() FAILED
    java.lang.NoClassDefFoundError at BooleanComparatorTests.java:-1

BooleanComparatorTests > shouldCompareFromTrueLow() FAILED
    java.lang.NoClassDefFoundError at BooleanComparatorTests.java:-1

BooleanComparatorTests > shouldCompareWithTrueLow() FAILED
    java.lang.NoClassDefFoundError at BooleanComparatorTests.java:-1

ComparableComparatorTests > shouldNeedComparable() FAILED
    java.lang.NoClassDefFoundError at ComparableComparatorTests.java:-1

ComparableComparatorTests > comparableComparator() FAILED
    java.lang.NoClassDefFoundError at ComparableComparatorTests.java:-1

ComparatorsTests > nullsLow() FAILED
    java.lang.NoClassDefFoundError at ComparatorsTests.java:-1

ComparatorsTests > nullsHighWithExplicitComparator() FAILED
    java.lang.NoClassDefFoundError at ComparatorsTests.java:-1

ComparatorsTests > nullsHigh() FAILED
    java.lang.NoClassDefFoundError at ComparatorsTests.java:-1

ComparatorsTests > nullsLowWithExplicitComparator() FAILED
    java.lang.NoClassDefFoundError at ComparatorsTests.java:-1

InstanceComparatorTests > shouldCompareClasses() FAILED
    java.lang.NoClassDefFoundError at InstanceComparatorTests.java:-1

InstanceComparatorTests > shouldCompareMix() FAILED
    java.lang.NoClassDefFoundError at InstanceComparatorTests.java:-1

InstanceComparatorTests > shouldCompareInterfaces() FAILED
    java.lang.NoClassDefFoundError at InstanceComparatorTests.java:-1

NullSafeComparatorTests > shouldCompareWithNullsLow() FAILED
    java.lang.NoClassDefFoundError at NullSafeComparatorTests.java:-1

NullSafeComparatorTests > shouldCompareWithNullsHigh() FAILED
    java.lang.NoClassDefFoundError at NullSafeComparatorTests.java:-1

FutureAdapterTests > cancel() FAILED
    java.lang.NoClassDefFoundError at FutureAdapterTests.java:-1

FutureAdapterTests > isDone() FAILED
    java.lang.NoClassDefFoundError at FutureAdapterTests.java:-1

FutureAdapterTests > getTimeOut() FAILED
    java.lang.NoClassDefFoundError at FutureAdapterTests.java:-1

FutureAdapterTests > get() FAILED
    java.lang.NoClassDefFoundError at FutureAdapterTests.java:-1

FutureAdapterTests > isCancelled() FAILED
    java.lang.NoClassDefFoundError at FutureAdapterTests.java:-1

FutureUtilsTests > callAsyncNormalExecutor() FAILED
    java.lang.NoClassDefFoundError at FutureUtilsTests.java:-1

FutureUtilsTests > callAsyncException() FAILED
    java.lang.NoClassDefFoundError at FutureUtilsTests.java:-1

FutureUtilsTests > callAsyncNormal() FAILED
    java.lang.NoClassDefFoundError at FutureUtilsTests.java:-1

FutureUtilsTests > callAsyncExceptionExecutor() FAILED
    java.lang.NoClassDefFoundError at FutureUtilsTests.java:-1

SingletonSupplierTests > shouldReturnSingletonInstanceOnMultipleSupplierCalls() FAILED
    java.lang.NoClassDefFoundError at SingletonSupplierTests.java:-1

SingletonSupplierTests > shouldReturnSingletonInstanceOnMultipleCalls() FAILED
    java.lang.NoClassDefFoundError at SingletonSupplierTests.java:-1

SingletonSupplierTests > shouldReturnNullWhenNoInstanceOrDefaultSupplier() FAILED
    java.lang.NoClassDefFoundError at SingletonSupplierTests.java:-1

SingletonSupplierTests > shouldReturnSingletonInstanceOnMultipleConcurrentSupplierCalls() > repetition 1 of 100 FAILED
    java.lang.NoClassDefFoundError at SingletonSupplierTests.java:-1

SingletonSupplierTests > shouldReturnSingletonInstanceOnMultipleConcurrentSupplierCalls() > repetition 2 of 100 FAILED
    java.lang.NoClassDefFoundError at SingletonSupplierTests.java:-1

SingletonSupplierTests > shouldReturnSingletonInstanceOnMultipleConcurrentSupplierCalls() > repetition 3 of 100 FAILED
    java.lang.NoClassDefFoundError at SingletonSupplierTests.java:-1

SingletonSupplierTests > shouldReturnSingletonInstanceOnMultipleConcurrentSupplierCalls() > repetition 4 of 100 FAILED
    java.lang.NoClassDefFoundError at SingletonSupplierTests.java:-1

SingletonSupplierTests > shouldReturnSingletonInstanceOnMultipleConcurrentSupplierCalls() > repetition 5 of 100 FAILED
    java.lang.NoClassDefFoundError at SingletonSupplierTests.java:-1

SingletonSupplierTests > shouldReturnSingletonInstanceOnMultipleConcurrentSupplierCalls() > repetition 6 of 100 FAILED
    java.lang.NoClassDefFoundError at SingletonSupplierTests.java:-1

SingletonSupplierTests > shouldReturnSingletonInstanceOnMultipleConcurrentSupplierCalls() > repetition 7 of 100 FAILED
    java.lang.NoClassDefFoundError at SingletonSupplierTests.java:-1

SingletonSupplierTests > shouldReturnSingletonInstanceOnMultipleConcurrentSupplierCalls() > repetition 8 of 100 FAILED
    java.lang.NoClassDefFoundError at SingletonSupplierTests.java:-1

SingletonSupplierTests > shouldReturnSingletonInstanceOnMultipleConcurrentSupplierCalls() > repetition 9 of 100 FAILED
    java.lang.NoClassDefFoundError at SingletonSupplierTests.java:-1

SingletonSupplierTests > shouldReturnSingletonInstanceOnMultipleConcurrentSupplierCalls() > repetition 10 of 100 FAILED
    java.lang.NoClassDefFoundError at SingletonSupplierTests.java:-1

SingletonSupplierTests > shouldReturnSingletonInstanceOnMultipleConcurrentSupplierCalls() > repetition 11 of 100 FAILED
    java.lang.NoClassDefFoundError at SingletonSupplierTests.java:-1

SingletonSupplierTests > shouldReturnSingletonInstanceOnMultipleConcurrentSupplierCalls() > repetition 12 of 100 FAILED
    java.lang.NoClassDefFoundError at SingletonSupplierTests.java:-1

SingletonSupplierTests > shouldReturnSingletonInstanceOnMultipleConcurrentSupplierCalls() > repetition 13 of 100 FAILED
    java.lang.NoClassDefFoundError at SingletonSupplierTests.java:-1

SingletonSupplierTests > shouldReturnSingletonInstanceOnMultipleConcurrentSupplierCalls() > repetition 14 of 100 FAILED
    java.lang.NoClassDefFoundError at SingletonSupplierTests.java:-1

SingletonSupplierTests > shouldReturnSingletonInstanceOnMultipleConcurrentSupplierCalls() > repetition 15 of 100 FAILED
    java.lang.NoClassDefFoundError at SingletonSupplierTests.java:-1

SingletonSupplierTests > shouldReturnSingletonInstanceOnMultipleConcurrentSupplierCalls() > repetition 16 of 100 FAILED
    java.lang.NoClassDefFoundError at SingletonSupplierTests.java:-1

SingletonSupplierTests > shouldReturnSingletonInstanceOnMultipleConcurrentSupplierCalls() > repetition 17 of 100 FAILED
    java.lang.NoClassDefFoundError at SingletonSupplierTests.java:-1

SingletonSupplierTests > shouldReturnSingletonInstanceOnMultipleConcurrentSupplierCalls() > repetition 18 of 100 FAILED
    java.lang.NoClassDefFoundError at SingletonSupplierTests.java:-1

SingletonSupplierTests > shouldReturnSingletonInstanceOnMultipleConcurrentSupplierCalls() > repetition 19 of 100 FAILED
    java.lang.NoClassDefFoundError at SingletonSupplierTests.java:-1

SingletonSupplierTests > shouldReturnSingletonInstanceOnMultipleConcurrentSupplierCalls() > repetition 20 of 100 FAILED
    java.lang.NoClassDefFoundError at SingletonSupplierTests.java:-1

SingletonSupplierTests > shouldReturnSingletonInstanceOnMultipleConcurrentSupplierCalls() > repetition 21 of 100 FAILED
    java.lang.NoClassDefFoundError at SingletonSupplierTests.java:-1

SingletonSupplierTests > shouldReturnSingletonInstanceOnMultipleConcurrentSupplierCalls() > repetition 22 of 100 FAILED
    java.lang.NoClassDefFoundError at SingletonSupplierTests.java:-1

SingletonSupplierTests > shouldReturnSingletonInstanceOnMultipleConcurrentSupplierCalls() > repetition 23 of 100 FAILED
    java.lang.NoClassDefFoundError at SingletonSupplierTests.java:-1

SingletonSupplierTests > shouldReturnSingletonInstanceOnMultipleConcurrentSupplierCalls() > repetition 24 of 100 FAILED
    java.lang.NoClassDefFoundError at SingletonSupplierTests.java:-1

SingletonSupplierTests > shouldReturnSingletonInstanceOnMultipleConcurrentSupplierCalls() > repetition 25 of 100 FAILED
    java.lang.NoClassDefFoundError at SingletonSupplierTests.java:-1

SingletonSupplierTests > shouldReturnSingletonInstanceOnMultipleConcurrentSupplierCalls() > repetition 26 of 100 FAILED
    java.lang.NoClassDefFoundError at SingletonSupplierTests.java:-1

SingletonSupplierTests > shouldReturnSingletonInstanceOnMultipleConcurrentSupplierCalls() > repetition 27 of 100 FAILED
    java.lang.NoClassDefFoundError at SingletonSupplierTests.java:-1

SingletonSupplierTests > shouldReturnSingletonInstanceOnMultipleConcurrentSupplierCalls() > repetition 28 of 100 FAILED
    java.lang.NoClassDefFoundError at SingletonSupplierTests.java:-1

SingletonSupplierTests > shouldReturnSingletonInstanceOnMultipleConcurrentSupplierCalls() > repetition 29 of 100 FAILED
    java.lang.NoClassDefFoundError at SingletonSupplierTests.java:-1

SingletonSupplierTests > shouldReturnSingletonInstanceOnMultipleConcurrentSupplierCalls() > repetition 30 of 100 FAILED
    java.lang.NoClassDefFoundError at SingletonSupplierTests.java:-1

SingletonSupplierTests > shouldReturnSingletonInstanceOnMultipleConcurrentSupplierCalls() > repetition 31 of 100 FAILED
    java.lang.NoClassDefFoundError at SingletonSupplierTests.java:-1

SingletonSupplierTests > shouldReturnSingletonInstanceOnMultipleConcurrentSupplierCalls() > repetition 32 of 100 FAILED
    java.lang.NoClassDefFoundError at SingletonSupplierTests.java:-1

SingletonSupplierTests > shouldReturnSingletonInstanceOnMultipleConcurrentSupplierCalls() > repetition 33 of 100 FAILED
    java.lang.NoClassDefFoundError at SingletonSupplierTests.java:-1

SingletonSupplierTests > shouldReturnSingletonInstanceOnMultipleConcurrentSupplierCalls() > repetition 34 of 100 FAILED
    java.lang.NoClassDefFoundError at SingletonSupplierTests.java:-1

SingletonSupplierTests > shouldReturnSingletonInstanceOnMultipleConcurrentSupplierCalls() > repetition 35 of 100 FAILED
    java.lang.NoClassDefFoundError at SingletonSupplierTests.java:-1

SingletonSupplierTests > shouldReturnSingletonInstanceOnMultipleConcurrentSupplierCalls() > repetition 36 of 100 FAILED
    java.lang.NoClassDefFoundError at SingletonSupplierTests.java:-1

SingletonSupplierTests > shouldReturnSingletonInstanceOnMultipleConcurrentSupplierCalls() > repetition 37 of 100 FAILED
    java.lang.NoClassDefFoundError at SingletonSupplierTests.java:-1

SingletonSupplierTests > shouldReturnSingletonInstanceOnMultipleConcurrentSupplierCalls() > repetition 38 of 100 FAILED
    java.lang.NoClassDefFoundError at SingletonSupplierTests.java:-1

SingletonSupplierTests > shouldReturnSingletonInstanceOnMultipleConcurrentSupplierCalls() > repetition 39 of 100 FAILED
    java.lang.NoClassDefFoundError at SingletonSupplierTests.java:-1

SingletonSupplierTests > shouldReturnSingletonInstanceOnMultipleConcurrentSupplierCalls() > repetition 40 of 100 FAILED
    java.lang.NoClassDefFoundError at SingletonSupplierTests.java:-1

SingletonSupplierTests > shouldReturnSingletonInstanceOnMultipleConcurrentSupplierCalls() > repetition 41 of 100 FAILED
    java.lang.NoClassDefFoundError at SingletonSupplierTests.java:-1

SingletonSupplierTests > shouldReturnSingletonInstanceOnMultipleConcurrentSupplierCalls() > repetition 42 of 100 FAILED
    java.lang.NoClassDefFoundError at SingletonSupplierTests.java:-1

SingletonSupplierTests > shouldReturnSingletonInstanceOnMultipleConcurrentSupplierCalls() > repetition 43 of 100 FAILED
    java.lang.NoClassDefFoundError at SingletonSupplierTests.java:-1

SingletonSupplierTests > shouldReturnSingletonInstanceOnMultipleConcurrentSupplierCalls() > repetition 44 of 100 FAILED
    java.lang.NoClassDefFoundError at SingletonSupplierTests.java:-1

SingletonSupplierTests > shouldReturnSingletonInstanceOnMultipleConcurrentSupplierCalls() > repetition 45 of 100 FAILED
    java.lang.NoClassDefFoundError at SingletonSupplierTests.java:-1

SingletonSupplierTests > shouldReturnSingletonInstanceOnMultipleConcurrentSupplierCalls() > repetition 46 of 100 FAILED
    java.lang.NoClassDefFoundError at SingletonSupplierTests.java:-1

SingletonSupplierTests > shouldReturnSingletonInstanceOnMultipleConcurrentSupplierCalls() > repetition 47 of 100 FAILED
    java.lang.NoClassDefFoundError at SingletonSupplierTests.java:-1

SingletonSupplierTests > shouldReturnSingletonInstanceOnMultipleConcurrentSupplierCalls() > repetition 48 of 100 FAILED
    java.lang.NoClassDefFoundError at SingletonSupplierTests.java:-1

SingletonSupplierTests > shouldReturnSingletonInstanceOnMultipleConcurrentSupplierCalls() > repetition 49 of 100 FAILED
    java.lang.NoClassDefFoundError at SingletonSupplierTests.java:-1

SingletonSupplierTests > shouldReturnSingletonInstanceOnMultipleConcurrentSupplierCalls() > repetition 50 of 100 FAILED
    java.lang.NoClassDefFoundError at SingletonSupplierTests.java:-1

SingletonSupplierTests > shouldReturnSingletonInstanceOnMultipleConcurrentSupplierCalls() > repetition 51 of 100 FAILED
    java.lang.NoClassDefFoundError at SingletonSupplierTests.java:-1

SingletonSupplierTests > shouldReturnSingletonInstanceOnMultipleConcurrentSupplierCalls() > repetition 52 of 100 FAILED
    java.lang.NoClassDefFoundError at SingletonSupplierTests.java:-1

SingletonSupplierTests > shouldReturnSingletonInstanceOnMultipleConcurrentSupplierCalls() > repetition 53 of 100 FAILED
    java.lang.NoClassDefFoundError at SingletonSupplierTests.java:-1

SingletonSupplierTests > shouldReturnSingletonInstanceOnMultipleConcurrentSupplierCalls() > repetition 54 of 100 FAILED
    java.lang.NoClassDefFoundError at SingletonSupplierTests.java:-1

SingletonSupplierTests > shouldReturnSingletonInstanceOnMultipleConcurrentSupplierCalls() > repetition 55 of 100 FAILED
    java.lang.NoClassDefFoundError at SingletonSupplierTests.java:-1

SingletonSupplierTests > shouldReturnSingletonInstanceOnMultipleConcurrentSupplierCalls() > repetition 56 of 100 FAILED
    java.lang.NoClassDefFoundError at SingletonSupplierTests.java:-1

SingletonSupplierTests > shouldReturnSingletonInstanceOnMultipleConcurrentSupplierCalls() > repetition 57 of 100 FAILED
    java.lang.NoClassDefFoundError at SingletonSupplierTests.java:-1

SingletonSupplierTests > shouldReturnSingletonInstanceOnMultipleConcurrentSupplierCalls() > repetition 58 of 100 FAILED
    java.lang.NoClassDefFoundError at SingletonSupplierTests.java:-1

SingletonSupplierTests > shouldReturnSingletonInstanceOnMultipleConcurrentSupplierCalls() > repetition 59 of 100 FAILED
    java.lang.NoClassDefFoundError at SingletonSupplierTests.java:-1

SingletonSupplierTests > shouldReturnSingletonInstanceOnMultipleConcurrentSupplierCalls() > repetition 60 of 100 FAILED
    java.lang.NoClassDefFoundError at SingletonSupplierTests.java:-1

SingletonSupplierTests > shouldReturnSingletonInstanceOnMultipleConcurrentSupplierCalls() > repetition 61 of 100 FAILED
    java.lang.NoClassDefFoundError at SingletonSupplierTests.java:-1

SingletonSupplierTests > shouldReturnSingletonInstanceOnMultipleConcurrentSupplierCalls() > repetition 62 of 100 FAILED
    java.lang.NoClassDefFoundError at SingletonSupplierTests.java:-1

SingletonSupplierTests > shouldReturnSingletonInstanceOnMultipleConcurrentSupplierCalls() > repetition 63 of 100 FAILED
    java.lang.NoClassDefFoundError at SingletonSupplierTests.java:-1

SingletonSupplierTests > shouldReturnSingletonInstanceOnMultipleConcurrentSupplierCalls() > repetition 64 of 100 FAILED
    java.lang.NoClassDefFoundError at SingletonSupplierTests.java:-1

SingletonSupplierTests > shouldReturnSingletonInstanceOnMultipleConcurrentSupplierCalls() > repetition 65 of 100 FAILED
    java.lang.NoClassDefFoundError at SingletonSupplierTests.java:-1

SingletonSupplierTests > shouldReturnSingletonInstanceOnMultipleConcurrentSupplierCalls() > repetition 66 of 100 FAILED
    java.lang.NoClassDefFoundError at SingletonSupplierTests.java:-1

SingletonSupplierTests > shouldReturnSingletonInstanceOnMultipleConcurrentSupplierCalls() > repetition 67 of 100 FAILED
    java.lang.NoClassDefFoundError at SingletonSupplierTests.java:-1

SingletonSupplierTests > shouldReturnSingletonInstanceOnMultipleConcurrentSupplierCalls() > repetition 68 of 100 FAILED
    java.lang.NoClassDefFoundError at SingletonSupplierTests.java:-1

SingletonSupplierTests > shouldReturnSingletonInstanceOnMultipleConcurrentSupplierCalls() > repetition 69 of 100 FAILED
    java.lang.NoClassDefFoundError at SingletonSupplierTests.java:-1

SingletonSupplierTests > shouldReturnSingletonInstanceOnMultipleConcurrentSupplierCalls() > repetition 70 of 100 FAILED
    java.lang.NoClassDefFoundError at SingletonSupplierTests.java:-1

SingletonSupplierTests > shouldReturnSingletonInstanceOnMultipleConcurrentSupplierCalls() > repetition 71 of 100 FAILED
    java.lang.NoClassDefFoundError at SingletonSupplierTests.java:-1

SingletonSupplierTests > shouldReturnSingletonInstanceOnMultipleConcurrentSupplierCalls() > repetition 72 of 100 FAILED
    java.lang.NoClassDefFoundError at SingletonSupplierTests.java:-1

SingletonSupplierTests > shouldReturnSingletonInstanceOnMultipleConcurrentSupplierCalls() > repetition 73 of 100 FAILED
    java.lang.NoClassDefFoundError at SingletonSupplierTests.java:-1

SingletonSupplierTests > shouldReturnSingletonInstanceOnMultipleConcurrentSupplierCalls() > repetition 74 of 100 FAILED
    java.lang.NoClassDefFoundError at SingletonSupplierTests.java:-1

SingletonSupplierTests > shouldReturnSingletonInstanceOnMultipleConcurrentSupplierCalls() > repetition 75 of 100 FAILED
    java.lang.NoClassDefFoundError at SingletonSupplierTests.java:-1

SingletonSupplierTests > shouldReturnSingletonInstanceOnMultipleConcurrentSupplierCalls() > repetition 76 of 100 FAILED
    java.lang.NoClassDefFoundError at SingletonSupplierTests.java:-1

SingletonSupplierTests > shouldReturnSingletonInstanceOnMultipleConcurrentSupplierCalls() > repetition 77 of 100 FAILED
    java.lang.NoClassDefFoundError at SingletonSupplierTests.java:-1

SingletonSupplierTests > shouldReturnSingletonInstanceOnMultipleConcurrentSupplierCalls() > repetition 78 of 100 FAILED
    java.lang.NoClassDefFoundError at SingletonSupplierTests.java:-1

SingletonSupplierTests > shouldReturnSingletonInstanceOnMultipleConcurrentSupplierCalls() > repetition 79 of 100 FAILED
    java.lang.NoClassDefFoundError at SingletonSupplierTests.java:-1

SingletonSupplierTests > shouldReturnSingletonInstanceOnMultipleConcurrentSupplierCalls() > repetition 80 of 100 FAILED
    java.lang.NoClassDefFoundError at SingletonSupplierTests.java:-1

SingletonSupplierTests > shouldReturnSingletonInstanceOnMultipleConcurrentSupplierCalls() > repetition 81 of 100 FAILED
    java.lang.NoClassDefFoundError at SingletonSupplierTests.java:-1

SingletonSupplierTests > shouldReturnSingletonInstanceOnMultipleConcurrentSupplierCalls() > repetition 82 of 100 FAILED
    java.lang.NoClassDefFoundError at SingletonSupplierTests.java:-1

SingletonSupplierTests > shouldReturnSingletonInstanceOnMultipleConcurrentSupplierCalls() > repetition 83 of 100 FAILED
    java.lang.NoClassDefFoundError at SingletonSupplierTests.java:-1

SingletonSupplierTests > shouldReturnSingletonInstanceOnMultipleConcurrentSupplierCalls() > repetition 84 of 100 FAILED
    java.lang.NoClassDefFoundError at SingletonSupplierTests.java:-1

SingletonSupplierTests > shouldReturnSingletonInstanceOnMultipleConcurrentSupplierCalls() > repetition 85 of 100 FAILED
    java.lang.NoClassDefFoundError at SingletonSupplierTests.java:-1

SingletonSupplierTests > shouldReturnSingletonInstanceOnMultipleConcurrentSupplierCalls() > repetition 86 of 100 FAILED
    java.lang.NoClassDefFoundError at SingletonSupplierTests.java:-1

SingletonSupplierTests > shouldReturnSingletonInstanceOnMultipleConcurrentSupplierCalls() > repetition 87 of 100 FAILED
    java.lang.NoClassDefFoundError at SingletonSupplierTests.java:-1

SingletonSupplierTests > shouldReturnSingletonInstanceOnMultipleConcurrentSupplierCalls() > repetition 88 of 100 FAILED
    java.lang.NoClassDefFoundError at SingletonSupplierTests.java:-1

SingletonSupplierTests > shouldReturnSingletonInstanceOnMultipleConcurrentSupplierCalls() > repetition 89 of 100 FAILED
    java.lang.NoClassDefFoundError at SingletonSupplierTests.java:-1

SingletonSupplierTests > shouldReturnSingletonInstanceOnMultipleConcurrentSupplierCalls() > repetition 90 of 100 FAILED
    java.lang.NoClassDefFoundError at SingletonSupplierTests.java:-1

SingletonSupplierTests > shouldReturnSingletonInstanceOnMultipleConcurrentSupplierCalls() > repetition 91 of 100 FAILED
    java.lang.NoClassDefFoundError at SingletonSupplierTests.java:-1

SingletonSupplierTests > shouldReturnSingletonInstanceOnMultipleConcurrentSupplierCalls() > repetition 92 of 100 FAILED
    java.lang.NoClassDefFoundError at SingletonSupplierTests.java:-1

SingletonSupplierTests > shouldReturnSingletonInstanceOnMultipleConcurrentSupplierCalls() > repetition 93 of 100 FAILED
    java.lang.NoClassDefFoundError at SingletonSupplierTests.java:-1

SingletonSupplierTests > shouldReturnSingletonInstanceOnMultipleConcurrentSupplierCalls() > repetition 94 of 100 FAILED
    java.lang.NoClassDefFoundError at SingletonSupplierTests.java:-1

SingletonSupplierTests > shouldReturnSingletonInstanceOnMultipleConcurrentSupplierCalls() > repetition 95 of 100 FAILED
    java.lang.NoClassDefFoundError at SingletonSupplierTests.java:-1

SingletonSupplierTests > shouldReturnSingletonInstanceOnMultipleConcurrentSupplierCalls() > repetition 96 of 100 FAILED
    java.lang.NoClassDefFoundError at SingletonSupplierTests.java:-1

SingletonSupplierTests > shouldReturnSingletonInstanceOnMultipleConcurrentSupplierCalls() > repetition 97 of 100 FAILED
    java.lang.NoClassDefFoundError at SingletonSupplierTests.java:-1

SingletonSupplierTests > shouldReturnSingletonInstanceOnMultipleConcurrentSupplierCalls() > repetition 98 of 100 FAILED
    java.lang.NoClassDefFoundError at SingletonSupplierTests.java:-1

SingletonSupplierTests > shouldReturnSingletonInstanceOnMultipleConcurrentSupplierCalls() > repetition 99 of 100 FAILED
    java.lang.NoClassDefFoundError at SingletonSupplierTests.java:-1

SingletonSupplierTests > shouldReturnSingletonInstanceOnMultipleConcurrentSupplierCalls() > repetition 100 of 100 FAILED
    java.lang.NoClassDefFoundError at SingletonSupplierTests.java:-1

SingletonSupplierTests > shouldReturnConsistentlyNullSingletonInstanceOnMultipleSupplierCalls() FAILED
    java.lang.NoClassDefFoundError at SingletonSupplierTests.java:-1

SingletonSupplierTests > shouldReturnDefaultWhenInstanceSupplierReturnsNull() FAILED
    java.lang.NoClassDefFoundError at SingletonSupplierTests.java:-1

SingletonSupplierTests > shouldReturnNullForOfNullableWithNullInstance() FAILED
    java.lang.NoClassDefFoundError at SingletonSupplierTests.java:-1

SingletonSupplierTests > shouldUseInstanceSupplierWhenProvidedAndIgnoreDefaultSupplier() FAILED
    java.lang.NoClassDefFoundError at SingletonSupplierTests.java:-1

SingletonSupplierTests > shouldUseDefaultSupplierWhenInstanceSupplierReturnsNull() FAILED
    java.lang.NoClassDefFoundError at SingletonSupplierTests.java:-1

SingletonSupplierTests > shouldReturnSupplierForOfNullableWithNonNullSupplier() FAILED
    java.lang.NoClassDefFoundError at SingletonSupplierTests.java:-1

SingletonSupplierTests > shouldUseInstanceWhenProvidedAndIgnoreDefaultSupplier() FAILED
    java.lang.NoClassDefFoundError at SingletonSupplierTests.java:-1

SingletonSupplierTests > shouldReturnNullForOfNullableWithNullSupplier() FAILED
    java.lang.NoClassDefFoundError at SingletonSupplierTests.java:-1

SingletonSupplierTests > shouldUseDefaultSupplierWhenInstanceIsNull() FAILED
    java.lang.NoClassDefFoundError at SingletonSupplierTests.java:-1

SingletonSupplierTests > shouldReturnNullWhenAllSuppliersReturnNull() FAILED
    java.lang.NoClassDefFoundError at SingletonSupplierTests.java:-1

SingletonSupplierTests > shouldThrowWhenObtainCalledAndNoInstanceAvailable() FAILED
    java.lang.NoClassDefFoundError at SingletonSupplierTests.java:-1

SingletonSupplierTests > shouldReturnSupplierForOfNullableWithNonNullInstance() FAILED
    java.lang.NoClassDefFoundError at SingletonSupplierTests.java:-1

ThrowingBiFunctionTests > ofModifiesThrowException() FAILED
    java.lang.NoClassDefFoundError at ThrowingBiFunctionTests.java:-1

ThrowingBiFunctionTests > applyWhenThrowingUncheckedExceptionThrowsOriginal() FAILED
    java.lang.NoClassDefFoundError at ThrowingBiFunctionTests.java:-1

ThrowingBiFunctionTests > applyWhenThrowingCheckedExceptionThrowsWrapperRuntimeException() FAILED
    java.lang.NoClassDefFoundError at ThrowingBiFunctionTests.java:-1

ThrowingBiFunctionTests > applyWithExceptionWrapperWhenThrowingCheckedExceptionThrowsWrapper() FAILED
    java.lang.NoClassDefFoundError at ThrowingBiFunctionTests.java:-1

ThrowingBiFunctionTests > applyWithExceptionWrapperWhenThrowingUncheckedExceptionThrowsOriginal() FAILED
    java.lang.NoClassDefFoundError at ThrowingBiFunctionTests.java:-1

ThrowingBiFunctionTests > throwingModifiesThrownException() FAILED
    java.lang.NoClassDefFoundError at ThrowingBiFunctionTests.java:-1

ThrowingConsumerTests > ofModifiesThrownException() FAILED
    java.lang.NoClassDefFoundError at ThrowingConsumerTests.java:-1

ThrowingConsumerTests > applyWhenThrowingUncheckedExceptionThrowsOriginal() FAILED
    java.lang.NoClassDefFoundError at ThrowingConsumerTests.java:-1

ThrowingConsumerTests > applyWhenThrowingCheckedExceptionThrowsWrapperRuntimeException() FAILED
    java.lang.NoClassDefFoundError at ThrowingConsumerTests.java:-1

ThrowingConsumerTests > applyWithExceptionWrapperWhenThrowingCheckedExceptionThrowsWrapper() FAILED
    java.lang.NoClassDefFoundError at ThrowingConsumerTests.java:-1

ThrowingConsumerTests > applyWithExceptionWrapperWhenThrowingUncheckedExceptionThrowsOriginal() FAILED
    java.lang.NoClassDefFoundError at ThrowingConsumerTests.java:-1

ThrowingConsumerTests > throwingModifiesThrownException() FAILED
    java.lang.NoClassDefFoundError at ThrowingConsumerTests.java:-1

ThrowingFunctionTests > ofModifiesThrowException() FAILED
    java.lang.NoClassDefFoundError at ThrowingFunctionTests.java:-1

ThrowingFunctionTests > applyWhenThrowingUncheckedExceptionThrowsOriginal() FAILED
    java.lang.NoClassDefFoundError at ThrowingFunctionTests.java:-1

ThrowingFunctionTests > applyWhenThrowingCheckedExceptionThrowsWrapperRuntimeException() FAILED
    java.lang.NoClassDefFoundError at ThrowingFunctionTests.java:-1

ThrowingFunctionTests > applyWithExceptionWrapperWhenThrowingCheckedExceptionThrowsWrapper() FAILED
    java.lang.NoClassDefFoundError at ThrowingFunctionTests.java:-1

ThrowingFunctionTests > applyWithExceptionWrapperWhenThrowingUncheckedExceptionThrowsOriginal() FAILED
    java.lang.NoClassDefFoundError at ThrowingFunctionTests.java:-1

ThrowingFunctionTests > throwingModifiesThrownException() FAILED
    java.lang.NoClassDefFoundError at ThrowingFunctionTests.java:-1

ThrowingSupplierTests > getWhenThrowingUncheckedExceptionThrowsOriginal() FAILED
    java.lang.NoClassDefFoundError at ThrowingSupplierTests.java:-1

ThrowingSupplierTests > ofModifiesThrowException() FAILED
    java.lang.NoClassDefFoundError at ThrowingSupplierTests.java:-1

ThrowingSupplierTests > getWhenThrowingCheckedExceptionThrowsWrapperRuntimeException() FAILED
    java.lang.NoClassDefFoundError at ThrowingSupplierTests.java:-1

ThrowingSupplierTests > getWithExceptionWrapperWhenThrowingCheckedExceptionThrowsWrapper() FAILED
    java.lang.NoClassDefFoundError at ThrowingSupplierTests.java:-1

ThrowingSupplierTests > getWithExceptionWrapperWhenThrowingUncheckedExceptionThrowsOriginal() FAILED
    java.lang.NoClassDefFoundError at ThrowingSupplierTests.java:-1

ThrowingSupplierTests > throwingModifiesThrownException() FAILED
    java.lang.NoClassDefFoundError at ThrowingSupplierTests.java:-1

DataSizeTests > ofKilobytesToMegabytes() FAILED
    java.lang.NoClassDefFoundError at DataSizeTests.java:-1

DataSizeTests > parseWithNegativeKilobytes() FAILED
    java.lang.NoClassDefFoundError at DataSizeTests.java:-1

DataSizeTests > parseWithKilobytes() FAILED
    java.lang.NoClassDefFoundError at DataSizeTests.java:-1

DataSizeTests > parseWithBytes(CharSequence) > [1] text = '"1024B"' FAILED
    java.lang.NoClassDefFoundError at DataSizeTests.java:-1

DataSizeTests > parseWithBytes(CharSequence) > [2] text = '"1024 B"' FAILED
    java.lang.NoClassDefFoundError at DataSizeTests.java:-1

DataSizeTests > parseWithBytes(CharSequence) > [3] text = '"1024B   "' FAILED
    java.lang.NoClassDefFoundError at DataSizeTests.java:-1

DataSizeTests > parseWithBytes(CharSequence) > [4] text = '"   1024B"' FAILED
    java.lang.NoClassDefFoundError at DataSizeTests.java:-1

DataSizeTests > parseWithBytes(CharSequence) > [5] text = '" 1024B "' FAILED
    java.lang.NoClassDefFoundError at DataSizeTests.java:-1

DataSizeTests > parseWithBytes(CharSequence) > [6] text = '"\t1024   B\t"' FAILED
    java.lang.NoClassDefFoundError at DataSizeTests.java:-1

DataSizeTests > ofWithTerabytesUnit() FAILED
    java.lang.NoClassDefFoundError at DataSizeTests.java:-1

DataSizeTests > parseNegativeNumberWithDefaultUnitUsesBytes() FAILED
    java.lang.NoClassDefFoundError at DataSizeTests.java:-1

DataSizeTests > ofWithMegabytesUnit() FAILED
    java.lang.NoClassDefFoundError at DataSizeTests.java:-1

DataSizeTests > parseWithDefaultUnitUsesBytes() FAILED
    java.lang.NoClassDefFoundError at DataSizeTests.java:-1

DataSizeTests > toStringWithNegativeBytes() FAILED
    java.lang.NoClassDefFoundError at DataSizeTests.java:-1

DataSizeTests > isNegativeWithZero() FAILED
    java.lang.NoClassDefFoundError at DataSizeTests.java:-1

DataSizeTests > parseWithCustomDefaultUnit() FAILED
    java.lang.NoClassDefFoundError at DataSizeTests.java:-1

DataSizeTests > ofTerabytesToGigabytes() FAILED
    java.lang.NoClassDefFoundError at DataSizeTests.java:-1

DataSizeTests > ofGigabytesToGigabytes() FAILED
    java.lang.NoClassDefFoundError at DataSizeTests.java:-1

DataSizeTests > parseWithUnsupportedUnit() FAILED
    java.lang.NoClassDefFoundError at DataSizeTests.java:-1

DataSizeTests > ofBytesToKilobytes() FAILED
    java.lang.NoClassDefFoundError at DataSizeTests.java:-1

DataSizeTests > ofMegabytesToMegabytes() FAILED
    java.lang.NoClassDefFoundError at DataSizeTests.java:-1

DataSizeTests > ofWithBytesUnit() FAILED
    java.lang.NoClassDefFoundError at DataSizeTests.java:-1

DataSizeTests > parseWithNullDefaultUnitUsesBytes() FAILED
    java.lang.NoClassDefFoundError at DataSizeTests.java:-1

DataSizeTests > parseWithNegativeMegabytes() FAILED
    java.lang.NoClassDefFoundError at DataSizeTests.java:-1

DataSizeTests > parseWithPositiveBytes() FAILED
    java.lang.NoClassDefFoundError at DataSizeTests.java:-1

DataSizeTests > parseWithMegabytes() FAILED
    java.lang.NoClassDefFoundError at DataSizeTests.java:-1

DataSizeTests > parseNegativeNumberWithNullDefaultUnitUsesBytes() FAILED
    java.lang.NoClassDefFoundError at DataSizeTests.java:-1

DataSizeTests > ofGigabytesToTerabytes() FAILED
    java.lang.NoClassDefFoundError at DataSizeTests.java:-1

DataSizeTests > ofMegabytesToGigabytes() FAILED
    java.lang.NoClassDefFoundError at DataSizeTests.java:-1

DataSizeTests > toStringUsesBytes() FAILED
    java.lang.NoClassDefFoundError at DataSizeTests.java:-1

DataSizeTests > parseWithNegativeGigabytes() FAILED
    java.lang.NoClassDefFoundError at DataSizeTests.java:-1

DataSizeTests > parseWithGigabytes() FAILED
    java.lang.NoClassDefFoundError at DataSizeTests.java:-1

DataSizeTests > ofKilobytesToKilobytes() FAILED
    java.lang.NoClassDefFoundError at DataSizeTests.java:-1

DataSizeTests > parseWithNegativeBytes() FAILED
    java.lang.NoClassDefFoundError at DataSizeTests.java:-1

DataSizeTests > ofWithKilobytesUnit() FAILED
    java.lang.NoClassDefFoundError at DataSizeTests.java:-1

DataSizeTests > ofWithGigabytesUnit() FAILED
    java.lang.NoClassDefFoundError at DataSizeTests.java:-1

DataSizeTests > parseWithNegativeTerabytes() FAILED
    java.lang.NoClassDefFoundError at DataSizeTests.java:-1

DataSizeTests > parseNegativeNumberWithCustomDefaultUnit() FAILED
    java.lang.NoClassDefFoundError at DataSizeTests.java:-1

DataSizeTests > parseWithTerabytes() FAILED
    java.lang.NoClassDefFoundError at DataSizeTests.java:-1

DataSizeTests > isNegativeWithPositive() FAILED
    java.lang.NoClassDefFoundError at DataSizeTests.java:-1

DataSizeTests > ofBytesToBytes() FAILED
    java.lang.NoClassDefFoundError at DataSizeTests.java:-1

DataSizeTests > isNegativeWithNegative() FAILED
    java.lang.NoClassDefFoundError at DataSizeTests.java:-1

DomContentHandlerTests > contentHandlerDocumentNoNamespacePrefixes() FAILED
    java.lang.NoClassDefFoundError at DomContentHandlerTests.java:-1

DomContentHandlerTests > contentHandlerDocumentNamespacePrefixes() FAILED
    java.lang.NoClassDefFoundError at DomContentHandlerTests.java:-1

DomContentHandlerTests > contentHandlerElement() FAILED
    java.lang.NoClassDefFoundError at DomContentHandlerTests.java:-1

DomUtilsTests > getChildElementsByTagNameWithSeveralMatchingTags() FAILED
    java.lang.NoClassDefFoundError at DomUtilsTests.java:-1

DomUtilsTests > getTextValueWithCharacterDataNode() FAILED
    java.lang.NoClassDefFoundError at Unsafe.java:-2
        Caused by: java.lang.ExceptionInInitializerError at DomUtilsTests.java:-1

DomUtilsTests > nodeNameEqualsWhenFalse() FAILED
    java.lang.NoClassDefFoundError at Unsafe.java:-2
        Caused by: java.lang.ExceptionInInitializerError at DomUtilsTests.java:-1

DomUtilsTests > getChildElementByTagNameWithNonMatchingTag() FAILED
    java.lang.NoClassDefFoundError at Unsafe.java:-2
        Caused by: java.lang.ExceptionInInitializerError at DomUtilsTests.java:-1

DomUtilsTests > getChildElementsByTagNameWhenTagDoesNotExist() FAILED
    java.lang.NoClassDefFoundError at Unsafe.java:-2
        Caused by: java.lang.ExceptionInInitializerError at DomUtilsTests.java:-1

DomUtilsTests > getTextValueWithEmptyElement() FAILED
    java.lang.NoClassDefFoundError at Unsafe.java:-2
        Caused by: java.lang.ExceptionInInitializerError at DomUtilsTests.java:-1

DomUtilsTests > getChildElementValueByTagName() FAILED
    java.lang.NoClassDefFoundError at Unsafe.java:-2
        Caused by: java.lang.ExceptionInInitializerError at DomUtilsTests.java:-1

DomUtilsTests > getChildElementByTagNameWithMatchingTag() FAILED
    java.lang.NoClassDefFoundError at Unsafe.java:-2
        Caused by: java.lang.ExceptionInInitializerError at DomUtilsTests.java:-1

DomUtilsTests > getTextValueWithEntityReference() FAILED
    java.lang.NoClassDefFoundError at Unsafe.java:-2
        Caused by: java.lang.ExceptionInInitializerError at DomUtilsTests.java:-1

DomUtilsTests > nodeNameEqualsWhenTrue() FAILED
    java.lang.NoClassDefFoundError at Unsafe.java:-2
        Caused by: java.lang.ExceptionInInitializerError at DomUtilsTests.java:-1

DomUtilsTests > getChildElements() FAILED
    java.lang.NoClassDefFoundError at Unsafe.java:-2
        Caused by: java.lang.ExceptionInInitializerError at DomUtilsTests.java:-1

DomUtilsTests > getChildElementValueByTagNameWithNonMatchingTag() FAILED
    java.lang.NoClassDefFoundError at Unsafe.java:-2
        Caused by: java.lang.ExceptionInInitializerError at DomUtilsTests.java:-1

DomUtilsTests > getTextValueWithCommentInXml() FAILED
    java.lang.NoClassDefFoundError at Unsafe.java:-2
        Caused by: java.lang.ExceptionInInitializerError at DomUtilsTests.java:-1

ListBasedXMLEventReaderTests > getElementText() FAILED
    java.lang.NoClassDefFoundError at ListBasedXMLEventReaderTests.java:-1

ListBasedXMLEventReaderTests > getElementTextThrowsExceptionAtWrongPosition() FAILED
    java.lang.NoClassDefFoundError at ListBasedXMLEventReaderTests.java:-1

ListBasedXMLEventReaderTests > standard() FAILED
    java.lang.NoClassDefFoundError at ListBasedXMLEventReaderTests.java:-1

SimpleNamespaceContextTests > bindNamespaceUri_withNullNamespaceUri() FAILED
    java.lang.NoClassDefFoundError at SimpleNamespaceContextTests.java:-1

SimpleNamespaceContextTests > clear() FAILED
    java.lang.NoClassDefFoundError at SimpleNamespaceContextTests.java:-1

SimpleNamespaceContextTests > getBoundPrefixes() FAILED
    java.lang.NoClassDefFoundError at SimpleNamespaceContextTests.java:-1

SimpleNamespaceContextTests > getNamespaceURI() FAILED
    java.lang.NoClassDefFoundError at SimpleNamespaceContextTests.java:-1

SimpleNamespaceContextTests > getPrefix() FAILED
    java.lang.NoClassDefFoundError at SimpleNamespaceContextTests.java:-1

SimpleNamespaceContextTests > bindNamespaceUri() FAILED
    java.lang.NoClassDefFoundError at SimpleNamespaceContextTests.java:-1

SimpleNamespaceContextTests > getPrefixes() FAILED
    java.lang.NoClassDefFoundError at SimpleNamespaceContextTests.java:-1

SimpleNamespaceContextTests > getPrefixes_withNull() FAILED
    java.lang.NoClassDefFoundError at SimpleNamespaceContextTests.java:-1

SimpleNamespaceContextTests > removeBinding() FAILED
    java.lang.NoClassDefFoundError at SimpleNamespaceContextTests.java:-1

SimpleNamespaceContextTests > getPrefix_withNull() FAILED
    java.lang.NoClassDefFoundError at SimpleNamespaceContextTests.java:-1

SimpleNamespaceContextTests > getPrefixes_IteratorIsNotModifiable() FAILED
    java.lang.NoClassDefFoundError at SimpleNamespaceContextTests.java:-1

SimpleNamespaceContextTests > bindNamespaceUri_withNullPrefix() FAILED
    java.lang.NoClassDefFoundError at SimpleNamespaceContextTests.java:-1

SimpleNamespaceContextTests > getNamespaceURI_withNull() FAILED
    java.lang.NoClassDefFoundError at SimpleNamespaceContextTests.java:-1

StaxEventHandlerTests > noNamespacePrefixesDom() FAILED
    java.lang.NoClassDefFoundError at StaxEventHandlerTests.java:-1

StaxEventHandlerTests > noNamespacePrefixes() FAILED
    java.lang.NoClassDefFoundError at StaxEventHandlerTests.java:-1

StaxEventHandlerTests > namespacePrefixes() FAILED
    java.lang.NoClassDefFoundError at StaxEventHandlerTests.java:-1

StaxEventHandlerTests > namespacePrefixesDom() FAILED
    java.lang.NoClassDefFoundError at StaxEventHandlerTests.java:-1

StaxEventXMLReaderTests > contentHandlerNamespacesPrefixes() FAILED
    java.lang.NoClassDefFoundError at StaxEventXMLReaderTests.java:-1

StaxEventXMLReaderTests > whitespace() FAILED
    java.lang.NoClassDefFoundError at StaxEventXMLReaderTests.java:-1

StaxEventXMLReaderTests > contentHandlerNoNamespacesPrefixes() FAILED
    java.lang.NoClassDefFoundError at StaxEventXMLReaderTests.java:-1

StaxEventXMLReaderTests > lexicalHandler() FAILED
    java.lang.NoClassDefFoundError at StaxEventXMLReaderTests.java:-1

StaxEventXMLReaderTests > contentHandlerNamespacesNoPrefixes() FAILED
    java.lang.NoClassDefFoundError at StaxEventXMLReaderTests.java:-1

StaxEventXMLReaderTests > partial() FAILED
    java.lang.NoClassDefFoundError at StaxEventXMLReaderTests.java:-1

StaxResultTests > eventWriterSource() FAILED
    java.lang.NoClassDefFoundError at StaxResultTests.java:-1

StaxResultTests > streamWriterSource() FAILED
    java.lang.NoClassDefFoundError at StaxResultTests.java:-1

StaxSourceTests > streamReaderSourceToDOMResult() FAILED
    java.lang.NoClassDefFoundError at StaxSourceTests.java:-1

StaxSourceTests > streamReaderSourceToStreamResult() FAILED
    java.lang.NoClassDefFoundError at StaxSourceTests.java:-1

StaxSourceTests > eventReaderSourceToStreamResult() FAILED
    java.lang.NoClassDefFoundError at StaxSourceTests.java:-1

StaxSourceTests > eventReaderSourceToDOMResult() FAILED
    java.lang.NoClassDefFoundError at StaxSourceTests.java:-1

StaxStreamHandlerTests > noNamespacePrefixesDom() FAILED
    java.lang.NoClassDefFoundError at StaxStreamHandlerTests.java:-1

StaxStreamHandlerTests > noNamespacePrefixes() FAILED
    java.lang.NoClassDefFoundError at StaxStreamHandlerTests.java:-1

StaxStreamHandlerTests > namespacePrefixes() FAILED
    java.lang.NoClassDefFoundError at StaxStreamHandlerTests.java:-1

StaxStreamHandlerTests > namespacePrefixesDom() FAILED
    java.lang.NoClassDefFoundError at StaxStreamHandlerTests.java:-1

StaxStreamXMLReaderTests > contentHandlerNamespacesPrefixes() FAILED
    java.lang.NoClassDefFoundError at StaxStreamXMLReaderTests.java:-1

StaxStreamXMLReaderTests > whitespace() FAILED
    java.lang.NoClassDefFoundError at StaxStreamXMLReaderTests.java:-1

StaxStreamXMLReaderTests > contentHandlerNoNamespacesPrefixes() FAILED
    java.lang.NoClassDefFoundError at StaxStreamXMLReaderTests.java:-1

StaxStreamXMLReaderTests > lexicalHandler() FAILED
    java.lang.NoClassDefFoundError at StaxStreamXMLReaderTests.java:-1

StaxStreamXMLReaderTests > contentHandlerNamespacesNoPrefixes() FAILED
    java.lang.NoClassDefFoundError at StaxStreamXMLReaderTests.java:-1

StaxStreamXMLReaderTests > partial() FAILED
    java.lang.NoClassDefFoundError at StaxStreamXMLReaderTests.java:-1

StaxUtilsTests > isStaxSourceInvalid() FAILED
    java.lang.NoClassDefFoundError at StaxUtilsTests.java:-1

StaxUtilsTests > isStaxResultJaxp14() FAILED
    java.lang.NoClassDefFoundError at StaxUtilsTests.java:-1

StaxUtilsTests > isStaxResult() FAILED
    java.lang.NoClassDefFoundError at StaxUtilsTests.java:-1

StaxUtilsTests > isStaxSource() FAILED
    java.lang.NoClassDefFoundError at StaxUtilsTests.java:-1

StaxUtilsTests > isStaxResultInvalid() FAILED
    java.lang.NoClassDefFoundError at StaxUtilsTests.java:-1

StaxUtilsTests > isStaxSourceJaxp14() FAILED
    java.lang.NoClassDefFoundError at StaxUtilsTests.java:-1

TransformerUtilsTests > enableIndentingWithNegativeIndentAmount() FAILED
    java.lang.NoClassDefFoundError at TransformerUtilsTests.java:-1

TransformerUtilsTests > disableIndentingWithNullTransformer() FAILED
    java.lang.NoClassDefFoundError at TransformerUtilsTests.java:-1

TransformerUtilsTests > enableIndentingSunnyDayWithCustomKosherIndentAmount() FAILED
    java.lang.NoClassDefFoundError at TransformerUtilsTests.java:-1

TransformerUtilsTests > enableIndentingWithZeroIndentAmount() FAILED
    java.lang.NoClassDefFoundError at TransformerUtilsTests.java:-1

TransformerUtilsTests > enableIndentingSunnyDay() FAILED
    java.lang.NoClassDefFoundError at TransformerUtilsTests.java:-1

TransformerUtilsTests > enableIndentingWithNullTransformer() FAILED
    java.lang.NoClassDefFoundError at TransformerUtilsTests.java:-1

TransformerUtilsTests > disableIndentingSunnyDay() FAILED
    java.lang.NoClassDefFoundError at TransformerUtilsTests.java:-1

XMLEventStreamReaderTests > readCorrect() FAILED
    java.lang.NoClassDefFoundError at XMLEventStreamReaderTests.java:-1

XMLEventStreamReaderTests > readAll() FAILED
    java.lang.NoClassDefFoundError at XMLEventStreamReaderTests.java:-1

XMLEventStreamWriterTests > write() FAILED
    java.lang.NoClassDefFoundError at XMLEventStreamWriterTests.java:-1

XmlValidationModeDetectorTests > dtdDetection(String) > [1] fileName = "dtdWithNoComments.xml" FAILED
    java.lang.NoClassDefFoundError at XmlValidationModeDetectorTests.java:-1

XmlValidationModeDetectorTests > dtdDetection(String) > [2] fileName = "dtdWithLeadingComment.xml" FAILED
    java.lang.NoClassDefFoundError at XmlValidationModeDetectorTests.java:-1

XmlValidationModeDetectorTests > dtdDetection(String) > [3] fileName = "dtdWithTrailingComment.xml" FAILED
    java.lang.NoClassDefFoundError at XmlValidationModeDetectorTests.java:-1

XmlValidationModeDetectorTests > dtdDetection(String) > [4] fileName = "dtdWithTrailingCommentAcrossMultipleLines.xml" FAILED
    java.lang.NoClassDefFoundError at XmlValidationModeDetectorTests.java:-1

XmlValidationModeDetectorTests > dtdDetection(String) > [5] fileName = "dtdWithCommentOnNextLine.xml" FAILED
    java.lang.NoClassDefFoundError at XmlValidationModeDetectorTests.java:-1

XmlValidationModeDetectorTests > dtdDetection(String) > [6] fileName = "dtdWithMultipleComments.xml" FAILED
    java.lang.NoClassDefFoundError at XmlValidationModeDetectorTests.java:-1

XmlValidationModeDetectorTests > dtdDetection(String) > [7] fileName = "dtdWithDoctypeInMultiLineCommentBody.xml" FAILED
    java.lang.NoClassDefFoundError at XmlValidationModeDetectorTests.java:-1

XmlValidationModeDetectorTests > xsdDetection(String) > [1] fileName = "xsdWithNoComments.xml" FAILED
    java.lang.NoClassDefFoundError at XmlValidationModeDetectorTests.java:-1

XmlValidationModeDetectorTests > xsdDetection(String) > [2] fileName = "xsdWithMultipleComments.xml" FAILED
    java.lang.NoClassDefFoundError at XmlValidationModeDetectorTests.java:-1

XmlValidationModeDetectorTests > xsdDetection(String) > [3] fileName = "xsdWithDoctypeInComment.xml" FAILED
    java.lang.NoClassDefFoundError at XmlValidationModeDetectorTests.java:-1

XmlValidationModeDetectorTests > xsdDetection(String) > [4] fileName = "xsdWithDoctypeInOpenCommentWithAdditionalCommentOnSameLine.xml" FAILED
    java.lang.NoClassDefFoundError at XmlValidationModeDetectorTests.java:-1

XmlValidationModeDetectorTests > xsdDetection(String) > [5] fileName = "xsdWithDoctypeInMultiLineCommentBody.xml" FAILED
    java.lang.NoClassDefFoundError at XmlValidationModeDetectorTests.java:-1

XmlValidationModeDetectorTests > xsdDetection(String) > [6] fileName = "xsdWithMultipleDoctypesInMultiLineCommentBody.xml" FAILED
    java.lang.NoClassDefFoundError at XmlValidationModeDetectorTests.java:-1

BindingReflectionHintsRegistrarKotlinTests > Register reflection hints on serializer function with parameter() FAILED
    java.lang.NoClassDefFoundError at BindingReflectionHintsRegistrarKotlinTests.kt:-1

BindingReflectionHintsRegistrarKotlinTests > Register reflection hints for Kotlin data class() FAILED
    java.lang.NoClassDefFoundError at BindingReflectionHintsRegistrarKotlinTests.kt:-1

BindingReflectionHintsRegistrarKotlinTests > Register reflection hints for Kotlinx serialization() FAILED
    java.lang.NoClassDefFoundError at BindingReflectionHintsRegistrarKotlinTests.kt:-1

BindingReflectionHintsRegistrarKotlinTests > Register reflection hints on declared methods for Kotlin class() FAILED
    java.lang.NoClassDefFoundError at BindingReflectionHintsRegistrarKotlinTests.kt:-1

JdkProxyHintExtensionsTests > proxiedInterfaces builder extension() FAILED
    java.lang.NoClassDefFoundError at JdkProxyHintExtensionsTests.kt:-1

ProxyHintsExtensionsTests > registerJdkProxy extension() FAILED
    java.lang.NoClassDefFoundError at ProxyHintsExtensionsTests.kt:-1

ReflectionHintsExtensionsTests > getTypeHint extension() FAILED
    java.lang.NoClassDefFoundError at ReflectionHintsExtensionsTests.kt:-1

ReflectionHintsExtensionsTests > registerType extension with MemberCategory() FAILED
    java.lang.NoClassDefFoundError at ReflectionHintsExtensionsTests.kt:-1

ReflectionHintsExtensionsTests > registerType extension with Consumer() FAILED
    java.lang.NoClassDefFoundError at ReflectionHintsExtensionsTests.kt:-1

ResourceHintsExtensionsTests > registerType extension() FAILED
    java.lang.NoClassDefFoundError at ResourceHintsExtensionsTests.kt:-1

SerializationHintsExtensionsTests > registerType extension() FAILED
    java.lang.NoClassDefFoundError at SerializationHintsExtensionsTests.kt:-1

SerializationHintsExtensionsTests > registerType extension with Consumer() FAILED
    java.lang.NoClassDefFoundError at SerializationHintsExtensionsTests.kt:-1

TypeHintExtensionsTests > onReachableType builder extension() FAILED
    java.lang.NoClassDefFoundError at TypeHintExtensionsTests.kt:-1

BridgeMethodResolverKotlinTests > findBridgedMethod() FAILED
    java.lang.NoClassDefFoundError at BridgeMethodResolverKotlinTests.kt:-1

BridgeMethodResolverKotlinTests > findBridgedMethodWithArrays() FAILED
    java.lang.NoClassDefFoundError at BridgeMethodResolverKotlinTests.kt:-1

CoroutinesUtilsTests > invokeNonSuspendingFunctionWithContext() FAILED
    java.lang.NoClassDefFoundError at CoroutinesUtilsTests.kt:-1

CoroutinesUtilsTests > invokeSuspendingFunctionWithoutContinuationParameterAndContext() FAILED
    java.lang.NoClassDefFoundError at CoroutinesUtilsTests.kt:-1

CoroutinesUtilsTests > invokeSuspendingFunctionWithNullContinuationParameter() FAILED
    java.lang.NoClassDefFoundError at CoroutinesUtilsTests.kt:-1

CoroutinesUtilsTests > invokeSuspendingFunctionWithExtension() FAILED
    java.lang.NoClassDefFoundError at CoroutinesUtilsTests.kt:-1

CoroutinesUtilsTests > invokePrivateSuspendingFunction() FAILED
    java.lang.NoClassDefFoundError at CoroutinesUtilsTests.kt:-1

CoroutinesUtilsTests > invokeSuspendingFunctionWithNullableValueClassParameterAndUnderlyingValue() FAILED
    java.lang.NoClassDefFoundError at CoroutinesUtilsTests.kt:-1

CoroutinesUtilsTests > invokeSuspendingFunctionWithValueClassWithInitParameter() FAILED
    java.lang.NoClassDefFoundError at CoroutinesUtilsTests.kt:-1

CoroutinesUtilsTests > invokeSuspendingFunctionWithExtensionAndParameter() FAILED
    java.lang.NoClassDefFoundError at CoroutinesUtilsTests.kt:-1

CoroutinesUtilsTests > invokeSuspendingFunctionWithObservation() FAILED
    java.lang.NoClassDefFoundError at CoroutinesUtilsTests.kt:-1

CoroutinesUtilsTests > monoToDeferred() FAILED
    java.lang.NoClassDefFoundError at CoroutinesUtilsTests.kt:-1

CoroutinesUtilsTests > invokeNonSuspendingFunction() FAILED
    java.lang.NoClassDefFoundError at CoroutinesUtilsTests.kt:-1

CoroutinesUtilsTests > invokeSuspendingFunctionReturningNull() FAILED
    java.lang.NoClassDefFoundError at CoroutinesUtilsTests.kt:-1

CoroutinesUtilsTests > invokeSuspendingFunctionReturningUnit() FAILED
    java.lang.NoClassDefFoundError at CoroutinesUtilsTests.kt:-1

CoroutinesUtilsTests > invokeSuspendingFunctionWithNullContinuationParameterAndContext() FAILED
    java.lang.NoClassDefFoundError at CoroutinesUtilsTests.kt:-1

CoroutinesUtilsTests > invokeSuspendingFunctionWithValueClassWithPrivateConstructorParameter() FAILED
    java.lang.NoClassDefFoundError at CoroutinesUtilsTests.kt:-1

CoroutinesUtilsTests > deferredToMono() FAILED
    java.lang.NoClassDefFoundError at CoroutinesUtilsTests.kt:-1

CoroutinesUtilsTests > invokeSuspendingFunctionWithValueClassReturnValue() FAILED
    java.lang.NoClassDefFoundError at CoroutinesUtilsTests.kt:-1

CoroutinesUtilsTests > invokeSuspendingFunctionWithNullableParameter() FAILED
    java.lang.NoClassDefFoundError at CoroutinesUtilsTests.kt:-1

CoroutinesUtilsTests > invokeSuspendingFunctionWithFlow() FAILED
    java.lang.NoClassDefFoundError at CoroutinesUtilsTests.kt:-1

CoroutinesUtilsTests > invokeSuspendingFunctionWithFlux() FAILED
    java.lang.NoClassDefFoundError at CoroutinesUtilsTests.kt:-1

CoroutinesUtilsTests > invokeSuspendingFunctionWithMono() FAILED
    java.lang.NoClassDefFoundError at CoroutinesUtilsTests.kt:-1

CoroutinesUtilsTests > invokeSuspendingFunctionWithValueClassParameter() FAILED
    java.lang.NoClassDefFoundError at CoroutinesUtilsTests.kt:-1

CoroutinesUtilsTests > invokeSuspendingFunctionWithNullableValueClassParameter() FAILED
    java.lang.NoClassDefFoundError at CoroutinesUtilsTests.kt:-1

CoroutinesUtilsTests > invokeSuspendingFunctionWithoutContinuationParameter() FAILED
    java.lang.NoClassDefFoundError at CoroutinesUtilsTests.kt:-1

CoroutinesUtilsTests > invokeSuspendingFunctionWithResultOfUnitReturnValue() FAILED
    java.lang.NoClassDefFoundError at CoroutinesUtilsTests.kt:-1

CoroutinesUtilsTests > invokeSuspendingFunctionWithNestedValueClassParameter() FAILED
    java.lang.NoClassDefFoundError at CoroutinesUtilsTests.kt:-1

CoroutinesUtilsTests > invokeSuspendingFunctionWithNullableValueClassParameterAndNonNullParameter() FAILED
    java.lang.NoClassDefFoundError at CoroutinesUtilsTests.kt:-1

CoroutinesUtilsTests > invokeSuspendingFunctionWithGenericParameter() FAILED
    java.lang.NoClassDefFoundError at CoroutinesUtilsTests.kt:-1

DefaultParameterNameDiscovererKotlinTests > getParameterNamesOnInterface() FAILED
    java.lang.NoClassDefFoundError at DefaultParameterNameDiscovererKotlinTests.kt:-1

DefaultParameterNameDiscovererKotlinTests > getParameterNamesOnExtensionMethod() FAILED
    java.lang.NoClassDefFoundError at DefaultParameterNameDiscovererKotlinTests.kt:-1

DefaultParameterNameDiscovererKotlinTests > getParameterNamesOnSuspendingFunction() FAILED
    java.lang.NoClassDefFoundError at DefaultParameterNameDiscovererKotlinTests.kt:-1

DefaultParameterNameDiscovererKotlinTests > getParameterNamesOnClass() FAILED
    java.lang.NoClassDefFoundError at DefaultParameterNameDiscovererKotlinTests.kt:-1

DefaultParameterNameDiscovererKotlinTests > getParameterNamesOnEnum() FAILED
    java.lang.NoClassDefFoundError at DefaultParameterNameDiscovererKotlinTests.kt:-1

GenericTypeResolverKotlinTests > methodReturnTypes() FAILED
    java.lang.NoClassDefFoundError at GenericTypeResolverKotlinTests.kt:-1

KotlinDetectorTests > isNotInlineClass() FAILED
    java.lang.NoClassDefFoundError at KotlinDetectorTests.kt:-1

KotlinDetectorTests > isNotKotlinType() FAILED
    java.lang.NoClassDefFoundError at KotlinDetectorTests.kt:-1

KotlinDetectorTests > isKotlinType() FAILED
    java.lang.NoClassDefFoundError at KotlinDetectorTests.kt:-1

KotlinDetectorTests > isInlineClass() FAILED
    java.lang.NoClassDefFoundError at KotlinDetectorTests.kt:-1

KotlinDetectorTests > hasSerializableAnnotation() FAILED
    java.lang.NoClassDefFoundError at KotlinDetectorTests.kt:-1

KotlinReflectionParameterNameDiscovererTests > getParameterNamesOnInterface() FAILED
    java.lang.NoClassDefFoundError at KotlinReflectionParameterNameDiscovererTests.kt:-1

KotlinReflectionParameterNameDiscovererTests > getParameterNamesOnExtensionMethod() FAILED
    java.lang.NoClassDefFoundError at KotlinReflectionParameterNameDiscovererTests.kt:-1

KotlinReflectionParameterNameDiscovererTests > getParameterNamesOnSuspendingFunction() FAILED
    java.lang.NoClassDefFoundError at KotlinReflectionParameterNameDiscovererTests.kt:-1

KotlinReflectionParameterNameDiscovererTests > getParameterNamesOnClass() FAILED
    java.lang.NoClassDefFoundError at KotlinReflectionParameterNameDiscovererTests.kt:-1

MethodParameterKotlinTests > Inner class constructor() FAILED
    java.lang.NoClassDefFoundError at MethodParameterKotlinTests.kt:-1

MethodParameterKotlinTests > Method parameter with default value() FAILED
    java.lang.NoClassDefFoundError at MethodParameterKotlinTests.kt:-1

MethodParameterKotlinTests > Parameter name for suspending function() FAILED
    java.lang.NoClassDefFoundError at MethodParameterKotlinTests.kt:-1

MethodParameterKotlinTests > Regular class constructor() FAILED
    java.lang.NoClassDefFoundError at MethodParameterKotlinTests.kt:-1

MethodParameterKotlinTests > Method return type nullability() FAILED
    java.lang.NoClassDefFoundError at MethodParameterKotlinTests.kt:-1

MethodParameterKotlinTests > Suspending function return type() FAILED
    java.lang.NoClassDefFoundError at MethodParameterKotlinTests.kt:-1

MethodParameterKotlinTests > Method parameter nullability() FAILED
    java.lang.NoClassDefFoundError at MethodParameterKotlinTests.kt:-1

MethodParameterKotlinTests > Parameter name for regular function() FAILED
    java.lang.NoClassDefFoundError at MethodParameterKotlinTests.kt:-1

MethodParameterKotlinTests > Method parameter without default value() FAILED
    java.lang.NoClassDefFoundError at MethodParameterKotlinTests.kt:-1

MethodParameterKotlinTests > Continuation parameter name for suspending function() FAILED
    java.lang.NoClassDefFoundError at MethodParameterKotlinTests.kt:-1

MethodParameterKotlinTests > Continuation parameter is optional() FAILED
    java.lang.NoClassDefFoundError at MethodParameterKotlinTests.kt:-1

NullnessKotlinTests > nonNullReturnType() FAILED
    java.lang.NoClassDefFoundError at NullnessKotlinTests.kt:-1

NullnessKotlinTests > nonNullProperty() FAILED
    java.lang.NoClassDefFoundError at NullnessKotlinTests.kt:-1

NullnessKotlinTests > nonNullParameter() FAILED
    java.lang.NoClassDefFoundError at NullnessKotlinTests.kt:-1

NullnessKotlinTests > nullableReturnType() FAILED
    java.lang.NoClassDefFoundError at NullnessKotlinTests.kt:-1

NullnessKotlinTests > unitReturnType() FAILED
    java.lang.NoClassDefFoundError at NullnessKotlinTests.kt:-1

NullnessKotlinTests > nullableProperty() FAILED
    java.lang.NoClassDefFoundError at NullnessKotlinTests.kt:-1

NullnessKotlinTests > nullableDataClassGetter() FAILED
    java.lang.NoClassDefFoundError at NullnessKotlinTests.kt:-1

NullnessKotlinTests > nullableDataClassSetter() FAILED
    java.lang.NoClassDefFoundError at NullnessKotlinTests.kt:-1

NullnessKotlinTests > nonNullableDataClassGetter() FAILED
    java.lang.NoClassDefFoundError at NullnessKotlinTests.kt:-1

NullnessKotlinTests > nonNullableDataClassSetter() FAILED
    java.lang.NoClassDefFoundError at NullnessKotlinTests.kt:-1

NullnessKotlinTests > nullableParameter() FAILED
    java.lang.NoClassDefFoundError at NullnessKotlinTests.kt:-1

PropagationContextElementTests > restoresFromReactorContext() FAILED
    java.lang.NoClassDefFoundError at PropagationContextElementTests.kt:-1

PropagationContextElementTests > restoresFromThreadLocal() FAILED
    java.lang.NoClassDefFoundError at PropagationContextElementTests.kt:-1

ReactiveAdapterRegistryKotlinTests > flowToPublisher() FAILED
    java.lang.NoClassDefFoundError at ReactiveAdapterRegistryKotlinTests.kt:-1

ReactiveAdapterRegistryKotlinTests > publisherToDeferred() FAILED
    java.lang.NoClassDefFoundError at ReactiveAdapterRegistryKotlinTests.kt:-1

ReactiveAdapterRegistryKotlinTests > propagateMicrometerContextToFlow() FAILED
    java.lang.NoClassDefFoundError at ReactiveAdapterRegistryKotlinTests.kt:-1

ReactiveAdapterRegistryKotlinTests > publisherToFlow() FAILED
    java.lang.NoClassDefFoundError at ReactiveAdapterRegistryKotlinTests.kt:-1

ReactiveAdapterRegistryKotlinTests > deferredToPublisher() FAILED
    java.lang.NoClassDefFoundError at ReactiveAdapterRegistryKotlinTests.kt:-1

KotlinMergedAnnotationsTests > recursiveAnnotationWithoutAlias() FAILED
    java.lang.NoClassDefFoundError at KotlinMergedAnnotationsTests.kt:-1

KotlinMergedAnnotationsTests > recursiveAnnotationWithAlias() FAILED
    java.lang.NoClassDefFoundError at KotlinMergedAnnotationsTests.kt:-1

KotlinMergedAnnotationsTests > recursiveNestedAnnotationWithAlias() FAILED
    java.lang.NoClassDefFoundError at KotlinMergedAnnotationsTests.kt:-1

ConverterFactoryNullnessTests > converterFactoryWithNonNullableTypes() FAILED
    java.lang.NoClassDefFoundError at ConverterFactoryNullnessTests.kt:-1

ConverterFactoryNullnessTests > converterFactoryWithNullableTypes() FAILED
    java.lang.NoClassDefFoundError at ConverterFactoryNullnessTests.kt:-1

DefaultConversionServiceKotlinTests > stringToRegexEmptyString() FAILED
    java.lang.NoClassDefFoundError at DefaultConversionServiceKotlinTests.kt:-1

DefaultConversionServiceKotlinTests > regexToString() FAILED
    java.lang.NoClassDefFoundError at DefaultConversionServiceKotlinTests.kt:-1

DefaultConversionServiceKotlinTests > stringToRegex() FAILED
    java.lang.NoClassDefFoundError at DefaultConversionServiceKotlinTests.kt:-1

PropertyResolverExtensionsKotlinTests > getProperty with default extension() FAILED
    java.lang.NoClassDefFoundError at PropertyResolverExtensionsKotlinTests.kt:-1

PropertyResolverExtensionsKotlinTests > getProperty extension() FAILED
    java.lang.NoClassDefFoundError at PropertyResolverExtensionsKotlinTests.kt:-1

PropertyResolverExtensionsKotlinTests > get operator() FAILED
    java.lang.NoClassDefFoundError at PropertyResolverExtensionsKotlinTests.kt:-1

PropertyResolverExtensionsKotlinTests > getRequiredProperty extension() FAILED
    java.lang.NoClassDefFoundError at PropertyResolverExtensionsKotlinTests.kt:-1

SpringFactoriesLoaderKotlinTests > Instantiate class with protected constructor() FAILED
    java.lang.NoClassDefFoundError at SpringFactoriesLoaderKotlinTests.kt:-1

SpringFactoriesLoaderKotlinTests > Instantiate immutable data class() FAILED
    java.lang.NoClassDefFoundError at SpringFactoriesLoaderKotlinTests.kt:-1

SpringFactoriesLoaderKotlinTests > Instantiate private class() FAILED
    java.lang.NoClassDefFoundError at SpringFactoriesLoaderKotlinTests.kt:-1

SpringFactoriesLoaderKotlinTests > Instantiate class with private constructor() FAILED
    java.lang.NoClassDefFoundError at SpringFactoriesLoaderKotlinTests.kt:-1

SpringFactoriesLoaderKotlinTests > Instantiate immutable class with nullable argument() FAILED
    java.lang.NoClassDefFoundError at SpringFactoriesLoaderKotlinTests.kt:-1

SpringFactoriesLoaderKotlinTests > Instantiate immutable class with optional argument and only mandatory arguments specified() FAILED
    java.lang.NoClassDefFoundError at SpringFactoriesLoaderKotlinTests.kt:-1

SpringFactoriesLoaderKotlinTests > Instantiate immutable data class with optional parameter and all arguments specified() FAILED
    java.lang.NoClassDefFoundError at SpringFactoriesLoaderKotlinTests.kt:-1

SpringFactoriesLoaderKotlinTests > Instantiate class with all optional argument() FAILED
    java.lang.NoClassDefFoundError at SpringFactoriesLoaderKotlinTests.kt:-1
There were failing tests. See the report at: file:///mmfs1/scratch/mjk76/ea442/promptstudy/spring-full-chicory/spring-core/build/reports/tests/test/index.html

[Incubating] Problems report is available at: file:///mmfs1/scratch/mjk76/ea442/promptstudy/spring-full-chicory/build/reports/problems/problems-report.html

Deprecated Gradle features were used in this build, making it incompatible with Gradle 10.

You can use '--warning-mode all' to show the individual deprecation warnings and determine if they come from your own scripts or plugins.

For more on this, please refer to https://docs.gradle.org/9.7.1/userguide/command_line_interface.html#sec:command_line_warnings in the Gradle documentation.

BUILD SUCCESSFUL in 1m 47s
24 actionable tasks: 10 executed, 14 up-to-date
Consider enabling configuration cache to speed up this build: https://docs.gradle.org/9.7.1/userguide/configuration_cache_enabling.html
No Gradle daemons are running.
>>> Chicory trace output directory:
total 22274
drwxr-xr-x+ 2 ea442 ea442     4096 Sep 10 18:35 .
drwxr-xr-x+ 3 ea442 ea442     4096 Sep 10 18:29 ..
-rw-r--r--+ 1 ea442 ea442 11275118 Sep 10 18:35 dtrace.gz
>>> Combining dtrace files...
>>> Combined trace: /scratch/mjk76/ea442/promptstudy/spring-full-chicory-out/1259757/spring-full.dtrace
14658364 /scratch/mjk76/ea442/promptstudy/spring-full-chicory-out/1259757/spring-full.dtrace

>>> Original Chicory-generated dtrace.gz files preserved in:
>>> /scratch/mjk76/ea442/promptstudy/spring-full-chicory-out/1259757
>>> Convenient newest-run path:
>>> /scratch/mjk76/ea442/promptstudy/spring-full-chicory-out/latest
