kind	element	cassette_key	system_tokens	user_tokens	input_tokens	output_tokens
METHOD_ENTRY	org.springframework.util.AlternativeJdkIdGenerator#generateId():UUID	76695ae009cf0450f489	413	638	1062	53
METHOD_EXIT	org.springframework.util.AlternativeJdkIdGenerator#generateId():UUID	368a0c212423b9b35771	455	712	1178	231
METHOD_ENTRY	org.springframework.util.ResourceUtils#getURL(String):URL	8251a839a08180e1b0ed	413	2464	2888	415
METHOD_EXIT	org.springframework.util.ResourceUtils#getURL(String):URL	c56ca449284ae704eeba	455	2541	3007	334
METHOD_ENTRY	org.springframework.util.ResourceUtils#isUrl(String):boolean	cd258a822217bce8b0f2	413	2304	2728	370
METHOD_EXIT	org.springframework.util.ResourceUtils#isUrl(String):boolean	fadf744d96b48eede716	455	2381	2847	403
METHOD_ENTRY	org.springframework.util.ResourceUtils#getFile(URL):File	3156fec8efe27b6b0afd	413	2241	2665	335
METHOD_ENTRY	org.springframework.util.ResourceUtils#getFile(String):File	beaed2770028d7ffa7ea	413	2418	2842	343
METHOD_EXIT	org.springframework.util.ResourceUtils#getFile(String):File	92e87c8d44db2a62d341	455	2495	2961	317
METHOD_ENTRY	org.springframework.util.ResourceUtils#getFile(URL,String):File	d0b8620a69967d74e3e8	413	2382	2806	271
METHOD_EXIT	org.springframework.util.ResourceUtils#getFile(URL):File	c8a20b35f97cea621354	455	2318	2784	280
METHOD_ENTRY	org.springframework.util.ResourceUtils#getFile(URI):File	2b7632a5440c5bef5212	413	2243	2667	307
METHOD_EXIT	org.springframework.util.ResourceUtils#getFile(URI):File	16968bcb36d8c154699d	455	2320	2786	276
METHOD_ENTRY	org.springframework.util.ResourceUtils#isFileURL(URL):boolean	524742156079deae3b70	413	2262	2686	209
METHOD_ENTRY	org.springframework.util.ResourceUtils#getFile(URI,String):File	7375b87f5bbce91b3176	413	2323	2747	307
METHOD_ENTRY	org.springframework.util.ResourceUtils#isJarURL(URL):boolean	4fcf34ee32201d515012	413	2281	2705	264
METHOD_EXIT	org.springframework.util.ResourceUtils#isFileURL(URL):boolean	a1843043fe6f7b95ffe5	455	2339	2805	378
METHOD_EXIT	org.springframework.util.ResourceUtils#isJarURL(URL):boolean	038282acb2dd68090dc2	455	2358	2824	382
METHOD_ENTRY	org.springframework.util.ResourceUtils#isJarFileURL(URL):boolean	370bba9de31560db3ef7	413	2260	2684	296
METHOD_EXIT	org.springframework.util.ResourceUtils#isJarFileURL(URL):boolean	c73c81a014e1cbcd9eb9	455	2337	2803	291
METHOD_EXIT	org.springframework.util.ResourceUtils#getFile(URL,String):File	7f4262152d8f401d8936	455	2459	2925	267
METHOD_EXIT	org.springframework.util.ResourceUtils#extractJarFileURL(URL):URL	c31594b368a92b0a62f3	455	2471	2937	347
METHOD_ENTRY	org.springframework.util.ResourceUtils#extractJarFileURL(URL):URL	2fdb148855c7de9a2401	413	2394	2818	282
METHOD_EXIT	org.springframework.util.ResourceUtils#getFile(URI,String):File	51f3adb55e270250a8b7	455	2400	2866	274
METHOD_ENTRY	org.springframework.util.ResourceUtils#extractArchiveURL(URL):URL	36cc32452df1dd838f39	413	2407	2831	317
METHOD_EXIT	org.springframework.util.ResourceUtils#extractArchiveURL(URL):URL	9debf34d9daa3f6679c6	455	2484	2950	336
METHOD_ENTRY	org.springframework.util.ResourceUtils#toURI(URL):URI	1c5f9b7e7651db4a4b9f	413	2237	2661	269
METHOD_EXIT	org.springframework.util.ResourceUtils#toURI(URL):URI	f50dbc172a188f5db756	455	2314	2780	258
METHOD_ENTRY	org.springframework.util.ResourceUtils#toURI(String):URI	653765551c14778bd4b9	413	2243	2667	319
METHOD_EXIT	org.springframework.util.ResourceUtils#toURL(String):URL	5663ca69dcc0e5d1a301	455	2408	2874	280
METHOD_ENTRY	org.springframework.util.ResourceUtils#toRelativeURL(URL,String):URL	52f212c404915cb5815e	413	2334	2758	289
METHOD_ENTRY	org.springframework.util.ResourceUtils#useCachesIfNecessary(URLConnection):void	ce5921e6efdc319ecb3d	413	2251	2675	245
METHOD_EXIT	org.springframework.util.ResourceUtils#toRelativeURL(URL,String):URL	a825ce644886378552d2	455	2411	2877	324
METHOD_EXIT	org.springframework.util.UpdateMessageDigestInputStream#updateMessageDigest(MessageDigest):void	b25ddef234c2a0640736	455	629	1095	249
METHOD_EXIT	org.springframework.util.ResourceUtils#toURI(String):URI	3d27fb2f8166ca033179	455	2320	2786	378
METHOD_ENTRY	org.springframework.util.UpdateMessageDigestInputStream#updateMessageDigest(MessageDigest,int):void	b0ae8b5cb8e165ec6c87	413	645	1069	193
METHOD_ENTRY	org.springframework.util.ResourceUtils#toURL(String):URL	45db2af35e7f453fc347	413	2331	2755	330
METHOD_ENTRY	org.springframework.util.UpdateMessageDigestInputStream#updateMessageDigest(MessageDigest):void	8cce7f48e38ebacdd439	413	618	1042	169
METHOD_EXIT	org.springframework.util.UpdateMessageDigestInputStream#updateMessageDigest(MessageDigest,int):void	ec1cefdd3ee843d7205e	455	656	1122	265
METHOD_EXIT	org.springframework.util.ResourceUtils#useCachesIfNecessary(URLConnection):void	39067cc703bb6c3482ee	455	2262	2728	317
METHOD_ENTRY	org.springframework.util.PatternMatchUtils#simpleMatch(String,String):boolean	33ad5d598131e66066f2	413	848	1272	309
METHOD_EXIT	org.springframework.util.PatternMatchUtils#simpleMatchIgnoreCase(String,String):boolean	dcf1a2318eeaf5daa4d0	455	929	1395	377
METHOD_EXIT	org.springframework.util.PatternMatchUtils#simpleMatch(String,String):boolean	4b1ffe5aeed73a1d37bb	455	925	1391	388
METHOD_EXIT	org.springframework.util.PatternMatchUtils#checkStartsWith(String,String,int,boolean):boolean	7bb27c6c92feec4b161f	455	953	1419	341
METHOD_ENTRY	org.springframework.util.PatternMatchUtils#indexOf(String,String,int,boolean):int	2ce25dbdc320c4b3ff9e	413	924	1348	282
METHOD_EXIT	org.springframework.util.PatternMatchUtils#indexOf(String,String,int,boolean):int	bdb66e07109f5214c2b1	455	1001	1467	359
METHOD_EXIT	org.springframework.util.PatternMatchUtils#simpleMatch(String,String,boolean):boolean	784ca1df958a8b0a67e4	455	1221	1687	512
METHOD_ENTRY	org.springframework.util.PatternMatchUtils#simpleMatchIgnoreCase(String,String):boolean	3ce80c13532d014ad220	413	852	1276	313
METHOD_ENTRY	org.springframework.util.PatternMatchUtils#simpleMatchIgnoreCase(String @Nullable [],String):boolean	f3bf6865648d271622c6	413	894	1318	300
METHOD_ENTRY	org.springframework.util.PatternMatchUtils#checkStartsWith(String,String,int,boolean):boolean	2c59ab5d9dc7fa26c443	413	876	1300	280
METHOD_ENTRY	org.springframework.util.PatternMatchUtils#simpleMatch(String @Nullable [],String):boolean	bdc8cc863e351296a1ac	413	888	1312	306
METHOD_EXIT	org.springframework.util.PatternMatchUtils#simpleMatch(String @Nullable [],String):boolean	8f268b7d5a4ada627a70	455	965	1431	345
METHOD_ENTRY	org.springframework.util.PatternMatchUtils#simpleMatch(String,String,boolean):boolean	c82a4694d6f6ca0bcf1e	413	1144	1568	233
METHOD_EXIT	org.springframework.util.PatternMatchUtils#simpleMatchIgnoreCase(String @Nullable [],String):boolean	d4c1082aea6b3d79960d	455	971	1437	388
METHOD_ENTRY	org.springframework.util.DefaultPropertiesPersister#load(Properties,InputStream):void	69cb9c43067d69904c49	413	827	1251	238
METHOD_ENTRY	org.springframework.util.DefaultPropertiesPersister#load(Properties,Reader):void	fb1bd732881e3a8ad092	413	824	1248	303
METHOD_ENTRY	org.springframework.util.DefaultPropertiesPersister#store(Properties,OutputStream,String):void	471b479e407f05b6dafd	413	838	1262	238
METHOD_EXIT	org.springframework.util.DefaultPropertiesPersister#load(Properties,Reader):void	749922b70bd04aa0870b	455	835	1301	228
METHOD_EXIT	org.springframework.util.DefaultPropertiesPersister#store(Properties,OutputStream,String):void	6063df7e1c53d541b56e	455	849	1315	258
METHOD_ENTRY	org.springframework.util.DefaultPropertiesPersister#store(Properties,Writer,String):void	e89c47723bc7d07ad355	413	835	1259	173
METHOD_ENTRY	org.springframework.util.DefaultPropertiesPersister#loadFromXml(Properties,InputStream):void	06efaea7b60c181097b8	413	833	1257	274
METHOD_EXIT	org.springframework.util.DefaultPropertiesPersister#loadFromXml(Properties,InputStream):void	d800c43476023f89b800	455	844	1310	280
METHOD_EXIT	org.springframework.util.DefaultPropertiesPersister#load(Properties,InputStream):void	a6ffc156f595511c173c	455	838	1304	209
METHOD_ENTRY	org.springframework.util.DefaultPropertiesPersister#storeToXml(Properties,OutputStream,String):void	c4a3dd959add514c54f7	413	844	1268	200
METHOD_EXIT	org.springframework.util.PlaceholderResolutionException#buildMessage(String,List<String>):String	2f3441ec71afbedca7da	455	753	1219	300
METHOD_ENTRY	org.springframework.util.PlaceholderResolutionException#buildMessage(String,List<String>):String	2874fcd18185b4118006	413	676	1100	285
METHOD_EXIT	org.springframework.util.DefaultPropertiesPersister#storeToXml(Properties,OutputStream,String):void	0e2d32e7d0d1934287ed	455	855	1321	247
METHOD_ENTRY	org.springframework.util.PlaceholderResolutionException#withValue(String):PlaceholderResolutionException	f1b6cd0b9a4aa298ae0d	413	628	1052	332
METHOD_EXIT	org.springframework.util.PlaceholderResolutionException#withValue(String):PlaceholderResolutionException	3c508e93e917fc196d30	455	707	1173	276
METHOD_EXIT	org.springframework.util.DefaultPropertiesPersister#store(Properties,Writer,String):void	5a8a335df854abe044b2	455	846	1312	272
METHOD_ENTRY	org.springframework.util.PlaceholderResolutionException#getPlaceholder():String	f839b8ae8c219d53a980	413	589	1013	298
METHOD_EXIT	org.springframework.util.PlaceholderResolutionException#getPlaceholder():String	ca36610fb618863b29c7	455	663	1129	172
METHOD_EXIT	org.springframework.util.DefaultPropertiesPersister#storeToXml(Properties,OutputStream,String,String):void	44e3f911d9ebc037f07f	455	866	1332	262
METHOD_ENTRY	org.springframework.util.DefaultPropertiesPersister#storeToXml(Properties,OutputStream,String,String):void	70e87ae3ce7f22d8e8c3	413	855	1279	289
METHOD_ENTRY	org.springframework.util.PlaceholderResolutionException#getValues():List<String>	0b954d78ee5a37bf7455	413	593	1017	170
METHOD_EXIT	org.springframework.util.PlaceholderResolutionException#getValues():List<String>	a220d3ee6cf475fad2a0	455	668	1134	249
METHOD_ENTRY	org.springframework.util.ResizableByteArrayOutputStream#resize(int):void	b98c1bb75b8f3344cf7c	413	784	1208	197
METHOD_ENTRY	org.springframework.util.LinkedMultiValueMap#deepCopy():LinkedMultiValueMap<K, V>	5651ba1990ba04d566df	413	751	1175	95
METHOD_ENTRY	org.springframework.util.ResizableByteArrayOutputStream#grow(int):void	165405539359c725f200	413	791	1215	251
METHOD_ENTRY	org.springframework.util.ResizableByteArrayOutputStream#capacity():int	ca353e862afdcc9527bf	413	726	1150	69
METHOD_EXIT	org.springframework.util.ResizableByteArrayOutputStream#capacity():int	0b73dc1d7d5b42fae1b5	455	800	1266	264
METHOD_EXIT	org.springframework.util.LinkedMultiValueMap#deepCopy():LinkedMultiValueMap<K, V>	81609f74d3f122c1f0de	455	831	1297	340
METHOD_EXIT	org.springframework.util.ResizableByteArrayOutputStream#resize(int):void	e2498eb9d63e77b2f576	455	795	1261	287
METHOD_EXIT	org.springframework.util.ResizableByteArrayOutputStream#grow(int):void	5929a0f446401fe505cf	455	802	1268	266
METHOD_EXIT	org.springframework.util.LinkedMultiValueMap#clone():LinkedMultiValueMap<K, V>	eee9443dffc11e4a2b79	455	799	1265	227
METHOD_ENTRY	org.springframework.util.LinkedMultiValueMap#clone():LinkedMultiValueMap<K, V>	46fd93eea1fa3741924f	413	719	1143	265
METHOD_EXIT	org.springframework.util.backoff.ExponentialBackOff#getInitialInterval():long	034bf2d64dc3ee788671	455	1631	2097	267
METHOD_ENTRY	org.springframework.util.backoff.ExponentialBackOff#getInitialInterval():long	afa8c5d8064baedecdcb	413	1557	1981	247
METHOD_ENTRY	org.springframework.util.backoff.ExponentialBackOff#setJitter(long):void	983d7b61d3eea40d4271	413	1590	2014	50
METHOD_ENTRY	org.springframework.util.backoff.ExponentialBackOff#setInitialInterval(long):void	c34b54f195c0c32beb63	413	1566	1990	253
METHOD_EXIT	org.springframework.util.backoff.ExponentialBackOff#setJitter(long):void	0770b4226beecd9eb9e7	455	1601	2067	148
METHOD_EXIT	org.springframework.util.backoff.ExponentialBackOff#getJitter():long	d13d02da65edfc09dcd2	455	1631	2097	287
METHOD_EXIT	org.springframework.util.backoff.ExponentialBackOff#checkMultiplier(double):void	0a589fccbc700c36bb9f	455	1614	2080	47
METHOD_ENTRY	org.springframework.util.backoff.ExponentialBackOff#checkMultiplier(double):void	c0885c556f4de9a90992	413	1603	2027	60
METHOD_EXIT	org.springframework.util.backoff.ExponentialBackOff#setInitialInterval(long):void	64b12db5e7fb49fc2931	455	1577	2043	256
METHOD_EXIT	org.springframework.util.backoff.ExponentialBackOff#getMultiplier():double	f6ef48a458bb3be6e099	455	1629	2095	282
METHOD_ENTRY	org.springframework.util.backoff.ExponentialBackOff#getJitter():long	409e254c20b139e0688d	413	1557	1981	204
METHOD_ENTRY	org.springframework.util.backoff.ExponentialBackOff#setMultiplier(double):void	4e873a8e1bd091d23f72	413	1567	1991	68
METHOD_EXIT	org.springframework.util.backoff.ExponentialBackOff#setMultiplier(double):void	79a04175986eb417b441	455	1578	2044	165
METHOD_ENTRY	org.springframework.util.backoff.ExponentialBackOff#setMaxInterval(long):void	8a28ca2484c12399ada3	413	1566	1990	270
METHOD_ENTRY	org.springframework.util.backoff.ExponentialBackOff#getMaxElapsedTime():long	cb6b80895c5d5a860511	413	1560	1984	241
METHOD_EXIT	org.springframework.util.backoff.ExponentialBackOff#setMaxInterval(long):void	9a91e80b5fe168fbac4e	455	1577	2043	249
METHOD_EXIT	org.springframework.util.backoff.ExponentialBackOff#getMaxElapsedTime():long	20d5356b354dfb59001d	455	1634	2100	148
METHOD_ENTRY	org.springframework.util.backoff.ExponentialBackOff#getMaxInterval():long	ea615e2babc58a5405c4	413	1557	1981	225
METHOD_ENTRY	org.springframework.util.backoff.ExponentialBackOff#setMaxAttempts(long):void	f34c6f10773bebd298fb	413	1566	1990	98
METHOD_EXIT	org.springframework.util.backoff.ExponentialBackOff#getMaxInterval():long	c839294d67d81d826956	455	1631	2097	274
METHOD_EXIT	org.springframework.util.backoff.ExponentialBackOff#setMaxElapsedTime(long):void	ca94301562b311983351	455	1583	2049	297
METHOD_ENTRY	org.springframework.util.backoff.ExponentialBackOff#getMultiplier():double	f1b4781e98bbc418e809	413	1555	1979	247
METHOD_EXIT	org.springframework.util.backoff.ExponentialBackOff#start():BackOffExecution	4c57a6a2326bce9b5cfc	455	1639	2105	276
METHOD_ENTRY	org.springframework.util.backoff.ExponentialBackOff#setMaxElapsedTime(long):void	451adbcacc36e74cdc22	413	1572	1996	157
METHOD_EXIT	org.springframework.util.backoff.ExponentialBackOff#setMaxAttempts(long):void	9c2a3743c0f215e75303	455	1577	2043	220
METHOD_ENTRY	org.springframework.util.backoff.ExponentialBackOff#getMaxAttempts():long	a8e2b734f4142acac307	413	1557	1981	172
METHOD_ENTRY	org.springframework.util.backoff.ExponentialBackOff#toString():String	2765925e38d4e32a485b	413	1648	2072	234
METHOD_EXIT	org.springframework.util.backoff.ExponentialBackOff#toString():String	c419b3d50085198d1b80	455	1722	2188	255
METHOD_ENTRY	org.springframework.util.backoff.ExponentialBackOff#start():BackOffExecution	e482ef2dde7d26222599	413	1563	1987	244
METHOD_EXIT	org.springframework.util.backoff.ExponentialBackOff#computeNextInterval():long	2586f98fe6be19afbba6	455	1733	2199	275
METHOD_EXIT	org.springframework.util.backoff.ExponentialBackOff#nextBackOff():long	f40fd2ffa1703e43af61	455	1690	2156	336
METHOD_ENTRY	org.springframework.util.backoff.ExponentialBackOff#nextBackOff():long	39889e0814172aa416ce	413	1616	2040	212
METHOD_ENTRY	org.springframework.util.backoff.ExponentialBackOff#computeNextInterval():long	13660a37822bd45ab86a	413	1659	2083	276
METHOD_EXIT	org.springframework.util.backoff.ExponentialBackOff#getMaxAttempts():long	47054b4e0002f4493fb2	455	1631	2097	219
METHOD_ENTRY	org.springframework.util.backoff.ExponentialBackOff#applyJitter(long):long	31407c10e01035c7fed2	413	1710	2134	268
METHOD_ENTRY	org.springframework.util.backoff.ExponentialBackOff#toString():String	2765925e38d4e32a485b	413	1648	2072	234
METHOD_EXIT	org.springframework.util.backoff.ExponentialBackOff#toString():String	c419b3d50085198d1b80	455	1722	2188	255
METHOD_EXIT	org.springframework.util.backoff.ExponentialBackOffExecution#nextBackOff():long	9efff381cc40fbb3cae7	455	519	985	351
METHOD_ENTRY	org.springframework.util.backoff.ExponentialBackOffExecution#computeNextInterval():long	b8341f5a67547c055100	413	488	912	321
METHOD_EXIT	org.springframework.util.backoff.ExponentialBackOffExecution#computeNextInterval():long	9899f3f1fe548f86d1f2	455	562	1028	274
METHOD_ENTRY	org.springframework.util.backoff.ExponentialBackOffExecution#applyJitter(long):long	2f96458779f332596bfa	413	539	963	256
METHOD_ENTRY	org.springframework.util.backoff.FixedBackOff#setInterval(long):void	f772c66f45b2ffe18921	413	643	1067	94
METHOD_EXIT	org.springframework.util.backoff.ExponentialBackOffExecution#toString():String	cb4cc0e59e80c6759593	455	551	1017	293
METHOD_ENTRY	org.springframework.util.backoff.ExponentialBackOffExecution#toString():String	8bd5fd0e6bc65a5b2ce5	413	477	901	191
METHOD_ENTRY	org.springframework.util.backoff.FixedBackOff#getInterval():long	09a7410441ff1bf4e78a	413	637	1061	95
METHOD_EXIT	org.springframework.util.backoff.FixedBackOff#getInterval():long	b06bb39dd7def9eda45c	455	711	1177	105
METHOD_ENTRY	org.springframework.util.backoff.FixedBackOff#setMaxAttempts(long):void	1d1b061195d31072d6bd	413	649	1073	217
METHOD_EXIT	org.springframework.util.backoff.FixedBackOff#setMaxAttempts(long):void	0bbefb30912bba8f14e6	455	660	1126	156
METHOD_EXIT	org.springframework.util.backoff.FixedBackOff#setInterval(long):void	92eda6a4ab48b7da41ca	455	654	1120	233
METHOD_ENTRY	org.springframework.util.backoff.ExponentialBackOffExecution#nextBackOff():long	e5b75d53b450d54311da	413	445	869	225
METHOD_ENTRY	org.springframework.util.backoff.FixedBackOff#getMaxAttempts():long	1f9f85b9e9fbdfcb2825	413	640	1064	236
METHOD_EXIT	org.springframework.util.backoff.FixedBackOff#getMaxAttempts():long	21f0ba2530fd3c6807c4	455	714	1180	248
METHOD_EXIT	org.springframework.util.backoff.ExponentialBackOff#applyJitter(long):long	62d039bec5884eaf5acd	455	1787	2253	282
METHOD_EXIT	org.springframework.util.backoff.FixedBackOff#start():BackOffExecution	af61e7560ec33780286d	455	721	1187	252
METHOD_ENTRY	org.springframework.util.backoff.FixedBackOff#start():BackOffExecution	d321378f44fbf896f6c0	413	645	1069	215
METHOD_ENTRY	org.springframework.util.backoff.FixedBackOff#nextBackOff():long	c25f532ef5cbf864bf4f	413	674	1098	248
METHOD_EXIT	org.springframework.util.backoff.ExponentialBackOffExecution#applyJitter(long):long	495f7218419e0f0f0bad	455	616	1082	373
METHOD_EXIT	org.springframework.util.backoff.FixedBackOff#nextBackOff():long	4effcc6448f446123463	455	748	1214	300
METHOD_ENTRY	org.springframework.util.backoff.FixedBackOffExecution#nextBackOff():long	24580a7f747717a88271	413	419	843	311
METHOD_ENTRY	org.springframework.util.backoff.FixedBackOff#toString():String	1e454482e0b3f651f928	413	691	1115	259
METHOD_EXIT	org.springframework.util.backoff.FixedBackOffExecution#nextBackOff():long	1d702e9268df6a663ca0	455	493	959	285
METHOD_EXIT	org.springframework.util.backoff.FixedBackOff#toString():String	bedcb8c6812375602c06	455	765	1231	258
METHOD_EXIT	org.springframework.util.backoff.FixedBackOff#toString():String	bedcb8c6812375602c06	455	765	1231	258
METHOD_ENTRY	org.springframework.util.backoff.FixedBackOffExecution#toString():String	3c1254ba846de743e315	413	436	860	124
METHOD_ENTRY	org.springframework.util.backoff.FixedBackOff#toString():String	1e454482e0b3f651f928	413	691	1115	259
METHOD_EXIT	org.springframework.util.backoff.FixedBackOffExecution#toString():String	c3480c7da1fb395eb6df	455	510	976	240
METHOD_ENTRY	org.springframework.util.JdkIdGenerator#generateId():UUID	a799670d907975829b1f	413	442	866	57
METHOD_ENTRY	org.springframework.util.xml.StaxSource#getXMLEventReader():XMLEventReader	3ce89bd2cada3ced384a	413	923	1347	60
METHOD_EXIT	org.springframework.util.xml.StaxSource#getXMLEventReader():XMLEventReader	30fbb6e6d8ddf58caeac	455	1000	1466	380
METHOD_EXIT	org.springframework.util.JdkIdGenerator#generateId():UUID	31aa6a6b65f1a34bbe70	455	516	982	228
METHOD_ENTRY	org.springframework.util.xml.StaxSource#setXMLReader(XMLReader):void	421fd7832d78cb451e45	413	930	1354	118
METHOD_EXIT	org.springframework.util.xml.StaxSource#getXMLStreamReader():XMLStreamReader	320cc6d8c67e7d6ae245	455	995	1461	333
METHOD_EXIT	org.springframework.util.xml.StaxSource#setXMLReader(XMLReader):void	d3a95d9d2e9703367ec2	455	941	1407	56
METHOD_EXIT	org.springframework.util.xml.StaxSource#setInputSource(InputSource):void	5b29478add5b7d4303ce	455	943	1409	128
METHOD_ENTRY	org.springframework.util.xml.StaxSource#getXMLStreamReader():XMLStreamReader	9f84dccb53b5dccb2a21	413	919	1343	56
METHOD_ENTRY	org.springframework.util.xml.StaxSource#setInputSource(InputSource):void	85072695c04b2cc9b996	413	932	1356	186
METHOD_ENTRY	org.springframework.util.xml.StaxResult#getXMLEventWriter():XMLEventWriter	4f3608376e6b6eb37f46	413	910	1334	185
METHOD_ENTRY	org.springframework.util.xml.StaxResult#getXMLStreamWriter():XMLStreamWriter	b6e2098f0ff7f6bf677c	413	906	1330	227
METHOD_EXIT	org.springframework.util.xml.StaxResult#getXMLEventWriter():XMLEventWriter	9d841f9cd34aae14d280	455	987	1453	185
METHOD_ENTRY	org.springframework.util.xml.StaxResult#setLexicalHandler(LexicalHandler):void	824f9f123ea9a2d0c929	413	924	1348	118
METHOD_EXIT	org.springframework.util.xml.AbstractXMLEventReader#next():Object	beb573ebe578d835ab81	455	641	1107	278
METHOD_EXIT	org.springframework.util.xml.StaxResult#getXMLStreamWriter():XMLStreamWriter	8aba2d1bee3593bab3d4	455	982	1448	198
METHOD_EXIT	org.springframework.util.xml.StaxResult#setLexicalHandler(LexicalHandler):void	ca047775c6ef428283ce	455	935	1401	114
METHOD_ENTRY	org.springframework.util.xml.AbstractXMLEventReader#next():Object	b1f336f6e5baea6c65cb	413	567	991	98
METHOD_EXIT	org.springframework.util.xml.AbstractXMLEventReader#remove():void	0b2537aeda334bda1e28	455	568	1034	148
METHOD_ENTRY	org.springframework.util.xml.AbstractXMLEventReader#getProperty(String):Object	3526068166628d728d66	413	559	983	208
METHOD_EXIT	org.springframework.util.xml.AbstractXMLEventReader#getProperty(String):Object	4059143238f509a4f1e1	455	636	1102	60
METHOD_EXIT	org.springframework.util.xml.StaxResult#setHandler(ContentHandler):void	bed1504a6301ad823265	455	924	1390	138
METHOD_ENTRY	org.springframework.util.xml.StaxResult#setHandler(ContentHandler):void	3172dd6df2bdbed1c24a	413	913	1337	69
METHOD_ENTRY	org.springframework.util.xml.AbstractXMLEventReader#checkIfClosed():void	40e39135fead605c3517	413	564	988	86
METHOD_ENTRY	org.springframework.util.xml.AbstractXMLEventReader#remove():void	2e0e1fd918c82debff6f	413	557	981	228
METHOD_EXIT	org.springframework.util.xml.AbstractXMLEventReader#checkIfClosed():void	950159b302b4d100c055	455	575	1041	63
METHOD_EXIT	org.springframework.util.xml.AbstractXMLEventReader#close():void	9a448f8d40f70f00c52b	455	550	1016	238
METHOD_ENTRY	org.springframework.util.xml.AbstractXMLEventReader#close():void	5f21654d663ed92af077	413	539	963	115
METHOD_EXIT	org.springframework.util.xml.StaxEventHandler#startDocumentInternal():void	d83a677309967cd4aef2	455	667	1133	85
METHOD_EXIT	org.springframework.util.xml.StaxEventHandler#endDocumentInternal():void	b55be4622f067aa96fc5	455	667	1133	207
METHOD_ENTRY	org.springframework.util.xml.StaxEventHandler#startDocumentInternal():void	aa45d1be566c88175ebd	413	656	1080	73
METHOD_EXIT	org.springframework.util.xml.StaxEventHandler#getNamespaces(Map<String, String>):List<Namespace>	0c6c35ffc41d5cf47faa	455	781	1247	295
METHOD_EXIT	org.springframework.util.xml.StaxEventHandler#setDocumentLocator(Locator):void	d25b065645db8ad2e052	455	681	1147	322
METHOD_ENTRY	org.springframework.util.xml.StaxEventHandler#getNamespaces(Map<String, String>):List<Namespace>	99f9490c05ba4eb239ca	413	702	1126	241
METHOD_ENTRY	org.springframework.util.xml.StaxEventHandler#endDocumentInternal():void	8f04a5c5ca2b5249f5ca	413	656	1080	108
METHOD_ENTRY	org.springframework.util.xml.StaxEventHandler#setDocumentLocator(Locator):void	f5733e20850e5499a0dc	413	670	1094	334
METHOD_ENTRY	org.springframework.util.xml.StaxEventHandler#startElementInternal(QName,Attributes,Map<String, String>):void	6327e104cfe955d9490e	413	731	1155	283
METHOD_EXIT	org.springframework.util.xml.StaxEventHandler#startElementInternal(QName,Attributes,Map<String, String>):void	743b5ad0701c12318e2a	455	742	1208	249
METHOD_EXIT	org.springframework.util.xml.StaxEventHandler#getAttributes(Attributes):List<Attribute>	e747aa4ede77cb15f16f	455	821	1287	280
METHOD_EXIT	org.springframework.util.xml.StaxEventHandler#endElementInternal(QName,Map<String, String>):void	91dde1e517d66ac880ca	455	712	1178	297
METHOD_ENTRY	org.springframework.util.xml.StaxEventHandler#getAttributes(Attributes):List<Attribute>	91b33922b0de14770233	413	742	1166	193
METHOD_ENTRY	org.springframework.util.xml.StaxEventHandler#endElementInternal(QName,Map<String, String>):void	2317bd207f62c01cf8be	413	701	1125	303
METHOD_ENTRY	org.springframework.util.xml.StaxEventHandler#ignorableWhitespaceInternal(String):void	512aa69ed0e5b0ab7089	413	665	1089	166
METHOD_ENTRY	org.springframework.util.xml.StaxEventHandler#cDataInternal(String):void	88bb344b5e4c7c778e42	413	662	1086	196
METHOD_EXIT	org.springframework.util.xml.StaxEventHandler#charactersInternal(String):void	6e85cbbdecff3f25765b	455	670	1136	289
METHOD_EXIT	org.springframework.util.xml.StaxEventHandler#cDataInternal(String):void	0767b04705cf48d06b80	455	673	1139	265
METHOD_EXIT	org.springframework.util.xml.StaxEventHandler#ignorableWhitespaceInternal(String):void	fa6578eae934a4e192a3	455	676	1142	232
METHOD_ENTRY	org.springframework.util.xml.StaxEventHandler#dtdInternal(String):void	8db147f5955e9bf1bb1b	413	664	1088	287
METHOD_ENTRY	org.springframework.util.xml.StaxEventHandler#charactersInternal(String):void	9f8ebaf0fabbd4bf0c56	413	659	1083	191
METHOD_ENTRY	org.springframework.util.xml.StaxEventHandler#commentInternal(String):void	a833f8b18aa88df2d262	413	659	1083	255
METHOD_ENTRY	org.springframework.util.xml.StaxEventHandler#processingInstructionInternal(String,String):void	9f87b1658633285a4872	413	673	1097	227
METHOD_EXIT	org.springframework.util.xml.StaxEventHandler#processingInstructionInternal(String,String):void	c83521eff1ee4e26c164	455	684	1150	309
METHOD_ENTRY	org.springframework.util.xml.StaxEventHandler#skippedEntityInternal(String):void	b16dbcd87835a98cf12c	413	646	1070	102
METHOD_EXIT	org.springframework.util.xml.StaxEventHandler#skippedEntityInternal(String):void	92cd5d17f1757e67b925	455	657	1123	123
METHOD_EXIT	org.springframework.util.xml.StaxEventHandler#dtdInternal(String):void	9c8b133fa0a5a34a9f76	455	675	1141	181
METHOD_EXIT	org.springframework.util.xml.StaxEventHandler#commentInternal(String):void	d097f077f1f42daf2698	455	670	1136	277
METHOD_ENTRY	org.springframework.util.xml.StaxEventHandler#getCharacterOffset():int	2953873ae6b026635320	413	646	1070	53
METHOD_EXIT	org.springframework.util.xml.StaxEventHandler#getCharacterOffset():int	ceaeacf2d1b5d6ebe73e	455	720	1186	41
METHOD_ENTRY	org.springframework.util.xml.StaxEventHandler#getLineNumber():int	bb511565f4caab24afe4	413	650	1074	133
METHOD_EXIT	org.springframework.util.xml.StaxEventHandler#getLineNumber():int	71f41e9aab44b0e855c6	455	724	1190	150
METHOD_ENTRY	org.springframework.util.xml.StaxEventHandler#getColumnNumber():int	d73afdaa4216f1a3d27a	413	650	1074	116
METHOD_ENTRY	org.springframework.util.xml.StaxEventHandler#getSystemId():String	ddf37956f74b85dfd40d	413	650	1074	271
METHOD_ENTRY	org.springframework.util.xml.StaxEventHandler#getPublicId():String	dced0ace52304e334f8c	413	650	1074	95
METHOD_EXIT	org.springframework.util.xml.StaxEventHandler#getSystemId():String	06134550dab2787b3e04	455	724	1190	287
METHOD_ENTRY	org.springframework.util.xml.LocatorLocationAdapter#getLineNumber():int	339095ba49c274d5f539	413	391	815	130
METHOD_EXIT	org.springframework.util.xml.LocatorLocationAdapter#getColumnNumber():int	a0a8d466013c253c13e1	455	465	931	93
METHOD_EXIT	org.springframework.util.xml.StaxEventHandler#getPublicId():String	720ec80318495b576162	455	724	1190	236
METHOD_EXIT	org.springframework.util.xml.StaxEventHandler#getColumnNumber():int	0d67c5dcb9dda7db8c6a	455	724	1190	196
METHOD_EXIT	org.springframework.util.xml.LocatorLocationAdapter#getCharacterOffset():int	7e33ed0dec0eab001654	455	461	927	89
METHOD_ENTRY	org.springframework.util.xml.LocatorLocationAdapter#getColumnNumber():int	5f50e3bac0b27062186e	413	391	815	113
METHOD_EXIT	org.springframework.util.xml.LocatorLocationAdapter#getPublicId():String	aae15a3b5cd270391196	455	465	931	50
METHOD_ENTRY	org.springframework.util.xml.LocatorLocationAdapter#getCharacterOffset():int	a673f5fed0af75d568c5	413	387	811	40
METHOD_EXIT	org.springframework.util.xml.LocatorLocationAdapter#getLineNumber():int	3bf619a08d6e07a4cf7b	455	465	931	114
METHOD_EXIT	org.springframework.util.xml.LocatorLocationAdapter#getSystemId():String	fe18b07e9eba8bda027c	455	465	931	185
METHOD_ENTRY	org.springframework.util.xml.LocatorLocationAdapter#getSystemId():String	c6f8d29fcd66970bee21	413	391	815	272
METHOD_ENTRY	org.springframework.util.xml.LocatorLocationAdapter#getPublicId():String	5cc4b3c1464fcbf7a1e7	413	391	815	194
METHOD_ENTRY	org.springframework.util.xml.SimpleSaxErrorHandler#warning(SAXParseException):void	dc19648a7a8ba5731018	413	508	932	256
METHOD_EXIT	org.springframework.util.xml.SimpleSaxErrorHandler#fatalError(SAXParseException):void	e24b6ebf140bf33a0b4a	455	514	980	279
METHOD_ENTRY	org.springframework.util.xml.SimpleSaxErrorHandler#fatalError(SAXParseException):void	e840ccd6be1f1d7ca4ab	413	503	927	295
METHOD_ENTRY	org.springframework.util.xml.TransformerUtils#enableIndenting(Transformer):void	4c758d9825c8f2578797	413	727	1151	188
METHOD_EXIT	org.springframework.util.xml.SimpleSaxErrorHandler#warning(SAXParseException):void	c1f7243c9d28daa90b9e	455	519	985	311
METHOD_EXIT	org.springframework.util.xml.SimpleSaxErrorHandler#error(SAXParseException):void	1fcf98ce5b51cca3917f	455	511	977	312
METHOD_ENTRY	org.springframework.util.xml.TransformerUtils#enableIndenting(Transformer,int):void	85b114819e8a1d4ec679	413	855	1279	96
METHOD_EXIT	org.springframework.util.xml.TransformerUtils#enableIndenting(Transformer,int):void	998f3b672cb612682875	455	866	1332	275
METHOD_EXIT	org.springframework.util.xml.TransformerUtils#disableIndenting(Transformer):void	1dad6b24d9fd1baafa64	455	755	1221	115
METHOD_EXIT	org.springframework.util.xml.TransformerUtils#enableIndenting(Transformer):void	1cd9667f4801c57065bb	455	738	1204	346
METHOD_ENTRY	org.springframework.util.xml.SimpleSaxErrorHandler#error(SAXParseException):void	951845b57aabfd424959	413	500	924	210
METHOD_EXIT	org.springframework.util.xml.XmlValidationModeDetector#detectValidationMode(InputStream):int	5561ecdfd32b3c975812	455	1180	1646	341
METHOD_EXIT	org.springframework.util.xml.XmlValidationModeDetector#hasDoctype(String):boolean	f40689e28a753b77572d	455	984	1450	181
METHOD_ENTRY	org.springframework.util.xml.XmlValidationModeDetector#hasDoctype(String):boolean	756465ea43709c076520	413	907	1331	255
METHOD_ENTRY	org.springframework.util.xml.XmlValidationModeDetector#hasOpeningTag(String):boolean	9d20d8e6630a90d06d9a	413	963	1387	301
METHOD_ENTRY	org.springframework.util.xml.TransformerUtils#disableIndenting(Transformer):void	25708b7c9a910d64c033	413	744	1168	264
METHOD_ENTRY	org.springframework.util.xml.XmlValidationModeDetector#detectValidationMode(InputStream):int	52602511fb291443980e	413	1103	1527	244
METHOD_ENTRY	org.springframework.util.xml.XmlValidationModeDetector#startComment(String):int	4cbc437e0710bb9be24c	413	908	1332	264
METHOD_ENTRY	org.springframework.util.xml.XmlValidationModeDetector#consume(String):String	57b1eb23d4b6e555cdc6	413	929	1353	279
METHOD_EXIT	org.springframework.util.xml.XmlValidationModeDetector#hasOpeningTag(String):boolean	dfb75b3c34fcacda34ca	455	1040	1506	353
METHOD_EXIT	org.springframework.util.xml.XmlValidationModeDetector#consumeCommentTokens(String):String	141595e6677cb1ab4e54	455	1139	1605	276
METHOD_EXIT	org.springframework.util.xml.XmlValidationModeDetector#consume(String):String	1698ef0f31ea980ec3f3	455	1006	1472	333
METHOD_ENTRY	org.springframework.util.xml.XmlValidationModeDetector#commentToken(String,String,boolean):int	54a1e9a50e5966824d77	413	969	1393	309
METHOD_EXIT	org.springframework.util.xml.XmlValidationModeDetector#endComment(String):int	ed5b480db92ac1f50b6e	455	985	1451	287
METHOD_ENTRY	org.springframework.util.xml.XmlValidationModeDetector#endComment(String):int	c20af66dc1159f9bbe81	413	908	1332	294
METHOD_ENTRY	org.springframework.util.xml.XmlValidationModeDetector#consumeCommentTokens(String):String	a26fa241a297e8c1c650	413	1062	1486	275
METHOD_EXIT	org.springframework.util.xml.XmlValidationModeDetector#startComment(String):int	7859738063639a090df5	455	985	1451	328
METHOD_EXIT	org.springframework.util.xml.XmlValidationModeDetector#commentToken(String,String,boolean):int	6bd16f931f5943c06430	455	1046	1512	324
METHOD_ENTRY	org.springframework.util.xml.XMLEventStreamReader#getLocation():Location	f1e5a6c99982bc1cd939	413	777	1201	83
METHOD_EXIT	org.springframework.util.xml.XMLEventStreamReader#getName():QName	d9b1df2a7bf15bd3a2b8	455	906	1372	227
METHOD_EXIT	org.springframework.util.xml.XMLEventStreamReader#getLocation():Location	dc023c51b773e8062b9b	455	851	1317	279
METHOD_ENTRY	org.springframework.util.xml.XMLEventStreamReader#getName():QName	a4b274483d47b82959a4	413	832	1256	314
METHOD_ENTRY	org.springframework.util.xml.XMLEventStreamReader#getProperty(String):Object	59a401c9067b04297c80	413	788	1212	242
METHOD_ENTRY	org.springframework.util.xml.XMLEventStreamReader#getEventType():int	b9bdc831a60af7e2c571	413	780	1204	208
METHOD_EXIT	org.springframework.util.xml.XMLEventStreamReader#getProperty(String):Object	64fbe40003943cdde4b9	455	865	1331	335
METHOD_ENTRY	org.springframework.util.xml.XMLEventStreamReader#getVersion():String	aa84f41d3535040c6c74	413	807	1231	268
METHOD_EXIT	org.springframework.util.xml.XMLEventStreamReader#getVersion():String	da474efe214d9840268e	455	881	1347	318
METHOD_ENTRY	org.springframework.util.xml.XMLEventStreamReader#isStandalone():boolean	2480d718abb91f2ce5f9	413	809	1233	210
METHOD_ENTRY	org.springframework.util.xml.XMLEventStreamReader#standaloneSet():boolean	2ee9d671803548be4c01	413	811	1235	141
METHOD_ENTRY	org.springframework.util.xml.XMLEventStreamReader#getEncoding():String	742032e40384a688b3bf	413	776	1200	93
METHOD_EXIT	org.springframework.util.xml.XMLEventStreamReader#getEventType():int	c99aa6eafbecaa1cfcd7	455	854	1320	227
METHOD_ENTRY	org.springframework.util.xml.XMLEventStreamReader#getCharacterEncodingScheme():String	cb7ad1345cedc97416d9	413	780	1204	76
METHOD_EXIT	org.springframework.util.xml.XMLEventStreamReader#isStandalone():boolean	ffe4ce0e6875e57655e1	455	883	1349	104
METHOD_EXIT	org.springframework.util.xml.XMLEventStreamReader#getPITarget():String	fdeb18a248fd31116c96	455	886	1352	262
METHOD_EXIT	org.springframework.util.xml.XMLEventStreamReader#standaloneSet():boolean	de837e73d8ebbc6fb67b	455	885	1351	201
METHOD_ENTRY	org.springframework.util.xml.XMLEventStreamReader#getPITarget():String	10388d74b0fb03ff9e30	413	812	1236	180
METHOD_EXIT	org.springframework.util.xml.XMLEventStreamReader#getEncoding():String	7b999db32267b657abd8	455	850	1316	37
METHOD_EXIT	org.springframework.util.xml.XMLEventStreamReader#getPIData():String	544cf044919a59342ab2	455	884	1350	291
METHOD_EXIT	org.springframework.util.xml.XMLEventStreamReader#getTextStart():int	6bb26770e355dbb838b5	455	851	1317	49
METHOD_EXIT	org.springframework.util.xml.XMLEventStreamReader#getCharacterEncodingScheme():String	0cdbbfcd9e35cf6e86d5	455	854	1320	34
METHOD_EXIT	org.springframework.util.xml.XMLEventStreamReader#getText():String	ce2b00d0c91e69dbfa9d	455	911	1377	303
METHOD_ENTRY	org.springframework.util.xml.XMLEventStreamReader#getTextStart():int	da75d0d773aa58db75f3	413	777	1201	35
METHOD_ENTRY	org.springframework.util.xml.XMLEventStreamReader#isAttributeSpecified(int):boolean	4ff2a768d44d5cc79bfc	413	787	1211	165
METHOD_EXIT	org.springframework.util.xml.XMLEventStreamReader#getAttributeCount():int	c45effd7ae583d87fad0	455	891	1357	284
METHOD_ENTRY	org.springframework.util.xml.XMLEventStreamReader#getAttributeName(int):QName	c357d504c7459c7b35b3	413	786	1210	209
METHOD_EXIT	org.springframework.util.xml.XMLEventStreamReader#isAttributeSpecified(int):boolean	17b96e90a216ef573b02	455	864	1330	196
METHOD_ENTRY	org.springframework.util.xml.XMLEventStreamReader#getAttributeCount():int	596f913b0b94c388ab2f	413	817	1241	234
METHOD_ENTRY	org.springframework.util.xml.XMLEventStreamReader#getText():String	e19e78032256a5f7c6b1	413	837	1261	294
METHOD_ENTRY	org.springframework.util.xml.XMLEventStreamReader#getPIData():String	c7cae033297fdd044039	413	810	1234	238
METHOD_ENTRY	org.springframework.util.xml.XMLEventStreamReader#getAttributeType(int):String	fefaad3a60907270a572	413	787	1211	253
METHOD_ENTRY	org.springframework.util.xml.XMLEventStreamReader#getAttributeValue(int):String	8b9db7fc5e4a5cb0b71e	413	786	1210	232
METHOD_EXIT	org.springframework.util.xml.XMLEventStreamReader#getAttributeType(int):String	c0636bcc129ff86d2693	455	864	1330	348
METHOD_EXIT	org.springframework.util.xml.XMLEventStreamReader#getAttributeName(int):QName	002fabe07e47a9591638	455	863	1329	246
METHOD_EXIT	org.springframework.util.xml.XMLEventStreamReader#getNamespaceContext():NamespaceContext	4c44ed84996549e78d32	455	887	1353	201
METHOD_ENTRY	org.springframework.util.xml.XMLEventStreamReader#getNamespaceCount():int	b280a8ac576b438bd287	413	855	1279	78
METHOD_EXIT	org.springframework.util.xml.XMLEventStreamReader#getAttributeValue(int):String	c0743705d1cee419bcd5	455	863	1329	197
METHOD_ENTRY	org.springframework.util.xml.XMLEventStreamReader#getAttribute(int):Attribute	eef0d837046d1957b98a	413	871	1295	312
METHOD_EXIT	org.springframework.util.xml.XMLEventStreamReader#getNamespaceCount():int	11077f70b4dbff979b88	455	929	1395	179
METHOD_EXIT	org.springframework.util.xml.XMLEventStreamReader#getAttribute(int):Attribute	5734ec7360185e1d3698	455	948	1414	254
METHOD_EXIT	org.springframework.util.xml.XMLEventStreamReader#getNamespacePrefix(int):String	02a11f626ce9b51c30c2	455	863	1329	258
METHOD_ENTRY	org.springframework.util.xml.XMLEventStreamReader#getNamespaceURI(int):String	a99a5a6962d8124a9ff0	413	787	1211	208
METHOD_ENTRY	org.springframework.util.xml.XMLEventStreamReader#getNamespacePrefix(int):String	6f3a1662753954d631bd	413	786	1210	196
METHOD_EXIT	org.springframework.util.xml.XMLEventStreamReader#getNamespace(int):Namespace	350b097d956f46b21f6a	455	986	1452	325
METHOD_EXIT	org.springframework.util.xml.XMLEventStreamReader#next():int	4de359fe573c01e3c080	455	865	1331	265
METHOD_ENTRY	org.springframework.util.xml.XMLEventStreamReader#close():void	b5dc17bccee2326e1990	413	779	1203	204
METHOD_ENTRY	org.springframework.util.xml.XMLEventStreamReader#getNamespaceContext():NamespaceContext	e1daf7cc92fa630722b1	413	812	1236	179
METHOD_ENTRY	org.springframework.util.xml.XMLEventStreamReader#next():int	351a455ffe6e9ad6ae45	413	791	1215	276
METHOD_ENTRY	org.springframework.util.xml.XMLEventStreamReader#getNamespace(int):Namespace	23286be99b52618abb4b	413	909	1333	272
METHOD_ENTRY	org.springframework.util.xml.XMLEventStreamReader#countIterator(Iterator):int	bf2a018ed73c5d8c58eb	413	812	1236	287
METHOD_EXIT	org.springframework.util.xml.XMLEventStreamReader#countIterator(Iterator):int	7d42fc1d3661fd525b73	455	889	1355	244
METHOD_EXIT	org.springframework.util.xml.XMLEventStreamReader#getNamespaceURI(int):String	93f5177a082bfbe4842f	455	864	1330	271
METHOD_ENTRY	org.springframework.util.xml.XMLEventStreamWriter#setNamespaceContext(NamespaceContext):void	3cd86fdc69ba24d36490	413	941	1365	310
METHOD_EXIT	org.springframework.util.xml.XMLEventStreamReader#close():void	2f646a45c348b8ea7bd5	455	790	1256	183
METHOD_EXIT	org.springframework.util.xml.XMLEventStreamWriter#getNamespaceContext():NamespaceContext	04954d6feb13dc99935e	455	1004	1470	321
METHOD_ENTRY	org.springframework.util.xml.XMLEventStreamWriter#setPrefix(String,String):void	50ea94b6317ebccde4fb	413	944	1368	310
METHOD_EXIT	org.springframework.util.xml.XMLEventStreamWriter#setPrefix(String,String):void	099c2222eaa41dd6ce3b	455	955	1421	313
METHOD_ENTRY	org.springframework.util.xml.XMLEventStreamWriter#getNamespaceContext():NamespaceContext	fd0d9f8126008678b463	413	929	1353	271
METHOD_EXIT	org.springframework.util.xml.XMLEventStreamWriter#getPrefix(String):String	35b6144dade62bfc9270	455	1011	1477	303
METHOD_ENTRY	org.springframework.util.xml.XMLEventStreamWriter#getPrefix(String):String	cb29a001bfd03d8097d2	413	934	1358	195
METHOD_EXIT	org.springframework.util.xml.XMLEventStreamWriter#getProperty(String):Object	77e61c05c9d3ce37b67a	455	1009	1475	60
METHOD_ENTRY	org.springframework.util.xml.XMLEventStreamWriter#getProperty(String):Object	1eb7d4de4b5e947fcd5b	413	932	1356	206
METHOD_EXIT	org.springframework.util.xml.XMLEventStreamWriter#writeStartDocument():void	f071f2256e2371cb7535	455	953	1419	301
METHOD_EXIT	org.springframework.util.xml.XMLEventStreamWriter#setNamespaceContext(NamespaceContext):void	c78e77159086483212e3	455	952	1418	190
METHOD_ENTRY	org.springframework.util.xml.XMLEventStreamWriter#setDefaultNamespace(String):void	4d6b456db6e6dbba6ffc	413	936	1360	275
METHOD_EXIT	org.springframework.util.xml.XMLEventStreamWriter#writeStartDocument(String):void	af32396ab314bb123ce8	455	962	1428	300
METHOD_ENTRY	org.springframework.util.xml.XMLEventStreamWriter#writeStartDocument(String):void	8e82ebaf87269148120d	413	951	1375	250
METHOD_ENTRY	org.springframework.util.xml.XMLEventStreamWriter#writeStartDocument(String,String):void	8ecda903dae0753bec40	413	960	1384	296
METHOD_EXIT	org.springframework.util.xml.XMLEventStreamWriter#writeStartDocument(String,String):void	98b93c1d6b3e4513e34e	455	971	1437	323
METHOD_EXIT	org.springframework.util.xml.XMLEventStreamWriter#setDefaultNamespace(String):void	46ec803612e68529d7f4	455	947	1413	275
METHOD_ENTRY	org.springframework.util.xml.XMLEventStreamWriter#writeStartElement(String,String):void	df1978464cdee41f3da2	413	971	1395	184
METHOD_ENTRY	org.springframework.util.xml.XMLEventStreamWriter#writeStartDocument():void	552425d6ad311f822962	413	942	1366	175
METHOD_EXIT	org.springframework.util.xml.XMLEventStreamWriter#writeStartElement(String,String,String):void	4b8ef3163b445a5ea589	455	993	1459	283
METHOD_ENTRY	org.springframework.util.xml.XMLEventStreamWriter#writeStartElement(String,String,String):void	fb75adc3164bdc5e9faf	413	982	1406	331
METHOD_ENTRY	org.springframework.util.xml.XMLEventStreamWriter#doWriteStartElement(StartElement):void	d6f4ab900c0e1f307f9a	413	961	1385	254
METHOD_EXIT	org.springframework.util.xml.XMLEventStreamWriter#doWriteStartElement(StartElement):void	e5fd59c2703dda638044	455	972	1438	288
METHOD_EXIT	org.springframework.util.xml.XMLEventStreamWriter#writeStartElement(String,String):void	caf0fa2f2f93b3ac5fc5	455	982	1448	336
METHOD_EXIT	org.springframework.util.xml.XMLEventStreamWriter#writeStartElement(String):void	8f919ee64809e66e0dc3	455	968	1434	254
METHOD_EXIT	org.springframework.util.xml.XMLEventStreamWriter#writeEmptyElement(String):void	363cf0ae8bfd9d04b2be	455	962	1428	300
METHOD_ENTRY	org.springframework.util.xml.XMLEventStreamWriter#writeEmptyElement(String,String):void	cb977e2e79feb01c0153	413	965	1389	206
METHOD_ENTRY	org.springframework.util.xml.XMLEventStreamWriter#writeEmptyElement(String,String,String):void	1d4b51341caa90688333	413	976	1400	338
METHOD_ENTRY	org.springframework.util.xml.XMLEventStreamWriter#writeEmptyElement(String):void	8dd6457763b7bebd6bfa	413	951	1375	270
METHOD_ENTRY	org.springframework.util.xml.XMLEventStreamWriter#writeStartElement(String):void	c62a8b09c18c3bae6a80	413	957	1381	278
METHOD_ENTRY	org.springframework.util.xml.XMLEventStreamWriter#closeEmptyElementIfNecessary():void	f285b58d4d363949ab59	413	948	1372	274
METHOD_EXIT	org.springframework.util.xml.XMLEventStreamWriter#closeEmptyElementIfNecessary():void	72241b4f0cb0434c0101	455	959	1425	193
METHOD_ENTRY	org.springframework.util.xml.XMLEventStreamWriter#writeEndElement():void	fb1dfa6c54c5f5bf3491	413	965	1389	150
METHOD_ENTRY	org.springframework.util.xml.XMLEventStreamWriter#writeAttribute(String,String):void	bbe0d3160b568638d8fc	413	952	1376	240
METHOD_EXIT	org.springframework.util.xml.XMLEventStreamWriter#writeEmptyElement(String,String):void	2e580160e39d3359fc5b	455	976	1442	268
METHOD_EXIT	org.springframework.util.xml.XMLEventStreamWriter#writeEndElement():void	13fa3c31ad07a5e7b637	455	976	1442	226
METHOD_EXIT	org.springframework.util.xml.XMLEventStreamWriter#writeEmptyElement(String,String,String):void	ef749b74478d80084ea5	455	987	1453	366
METHOD_ENTRY	org.springframework.util.xml.XMLEventStreamWriter#writeAttribute(String,String,String,String):void	9e8151bd9509a1911599	413	978	1402	302
METHOD_EXIT	org.springframework.util.xml.XMLEventStreamWriter#writeNamespace(String,String):void	a6efa4ac99e35fb0216d	455	962	1428	277
METHOD_EXIT	org.springframework.util.xml.XMLEventStreamWriter#writeAttribute(String,String,String):void	b3914493060d058afa7b	455	979	1445	281
METHOD_ENTRY	org.springframework.util.xml.XMLEventStreamWriter#writeAttribute(String,String,String):void	c993a6358caafc99091c	413	968	1392	223
METHOD_ENTRY	org.springframework.util.xml.XMLEventStreamWriter#writeDefaultNamespace(String):void	6977d8f2489629d7e441	413	942	1366	269
METHOD_EXIT	org.springframework.util.xml.XMLEventStreamWriter#writeAttribute(String,String):void	0cd4ad84e786fe21ccf8	455	963	1429	283
METHOD_ENTRY	org.springframework.util.xml.XMLEventStreamWriter#doWriteNamespace(Namespace):void	e5485899ae7ee9e9e783	413	1060	1484	252
METHOD_ENTRY	org.springframework.util.xml.XMLEventStreamWriter#writeNamespace(String,String):void	1444d190765ddeaf8e8a	413	951	1375	219
METHOD_EXIT	org.springframework.util.xml.XMLEventStreamWriter#doWriteNamespace(Namespace):void	7dc7073454e9a97c12ae	455	1071	1537	302
METHOD_EXIT	org.springframework.util.xml.XMLEventStreamWriter#writeCharacters(char[],int,int):void	a281215af01a3fd2f8ba	455	982	1448	279
METHOD_EXIT	org.springframework.util.xml.XMLEventStreamWriter#writeAttribute(String,String,String,String):void	aa86f33fe05f5ad78e96	455	989	1455	294
METHOD_EXIT	org.springframework.util.xml.XMLEventStreamWriter#writeCData(String):void	6f512ab029ada2428540	455	959	1425	227
METHOD_ENTRY	org.springframework.util.xml.XMLEventStreamWriter#writeCData(String):void	a66260562ca11d19e0e7	413	948	1372	227
METHOD_ENTRY	org.springframework.util.xml.XMLEventStreamWriter#writeComment(String):void	8e0fa56a8cbc95260c7b	413	945	1369	271
METHOD_ENTRY	org.springframework.util.xml.XMLEventStreamWriter#writeCharacters(char[],int,int):void	72d94809aab4272cfcca	413	971	1395	160
METHOD_EXIT	org.springframework.util.xml.XMLEventStreamWriter#writeDefaultNamespace(String):void	9a7b185ab2ada87d4c68	455	953	1419	273
METHOD_ENTRY	org.springframework.util.xml.XMLEventStreamWriter#writeCharacters(String):void	00f73fcc24ea19e394fc	413	945	1369	319
METHOD_ENTRY	org.springframework.util.xml.XMLEventStreamWriter#writeProcessingInstruction(String,String):void	c0d74584544d70705c2e	413	959	1383	240
METHOD_EXIT	org.springframework.util.xml.XMLEventStreamWriter#writeCharacters(String):void	bbab5096f0984116c0e9	455	956	1422	265
METHOD_EXIT	org.springframework.util.xml.XMLEventStreamWriter#writeProcessingInstruction(String,String):void	65a37bd6edb06f5540ac	455	970	1436	301
METHOD_EXIT	org.springframework.util.xml.XMLEventStreamWriter#writeComment(String):void	4fbd48b260722f55626c	455	956	1422	235
METHOD_EXIT	org.springframework.util.xml.XMLEventStreamWriter#writeDTD(String):void	e21c101b245071be9d3a	455	959	1425	181
METHOD_ENTRY	org.springframework.util.xml.XMLEventStreamWriter#writeEntityRef(String):void	66fa7bfab615fee31544	413	950	1374	211
METHOD_EXIT	org.springframework.util.xml.XMLEventStreamWriter#writeProcessingInstruction(String):void	0fd46dd557e60fa629be	455	960	1426	261
METHOD_EXIT	org.springframework.util.xml.XMLEventStreamWriter#flush():void	29b3ef1c26e32156d260	455	936	1402	261
METHOD_ENTRY	org.springframework.util.xml.XMLEventStreamWriter#writeDTD(String):void	1e47a21f0f3427b59365	413	948	1372	267
METHOD_ENTRY	org.springframework.util.xml.XMLEventStreamWriter#writeEndDocument():void	4ef2a056d8557fb46e93	413	942	1366	152
METHOD_EXIT	org.springframework.util.xml.XMLEventStreamWriter#writeEntityRef(String):void	c3009c10397ca4dd1e22	455	961	1427	324
METHOD_ENTRY	org.springframework.util.xml.XMLEventStreamWriter#close():void	60ce26113c09115f8a2f	413	932	1356	134
METHOD_EXIT	org.springframework.util.xml.XMLEventStreamWriter#close():void	7ac687ad4c1cb58cef8e	455	943	1409	206
METHOD_ENTRY	org.springframework.util.xml.XMLEventStreamWriter#flush():void	ec3549331982b137f3b0	413	925	1349	252
METHOD_ENTRY	org.springframework.util.xml.StaxStreamHandler#startDocumentInternal():void	92724f9c6adb9fe014dc	413	627	1051	107
METHOD_EXIT	org.springframework.util.xml.XMLEventStreamWriter#writeEndDocument():void	f21d0af39313c892a656	455	953	1419	299
METHOD_EXIT	org.springframework.util.xml.StaxStreamHandler#startDocumentInternal():void	c5fed578ab10bb09798e	455	638	1104	166
METHOD_ENTRY	org.springframework.util.xml.StaxStreamHandler#endDocumentInternal():void	21523d17ce52d9cb99a6	413	627	1051	83
METHOD_EXIT	org.springframework.util.xml.StaxStreamHandler#endDocumentInternal():void	96ba39a1f926a4f89669	455	638	1104	118
METHOD_ENTRY	org.springframework.util.xml.StaxStreamHandler#startElementInternal(QName,Attributes,Map<String, String>):void	9fdad5bf79320e4bc753	413	851	1275	249
METHOD_ENTRY	org.springframework.util.xml.StaxStreamHandler#endElementInternal(QName,Map<String, String>):void	f51d16f2daa442f137f1	413	656	1080	317
METHOD_EXIT	org.springframework.util.xml.StaxStreamHandler#endElementInternal(QName,Map<String, String>):void	80cdefaf5df51172365a	455	667	1133	312
METHOD_EXIT	org.springframework.util.xml.StaxStreamHandler#startElementInternal(QName,Attributes,Map<String, String>):void	35ff7234445fa24a0e40	455	862	1328	245
METHOD_EXIT	org.springframework.util.xml.StaxStreamHandler#cDataInternal(String):void	1de9c96ca18039e0a323	455	644	1110	286
METHOD_ENTRY	org.springframework.util.xml.StaxStreamHandler#charactersInternal(String):void	5ba803f219036172b498	413	630	1054	186
METHOD_EXIT	org.springframework.util.xml.StaxStreamHandler#charactersInternal(String):void	879789f3e1af6c56e35e	455	641	1107	254
METHOD_ENTRY	org.springframework.util.xml.StaxStreamHandler#cDataInternal(String):void	15baf7f7ee3d46b0f4b5	413	633	1057	244
METHOD_ENTRY	org.springframework.util.xml.StaxStreamHandler#ignorableWhitespaceInternal(String):void	5b1eb545e3ef1fcef380	413	634	1058	238
METHOD_EXIT	org.springframework.util.xml.StaxStreamHandler#processingInstructionInternal(String,String):void	87c750fcd5799274b3d7	455	655	1121	288
METHOD_ENTRY	org.springframework.util.xml.StaxStreamHandler#processingInstructionInternal(String,String):void	5ee4a89c97d182c74938	413	644	1068	269
METHOD_ENTRY	org.springframework.util.xml.StaxStreamHandler#setDocumentLocator(Locator):void	31b7a00cb8a18200ba50	413	621	1045	313
METHOD_EXIT	org.springframework.util.xml.StaxStreamHandler#ignorableWhitespaceInternal(String):void	cf9886a9a7d73d8285da	455	645	1111	254
METHOD_EXIT	org.springframework.util.xml.StaxStreamHandler#dtdInternal(String):void	dd5114eb11090febc590	455	646	1112	370
METHOD_ENTRY	org.springframework.util.xml.StaxStreamHandler#commentInternal(String):void	6fe48f57ffca39a4dcdd	413	630	1054	238
METHOD_EXIT	org.springframework.util.xml.StaxStreamHandler#setDocumentLocator(Locator):void	b241237b1c5f09715e49	455	632	1098	65
METHOD_ENTRY	org.springframework.util.xml.StaxStreamHandler#dtdInternal(String):void	2c9b5d2dc3cb4edc36cd	413	635	1059	333
METHOD_EXIT	org.springframework.util.xml.StaxStreamHandler#commentInternal(String):void	da5025831e7500283bd7	455	641	1107	293
METHOD_ENTRY	org.springframework.util.xml.StaxStreamHandler#endEntity(String):void	f3fd789fa1dff61f1f94	413	621	1045	197
METHOD_ENTRY	org.springframework.util.xml.XMLEventStreamWriter#writeProcessingInstruction(String):void	2c291724244dcf4a1cca	413	949	1373	2259
METHOD_EXIT	org.springframework.util.xml.StaxStreamHandler#startEntity(String):void	ec175a7d1aafd989ab4e	455	632	1098	224
METHOD_EXIT	org.springframework.util.xml.StaxStreamHandler#skippedEntityInternal(String):void	de808d951fc6381c3aaa	455	636	1102	172
METHOD_ENTRY	org.springframework.util.xml.StaxStreamHandler#startEntity(String):void	39c91be8c8b6e673d610	413	621	1045	123
METHOD_ENTRY	org.springframework.util.xml.AbstractXMLStreamReader#getAttributeLocalName(int):String	9ed709d2ba791cea7f76	413	659	1083	98
METHOD_ENTRY	org.springframework.util.xml.StaxStreamHandler#skippedEntityInternal(String):void	6b639ca9b783952702d7	413	625	1049	278
METHOD_EXIT	org.springframework.util.xml.StaxStreamHandler#endEntity(String):void	d57e2b987480c80004a1	455	632	1098	267
METHOD_EXIT	org.springframework.util.xml.AbstractXMLStreamReader#getAttributeLocalName(int):String	bb314229ffd41826cb36	455	736	1202	240
METHOD_ENTRY	org.springframework.util.xml.AbstractXMLStreamReader#getElementText():String	d79b328f1351349f1679	413	914	1338	249
METHOD_EXIT	org.springframework.util.xml.AbstractXMLStreamReader#getAttributeNamespace(int):String	60cfa419a071c04c0e29	455	734	1200	317
METHOD_EXIT	org.springframework.util.xml.AbstractXMLStreamReader#getElementText():String	d26216d0116c5d118b95	455	988	1454	321
METHOD_ENTRY	org.springframework.util.xml.AbstractXMLStreamReader#getAttributeNamespace(int):String	f100c34d909fea5761c9	413	657	1081	257
METHOD_EXIT	org.springframework.util.xml.AbstractXMLStreamReader#getAttributePrefix(int):String	ba8fbb4237d6e20aeeb8	455	733	1199	218
METHOD_EXIT	org.springframework.util.xml.AbstractXMLStreamReader#getNamespaceURI():String	e4ad2b49fc670d09031f	455	782	1248	219
METHOD_EXIT	org.springframework.util.xml.AbstractXMLStreamReader#hasText():boolean	079ad98f1d7ebe6605cd	455	776	1242	328
METHOD_ENTRY	org.springframework.util.xml.AbstractXMLStreamReader#getPrefix():String	714a0d88f576251cc416	413	705	1129	279
METHOD_EXIT	org.springframework.util.xml.AbstractXMLStreamReader#getNamespaceURI(String):String	1ff950aa176cbdc88cce	455	734	1200	272
METHOD_ENTRY	org.springframework.util.xml.AbstractXMLStreamReader#getNamespaceURI():String	8b2e2fa3f458618222d7	413	708	1132	259
METHOD_ENTRY	org.springframework.util.xml.AbstractXMLStreamReader#hasText():boolean	e90205c043bd126a431d	413	702	1126	291
METHOD_ENTRY	org.springframework.util.xml.AbstractXMLStreamReader#hasName():boolean	a1a351fdf17977c7da5b	413	670	1094	307
METHOD_EXIT	org.springframework.util.xml.AbstractXMLStreamReader#hasName():boolean	87353019be9248e5e86f	455	744	1210	358
METHOD_ENTRY	org.springframework.util.xml.AbstractXMLStreamReader#getNamespaceURI(String):String	49967f1fda76ef5f6c82	413	657	1081	257
METHOD_ENTRY	org.springframework.util.xml.AbstractXMLStreamReader#getAttributePrefix(int):String	1b29a807584f3124e664	413	656	1080	220
METHOD_EXIT	org.springframework.util.xml.AbstractXMLStreamReader#isStartElement():boolean	475792dd8875956485f1	455	729	1195	294
METHOD_ENTRY	org.springframework.util.xml.AbstractXMLStreamReader#isEndElement():boolean	9f8b42ff6f6ff0d247fe	413	655	1079	320
METHOD_EXIT	org.springframework.util.xml.AbstractXMLStreamReader#isEndElement():boolean	f2354832538407ec5958	455	729	1195	283
METHOD_EXIT	org.springframework.util.xml.AbstractXMLStreamReader#isWhiteSpace():boolean	4e308402950cc07debb6	455	729	1195	235
METHOD_ENTRY	org.springframework.util.xml.AbstractXMLStreamReader#isStartElement():boolean	452ea1233dfedcbb56f3	413	655	1079	271
METHOD_EXIT	org.springframework.util.xml.AbstractXMLStreamReader#isCharacters():boolean	3a953cfc351dba8719b1	455	729	1195	278
METHOD_EXIT	org.springframework.util.xml.AbstractXMLStreamReader#getPrefix():String	943d924504c1ad01652a	455	779	1245	301
METHOD_ENTRY	org.springframework.util.xml.AbstractXMLStreamReader#isCharacters():boolean	f74d92e518940b83f375	413	655	1079	265
METHOD_ENTRY	org.springframework.util.xml.AbstractXMLStreamReader#nextTag():int	a3079cef80e2910a1671	413	772	1196	254
METHOD_ENTRY	org.springframework.util.xml.AbstractXMLStreamReader#isWhiteSpace():boolean	c5f3b70a1ceff8b8503d	413	655	1079	315
METHOD_ENTRY	org.springframework.util.xml.AbstractXMLStreamReader#getAttributeValue(String,String):String	b1d63e762f1a7b0f2d68	413	738	1162	231
METHOD_EXIT	org.springframework.util.xml.AbstractXMLStreamReader#require(int,String,String):void	9a740672e8be9483b45d	455	726	1192	324
METHOD_ENTRY	org.springframework.util.xml.AbstractXMLStreamReader#require(int,String,String):void	fc855be82347989edb07	413	715	1139	193
METHOD_EXIT	org.springframework.util.xml.AbstractXMLStreamReader#hasNext():boolean	10eae6218150ac465030	455	724	1190	242
METHOD_EXIT	org.springframework.util.xml.AbstractXMLStreamReader#getLocalName():String	a17d1371e36827d8be35	455	724	1190	195
METHOD_ENTRY	org.springframework.util.xml.AbstractXMLStreamReader#getLocalName():String	c6c28280c7a41daeb5b5	413	650	1074	310
METHOD_ENTRY	org.springframework.util.xml.AbstractXMLStreamReader#hasNext():boolean	a9841372d539e9ac1b4d	413	650	1074	266
METHOD_ENTRY	org.springframework.util.xml.AbstractXMLStreamReader#getTextCharacters(int,char[],int,int):int	7732a7751ff16679a141	413	717	1141	234
METHOD_ENTRY	org.springframework.util.xml.AbstractXMLStreamReader#getTextCharacters():char[]	7e4e04a23578c1e11293	413	652	1076	290
METHOD_EXIT	org.springframework.util.xml.AbstractXMLStreamReader#getAttributeValue(String,String):String	f65f2da238f78830771a	455	815	1281	315
METHOD_EXIT	org.springframework.util.xml.AbstractXMLStreamReader#getTextCharacters(int,char[],int,int):int	9deb166e5a0e7e49e655	455	794	1260	293
METHOD_EXIT	org.springframework.util.xml.AbstractXMLStreamReader#getTextCharacters():char[]	03c9a6475d02ea91cba0	455	726	1192	292
METHOD_ENTRY	org.springframework.util.xml.SimpleNamespaceContext#getNamespaceURI(String):String	d1942c3d7da7fe599e61	413	806	1230	262
METHOD_EXIT	org.springframework.util.xml.AbstractXMLStreamReader#nextTag():int	2c7b172580f35ab35b6d	455	846	1312	222
METHOD_EXIT	org.springframework.util.xml.SimpleNamespaceContext#getPrefix(String):String	5ab5548edc1c1636e711	455	798	1264	338
METHOD_EXIT	org.springframework.util.xml.AbstractXMLStreamReader#getTextLength():int	9f9956fd7400a1740a41	455	722	1188	256
METHOD_EXIT	org.springframework.util.xml.SimpleNamespaceContext#getPrefixes(String):Iterator<String>	3c1dcc58298bbe3938a0	455	782	1248	288
METHOD_EXIT	org.springframework.util.xml.SimpleNamespaceContext#getNamespaceURI(String):String	0434f81361d5146dd160	455	883	1349	496
METHOD_ENTRY	org.springframework.util.xml.SimpleNamespaceContext#getPrefix(String):String	9b1adca3ff6b1172c2d1	413	721	1145	293
METHOD_EXIT	org.springframework.util.xml.SimpleNamespaceContext#getPrefixesSet(String):Set<String>	96952939978f797e0394	455	909	1375	455
METHOD_ENTRY	org.springframework.util.xml.SimpleNamespaceContext#getPrefixes(String):Iterator<String>	cf683ae5ac90b83becd0	413	704	1128	346
METHOD_EXIT	org.springframework.util.xml.SimpleNamespaceContext#setBindings(Map<String, String>):void	dd8cd1a40fd07ddf5819	455	719	1185	292
METHOD_ENTRY	org.springframework.util.xml.SimpleNamespaceContext#getPrefixesSet(String):Set<String>	a09b2978e87fc0291557	413	831	1255	217
METHOD_ENTRY	org.springframework.util.xml.SimpleNamespaceContext#bindNamespaceUri(String,String):void	565e8852aba9a7dbaa91	413	804	1228	247
METHOD_ENTRY	org.springframework.util.xml.SimpleNamespaceContext#bindDefaultNamespaceUri(String):void	fa8ec8fac8a9f20b72fe	413	707	1131	128
METHOD_ENTRY	org.springframework.util.xml.SimpleNamespaceContext#setBindings(Map<String, String>):void	9f9dc54493fb5ebddc1a	413	708	1132	283
METHOD_ENTRY	org.springframework.util.xml.SimpleNamespaceContext#removeBinding(String):void	f24b9919b4c168999ed0	413	804	1228	344
METHOD_ENTRY	org.springframework.util.xml.AbstractXMLStreamReader#getTextLength():int	967c8062754f680b5397	413	648	1072	317
METHOD_ENTRY	org.springframework.util.xml.SimpleNamespaceContext#clear():void	ba3d406e9ac50844c112	413	696	1120	225
METHOD_EXIT	org.springframework.util.xml.SimpleNamespaceContext#bindNamespaceUri(String,String):void	6125bdfcc9c11f6e0430	455	815	1281	360
METHOD_EXIT	org.springframework.util.xml.SimpleNamespaceContext#getBoundPrefixes():Iterator<String>	d38f456c2de83c9428e4	455	774	1240	240
METHOD_EXIT	org.springframework.util.xml.SimpleNamespaceContext#clear():void	9ed2aa84f6f12976e749	455	707	1173	95
METHOD_EXIT	org.springframework.util.xml.SimpleNamespaceContext#bindDefaultNamespaceUri(String):void	58b2bca1a3900a4a05fa	455	718	1184	395
METHOD_EXIT	org.springframework.util.xml.AbstractStaxHandler#startDocument():void	ef80e1770dda81cd5ad5	455	1014	1480	226
METHOD_ENTRY	org.springframework.util.xml.SimpleNamespaceContext#getBoundPrefixes():Iterator<String>	a758368fb21dd04f5391	413	699	1123	453
METHOD_EXIT	org.springframework.util.xml.AbstractStaxHandler#endDocument():void	611d38cf7c189af455ed	455	1009	1475	179
METHOD_EXIT	org.springframework.util.xml.SimpleNamespaceContext#removeBinding(String):void	346562b837d5a6e57ffd	455	815	1281	332
METHOD_ENTRY	org.springframework.util.xml.AbstractStaxHandler#endPrefixMapping(String):void	d9f2ab6b4955e4b23330	413	953	1377	209
METHOD_ENTRY	org.springframework.util.xml.AbstractStaxHandler#endDocument():void	260f07f5f6b99e6573f8	413	998	1422	169
METHOD_ENTRY	org.springframework.util.xml.AbstractStaxHandler#startPrefixMapping(String,String):void	378045cd3c2d4078edb8	413	972	1396	181
METHOD_ENTRY	org.springframework.util.xml.AbstractStaxHandler#startElement(String,String,String,Attributes):void	26b546906a05fc144a9e	413	1049	1473	135
METHOD_ENTRY	org.springframework.util.xml.AbstractStaxHandler#startDocument():void	a24402d09780abf25516	413	1003	1427	123
METHOD_ENTRY	org.springframework.util.xml.AbstractStaxHandler#endElement(String,String,String):void	868ce1fd52075fd01df2	413	1034	1458	319
METHOD_EXIT	org.springframework.util.xml.AbstractStaxHandler#endPrefixMapping(String):void	78c12ec3e64a6159aad5	455	964	1430	149
METHOD_EXIT	org.springframework.util.xml.AbstractStaxHandler#characters(char[],int,int):void	ded24aa25edcacdc8a4f	455	1062	1528	313
METHOD_EXIT	org.springframework.util.xml.AbstractStaxHandler#startElement(String,String,String,Attributes):void	eb9f73a1aade2ac00a79	455	1060	1526	280
METHOD_ENTRY	org.springframework.util.xml.AbstractStaxHandler#characters(char[],int,int):void	dbd53d008dd0fc0d4461	413	1051	1475	265
METHOD_EXIT	org.springframework.util.xml.AbstractStaxHandler#ignorableWhitespace(char[],int,int):void	46b38980867f24d55ed8	455	1042	1508	248
METHOD_EXIT	org.springframework.util.xml.AbstractStaxHandler#endElement(String,String,String):void	2d1c19181ebf719f702d	455	1045	1511	347
METHOD_EXIT	org.springframework.util.xml.AbstractStaxHandler#processingInstruction(String,String):void	2c467fc7427ea32c5c50	455	1021	1487	205
METHOD_EXIT	org.springframework.util.xml.AbstractStaxHandler#startPrefixMapping(String,String):void	5a65d70bd43affcfbab8	455	983	1449	318
METHOD_ENTRY	org.springframework.util.xml.AbstractStaxHandler#startDTD(String,String,String):void	e7eeb3e4c9b8139fc9fa	413	1097	1521	263
METHOD_ENTRY	org.springframework.util.xml.AbstractStaxHandler#endDTD():void	d5dfd77673cd025fb338	413	949	1373	95
METHOD_ENTRY	org.springframework.util.xml.AbstractStaxHandler#processingInstruction(String,String):void	0ac580d871289b07bb5b	413	1010	1434	225
METHOD_EXIT	org.springframework.util.xml.AbstractStaxHandler#skippedEntity(String):void	cabcabda2515ca7a5f79	455	1012	1478	212
METHOD_ENTRY	org.springframework.util.xml.AbstractStaxHandler#skippedEntity(String):void	55bb084a41288dd95d5a	413	1001	1425	318
METHOD_ENTRY	org.springframework.util.xml.AbstractStaxHandler#startCDATA():void	c77c8d67c37188fd30b0	413	957	1381	73
METHOD_EXIT	org.springframework.util.xml.AbstractStaxHandler#startCDATA():void	a8778b78f60ef8d09714	455	968	1434	223
METHOD_EXIT	org.springframework.util.xml.AbstractStaxHandler#startDTD(String,String,String):void	5469218d351c406e11d9	455	1108	1574	328
METHOD_ENTRY	org.springframework.util.xml.AbstractStaxHandler#ignorableWhitespace(char[],int,int):void	ee8162e43a87cdbbb964	413	1031	1455	130
METHOD_EXIT	org.springframework.util.xml.AbstractStaxHandler#comment(char[],int,int):void	a01dfc0dc3af45cdcc1f	455	1031	1497	280
METHOD_ENTRY	org.springframework.util.xml.AbstractStaxHandler#startEntity(String):void	90661c9b41e803e3e657	413	953	1377	271
METHOD_EXIT	org.springframework.util.xml.AbstractStaxHandler#endDTD():void	435880089384c85b4e09	455	960	1426	160
METHOD_ENTRY	org.springframework.util.xml.AbstractStaxHandler#endCDATA():void	0eed08be505ebda60908	413	957	1381	154
METHOD_EXIT	org.springframework.util.xml.AbstractStaxHandler#endCDATA():void	665a5e92c1c92da189df	455	968	1434	251
METHOD_EXIT	org.springframework.util.xml.AbstractStaxHandler#endEntity(String):void	bdcf31bb1751b03daae6	455	964	1430	250
METHOD_ENTRY	org.springframework.util.xml.AbstractStaxHandler#toQName(String,String):QName	2b7ab62a3178834d7fe0	413	1036	1460	311
METHOD_EXIT	org.springframework.util.xml.AbstractStaxHandler#startEntity(String):void	022db3f777bf6437e6e6	455	964	1430	260
METHOD_ENTRY	org.springframework.util.xml.AbstractStaxHandler#comment(char[],int,int):void	b32b5f4edd0c349df168	413	1020	1444	133
METHOD_ENTRY	org.springframework.util.xml.AbstractStaxHandler#currentNamespaceMapping():Map<String, String>	910d8b4496271fb8f260	413	968	1392	323
METHOD_EXIT	org.springframework.util.xml.AbstractStaxHandler#currentNamespaceMapping():Map<String, String>	34c0c71e273a2766900d	455	1045	1511	303
METHOD_EXIT	org.springframework.util.xml.AbstractStaxHandler#isNamespaceDeclaration(QName):boolean	090417c1b694ce604072	455	1086	1552	373
METHOD_ENTRY	org.springframework.util.xml.AbstractStaxHandler#endEntity(String):void	270e659edd567cc5b066	413	953	1377	210
METHOD_ENTRY	org.springframework.util.xml.AbstractStaxHandler#isNamespaceDeclaration(QName):boolean	e2ae0c0d313b6388038b	413	1009	1433	258
METHOD_EXIT	org.springframework.util.xml.AbstractStaxHandler#toQName(String,String):QName	80d2cf77534788df8a80	455	1113	1579	408
METHOD_ENTRY	org.springframework.util.xml.AbstractStaxHandler#newNamespaceMapping():void	2675b7c7964d3c1fba7b	413	954	1378	330
METHOD_ENTRY	org.springframework.util.xml.AbstractStaxHandler#removeNamespaceMapping():void	0ec21adef2f3e8c343d1	413	959	1383	305
METHOD_ENTRY	org.springframework.util.xml.AbstractXMLReader#setContentHandler(ContentHandler):void	7189035f9d8e60d98890	413	886	1310	143
METHOD_EXIT	org.springframework.util.xml.AbstractXMLReader#setContentHandler(ContentHandler):void	e103c6e670cc4b8b5a25	455	897	1363	133
METHOD_EXIT	org.springframework.util.xml.AbstractStaxHandler#removeNamespaceMapping():void	ea8d63af221f7068c005	455	970	1436	281
METHOD_EXIT	org.springframework.util.xml.AbstractXMLReader#getContentHandler():ContentHandler	b61c7d60ed9dcb25e29b	455	951	1417	71
METHOD_ENTRY	org.springframework.util.xml.AbstractXMLReader#getContentHandler():ContentHandler	1bece1936271b8183618	413	876	1300	106
METHOD_EXIT	org.springframework.util.xml.AbstractStaxHandler#newNamespaceMapping():void	ddb40107b0e32152f882	455	965	1431	295
METHOD_EXIT	org.springframework.util.xml.AbstractXMLReader#getDTDHandler():DTDHandler	00a8ffc76380e2d473d3	455	953	1419	134
METHOD_EXIT	org.springframework.util.xml.AbstractXMLReader#setDTDHandler(DTDHandler):void	925b6664d27bd1c19f1a	455	903	1369	334
METHOD_ENTRY	org.springframework.util.xml.AbstractXMLReader#setDTDHandler(DTDHandler):void	3fa4e4a800b4fa601887	413	892	1316	180
METHOD_ENTRY	org.springframework.util.xml.AbstractXMLReader#getEntityResolver():EntityResolver	10bfd605d405053f960a	413	876	1300	155
METHOD_ENTRY	org.springframework.util.xml.AbstractXMLReader#getDTDHandler():DTDHandler	a92154aded733327ca02	413	877	1301	1893
METHOD_EXIT	org.springframework.util.xml.AbstractStaxHandler#removeAllNamespaceMappings():void	831323b33d27b62f4eb5	455	964	1430	173
METHOD_ENTRY	org.springframework.util.xml.AbstractXMLReader#setEntityResolver(EntityResolver):void	2f1ee20cba1319888427	413	886	1310	126
METHOD_EXIT	org.springframework.util.xml.AbstractXMLReader#setEntityResolver(EntityResolver):void	7e91fff919a7b3b4bc1b	455	897	1363	128
METHOD_ENTRY	org.springframework.util.xml.AbstractXMLReader#getErrorHandler():ErrorHandler	cd1cb2dfe9afd4bb1e8c	413	876	1300	128
METHOD_EXIT	org.springframework.util.xml.AbstractXMLReader#setErrorHandler(ErrorHandler):void	488caf61f6fc4b96ed5a	455	897	1363	161
METHOD_EXIT	org.springframework.util.xml.AbstractXMLReader#getEntityResolver():EntityResolver	e8a110609ddb43e89714	455	951	1417	228
METHOD_ENTRY	org.springframework.util.xml.AbstractXMLReader#setErrorHandler(ErrorHandler):void	5820d8cc8b8aaef2dd6d	413	886	1310	152
METHOD_ENTRY	org.springframework.util.xml.AbstractStaxHandler#removeAllNamespaceMappings():void	996826efb4816c355f8d	413	953	1377	258
METHOD_ENTRY	org.springframework.util.xml.AbstractXMLReader#getFeature(String):boolean	eae8cd041ddc869c984d	413	920	1344	249
METHOD_EXIT	org.springframework.util.xml.AbstractXMLReader#getFeature(String):boolean	504c7e556f737dbdf212	455	997	1463	261
METHOD_EXIT	org.springframework.util.xml.AbstractXMLReader#setFeature(String,boolean):void	30fa38795f981cc618eb	455	955	1421	256
METHOD_ENTRY	org.springframework.util.xml.AbstractXMLReader#setFeature(String,boolean):void	f07509463ae10bd3bb2e	413	944	1368	232
METHOD_ENTRY	org.springframework.util.xml.AbstractXMLReader#getLexicalHandler():LexicalHandler	129c92c39196aa6ce305	413	879	1303	180
METHOD_EXIT	org.springframework.util.xml.AbstractXMLReader#getProperty(String):Object	f870b919a234c4dbcfb5	455	1005	1471	254
METHOD_ENTRY	org.springframework.util.xml.AbstractXMLReader#setProperty(String,Object):void	b1617a237846a3943582	413	941	1365	324
METHOD_EXIT	org.springframework.util.xml.AbstractXMLReader#getLexicalHandler():LexicalHandler	aa6c24ed4b1bb7df9633	455	955	1421	123
METHOD_EXIT	org.springframework.util.xml.AbstractXMLReader#getErrorHandler():ErrorHandler	64ecb40a76a23c623cfc	455	951	1417	121
METHOD_ENTRY	org.springframework.util.xml.AbstractXMLReader#getProperty(String):Object	c72615c0b717594c1f79	413	928	1352	215
METHOD_EXIT	org.springframework.util.xml.AbstractXMLReader#setProperty(String,Object):void	f75eb45f6a2f7d491822	455	952	1418	336
METHOD_EXIT	org.springframework.util.xml.SimpleTransformErrorListener#error(TransformerException):void	f41452387b7fd918522b	455	511	977	264
METHOD_ENTRY	org.springframework.util.xml.SimpleTransformErrorListener#error(TransformerException):void	fd22e25f3ae3e7407805	413	500	924	227
METHOD_EXIT	org.springframework.util.xml.SimpleTransformErrorListener#warning(TransformerException):void	f526f1803b32db6cb05d	455	512	978	294
METHOD_ENTRY	org.springframework.util.xml.SimpleTransformErrorListener#fatalError(TransformerException):void	70533deecc5252cf2654	413	495	919	200
METHOD_ENTRY	org.springframework.util.MultiValueMapAdapter#getFirst(K):V	ebcbedc2c9fa1815c404	413	794	1218	328
METHOD_EXIT	org.springframework.util.xml.SimpleTransformErrorListener#fatalError(TransformerException):void	9a677fd32e805bf93dc6	455	506	972	154
METHOD_ENTRY	org.springframework.util.xml.SimpleTransformErrorListener#warning(TransformerException):void	937e5758e4f81d0c3174	413	501	925	287
METHOD_ENTRY	org.springframework.util.MultiValueMapAdapter#add(K,V):void	b3390be18e694d3e480d	413	799	1223	189
METHOD_ENTRY	org.springframework.util.MultiValueMapAdapter#addAll(K,List<? extends V>):void	36ce2f46d840b1fba4a8	413	813	1237	264
METHOD_EXIT	org.springframework.util.MultiValueMapAdapter#add(K,V):void	4c74326b2fa4a6c7ca1f	455	810	1276	359
METHOD_EXIT	org.springframework.util.MultiValueMapAdapter#addAll(K,List<? extends V>):void	c2a2adb867bec43ce697	455	824	1290	288
METHOD_EXIT	org.springframework.util.MultiValueMapAdapter#addAll(MultiValueMap<K, V>):void	96886bace76d5f3d889f	455	801	1267	328
METHOD_ENTRY	org.springframework.util.MultiValueMapAdapter#setAll(Map<K, V>):void	8a597c4c666a5c8279e1	413	780	1204	266
METHOD_EXIT	org.springframework.util.MultiValueMapAdapter#getFirst(K):V	81525fb3a44c2c84fe0a	455	871	1337	366
METHOD_EXIT	org.springframework.util.MultiValueMapAdapter#setAll(Map<K, V>):void	246d1c550717b558fd14	455	791	1257	310
METHOD_ENTRY	org.springframework.util.MultiValueMapAdapter#set(K,V):void	42d40ea00436c49d89ea	413	797	1221	203
METHOD_ENTRY	org.springframework.util.MultiValueMapAdapter#addAll(MultiValueMap<K, V>):void	7f4c8980cdeae861aef4	413	790	1214	232
METHOD_EXIT	org.springframework.util.MultiValueMapAdapter#set(K,V):void	5e437e488739e2353e15	455	808	1274	254
METHOD_EXIT	org.springframework.util.MultiValueMapAdapter#size():int	140d326d5cea00bbb13c	455	837	1303	168
METHOD_EXIT	org.springframework.util.MultiValueMapAdapter#toSingleValueMap():Map<K, V>	cf8d8a04dec8f5fe00db	455	916	1382	283
METHOD_ENTRY	org.springframework.util.MultiValueMapAdapter#isEmpty():boolean	08e0ee34674a7fea8068	413	766	1190	194
METHOD_ENTRY	org.springframework.util.MultiValueMapAdapter#containsKey(Object):boolean	27432b7ffd4e91d19b99	413	772	1196	284
METHOD_ENTRY	org.springframework.util.MultiValueMapAdapter#toSingleValueMap():Map<K, V>	d77fd6a3bdfa9f1b1f99	413	839	1263	299
METHOD_EXIT	org.springframework.util.MultiValueMapAdapter#containsKey(Object):boolean	736d17a60bb54fae3c91	455	849	1315	311
METHOD_ENTRY	org.springframework.util.MultiValueMapAdapter#containsValue(Object):boolean	ac41dabe7f05588b1dd8	413	772	1196	322
METHOD_EXIT	org.springframework.util.MultiValueMapAdapter#isEmpty():boolean	896fabc61fbe7ff38e71	455	840	1306	211
METHOD_EXIT	org.springframework.util.MultiValueMapAdapter#put(K,List<V>):List<V>	8d853428642a15793f8a	455	868	1334	325
METHOD_EXIT	org.springframework.util.MultiValueMapAdapter#get(Object):List<V>	82bd9c43cba54e98e64c	455	852	1318	340
METHOD_ENTRY	org.springframework.util.MultiValueMapAdapter#putIfAbsent(K,List<V>):List<V>	923818d7d73f513dcc04	413	796	1220	56
METHOD_ENTRY	org.springframework.util.MultiValueMapAdapter#get(Object):List<V>	08c6332cdb94cc5af95d	413	774	1198	207
METHOD_ENTRY	org.springframework.util.MultiValueMapAdapter#size():int	f0c78a7161e544de85bb	413	763	1187	215
METHOD_ENTRY	org.springframework.util.MultiValueMapAdapter#put(K,List<V>):List<V>	350d3e41a23213af053d	413	790	1214	336
METHOD_EXIT	org.springframework.util.MultiValueMapAdapter#containsValue(Object):boolean	be906786d15007a573fb	455	849	1315	289
METHOD_ENTRY	org.springframework.util.MultiValueMapAdapter#remove(Object):List<V>	0f8417b779c008109422	413	775	1199	229
METHOD_EXIT	org.springframework.util.MultiValueMapAdapter#putAll(Map<? extends K, ? extends List<V>>):void	aec2ccd31562a24f3da2	455	808	1274	321
METHOD_ENTRY	org.springframework.util.MultiValueMapAdapter#putAll(Map<? extends K, ? extends List<V>>):void	265e572cf719b09ea6af	413	797	1221	283
METHOD_EXIT	org.springframework.util.MultiValueMapAdapter#putIfAbsent(K,List<V>):List<V>	0286816b26af34cd31db	455	874	1340	261
METHOD_EXIT	org.springframework.util.MultiValueMapAdapter#remove(Object):List<V>	0e75ddd765ca32b872ef	455	853	1319	279
METHOD_EXIT	org.springframework.util.MultiValueMapAdapter#clear():void	8279dee616254ee8eccc	455	773	1239	202
METHOD_ENTRY	org.springframework.util.MultiValueMapAdapter#keySet():Set<K>	848a79cae9e164036ab2	413	770	1194	279
METHOD_EXIT	org.springframework.util.MultiValueMapAdapter#keySet():Set<K>	1c9ad4cecbf8abe96a39	455	845	1311	249
METHOD_EXIT	org.springframework.util.MultiValueMapAdapter#values():Collection<List<V>>	32485e4907a18952e02e	455	845	1311	317
METHOD_ENTRY	org.springframework.util.MultiValueMapAdapter#clear():void	dd2060a5f65b1a2d0e88	413	762	1186	196
METHOD_ENTRY	org.springframework.util.MultiValueMapAdapter#values():Collection<List<V>>	78b89af192efae475237	413	769	1193	227
METHOD_EXIT	org.springframework.util.MultiValueMapAdapter#entrySet():Set<Entry<K, List<V>>>	a59c51cd945c89286554	455	858	1324	276
METHOD_EXIT	org.springframework.util.MultiValueMapAdapter#forEach(BiConsumer<? super K, ? super List<V>>):void	bb3c81ce290916cf737f	455	813	1279	174
METHOD_ENTRY	org.springframework.util.MultiValueMapAdapter#entrySet():Set<Entry<K, List<V>>>	2743b143c686a2f5ba9f	413	778	1202	269
METHOD_ENTRY	org.springframework.util.MultiValueMapAdapter#forEach(BiConsumer<? super K, ? super List<V>>):void	bf58fa21c235cf53e187	413	802	1226	230
METHOD_EXIT	org.springframework.util.MultiValueMapAdapter#hashCode():int	e884ae61ca6e705fee30	455	840	1306	260
METHOD_ENTRY	org.springframework.util.MultiValueMapAdapter#toString():String	9e5e994f287c9d446285	413	766	1190	272
METHOD_EXIT	org.springframework.util.MultiValueMapAdapter#toString():String	c8e6c7014faf8381cce6	455	840	1306	168
METHOD_ENTRY	org.springframework.util.MultiValueMapAdapter#hashCode():int	6e3df184875206db0bec	413	766	1190	225
METHOD_EXIT	org.springframework.util.CompositeMap#isEmpty():boolean	1c3504c87045290903ea	455	728	1194	185
METHOD_EXIT	org.springframework.util.MultiValueMapAdapter#equals(Object):boolean	e7bea1771dc8531d082c	455	853	1319	408
METHOD_ENTRY	org.springframework.util.CompositeMap#containsKey(Object):boolean	1ecb9a37e8d369c368e2	413	677	1101	262
METHOD_ENTRY	org.springframework.util.MultiValueMapAdapter#equals(Object):boolean	d0532a7ea893282d94b9	413	776	1200	212
METHOD_ENTRY	org.springframework.util.CompositeMap#containsValue(Object):boolean	1166da2ac27f9bf0e374	413	677	1101	248
METHOD_ENTRY	org.springframework.util.CompositeMap#size():int	0ec81b59a8d0cbb2dfa7	413	650	1074	215
METHOD_ENTRY	org.springframework.util.CompositeMap#isEmpty():boolean	78c3f105e57ad10e0133	413	654	1078	179
METHOD_ENTRY	org.springframework.util.CompositeMap#get(Object):V	309c64ae2142f7811219	413	685	1109	333
METHOD_EXIT	org.springframework.util.CompositeMap#size():int	a3561aac649a838788a3	455	724	1190	246
METHOD_ENTRY	org.springframework.util.CompositeMap#put(K,V):V	f0fc68465275f7ed7899	413	689	1113	156
METHOD_EXIT	org.springframework.util.CompositeMap#containsValue(Object):boolean	8d97cd2c23b092aad1f2	455	754	1220	305
METHOD_EXIT	org.springframework.util.CompositeMap#containsKey(Object):boolean	bcd29a6043b9ad859c5b	455	754	1220	268
METHOD_EXIT	org.springframework.util.CompositeMap#remove(Object):V	6f7c0a08419f917cce7e	455	771	1237	380
METHOD_EXIT	org.springframework.util.CompositeMap#putAll(Map<? extends K, ? extends V>):void	6631267c7a3b8d57b64b	455	752	1218	333
METHOD_ENTRY	org.springframework.util.CompositeMap#remove(Object):V	809fb558a770f4a132fe	413	694	1118	286
METHOD_EXIT	org.springframework.util.CompositeMap#clear():void	e891605f5ba574378268	455	660	1126	245
METHOD_EXIT	org.springframework.util.CompositeMap#put(K,V):V	408adf284637015364d4	455	766	1232	343
METHOD_EXIT	org.springframework.util.CompositeMap#get(Object):V	91ed0597258a230db209	455	762	1228	360
METHOD_ENTRY	org.springframework.util.CompositeMap#keySet():Set<K>	23e913a5354828d7c6cb	413	661	1085	322
METHOD_EXIT	org.springframework.util.CompositeMap#keySet():Set<K>	d4d94ab0f1ffb265aae5	455	736	1202	320
METHOD_ENTRY	org.springframework.util.CompositeMap#clear():void	7b3093453018956487fa	413	649	1073	226
METHOD_ENTRY	org.springframework.util.CompositeMap#values():Collection<V>	e6e6e90dbd921b0f77d3	413	657	1081	215
METHOD_ENTRY	org.springframework.util.CompositeMap#toString():String	3196bd397dd70e327baa	413	783	1207	278
METHOD_EXIT	org.springframework.util.CompositeMap#toString():String	732a96d8e3fd4427ab82	455	857	1323	228
METHOD_ENTRY	org.springframework.util.SystemPropertyUtils#resolvePlaceholders(String):String	a0e8b69138e95c053995	413	780	1204	331
METHOD_EXIT	org.springframework.util.CompositeMap#entrySet():Set<Entry<K, V>>	5c48074d67f5a6667875	455	745	1211	267
METHOD_ENTRY	org.springframework.util.SystemPropertyUtils#resolvePlaceholders(String,boolean):String	0b03c4a21de3bb48ad6f	413	843	1267	191
METHOD_ENTRY	org.springframework.util.CompositeMap#entrySet():Set<Entry<K, V>>	becdce7ae97e8de5a8e1	413	667	1091	300
METHOD_EXIT	org.springframework.util.CompositeMap#values():Collection<V>	4ac75719934db8e69bd3	455	732	1198	277
METHOD_EXIT	org.springframework.util.SystemPropertyUtils#resolvePlaceholders(String,boolean):String	1407251fe6bf7d84c1f6	455	920	1386	305
METHOD_EXIT	org.springframework.util.SystemPropertyUtils#resolvePlaceholders(String):String	9ab425e732fe5bf612e7	455	857	1323	320
METHOD_ENTRY	org.springframework.util.CompositeMap#putAll(Map<? extends K, ? extends V>):void	b58fc5050db72da93bbc	413	741	1165	314
METHOD_ENTRY	org.springframework.util.SystemPropertyPlaceholderResolver#resolvePlaceholder(String):String	e2474906fc2aa4cb9efd	413	490	914	275
METHOD_EXIT	org.springframework.util.PropertyPlaceholderHelper#replacePlaceholders(String,Properties):String	59496e103a0cddffc08d	455	749	1215	335
METHOD_ENTRY	org.springframework.util.PropertyPlaceholderHelper#replacePlaceholders(String,Properties):String	748c0b0245ebb7ee7ceb	413	672	1096	265
METHOD_ENTRY	org.springframework.util.SystemPropertyUtils#resolvePlaceholder(String):String	25db11902aa843de4034	413	877	1301	305
METHOD_ENTRY	org.springframework.util.FilteredIterator#hasNext():boolean	c913b712c04918dcb5c7	413	516	940	235
METHOD_EXIT	org.springframework.util.FilteredIterator#hasNext():boolean	b4f8bb5ae1824c9660dd	455	590	1056	215
METHOD_EXIT	org.springframework.util.SystemPropertyPlaceholderResolver#resolvePlaceholder(String):String	5cb962ff47d88f65a5a0	455	567	1033	298
METHOD_ENTRY	org.springframework.util.PropertyPlaceholderHelper#replacePlaceholders(String,PlaceholderResolver):String	e1e22fd410a31de3b8f4	413	677	1101	230
METHOD_ENTRY	org.springframework.util.FilteredIterator#setNext():boolean	e567ebf0bef10d072e4e	413	556	980	168
METHOD_EXIT	org.springframework.util.FilteredIterator#next():E	8aee8898c65f75b948d3	455	615	1081	187
METHOD_EXIT	org.springframework.util.SystemPropertyUtils#resolvePlaceholder(String):String	117dff3cabe58afa3e6a	455	954	1420	283
METHOD_EXIT	org.springframework.util.FilteredIterator#setNext():boolean	b0f54b88983f5c16cf80	455	630	1096	306
METHOD_EXIT	org.springframework.util.PropertyPlaceholderHelper#replacePlaceholders(String,PlaceholderResolver):String	5de642c1ab583d47aabe	455	754	1220	280
METHOD_ENTRY	org.springframework.util.FilteredIterator#next():E	b557ea7e957ea3c8944c	413	541	965	264
METHOD_ENTRY	org.springframework.util.Assert#state(boolean,Supplier<String>):void	b4b1024fd4a2e8877d6a	413	4245	4669	176
METHOD_EXIT	org.springframework.util.Assert#state(boolean,String):void	36d2ca060da61979ed72	455	4245	4711	273
METHOD_EXIT	org.springframework.util.Assert#state(boolean,Supplier<String>):void	2660ddd479f2545e602a	455	4256	4722	308
METHOD_EXIT	org.springframework.util.Assert#isTrue(boolean,String):void	6eb6db04db4a2eadad62	455	4247	4713	115
METHOD_ENTRY	org.springframework.util.Assert#state(boolean,String):void	3389db4e748aa14498a6	413	4234	4658	161
METHOD_ENTRY	org.springframework.util.Assert#isTrue(boolean,Supplier<String>):void	9415e6fe4c46807caf50	413	4247	4671	162
METHOD_ENTRY	org.springframework.util.Assert#isNull(Object,String):void	d9ae69c1f662dc1175ae	413	4241	4665	231
METHOD_ENTRY	org.springframework.util.Assert#isNull(Object,Supplier<String>):void	9348ed669e8114fef03c	413	4252	4676	169
METHOD_EXIT	org.springframework.util.Assert#isNull(Object,Supplier<String>):void	72fc6cbdf1a9aa030f6c	455	4263	4729	284
METHOD_EXIT	org.springframework.util.Assert#notNull(Object,String):void	0e4c99cb66b48f138148	455	4251	4717	265
METHOD_ENTRY	org.springframework.util.Assert#notNull(Object,Supplier<String>):void	b91f2277e666d466b221	413	4251	4675	349
METHOD_EXIT	org.springframework.util.Assert#notNull(Object,Supplier<String>):void	ee583cf834f33297ba11	455	4262	4728	272
METHOD_EXIT	org.springframework.util.Assert#isTrue(boolean,Supplier<String>):void	58770e1c0e23df0d48b8	455	4258	4724	154
METHOD_EXIT	org.springframework.util.Assert#hasLength(String,String):void	13ae660fdd178b99b95b	455	4253	4719	236
METHOD_ENTRY	org.springframework.util.Assert#isTrue(boolean,String):void	169bdf8a9b00e21cfde1	413	4236	4660	174
METHOD_ENTRY	org.springframework.util.Assert#notNull(Object,String):void	581147b5a59f09d884cd	413	4240	4664	308
METHOD_EXIT	org.springframework.util.Assert#hasLength(String,Supplier<String>):void	458a6ae12909169b6374	455	4264	4730	267
METHOD_ENTRY	org.springframework.util.Assert#hasLength(String,Supplier<String>):void	55551146f1cae0f83262	413	4253	4677	272
METHOD_EXIT	org.springframework.util.Assert#isNull(Object,String):void	5643e605df515dde1337	455	4252	4718	150
METHOD_EXIT	org.springframework.util.Assert#hasText(String,String):void	9339fc5b74e4998d72fa	455	4253	4719	297
METHOD_ENTRY	org.springframework.util.Assert#doesNotContain(String,String,String):void	3b8dd7c3b0130634c35b	413	4267	4691	286
METHOD_EXIT	org.springframework.util.Assert#doesNotContain(String,String,String):void	e92f97c0cacc5d28b6d5	455	4278	4744	314
METHOD_ENTRY	org.springframework.util.Assert#hasLength(String,String):void	8edf7ad7117965f76541	413	4242	4666	265
METHOD_EXIT	org.springframework.util.Assert#hasText(String,Supplier<String>):void	6675445ec8061fe0d837	455	4264	4730	287
METHOD_EXIT	org.springframework.util.Assert#doesNotContain(String,String,Supplier<String>):void	b1ed1e9577af78378f34	455	4289	4755	337
METHOD_ENTRY	org.springframework.util.Assert#notEmpty(Object @Nullable [],String):void	bfe0dde72f9fb19650c6	413	4250	4674	139
METHOD_EXIT	org.springframework.util.Assert#notEmpty(Object @Nullable [],String):void	3aa95c958ea1644a598f	455	4261	4727	281
METHOD_ENTRY	org.springframework.util.Assert#hasText(String,String):void	92dedbbb4e63d9a9369d	413	4242	4666	286
METHOD_ENTRY	org.springframework.util.Assert#noNullElements(Object @Nullable [],String):void	9cf59e0236c778ed02f2	413	4264	4688	274
METHOD_EXIT	org.springframework.util.Assert#noNullElements(Object @Nullable [],String):void	95233f27371985e4b29b	455	4275	4741	314
METHOD_ENTRY	org.springframework.util.Assert#noNullElements(Object @Nullable [],Supplier<String>):void	d15d8845c2ced6776479	413	4274	4698	311
METHOD_EXIT	org.springframework.util.Assert#notEmpty(Object @Nullable [],Supplier<String>):void	99d2e2443dec7c8010c7	455	4269	4735	241
METHOD_ENTRY	org.springframework.util.Assert#notEmpty(Collection<?>,String):void	05273f65e93a09b2a3ca	413	4246	4670	166
METHOD_EXIT	org.springframework.util.Assert#notEmpty(Collection<?>,String):void	80169168375908cc724c	455	4257	4723	270
METHOD_ENTRY	org.springframework.util.Assert#notEmpty(Collection<?>,Supplier<String>):void	63940f070fd057a81efb	413	4256	4680	264
METHOD_EXIT	org.springframework.util.Assert#noNullElements(Object @Nullable [],Supplier<String>):void	ef6a49ca9419132e60ff	455	4285	4751	287
METHOD_ENTRY	org.springframework.util.Assert#noNullElements(Collection<? extends @Nullable Object>,String):void	d559e9d071a112dd5eed	413	4273	4697	291
METHOD_ENTRY	org.springframework.util.Assert#hasText(String,Supplier<String>):void	66b6724fb3171a4a27dd	413	4253	4677	282
METHOD_EXIT	org.springframework.util.Assert#noNullElements(Collection<? extends @Nullable Object>,String):void	6ae729e968757dd201fa	455	4284	4750	259
METHOD_ENTRY	org.springframework.util.Assert#noNullElements(Collection<? extends @Nullable Object>,Supplier<String>):void	f78c91f51ddd692c8712	413	4283	4707	280
METHOD_EXIT	org.springframework.util.Assert#notEmpty(Collection<?>,Supplier<String>):void	2acc169f1518c4ccbd6c	455	4267	4733	282
METHOD_ENTRY	org.springframework.util.Assert#doesNotContain(String,String,Supplier<String>):void	35e57ffa980d35a1ed40	413	4278	4702	296
METHOD_ENTRY	org.springframework.util.Assert#notEmpty(Map<?, ?>,String):void	9bb04638e3bd87e694b0	413	4248	4672	219
METHOD_ENTRY	org.springframework.util.Assert#notEmpty(Map<?, ?>,Supplier<String>):void	c18e4b126566d9504369	413	4258	4682	228
METHOD_EXIT	org.springframework.util.Assert#notEmpty(Map<?, ?>,Supplier<String>):void	7189ee96db6a7d8f67c0	455	4269	4735	263
METHOD_ENTRY	org.springframework.util.Assert#notEmpty(Object @Nullable [],Supplier<String>):void	c576ebdc335f17db9ef2	413	4258	4682	247
METHOD_EXIT	org.springframework.util.Assert#noNullElements(Collection<? extends @Nullable Object>,Supplier<String>):void	dabf0aa99f5d03fcd262	455	4294	4760	279
METHOD_ENTRY	org.springframework.util.Assert#isInstanceOf(Class<?>,Object,Supplier<String>):void	8ccd3d3c0a881c647a58	413	4285	4709	311
METHOD_EXIT	org.springframework.util.Assert#isInstanceOf(Class<?>,Object,Supplier<String>):void	a7552374a6b689f4e025	455	4296	4762	305
METHOD_ENTRY	org.springframework.util.Assert#isInstanceOf(Class<?>,Object):void	c5dc30dcf4f58a9644f2	413	4235	4659	279
METHOD_ENTRY	org.springframework.util.Assert#isInstanceOf(Class<?>,Object,String):void	5ab1e4ee12de8ff15c3f	413	4274	4698	249
METHOD_EXIT	org.springframework.util.Assert#isAssignable(Class<?>,Class<?>,String):void	b459b9a10406d85fcd44	455	4305	4771	333
METHOD_ENTRY	org.springframework.util.Assert#isAssignable(Class<?>,Class<?>,Supplier<String>):void	e97e58228003c2286673	413	4304	4728	281
METHOD_EXIT	org.springframework.util.Assert#isAssignable(Class<?>,Class<?>,Supplier<String>):void	dcee18a246d41c355271	455	4315	4781	276
METHOD_ENTRY	org.springframework.util.Assert#isAssignable(Class<?>,Class<?>,String):void	6822b00107b3d9592f6d	413	4294	4718	286
METHOD_EXIT	org.springframework.util.Assert#isAssignable(Class<?>,Class<?>):void	0ee32ce852dfe5ad6145	455	4252	4718	321
METHOD_ENTRY	org.springframework.util.Assert#instanceCheckFailed(Class<?>,Object,String):void	3060e94183fedfae9a72	413	4360	4784	280
METHOD_EXIT	org.springframework.util.Assert#instanceCheckFailed(Class<?>,Object,String):void	a74d089712fc49ae7e74	455	4371	4837	278
METHOD_ENTRY	org.springframework.util.Assert#isAssignable(Class<?>,Class<?>):void	4bc3a531447bae866daf	413	4241	4665	290
METHOD_EXIT	org.springframework.util.Assert#assignableCheckFailed(Class<?>,Class<?>,String):void	4379860ce20fbcddf14f	455	4356	4822	339
METHOD_EXIT	org.springframework.util.Assert#isInstanceOf(Class<?>,Object,String):void	83ef9e1bd341f9a7f1b9	455	4285	4751	263
METHOD_ENTRY	org.springframework.util.Assert#endsWithSeparator(String):boolean	d7416dfe7b4b09337939	413	4229	4653	325
METHOD_EXIT	org.springframework.util.Assert#isInstanceOf(Class<?>,Object):void	62e1f4df41bd2111762b	455	4246	4712	279
METHOD_EXIT	org.springframework.util.Assert#endsWithSeparator(String):boolean	2f6b6d811cb24a4e5419	455	4306	4772	367
METHOD_EXIT	org.springframework.util.Assert#notEmpty(Map<?, ?>,String):void	cf70654bec79fea6743d	455	4259	4725	273
METHOD_ENTRY	org.springframework.util.Assert#assignableCheckFailed(Class<?>,Class<?>,String):void	84728eae191d387ba83b	413	4345	4769	336
METHOD_EXIT	org.springframework.util.Assert#nullSafeGet(Supplier<String>):String	8eb47aab795ce522a5b1	455	4306	4772	120
METHOD_EXIT	org.springframework.util.Assert#messageWithTypeName(String,Object):String	32903b484767b3fb6155	455	4314	4780	334
METHOD_ENTRY	org.springframework.util.Assert#messageWithTypeName(String,Object):String	e0041d117970e9d4e8e8	413	4237	4661	286
METHOD_ENTRY	org.springframework.util.Assert#nullSafeGet(Supplier<String>):String	96803c9ddc9bf71b1a66	413	4229	4653	316
METHOD_ENTRY	org.springframework.util.StopWatch#getId():String	b3c162408d84b5890e3f	413	1718	2142	99
METHOD_EXIT	org.springframework.util.StopWatch#getId():String	7c0f205528f002ab54d6	455	1792	2258	158
METHOD_EXIT	org.springframework.util.StopWatch#start(String):void	0273c504c0a58f87a118	455	1784	2250	313
METHOD_EXIT	org.springframework.util.StopWatch#start():void	d316bda42234399a4b29	455	1730	2196	293
METHOD_ENTRY	org.springframework.util.StopWatch#stop():void	fce605833e9d9b7c9a04	413	1827	2251	283
METHOD_EXIT	org.springframework.util.StopWatch#stop():void	bce16ff0b73b73c386a9	455	1838	2304	288
METHOD_ENTRY	org.springframework.util.StopWatch#isRunning():boolean	81cee9749a2aab308bd9	413	1724	2148	254
METHOD_ENTRY	org.springframework.util.StopWatch#setKeepTaskList(boolean):void	ca97e6a9fc96547b4e71	413	1744	2168	183
METHOD_EXIT	org.springframework.util.StopWatch#setKeepTaskList(boolean):void	501472a37650a8b1c100	455	1755	2221	266
METHOD_ENTRY	org.springframework.util.StopWatch#currentTaskName():String	ee89065872e185cf527b	413	1725	2149	256
METHOD_ENTRY	org.springframework.util.StopWatch#start():void	1cd22211ca8135c1851f	413	1719	2143	285
METHOD_ENTRY	org.springframework.util.StopWatch#start(String):void	7053a7164e2ff6a4e7f1	413	1773	2197	232
METHOD_EXIT	org.springframework.util.StopWatch#isRunning():boolean	7cdffdcb1583b88588fe	455	1798	2264	174
METHOD_ENTRY	org.springframework.util.StopWatch#lastTaskInfo():TaskInfo	747b8683ca1bbb4152dd	413	1744	2168	285
METHOD_EXIT	org.springframework.util.StopWatch#getLastTaskInfo():TaskInfo	31b3732328dcfc7fc247	455	1814	2280	277
METHOD_ENTRY	org.springframework.util.StopWatch#getLastTaskName():String	e288628935daeaaf3d4b	413	1741	2165	299
METHOD_EXIT	org.springframework.util.StopWatch#lastTaskInfo():TaskInfo	f0f30ae9da4b0641aa58	455	1819	2285	262
METHOD_EXIT	org.springframework.util.StopWatch#currentTaskName():String	471e669ec0b0690fc955	455	1799	2265	182
METHOD_ENTRY	org.springframework.util.StopWatch#getLastTaskTimeMillis():long	6d1db17a1e7df188e3f9	413	1743	2167	329
METHOD_EXIT	org.springframework.util.StopWatch#getLastTaskTimeNanos():long	b50b25766522ab7db7a0	455	1820	2286	269
METHOD_ENTRY	org.springframework.util.StopWatch#getLastTaskTimeNanos():long	bfedc53b195b221c500d	413	1746	2170	222
METHOD_ENTRY	org.springframework.util.StopWatch#getLastTaskInfo():TaskInfo	9ded704b09082c63f198	413	1739	2163	284
METHOD_EXIT	org.springframework.util.StopWatch#getLastTaskName():String	10ede8903e9d3ac6882d	455	1815	2281	290
METHOD_ENTRY	org.springframework.util.StopWatch#getTaskInfo():TaskInfo[]	d856e2864cbe29651dc1	413	1759	2183	255
METHOD_ENTRY	org.springframework.util.StopWatch#getTaskCount():int	bd3f08b4ee09b059e748	413	1721	2145	215
METHOD_EXIT	org.springframework.util.StopWatch#getTaskCount():int	7191a01480b392373d00	455	1795	2261	163
METHOD_ENTRY	org.springframework.util.StopWatch#getTotalTimeNanos():long	b8ce5ffe7c7916eced82	413	1727	2151	240
METHOD_EXIT	org.springframework.util.StopWatch#getLastTaskTimeMillis():long	f439ffe601549fa748aa	455	1817	2283	288
METHOD_EXIT	org.springframework.util.StopWatch#getTotalTimeSeconds():double	8bfa7c86f58d375e3072	455	1800	2266	190
METHOD_ENTRY	org.springframework.util.StopWatch#getTotalTime(TimeUnit):double	1e7789c5612bd134fd20	413	1748	2172	319
METHOD_EXIT	org.springframework.util.StopWatch#getTaskInfo():TaskInfo[]	5ff9d37a50db58512b2f	455	1834	2300	275
METHOD_ENTRY	org.springframework.util.StopWatch#getTotalTimeSeconds():double	b8eaaff39cefc2fb37df	413	1726	2150	288
METHOD_EXIT	org.springframework.util.StopWatch#getTotalTimeNanos():long	391e57451651b8909125	455	1801	2267	266
METHOD_ENTRY	org.springframework.util.StopWatch#getTotalTimeMillis():long	c3d802644c9a5e071c99	413	1732	2156	218
METHOD_EXIT	org.springframework.util.StopWatch#prettyPrint():String	a82968ce7fc3df968c73	455	1796	2262	282
METHOD_EXIT	org.springframework.util.StopWatch#getTotalTime(TimeUnit):double	ab5ff1308434bf208298	455	1825	2291	266
METHOD_EXIT	org.springframework.util.StopWatch#getTotalTimeMillis():long	177cb7e9fe0b5cff72ad	455	1806	2272	288
METHOD_ENTRY	org.springframework.util.StopWatch#prettyPrint():String	0bf4508ab53dc77c0c96	413	1722	2146	294
METHOD_ENTRY	org.springframework.util.StopWatch#prettyPrint(TimeUnit):String	8eb371eab833c758ba5c	413	2148	2572	244
METHOD_ENTRY	org.springframework.util.StopWatch#toString():String	a99861b9d504e7952a71	413	1837	2261	203
METHOD_ENTRY	org.springframework.util.StopWatch#shortSummary():String	7d7122eb13a202847d9b	413	1738	2162	257
METHOD_EXIT	org.springframework.util.StopWatch#prettyPrint(TimeUnit):String	f07d25c4f6a33f82b5ac	455	2225	2691	334
METHOD_EXIT	org.springframework.util.StopWatch#shortSummary():String	c0b02cd0cfab159c6585	455	1812	2278	265
METHOD_ENTRY	org.springframework.util.StopWatch#getTimeNanos():long	428911dc5cf02658222b	413	1725	2149	66
METHOD_EXIT	org.springframework.util.StopWatch#getTimeNanos():long	a88147bbcb3acb8243b7	455	1799	2265	124
METHOD_ENTRY	org.springframework.util.StopWatch#getTaskName():String	a6091e63ac6b74f990b1	413	1722	2146	293
METHOD_EXIT	org.springframework.util.StopWatch#toString():String	22aebbc95b03897d9194	455	1911	2377	324
METHOD_ENTRY	org.springframework.util.StopWatch#getTimeMillis():long	f31d1a0b63f60989fc8a	413	1730	2154	330
METHOD_EXIT	org.springframework.util.StopWatch#getTaskName():String	4c38106bcb15619e36fe	455	1796	2262	285
METHOD_EXIT	org.springframework.util.StopWatch#getTimeMillis():long	fe19c89d8f082845fbac	455	1804	2270	239
METHOD_ENTRY	org.springframework.util.TaskInfo#getTimeNanos():long	c6cd336175d7c60ff74a	413	385	809	58
METHOD_ENTRY	org.springframework.util.StopWatch#getTimeSeconds():double	2c3fa4f1b918f144c968	413	1724	2148	151
METHOD_ENTRY	org.springframework.util.TaskInfo#getTaskName():String	c99febdbfdef4f11fe0d	413	382	806	162
METHOD_ENTRY	org.springframework.util.StopWatch#getTime(TimeUnit):double	a838170f1de7345a8f08	413	1746	2170	289
METHOD_ENTRY	org.springframework.util.TaskInfo#getTimeMillis():long	a0a6b6df6e1cd8074418	413	390	814	145
METHOD_EXIT	org.springframework.util.TaskInfo#getTaskName():String	7da6ac9a92290b307be7	455	456	922	233
METHOD_EXIT	org.springframework.util.TaskInfo#getTimeNanos():long	fdd38959ec78e1c97d79	455	459	925	101
METHOD_EXIT	org.springframework.util.StopWatch#getTimeSeconds():double	cc01b293251bf02371a8	455	1798	2264	283
METHOD_EXIT	org.springframework.util.TaskInfo#getTimeMillis():long	96c0698e5c12bb349333	455	464	930	246
METHOD_EXIT	org.springframework.util.TaskInfo#getTimeSeconds():double	ea17c73fd3a664116e45	455	458	924	155
METHOD_ENTRY	org.springframework.util.TaskInfo#getTimeSeconds():double	f4f5ef97c66163c35c5e	413	384	808	91
METHOD_EXIT	org.springframework.util.function.ThrowingConsumer#accept(T):void	6e92c5e0f4df03d750d9	455	1036	1502	155
METHOD_ENTRY	org.springframework.util.function.ThrowingConsumer#accept(T):void	d1c3ddd3c94c3c710294	413	1025	1449	207
METHOD_ENTRY	org.springframework.util.TaskInfo#getTime(TimeUnit):double	04bf8d818c62219d3f34	413	406	830	184
METHOD_ENTRY	org.springframework.util.function.ThrowingConsumer#throwing(BiFunction<String, Exception, RuntimeException>):ThrowingConsumer<T>	fae18469d999d9825635	413	1113	1537	165
METHOD_EXIT	org.springframework.util.StopWatch#getTime(TimeUnit):double	a9fe4f16ecb8de36a41e	455	1823	2289	285
METHOD_EXIT	org.springframework.util.function.ThrowingConsumer#accept(T,BiFunction<String, Exception, RuntimeException>):void	a359863b25a534d11741	455	1107	1573	282
METHOD_ENTRY	org.springframework.util.function.ThrowingConsumer#accept(T,BiFunction<String, Exception, RuntimeException>):void	e81998ae941091fb3028	413	1096	1520	202
METHOD_EXIT	org.springframework.util.function.ThrowingConsumer#acceptWithException(T):void	962d5e475ac433602ff6	455	1011	1477	5
METHOD_EXIT	org.springframework.util.function.ThrowingConsumer#accept(T):void	6e92c5e0f4df03d750d9	455	1036	1502	155
METHOD_ENTRY	org.springframework.util.function.ThrowingConsumer#accept(T):void	d1c3ddd3c94c3c710294	413	1025	1449	207
METHOD_EXIT	org.springframework.util.function.ThrowingConsumer#throwing(BiFunction<String, Exception, RuntimeException>):ThrowingConsumer<T>	8348c2629450d0b4cbeb	455	1193	1659	281
METHOD_ENTRY	org.springframework.util.function.ThrowingConsumer#of(ThrowingConsumer<T>):ThrowingConsumer<T>	71cd7d95c704482edae5	413	1040	1464	138
METHOD_ENTRY	org.springframework.util.function.ThrowingConsumer#acceptWithException(T):void	7ef29cd4da9206456999	413	1000	1424	5
METHOD_ENTRY	org.springframework.util.function.ThrowingConsumer#of(ThrowingConsumer<T>,BiFunction<String, Exception, RuntimeException>):ThrowingConsumer<T>	eef2aff106fbc24da5b5	413	1080	1504	271
METHOD_EXIT	org.springframework.util.TaskInfo#getTime(TimeUnit):double	8d7bde43224237b2a7a0	455	483	949	300
METHOD_EXIT	org.springframework.util.function.ThrowingConsumer#of(ThrowingConsumer<T>,BiFunction<String, Exception, RuntimeException>):ThrowingConsumer<T>	27a2d721e220bdea5007	455	1160	1626	303
METHOD_EXIT	org.springframework.util.function.ThrowingSupplier#get():T	078be63579b45f440259	455	1073	1539	131
METHOD_EXIT	org.springframework.util.function.ThrowingConsumer#of(ThrowingConsumer<T>):ThrowingConsumer<T>	26748997208947b1012b	455	1120	1586	140
METHOD_ENTRY	org.springframework.util.function.ThrowingSupplier#throwing(BiFunction<String, Exception, RuntimeException>):ThrowingSupplier<T>	5180686006e69aae17af	413	1088	1512	136
METHOD_ENTRY	org.springframework.util.function.ThrowingSupplier#getWithException():T	1ebb07caf9e49413e351	413	980	1404	5
METHOD_EXIT	org.springframework.util.function.ThrowingSupplier#getWithException():T	909dc83bdd98891ed2a0	455	991	1457	60
METHOD_EXIT	org.springframework.util.function.ThrowingSupplier#get():T	078be63579b45f440259	455	1073	1539	131
METHOD_ENTRY	org.springframework.util.function.ThrowingSupplier#of(ThrowingSupplier<T>):ThrowingSupplier<T>	a1da26aeda29103e5492	413	1022	1446	148
METHOD_EXIT	org.springframework.util.function.ThrowingSupplier#throwing(BiFunction<String, Exception, RuntimeException>):ThrowingSupplier<T>	1ac3dcbadf70bdc3bce1	455	1168	1634	288
METHOD_EXIT	org.springframework.util.function.ThrowingSupplier#of(ThrowingSupplier<T>):ThrowingSupplier<T>	257aaaf9e0875eb3aed6	455	1102	1568	56
METHOD_EXIT	org.springframework.util.function.ThrowingSupplier#get(BiFunction<String, Exception, RuntimeException>):T	3048b0d9b075f9e7c266	455	1145	1611	182
METHOD_ENTRY	org.springframework.util.function.ThrowingSupplier#of(ThrowingSupplier<T>,BiFunction<String, Exception, RuntimeException>):ThrowingSupplier<T>	186e38e262fc3184cb1b	413	1062	1486	187
METHOD_EXIT	org.springframework.util.function.IOConsumer#accept(C):void	f4fdbc21a944c654244d	455	601	1067	233
METHOD_EXIT	org.springframework.util.function.ThrowingSupplier#of(ThrowingSupplier<T>,BiFunction<String, Exception, RuntimeException>):ThrowingSupplier<T>	d3c995df9a93ee36620f	455	1142	1608	201
METHOD_ENTRY	org.springframework.util.function.ThrowingSupplier#get():T	00dda67ee37f9ba2cc99	413	999	1423	5
METHOD_ENTRY	org.springframework.util.function.ThrowingSupplier#get():T	00dda67ee37f9ba2cc99	413	999	1423	5
METHOD_EXIT	org.springframework.util.function.SingletonSupplier#get():T	de74b017355b619f9885	455	1103	1569	304
METHOD_ENTRY	org.springframework.util.function.SingletonSupplier#obtain():T	85377ab96b4cc07d63b4	413	861	1285	68
METHOD_EXIT	org.springframework.util.function.SingletonSupplier#obtain():T	97d878eba67fe8a7d3eb	455	935	1401	50
METHOD_ENTRY	org.springframework.util.function.IOConsumer#accept(C):void	b44aba7e1f9b5ee705f2	413	590	1014	230
METHOD_ENTRY	org.springframework.util.function.ThrowingSupplier#get(BiFunction<String, Exception, RuntimeException>):T	dfad93f2ef0840a163b4	413	1068	1492	224
METHOD_ENTRY	org.springframework.util.function.SingletonSupplier#ofNullable(T):SingletonSupplier<T>	89c04dd3b93cf0ea14b5	413	891	1315	248
METHOD_EXIT	org.springframework.util.function.SingletonSupplier#ofNullable(T):SingletonSupplier<T>	d7ba748e859b696e5159	455	970	1436	293
METHOD_ENTRY	org.springframework.util.function.SingletonSupplier#of(Supplier<T>):SingletonSupplier<T>	f484a138f5818a1450b6	413	870	1294	100
METHOD_EXIT	org.springframework.util.function.SingletonSupplier#ofNullable(Supplier<T>):SingletonSupplier<T>	4b8e813a074718e457d1	455	975	1441	293
METHOD_ENTRY	org.springframework.util.function.SingletonSupplier#get():T	e9408f8d5bd3f47ade4f	413	1029	1453	286
METHOD_ENTRY	org.springframework.util.function.ThrowingBiFunction#apply(T,U):R	5d7b52da175c23cde4df	413	1219	1643	29
METHOD_EXIT	org.springframework.util.function.ThrowingBiFunction#apply(T,U):R	275648cbe8bb8d4a1bd8	455	1296	1762	273
METHOD_ENTRY	org.springframework.util.function.SingletonSupplier#of(T):SingletonSupplier<T>	980b2b8f1d01b8a307a4	413	860	1284	99
METHOD_ENTRY	org.springframework.util.function.ThrowingBiFunction#apply(T,U,BiFunction<String, Exception, RuntimeException>):R	b9b7975591e22a2a56ce	413	1290	1714	231
METHOD_ENTRY	org.springframework.util.function.ThrowingBiFunction#throwing(BiFunction<String, Exception, RuntimeException>):ThrowingBiFunction<T, U, R>	5f7ceec493993548e1d1	413	1318	1742	306
METHOD_EXIT	org.springframework.util.function.SingletonSupplier#of(T):SingletonSupplier<T>	fbf304a14bb6013c6597	455	939	1405	269
METHOD_EXIT	org.springframework.util.function.ThrowingBiFunction#throwing(BiFunction<String, Exception, RuntimeException>):ThrowingBiFunction<T, U, R>	9e227f58d3e128b6e56b	455	1403	1869	299
METHOD_ENTRY	org.springframework.util.function.ThrowingBiFunction#apply(T,U):R	5d7b52da175c23cde4df	413	1219	1643	29
METHOD_EXIT	org.springframework.util.function.ThrowingBiFunction#applyWithException(T,U):R	1c9ebddc53992304a0f2	455	1195	1661	5
METHOD_EXIT	org.springframework.util.function.ThrowingBiFunction#apply(T,U):R	275648cbe8bb8d4a1bd8	455	1296	1762	273
METHOD_EXIT	org.springframework.util.function.SingletonSupplier#of(Supplier<T>):SingletonSupplier<T>	a6f14f44cb8bcf1f0cde	455	949	1415	271
METHOD_ENTRY	org.springframework.util.function.ThrowingBiFunction#of(ThrowingBiFunction<T, U, R>):ThrowingBiFunction<T, U, R>	cfcb167e81c6d457912e	413	1252	1676	121
METHOD_ENTRY	org.springframework.util.function.ThrowingBiFunction#applyWithException(T,U):R	2d63901b306af61ebe71	413	1184	1608	54
METHOD_ENTRY	org.springframework.util.function.SingletonSupplier#ofNullable(Supplier<T>):SingletonSupplier<T>	16cbadee84312c1366a2	413	896	1320	259
METHOD_EXIT	org.springframework.util.function.ThrowingBiFunction#of(ThrowingBiFunction<T, U, R>):ThrowingBiFunction<T, U, R>	9711be0ae57761eae24a	455	1337	1803	126
METHOD_ENTRY	org.springframework.util.function.ThrowingBiFunction#of(ThrowingBiFunction<T, U, R>,BiFunction<String, Exception, RuntimeException>):ThrowingBiFunction<T, U, R>	e1c7907a0b64ef400d78	413	1292	1716	210
METHOD_EXIT	org.springframework.util.function.ThrowingBiFunction#apply(T,U,BiFunction<String, Exception, RuntimeException>):R	5c563f3c1a44d50f5ad3	455	1367	1833	208
METHOD_EXIT	org.springframework.util.function.ThrowingFunction#apply(T):R	8c27d455615fa7010880	455	1157	1623	173
METHOD_EXIT	org.springframework.util.function.ThrowingFunction#apply(T,BiFunction<String, Exception, RuntimeException>):R	a5fee988d9d0b9907efa	455	1228	1694	286
METHOD_ENTRY	org.springframework.util.function.ThrowingFunction#throwing(BiFunction<String, Exception, RuntimeException>):ThrowingFunction<T, R>	945d6b15edd509a86e0f	413	1172	1596	290
METHOD_ENTRY	org.springframework.util.function.ThrowingFunction#applyWithException(T):R	81cc34aeadd8048484dd	413	1055	1479	5
METHOD_EXIT	org.springframework.util.function.ThrowingFunction#applyWithException(T):R	9e944b59ae588761c956	455	1066	1532	5
METHOD_EXIT	org.springframework.util.function.ThrowingFunction#throwing(BiFunction<String, Exception, RuntimeException>):ThrowingFunction<T, R>	02ea80c011952210052a	455	1254	1720	235
METHOD_EXIT	org.springframework.util.function.ThrowingFunction#apply(T):R	8c27d455615fa7010880	455	1157	1623	173
METHOD_ENTRY	org.springframework.util.function.ThrowingFunction#of(ThrowingFunction<T, R>):ThrowingFunction<T, R>	cc2a727a8e2ba306ea53	413	1107	1531	113
METHOD_EXIT	org.springframework.util.function.ThrowingFunction#of(ThrowingFunction<T, R>):ThrowingFunction<T, R>	869e96183f145658d7f0	455	1189	1655	50
METHOD_ENTRY	org.springframework.util.function.ThrowingFunction#apply(T,BiFunction<String, Exception, RuntimeException>):R	15d11d065378c3336f9d	413	1151	1575	220
METHOD_ENTRY	org.springframework.util.InvalidMimeTypeException#getMimeType():String	d2fd4e5c4cdf415290ad	413	477	901	176
METHOD_EXIT	org.springframework.util.InvalidMimeTypeException#getMimeType():String	f5650ee725a5c0132a76	455	551	1017	239
METHOD_ENTRY	org.springframework.util.function.ThrowingFunction#apply(T):R	9bb6dfe15142a7ec9a80	413	1080	1504	61
METHOD_ENTRY	org.springframework.util.function.ThrowingFunction#apply(T):R	9bb6dfe15142a7ec9a80	413	1080	1504	61
METHOD_ENTRY	org.springframework.util.function.ThrowingFunction#of(ThrowingFunction<T, R>,BiFunction<String, Exception, RuntimeException>):ThrowingFunction<T, R>	0952ad0062af90c9b542	413	1147	1571	275
METHOD_EXIT	org.springframework.util.function.ThrowingFunction#of(ThrowingFunction<T, R>,BiFunction<String, Exception, RuntimeException>):ThrowingFunction<T, R>	98b9cecba8bc5d82ef49	455	1229	1695	272
METHOD_EXIT	org.springframework.util.function.ThrowingBiFunction#of(ThrowingBiFunction<T, U, R>,BiFunction<String, Exception, RuntimeException>):ThrowingBiFunction<T, U, R>	e4e2b2ba4991dc050683	455	1377	1843	281
METHOD_ENTRY	org.springframework.util.concurrent.FutureUtils#callAsync(Callable<T>):CompletableFuture<T>	0ad096ac4c80285da801	413	684	1108	63
METHOD_ENTRY	org.springframework.util.concurrent.FutureUtils#callAsync(Callable<T>,Executor):CompletableFuture<T>	9c4868d2c0c6369ccf5b	413	710	1134	173
METHOD_ENTRY	org.springframework.util.concurrent.FutureUtils#toSupplier(Callable<T>,CompletableFuture<T>):Supplier<T>	ddfc2843bb4664926870	413	789	1213	257
METHOD_ENTRY	org.springframework.util.concurrent.DelegatingCompletableFuture#cancel(boolean):boolean	d2a8b981aab4954417f1	413	503	927	111
METHOD_EXIT	org.springframework.util.concurrent.DelegatingCompletableFuture#cancel(boolean):boolean	18df6f8cb1fe6896258d	455	580	1046	177
METHOD_EXIT	org.springframework.util.concurrent.FutureUtils#callAsync(Callable<T>,Executor):CompletableFuture<T>	3613954eb356a92236c2	455	789	1255	256
METHOD_EXIT	org.springframework.util.concurrent.FutureUtils#callAsync(Callable<T>):CompletableFuture<T>	24adae08908bd629c1a2	455	763	1229	266
METHOD_EXIT	org.springframework.util.concurrent.FutureUtils#toSupplier(Callable<T>,CompletableFuture<T>):Supplier<T>	c20c4ad15cc49ce5dce2	455	799	1265	239
METHOD_EXIT	org.springframework.util.FileCopyUtils#copy(byte[],File):void	024a57d7c4484201766b	455	1124	1590	230
METHOD_ENTRY	org.springframework.util.FileCopyUtils#copy(byte[],File):void	f070697f01f11779e633	413	1113	1537	264
METHOD_EXIT	org.springframework.util.FileCopyUtils#copy(File,File):int	333da76aa8d091391f2b	455	1198	1664	216
METHOD_ENTRY	org.springframework.util.FileCopyUtils#copyToByteArray(File):byte[]	c76499bb9de845118bc0	413	1097	1521	248
METHOD_EXIT	org.springframework.util.FileCopyUtils#copyToByteArray(File):byte[]	73a7f1860a18c27a7a23	455	1174	1640	252
METHOD_ENTRY	org.springframework.util.FileCopyUtils#copy(InputStream,OutputStream):int	bae88c9ab7ae2d537090	413	1138	1562	255
METHOD_ENTRY	org.springframework.util.FileCopyUtils#copyToByteArray(InputStream):byte[]	bddd8777694cc76a9e39	413	1114	1538	272
METHOD_ENTRY	org.springframework.util.FileCopyUtils#copy(byte[],OutputStream):void	d8aa29761323ef901d6c	413	1120	1544	335
METHOD_ENTRY	org.springframework.util.FileCopyUtils#copy(File,File):int	e6908111b544c2d8c9b7	413	1121	1545	194
METHOD_EXIT	org.springframework.util.FileCopyUtils#copy(Reader,Writer):int	2ccf1443a02c4afdc846	455	1211	1677	305
METHOD_EXIT	org.springframework.util.FileCopyUtils#copy(byte[],OutputStream):void	b223130c3e720287a095	455	1131	1597	225
METHOD_EXIT	org.springframework.util.FileCopyUtils#copy(InputStream,OutputStream):int	889a61ced7731b50f3f4	455	1215	1681	273
METHOD_ENTRY	org.springframework.util.FileCopyUtils#copy(Reader,Writer):int	ed3946cd0e6b4d943ed1	413	1134	1558	302
METHOD_EXIT	org.springframework.util.FileCopyUtils#copy(String,Writer):void	f43d39fd3357c121b3ed	455	1125	1591	203
METHOD_ENTRY	org.springframework.util.FileCopyUtils#copy(String,Writer):void	67c4d55a0e2ee34dbc9c	413	1114	1538	182
METHOD_ENTRY	org.springframework.util.MultiValueMap#addIfAbsent(K,V):void	7f8e32c1c45558269895	413	1187	1611	157
METHOD_EXIT	org.springframework.util.FileCopyUtils#copyToString(Reader):String	955369a2ac63b011c11a	455	1190	1656	288
METHOD_EXIT	org.springframework.util.FileCopyUtils#copyToByteArray(InputStream):byte[]	fb8f3069958c8784c480	455	1191	1657	252
METHOD_EXIT	org.springframework.util.MultiValueMap#asSingleValueMap():Map<K, V>	c1b9b56809074c2003f9	455	1253	1719	305
METHOD_ENTRY	org.springframework.util.MultiValueMap#fromMultiValue(Map<K, List<V>>):MultiValueMap<K, V>	fbb10c93a47cb9dad0ea	413	1212	1636	279
METHOD_EXIT	org.springframework.util.MultiValueMap#fromSingleValue(Map<K, V>):MultiValueMap<K, V>	7bf406035a75d97e1207	455	1292	1758	335
METHOD_EXIT	org.springframework.util.MultiValueMap#fromMultiValue(Map<K, List<V>>):MultiValueMap<K, V>	3419addaea4fae6e8cab	455	1294	1760	358
METHOD_ENTRY	org.springframework.util.MultiValueMap#asSingleValueMap():Map<K, V>	ad55bce1be5ea5be5c92	413	1176	1600	31
METHOD_ENTRY	org.springframework.util.MultiValueMap#fromSingleValue(Map<K, V>):MultiValueMap<K, V>	3058313c982dd3b2549a	413	1210	1634	297
METHOD_EXIT	org.springframework.util.MultiValueMap#addIfAbsent(K,V):void	9547528ee859ed982a77	455	1198	1664	285
METHOD_ENTRY	org.springframework.util.FileCopyUtils#copyToString(Reader):String	3220164b9818bf84c80a	413	1113	1537	250
METHOD_ENTRY	org.springframework.util.AntPathMatcher#setCaseSensitive(boolean):void	38dab08c1306c961ea9a	413	2933	3357	59
METHOD_EXIT	org.springframework.util.AntPathMatcher#setPathSeparator(String):void	0688c923a5baf4c1c674	455	2972	3438	313
METHOD_EXIT	org.springframework.util.AntPathMatcher#setCaseSensitive(boolean):void	d5b3cd5e6f9db3107c5c	455	2944	3410	229
METHOD_EXIT	org.springframework.util.AntPathMatcher#setTrimTokens(boolean):void	32fe664fc2c64b1f9182	455	2944	3410	97
METHOD_ENTRY	org.springframework.util.AntPathMatcher#setTrimTokens(boolean):void	1c2595a9a48e0bb403f0	413	2933	3357	51
METHOD_ENTRY	org.springframework.util.AntPathMatcher#setPathSeparator(String):void	1437cd222815089587f5	413	2961	3385	302
METHOD_ENTRY	org.springframework.util.AntPathMatcher#isPattern(String):boolean	65ea7012b8e01d4611af	413	3040	3464	301
METHOD_ENTRY	org.springframework.util.AntPathMatcher#setCachePatterns(boolean):void	ecd709027126745d0afa	413	2933	3357	54
METHOD_EXIT	org.springframework.util.AntPathMatcher#deactivatePatternCache():void	bc637e8f3e3d4f8cca44	455	2953	3419	165
METHOD_ENTRY	org.springframework.util.AntPathMatcher#deactivatePatternCache():void	60faaefea6f7f8f839d4	413	2942	3366	229
METHOD_EXIT	org.springframework.util.AntPathMatcher#setCachePatterns(boolean):void	cf05704b3c1d177259a7	455	2944	3410	130
METHOD_EXIT	org.springframework.util.AntPathMatcher#isPattern(String):boolean	f4e30426400598b1fc47	455	3117	3583	372
METHOD_ENTRY	org.springframework.util.AntPathMatcher#match(String,String):boolean	eae925f36b4496973e9b	413	2943	3367	250
METHOD_ENTRY	org.springframework.util.AntPathMatcher#matchStart(String,String):boolean	ff5212e15253d83bd7a9	413	2945	3369	299
METHOD_ENTRY	org.springframework.util.AntPathMatcher#doMatch(String,String,boolean,Map<String, String>):boolean	fe83c82ec2169ddaa8a3	413	4042	4466	265
METHOD_ENTRY	org.springframework.util.AntPathMatcher#isPotentialMatch(String,String[]):boolean	ac7618a8c87830da054a	413	3054	3478	245
METHOD_EXIT	org.springframework.util.AntPathMatcher#isPotentialMatch(String,String[]):boolean	1033fc8c231c728fc22b	455	3131	3597	257
METHOD_EXIT	org.springframework.util.AntPathMatcher#matchStart(String,String):boolean	bf5127a91e1c36c5b37f	455	3022	3488	324
METHOD_EXIT	org.springframework.util.AntPathMatcher#doMatch(String,String,boolean,Map<String, String>):boolean	fae2486744e02b8ca458	455	4119	4585	317
METHOD_EXIT	org.springframework.util.AntPathMatcher#skipSegment(String,int,String):int	f996e16eaa535abdace8	455	3120	3586	237
METHOD_ENTRY	org.springframework.util.AntPathMatcher#skipSeparator(String,int,String):int	76dfbf18a0b13a20bcc1	413	2975	3399	250
METHOD_EXIT	org.springframework.util.AntPathMatcher#match(String,String):boolean	a633661732a9d2d1b43b	455	3020	3486	359
METHOD_EXIT	org.springframework.util.AntPathMatcher#skipSeparator(String,int,String):int	5f040777115ab9c55703	455	3052	3518	369
METHOD_ENTRY	org.springframework.util.AntPathMatcher#isWildcardChar(char):boolean	b8015b54642b4d990cc9	413	2960	3384	260
METHOD_EXIT	org.springframework.util.AntPathMatcher#isWildcardChar(char):boolean	dfdad4c09257800b028c	455	3037	3503	414
METHOD_ENTRY	org.springframework.util.AntPathMatcher#tokenizePath(String):String[]	60f3ba8df6badbfd2a07	413	2946	3370	244
METHOD_EXIT	org.springframework.util.AntPathMatcher#tokenizePattern(String):String[]	077afaddd7651a0ff828	455	3184	3650	322
METHOD_ENTRY	org.springframework.util.AntPathMatcher#matchStrings(String,String,Map<String, String>):boolean	bb6cb6b5618a3851ac4f	413	2974	3398	247
METHOD_EXIT	org.springframework.util.AntPathMatcher#matchStrings(String,String,Map<String, String>):boolean	fdec689818478762ae88	455	3051	3517	331
METHOD_ENTRY	org.springframework.util.AntPathMatcher#skipSegment(String,int,String):int	cc1987d15850a78b92a2	413	3043	3467	279
METHOD_ENTRY	org.springframework.util.AntPathMatcher#getStringMatcher(String):AntPathStringMatcher	0b708d51cdc69bb70633	413	3117	3541	265
METHOD_EXIT	org.springframework.util.AntPathMatcher#getStringMatcher(String):AntPathStringMatcher	0bf11e30b05d16972cdc	455	3197	3663	307
METHOD_ENTRY	org.springframework.util.AntPathMatcher#extractPathWithinPattern(String,String):String	e577ee0a62ba7707d0bd	413	3127	3551	302
METHOD_EXIT	org.springframework.util.AntPathMatcher#tokenizePath(String):String[]	c6de624670e4d46c401c	455	3023	3489	286
METHOD_EXIT	org.springframework.util.AntPathMatcher#extractPathWithinPattern(String,String):String	7f727d60701ec8d1c618	455	3204	3670	346
METHOD_ENTRY	org.springframework.util.AntPathMatcher#tokenizePattern(String):String[]	a04b3c627d6c38411801	413	3107	3531	246
METHOD_ENTRY	org.springframework.util.AntPathMatcher#extractUriTemplateVariables(String,String):Map<String, String>	00a0907b076fb8ced4de	413	3009	3433	230
METHOD_ENTRY	org.springframework.util.AntPathMatcher#combine(String,String):String	2ca1975988c62a75fa97	413	3479	3903	363
METHOD_EXIT	org.springframework.util.AntPathMatcher#combine(String,String):String	f1e4a6fc2e40a46561d1	455	3556	4022	355
METHOD_ENTRY	org.springframework.util.AntPathMatcher#concat(String,String):String	3b018e0b7b0bfcd94dde	413	3041	3465	282
METHOD_ENTRY	org.springframework.util.AntPathMatcher#getPatternComparator(String):Comparator<String>	ee7ecfe90a09cb3542aa	413	2941	3365	318
METHOD_ENTRY	org.springframework.util.AntPathMatcher#getGlobPattern(String):Pattern	6d2206b80f7297adb4a0	413	2974	3398	216
METHOD_EXIT	org.springframework.util.AntPathMatcher#getGlobPattern(String):Pattern	fda26d68b02d673bbe5b	455	3051	3517	280
METHOD_EXIT	org.springframework.util.AntPathMatcher#quote(String,int,int):String	38bd9c0544635367b98e	455	3040	3506	266
METHOD_EXIT	org.springframework.util.AntPathMatcher#extractUriTemplateVariables(String,String):Map<String, String>	43ec194bf6813198ad18	455	3089	3555	309
METHOD_ENTRY	org.springframework.util.AntPathMatcher#quote(String,int,int):String	d8eb9fa5d6203e11af1e	413	2963	3387	270
METHOD_EXIT	org.springframework.util.AntPathMatcher#concat(String,String):String	a084bc12a52a93839361	455	3118	3584	322
METHOD_ENTRY	org.springframework.util.AntPathMatcher#matchStrings(String,Map<String, String>):boolean	01ce87f12aa3dda14239	413	3225	3649	217
METHOD_EXIT	org.springframework.util.AntPathMatcher#getPatternComparator(String):Comparator<String>	db1c8b4953ad071da631	455	3019	3485	273
METHOD_EXIT	org.springframework.util.AntPathMatcher#matchStrings(String,Map<String, String>):boolean	855c6d0a6eacdb082ccb	455	3302	3768	318
METHOD_EXIT	org.springframework.util.AntPathMatcher#length():int	1c21de856fdd7a511339	455	2999	3465	187
METHOD_EXIT	org.springframework.util.AntPathMatcher#isEmpty():boolean	bfd9a04b632cb26b24c4	455	3002	3468	191
METHOD_EXIT	org.springframework.util.AntPathMatcher#charAt(int):char	2392bb864d31d0b5abf7	455	3048	3514	216
METHOD_EXIT	org.springframework.util.AntPathMatcher#subSequence(int,int):CharSequence	b64bb5a315c82d1c8731	455	3032	3498	262
METHOD_ENTRY	org.springframework.util.AntPathMatcher#toString():String	936466b2ceb47d4ef915	413	2926	3350	243
METHOD_ENTRY	org.springframework.util.AntPathMatcher#subSequence(int,int):CharSequence	67e6c2572c0d9aa2b5e8	413	2954	3378	249
METHOD_EXIT	org.springframework.util.AntPathMatcher#toString():String	0047c633c5296f282e23	455	3000	3466	234
METHOD_ENTRY	org.springframework.util.AntPathMatcher#charAt(int):char	758cbcbd4c0418b5c2ec	413	2971	3395	1629
METHOD_ENTRY	org.springframework.util.AntPathMatcher#isEmpty():boolean	cc0da68425800f2a988c	413	2928	3352	164
METHOD_ENTRY	org.springframework.util.AntPathMatcher#initCounters():void	b4b1ef0be908322b94fe	413	3085	3509	282
METHOD_ENTRY	org.springframework.util.AntPathMatcher#getUriVars():int	2e6350fb24c108f87fff	413	2925	3349	47
METHOD_ENTRY	org.springframework.util.AntPathMatcher#length():int	23edead42832a6291285	413	2925	3349	112
METHOD_EXIT	org.springframework.util.AntPathMatcher#compare(String,String):int	c83b18b63bd313622385	455	3467	3933	416
METHOD_ENTRY	org.springframework.util.AntPathMatcher#compare(String,String):int	de758bf7e26e4b269518	413	3390	3814	263
METHOD_EXIT	org.springframework.util.AntPathMatcher#getSingleWildcards():int	fefb83d7d20e61bf66fd	455	3002	3468	101
METHOD_EXIT	org.springframework.util.AntPathMatcher#initCounters():void	977bf614d44f9ddb311f	455	3096	3562	282
METHOD_ENTRY	org.springframework.util.AntPathMatcher#getDoubleWildcards():int	04e58977d4b8dd344a1b	413	2928	3352	42
METHOD_ENTRY	org.springframework.util.AntPathMatcher#isPrefixPattern():boolean	98fc7dff979916120d41	413	2926	3350	246
METHOD_ENTRY	org.springframework.util.AntPathMatcher#getSingleWildcards():int	063ca1d81c1473daa73f	413	2928	3352	173
METHOD_EXIT	org.springframework.util.AntPathMatcher#getUriVars():int	ac9ea23de41d2765f280	455	2999	3465	95
METHOD_ENTRY	org.springframework.util.AntPathMatcher#getTotalCount():int	e0032e7fa87e4ce90b5d	413	2938	3362	291
METHOD_EXIT	org.springframework.util.AntPathMatcher#getDoubleWildcards():int	a365020c2395b299cbc3	455	3002	3468	116
METHOD_EXIT	org.springframework.util.AntPathMatcher#isLeastSpecific():boolean	465e4296880db8b5a06a	455	3007	3473	271
METHOD_ENTRY	org.springframework.util.AntPathMatcher#isLeastSpecific():boolean	e856479f1393690093f4	413	2933	3357	197
METHOD_EXIT	org.springframework.util.AntPathMatcher#getTotalCount():int	f3e9271668274e7bd65e	455	3012	3478	314
METHOD_EXIT	org.springframework.util.AntPathMatcher#isPrefixPattern():boolean	e77f60065addefb26a09	455	3000	3466	88
METHOD_ENTRY	org.springframework.util.AntPathMatcher#getLength():int	f43b6c081396a8c88dce	413	2962	3386	318
METHOD_ENTRY	org.springframework.util.AntPathMatcher#getEndsOnWildCard():String	3ffa570c6b3cdc82e13a	413	2931	3355	272
METHOD_EXIT	org.springframework.util.AntPathMatcher#getEndsOnWildCard():String	119923fc2a78bfba43ec	455	3005	3471	323
METHOD_ENTRY	org.springframework.util.AntPathStringMatcher#getGlobPattern(String):Pattern	541cc99ce0b7de8fda76	413	434	858	282
METHOD_ENTRY	org.springframework.util.AntPathStringMatcher#quote(String,int,int):String	ca3e3419ba2938e449c4	413	423	847	234
METHOD_EXIT	org.springframework.util.AntPathStringMatcher#getGlobPattern(String):Pattern	92141bfde3aeb947ea66	455	511	977	314
METHOD_EXIT	org.springframework.util.AntPathStringMatcher#quote(String,int,int):String	70dd694ac8c84030ff6b	455	500	966	326
METHOD_EXIT	org.springframework.util.AntPathMatcher#getLength():int	e0bcf5ba5247de8532aa	455	3036	3502	271
METHOD_ENTRY	org.springframework.util.AntPathMatcher#getEndsOnDoubleWildCard():String	13cd58e9fdf5c22f798d	413	2934	3358	112
METHOD_EXIT	org.springframework.util.AntPathStringMatcher#matchStrings(String,Map<String, String>):boolean	1bdee5e64c0f355fafee	455	762	1228	384
METHOD_ENTRY	org.springframework.util.AntPathStringMatcher#length():int	5870af30f94a71ee8c99	413	385	809	92
METHOD_EXIT	org.springframework.util.AntPathStringMatcher#length():int	9eef40baf012cad6efcd	455	459	925	97
METHOD_ENTRY	org.springframework.util.AntPathStringMatcher#matchStrings(String,Map<String, String>):boolean	114c88a2763da4ba7d3b	413	685	1109	318
METHOD_ENTRY	org.springframework.util.AntPathStringMatcher#charAt(int):char	3df6b9f49d6b389dbef4	413	431	855	191
METHOD_EXIT	org.springframework.util.AntPathMatcher#getEndsOnDoubleWildCard():String	bb1a329361c6fa09bf0d	455	3008	3474	326
METHOD_EXIT	org.springframework.util.AntPathStringMatcher#charAt(int):char	088388628242cdc5ca88	455	508	974	230
METHOD_EXIT	org.springframework.util.AntPathStringMatcher#isEmpty():boolean	2846c172e063d2d5bdd0	455	462	928	194
METHOD_EXIT	org.springframework.util.AntPathStringMatcher#subSequence(int,int):CharSequence	5fdfc3e053cce46884be	455	492	958	239
METHOD_ENTRY	org.springframework.util.AntPathStringMatcher#subSequence(int,int):CharSequence	518bc9dfc3e77f65da31	413	414	838	132
METHOD_EXIT	org.springframework.util.AntPathStringMatcher#toString():String	95686d226f87e5fa1dbe	455	460	926	194
METHOD_ENTRY	org.springframework.util.AntPathStringMatcher#toString():String	a638dd11f4155480f100	413	386	810	197
METHOD_EXIT	org.springframework.util.MaxAttemptsCharSequence#length():int	5663046e3c3766e6e886	455	458	924	160
METHOD_ENTRY	org.springframework.util.MaxAttemptsCharSequence#charAt(int):char	df5e6f77dc6a50388945	413	430	854	200
METHOD_ENTRY	org.springframework.util.AntPathStringMatcher#isEmpty():boolean	66ad0518fdc6adeba375	413	388	812	150
METHOD_ENTRY	org.springframework.util.MaxAttemptsCharSequence#isEmpty():boolean	600b21e7b561c13144f6	413	387	811	105
METHOD_EXIT	org.springframework.util.MaxAttemptsCharSequence#charAt(int):char	63f284f92635500c0404	455	507	973	157
METHOD_EXIT	org.springframework.util.MaxAttemptsCharSequence#isEmpty():boolean	af6a694d44d4a5b15752	455	461	927	194
METHOD_ENTRY	org.springframework.util.MaxAttemptsCharSequence#length():int	26d02e409c3ecbc4a4ef	413	384	808	146
METHOD_ENTRY	org.springframework.util.MaxAttemptsCharSequence#subSequence(int,int):CharSequence	412b7ffd37523d5c5c7e	413	413	837	125
METHOD_ENTRY	org.springframework.util.MaxAttemptsCharSequence#toString():String	9696e61c806d35065e7e	413	385	809	99
METHOD_EXIT	org.springframework.util.MaxAttemptsCharSequence#subSequence(int,int):CharSequence	3b1d30635d0f8a5abb57	455	491	957	242
METHOD_ENTRY	org.springframework.util.AntPatternComparator#compare(String,String):int	258380835e921c697d5f	413	849	1273	187
METHOD_EXIT	org.springframework.util.AntPatternComparator#compare(String,String):int	62d2807ce190276311bb	455	926	1392	539
METHOD_ENTRY	org.springframework.util.AntPatternComparator#initCounters():void	a5d4875b7c5d0a6695d9	413	544	968	262
METHOD_EXIT	org.springframework.util.AntPatternComparator#getUriVars():int	ce165f07661cd3bc54e6	455	458	924	35
METHOD_EXIT	org.springframework.util.AntPatternComparator#initCounters():void	5939a54467a87aebed8e	455	555	1021	301
METHOD_EXIT	org.springframework.util.AntPatternComparator#getSingleWildcards():int	27bad6661e8f4b17c758	455	461	927	155
METHOD_ENTRY	org.springframework.util.AntPatternComparator#getDoubleWildcards():int	27e90d88c160cadfdec1	413	387	811	152
METHOD_EXIT	org.springframework.util.MaxAttemptsCharSequence#toString():String	52b3c480a52269419d67	455	459	925	208
METHOD_ENTRY	org.springframework.util.AntPatternComparator#isLeastSpecific():boolean	57143e9059062e7f787a	413	392	816	279
METHOD_ENTRY	org.springframework.util.AntPatternComparator#isPrefixPattern():boolean	76430d5419166f462873	413	385	809	110
METHOD_EXIT	org.springframework.util.AntPatternComparator#isPrefixPattern():boolean	20a692f38e0c3037cd6e	455	459	925	44
METHOD_ENTRY	org.springframework.util.AntPatternComparator#getUriVars():int	41356667f4e3df7d3d8d	413	384	808	45
METHOD_EXIT	org.springframework.util.AntPatternComparator#getDoubleWildcards():int	7b631c2cc124f825e9af	455	461	927	95
METHOD_EXIT	org.springframework.util.AntPatternComparator#getTotalCount():int	7c4d4b305725ff54bf52	455	471	937	277
METHOD_ENTRY	org.springframework.util.AntPatternComparator#getLength():int	992eacbdfd7441570b92	413	421	845	282
METHOD_EXIT	org.springframework.util.AntPatternComparator#getLength():int	09798093a22ed8eacbe2	455	495	961	268
METHOD_EXIT	org.springframework.util.AntPatternComparator#isLeastSpecific():boolean	f2cc8c62c71dde38c767	455	466	932	202
METHOD_ENTRY	org.springframework.util.AntPatternComparator#getSingleWildcards():int	0b8f275213e967967c4c	413	387	811	95
METHOD_ENTRY	org.springframework.util.PatternInfo#getUriVars():int	ac824efd02b4f81c6fd1	413	382	806	48
METHOD_ENTRY	org.springframework.util.AntPatternComparator#getTotalCount():int	1f61ea4ebbb18d9f6594	413	397	821	196
METHOD_EXIT	org.springframework.util.PatternInfo#getUriVars():int	76cb28ca9be4d7f9586f	455	456	922	53
METHOD_ENTRY	org.springframework.util.PatternInfo#getSingleWildcards():int	518326e414642ada79e4	413	385	809	59
METHOD_ENTRY	org.springframework.util.PatternInfo#initCounters():void	42ae1ec7e6f66a592b4b	413	542	966	223
METHOD_ENTRY	org.springframework.util.PatternInfo#getDoubleWildcards():int	8ea3083de5335b8a567a	413	385	809	62
METHOD_EXIT	org.springframework.util.PatternInfo#initCounters():void	84b88b962b03c4c136a3	455	553	1019	249
METHOD_EXIT	org.springframework.util.PatternInfo#getSingleWildcards():int	173c036366bf43e0c4ed	455	459	925	58
METHOD_EXIT	org.springframework.util.PatternInfo#isLeastSpecific():boolean	3ea61219fee6c45c92b8	455	464	930	249
METHOD_EXIT	org.springframework.util.PatternInfo#getDoubleWildcards():int	169d681544909b02e8ea	455	459	925	88
METHOD_ENTRY	org.springframework.util.PatternInfo#isLeastSpecific():boolean	37dac65613b346d61f01	413	390	814	255
METHOD_ENTRY	org.springframework.util.PatternInfo#isPrefixPattern():boolean	2d77470828d2ff4a67ec	413	383	807	103
METHOD_EXIT	org.springframework.util.PatternInfo#getTotalCount():int	e81f34e9e448465ebb48	455	469	935	212
METHOD_ENTRY	org.springframework.util.PathSeparatorPatternCache#getEndsOnWildCard():String	eb1d2a3406481717d904	413	390	814	541
METHOD_EXIT	org.springframework.util.PatternInfo#isPrefixPattern():boolean	22326b0e712a2135ff3f	455	457	923	61
METHOD_EXIT	org.springframework.util.PathSeparatorPatternCache#getEndsOnWildCard():String	e9dc1ff728276da990a6	455	464	930	337
METHOD_ENTRY	org.springframework.util.PatternInfo#getTotalCount():int	e67e403743b70308fa0b	413	395	819	231
METHOD_EXIT	org.springframework.util.PathSeparatorPatternCache#getEndsOnDoubleWildCard():String	06fdad752c5289f7a06e	455	467	933	298
METHOD_ENTRY	org.springframework.util.PathSeparatorPatternCache#getEndsOnDoubleWildCard():String	b95b587d344ead1b25ea	413	393	817	96
METHOD_EXIT	org.springframework.util.PatternInfo#getLength():int	dbc83b39a1df690742ce	455	493	959	306
METHOD_ENTRY	org.springframework.util.PatternInfo#getLength():int	f7009c205a99951d9a10	413	419	843	231
METHOD_ENTRY	org.springframework.util.FileSystemUtils#deleteRecursively(Path):boolean	b5f2faa9b1d8193bd41a	413	945	1369	327
METHOD_EXIT	org.springframework.util.FileSystemUtils#visitFile(Path,BasicFileAttributes):FileVisitResult	8bd7d35ce52b6d542eda	455	803	1269	65
METHOD_ENTRY	org.springframework.util.FileSystemUtils#postVisitDirectory(Path,IOException):FileVisitResult	dc3a971bd10b68511a54	413	791	1215	56
METHOD_ENTRY	org.springframework.util.FileSystemUtils#visitFile(Path,BasicFileAttributes):FileVisitResult	0375a12c0476ac1241db	413	792	1216	239
METHOD_ENTRY	org.springframework.util.FileSystemUtils#deleteRecursively(File):boolean	d8226145fbdb9becdabf	413	858	1282	285
METHOD_EXIT	org.springframework.util.FileSystemUtils#postVisitDirectory(Path,IOException):FileVisitResult	a3727955045525bb730f	455	802	1268	240
METHOD_EXIT	org.springframework.util.FileSystemUtils#copyRecursively(File,File):void	10e5281bc0c653176f03	455	868	1334	238
METHOD_EXIT	org.springframework.util.FileSystemUtils#copyRecursively(Path,Path):void	fcb484934126015f5b6b	455	1247	1713	262
METHOD_EXIT	org.springframework.util.FileSystemUtils#deleteRecursively(Path):boolean	ad175217adc5415fe582	455	1022	1488	283
METHOD_EXIT	org.springframework.util.FileSystemUtils#preVisitDirectory(Path,BasicFileAttributes):FileVisitResult	0066cfeafda51ae0b3b3	455	804	1270	358
METHOD_EXIT	org.springframework.util.FileSystemUtils#deleteRecursively(File):boolean	fead0152ed97373ca346	455	935	1401	249
METHOD_ENTRY	org.springframework.util.FileSystemUtils#copyRecursively(Path,Path):void	ada8d4ccffbf3de76c0c	413	1236	1660	234
METHOD_ENTRY	org.springframework.util.FileSystemUtils#visitFile(Path,BasicFileAttributes):FileVisitResult	0375a12c0476ac1241db	413	792	1216	239
METHOD_EXIT	org.springframework.util.FileSystemUtils#visitFile(Path,BasicFileAttributes):FileVisitResult	8bd7d35ce52b6d542eda	455	803	1269	65
METHOD_EXIT	org.springframework.util.FileSystemUtils#preVisitDirectory(Path,BasicFileAttributes):FileVisitResult	0066cfeafda51ae0b3b3	455	804	1270	358
METHOD_EXIT	org.springframework.util.FileSystemUtils#visitFile(Path,BasicFileAttributes):FileVisitResult	8bd7d35ce52b6d542eda	455	803	1269	65
METHOD_ENTRY	org.springframework.util.FileSystemUtils#visitFile(Path,BasicFileAttributes):FileVisitResult	0375a12c0476ac1241db	413	792	1216	239
METHOD_ENTRY	org.springframework.util.FileSystemUtils#copyRecursively(File,File):void	030af143a5533f3fe363	413	857	1281	229
METHOD_ENTRY	org.springframework.util.FileSystemUtils#preVisitDirectory(Path,BasicFileAttributes):FileVisitResult	887cffcc3f67f0fccedd	413	793	1217	204
METHOD_ENTRY	org.springframework.util.AutoPopulatingList#add(int,E):void	9f59f87249d35aac6cfd	413	839	1263	272
METHOD_EXIT	org.springframework.util.AutoPopulatingList#add(int,E):void	548fba90b95e2bcb2a43	455	850	1316	258
METHOD_ENTRY	org.springframework.util.AutoPopulatingList#add(E):boolean	8dfe5a24a747acba46ba	413	829	1253	209
METHOD_EXIT	org.springframework.util.AutoPopulatingList#add(E):boolean	c6b0356feaecb84eba21	455	906	1372	254
METHOD_ENTRY	org.springframework.util.FileSystemUtils#preVisitDirectory(Path,BasicFileAttributes):FileVisitResult	887cffcc3f67f0fccedd	413	793	1217	204
METHOD_EXIT	org.springframework.util.AutoPopulatingList#addAll(int,Collection<? extends E>):boolean	b50988500e3f86f4ba57	455	931	1397	293
METHOD_ENTRY	org.springframework.util.AutoPopulatingList#clear():void	3740de6ac4c10cd9641f	413	822	1246	213
METHOD_EXIT	org.springframework.util.AutoPopulatingList#clear():void	40cc9c342096907727b8	455	833	1299	258
METHOD_ENTRY	org.springframework.util.AutoPopulatingList#contains(Object):boolean	d87a43c69f31ea176f9a	413	829	1253	233
METHOD_ENTRY	org.springframework.util.AutoPopulatingList#containsAll(Collection<?>):boolean	2085aa1eb55cd0820e84	413	835	1259	250
METHOD_ENTRY	org.springframework.util.AutoPopulatingList#get(int):E	cfe31cac3955b352df83	413	945	1369	291
METHOD_EXIT	org.springframework.util.AutoPopulatingList#containsAll(Collection<?>):boolean	004c0c8d87b54be35ede	455	912	1378	334
METHOD_EXIT	org.springframework.util.AutoPopulatingList#get(int):E	25a7e84f472b8e980f99	455	1022	1488	351
METHOD_ENTRY	org.springframework.util.AutoPopulatingList#addAll(int,Collection<? extends E>):boolean	0c0237d6781b83caa08b	413	854	1278	248
METHOD_EXIT	org.springframework.util.AutoPopulatingList#addAll(Collection<? extends E>):boolean	852ce87fb272c8260fa0	455	919	1385	353
METHOD_ENTRY	org.springframework.util.AutoPopulatingList#indexOf(Object):int	32f7e1debdd9a1a94497	413	831	1255	292
METHOD_EXIT	org.springframework.util.AutoPopulatingList#indexOf(Object):int	3c49642ce4172b75ab08	455	908	1374	327
METHOD_ENTRY	org.springframework.util.AutoPopulatingList#isEmpty():boolean	a971af51051985fac185	413	826	1250	545
METHOD_EXIT	org.springframework.util.AutoPopulatingList#isEmpty():boolean	c495fa4850f40c67985d	455	900	1366	286
METHOD_ENTRY	org.springframework.util.AutoPopulatingList#addAll(Collection<? extends E>):boolean	31ad029bbcd8818348e4	413	842	1266	253
METHOD_EXIT	org.springframework.util.AutoPopulatingList#lastIndexOf(Object):int	5d4e6d6fd164c17f38c3	455	912	1378	272
METHOD_ENTRY	org.springframework.util.AutoPopulatingList#lastIndexOf(Object):int	28c9a58555fce39af469	413	835	1259	287
METHOD_EXIT	org.springframework.util.AutoPopulatingList#listIterator():ListIterator<E>	9a11800b4aec6c955e0d	455	908	1374	290
METHOD_EXIT	org.springframework.util.AutoPopulatingList#contains(Object):boolean	cb0899d5dbef557662df	455	906	1372	293
METHOD_EXIT	org.springframework.util.AutoPopulatingList#listIterator(int):ListIterator<E>	2c7715cf4230f94ae0d2	455	917	1383	259
METHOD_ENTRY	org.springframework.util.AutoPopulatingList#listIterator():ListIterator<E>	6ca2c14908f68ba0a140	413	832	1256	260
METHOD_ENTRY	org.springframework.util.AutoPopulatingList#iterator():Iterator<E>	4e949b9a9a826e52c5af	413	827	1251	221
METHOD_EXIT	org.springframework.util.AutoPopulatingList#remove(int):E	803596f24992ebb0e32c	455	906	1372	233
METHOD_ENTRY	org.springframework.util.AutoPopulatingList#remove(Object):boolean	24efdf0fed0a4bba47c0	413	829	1253	228
METHOD_EXIT	org.springframework.util.AutoPopulatingList#remove(Object):boolean	4381944397cb62cfa1bb	455	906	1372	317
METHOD_ENTRY	org.springframework.util.AutoPopulatingList#retainAll(Collection<?>):boolean	697ef47346682e850294	413	836	1260	237
METHOD_ENTRY	org.springframework.util.AutoPopulatingList#removeAll(Collection<?>):boolean	3068e878446652121a5f	413	835	1259	230
METHOD_ENTRY	org.springframework.util.AutoPopulatingList#set(int,E):E	7c1cd756eb7ae8c5d2c2	413	839	1263	198
METHOD_EXIT	org.springframework.util.AutoPopulatingList#set(int,E):E	87b2a251408ab562e2ed	455	916	1382	332
METHOD_ENTRY	org.springframework.util.AutoPopulatingList#size():int	e221a65b208e5540c0de	413	823	1247	204
METHOD_EXIT	org.springframework.util.AutoPopulatingList#iterator():Iterator<E>	5a7c7187b9eb0ecc0c71	455	902	1368	277
METHOD_EXIT	org.springframework.util.AutoPopulatingList#size():int	bb9f8387e3b69a4edfa8	455	897	1363	155
METHOD_ENTRY	org.springframework.util.AutoPopulatingList#subList(int,int):List<E>	69f2398a4dc8d43ab14c	413	853	1277	114
METHOD_EXIT	org.springframework.util.AutoPopulatingList#subList(int,int):List<E>	a4fc394653feee3d65dd	455	931	1397	214
METHOD_ENTRY	org.springframework.util.AutoPopulatingList#listIterator(int):ListIterator<E>	0e66ec17b1c7201289ce	413	838	1262	205
METHOD_EXIT	org.springframework.util.AutoPopulatingList#retainAll(Collection<?>):boolean	8c747c1816d696bf8079	455	913	1379	292
METHOD_EXIT	org.springframework.util.AutoPopulatingList#toArray():Object[]	7cadb4f0e1ef0ea6301b	455	902	1368	267
METHOD_ENTRY	org.springframework.util.AutoPopulatingList#toArray(T[]):T[]	4b9a71d4f27e11501870	413	838	1262	270
METHOD_EXIT	org.springframework.util.AutoPopulatingList#toArray(T[]):T[]	6e841fbce9978de42720	455	915	1381	316
METHOD_EXIT	org.springframework.util.AutoPopulatingList#removeAll(Collection<?>):boolean	48c793ba720e5a144b27	455	912	1378	284
METHOD_ENTRY	org.springframework.util.AutoPopulatingList#hashCode():int	8d73ae40e255ff808d42	413	826	1250	202
METHOD_EXIT	org.springframework.util.AutoPopulatingList#hashCode():int	08e8c41607bcbdd8d0b8	455	900	1366	258
METHOD_EXIT	org.springframework.util.AutoPopulatingList#equals(Object):boolean	6b5fe306df2af0bd0fe7	455	908	1374	277
METHOD_ENTRY	org.springframework.util.ReflectiveElementFactory#createElement(int):E	783fbb8b37d895c05820	413	565	989	95
METHOD_ENTRY	org.springframework.util.AutoPopulatingList#createElement(int):E	ee3d1e1fdc8930fab423	413	1003	1427	246
METHOD_ENTRY	org.springframework.util.SimpleRouteMatcher#getPathMatcher():PathMatcher	0761e45b191ee8c4137b	413	582	1006	46
METHOD_EXIT	org.springframework.util.ReflectiveElementFactory#createElement(int):E	10a17a9c8050f022e731	455	642	1108	233
METHOD_ENTRY	org.springframework.util.SimpleRouteMatcher#parseRoute(String):Route	51ed226cbab308aec011	413	587	1011	238
METHOD_EXIT	org.springframework.util.SimpleRouteMatcher#parseRoute(String):Route	e9b1150c7c2d87da5890	455	664	1130	296
METHOD_EXIT	org.springframework.util.SimpleRouteMatcher#getPathMatcher():PathMatcher	8c4a9081c6017de60ccd	455	657	1123	162
METHOD_ENTRY	org.springframework.util.SimpleRouteMatcher#isPattern(String):boolean	18bb9ced6cfec8f17bf3	413	589	1013	278
METHOD_EXIT	org.springframework.util.SimpleRouteMatcher#isPattern(String):boolean	9c860593a8b838722836	455	666	1132	311
METHOD_ENTRY	org.springframework.util.SimpleRouteMatcher#combine(String,String):String	cda015af61e3ed64d158	413	603	1027	256
METHOD_ENTRY	org.springframework.util.AutoPopulatingList#toArray():Object[]	b771ba63c98a54517544	413	828	1252	266
METHOD_EXIT	org.springframework.util.SimpleRouteMatcher#combine(String,String):String	3bea8aa1481925c61cc3	455	680	1146	344
METHOD_ENTRY	org.springframework.util.SimpleRouteMatcher#match(String,Route):boolean	388e035aac997f33d5c9	413	599	1023	317
METHOD_EXIT	org.springframework.util.SimpleRouteMatcher#match(String,Route):boolean	a17d2fec0ee184bf5b15	455	676	1142	316
METHOD_ENTRY	org.springframework.util.SimpleRouteMatcher#matchAndExtract(String,Route):Map<String, String>	321a08c1842e1d8a55c0	413	632	1056	296
METHOD_EXIT	org.springframework.util.SimpleRouteMatcher#getPatternComparator(Route):Comparator<String>	1fadb822d3e9ebad8d81	455	674	1140	176
METHOD_ENTRY	org.springframework.util.SimpleRouteMatcher#getPatternComparator(Route):Comparator<String>	937b183535daa0c107e6	413	596	1020	246
METHOD_ENTRY	org.springframework.util.AutoPopulatingList#remove(int):E	d83a3f155a728d9859fe	413	829	1253	4397
METHOD_EXIT	org.springframework.util.SimpleRouteMatcher#value():String	688eb9687d4a4fe21a11	455	654	1120	250
METHOD_ENTRY	org.springframework.util.AutoPopulatingList#equals(Object):boolean	95c7a7202fa1fc524ebb	413	831	1255	274
METHOD_ENTRY	org.springframework.util.DefaultRoute#value():String	f037ae62f0e2a1f8ff70	413	381	805	222
METHOD_ENTRY	org.springframework.util.SimpleRouteMatcher#toString():String	b2b19f94a37200bb8441	413	581	1005	69
METHOD_EXIT	org.springframework.util.SimpleRouteMatcher#toString():String	36c406e175057ddb7db6	455	655	1121	256
METHOD_EXIT	org.springframework.util.DefaultRoute#value():String	b3962cffd1b74702925b	455	455	921	313
METHOD_EXIT	org.springframework.util.AutoPopulatingList#createElement(int):E	ad4a508cf34f66286197	455	1080	1546	284
METHOD_EXIT	org.springframework.util.DefaultRoute#toString():String	2e6e45f035b6d9d00d63	455	456	922	211
METHOD_EXIT	org.springframework.util.SimpleRouteMatcher#matchAndExtract(String,Route):Map<String, String>	559b853fa39d86cc01a9	455	712	1178	282
METHOD_ENTRY	org.springframework.util.SimpleRouteMatcher#value():String	e3b7e61761f4ed9abe6e	413	580	1004	196
METHOD_ENTRY	org.springframework.util.DefaultRoute#toString():String	ab5f3f5db4c59214f978	413	382	806	100
METHOD_ENTRY	org.springframework.util.CommonsLogWriter#write(char):void	fa1ed94ee7cee69982a1	413	525	949	196
METHOD_EXIT	org.springframework.util.CommonsLogWriter#write(char):void	b6fb1ec196e4ec5c7011	455	536	1002	199
METHOD_ENTRY	org.springframework.util.CommonsLogWriter#write(char[],int,int):void	7ee1c5a95347852e6dfd	413	524	948	191
METHOD_ENTRY	org.springframework.util.CommonsLogWriter#flush():void	f86e14662b2e6c28378a	413	473	897	201
METHOD_EXIT	org.springframework.util.CommonsLogWriter#flush():void	228ec815bb9e402571da	455	484	950	182
METHOD_ENTRY	org.springframework.util.CommonsLogWriter#close():void	021178657a90b2e29166	413	473	897	64
METHOD_EXIT	org.springframework.util.CommonsLogWriter#write(char[],int,int):void	ab343ab3d1ca715e54fb	455	535	1001	283
METHOD_EXIT	org.springframework.util.CommonsLogWriter#close():void	3f25e8a8ee49297d6c56	455	484	950	58
METHOD_EXIT	org.springframework.util.ConcurrencyThrottleSupport#setConcurrencyLimit(int):void	46d6666d4e84bba04d49	455	1044	1510	287
METHOD_ENTRY	org.springframework.util.ConcurrencyThrottleSupport#isThrottleActive():boolean	a7c4383f742cf4f7d94b	413	1029	1453	301
METHOD_EXIT	org.springframework.util.ConcurrencyThrottleSupport#isThrottleActive():boolean	f0fef013844510965ac9	455	1103	1569	151
METHOD_ENTRY	org.springframework.util.ConcurrencyThrottleSupport#beforeAccess():void	e9673c7fa6a6b086662a	413	1149	1573	367
METHOD_EXIT	org.springframework.util.ConcurrencyThrottleSupport#getConcurrencyLimit():int	816932e0368b7d8fcbd7	455	1098	1564	205
METHOD_ENTRY	org.springframework.util.ConcurrencyThrottleSupport#setConcurrencyLimit(int):void	6274adca63223767df64	413	1033	1457	174
METHOD_ENTRY	org.springframework.util.ConcurrencyThrottleSupport#onAccessRejected(String):void	cfc4de59a9f002c914e4	413	1031	1455	251
METHOD_EXIT	org.springframework.util.ConcurrencyThrottleSupport#onLimitReached():void	00156e44a5fa635a31dd	455	1185	1651	83
METHOD_ENTRY	org.springframework.util.ConcurrencyThrottleSupport#onLimitReached():void	aaf10d4b81d893f2a8d1	413	1174	1598	327
METHOD_EXIT	org.springframework.util.ConcurrencyThrottleSupport#beforeAccess():void	00479a2309ac022a3dc9	455	1160	1626	311
METHOD_ENTRY	org.springframework.util.ConcurrencyThrottleSupport#getConcurrencyLimit():int	444dc787982ef84897e1	413	1024	1448	299
METHOD_ENTRY	org.springframework.util.InstanceFilter#match(T):boolean	1f3fe6f61624306ad44a	413	763	1187	274
METHOD_EXIT	org.springframework.util.ConcurrencyThrottleSupport#afterAccess():void	f48753d684a00c4cc828	455	1116	1582	340
METHOD_EXIT	org.springframework.util.InstanceFilter#match(T):boolean	4afc6db48a11fa2ecf31	455	840	1306	299
METHOD_EXIT	org.springframework.util.ConcurrencyThrottleSupport#readObject(ObjectInputStream):void	1f0a68d1748a5db08550	455	1088	1554	218
METHOD_ENTRY	org.springframework.util.ConcurrencyThrottleSupport#readObject(ObjectInputStream):void	80e2196e5f1337231160	413	1077	1501	277
METHOD_ENTRY	org.springframework.util.InstanceFilter#match(T,T):boolean	de0e0cbc1f257ef610f1	413	686	1110	245
METHOD_EXIT	org.springframework.util.ConcurrencyThrottleSupport#onAccessRejected(String):void	b58e842f9d5e98de01b4	455	1042	1508	268
METHOD_ENTRY	org.springframework.util.InstanceFilter#match(T,Collection<? extends T>):boolean	5d31c8b8aff22403f4e5	413	723	1147	256
METHOD_EXIT	org.springframework.util.InstanceFilter#match(T,Collection<? extends T>):boolean	b0e4d9566ff345b69617	455	800	1266	337
METHOD_ENTRY	org.springframework.util.FilteredCollection#size():int	cced3bfbc3842aa02e24	413	550	974	208
METHOD_EXIT	org.springframework.util.InstanceFilter#match(T,T):boolean	5289e141cf9d858efb93	455	763	1229	266
METHOD_ENTRY	org.springframework.util.InstanceFilter#toString():String	5aaedc439212c3049f64	413	726	1150	211
METHOD_EXIT	org.springframework.util.InstanceFilter#toString():String	a060929c4091a465e814	455	800	1266	235
METHOD_ENTRY	org.springframework.util.FilteredCollection#iterator():Iterator<E>	aca8ad922b2db689dd6e	413	529	953	173
METHOD_EXIT	org.springframework.util.FilteredCollection#size():int	b5a154fddfd86b5c6826	455	624	1090	170
METHOD_EXIT	org.springframework.util.FilteredCollection#add(E):boolean	cffacd16c9ca470187d7	455	611	1077	356
METHOD_ENTRY	org.springframework.util.FilteredCollection#remove(Object):boolean	2a92e0c6903ae936c155	413	543	967	221
METHOD_ENTRY	org.springframework.util.ConcurrencyThrottleSupport#afterAccess():void	e51302cd299dfd0b0bd5	413	1105	1529	259
METHOD_ENTRY	org.springframework.util.FilteredCollection#contains(Object):boolean	f3a6e6c14e454b8c6612	413	554	978	263
METHOD_ENTRY	org.springframework.util.FilteredCollection#clear():void	b207557c0988e144700b	413	516	940	225
METHOD_EXIT	org.springframework.util.FilteredCollection#remove(Object):boolean	d8948163a7356ef99ab0	455	620	1086	323
METHOD_EXIT	org.springframework.util.FilteredCollection#clear():void	4cf05ba457e00b61dcc6	455	527	993	243
METHOD_EXIT	org.springframework.util.FilteredCollection#contains(Object):boolean	25ff7f21bcf8e06ae402	455	631	1097	179
METHOD_EXIT	org.springframework.util.CustomizableThreadCreator#setThreadNamePrefix(String):void	d3e1915f69a30af59646	455	1051	1517	310
METHOD_ENTRY	org.springframework.util.CustomizableThreadCreator#getThreadNamePrefix():String	8f61f02e18bbee513815	413	1013	1437	271
METHOD_ENTRY	org.springframework.util.CustomizableThreadCreator#setThreadPriority(int):void	e21a14abbd840273379a	413	1019	1443	101
METHOD_EXIT	org.springframework.util.CustomizableThreadCreator#getThreadNamePrefix():String	95f3b7e9ef6f3e6cd502	455	1087	1553	288
METHOD_EXIT	org.springframework.util.FilteredCollection#iterator():Iterator<E>	9b2a0154918eb008855e	455	604	1070	210
METHOD_ENTRY	org.springframework.util.FilteredCollection#add(E):boolean	fdd8f28f97cd463298f6	413	534	958	247
METHOD_ENTRY	org.springframework.util.CustomizableThreadCreator#setThreadNamePrefix(String):void	e5b7dc28e8196abc6343	413	1040	1464	297
METHOD_EXIT	org.springframework.util.CustomizableThreadCreator#getThreadPriority():int	5559afd5c80b36131f09	455	1084	1550	135
METHOD_ENTRY	org.springframework.util.CustomizableThreadCreator#setDaemon(boolean):void	53078d96c6bcf887ffac	413	1014	1438	50
METHOD_EXIT	org.springframework.util.CustomizableThreadCreator#setDaemon(boolean):void	cc87a06d6e929de5432e	455	1025	1491	121
METHOD_ENTRY	org.springframework.util.CustomizableThreadCreator#isDaemon():boolean	3087452386aeadbfb04f	413	1009	1433	263
METHOD_EXIT	org.springframework.util.CustomizableThreadCreator#isDaemon():boolean	d81a14f39b5c054427e0	455	1083	1549	78
METHOD_ENTRY	org.springframework.util.CustomizableThreadCreator#getThreadPriority():int	eff71be5c9554ed443a8	413	1010	1434	57
METHOD_EXIT	org.springframework.util.CustomizableThreadCreator#setThreadGroupName(String):void	ff0718a76d51392a5d2c	455	1032	1498	341
METHOD_ENTRY	org.springframework.util.CustomizableThreadCreator#setThreadGroup(ThreadGroup):void	004d634369786629d5f6	413	1024	1448	219
METHOD_EXIT	org.springframework.util.CustomizableThreadCreator#setThreadPriority(int):void	83bb687f8b270e9ad714	455	1030	1496	71
METHOD_EXIT	org.springframework.util.CustomizableThreadCreator#setThreadGroup(ThreadGroup):void	f33856122084e5edefef	455	1035	1501	124
METHOD_ENTRY	org.springframework.util.CustomizableThreadCreator#setThreadGroupName(String):void	5d156e40a5a5ecd96704	413	1021	1445	224
METHOD_ENTRY	org.springframework.util.CustomizableThreadCreator#nextThreadName():String	38e1d5dda2bd551b7ecb	413	1020	1444	223
METHOD_EXIT	org.springframework.util.CustomizableThreadCreator#createThread(Runnable):Thread	e1deccfe8c2995db2635	455	1121	1587	316
METHOD_ENTRY	org.springframework.util.CustomizableThreadCreator#getDefaultThreadNamePrefix():String	a0ba6711ed15eaa2dd1d	413	1021	1445	139
METHOD_EXIT	org.springframework.util.CustomizableThreadCreator#nextThreadName():String	f76892d8bf6300eb5373	455	1094	1560	287
METHOD_ENTRY	org.springframework.util.CustomizableThreadCreator#createThread(Runnable):Thread	1d1e140c1db668e7cdf3	413	1044	1468	255
METHOD_ENTRY	org.springframework.util.CustomizableThreadCreator#getThreadGroup():ThreadGroup	38fed2d149a6d58f5ce9	413	1014	1438	68
METHOD_EXIT	org.springframework.util.CustomizableThreadCreator#getThreadGroup():ThreadGroup	e60873b6dba9d20741f5	455	1089	1555	230
METHOD_EXIT	org.springframework.util.CustomizableThreadCreator#getDefaultThreadNamePrefix():String	bdaff82c997cba006499	455	1095	1561	219
METHOD_ENTRY	org.springframework.util.CompositeCollection#size():int	2f8202385177388388ab	413	592	1016	89
METHOD_EXIT	org.springframework.util.CompositeCollection#contains(Object):boolean	27b18bc9619b5c2abad2	455	692	1158	297
METHOD_ENTRY	org.springframework.util.CompositeCollection#isEmpty():boolean	2a633bc0b0c1e11f1dcb	413	596	1020	258
METHOD_ENTRY	org.springframework.util.CompositeCollection#contains(Object):boolean	f2e1c2c239118d0e31fc	413	615	1039	216
METHOD_ENTRY	org.springframework.util.CompositeCollection#toArray():Object[]	2984c284111364bccbc2	413	657	1081	208
METHOD_EXIT	org.springframework.util.CompositeCollection#isEmpty():boolean	18978ab057125cbb40ca	455	670	1136	280
METHOD_EXIT	org.springframework.util.CompositeCollection#toArray():Object[]	41540ed870af6ca1d175	455	731	1197	296
METHOD_EXIT	org.springframework.util.CompositeCollection#size():int	68499396da5af7a5d596	455	666	1132	240
METHOD_EXIT	org.springframework.util.CompositeCollection#toArray(T[]):T[]	f156f89c19fbeae2c4bb	455	803	1269	284
METHOD_ENTRY	org.springframework.util.CompositeCollection#add(E):boolean	a6ee54afa282fa767b32	413	593	1017	87
METHOD_EXIT	org.springframework.util.CompositeCollection#add(E):boolean	8bcc9b78f6992144cab3	455	670	1136	121
METHOD_ENTRY	org.springframework.util.CompositeCollection#remove(Object):boolean	450f99fbdf4b7c683e47	413	614	1038	258
METHOD_ENTRY	org.springframework.util.CompositeCollection#iterator():Iterator<E>	a13b6dcec4586adb15ce	413	617	1041	236
METHOD_ENTRY	org.springframework.util.CompositeCollection#containsAll(Collection<?>):boolean	da390586ce37851a178f	413	621	1045	281
METHOD_EXIT	org.springframework.util.CompositeCollection#addAll(Collection<? extends E>):boolean	44a9c03fdf6eb4c488f2	455	713	1179	323
METHOD_EXIT	org.springframework.util.CompositeCollection#iterator():Iterator<E>	24fb1253d7c91bf9c09b	455	692	1158	272
METHOD_ENTRY	org.springframework.util.CompositeCollection#addAll(Collection<? extends E>):boolean	144696f43ef58a5e6758	413	636	1060	218
METHOD_EXIT	org.springframework.util.CompositeCollection#containsAll(Collection<?>):boolean	097d82fa80f73d39abf1	455	698	1164	275
METHOD_ENTRY	org.springframework.util.CompositeCollection#toArray(T[]):T[]	2d366166711b48294a93	413	726	1150	211
METHOD_EXIT	org.springframework.util.CompositeCollection#removeAll(Collection<?>):boolean	10ff8666a6eb47e5ad92	455	713	1179	387
METHOD_ENTRY	org.springframework.util.comparator.InstanceComparator#compare(T,T):int	24e2db538a4086d80d77	413	621	1045	234
METHOD_ENTRY	org.springframework.util.CompositeCollection#retainAll(Collection<?>):boolean	f11f51a6a36cc9182db0	413	623	1047	204
METHOD_EXIT	org.springframework.util.CompositeCollection#remove(Object):boolean	0fa848f6d1e1b8bb3efa	455	691	1157	261
METHOD_ENTRY	org.springframework.util.CompositeCollection#clear():void	5d5372207392f574763e	413	591	1015	336
METHOD_EXIT	org.springframework.util.CompositeCollection#clear():void	421571ab1e744997607b	455	602	1068	270
METHOD_EXIT	org.springframework.util.comparator.InstanceComparator#compare(T,T):int	036854b97bc7ba727be5	455	698	1164	360
METHOD_ENTRY	org.springframework.util.CompositeCollection#removeAll(Collection<?>):boolean	9a01e516aad42edf2a20	413	636	1060	215
METHOD_EXIT	org.springframework.util.comparator.InstanceComparator#getOrder(T):int	e61ec28b92189c257502	455	715	1181	365
METHOD_ENTRY	org.springframework.util.comparator.ComparableComparator#compare(T,T):int	3bfe40440cc5826c6f64	413	518	942	371
METHOD_EXIT	org.springframework.util.comparator.ComparableComparator#compare(T,T):int	e0cd73186bd8915922c9	455	595	1061	295
METHOD_EXIT	org.springframework.util.CompositeCollection#retainAll(Collection<?>):boolean	8119aa54907ff81b718a	455	700	1166	301
METHOD_EXIT	org.springframework.util.comparator.Comparators#comparable():Comparator<T>	13f23289d815bdc93d45	455	718	1184	343
METHOD_ENTRY	org.springframework.util.comparator.Comparators#nullsLow():Comparator<T>	f4923db638c29d9d65f1	413	638	1062	59
METHOD_EXIT	org.springframework.util.comparator.Comparators#nullsLow():Comparator<T>	fea714cb6d4c9287de48	455	713	1179	308
METHOD_ENTRY	org.springframework.util.comparator.Comparators#comparable():Comparator<T>	f0ff83d1697bcb91861e	413	643	1067	67
METHOD_ENTRY	org.springframework.util.comparator.InstanceComparator#getOrder(T):int	38f2d60dce3d64041d32	413	638	1062	222
METHOD_EXIT	org.springframework.util.comparator.Comparators#nullsLow(Comparator<T>):Comparator<T>	8cc30b401fd65fa97103	455	728	1194	297
METHOD_ENTRY	org.springframework.util.comparator.Comparators#nullsHigh():Comparator<T>	a850600ea5bab4c33a22	413	638	1062	73
METHOD_ENTRY	org.springframework.util.comparator.Comparators#nullsHigh(Comparator<T>):Comparator<T>	7c3469dee47cd8ad9dd5	413	650	1074	95
METHOD_EXIT	org.springframework.util.comparator.Comparators#nullsHigh(Comparator<T>):Comparator<T>	2e031ae1adeee2a0d27b	455	728	1194	307
METHOD_ENTRY	org.springframework.util.comparator.Comparators#nullsLow(Comparator<T>):Comparator<T>	bda12c4e00d70e628d62	413	650	1074	164
METHOD_EXIT	org.springframework.util.comparator.Comparators#nullsHigh():Comparator<T>	f56f660023d31c68c9da	455	713	1179	294
METHOD_ENTRY	org.springframework.util.ClassUtils#overrideThreadContextClassLoader(ClassLoader):ClassLoader	fc078fcba221ae64b07b	413	7668	8092	313
METHOD_EXIT	org.springframework.util.ClassUtils#getDefaultClassLoader():ClassLoader	c4756b9752b5ecb60ec3	455	7800	8266	361
METHOD_ENTRY	org.springframework.util.ClassUtils#registerCommonClasses(Class<?>):void	02c7bd80eec0ec794a29	413	7595	8019	268
METHOD_ENTRY	org.springframework.util.ClassUtils#getDefaultClassLoader():ClassLoader	fc5db5ba796821857310	413	7725	8149	189
METHOD_EXIT	org.springframework.util.ClassUtils#overrideThreadContextClassLoader(ClassLoader):ClassLoader	4d69327dd2281f2cd679	455	7746	8212	308
METHOD_ENTRY	org.springframework.util.ClassUtils#resolveClassName(String,ClassLoader):Class<?>	434a9e17d6c84c8b6d6e	413	7717	8141	274
METHOD_EXIT	org.springframework.util.ClassUtils#resolveClassName(String,ClassLoader):Class<?>	e59fdf439acb6c328698	455	7795	8261	348
METHOD_EXIT	org.springframework.util.ClassUtils#isPresent(String,ClassLoader):boolean	8676fd4ccebd6c4dac28	455	7749	8215	392
METHOD_ENTRY	org.springframework.util.ClassUtils#isPresent(String,ClassLoader):boolean	63c6c08a2d3f141d9973	413	7672	8096	258
METHOD_ENTRY	org.springframework.util.ClassUtils#isVisible(Class<?>,ClassLoader):boolean	e6ce4bc6bdd0bfeb0a1d	413	7679	8103	293
METHOD_EXIT	org.springframework.util.ClassUtils#registerCommonClasses(Class<?>):void	0d95c1369ae5b36e51c6	455	7606	8072	216
METHOD_ENTRY	org.springframework.util.ClassUtils#isCacheSafe(Class<?>,ClassLoader):boolean	c1224452a9e24fac44fc	413	7820	8244	256
METHOD_EXIT	org.springframework.util.ClassUtils#isVisible(Class<?>,ClassLoader):boolean	80697245880908266478	455	7756	8222	296
METHOD_EXIT	org.springframework.util.ClassUtils#isCacheSafe(Class<?>,ClassLoader):boolean	835a594e4b20f3bc8ffb	455	7897	8363	436
METHOD_ENTRY	org.springframework.util.ClassUtils#forName(String,ClassLoader):Class<?>	44f7ec3a94cfff50928b	413	7938	8362	245
METHOD_EXIT	org.springframework.util.ClassUtils#isLoadable(Class<?>,ClassLoader):boolean	493a5dfc43e45ccf4bb2	455	7717	8183	388
METHOD_EXIT	org.springframework.util.ClassUtils#forName(String,ClassLoader):Class<?>	2ea00cfd9565758b0feb	455	8016	8482	331
METHOD_ENTRY	org.springframework.util.ClassUtils#isLoadable(Class<?>,ClassLoader):boolean	c9bf541e4767debeb45e	413	7640	8064	317
METHOD_EXIT	org.springframework.util.ClassUtils#resolvePrimitiveClassName(String):Class<?>	210ef537621966ecae8e	455	7737	8203	298
METHOD_EXIT	org.springframework.util.ClassUtils#isPrimitiveWrapper(Class<?>):boolean	ae34261f8bdeeacf975c	455	7667	8133	330
METHOD_ENTRY	org.springframework.util.ClassUtils#isPrimitiveWrapper(Class<?>):boolean	96a57df17828b003d6ba	413	7590	8014	254
METHOD_EXIT	org.springframework.util.ClassUtils#isPrimitiveOrWrapper(Class<?>):boolean	9723663eae9076c380a1	455	7672	8138	272
METHOD_EXIT	org.springframework.util.ClassUtils#isPrimitiveArray(Class<?>):boolean	d313d5a38db7328f21d0	455	7672	8138	265
METHOD_ENTRY	org.springframework.util.ClassUtils#isPrimitiveWrapperArray(Class<?>):boolean	40ac6265787466f47580	413	7597	8021	290
METHOD_ENTRY	org.springframework.util.ClassUtils#resolvePrimitiveIfNecessary(Class<?>):Class<?>	b9c2b291e88882a09ed9	413	7620	8044	213
METHOD_EXIT	org.springframework.util.ClassUtils#isPrimitiveWrapperArray(Class<?>):boolean	d5402cd96207e48bf951	455	7674	8140	319
METHOD_ENTRY	org.springframework.util.ClassUtils#isVoidType(Class<?>):boolean	eaa5af0b3a49d4259e84	413	7589	8013	191
METHOD_EXIT	org.springframework.util.ClassUtils#resolvePrimitiveIfNecessary(Class<?>):Class<?>	e3d16c782d89675909e7	455	7698	8164	347
METHOD_EXIT	org.springframework.util.ClassUtils#isVoidType(Class<?>):boolean	4c53a59be6e421cffbd7	455	7666	8132	259
METHOD_ENTRY	org.springframework.util.ClassUtils#resolvePrimitiveClassName(String):Class<?>	4a2e04a1fe5b772bb441	413	7659	8083	286
METHOD_ENTRY	org.springframework.util.ClassUtils#isSimpleValueType(Class<?>):boolean	249fd836a002dbfbaba1	413	7747	8171	229
METHOD_EXIT	org.springframework.util.ClassUtils#isSimpleValueType(Class<?>):boolean	bf8715695ee8a09fef48	455	7824	8290	758
METHOD_ENTRY	org.springframework.util.ClassUtils#isPrimitiveOrWrapper(Class<?>):boolean	ded2b60048a05eee3358	413	7595	8019	260
METHOD_ENTRY	org.springframework.util.ClassUtils#isAssignable(Class<?>,Class<?>):boolean	8c653c6c0509788003cc	413	7719	8143	376
METHOD_ENTRY	org.springframework.util.ClassUtils#isPrimitiveArray(Class<?>):boolean	a69eb2dcc145f9e73741	413	7595	8019	265
METHOD_EXIT	org.springframework.util.ClassUtils#isAssignable(Class<?>,Class<?>):boolean	19b1c56b08ac315843d9	455	7796	8262	443
METHOD_ENTRY	org.springframework.util.ClassUtils#isAssignableValue(Class<?>,Object):boolean	664e899e36e9276f6689	413	7613	8037	297
METHOD_ENTRY	org.springframework.util.ClassUtils#convertResourcePathToClassName(String):String	9503704da12e7ac78b9e	413	7598	8022	212
METHOD_EXIT	org.springframework.util.ClassUtils#convertResourcePathToClassName(String):String	22322806b46fdb2c9ec8	455	7675	8141	281
METHOD_EXIT	org.springframework.util.ClassUtils#convertClassNameToResourcePath(String):String	411c14988061bea656be	455	7677	8143	291
METHOD_EXIT	org.springframework.util.ClassUtils#addResourcePathToPackagePath(Class<?>,String):String	2daf6af9220a428b9b96	455	7719	8185	425
METHOD_ENTRY	org.springframework.util.ClassUtils#classPackageAsResourcePath(Class<?>):String	9d810aafa47c7f96e21e	413	7657	8081	359
METHOD_EXIT	org.springframework.util.ClassUtils#classPackageAsResourcePath(Class<?>):String	e4aa714f5b017dc29bc1	455	7734	8200	311
METHOD_ENTRY	org.springframework.util.ClassUtils#classNamesToString(Class<?>):String	79131f9e0bfb5cbf88dc	413	7581	8005	199
METHOD_EXIT	org.springframework.util.ClassUtils#classNamesToString(Class<?>):String	421bd39c5ba0f6ef2c0f	455	7658	8124	290
METHOD_ENTRY	org.springframework.util.ClassUtils#classNamesToString(Collection<Class<?>>):String	67e8df6285dd29171cf3	413	7639	8063	304
METHOD_EXIT	org.springframework.util.ClassUtils#classNamesToString(Collection<Class<?>>):String	3552413aef7b79a8bbd7	455	7716	8182	314
METHOD_ENTRY	org.springframework.util.ClassUtils#toClassArray(Collection<Class<?>>):Class<?>[]	74fa30fddbe91f88168b	413	7599	8023	286
METHOD_ENTRY	org.springframework.util.ClassUtils#convertClassNameToResourcePath(String):String	46d362bcfa05a08d26ce	413	7600	8024	261
METHOD_ENTRY	org.springframework.util.ClassUtils#addResourcePathToPackagePath(Class<?>,String):String	7b9fe6ae972458ddf288	413	7642	8066	313
METHOD_EXIT	org.springframework.util.ClassUtils#toClassArray(Collection<Class<?>>):Class<?>[]	11e3391e4e8c52466e32	455	7677	8143	320
METHOD_ENTRY	org.springframework.util.ClassUtils#getAllInterfaces(Object):Class<?>[]	98fd66be8f8db5a33ce7	413	7591	8015	229
METHOD_EXIT	org.springframework.util.ClassUtils#isAssignableValue(Class<?>,Object):boolean	eac9d8a6ff4a5d814739	455	7690	8156	248
METHOD_EXIT	org.springframework.util.ClassUtils#getAllInterfaces(Object):Class<?>[]	98a702d5aced862398b2	455	7669	8135	250
METHOD_ENTRY	org.springframework.util.ClassUtils#getAllInterfacesForClass(Class<?>):Class<?>[]	63cff8fbbcab29f13501	413	7585	8009	274
METHOD_EXIT	org.springframework.util.ClassUtils#getAllInterfacesForClass(Class<?>):Class<?>[]	a6c77cacd997f33f8f76	455	7663	8129	269
METHOD_EXIT	org.springframework.util.ClassUtils#getAllInterfacesAsSet(Object):Set<Class<?>>	843692f080657280851b	455	7676	8142	262
METHOD_ENTRY	org.springframework.util.ClassUtils#getAllInterfacesAsSet(Object):Set<Class<?>>	4328a87659eb626d54e7	413	7597	8021	200
METHOD_EXIT	org.springframework.util.ClassUtils#getAllInterfacesForClassAsSet(Class<?>):Set<Class<?>>	fd13743a1212641e7f0c	455	7670	8136	274
METHOD_ENTRY	org.springframework.util.ClassUtils#getAllInterfacesForClassAsSet(Class<?>,ClassLoader):Set<Class<?>>	009e19d4ae21570d396f	413	7721	8145	299
METHOD_EXIT	org.springframework.util.ClassUtils#getAllInterfacesForClassAsSet(Class<?>,ClassLoader):Set<Class<?>>	c8541d4b0ef66ad982d2	455	7800	8266	245
METHOD_ENTRY	org.springframework.util.ClassUtils#getAllInterfacesForClass(Class<?>,ClassLoader):Class<?>[]	835639e121d816f1564a	413	7608	8032	260
METHOD_ENTRY	org.springframework.util.ClassUtils#createCompositeInterface(Class<?>[],ClassLoader):Class<?>	e38ca09e91e155ff5828	413	7618	8042	289
METHOD_EXIT	org.springframework.util.ClassUtils#createCompositeInterface(Class<?>[],ClassLoader):Class<?>	a0caa85225fb2c6b290f	455	7696	8162	338
METHOD_EXIT	org.springframework.util.ClassUtils#getAllInterfacesForClass(Class<?>,ClassLoader):Class<?>[]	04b7cfabcd8c054041d6	455	7686	8152	283
METHOD_ENTRY	org.springframework.util.ClassUtils#determineCommonAncestor(Class<?>,Class<?>):Class<?>	f8c698e18654974c6d6e	413	7739	8163	373
METHOD_ENTRY	org.springframework.util.ClassUtils#getAllInterfacesForClassAsSet(Class<?>):Set<Class<?>>	ff49c49c3ee05f842b2c	413	7591	8015	278
METHOD_EXIT	org.springframework.util.ClassUtils#determineCommonAncestor(Class<?>,Class<?>):Class<?>	ef3bc2bec366dbd41309	455	7817	8283	390
METHOD_ENTRY	org.springframework.util.ClassUtils#isJavaLanguageInterface(Class<?>):boolean	8aaa3f7da84800c4356b	413	7580	8004	283
METHOD_ENTRY	org.springframework.util.ClassUtils#isStaticClass(Class<?>):boolean	340f2377260a695f6790	413	7576	8000	282
METHOD_EXIT	org.springframework.util.ClassUtils#isJavaLanguageInterface(Class<?>):boolean	9ab67beff7284169c29f	455	7657	8123	338
METHOD_EXIT	org.springframework.util.ClassUtils#isStaticClass(Class<?>):boolean	0ea54fd34e99544da065	455	7653	8119	283
METHOD_EXIT	org.springframework.util.ClassUtils#isInnerClass(Class<?>):boolean	48b17b7b5f86b93c62ed	455	7659	8125	240
METHOD_ENTRY	org.springframework.util.ClassUtils#isCglibProxy(Object):boolean	469e88e852cd7473deff	413	7587	8011	235
METHOD_EXIT	org.springframework.util.ClassUtils#isLambdaClass(Class<?>):boolean	04a6c77947b181122580	455	7683	8149	287
METHOD_EXIT	org.springframework.util.ClassUtils#isCglibProxy(Object):boolean	5bcfcc8d37653c481b45	455	7664	8130	337
METHOD_ENTRY	org.springframework.util.ClassUtils#isCglibProxyClass(Class<?>):boolean	1b710cd6bd99471d58eb	413	7608	8032	335
METHOD_EXIT	org.springframework.util.ClassUtils#isCglibProxyClass(Class<?>):boolean	c7cb8e881ea2edb190dd	455	7685	8151	270
METHOD_ENTRY	org.springframework.util.ClassUtils#isLambdaClass(Class<?>):boolean	e4662631a2128c36aa95	413	7606	8030	244
METHOD_ENTRY	org.springframework.util.ClassUtils#isInnerClass(Class<?>):boolean	ae062cc22552b5a2ed18	413	7582	8006	333
METHOD_ENTRY	org.springframework.util.ClassUtils#isCglibProxyClassName(String):boolean	4ada899e7b169c28a0a2	413	7609	8033	271
METHOD_ENTRY	org.springframework.util.ClassUtils#getUserClass(Object):Class<?>	bc572919edf4f8ee72d1	413	7587	8011	275
METHOD_EXIT	org.springframework.util.ClassUtils#isCglibProxyClassName(String):boolean	07b1f233b47edbe6002d	455	7686	8152	280
METHOD_EXIT	org.springframework.util.ClassUtils#getUserClass(Object):Class<?>	a6661ad4a954e8de7a65	455	7665	8131	307
METHOD_ENTRY	org.springframework.util.ClassUtils#getUserClass(Class<?>):Class<?>	0744d0c186454c6dd3cc	413	7620	8044	258
METHOD_EXIT	org.springframework.util.ClassUtils#getUserClass(Class<?>):Class<?>	6ce8f3895cd0cabfc867	455	7698	8164	316
METHOD_ENTRY	org.springframework.util.ClassUtils#matchesTypeName(Class<?>,String):boolean	fcb17b3e6a1306ec82b8	413	7616	8040	299
METHOD_EXIT	org.springframework.util.ClassUtils#matchesTypeName(Class<?>,String):boolean	ae07cd09c220b0e90ac8	455	7693	8159	335
METHOD_ENTRY	org.springframework.util.ClassUtils#getShortName(String):String	10cfd686ad791b7932bc	413	7675	8099	308
METHOD_ENTRY	org.springframework.util.ClassUtils#getShortName(Class<?>):String	a8be68edf9886162d11e	413	7576	8000	257
METHOD_EXIT	org.springframework.util.ClassUtils#getShortName(String):String	4309c9a9b675022a47b1	455	7752	8218	369
METHOD_EXIT	org.springframework.util.ClassUtils#getDescriptiveType(Object):String	0cdc4dacb2b7e48301e2	455	7761	8227	361
METHOD_EXIT	org.springframework.util.ClassUtils#getShortName(Class<?>):String	2bb15f7a73700d7bf7db	455	7653	8119	235
METHOD_ENTRY	org.springframework.util.ClassUtils#getDescriptiveType(Object):String	04393844dcabefd7a8f2	413	7684	8108	310
METHOD_ENTRY	org.springframework.util.ClassUtils#getClassFileName(Class<?>):String	be3c66508acdf5df7956	413	7623	8047	229
METHOD_EXIT	org.springframework.util.ClassUtils#getShortNameAsProperty(Class<?>):String	d29072f826eae6766df5	455	7709	8175	287
METHOD_ENTRY	org.springframework.util.ClassUtils#getShortNameAsProperty(Class<?>):String	29c745ed737649554301	413	7632	8056	281
METHOD_EXIT	org.springframework.util.ClassUtils#getClassFileName(Class<?>):String	16df68f2c560d552af07	455	7700	8166	320
METHOD_ENTRY	org.springframework.util.ClassUtils#getPackageName(Class<?>):String	85c253811554837c4c25	413	7588	8012	262
METHOD_ENTRY	org.springframework.util.ClassUtils#getPackageName(String):String	7b595222882da59efa00	413	7624	8048	308
METHOD_ENTRY	org.springframework.util.ClassUtils#getQualifiedName(Class<?>):String	60b7b3ef4bfa483adbce	413	7586	8010	244
METHOD_ENTRY	org.springframework.util.ClassUtils#getCanonicalName(Class<?>):String	050a4f9afe25c5d7a060	413	7605	8029	341
METHOD_EXIT	org.springframework.util.ClassUtils#getCanonicalName(Class<?>):String	ec52f4b597d4a07d4881	455	7682	8148	289
METHOD_ENTRY	org.springframework.util.ClassUtils#getQualifiedMethodName(Method):String	5a9820f21ab98a24071d	413	7575	7999	264
METHOD_EXIT	org.springframework.util.ClassUtils#getQualifiedName(Class<?>):String	829ca25a080cc5fa3576	455	7663	8129	262
METHOD_EXIT	org.springframework.util.ClassUtils#getPackageName(String):String	f6a87234d585651349f2	455	7701	8167	328
METHOD_EXIT	org.springframework.util.ClassUtils#getPackageName(Class<?>):String	26544675935ac8514bda	455	7665	8131	346
METHOD_EXIT	org.springframework.util.ClassUtils#getQualifiedMethodName(Method):String	e9f555cfb2bee73807a1	455	7652	8118	258
METHOD_ENTRY	org.springframework.util.ClassUtils#getQualifiedMethodName(Method,Class<?>):String	18b54806f6b3c454ac73	413	7618	8042	262
METHOD_EXIT	org.springframework.util.ClassUtils#getQualifiedMethodName(Method,Class<?>):String	803622e351565b0e67cb	455	7695	8161	332
METHOD_ENTRY	org.springframework.util.ClassUtils#hasConstructor(Class<?>,Class<?>):boolean	d8e555a42e641a53c05d	413	7596	8020	260
METHOD_ENTRY	org.springframework.util.ClassUtils#getConstructorIfAvailable(Class<T>,Class<?>):Constructor<T>	97d875a318e0c46ce618	413	7638	8062	217
METHOD_EXIT	org.springframework.util.ClassUtils#hasConstructor(Class<?>,Class<?>):boolean	e6ed7f69f67fd6cff0fc	455	7673	8139	327
METHOD_EXIT	org.springframework.util.ClassUtils#hasMethod(Class<?>,Method):boolean	bf1908c914027931bdae	455	7735	8201	363
METHOD_ENTRY	org.springframework.util.ClassUtils#hasMethod(Class<?>,String,Class<?>):boolean	bd17dd82471b31bec441	413	7611	8035	230
METHOD_EXIT	org.springframework.util.ClassUtils#hasMethod(Class<?>,String,Class<?>):boolean	99cfb0770b5fa1bfd616	455	7688	8154	310
METHOD_ENTRY	org.springframework.util.ClassUtils#getMethod(Class<?>,String,Class<?>):Method	a7e9f649037ef8174862	413	7792	8216	259
METHOD_EXIT	org.springframework.util.ClassUtils#getMethod(Class<?>,String,Class<?>):Method	c9f2e02d2dfa62cc962b	455	7869	8335	288
METHOD_ENTRY	org.springframework.util.ClassUtils#getMethodIfAvailable(Class<?>,String,Class<?>):Method	4c53e2baacfa7868a937	413	7705	8129	255
METHOD_EXIT	org.springframework.util.ClassUtils#getConstructorIfAvailable(Class<T>,Class<?>):Constructor<T>	ace9e6ad19bbd5d83b1d	455	7716	8182	318
METHOD_ENTRY	org.springframework.util.ClassUtils#hasMethod(Class<?>,Method):boolean	9db9f846af81367bc034	413	7658	8082	282
METHOD_ENTRY	org.springframework.util.ClassUtils#getMethodCountForName(Class<?>,String):int	8c46f5a2ebf9bc4118da	413	7731	8155	265
METHOD_EXIT	org.springframework.util.ClassUtils#getMethodCountForName(Class<?>,String):int	bc69e66142baee8dd3c9	455	7808	8274	283
METHOD_EXIT	org.springframework.util.ClassUtils#getMethodIfAvailable(Class<?>,String,Class<?>):Method	b14827e6d5a449454118	455	7782	8248	285
METHOD_ENTRY	org.springframework.util.ClassUtils#hasAtLeastOneMethodWithName(Class<?>,String):boolean	bf8abbeb252adaa3b0cb	413	7732	8156	213
METHOD_ENTRY	org.springframework.util.ClassUtils#getMostSpecificMethod(Method,Class<?>):Method	5e96923082619e7b26c6	413	7764	8188	308
METHOD_EXIT	org.springframework.util.ClassUtils#hasAtLeastOneMethodWithName(Class<?>,String):boolean	e5cf15fb15c67ef8a470	455	7809	8275	346
METHOD_ENTRY	org.springframework.util.ClassUtils#getInterfaceMethodIfPossible(Method,Class<?>):Method	13a122ce2dcaaf357a24	413	7598	8022	293
METHOD_EXIT	org.springframework.util.ClassUtils#getInterfaceMethodIfPossible(Method):Method	48b2eb9d4a7ddad68209	455	7665	8131	292
METHOD_EXIT	org.springframework.util.ClassUtils#getInterfaceMethodIfPossible(Method,Class<?>):Method	ecc4957f337a1bd451ef	455	7675	8141	308
METHOD_ENTRY	org.springframework.util.ClassUtils#getInterfaceMethodIfPossible(Method):Method	70ca98e793042e0ae4db	413	7588	8012	244
METHOD_ENTRY	org.springframework.util.ClassUtils#getInterfaceMethodIfPossible(Method,Class<?>,boolean):Method	31fbea65106275915915	413	7857	8281	278
METHOD_EXIT	org.springframework.util.ClassUtils#getInterfaceMethodIfPossible(Method,Class<?>,boolean):Method	ea859d058cba38d05fde	455	7934	8400	292
METHOD_EXIT	org.springframework.util.ClassUtils#getMostSpecificMethod(Method,Class<?>):Method	10e9d770b4e0361b0928	455	7841	8307	295
METHOD_EXIT	org.springframework.util.ClassUtils#findInterfaceMethodIfPossible(String,Class<?>[],Class<?>,Class<?>,boolean):Method	5d7be832abb37641411a	455	7816	8282	336
METHOD_ENTRY	org.springframework.util.ClassUtils#findPubliclyAccessibleMethodIfPossible(String,Class<?>[],Class<?>):Method	146da74c5c7d1d6f11e4	413	7731	8155	255
METHOD_EXIT	org.springframework.util.ClassUtils#getPubliclyAccessibleMethodIfPossible(Method,Class<?>):Method	95b2324cfad8df55c128	455	7967	8433	302
METHOD_ENTRY	org.springframework.util.ClassUtils#findInterfaceMethodIfPossible(String,Class<?>[],Class<?>,Class<?>,boolean):Method	413708bf7353b54b06af	413	7739	8163	263
METHOD_ENTRY	org.springframework.util.ClassUtils#getPubliclyAccessibleMethodIfPossible(Method,Class<?>):Method	5d0c8dfcae3d1bc66319	413	7890	8314	264
METHOD_EXIT	org.springframework.util.ClassUtils#findPubliclyAccessibleMethodIfPossible(String,Class<?>[],Class<?>):Method	de6c73e68a1d379f3a2f	455	7808	8274	311
METHOD_EXIT	org.springframework.util.ClassUtils#isUserLevelMethod(Method):boolean	4196190cb54ce62c153a	455	7678	8144	321
METHOD_ENTRY	org.springframework.util.ClassUtils#isGroovyObjectMethod(Method):boolean	ff486c7cd4ab9b8c9521	413	7589	8013	294
METHOD_EXIT	org.springframework.util.ClassUtils#isGroovyObjectMethod(Method):boolean	5d3388c3f1f8d9253268	455	7666	8132	269
METHOD_ENTRY	org.springframework.util.ClassUtils#getStaticMethod(Class<?>,String,Class<?>):Method	a8a245acdcc479ab8963	413	7672	8096	202
METHOD_ENTRY	org.springframework.util.ClassUtils#isOverridable(Method,Class<?>):boolean	96bf33cc7899bacfb3b8	413	7663	8087	335
METHOD_ENTRY	org.springframework.util.ClassUtils#isUserLevelMethod(Method):boolean	7feffe99ed20e9c85885	413	7601	8025	275
METHOD_ENTRY	org.springframework.util.MultiValueMapCollector#of(Function<T, K>,Function<T, V>):MultiValueMapCollector<T, K, V>	38fcee2b43da5fe2b1fe	413	1025	1449	203
METHOD_EXIT	org.springframework.util.MultiValueMapCollector#of(Function<T, K>,Function<T, V>):MultiValueMapCollector<T, K, V>	6d8f8c38d23a81261493	455	1110	1576	300
METHOD_ENTRY	org.springframework.util.MultiValueMapCollector#indexingBy(Function<V, K>):MultiValueMapCollector<V, K, V>	fcc0057942746cecbde6	413	1003	1427	288
METHOD_EXIT	org.springframework.util.ClassUtils#isOverridable(Method,Class<?>):boolean	a5930573b4006df5696a	455	7740	8206	539
METHOD_EXIT	org.springframework.util.MultiValueMapCollector#indexingBy(Function<V, K>):MultiValueMapCollector<V, K, V>	32ce3f7bb58c2c36bc08	455	1088	1554	271
METHOD_ENTRY	org.springframework.util.MultiValueMapCollector#supplier():Supplier<MultiValueMap<K, V>>	84a6ed28c3d59afaf131	413	984	1408	57
METHOD_EXIT	org.springframework.util.MultiValueMapCollector#supplier():Supplier<MultiValueMap<K, V>>	8fba4af9c0f90a7003bb	455	1065	1531	214
METHOD_ENTRY	org.springframework.util.MultiValueMapCollector#accumulator():BiConsumer<MultiValueMap<K, V>, T>	35561b2dc5f148c72f26	413	993	1417	169
METHOD_EXIT	org.springframework.util.MultiValueMapCollector#accumulator():BiConsumer<MultiValueMap<K, V>, T>	8998d5bb84b86becfc7e	455	1077	1543	238
METHOD_ENTRY	org.springframework.util.MultiValueMapCollector#combiner():BinaryOperator<MultiValueMap<K, V>>	bc208dbf3c38d2db4ab5	413	1020	1444	5
METHOD_EXIT	org.springframework.util.MultiValueMapCollector#combiner():BinaryOperator<MultiValueMap<K, V>>	c96df89c3c4a2c678318	455	1102	1568	308
METHOD_ENTRY	org.springframework.util.MultiValueMapCollector#finisher():Function<MultiValueMap<K, V>, MultiValueMap<K, V>>	13cd6c951dd89c79b608	413	985	1409	5
METHOD_EXIT	org.springframework.util.MultiValueMapCollector#finisher():Function<MultiValueMap<K, V>, MultiValueMap<K, V>>	49552cd0dc4a8a73a440	455	1073	1539	225
METHOD_ENTRY	org.springframework.util.MultiValueMapCollector#characteristics():Set<Characteristics>	3017b095a903151ce520	413	971	1395	315
METHOD_EXIT	org.springframework.util.MultiValueMapCollector#characteristics():Set<Characteristics>	40cab58a9a08c9df9a3e	455	1047	1513	243
METHOD_EXIT	org.springframework.util.ClassUtils#getMethodOrNull(Class<?>,String,Class<?> @Nullable []):Method	fcc85d885cfe25c14aa5	455	7718	8184	319
METHOD_ENTRY	org.springframework.util.ClassUtils#findMethodCandidatesByName(Class<?>,String):Set<Method>	f654a2ff9ca81129b783	413	7647	8071	312
METHOD_EXIT	org.springframework.util.ClassUtils#getStaticMethod(Class<?>,String,Class<?>):Method	de8b5cee72bfefbf34e3	455	7749	8215	306
METHOD_EXIT	org.springframework.util.ClassUtils#findMethodCandidatesByName(Class<?>,String):Set<Method>	ecb806501ab314ebba58	455	7726	8192	294
METHOD_ENTRY	org.springframework.util.MimeTypeUtils#parseMimeTypes(String):List<MimeType>	e0c623dc41a3c65a4002	413	1342	1766	235
METHOD_ENTRY	org.springframework.util.MimeTypeUtils#parseMimeTypeInternal(String):MimeType	be961badf203d32c45cc	413	1273	1697	229
METHOD_EXIT	org.springframework.util.MimeTypeUtils#parseMimeTypeInternal(String):MimeType	02d46125b3ac50929fa1	455	1351	1817	288
METHOD_EXIT	org.springframework.util.MimeTypeUtils#parseMimeTypes(String):List<MimeType>	413a611f8fbde0f15c6d	455	1422	1888	308
METHOD_EXIT	org.springframework.util.MimeTypeUtils#parseMimeType(String):MimeType	02e340e119b775774e4e	455	1419	1885	297
METHOD_ENTRY	org.springframework.util.MimeTypeUtils#tokenize(String):List<String>	961e03136c5081fc7ee3	413	1512	1936	274
METHOD_ENTRY	org.springframework.util.ClassUtils#getMethodOrNull(Class<?>,String,Class<?> @Nullable []):Method	52dfce57faf2220ca3a1	413	7641	8065	321
METHOD_ENTRY	org.springframework.util.MimeTypeUtils#toString(Collection<? extends MimeType>):String	b87ff000f8330d1c4b0e	413	1340	1764	274
METHOD_ENTRY	org.springframework.util.MimeTypeUtils#splitByComma(String):List<String>	543f2fc16c888dbfba60	413	1385	1809	294
METHOD_EXIT	org.springframework.util.MimeTypeUtils#splitByComma(String):List<String>	49f7c60dd55dbbd46781	455	1463	1929	304
METHOD_EXIT	org.springframework.util.MimeTypeUtils#tokenize(String):List<String>	675b6c536f9406cf7e2d	455	1590	2056	309
METHOD_EXIT	org.springframework.util.MimeTypeUtils#toString(Collection<? extends MimeType>):String	f4c70ebbb500e48c1e18	455	1417	1883	332
METHOD_ENTRY	org.springframework.util.MimeTypeUtils#sortBySpecificity(List<T>):void	7391a30b572a4e559a96	413	1334	1758	300
METHOD_ENTRY	org.springframework.util.MimeTypeUtils#parseMimeType(String):MimeType	b22975e6314a89e95ba8	413	1341	1765	200
METHOD_ENTRY	org.springframework.util.MimeTypeUtils#bubbleSort(List<T>,BiPredicate<? super T, ? super T>):void	1a8984704955b40ba3a9	413	1390	1814	242
METHOD_ENTRY	org.springframework.util.MimeTypeUtils#generateMultipartBoundary():byte[]	a149fb53c69ea80369c0	413	1328	1752	168
METHOD_EXIT	org.springframework.util.MimeTypeUtils#bubbleSort(List<T>,BiPredicate<? super T, ? super T>):void	f870b346377f37054562	455	1401	1867	236
METHOD_EXIT	org.springframework.util.MimeTypeUtils#generateMultipartBoundary():byte[]	a355e409901a19cf2f49	455	1402	1868	202
METHOD_ENTRY	org.springframework.util.MimeTypeUtils#initRandom():Random	c4ce46a39e19e8bbbe76	413	1323	1747	260
METHOD_EXIT	org.springframework.util.MimeTypeUtils#initRandom():Random	70973caa6e6d57479bd0	455	1397	1863	176
METHOD_EXIT	org.springframework.util.MimeTypeUtils#sortBySpecificity(List<T>):void	36919a7b4701fb38d482	455	1345	1811	332
METHOD_EXIT	org.springframework.util.MimeTypeUtils#generateMultipartBoundaryString():String	91e16d46989febc079d2	455	1340	1806	350
METHOD_ENTRY	org.springframework.util.MimeTypeUtils#parse():MimeType	1d3b993bd0df9aa8b88a	413	1342	1766	235
METHOD_EXIT	org.springframework.util.MimeTypeUtils#parse():MimeType	12762d0d76dbe767de2b	455	1417	1883	252
METHOD_ENTRY	org.springframework.util.MimeTypeUtils#resolveBareType(String):void	79d8cba31a1d08c3ce79	413	1313	1737	348
METHOD_EXIT	org.springframework.util.MimeTypeUtils#resolveBareType(String):void	ad70666b097ee6e83d56	455	1324	1790	148
METHOD_ENTRY	org.springframework.util.MimeTypeUtils#generateMultipartBoundaryString():String	9560d28d420d89279d57	413	1266	1690	5
METHOD_ENTRY	org.springframework.util.MimeTypeUtils#putParameter(String,String):void	d6a832b04a58483c213c	413	1324	1748	206
METHOD_EXIT	org.springframework.util.MimeTypeUtils#emitMimeType():void	e7ed4d86fbf009686221	455	1270	1736	89
METHOD_ENTRY	org.springframework.util.MimeTypeUtils#emitMimeType():void	9235c5d64673fa0161bc	413	1259	1683	110
METHOD_EXIT	org.springframework.util.MimeTypeUtils#buildMimeType():MimeType	a778a91cfd0135dfe20b	455	1466	1932	279
METHOD_ENTRY	org.springframework.util.MimeTypeUtils#buildMimeType():MimeType	ed2ef91263f41a6dc03e	413	1391	1815	330
METHOD_ENTRY	org.springframework.util.MimeTypeUtils#extractParameter(MimeTypeParser,String):void	eeb592540bab63c28154	413	1240	1664	162
METHOD_ENTRY	org.springframework.util.MimeTypeUtils#onEof(MimeTypeParser):void	ae11b99bfdb8ac790bab	413	1240	1664	5
METHOD_EXIT	org.springframework.util.MimeTypeUtils#putParameter(String,String):void	76935ea54777ecef29e9	455	1335	1801	291
METHOD_EXIT	org.springframework.util.MimeTypeUtils#onEof(MimeTypeParser):void	f0567fca30ca0d2e1b9a	455	1251	1717	5
METHOD_EXIT	org.springframework.util.MimeTypeUtils#process(char,MimeTypeParser):ParserState	863f63b26abd81d40df4	455	1251	1717	71
METHOD_ENTRY	org.springframework.util.MimeTypeUtils#process(char,MimeTypeParser):ParserState	6f3e441c0a3caefa57ae	413	1240	1664	412
METHOD_ENTRY	org.springframework.util.MimeTypeUtils#process(char,MimeTypeParser):ParserState	6f3e441c0a3caefa57ae	413	1240	1664	412
METHOD_EXIT	org.springframework.util.MimeTypeUtils#process(char,MimeTypeParser):ParserState	863f63b26abd81d40df4	455	1251	1717	71
METHOD_ENTRY	org.springframework.util.MimeTypeUtils#onEof(MimeTypeParser):void	ae11b99bfdb8ac790bab	413	1240	1664	5
METHOD_EXIT	org.springframework.util.MimeTypeUtils#onEof(MimeTypeParser):void	f0567fca30ca0d2e1b9a	455	1251	1717	5
METHOD_EXIT	org.springframework.util.MimeTypeUtils#extractParameter(MimeTypeParser,String):void	ba8e8ebaceba6d7b39af	455	1251	1717	5
METHOD_EXIT	org.springframework.util.MimeTypeUtils#process(char,MimeTypeParser):ParserState	863f63b26abd81d40df4	455	1251	1717	71
METHOD_ENTRY	org.springframework.util.MimeTypeUtils#process(char,MimeTypeParser):ParserState	6f3e441c0a3caefa57ae	413	1240	1664	412
METHOD_ENTRY	org.springframework.util.MimeTypeUtils#onEof(MimeTypeParser):void	ae11b99bfdb8ac790bab	413	1240	1664	5
METHOD_EXIT	org.springframework.util.MimeTypeUtils#onEof(MimeTypeParser):void	f0567fca30ca0d2e1b9a	455	1251	1717	5
METHOD_ENTRY	org.springframework.util.MimeTypeUtils#process(char,MimeTypeParser):ParserState	6f3e441c0a3caefa57ae	413	1240	1664	412
METHOD_EXIT	org.springframework.util.MimeTypeUtils#process(char,MimeTypeParser):ParserState	863f63b26abd81d40df4	455	1251	1717	71
METHOD_EXIT	org.springframework.util.MimeTypeUtils#onEof(MimeTypeParser):void	f0567fca30ca0d2e1b9a	455	1251	1717	5
METHOD_EXIT	org.springframework.util.MimeTypeUtils#process(char,MimeTypeParser):ParserState	863f63b26abd81d40df4	455	1251	1717	71
METHOD_ENTRY	org.springframework.util.MimeTypeUtils#process(char,MimeTypeParser):ParserState	6f3e441c0a3caefa57ae	413	1240	1664	412
METHOD_EXIT	org.springframework.util.MimeTypeUtils#process(char,MimeTypeParser):ParserState	863f63b26abd81d40df4	455	1251	1717	71
METHOD_ENTRY	org.springframework.util.MimeTypeUtils#process(char,MimeTypeParser):ParserState	6f3e441c0a3caefa57ae	413	1240	1664	412
METHOD_ENTRY	org.springframework.util.MimeTypeUtils#process(char,MimeTypeParser):ParserState	6f3e441c0a3caefa57ae	413	1240	1664	412
METHOD_EXIT	org.springframework.util.MimeTypeUtils#process(char,MimeTypeParser):ParserState	863f63b26abd81d40df4	455	1251	1717	71
METHOD_ENTRY	org.springframework.util.MimeTypeUtils#onEof(MimeTypeParser):void	ae11b99bfdb8ac790bab	413	1240	1664	5
METHOD_EXIT	org.springframework.util.MimeTypeUtils#process(char,MimeTypeParser):ParserState	863f63b26abd81d40df4	455	1251	1717	71
METHOD_ENTRY	org.springframework.util.MimeTypeUtils#onEof(MimeTypeParser):void	ae11b99bfdb8ac790bab	413	1240	1664	5
METHOD_EXIT	org.springframework.util.MimeTypeUtils#onEof(MimeTypeParser):void	f0567fca30ca0d2e1b9a	455	1251	1717	5
METHOD_ENTRY	org.springframework.util.MimeTypeUtils#process(char,MimeTypeParser):ParserState	6f3e441c0a3caefa57ae	413	1240	1664	412
METHOD_EXIT	org.springframework.util.MimeTypeUtils#process(char,MimeTypeParser):ParserState	863f63b26abd81d40df4	455	1251	1717	71
METHOD_ENTRY	org.springframework.util.MimeTypeUtils#onEof(MimeTypeParser):void	ae11b99bfdb8ac790bab	413	1240	1664	5
METHOD_EXIT	org.springframework.util.MimeTypeUtils#onEof(MimeTypeParser):void	f0567fca30ca0d2e1b9a	455	1251	1717	5
METHOD_ENTRY	org.springframework.util.MimeTypeUtils#process(char,MimeTypeParser):ParserState	6f3e441c0a3caefa57ae	413	1240	1664	412
METHOD_ENTRY	org.springframework.util.MimeTypeUtils#onEof(MimeTypeParser):void	ae11b99bfdb8ac790bab	413	1240	1664	5
METHOD_EXIT	org.springframework.util.MimeTypeUtils#onEof(MimeTypeParser):void	f0567fca30ca0d2e1b9a	455	1251	1717	5
METHOD_ENTRY	org.springframework.util.MimeTypeParser#parse():MimeType	cebb6c432f64a4a4bcab	413	471	895	286
METHOD_ENTRY	org.springframework.util.MimeTypeUtils#process(char,MimeTypeParser):ParserState	6f3e441c0a3caefa57ae	413	1240	1664	412
METHOD_EXIT	org.springframework.util.MimeTypeParser#parse():MimeType	2df6fdde3f2e76b17adb	455	546	1012	244
METHOD_EXIT	org.springframework.util.MimeTypeUtils#process(char,MimeTypeParser):ParserState	863f63b26abd81d40df4	455	1251	1717	71
METHOD_EXIT	org.springframework.util.MimeTypeParser#resolveBareType(String):void	a42bb236e5441db8010a	455	453	919	89
METHOD_ENTRY	org.springframework.util.MimeTypeParser#resolveBareType(String):void	d99934b779e65aa6473a	413	442	866	97
METHOD_ENTRY	org.springframework.util.MimeTypeParser#putParameter(String,String):void	7690f7246be1334e7676	413	453	877	250
METHOD_EXIT	org.springframework.util.MimeTypeParser#putParameter(String,String):void	a018563553b79790e429	455	464	930	288
METHOD_ENTRY	org.springframework.util.MimeTypeParser#emitMimeType():void	c790517c30446adbbf8a	413	388	812	149
METHOD_ENTRY	org.springframework.util.MimeTypeParser#buildMimeType():MimeType	b92e2d884f19ffc7b177	413	520	944	231
METHOD_EXIT	org.springframework.util.MimeTypeParser#emitMimeType():void	0c910dccfb3c79b2f877	455	399	865	232
METHOD_EXIT	org.springframework.util.MimeTypeParser#buildMimeType():MimeType	39eea5a2e4e4dc4d4a7c	455	595	1061	368
METHOD_ENTRY	org.springframework.util.FilteredMap#entrySet():Set<Entry<K, V>>	025b5c1167d6f86070b5	413	581	1005	225
METHOD_ENTRY	org.springframework.util.FilteredMap#size():int	501d03f6bd5f454e8cc2	413	587	1011	130
METHOD_EXIT	org.springframework.util.FilteredMap#entrySet():Set<Entry<K, V>>	57606f0e4c5e1795a5b8	455	659	1125	318
METHOD_EXIT	org.springframework.util.FilteredMap#size():int	3701da506b5f5a2ff0cd	455	661	1127	296
METHOD_EXIT	org.springframework.util.FilteredMap#containsKey(Object):boolean	1264c4ca5a343be6d63a	455	671	1137	271
METHOD_ENTRY	org.springframework.util.FilteredMap#get(Object):V	a0b77e28cabcc96453d7	413	602	1026	300
METHOD_EXIT	org.springframework.util.FilteredMap#get(Object):V	c257b2be5f5cf76b52c3	455	679	1145	290
METHOD_ENTRY	org.springframework.util.FilteredMap#containsKey(Object):boolean	5c961be3aae418dd6f2e	413	594	1018	245
METHOD_ENTRY	org.springframework.util.FilteredMap#put(K,V):V	f2951477a4878685393e	413	608	1032	266
METHOD_ENTRY	org.springframework.util.FilteredMap#remove(Object):V	2c62fc8324a6096e9491	413	606	1030	265
METHOD_EXIT	org.springframework.util.FilteredMap#remove(Object):V	500a318ee4d24b8ef389	455	683	1149	305
METHOD_ENTRY	org.springframework.util.FilteredMap#clear():void	3e35afb2653d2253f5e2	413	553	977	134
METHOD_EXIT	org.springframework.util.FilteredMap#clear():void	aac411878b22a721e890	455	564	1030	275
METHOD_ENTRY	org.springframework.util.FilteredMap#keySet():Set<K>	86d7ad56b98a63cce7b7	413	569	993	246
METHOD_EXIT	org.springframework.util.FilteredMap#keySet():Set<K>	b5680c2782185fbc3171	455	644	1110	284
METHOD_EXIT	org.springframework.util.FilteredMap#put(K,V):V	ef6452b572c0cfc4065b	455	685	1151	311
METHOD_ENTRY	org.springframework.util.StreamUtils#copyToByteArray(InputStream):byte[]	470121425a43a0912176	413	1568	1992	304
METHOD_EXIT	org.springframework.util.StreamUtils#copyToByteArray(InputStream):byte[]	ea66886dc06db37da852	455	1645	2111	382
METHOD_ENTRY	org.springframework.util.StreamUtils#copyToString(InputStream,Charset):String	aee2478824e5b9a31861	413	1639	2063	218
METHOD_ENTRY	org.springframework.util.StreamUtils#copy(byte[],OutputStream):void	8ceb4578cb765ea663da	413	1580	2004	209
METHOD_EXIT	org.springframework.util.StreamUtils#copyToString(ByteArrayOutputStream,Charset):String	e7bb30e090734f6dc290	455	1666	2132	243
METHOD_EXIT	org.springframework.util.StreamUtils#copy(byte[],OutputStream):void	f99e67b759cd4790e35e	455	1591	2057	267
METHOD_ENTRY	org.springframework.util.StreamUtils#copy(String,Charset,OutputStream):void	0796248e65678df5f7b1	413	1604	2028	221
METHOD_ENTRY	org.springframework.util.StreamUtils#copy(InputStream,OutputStream):int	5e36eb9d3a53e72be9c7	413	1592	2016	248
METHOD_EXIT	org.springframework.util.StreamUtils#copy(String,Charset,OutputStream):void	93e53451a6622b4d30cf	455	1615	2081	249
METHOD_ENTRY	org.springframework.util.StreamUtils#copyToString(ByteArrayOutputStream,Charset):String	44a05c5ca4a8ed5447fa	413	1589	2013	237
METHOD_EXIT	org.springframework.util.StreamUtils#copy(InputStream,OutputStream):int	c43ab76699931f2caa5b	455	1669	2135	277
METHOD_EXIT	org.springframework.util.StreamUtils#copyRange(InputStream,OutputStream,long,long):long	1fac2ee9209a54345835	455	1843	2309	246
METHOD_ENTRY	org.springframework.util.StreamUtils#copyRange(InputStream,OutputStream,long,long):long	c0d747db1426c53252ca	413	1766	2190	198
METHOD_ENTRY	org.springframework.util.StreamUtils#drain(InputStream):int	9d53410c221be446953c	413	1568	1992	227
METHOD_EXIT	org.springframework.util.StreamUtils#drain(InputStream):int	64ad361c164e651152af	455	1645	2111	369
METHOD_EXIT	org.springframework.util.StreamUtils#copyToString(InputStream,Charset):String	a5eff25890a820b78b72	455	1716	2182	354
METHOD_ENTRY	org.springframework.util.StreamUtils#emptyInput():InputStream	70280060e5b4eb980edd	413	1547	1971	171
METHOD_ENTRY	org.springframework.util.StreamUtils#nonClosing(InputStream):InputStream	dffb2217cb88d9e0b9a8	413	1576	2000	252
METHOD_EXIT	org.springframework.util.StreamUtils#nonClosing(InputStream):InputStream	6b2a0da85ebe0729be9c	455	1654	2120	282
METHOD_ENTRY	org.springframework.util.StreamUtils#nonClosing(OutputStream):OutputStream	692455dc0e9a890fcb29	413	1576	2000	212
METHOD_ENTRY	org.springframework.util.StreamUtils#nonFlushing(OutputStream):OutputStream	77bd443bbce05ba22406	413	1580	2004	226
METHOD_EXIT	org.springframework.util.StreamUtils#nonClosing(OutputStream):OutputStream	84f1c5f8b00153c15dc7	455	1654	2120	235
METHOD_EXIT	org.springframework.util.StreamUtils#emptyInput():InputStream	0d148ffe93023c648873	455	1622	2088	192
METHOD_ENTRY	org.springframework.util.StreamUtils#close():void	642d34e72a7ed96ab058	413	1530	1954	5
METHOD_EXIT	org.springframework.util.StreamUtils#close():void	9fbd80beb6fbcb383095	455	1541	2007	59
METHOD_ENTRY	org.springframework.util.StreamUtils#readAllBytes():byte[]	2986e19b1a3dd68914c3	413	1543	1967	5
METHOD_EXIT	org.springframework.util.StreamUtils#readAllBytes():byte[]	dfad6948d08e98989711	455	1617	2083	284
METHOD_ENTRY	org.springframework.util.StreamUtils#readNBytes(int):byte[]	e80e8f89a8bf6736a323	413	1549	1973	98
METHOD_EXIT	org.springframework.util.StreamUtils#readNBytes(int):byte[]	bd2c15e00313cd0d1778	455	1626	2092	265
METHOD_EXIT	org.springframework.util.StreamUtils#nonFlushing(OutputStream):OutputStream	5f1e0a54dd09c624bd08	455	1658	2124	345
METHOD_EXIT	org.springframework.util.StreamUtils#readNBytes(byte[],int,int):int	9f53654687f68189606b	455	1648	2114	247
METHOD_ENTRY	org.springframework.util.StreamUtils#transferTo(OutputStream):long	33d5e6774477a0e60723	413	1547	1971	153
METHOD_EXIT	org.springframework.util.StreamUtils#transferTo(OutputStream):long	14533c330a4b8fd41a6d	455	1624	2090	220
METHOD_ENTRY	org.springframework.util.StreamUtils#write(byte[],int,int):void	58960730781e922d89a5	413	1579	2003	244
METHOD_EXIT	org.springframework.util.StreamUtils#write(byte[],int,int):void	a11d1f8b6cb73bcaddc0	455	1590	2056	258
METHOD_ENTRY	org.springframework.util.StreamUtils#close():void	642d34e72a7ed96ab058	413	1530	1954	5
METHOD_EXIT	org.springframework.util.StreamUtils#close():void	9fbd80beb6fbcb383095	455	1541	2007	59
METHOD_ENTRY	org.springframework.util.NonClosingInputStream#close():void	afd9114487acfcea023d	413	380	804	5
METHOD_EXIT	org.springframework.util.NonClosingInputStream#close():void	5a656b8d39827ea56add	455	391	857	58
METHOD_ENTRY	org.springframework.util.StreamUtils#flush():void	f7ffd2e25adb2a480c8c	413	1530	1954	5
METHOD_EXIT	org.springframework.util.StreamUtils#flush():void	0838800c869d9276fc9b	455	1541	2007	5
METHOD_ENTRY	org.springframework.util.NonClosingInputStream#readAllBytes():byte[]	b4e3ed8c6a934a56ece2	413	393	817	148
METHOD_ENTRY	org.springframework.util.StreamUtils#readNBytes(byte[],int,int):int	ce71c5b9741be1dda968	413	1571	1995	230
METHOD_EXIT	org.springframework.util.NonClosingInputStream#readNBytes(int):byte[]	aa749978f2a7e1d8d688	455	476	942	201
METHOD_EXIT	org.springframework.util.NonClosingInputStream#readAllBytes():byte[]	12c0a4b6964cfa060aad	455	467	933	263
METHOD_ENTRY	org.springframework.util.NonClosingInputStream#readNBytes(byte[],int,int):int	d515a123ba5b058d61c1	413	421	845	220
METHOD_EXIT	org.springframework.util.NonClosingInputStream#readNBytes(byte[],int,int):int	db7d69ff770e02a44471	455	498	964	194
METHOD_ENTRY	org.springframework.util.NonClosingInputStream#transferTo(OutputStream):long	4a825bcb0f9f41dea9bb	413	397	821	56
METHOD_EXIT	org.springframework.util.NonClosingInputStream#transferTo(OutputStream):long	50d302858181979d1648	455	474	940	276
METHOD_EXIT	org.springframework.util.NonClosingOutputStream#write(byte[],int,int):void	acfcd07b11f2a8aa7f9a	455	440	906	288
METHOD_EXIT	org.springframework.util.NonClosingOutputStream#close():void	3efed1cfb9142755302f	455	391	857	32
METHOD_ENTRY	org.springframework.util.NonClosingOutputStream#close():void	5ec23ae1361ce8adccf1	413	380	804	5
METHOD_ENTRY	org.springframework.util.NonClosingOutputStream#write(byte[],int,int):void	4eaae6c899cbd77e74e7	413	429	853	155
METHOD_ENTRY	org.springframework.util.NonClosingInputStream#readNBytes(int):byte[]	edfa9e106b088a96d1ec	413	399	823	96
METHOD_ENTRY	org.springframework.util.NonFlushingOutputStream#flush():void	289f708a0ae1ccf46886	413	381	805	5
METHOD_EXIT	org.springframework.util.NonFlushingOutputStream#flush():void	abbfec55c827122fa85c	455	392	858	55
METHOD_ENTRY	org.springframework.util.SerializationUtils#deserialize(byte @Nullable []):Object	30940ccd2c2e434ccf59	413	840	1264	222
METHOD_EXIT	org.springframework.util.SerializationUtils#deserialize(byte @Nullable []):Object	ada6f4aad1471b09bf8f	455	917	1383	272
METHOD_EXIT	org.springframework.util.SerializationUtils#serialize(Object):byte @Nullable []	d2e13ae04a818088ecb3	455	911	1377	321
METHOD_ENTRY	org.springframework.util.SerializationUtils#serialize(Object):byte @Nullable []	57d79b6e3a50bf733fe7	413	832	1256	241
METHOD_ENTRY	org.springframework.util.CompositeIterator#add(Iterator<E>):void	6723e0dcbf9f3f9ea901	413	593	1017	142
METHOD_EXIT	org.springframework.util.CompositeIterator#add(Iterator<E>):void	089334b0ce698048a33c	455	604	1070	237
METHOD_ENTRY	org.springframework.util.CompositeIterator#hasNext():boolean	985d02e7f390c88e98d1	413	568	992	233
METHOD_EXIT	org.springframework.util.CompositeIterator#hasNext():boolean	fcb98d75811566b2706f	455	642	1108	304
METHOD_ENTRY	org.springframework.util.SerializationUtils#clone(T):T	32e65aa68cf742a5bf89	413	760	1184	235
METHOD_ENTRY	org.springframework.util.CompositeIterator#next():E	a8e4880284eb3d2e306f	413	576	1000	217
METHOD_ENTRY	org.springframework.util.CompositeIterator#remove():void	701941628d8227349054	413	538	962	69
METHOD_EXIT	org.springframework.util.CompositeIterator#remove():void	2c1746d2dd07d04928e8	455	549	1015	60
METHOD_EXIT	org.springframework.util.CompositeIterator#next():E	4efd875e450e42bcbf30	455	650	1116	305
METHOD_ENTRY	org.springframework.util.ExceptionTypeFilter#match(Throwable):boolean	110114461ef3a51c2526	413	745	1169	201
METHOD_EXIT	org.springframework.util.ExceptionTypeFilter#match(Throwable):boolean	719e31f15e101a4b0fb6	455	822	1288	272
METHOD_EXIT	org.springframework.util.SerializationUtils#clone(T):T	b4d5d5724b3e967bcb55	455	837	1303	295
METHOD_EXIT	org.springframework.util.ExceptionTypeFilter#match(Throwable,boolean):boolean	15bf67440fa181c7d1ec	455	850	1316	213
METHOD_ENTRY	org.springframework.util.ExceptionTypeFilter#matchTraversingCauses(Throwable):boolean	288375a2d3ff1d3bfd3f	413	846	1270	163
METHOD_EXIT	org.springframework.util.ExceptionTypeFilter#matchTraversingCauses(Throwable):boolean	f81a5eee8560840836de	455	923	1389	385
METHOD_ENTRY	org.springframework.util.ExceptionTypeFilter#matchTraversingCauses(Throwable,Collection<? extends Class<? extends Throwable>>):boolean	7ee75143be690d521aed	413	847	1271	283
METHOD_EXIT	org.springframework.util.ExceptionTypeFilter#matchTraversingCauses(Throwable,Collection<? extends Class<? extends Throwable>>):boolean	13fbd33d63375f39e2b6	455	924	1390	426
METHOD_ENTRY	org.springframework.util.ExceptionTypeFilter#match(Class<? extends Throwable>,Class<? extends Throwable>):boolean	c1cb1c0180713d8ba4ec	413	778	1202	293
METHOD_ENTRY	org.springframework.util.ExceptionTypeFilter#match(Throwable,boolean):boolean	522c648521332e7b40cc	413	773	1197	183
METHOD_EXIT	org.springframework.util.ExceptionTypeFilter#match(Class<? extends Throwable>,Class<? extends Throwable>):boolean	43628e73926160c65dfd	455	855	1321	240
METHOD_ENTRY	org.springframework.util.MethodInvoker#getTargetClass():Class<?>	e29b417928e978ece0bd	413	1562	1986	230
METHOD_ENTRY	org.springframework.util.MethodInvoker#setTargetClass(Class<?>):void	bbe6e33ed07cf3f08a81	413	1572	1996	319
METHOD_EXIT	org.springframework.util.MethodInvoker#setTargetClass(Class<?>):void	f18ad7da86576ba67949	455	1583	2049	285
METHOD_ENTRY	org.springframework.util.MethodInvoker#setTargetObject(Object):void	01a6bbbbb67142171cd3	413	1591	2015	72
METHOD_EXIT	org.springframework.util.MethodInvoker#setTargetObject(Object):void	f45b6df5c7d4c4398593	455	1602	2068	299
METHOD_ENTRY	org.springframework.util.MethodInvoker#getTargetObject():Object	1f9c871be6ec5a2f5632	413	1560	1984	290
METHOD_EXIT	org.springframework.util.MethodInvoker#setTargetMethod(String):void	da777a9e05f20cb5c893	455	1580	2046	291
METHOD_ENTRY	org.springframework.util.MethodInvoker#setTargetMethod(String):void	1c511052317418d662ee	413	1569	1993	317
METHOD_ENTRY	org.springframework.util.MethodInvoker#getTargetMethod():String	da2d2ffe5536a6b92df8	413	1560	1984	57
METHOD_EXIT	org.springframework.util.MethodInvoker#getTargetMethod():String	811588742e45257a5d01	455	1634	2100	179
METHOD_ENTRY	org.springframework.util.MethodInvoker#setStaticMethod(String):void	5c75260d1f71ec8453de	413	1567	1991	281
METHOD_EXIT	org.springframework.util.MethodInvoker#getTargetClass():Class<?>	d5c9d9a57ebccd61ac96	455	1637	2103	281
METHOD_EXIT	org.springframework.util.MethodInvoker#setStaticMethod(String):void	a53d5613ff2f4c14ffad	455	1578	2044	307
METHOD_ENTRY	org.springframework.util.MethodInvoker#setArguments(Object):void	f73c221364113e49c008	413	1566	1990	275
METHOD_EXIT	org.springframework.util.MethodInvoker#setArguments(Object):void	d7f2a204cc0d765b2439	455	1577	2043	215
METHOD_ENTRY	org.springframework.util.MethodInvoker#getArguments():Object[]	ef55fb3b8ce3df9d8d91	413	1569	1993	255
METHOD_EXIT	org.springframework.util.MethodInvoker#getArguments():Object[]	6efc6a2cf6f2f4ec7408	455	1643	2109	283
METHOD_EXIT	org.springframework.util.MethodInvoker#getTargetObject():Object	72150b714e34bf7764f1	455	1634	2100	192
METHOD_ENTRY	org.springframework.util.MethodInvoker#resolveClassName(String):Class<?>	be85b6859b7dfa18c16d	413	1583	2007	222
METHOD_ENTRY	org.springframework.util.MethodInvoker#prepare():void	994609b08649f22e441a	413	1939	2363	327
METHOD_ENTRY	org.springframework.util.MethodInvoker#findMatchingMethod():Method	60b1fb8c7f83a37bce27	413	1741	2165	228
METHOD_EXIT	org.springframework.util.MethodInvoker#resolveClassName(String):Class<?>	cea552810aaec239d21d	455	1661	2127	278
METHOD_EXIT	org.springframework.util.MethodInvoker#findMatchingMethod():Method	79606338b0235ccdc606	455	1815	2281	317
METHOD_ENTRY	org.springframework.util.MethodInvoker#getPreparedMethod():Method	cbd551ca1b6ca8e6df6f	413	1595	2019	303
METHOD_EXIT	org.springframework.util.MethodInvoker#prepare():void	edfdb7b5d9ae48d01209	455	1950	2416	270
METHOD_ENTRY	org.springframework.util.MethodInvoker#isPrepared():boolean	65b1b810a26dafe8ba1a	413	1560	1984	295
METHOD_EXIT	org.springframework.util.MethodInvoker#isPrepared():boolean	7a8568b53ba47c053522	455	1634	2100	246
METHOD_ENTRY	org.springframework.util.MethodInvoker#invoke():Object	cb095834731fb71e8637	413	1741	2165	272
METHOD_EXIT	org.springframework.util.MethodInvoker#invoke():Object	10f9e6ff61de2aeaeda6	455	1815	2281	150
METHOD_ENTRY	org.springframework.util.MethodInvoker#getTypeDifferenceWeight(Class<?>[],Object[]):int	8248fdc972b48b94433a	413	1781	2205	309
METHOD_EXIT	org.springframework.util.MethodInvoker#getTypeDifferenceWeight(Class<?>[],Object[]):int	ec684c10d170067e4f3f	455	1858	2324	353
METHOD_EXIT	org.springframework.util.MethodInvoker#getPreparedMethod():Method	65a416999b82da9c1abb	455	1669	2135	251
METHOD_EXIT	org.springframework.util.FastByteArrayOutputStream#write(int):void	d1c673cb521669b2c7a7	455	1531	1997	315
METHOD_ENTRY	org.springframework.util.FastByteArrayOutputStream#close():void	7aad491d6f1d0940bcbe	413	1445	1869	216
METHOD_EXIT	org.springframework.util.FastByteArrayOutputStream#write(byte[],int,int):void	ac1a7fea274f6ed39d4c	455	1741	2207	272
METHOD_EXIT	org.springframework.util.FastByteArrayOutputStream#close():void	f7679b4fe0f79ca343e9	455	1456	1922	276
METHOD_ENTRY	org.springframework.util.FastByteArrayOutputStream#write(byte[],int,int):void	9e7115072139b0185e84	413	1730	2154	189
METHOD_ENTRY	org.springframework.util.FastByteArrayOutputStream#toString():String	c866753039482e5b3075	413	1450	1874	190
METHOD_ENTRY	org.springframework.util.FastByteArrayOutputStream#write(int):void	da0955c353b4ec18ea2a	413	1520	1944	305
METHOD_ENTRY	org.springframework.util.FastByteArrayOutputStream#size():int	53405e5c912db3b3db90	413	1449	1873	276
METHOD_EXIT	org.springframework.util.FastByteArrayOutputStream#size():int	0067e0239c3d3555f677	455	1523	1989	277
METHOD_EXIT	org.springframework.util.FastByteArrayOutputStream#toString(Charset):String	16bdd6ced01b25fa3f0b	455	1584	2050	266
METHOD_ENTRY	org.springframework.util.FastByteArrayOutputStream#toString(Charset):String	dd900d19187889d1930f	413	1507	1931	253
METHOD_ENTRY	org.springframework.util.FastByteArrayOutputStream#toByteArrayUnsafe():byte[]	692a3fbd1358e4369bb8	413	1486	1910	249
METHOD_EXIT	org.springframework.util.FastByteArrayOutputStream#toByteArrayUnsafe():byte[]	fab933322478392c227f	455	1560	2026	263
METHOD_EXIT	org.springframework.util.FastByteArrayOutputStream#toString():String	4c82f9a5b95a8bf3bf0c	455	1524	1990	259
METHOD_EXIT	org.springframework.util.FastByteArrayOutputStream#toByteArray():byte[]	339f54d1855bd0c63ff8	455	1534	2000	231
METHOD_ENTRY	org.springframework.util.FastByteArrayOutputStream#reset():void	c017a540eeb93ac272b1	413	1477	1901	260
METHOD_ENTRY	org.springframework.util.FastByteArrayOutputStream#getInputStream():InputStream	a922685dd1c3e705a60c	413	1452	1876	186
METHOD_EXIT	org.springframework.util.FastByteArrayOutputStream#reset():void	1ad5c959d81181f7c7ca	455	1488	1954	227
METHOD_EXIT	org.springframework.util.FastByteArrayOutputStream#getInputStream():InputStream	be451ba7fd51bcdadf4a	455	1527	1993	186
METHOD_ENTRY	org.springframework.util.FastByteArrayOutputStream#writeTo(OutputStream):void	2919df2905b96a142b80	413	1518	1942	262
METHOD_ENTRY	org.springframework.util.FastByteArrayOutputStream#toByteArray():byte[]	869ff7679c478ff947f5	413	1460	1884	280
METHOD_ENTRY	org.springframework.util.FastByteArrayOutputStream#resize(int):void	5f6a4f679cfa3a77613c	413	1671	2095	240
METHOD_EXIT	org.springframework.util.FastByteArrayOutputStream#resize(int):void	9f959c06ade0e0cf5dd1	455	1682	2148	252
METHOD_ENTRY	org.springframework.util.FastByteArrayOutputStream#addBuffer(int):void	27acdf7582348b35b165	413	1536	1960	197
METHOD_EXIT	org.springframework.util.FastByteArrayOutputStream#addBuffer(int):void	079f2770ca8482193eda	455	1547	2013	325
METHOD_ENTRY	org.springframework.util.FastByteArrayOutputStream#nextPowerOf2(int):int	2796774d2b1e24dc9f80	413	1519	1943	239
METHOD_EXIT	org.springframework.util.FastByteArrayOutputStream#nextPowerOf2(int):int	f43c483990cf94fb7d84	455	1596	2062	297
METHOD_EXIT	org.springframework.util.FastByteArrayOutputStream#writeTo(OutputStream):void	d8020a36377117210243	455	1529	1995	279
METHOD_EXIT	org.springframework.util.FastByteArrayOutputStream#read():int	509c413fe0b8b7cc7bb7	455	1653	2119	367
METHOD_ENTRY	org.springframework.util.FastByteArrayOutputStream#read(byte[]):int	49545119f85fa55fe304	413	1458	1882	172
METHOD_ENTRY	org.springframework.util.FastByteArrayOutputStream#read(byte[],int,int):int	aa77086fde691df7fc50	413	1747	2171	267
METHOD_EXIT	org.springframework.util.FastByteArrayOutputStream#read(byte[]):int	9e19005fee31a736d054	455	1535	2001	228
METHOD_EXIT	org.springframework.util.FastByteArrayOutputStream#read(byte[],int,int):int	05a8e881c35760147a17	455	1824	2290	317
METHOD_ENTRY	org.springframework.util.FastByteArrayOutputStream#skip(long):long	8500a57179da3e883d45	413	1721	2145	104
METHOD_ENTRY	org.springframework.util.FastByteArrayOutputStream#read():int	494a671ce2dda7191fd7	413	1579	2003	253
METHOD_ENTRY	org.springframework.util.FastByteArrayOutputStream#available():int	0a72dcd3ee4ecb7f62e3	413	1458	1882	231
METHOD_EXIT	org.springframework.util.FastByteArrayOutputStream#available():int	572162eff9102288b02b	455	1532	1998	108
METHOD_ENTRY	org.springframework.util.FastByteArrayOutputStream#updateMessageDigest(MessageDigest):void	2655c97176e5fc7eec68	413	1464	1888	151
METHOD_EXIT	org.springframework.util.FastByteArrayOutputStream#updateMessageDigest(MessageDigest):void	b2988e91fdb6c0a2a810	455	1475	1941	217
METHOD_ENTRY	org.springframework.util.FastByteArrayOutputStream#updateMessageDigest(MessageDigest,int):void	37421be5a388124e076a	413	1701	2125	229
METHOD_EXIT	org.springframework.util.FastByteArrayOutputStream#updateMessageDigest(MessageDigest,int):void	1d77cc40095bbd5b7cc9	455	1712	2178	314
METHOD_EXIT	org.springframework.util.FastByteArrayOutputStream#skip(long):long	b08c62b5bab3dbb6ba8c	455	1798	2264	298
METHOD_EXIT	org.springframework.util.FastByteArrayInputStream#read():int	ee6de6de83e9dcb77507	455	591	1057	81
METHOD_ENTRY	org.springframework.util.FastByteArrayInputStream#read():int	7f5122effde06aef21bb	413	517	941	250
METHOD_ENTRY	org.springframework.util.FastByteArrayInputStream#read(byte[]):int	74d2419b195cb97cd0bd	413	396	820	213
METHOD_EXIT	org.springframework.util.FastByteArrayOutputStream#updateCurrentBufferLength():void	9f2ee5fa2a6e83f780a4	455	1518	1984	357
METHOD_EXIT	org.springframework.util.FastByteArrayInputStream#read(byte[]):int	776c98110af1da8984be	455	473	939	206
METHOD_ENTRY	org.springframework.util.FastByteArrayInputStream#read(byte[],int,int):int	7cf4c43a581af12afed2	413	685	1109	252
METHOD_EXIT	org.springframework.util.FastByteArrayInputStream#read(byte[],int,int):int	7fad08fbe4e1ef01e814	455	762	1228	292
METHOD_EXIT	org.springframework.util.FastByteArrayInputStream#skip(long):long	95e550ca9a0c3f9971be	455	736	1202	349
METHOD_ENTRY	org.springframework.util.FastByteArrayInputStream#skip(long):long	ef6564eb7b75c4be2f2d	413	659	1083	167
METHOD_ENTRY	org.springframework.util.FastByteArrayInputStream#available():int	045fcb2d826fc0121a7e	413	396	820	169
METHOD_EXIT	org.springframework.util.FastByteArrayInputStream#available():int	ce53648eb61442343086	455	470	936	238
METHOD_ENTRY	org.springframework.util.FastByteArrayInputStream#updateMessageDigest(MessageDigest):void	d28d227fea7512842bee	413	402	826	218
METHOD_ENTRY	org.springframework.util.FastByteArrayOutputStream#updateCurrentBufferLength():void	669dbd7bceac4f5222ae	413	1507	1931	184
METHOD_EXIT	org.springframework.util.FastByteArrayInputStream#updateMessageDigest(MessageDigest):void	fabab2f153ed95d7cb2b	455	413	879	56
METHOD_EXIT	org.springframework.util.FastByteArrayInputStream#updateMessageDigest(MessageDigest,int):void	f1fa34f052289ff075b6	455	650	1116	323
METHOD_EXIT	org.springframework.util.FastByteArrayInputStream#updateCurrentBufferLength():void	a9ed2ef4cb1f0a82d01c	455	456	922	361
METHOD_ENTRY	org.springframework.util.FastByteArrayInputStream#updateCurrentBufferLength():void	130c5235a2465447e72f	413	445	869	293
METHOD_ENTRY	org.springframework.util.FastByteArrayInputStream#updateMessageDigest(MessageDigest,int):void	c5f78ceecd1f25038ec5	413	639	1063	109
METHOD_ENTRY	org.springframework.util.unit.DataSize#ofMegabytes(long):DataSize	d08f5e1ab7064e53c81c	413	1923	2347	256
METHOD_ENTRY	org.springframework.util.unit.DataSize#ofBytes(long):DataSize	9911403da80ba5fca292	413	1909	2333	201
METHOD_EXIT	org.springframework.util.unit.DataSize#ofKilobytes(long):DataSize	2df2da04f7339f16b5ab	455	2007	2473	293
METHOD_EXIT	org.springframework.util.unit.DataSize#ofBytes(long):DataSize	1079658be9a0a141c67b	455	1987	2453	304
METHOD_EXIT	org.springframework.util.unit.DataSize#ofMegabytes(long):DataSize	8e82a1f390432d1119d3	455	2001	2467	329
METHOD_ENTRY	org.springframework.util.unit.DataSize#ofGigabytes(long):DataSize	52623485940edf67bfcb	413	1924	2348	329
METHOD_ENTRY	org.springframework.util.unit.DataSize#ofTerabytes(long):DataSize	3918066601ee9af1b03c	413	1924	2348	298
METHOD_EXIT	org.springframework.util.unit.DataSize#ofGigabytes(long):DataSize	65dd6a414743f4880308	455	2002	2468	337
METHOD_EXIT	org.springframework.util.unit.DataSize#ofTerabytes(long):DataSize	32263625d46c8b2037b8	455	2002	2468	246
METHOD_EXIT	org.springframework.util.unit.DataSize#of(long,DataUnit):DataSize	0189b17e583485df6930	455	2020	2486	270
METHOD_ENTRY	org.springframework.util.unit.DataSize#parse(CharSequence):DataSize	2eb8fa9152b6da636c60	413	1910	2334	204
METHOD_ENTRY	org.springframework.util.unit.DataSize#ofKilobytes(long):DataSize	5b60518e2d921a92085b	413	1929	2353	52
METHOD_EXIT	org.springframework.util.unit.DataSize#parse(CharSequence):DataSize	4e0dcadff7ccbcd339dc	455	1988	2454	308
METHOD_ENTRY	org.springframework.util.unit.DataSize#parse(CharSequence,DataUnit):DataSize	5bcbde1946e31eff875b	413	2074	2498	274
METHOD_ENTRY	org.springframework.util.unit.DataSize#of(long,DataUnit):DataSize	166ef97fefeed2a3205e	413	1942	2366	310
METHOD_ENTRY	org.springframework.util.unit.DataSize#isNegative():boolean	1867d3d1580c1e9cfa06	413	1902	2326	238
METHOD_ENTRY	org.springframework.util.unit.DataSize#toBytes():long	3852ed325b9d619160e4	413	1899	2323	176
METHOD_EXIT	org.springframework.util.unit.DataSize#isNegative():boolean	9e3861d642f431190e45	455	1976	2442	263
METHOD_EXIT	org.springframework.util.unit.DataSize#toBytes():long	6f7af4cc405c09e51bc7	455	1973	2439	328
METHOD_ENTRY	org.springframework.util.unit.DataSize#toKilobytes():long	19a2be7531c3efb2f5ef	413	1909	2333	328
METHOD_EXIT	org.springframework.util.unit.DataSize#parse(CharSequence,DataUnit):DataSize	1f4b62371bf74b746f58	455	2152	2618	305
METHOD_EXIT	org.springframework.util.unit.DataSize#toKilobytes():long	cf71741eef7da351ae11	455	1983	2449	304
METHOD_ENTRY	org.springframework.util.unit.DataSize#toGigabytes():long	34e552871fb6b82c741e	413	1907	2331	263
METHOD_EXIT	org.springframework.util.unit.DataSize#toGigabytes():long	fa299ae3ac5ec2995eb8	455	1981	2447	314
METHOD_ENTRY	org.springframework.util.unit.DataSize#toTerabytes():long	62ee6d3c6c50391b7cec	413	1907	2331	240
METHOD_EXIT	org.springframework.util.unit.DataSize#toMegabytes():long	e51cf8cfafb008c1c868	455	1980	2446	304
METHOD_EXIT	org.springframework.util.unit.DataSize#toTerabytes():long	bf674d2fae4d77d2fcae	455	1981	2447	244
METHOD_EXIT	org.springframework.util.unit.DataSize#compareTo(DataSize):int	ef981f91e57fea894b8f	455	1991	2457	247
METHOD_ENTRY	org.springframework.util.unit.DataSize#toString():String	b5c82cc9554814e8fe43	413	1907	2331	344
METHOD_EXIT	org.springframework.util.unit.DataSize#toString():String	965d36281f2ba2bb795c	455	1981	2447	338
METHOD_ENTRY	org.springframework.util.unit.DataSize#toMegabytes():long	ecb59ffeb2525c642fbe	413	1906	2330	302
METHOD_ENTRY	org.springframework.util.unit.DataSize#equals(Object):boolean	1306b609a97835230dd3	413	1959	2383	247
METHOD_EXIT	org.springframework.util.unit.DataSize#equals(Object):boolean	8c6fa9a6f37da85c3249	455	2036	2502	310
METHOD_ENTRY	org.springframework.util.unit.DataSize#hashCode():int	9b8280fd44b278d3942d	413	1904	2328	241
METHOD_ENTRY	org.springframework.util.SimpleIdGenerator#generateId():UUID	117478cc6b8968334483	413	471	895	271
METHOD_EXIT	org.springframework.util.SimpleIdGenerator#generateId():UUID	614460520a6f3507f57a	455	545	1011	183
METHOD_ENTRY	org.springframework.util.unit.DataSize#compareTo(DataSize):int	05316e05b122d33419be	413	1914	2338	237
METHOD_EXIT	org.springframework.util.unit.DataSize#hashCode():int	03000b393f357cd6b3f4	455	1978	2444	154
METHOD_EXIT	org.springframework.util.unit.DataSizeUtils#determineDataUnit(String,DataUnit):DataUnit	016496217af54aa6fff0	455	530	996	317
METHOD_EXIT	org.springframework.util.unit.DataSize#determineDataUnit(String,DataUnit):DataUnit	743f4254743552ff43b6	455	2048	2514	353
METHOD_ENTRY	org.springframework.util.unit.DataSize#determineDataUnit(String,DataUnit):DataUnit	33ca6fa59978cdeeab6f	413	1970	2394	295
METHOD_ENTRY	org.springframework.util.unit.DataSizeUtils#determineDataUnit(String,DataUnit):DataUnit	606ffdbeb82b7ca4591a	413	452	876	307
METHOD_ENTRY	org.springframework.core.type.classreading.MetadataReaderFactory#create(ResourceLoader):MetadataReaderFactory	dc67093e6411a2260aa2	413	736	1160	149
METHOD_EXIT	org.springframework.core.type.classreading.MetadataReaderFactory#create(ResourceLoader):MetadataReaderFactory	cdf62e1f0cbc4b13d99d	455	815	1281	124
METHOD_EXIT	org.springframework.core.type.classreading.MetadataReaderFactory#create(ClassLoader):MetadataReaderFactory	bc0f3c07c6a1a530a193	455	815	1281	178
METHOD_ENTRY	org.springframework.core.type.classreading.MetadataReaderFactory#create(ClassLoader):MetadataReaderFactory	9ac441d216b0a0bb2c74	413	736	1160	219
METHOD_ENTRY	org.springframework.core.type.classreading.AbstractMetadataReaderFactory#getResourceLoader():ResourceLoader	e1c651ca90dcab8e68b3	413	451	875	50
METHOD_EXIT	org.springframework.core.type.classreading.AbstractMetadataReaderFactory#getResourceLoader():ResourceLoader	df22f0f95032ccb464bd	455	526	992	47
METHOD_EXIT	org.springframework.core.type.classreading.AbstractMetadataReaderFactory#getMetadataReader(String):MetadataReader	fe7dd4bfc955cf6f71d6	455	776	1242	318
METHOD_ENTRY	org.springframework.core.type.classreading.AbstractMetadataReaderFactory#getMetadataReader(String):MetadataReader	751ec3d86cb206548d1e	413	698	1122	337
METHOD_ENTRY	org.springframework.core.type.classreading.SimpleMetadataReaderFactory#getMetadataReader(Resource):MetadataReader	47287c5a72a919c4390a	413	474	898	199
METHOD_EXIT	org.springframework.core.type.classreading.SimpleMetadataReaderFactory#getMetadataReader(Resource):MetadataReader	313d5bb164004a68b4c1	455	552	1018	302
METHOD_ENTRY	org.springframework.core.type.classreading.SimpleMethodMetadataReadingVisitor#visitAnnotation(String,boolean):AnnotationVisitor	6a663ef45e9b6d883927	413	576	1000	275
METHOD_ENTRY	org.springframework.core.type.classreading.SimpleMethodMetadataReadingVisitor#visitEnd():void	6880b03ebb12847cdffb	413	602	1026	189
METHOD_ENTRY	org.springframework.core.type.classreading.SimpleMethodMetadataReadingVisitor#getSource():Object	316f7ab06cf0403ba3a2	413	580	1004	241
METHOD_EXIT	org.springframework.core.type.classreading.SimpleMethodMetadataReadingVisitor#visitEnd():void	e82546baabe56f3f2032	455	613	1079	255
METHOD_EXIT	org.springframework.core.type.classreading.SimpleMethodMetadataReadingVisitor#visitAnnotation(String,boolean):AnnotationVisitor	215998c585aff4acfc06	455	654	1120	256
METHOD_EXIT	org.springframework.core.type.classreading.SimpleMethodMetadataReadingVisitor#hashCode():int	71c8e631e12b26374787	455	674	1140	354
METHOD_ENTRY	org.springframework.core.type.classreading.SimpleMethodMetadataReadingVisitor#hashCode():int	fb72f285e7677c26629d	413	600	1024	167
METHOD_EXIT	org.springframework.core.type.classreading.SimpleMethodMetadataReadingVisitor#getSource():Object	f8c1c8c9ee8fc5850c4a	455	654	1120	228
METHOD_ENTRY	org.springframework.core.type.classreading.SimpleMethodMetadataReadingVisitor#equals(Object):boolean	a5a5d2a92d514401cb93	413	634	1058	272
METHOD_ENTRY	org.springframework.core.type.classreading.SimpleMethodMetadataReadingVisitor#toString():String	ef28c26baf1e96d7aef4	413	854	1278	256
METHOD_EXIT	org.springframework.core.type.classreading.Source#hashCode():int	413aa69ee330aa9952f8	455	521	987	380
METHOD_EXIT	org.springframework.core.type.classreading.SimpleMethodMetadataReadingVisitor#equals(Object):boolean	2c44a6c966fb20e451a2	455	711	1177	377
METHOD_EXIT	org.springframework.core.type.classreading.SimpleMethodMetadataReadingVisitor#toString():String	34535008f31e2773af0f	455	928	1394	251
METHOD_ENTRY	org.springframework.core.type.classreading.Source#equals(Object):boolean	0c94670e77d69afff419	413	481	905	308
METHOD_EXIT	org.springframework.core.type.classreading.Source#equals(Object):boolean	ecaf4753d780766743be	455	558	1024	277
METHOD_ENTRY	org.springframework.core.type.classreading.Source#toString():String	5c79768250c11d5824ee	413	701	1125	274
METHOD_ENTRY	org.springframework.core.type.classreading.SimpleMetadataReader#getResource():Resource	bc3596734961722d77c2	413	505	929	134
METHOD_EXIT	org.springframework.core.type.classreading.Source#toString():String	cc22b86f3c2761169f26	455	775	1241	252
METHOD_ENTRY	org.springframework.core.type.classreading.SimpleMetadataReader#getClassReader(Resource):ClassReader	4edb8bee0c30feffbe03	413	620	1044	196
METHOD_EXIT	org.springframework.core.type.classreading.SimpleMetadataReader#getClassReader(Resource):ClassReader	a960702e79126bcff024	455	698	1164	291
METHOD_EXIT	org.springframework.core.type.classreading.SimpleMetadataReader#getResource():Resource	68d1c801d6b4a0bf041e	455	579	1045	223
METHOD_ENTRY	org.springframework.core.type.classreading.Source#hashCode():int	454cb10cda9006eea006	413	447	871	176
METHOD_EXIT	org.springframework.core.type.classreading.SimpleMetadataReader#getClassMetadata():ClassMetadata	c6a85a6af16f61e32d69	455	585	1051	198
METHOD_EXIT	org.springframework.core.type.classreading.SimpleMetadataReader#getAnnotationMetadata():AnnotationMetadata	ea61bc28f5f6e3f2abcf	455	585	1051	227
METHOD_ENTRY	org.springframework.core.type.classreading.SimpleMetadataReader#getClassMetadata():ClassMetadata	769fcb488d1c6625f9eb	413	510	934	263
METHOD_ENTRY	org.springframework.core.type.classreading.SimpleMetadataReader#getAnnotationMetadata():AnnotationMetadata	2e80ca7760e02859b671	413	510	934	206
METHOD_EXIT	org.springframework.core.type.classreading.MetadataReaderFactoryDelegate#create(ClassLoader):MetadataReaderFactory	61ee81016511ad1de54b	455	569	1035	201
METHOD_ENTRY	org.springframework.core.type.classreading.MetadataReaderFactoryDelegate#create(ClassLoader):MetadataReaderFactory	d3b578dd1e0b49dfeca7	413	490	914	160
METHOD_ENTRY	org.springframework.core.type.classreading.MetadataReaderFactoryDelegate#create(ResourceLoader):MetadataReaderFactory	8cbf06e1f9fe7f95b794	413	490	914	109
METHOD_EXIT	org.springframework.core.type.classreading.MetadataReaderFactoryDelegate#create(ResourceLoader):MetadataReaderFactory	5d071de77ff6a706096e	455	569	1035	310
METHOD_ENTRY	org.springframework.core.type.filter.AspectJTypeFilter#match(MetadataReader,MetadataReaderFactory):boolean	e7becb575184bf6562a1	413	558	982	201
METHOD_EXIT	org.springframework.core.type.filter.AspectJTypeFilter#match(MetadataReader,MetadataReaderFactory):boolean	a3d18eeac1a668d17bc3	455	635	1101	325
METHOD_ENTRY	org.springframework.core.type.filter.AnnotationTypeFilter#getAnnotationType():Class<? extends Annotation>	dcfd28fcbacde9d6289a	413	649	1073	98
METHOD_EXIT	org.springframework.core.type.filter.AnnotationTypeFilter#matchSelf(MetadataReader):boolean	d3b7c5d143acdf0fc317	455	766	1232	352
METHOD_EXIT	org.springframework.core.type.filter.AnnotationTypeFilter#getAnnotationType():Class<? extends Annotation>	154d6c95e87277d89e18	455	726	1192	241
METHOD_ENTRY	org.springframework.core.type.filter.AnnotationTypeFilter#matchSuperClass(String):Boolean	b9091a9daf8ba39031cc	413	656	1080	271
METHOD_ENTRY	org.springframework.core.type.filter.AnnotationTypeFilter#matchInterface(String):Boolean	a3936163ba436498b80d	413	651	1075	228
METHOD_ENTRY	org.springframework.core.type.filter.AbstractClassTestingTypeFilter#match(MetadataReader,MetadataReaderFactory):boolean	5bc3097ee5379d12c135	413	551	975	301
METHOD_ENTRY	org.springframework.core.type.filter.AnnotationTypeFilter#matchSelf(MetadataReader):boolean	f77dd7bd5ffa3c885639	413	689	1113	277
METHOD_EXIT	org.springframework.core.type.filter.AnnotationTypeFilter#matchSuperClass(String):Boolean	5196266371faf3718fe3	455	733	1199	249
METHOD_EXIT	org.springframework.core.type.filter.AbstractClassTestingTypeFilter#match(MetadataReader,MetadataReaderFactory):boolean	51a204f66f77a9d8027c	455	628	1094	261
METHOD_ENTRY	org.springframework.core.type.filter.AnnotationTypeFilter#hasAnnotation(String):Boolean	eef0a4628b342cb5d3f1	413	816	1240	224
METHOD_ENTRY	org.springframework.core.type.filter.RegexPatternTypeFilter#match(ClassMetadata):boolean	5eb4a0f16a5a5d369b36	413	464	888	271
METHOD_EXIT	org.springframework.core.type.filter.RegexPatternTypeFilter#match(ClassMetadata):boolean	c2a7851eb5014b88f60f	455	541	1007	331
METHOD_EXIT	org.springframework.core.type.filter.AnnotationTypeFilter#hasAnnotation(String):Boolean	b4c75a4736d696cb3ffc	455	893	1359	416
METHOD_EXIT	org.springframework.core.type.filter.AnnotationTypeFilter#matchInterface(String):Boolean	115d87a9cd1ef66c1229	455	728	1194	262
METHOD_ENTRY	org.springframework.core.type.filter.AbstractTypeHierarchyTraversingFilter#match(String,MetadataReaderFactory):boolean	6ac82cb39c9e3f655b40	413	663	1087	258
METHOD_EXIT	org.springframework.core.type.filter.AbstractTypeHierarchyTraversingFilter#match(String,MetadataReaderFactory):boolean	1446c2c1acd62f9fecd2	455	740	1206	292
METHOD_ENTRY	org.springframework.core.type.filter.AbstractTypeHierarchyTraversingFilter#matchSelf(MetadataReader):boolean	b35ef6a7fe5cbd528541	413	636	1060	101
METHOD_EXIT	org.springframework.core.type.filter.AbstractTypeHierarchyTraversingFilter#matchSelf(MetadataReader):boolean	371883e92e8ff2a85bf0	455	713	1179	204
METHOD_ENTRY	org.springframework.core.type.filter.AbstractTypeHierarchyTraversingFilter#matchClassName(String):boolean	2b380ecc7271a755daf0	413	633	1057	246
METHOD_EXIT	org.springframework.core.type.filter.AbstractTypeHierarchyTraversingFilter#match(MetadataReader,MetadataReaderFactory):boolean	3695f2e86d961c1cdd23	455	1165	1631	354
METHOD_EXIT	org.springframework.core.type.filter.AbstractTypeHierarchyTraversingFilter#matchClassName(String):boolean	e84e5d5c495792d03cec	455	710	1176	36
METHOD_ENTRY	org.springframework.core.type.filter.AbstractTypeHierarchyTraversingFilter#matchSuperClass(String):Boolean	09db5ff16f2f9a26df3a	413	637	1061	259
METHOD_ENTRY	org.springframework.core.type.filter.AssignableTypeFilter#getTargetType():Class<?>	cc58465b6fbdebb5797b	413	525	949	113
METHOD_ENTRY	org.springframework.core.type.filter.AbstractTypeHierarchyTraversingFilter#matchInterface(String):Boolean	3f72f5cb121d9e16b5c4	413	633	1057	268
METHOD_EXIT	org.springframework.core.type.filter.AssignableTypeFilter#getTargetType():Class<?>	eb7e4592b053a242bc34	455	600	1066	269
METHOD_ENTRY	org.springframework.core.type.filter.AbstractTypeHierarchyTraversingFilter#match(MetadataReader,MetadataReaderFactory):boolean	bc20a34ad3ef7a67a4d6	413	1088	1512	325
METHOD_EXIT	org.springframework.core.type.filter.AbstractTypeHierarchyTraversingFilter#matchInterface(String):Boolean	b3ed7e50b0f48256c799	455	710	1176	223
METHOD_ENTRY	org.springframework.core.type.filter.AssignableTypeFilter#matchInterface(String):Boolean	0e588a1a79cc91950f15	413	534	958	250
METHOD_EXIT	org.springframework.core.type.filter.AbstractTypeHierarchyTraversingFilter#matchSuperClass(String):Boolean	0953dac205036dc2308a	455	714	1180	319
METHOD_EXIT	org.springframework.core.type.filter.AssignableTypeFilter#matchClassName(String):boolean	4ab6883e325101165147	455	615	1081	282
METHOD_EXIT	org.springframework.core.type.filter.AssignableTypeFilter#matchSuperClass(String):Boolean	2a3f641659e236df345e	455	616	1082	210
METHOD_ENTRY	org.springframework.core.type.filter.AssignableTypeFilter#matchTargetType(String):Boolean	92ba2a5d4b237efefde6	413	648	1072	248
METHOD_EXIT	org.springframework.core.type.filter.AssignableTypeFilter#matchTargetType(String):Boolean	c78d4fa6d04115b5d68b	455	725	1191	289
METHOD_ENTRY	org.springframework.core.type.filter.AssignableTypeFilter#matchClassName(String):boolean	8e9686f723ca8c03273b	413	538	962	243
METHOD_ENTRY	org.springframework.core.type.filter.AssignableTypeFilter#matchSuperClass(String):Boolean	c7bc27365e19e74ec46a	413	539	963	281
METHOD_EXIT	org.springframework.core.type.filter.AssignableTypeFilter#matchInterface(String):Boolean	620f92b0ee81c1a0eebb	455	611	1077	253
METHOD_EXIT	org.springframework.core.type.StandardAnnotationMetadata#getAnnotations():MergedAnnotations	529fa3b0cb3eab3c27a4	455	673	1139	343
METHOD_EXIT	org.springframework.core.type.StandardAnnotationMetadata#getAnnotationTypes():Set<String>	2471c723958683299c5c	455	720	1186	305
METHOD_ENTRY	org.springframework.core.type.StandardAnnotationMetadata#getAnnotationTypes():Set<String>	99c4a9852617c819d89a	413	645	1069	294
METHOD_EXIT	org.springframework.core.type.StandardAnnotationMetadata#getAnnotationAttributes(String,boolean):Map<String, @Nullable Object>	da622897e37dbcdbc89a	455	766	1232	271
METHOD_ENTRY	org.springframework.core.type.StandardAnnotationMetadata#getAllAnnotationAttributes(String,boolean):MultiValueMap<String, @Nullable Object>	fac582352a6fe562848a	413	710	1134	256
METHOD_ENTRY	org.springframework.core.type.StandardAnnotationMetadata#hasAnnotatedMethods(String):boolean	e239fa3ace43b718052a	413	709	1133	278
METHOD_EXIT	org.springframework.core.type.StandardAnnotationMetadata#hasAnnotatedMethods(String):boolean	938e32f9286a49c32c66	455	786	1252	371
METHOD_EXIT	org.springframework.core.type.StandardAnnotationMetadata#getAllAnnotationAttributes(String,boolean):MultiValueMap<String, @Nullable Object>	f10047414cfa32ae6439	455	794	1260	315
METHOD_ENTRY	org.springframework.core.type.StandardAnnotationMetadata#getDeclaredMethods():Set<MethodMetadata>	99854528edca2fbd984c	413	648	1072	243
METHOD_ENTRY	org.springframework.core.type.StandardAnnotationMetadata#getAnnotatedMethods(String):Set<MethodMetadata>	5961ecc16f7053d62890	413	695	1119	274
METHOD_EXIT	org.springframework.core.type.StandardAnnotationMetadata#getAnnotatedMethods(String):Set<MethodMetadata>	7e5d62fa45c85d72cf18	455	775	1241	378
METHOD_ENTRY	org.springframework.core.type.StandardAnnotationMetadata#isAnnotatedMethod(Method,String):boolean	357ef74371a93b460171	413	634	1058	247
METHOD_EXIT	org.springframework.core.type.StandardAnnotationMetadata#getDeclaredMethods():Set<MethodMetadata>	4fe08db99646ca478762	455	725	1191	296
METHOD_ENTRY	org.springframework.core.type.StandardAnnotationMetadata#from(Class<?>):AnnotationMetadata	2c3b320bfb58edd40d5a	413	610	1034	268
METHOD_ENTRY	org.springframework.core.type.MethodMetadata#introspect(Method):MethodMetadata	6d77bc11624608947880	413	843	1267	262
METHOD_EXIT	org.springframework.core.type.StandardAnnotationMetadata#from(Class<?>):AnnotationMetadata	ab7e8b9b3ae25bdcff1b	455	688	1154	252
METHOD_EXIT	org.springframework.core.type.MethodMetadata#introspect(Method):MethodMetadata	87781c4ccab29ab16875	455	921	1387	301
METHOD_EXIT	org.springframework.core.type.StandardAnnotationMetadata#isAnnotatedMethod(Method,String):boolean	008eec7e00e525714bde	455	711	1177	293
METHOD_EXIT	org.springframework.core.type.ClassMetadata#isConcrete():boolean	6d6d46894ed96f702231	455	981	1447	185
METHOD_ENTRY	org.springframework.core.type.StandardAnnotationMetadata#getAnnotations():MergedAnnotations	6065ad25831e55b31b2d	413	597	1021	42
METHOD_ENTRY	org.springframework.core.type.ClassMetadata#isConcrete():boolean	823338e6c79d0fa96a7a	413	907	1331	278
METHOD_ENTRY	org.springframework.core.type.ClassMetadata#hasEnclosingClass():boolean	80ca2e70d0f74924cf23	413	913	1337	193
METHOD_ENTRY	org.springframework.core.type.ClassMetadata#hasSuperClass():boolean	ba4099d8cd1a1fef2ce1	413	910	1334	309
METHOD_EXIT	org.springframework.core.type.ClassMetadata#hasSuperClass():boolean	17f332dabe6cc64b3850	455	984	1450	237
METHOD_EXIT	org.springframework.core.type.ClassMetadata#hasEnclosingClass():boolean	0221212464f3500f1cba	455	987	1453	247
METHOD_ENTRY	org.springframework.core.type.AnnotatedTypeMetadata#isAnnotated(String):boolean	3f26f12b75602727398d	413	2563	2987	292
METHOD_ENTRY	org.springframework.core.type.StandardAnnotationMetadata#getAnnotationAttributes(String,boolean):Map<String, @Nullable Object>	f6d59d935b1c35fdc0e6	413	684	1108	284
METHOD_EXIT	org.springframework.core.type.AnnotatedTypeMetadata#isAnnotated(String):boolean	fecf80437ea925f629b3	455	2640	3106	267
METHOD_ENTRY	org.springframework.core.type.AnnotatedTypeMetadata#getAnnotationAttributes(String,boolean):Map<String, @Nullable Object>	26d2ae2800839dd35660	413	2644	3068	175
METHOD_EXIT	org.springframework.core.type.AnnotatedTypeMetadata#getAnnotationAttributes(String):Map<String, @Nullable Object>	9eec09f35b5d39355c5f	455	2660	3126	272
METHOD_ENTRY	org.springframework.core.type.AnnotatedTypeMetadata#getAnnotationAttributes(String):Map<String, @Nullable Object>	27a0740df9a16434a2cb	413	2578	3002	304
METHOD_EXIT	org.springframework.core.type.AnnotatedTypeMetadata#getAnnotationAttributes(String,boolean):Map<String, @Nullable Object>	7ec69f99bc5b74362d61	455	2726	3192	377
METHOD_EXIT	org.springframework.core.type.AnnotatedTypeMetadata#getAllAnnotationAttributes(String):MultiValueMap<String, @Nullable Object>	dde7a2def4f28a45a87a	455	2669	3135	335
METHOD_ENTRY	org.springframework.core.type.AnnotatedTypeMetadata#getAllAnnotationAttributes(String):MultiValueMap<String, @Nullable Object>	c549ad901b29b38ca272	413	2585	3009	268
METHOD_ENTRY	org.springframework.core.type.AnnotatedTypeMetadata#getMergedRepeatableAnnotationAttributes(Class<? extends Annotation>,Class<? extends Annotation>,boolean):Set<AnnotationAttributes>	297f0fdb0c5af01c1501	413	2640	3064	212
METHOD_EXIT	org.springframework.core.type.AnnotatedTypeMetadata#getMergedRepeatableAnnotationAttributes(Class<? extends Annotation>,Class<? extends Annotation>,boolean):Set<AnnotationAttributes>	9634b28e9c30d4122306	455	2720	3186	354
METHOD_ENTRY	org.springframework.core.type.AnnotatedTypeMetadata#getAllAnnotationAttributes(String,boolean):MultiValueMap<String, @Nullable Object>	449f1bd44207f31681c6	413	2684	3108	251
METHOD_ENTRY	org.springframework.core.type.AnnotatedTypeMetadata#getMergedRepeatableAnnotationAttributes(Class<? extends Annotation>,Class<? extends Annotation>,boolean,boolean):Set<AnnotationAttributes>	314e1d8ba60af34dfbae	413	2672	3096	286
METHOD_EXIT	org.springframework.core.type.AnnotatedTypeMetadata#getMergedRepeatableAnnotationAttributes(Class<? extends Annotation>,Class<? extends Annotation>,Predicate<MergedAnnotation<? extends Annotation>>,boolean,boolean):Set<AnnotationAttributes>	ac91a87bacf8ba163b87	455	2899	3365	320
METHOD_ENTRY	org.springframework.core.type.AnnotatedTypeMetadata#reversedMetaDistance():Comparator<MergedAnnotation<Annotation>>	83e4ae52c1f1e2d242ed	413	2583	3007	154
METHOD_ENTRY	org.springframework.core.type.AnnotatedTypeMetadata#getMergedRepeatableAnnotationAttributes(Class<? extends Annotation>,Class<? extends Annotation>,Predicate<MergedAnnotation<? extends Annotation>>,boolean,boolean):Set<AnnotationAttributes>	3366057321af4b800f25	413	2819	3243	275
METHOD_EXIT	org.springframework.core.type.AnnotatedTypeMetadata#getMergedRepeatableAnnotationAttributes(Class<? extends Annotation>,Class<? extends Annotation>,boolean,boolean):Set<AnnotationAttributes>	64c6411992937c016917	455	2752	3218	267
METHOD_ENTRY	org.springframework.core.type.AnnotationMetadata#getAnnotationTypes():Set<String>	b16ec8f598fccd3924d5	413	1160	1584	59
METHOD_EXIT	org.springframework.core.type.AnnotatedTypeMetadata#reversedMetaDistance():Comparator<MergedAnnotation<Annotation>>	18755e95f9b57ff29f0a	455	2662	3128	250
METHOD_ENTRY	org.springframework.core.type.AnnotationMetadata#hasAnnotation(String):boolean	574be610bcdaabafbc59	413	1130	1554	239
METHOD_ENTRY	org.springframework.core.type.AnnotationMetadata#getMetaAnnotationTypes(String):Set<String>	eeca007d8ea9e20b2d66	413	1205	1629	199
METHOD_EXIT	org.springframework.core.type.AnnotatedTypeMetadata#getAllAnnotationAttributes(String,boolean):MultiValueMap<String, @Nullable Object>	6708e9ad0451769380fa	455	2768	3234	337
METHOD_EXIT	org.springframework.core.type.AnnotationMetadata#getMetaAnnotationTypes(String):Set<String>	94992e9907e117916199	455	1283	1749	298
METHOD_EXIT	org.springframework.core.type.AnnotationMetadata#getAnnotationTypes():Set<String>	ac71fc435e1aa1f32008	455	1235	1701	307
METHOD_ENTRY	org.springframework.core.type.AnnotationMetadata#hasMetaAnnotation(String):boolean	6e4f16afb442bdac6e66	413	1144	1568	271
METHOD_ENTRY	org.springframework.core.type.AnnotationMetadata#hasAnnotatedMethods(String):boolean	9529321468af79936b23	413	1132	1556	274
METHOD_ENTRY	org.springframework.core.type.AnnotationMetadata#introspect(Class<?>):AnnotationMetadata	5dabf51fad129ab00df1	413	1130	1554	256
METHOD_EXIT	org.springframework.core.NamedInheritableThreadLocal#toString():String	1bd19be5592ea6e28ed4	455	550	1016	227
METHOD_EXIT	org.springframework.core.type.AnnotationMetadata#introspect(Class<?>):AnnotationMetadata	b37f8adc039ad5794131	455	1208	1674	276
METHOD_EXIT	org.springframework.core.type.AnnotationMetadata#hasMetaAnnotation(String):boolean	62ba3d8c61d39ba9e3f4	455	1221	1687	304
METHOD_EXIT	org.springframework.core.type.AnnotationMetadata#hasAnnotatedMethods(String):boolean	f7c434b1707697301cc9	455	1209	1675	274
METHOD_ENTRY	org.springframework.core.ConfigurableObjectInputStream#resolveClass(ObjectStreamClass):Class<?>	35edda23ea70a978bd7c	413	737	1161	286
METHOD_ENTRY	org.springframework.core.NamedInheritableThreadLocal#toString():String	deb386f93940fd347126	413	476	900	129
METHOD_EXIT	org.springframework.core.ConfigurableObjectInputStream#resolveProxyClass(String[]):Class<?>	98bb8512fe933c167943	455	1014	1480	312
METHOD_EXIT	org.springframework.core.type.AnnotationMetadata#hasAnnotation(String):boolean	435623a70e34ec5c8ce2	455	1207	1673	128
METHOD_ENTRY	org.springframework.core.ConfigurableObjectInputStream#resolveFallbackIfPossible(String,ClassNotFoundException):Class<?>	35628e9cb4ddaecd8d51	413	661	1085	209
METHOD_ENTRY	org.springframework.core.ConfigurableObjectInputStream#resolveProxyClass(String[]):Class<?>	3e62ad3956dc1eaa9454	413	936	1360	217
METHOD_EXIT	org.springframework.core.ConfigurableObjectInputStream#resolveFallbackIfPossible(String,ClassNotFoundException):Class<?>	e06c49efd5aa135ac3b9	455	739	1205	220
METHOD_ENTRY	org.springframework.core.ConfigurableObjectInputStream#getFallbackClassLoader():ClassLoader	9c59f5c80ac81413ffb5	413	630	1054	5
METHOD_EXIT	org.springframework.core.ConfigurableObjectInputStream#getFallbackClassLoader():ClassLoader	9d042ed3e1bc0a532a67	455	705	1171	48
METHOD_EXIT	org.springframework.core.ConfigurableObjectInputStream#resolveClass(ObjectStreamClass):Class<?>	a987fc33df2fcce1c159	455	815	1281	304
METHOD_EXIT	org.springframework.core.style.DefaultToStringStyler#styleIdentityHashCode(StringBuilder,Object):void	c7e27c509f641156eb2f	455	646	1112	295
METHOD_EXIT	org.springframework.core.style.DefaultToStringStyler#styleStart(StringBuilder,Object):void	bde6530f0ee0d47f712d	455	700	1166	333
METHOD_ENTRY	org.springframework.core.style.DefaultToStringStyler#styleStart(StringBuilder,Object):void	4e38e7d27b113d20fc86	413	689	1113	236
METHOD_EXIT	org.springframework.core.style.DefaultToStringStyler#getValueStyler():ValueStyler	c3f22b7d5e1677f46ab5	455	689	1155	113
METHOD_ENTRY	org.springframework.core.style.DefaultToStringStyler#styleEnd(StringBuilder,Object):void	8185aaa4634320c2f2bf	413	622	1046	287
METHOD_ENTRY	org.springframework.core.style.DefaultToStringStyler#styleIdentityHashCode(StringBuilder,Object):void	23a1803ecb0211a78bd4	413	635	1059	278
METHOD_EXIT	org.springframework.core.style.DefaultToStringStyler#styleEnd(StringBuilder,Object):void	1d49423fe8e8f11cb719	455	633	1099	287
METHOD_ENTRY	org.springframework.core.style.DefaultToStringStyler#styleField(StringBuilder,String,Object):void	affe5050d5d70f4b434d	413	655	1079	229
METHOD_EXIT	org.springframework.core.style.DefaultToStringStyler#styleField(StringBuilder,String,Object):void	f452df594e352f07b9b8	455	666	1132	306
METHOD_EXIT	org.springframework.core.style.DefaultToStringStyler#styleFieldStart(StringBuilder,String):void	5234298e797b92c6a1fe	455	643	1109	296
METHOD_ENTRY	org.springframework.core.style.DefaultToStringStyler#getValueStyler():ValueStyler	91f6934c1694ed005bb6	413	613	1037	48
METHOD_EXIT	org.springframework.core.style.DefaultToStringStyler#styleFieldEnd(StringBuilder,String):void	983161560e702a1580e1	455	630	1096	264
METHOD_ENTRY	org.springframework.core.style.DefaultToStringStyler#styleFieldEnd(StringBuilder,String):void	e931b347d1176dcc4f0b	413	619	1043	113
METHOD_ENTRY	org.springframework.core.style.DefaultToStringStyler#styleFieldStart(StringBuilder,String):void	2713f721e281ca9b8144	413	632	1056	234
METHOD_ENTRY	org.springframework.core.style.DefaultToStringStyler#styleValue(StringBuilder,Object):void	b69f9e5aca43293fb468	413	629	1053	219
METHOD_EXIT	org.springframework.core.style.DefaultToStringStyler#styleValue(StringBuilder,Object):void	3a1d88667094533d3db0	455	640	1106	237
METHOD_ENTRY	org.springframework.core.style.DefaultToStringStyler#styleFieldSeparator(StringBuilder):void	c5764116d6535f6bbad4	413	614	1038	281
METHOD_EXIT	org.springframework.core.style.DefaultToStringStyler#styleFieldSeparator(StringBuilder):void	83ea7ea7797bc70aa710	455	625	1091	266
METHOD_ENTRY	org.springframework.core.style.ToStringCreator#append(String,byte):ToStringCreator	090ebeac491e03b7bd71	413	984	1408	220
METHOD_ENTRY	org.springframework.core.style.ToStringCreator#append(String,short):ToStringCreator	642d6466218019ca9965	413	984	1408	233
METHOD_EXIT	org.springframework.core.style.ToStringCreator#append(String,int):ToStringCreator	3e630cb0ac83fb328804	455	1062	1528	282
METHOD_ENTRY	org.springframework.core.style.ToStringCreator#append(String,int):ToStringCreator	6eb528ecf2ef2687d156	413	983	1407	267
METHOD_ENTRY	org.springframework.core.style.ToStringCreator#append(String,long):ToStringCreator	16980f25be70e9f75df1	413	983	1407	118
METHOD_EXIT	org.springframework.core.style.ToStringCreator#append(String,short):ToStringCreator	4e2341ff03eac30c9065	455	1063	1529	235
METHOD_EXIT	org.springframework.core.style.ToStringCreator#append(String,float):ToStringCreator	7a8c47e47c1b9e88d6a8	455	1062	1528	256
METHOD_EXIT	org.springframework.core.style.ToStringCreator#append(String,long):ToStringCreator	239dbf831a477fcb5f32	455	1062	1528	233
METHOD_ENTRY	org.springframework.core.style.ToStringCreator#append(String,float):ToStringCreator	9aea8597851c8650a086	413	983	1407	222
METHOD_ENTRY	org.springframework.core.style.ToStringCreator#append(String,double):ToStringCreator	a7b03a50463bb67effed	413	983	1407	272
METHOD_EXIT	org.springframework.core.style.ToStringCreator#append(String,byte):ToStringCreator	48644d4bb440d2590c34	455	1063	1529	217
METHOD_EXIT	org.springframework.core.style.ToStringCreator#append(String,double):ToStringCreator	7089816eefb7b035e7e1	455	1062	1528	236
METHOD_ENTRY	org.springframework.core.style.ToStringCreator#append(String,boolean):ToStringCreator	4d09e172d6010ba6ce16	413	984	1408	219
METHOD_EXIT	org.springframework.core.style.ToStringCreator#append(String,boolean):ToStringCreator	ec5c163c00c4cafbe3f6	455	1063	1529	332
METHOD_EXIT	org.springframework.core.style.ToStringCreator#append(String,Object):ToStringCreator	80b5b0989cc7ec4b7100	455	1079	1545	289
METHOD_ENTRY	org.springframework.core.style.ToStringCreator#append(String,Object):ToStringCreator	76028716719c9dcf9cbb	413	1000	1424	319
METHOD_EXIT	org.springframework.core.style.ToStringCreator#printFieldSeparatorIfNecessary():void	6125cba2f24af5507b4a	455	1009	1475	247
METHOD_EXIT	org.springframework.core.style.ToStringCreator#append(Object):ToStringCreator	8f5ee92346cfe6b44db1	455	1056	1522	273
METHOD_ENTRY	org.springframework.core.style.ToStringCreator#toString():String	23d6b97dc9b566289d80	413	976	1400	218
METHOD_ENTRY	org.springframework.core.style.StylerUtils#style(Object):String	81e77ea2f2088c78d1fb	413	539	963	254
METHOD_EXIT	org.springframework.core.style.StylerUtils#style(Object):String	50f3cca3e40bebd9435c	455	616	1082	268
METHOD_EXIT	org.springframework.core.style.ToStringCreator#toString():String	5a87984dc69dd8d96f74	455	1050	1516	307
METHOD_ENTRY	org.springframework.core.style.ToStringCreator#append(Object):ToStringCreator	dc60482ea3d706dc7dc8	413	977	1401	210
METHOD_ENTRY	org.springframework.core.style.ToStringCreator#printFieldSeparatorIfNecessary():void	a792fbfcc676332e8ea1	413	998	1422	239
METHOD_ENTRY	org.springframework.core.style.SimpleValueStyler#styleNull():String	f68a58d45a67e21771a6	413	673	1097	63
METHOD_ENTRY	org.springframework.core.style.SimpleValueStyler#styleString(String):String	aac5297c0e4af80217f0	413	681	1105	294
METHOD_ENTRY	org.springframework.core.style.SimpleValueStyler#styleClass(Class<?>):String	c02c3f7cb190a21c6265	413	685	1109	270
METHOD_EXIT	org.springframework.core.style.SimpleValueStyler#styleString(String):String	c291af2fd334c9de2b85	455	758	1224	355
METHOD_EXIT	org.springframework.core.style.SimpleValueStyler#styleClass(Class<?>):String	519830b8260c95a4f101	455	762	1228	287
METHOD_ENTRY	org.springframework.core.style.SimpleValueStyler#styleMap(Map<K, V>):String	f4c02d8efb0c98bcb81f	413	735	1159	181
METHOD_EXIT	org.springframework.core.style.SimpleValueStyler#styleMethod(Method):String	f0532c80bfc3533b746e	455	759	1225	290
METHOD_EXIT	org.springframework.core.style.SimpleValueStyler#styleNull():String	1f459607430d1ec07b46	455	747	1213	275
METHOD_EXIT	org.springframework.core.style.SimpleValueStyler#styleMap(Map<K, V>):String	d88fedefda53ccb0b765	455	812	1278	309
METHOD_EXIT	org.springframework.core.style.SimpleValueStyler#styleCollection(Collection<?>):String	872a79dccf9997007951	455	792	1258	298
METHOD_ENTRY	org.springframework.core.style.SimpleValueStyler#styleArray(Object[]):String	634ab4f74681f9926da5	413	713	1137	268
METHOD_ENTRY	org.springframework.core.style.SimpleValueStyler#styleCollection(Collection<?>):String	4a18bcda40ef1ba89720	413	715	1139	211
METHOD_EXIT	org.springframework.core.style.SimpleValueStyler#styleArray(Object[]):String	a43f77acde399adca047	455	790	1256	415
METHOD_ENTRY	org.springframework.core.style.SimpleValueStyler#styleMethod(Method):String	8cf09df63294334a92f6	413	682	1106	197
METHOD_ENTRY	org.springframework.core.style.SimpleValueStyler#toSimpleMethodSignature(Method):String	afc77a159c39e072d8e4	413	721	1145	237
METHOD_EXIT	org.springframework.core.style.SimpleValueStyler#toSimpleMethodSignature(Method):String	33ab8a508375598437c7	455	798	1264	286
METHOD_ENTRY	org.springframework.core.SortedProperties#store(Writer,String):void	6169613ea409ea54d597	413	826	1250	244
METHOD_EXIT	org.springframework.core.SortedProperties#store(Writer,String):void	6568fd2671610a0772ba	455	837	1303	299
METHOD_EXIT	org.springframework.core.SortedProperties#store(OutputStream,String):void	b155946fcf3175d0cb6b	455	863	1329	220
METHOD_ENTRY	org.springframework.core.SortedProperties#storeToXML(OutputStream,String):void	e9567600ebf3d3f52de0	413	773	1197	240
METHOD_ENTRY	org.springframework.core.SortedProperties#store(OutputStream,String):void	edabd35525d78364eabe	413	852	1276	214
METHOD_EXIT	org.springframework.core.SortedProperties#storeToXML(OutputStream,String):void	1eed09cf4687fb404d03	455	784	1250	313
METHOD_EXIT	org.springframework.core.SortedProperties#keys():Enumeration<Object>	fe38217df69c63962e1b	455	819	1285	235
METHOD_ENTRY	org.springframework.core.SortedProperties#keySet():Set<Object>	f5d0993cb935edf51ae8	413	770	1194	222
METHOD_EXIT	org.springframework.core.SortedProperties#keySet():Set<Object>	7de6c9544cb1286e6dba	455	845	1311	259
METHOD_ENTRY	org.springframework.core.SortedProperties#entrySet():Set<Entry<Object, Object>>	82e926a21315bb6ca266	413	779	1203	291
METHOD_EXIT	org.springframework.core.SortedProperties#entrySet():Set<Entry<Object, Object>>	a00d5ef0981d9dba1686	455	857	1323	294
METHOD_ENTRY	org.springframework.core.SortedProperties#storeToXML(OutputStream,String,String):void	90f702cb4405875ca948	413	784	1208	254
METHOD_ENTRY	org.springframework.core.ExceptionDepthComparator#compare(Class<? extends Throwable>,Class<? extends Throwable>):int	a028563bdaed23f03fc6	413	619	1043	243
METHOD_EXIT	org.springframework.core.ExceptionDepthComparator#compare(Class<? extends Throwable>,Class<? extends Throwable>):int	8a64b9f3b008aae8ac59	455	696	1162	352
METHOD_EXIT	org.springframework.core.ExceptionDepthComparator#getDepth(Class<?>,Class<?>,int):int	b4d928ea7fb476e43a7a	455	731	1197	368
METHOD_ENTRY	org.springframework.core.SortedProperties#keys():Enumeration<Object>	8c0b2f5393599d949fc8	413	744	1168	15882
METHOD_ENTRY	org.springframework.core.ExceptionDepthComparator#getDepth(Class<?>,Class<?>,int):int	67f8bedc5fa629b12e30	413	654	1078	231
METHOD_EXIT	org.springframework.core.SortedProperties#storeToXML(OutputStream,String,String):void	d8d77cc9bb9b2ff3a475	455	795	1261	299
METHOD_EXIT	org.springframework.core.ExceptionDepthComparator#findClosestMatch(Collection<Class<? extends Throwable>>,Throwable):Class<? extends Throwable>	0913c6d944d12c770207	455	737	1203	270
METHOD_ENTRY	org.springframework.core.ExceptionDepthComparator#findClosestMatch(Collection<Class<? extends Throwable>>,Throwable):Class<? extends Throwable>	c3ba8173c77a9b1e93be	413	657	1081	265
METHOD_EXIT	org.springframework.core.BridgeMethodResolver#findBridgedMethod(Method):Method	86e61c057d9e70e16fe7	455	1542	2008	361
METHOD_ENTRY	org.springframework.core.BridgeMethodResolver#resolveBridgeMethod(Method,Class<?>):Method	058a40ac72b5c60e3ac9	413	1749	2173	304
METHOD_EXIT	org.springframework.core.BridgeMethodResolver#resolveBridgeMethod(Method,Class<?>):Method	08a4bdfa97bb1b2907cf	455	1826	2292	277
METHOD_ENTRY	org.springframework.core.BridgeMethodResolver#getMostSpecificMethod(Method,Class<?>):Method	19244a805009b6f4d4a5	413	1587	2011	288
METHOD_ENTRY	org.springframework.core.BridgeMethodResolver#isBridgedCandidateFor(Method,Method):boolean	70cb208ae178b26f8f41	413	1502	1926	221
METHOD_ENTRY	org.springframework.core.BridgeMethodResolver#findBridgedMethod(Method):Method	7aac8c7241a90aa0eb27	413	1465	1889	264
METHOD_ENTRY	org.springframework.core.BridgeMethodResolver#searchCandidates(List<Method>,Method,Class<?>):Method	1b006192a8c3cf6a17b9	413	1598	2022	229
METHOD_EXIT	org.springframework.core.BridgeMethodResolver#isBridgedCandidateFor(Method,Method):boolean	de39444498fda423fd7a	455	1579	2045	299
METHOD_EXIT	org.springframework.core.BridgeMethodResolver#searchCandidates(List<Method>,Method,Class<?>):Method	3de6c2804695e92d2c03	455	1675	2141	440
METHOD_ENTRY	org.springframework.core.BridgeMethodResolver#isBridgeMethodFor(Method,Method,Class<?>):boolean	9048ca1b1b6d1f1ee026	413	1527	1951	255
METHOD_EXIT	org.springframework.core.BridgeMethodResolver#getMostSpecificMethod(Method,Class<?>):Method	8ea8ae7cc52b4d395f7c	455	1664	2130	312
METHOD_ENTRY	org.springframework.core.BridgeMethodResolver#isResolvedTypeMatch(Method,Method,Class<?>):boolean	cb2b25f32cedf80a2526	413	1577	2001	218
METHOD_EXIT	org.springframework.core.BridgeMethodResolver#checkResolvedTypeMatch(Method,Method,Class<?>):boolean	2f76cdb8d335a57df57f	455	1715	2181	397
METHOD_ENTRY	org.springframework.core.BridgeMethodResolver#checkResolvedTypeMatch(Method,Method,Class<?>):boolean	0dacaef25fcfc3530be2	413	1638	2062	281
METHOD_ENTRY	org.springframework.core.BridgeMethodResolver#findGenericDeclaration(Method):Method	ae8ebe8f5062979ddeb6	413	1583	2007	239
METHOD_EXIT	org.springframework.core.BridgeMethodResolver#findGenericDeclaration(Method):Method	497a62749aef3cfba760	455	1660	2126	330
METHOD_EXIT	org.springframework.core.BridgeMethodResolver#isBridgeMethodFor(Method,Method,Class<?>):boolean	3e17a71ff85c7bb9333c	455	1604	2070	367
METHOD_EXIT	org.springframework.core.BridgeMethodResolver#searchInterfaces(Class<?>[],Method):Method	eb6d26e11c5fcf031f66	455	1621	2087	353
METHOD_ENTRY	org.springframework.core.BridgeMethodResolver#searchInterfaces(Class<?>[],Method):Method	68f514c7b26e778b196b	413	1544	1968	217
METHOD_ENTRY	org.springframework.core.BridgeMethodResolver#searchForMatch(Class<?>,Method):Method	009711857f67a74557bc	413	1501	1925	257
METHOD_EXIT	org.springframework.core.BridgeMethodResolver#isResolvedTypeMatch(Method,Method,Class<?>):boolean	f9a03f9a390663137bea	455	1654	2120	322
METHOD_EXIT	org.springframework.core.BridgeMethodResolver#searchForMatch(Class<?>,Method):Method	365350b1eaf8aa22357b	455	1578	2044	264
METHOD_ENTRY	org.springframework.core.BridgeMethodResolver#isVisibilityBridgeMethodPair(Method,Method):boolean	efebd95b36cf86dcf70f	413	1623	2047	291
METHOD_ENTRY	org.springframework.core.task.TaskCallback#from(Callable<V>):TaskCallback<V, Exception>	a56d39d44b984c0de64d	413	648	1072	47
METHOD_EXIT	org.springframework.core.task.TaskCallback#from(Callable<V>):TaskCallback<V, Exception>	c77cfe91690bd5893ff6	455	729	1195	190
METHOD_EXIT	org.springframework.core.task.support.CompositeTaskDecorator#decorate(Runnable):Runnable	9f29551d81abd9b217be	455	568	1034	283
METHOD_ENTRY	org.springframework.core.task.support.ContextPropagatingTaskDecorator#decorate(Runnable):Runnable	59bbef4baf404a49cb8e	413	564	988	240
METHOD_ENTRY	org.springframework.core.task.TaskCallback#from(Runnable):TaskCallback<@Nullable Void, RuntimeException>	f476ade19ae08da9e32a	413	659	1083	144
METHOD_EXIT	org.springframework.core.task.TaskCallback#from(Runnable):TaskCallback<@Nullable Void, RuntimeException>	3913a9bb5c8416299da5	455	744	1210	263
METHOD_EXIT	org.springframework.core.task.support.ContextPropagatingTaskDecorator#decorate(Runnable):Runnable	299166e3ee6ee8b55716	455	641	1107	264
METHOD_EXIT	org.springframework.core.BridgeMethodResolver#isVisibilityBridgeMethodPair(Method,Method):boolean	bf90ebbc49145db480df	455	1700	2166	397
METHOD_ENTRY	org.springframework.core.task.support.ExecutorServiceAdapter#execute(Runnable):void	66b14f24e34491839981	413	679	1103	107
METHOD_EXIT	org.springframework.core.task.support.ExecutorServiceAdapter#shutdown():void	77744d8441e4a7a83e2a	455	701	1167	74
METHOD_ENTRY	org.springframework.core.task.support.ExecutorServiceAdapter#shutdown():void	2fe49aee6c50a6565f27	413	690	1114	68
METHOD_EXIT	org.springframework.core.task.support.ExecutorServiceAdapter#execute(Runnable):void	afee2360022e7599173b	455	690	1156	118
METHOD_ENTRY	org.springframework.core.task.support.ExecutorServiceAdapter#shutdownNow():List<Runnable>	0d722c56d7c02c9ebe1e	413	698	1122	69
METHOD_EXIT	org.springframework.core.task.support.ExecutorServiceAdapter#shutdownNow():List<Runnable>	6a1fff58cef7d9e42c71	455	774	1240	65
METHOD_ENTRY	org.springframework.core.task.support.ExecutorServiceAdapter#isShutdown():boolean	75c285641484b533bf45	413	671	1095	65
METHOD_EXIT	org.springframework.core.task.support.ExecutorServiceAdapter#isShutdown():boolean	b9afa129209a43936352	455	745	1211	39
METHOD_EXIT	org.springframework.core.task.support.ExecutorServiceAdapter#awaitTermination(long,TimeUnit):boolean	347639db74912e8d9702	455	790	1256	265
METHOD_ENTRY	org.springframework.core.task.support.ExecutorServiceAdapter#awaitTermination(long,TimeUnit):boolean	79a12c801bd895372d1c	413	713	1137	159
METHOD_EXIT	org.springframework.core.task.support.ExecutorServiceAdapter#close():void	5bdd9a6cc760d93695af	455	695	1161	66
METHOD_ENTRY	org.springframework.core.task.support.ExecutorServiceAdapter#close():void	b294507db170ad20313f	413	684	1108	182
METHOD_ENTRY	org.springframework.core.task.support.CompositeTaskDecorator#decorate(Runnable):Runnable	90835f02abeae760d035	413	491	915	159
METHOD_ENTRY	org.springframework.core.task.AsyncTaskExecutor#execute(Runnable,long):void	a2c7387025a84650ab87	413	1177	1601	166
METHOD_EXIT	org.springframework.core.task.AsyncTaskExecutor#execute(Runnable,long):void	607fe0dfa1870f8c5642	455	1188	1654	214
METHOD_EXIT	org.springframework.core.task.support.ExecutorServiceAdapter#isTerminated():boolean	f56a3d840bc0066445c4	455	747	1213	49
METHOD_EXIT	org.springframework.core.task.AsyncTaskExecutor#submit(Runnable):Future<?>	0beb35d6ab265f48abe4	455	1255	1721	176
METHOD_ENTRY	org.springframework.core.task.AsyncTaskExecutor#submit(Callable<T>):Future<T>	88a9341c091d9475a069	413	1194	1618	233
METHOD_EXIT	org.springframework.core.task.AsyncTaskExecutor#submit(Callable<T>):Future<T>	dddfefa18b05ac6190bc	455	1272	1738	238
METHOD_ENTRY	org.springframework.core.task.AsyncTaskExecutor#submitCompletable(Runnable):CompletableFuture<Void>	65c7fb2af00ff8cf0060	413	1170	1594	86
METHOD_ENTRY	org.springframework.core.task.support.ExecutorServiceAdapter#isTerminated():boolean	d0017d3551b6c95ada47	413	673	1097	46
METHOD_EXIT	org.springframework.core.task.AsyncTaskExecutor#submitCompletable(Callable<T>):CompletableFuture<T>	0a144d937c9630022fab	455	1260	1726	221
METHOD_ENTRY	org.springframework.core.task.AsyncTaskExecutor#submitCompletable(Callable<T>):CompletableFuture<T>	c16e81490b7113531371	413	1181	1605	89
METHOD_EXIT	org.springframework.core.task.VirtualThreadTaskExecutor#getVirtualThreadFactory():ThreadFactory	3c9f77aa715b2f4f95ba	455	608	1074	181
METHOD_ENTRY	org.springframework.core.task.VirtualThreadTaskExecutor#execute(Runnable):void	ba9a563e1df53b361566	413	538	962	177
METHOD_EXIT	org.springframework.core.task.AsyncTaskExecutor#submitCompletable(Runnable):CompletableFuture<Void>	de6d30c921ae147d9c6b	455	1249	1715	262
METHOD_ENTRY	org.springframework.core.task.VirtualThreadTaskExecutor#getVirtualThreadFactory():ThreadFactory	32a7902c476a4d1a6ea1	413	533	957	141
METHOD_ENTRY	org.springframework.core.task.AsyncTaskExecutor#submit(Runnable):Future<?>	13600b54dce5035ececb	413	1177	1601	52
METHOD_EXIT	org.springframework.core.task.VirtualThreadTaskExecutor#execute(Runnable):void	ce1e85b61e95d01e295f	455	549	1015	273
METHOD_ENTRY	org.springframework.core.task.VirtualThreadDelegate#virtualThreadFactory():ThreadFactory	19874d1bf1e58017641f	413	482	906	5
METHOD_EXIT	org.springframework.core.task.VirtualThreadDelegate#virtualThreadFactory():ThreadFactory	7a79145060fd19a6b4a3	455	557	1023	85
METHOD_ENTRY	org.springframework.core.task.VirtualThreadDelegate#virtualThreadFactory(String):ThreadFactory	cc393a54d3a0efdf2046	413	491	915	126
METHOD_EXIT	org.springframework.core.task.VirtualThreadDelegate#virtualThreadFactory(String):ThreadFactory	c23f3979a5b3de6d6b10	455	569	1035	165
METHOD_ENTRY	org.springframework.core.task.VirtualThreadDelegate#newVirtualThread(String,Runnable):Thread	3490d6cb608d0fb48659	413	495	919	281
METHOD_EXIT	org.springframework.core.task.VirtualThreadDelegate#newVirtualThread(String,Runnable):Thread	6096a00fd97bb1925c57	455	572	1038	66
METHOD_EXIT	org.springframework.core.task.SyncTaskExecutor#setRejectTasksWhenLimitReached(boolean):void	921cd0962ab13447da29	455	1034	1500	134
METHOD_ENTRY	org.springframework.core.task.SyncTaskExecutor#execute(Runnable):void	61b009e60d6f50f513ef	413	1055	1479	121
METHOD_ENTRY	org.springframework.core.task.SyncTaskExecutor#execute(TaskCallback<V, E>):V	d4537d0f0688829afb82	413	1079	1503	272
METHOD_EXIT	org.springframework.core.task.SyncTaskExecutor#execute(TaskCallback<V, E>):V	031b4da5efbe9b1843fd	455	1156	1622	199
METHOD_ENTRY	org.springframework.core.task.SyncTaskExecutor#setRejectTasksWhenLimitReached(boolean):void	4f73e9e2eaadb48099de	413	1023	1447	202
METHOD_ENTRY	org.springframework.core.task.SyncTaskExecutor#onLimitReached():void	d7e72c2f3d28ff354e79	413	1028	1452	258
METHOD_EXIT	org.springframework.core.task.SyncTaskExecutor#execute(Runnable):void	dd6a920c1e56f1f50a94	455	1066	1532	141
METHOD_ENTRY	org.springframework.core.task.SyncTaskExecutor#onAccessRejected(String):void	5bd1fdb647ae34315823	413	1006	1430	218
METHOD_EXIT	org.springframework.core.task.SyncTaskExecutor#onAccessRejected(String):void	e7c9ecd325f380e798e0	455	1017	1483	203
METHOD_ENTRY	org.springframework.core.SpringProperties#setProperty(String,String):void	a7326f7143176042e668	413	1247	1671	213
METHOD_EXIT	org.springframework.core.SpringProperties#getProperty(String):String	3041fcd1785dca746243	455	1352	1818	206
METHOD_ENTRY	org.springframework.core.SpringProperties#getProperty(String):String	6ea06e91e30ecadb9f84	413	1275	1699	278
METHOD_ENTRY	org.springframework.core.SpringProperties#setFlag(String):void	ebb8509d6acdb97635f6	413	1216	1640	95
METHOD_EXIT	org.springframework.core.SpringProperties#setFlag(String):void	cf74ebd08df86b9750c9	455	1227	1693	125
METHOD_EXIT	org.springframework.core.SpringProperties#setProperty(String,String):void	f4663b9e0d7b1b533308	455	1258	1724	295
METHOD_EXIT	org.springframework.core.task.SyncTaskExecutor#onLimitReached():void	2baab478cbbe83911d5b	455	1039	1505	143
METHOD_EXIT	org.springframework.core.SpringProperties#setFlag(String,boolean):void	ca396e2a8d5ea11459bf	455	1237	1703	306
METHOD_ENTRY	org.springframework.core.SpringProperties#getFlag(String):boolean	e4fff422e191ba97d83b	413	1213	1637	213
METHOD_ENTRY	org.springframework.core.metrics.jfr.FlightRecorderStartupEvent#setTags(String):void	1d466425e2b2af417f04	413	507	931	273
METHOD_EXIT	org.springframework.core.metrics.jfr.FlightRecorderStartupEvent#setTags(String):void	d98170de487e2d7355e9	455	518	984	269
METHOD_ENTRY	org.springframework.core.SpringProperties#checkFlag(String):Boolean	962f4916c9a669e531fa	413	1230	1654	232
METHOD_EXIT	org.springframework.core.SpringProperties#getFlag(String):boolean	8d0e3422b48df9b817e5	455	1290	1756	184
METHOD_EXIT	org.springframework.core.SpringProperties#checkFlag(String):Boolean	67f28d3d602c0d773068	455	1307	1773	326
METHOD_ENTRY	org.springframework.core.metrics.jfr.FlightRecorderStartupStep#getName():String	a8f74de16a6406838f86	413	559	983	119
METHOD_EXIT	org.springframework.core.metrics.jfr.FlightRecorderStartupStep#getName():String	828637fcd2fce3d05662	455	633	1099	215
METHOD_ENTRY	org.springframework.core.SpringProperties#setFlag(String,boolean):void	14f85a963be5702441ac	413	1226	1650	167
METHOD_EXIT	org.springframework.core.metrics.jfr.FlightRecorderStartupStep#getParentId():Long	2b39d79ace09468c37aa	455	636	1102	240
METHOD_ENTRY	org.springframework.core.metrics.jfr.FlightRecorderStartupStep#getParentId():Long	1acf28f571742b2cdc35	413	562	986	115
METHOD_ENTRY	org.springframework.core.metrics.jfr.FlightRecorderStartupStep#tag(String,String):StartupStep	14212e64005006c5e90a	413	580	1004	211
METHOD_ENTRY	org.springframework.core.metrics.jfr.FlightRecorderStartupStep#getId():long	9e3abbd50ca0db9a9402	413	560	984	133
METHOD_EXIT	org.springframework.core.metrics.jfr.FlightRecorderStartupStep#tag(String,String):StartupStep	279579c4dace6d904291	455	658	1124	273
METHOD_ENTRY	org.springframework.core.metrics.jfr.FlightRecorderStartupStep#tag(String,Supplier<String>):StartupStep	5006963f04a92d2d33dd	413	586	1010	245
METHOD_ENTRY	org.springframework.core.metrics.jfr.FlightRecorderStartupStep#getTags():Tags	01f5e55e077005d59d46	413	558	982	96
METHOD_EXIT	org.springframework.core.metrics.jfr.FlightRecorderStartupStep#tag(String,Supplier<String>):StartupStep	62d1001869f33cb3795f	455	664	1130	273
METHOD_EXIT	org.springframework.core.metrics.jfr.FlightRecorderStartupStep#getId():long	66c89eb3c6c18543722f	455	634	1100	116
METHOD_EXIT	org.springframework.core.metrics.jfr.FlightRecorderStartupStep#getTags():Tags	725d810635c4781096b2	455	632	1098	135
METHOD_ENTRY	org.springframework.core.metrics.jfr.FlightRecorderStartupStep#end():void	6bf7ff8dac4809c712a8	413	627	1051	224
METHOD_ENTRY	org.springframework.core.metrics.jfr.FlightRecorderStartupStep#getEvent():FlightRecorderStartupEvent	602d717aff1656dc8f69	413	562	986	102
METHOD_EXIT	org.springframework.core.metrics.jfr.FlightRecorderStartupStep#getEvent():FlightRecorderStartupEvent	fdff6c29048cde1ececb	455	639	1105	260
METHOD_ENTRY	org.springframework.core.metrics.jfr.FlightRecorderStartupStep#add(String,String):void	75f88d5af4056c9cae10	413	626	1050	263
METHOD_EXIT	org.springframework.core.metrics.jfr.FlightRecorderStartupStep#add(String,String):void	262301963ac7fe85d6f2	455	637	1103	280
METHOD_EXIT	org.springframework.core.metrics.jfr.FlightRecorderStartupStep#add(String,Supplier<String>):void	28a96b9b7cd3de9f0342	455	588	1054	246
METHOD_ENTRY	org.springframework.core.metrics.jfr.FlightRecorderStartupStep#iterator():Iterator<Tag>	10f365c22fecf2d7a2bc	413	564	988	192
METHOD_ENTRY	org.springframework.core.metrics.jfr.FlightRecorderStartupStep#add(String,Supplier<String>):void	0859dce929a5e9de44bd	413	577	1001	228
METHOD_EXIT	org.springframework.core.metrics.jfr.FlightRecorderStartupStep#iterator():Iterator<Tag>	c55e804fd65e875e80f0	455	639	1105	308
METHOD_ENTRY	org.springframework.core.metrics.jfr.FlightRecorderStartupStep#hasNext():boolean	5d34ab9fed0c411e7892	413	564	988	248
METHOD_EXIT	org.springframework.core.metrics.jfr.FlightRecorderStartupStep#hasNext():boolean	14b16536a5a84a769eec	455	638	1104	275
METHOD_ENTRY	org.springframework.core.metrics.jfr.FlightRecorderStartupStep#next():Tag	ea96d4cb851e34dd33dd	413	560	984	217
METHOD_ENTRY	org.springframework.core.metrics.jfr.FlightRecorderStartupStep#remove():void	fca3038728603f0c68bd	413	566	990	58
METHOD_EXIT	org.springframework.core.metrics.jfr.FlightRecorderStartupStep#end():void	aeb4c3aa60673fb5aad3	455	638	1104	323
METHOD_ENTRY	org.springframework.core.metrics.jfr.FlightRecorderStartupStep#getKey():String	a19d55a317e30d3320c2	413	560	984	69
METHOD_EXIT	org.springframework.core.metrics.jfr.FlightRecorderStartupStep#next():Tag	2477f832e4cfa171af3d	455	634	1100	207
METHOD_EXIT	org.springframework.core.metrics.jfr.FlightRecorderStartupStep#getKey():String	8bd4febc33c06a6c316f	455	634	1100	279
METHOD_ENTRY	org.springframework.core.metrics.jfr.FlightRecorderStartupStep#getValue():String	300c51d9332078debad3	413	560	984	253
METHOD_EXIT	org.springframework.core.metrics.jfr.FlightRecorderStartupStep#getValue():String	276e9f3c52ba13f5877a	455	634	1100	273
METHOD_ENTRY	org.springframework.core.metrics.jfr.FlightRecorderTags#add(String,String):void	0edc9eff642bdb75799d	413	453	877	221
METHOD_EXIT	org.springframework.core.metrics.jfr.FlightRecorderStartupStep#remove():void	1707885d6d5c741b311e	455	577	1043	76
METHOD_ENTRY	org.springframework.core.metrics.jfr.FlightRecorderTags#add(String,Supplier<String>):void	5cd85d015bab11afe3fc	413	404	828	152
METHOD_ENTRY	org.springframework.core.metrics.jfr.FlightRecorderTags#iterator():Iterator<Tag>	2292546889a791f41765	413	391	815	5
METHOD_ENTRY	org.springframework.core.metrics.jfr.FlightRecorderTags#hasNext():boolean	94bcef0ba7eb26f48c01	413	391	815	191
METHOD_EXIT	org.springframework.core.metrics.jfr.FlightRecorderTags#iterator():Iterator<Tag>	0a694725acf2bcd88fa3	455	466	932	164
METHOD_EXIT	org.springframework.core.metrics.jfr.FlightRecorderTags#add(String,Supplier<String>):void	dd1a59064cfd101c9692	455	415	881	247
METHOD_ENTRY	org.springframework.core.metrics.jfr.FlightRecorderTags#remove():void	881f6cfdc791e33f170b	413	393	817	5
METHOD_ENTRY	org.springframework.core.metrics.jfr.TagsIterator#hasNext():boolean	c82669f982cc3dab92b8	413	389	813	180
METHOD_EXIT	org.springframework.core.metrics.jfr.FlightRecorderTags#next():Tag	20fe38f34aed0d2dd2e7	455	461	927	227
METHOD_EXIT	org.springframework.core.metrics.jfr.FlightRecorderTags#remove():void	62ae0f20ce0c172d44fd	455	404	870	70
METHOD_ENTRY	org.springframework.core.metrics.jfr.FlightRecorderTags#next():Tag	5b315a4f007c06a78503	413	387	811	163
METHOD_EXIT	org.springframework.core.metrics.jfr.FlightRecorderTags#add(String,String):void	7421e001b320598ecd34	455	464	930	183
METHOD_EXIT	org.springframework.core.metrics.jfr.TagsIterator#hasNext():boolean	200dc656b62bb4542a58	455	463	929	306
METHOD_ENTRY	org.springframework.core.metrics.jfr.TagsIterator#remove():void	db48c46960f1e3cb1bf2	413	391	815	5
METHOD_ENTRY	org.springframework.core.metrics.jfr.TagsIterator#next():Tag	d4f230283391059bd7ff	413	385	809	271
METHOD_EXIT	org.springframework.core.metrics.jfr.TagsIterator#remove():void	1393c31839a092459062	455	402	868	61
METHOD_EXIT	org.springframework.core.metrics.jfr.FlightRecorderTags#hasNext():boolean	87a85c64920a1ac74439	455	465	931	296
METHOD_ENTRY	org.springframework.core.metrics.jfr.FlightRecorderTag#getKey():String	30518815e2b38bf23125	413	387	811	100
METHOD_ENTRY	org.springframework.core.metrics.jfr.FlightRecorderTag#getValue():String	d170188c82010f4a8835	413	387	811	61
METHOD_EXIT	org.springframework.core.metrics.jfr.TagsIterator#next():Tag	197d3e81df59fb385a55	455	459	925	226
METHOD_EXIT	org.springframework.core.metrics.jfr.FlightRecorderApplicationStartup#start(String):StartupStep	79f9823d370f941ddb69	455	691	1157	302
METHOD_ENTRY	org.springframework.core.metrics.DefaultApplicationStartup#start(String):DefaultStartupStep	23bebb01c6be5ce934a5	413	459	883	173
METHOD_EXIT	org.springframework.core.metrics.DefaultApplicationStartup#start(String):DefaultStartupStep	5644717abce05e49a319	455	538	1004	56
METHOD_EXIT	org.springframework.core.metrics.jfr.FlightRecorderTag#getValue():String	decc1e13e5a154af7841	455	461	927	271
METHOD_EXIT	org.springframework.core.metrics.jfr.FlightRecorderTag#getKey():String	b5362f1b5353c461fc54	455	461	927	211
METHOD_ENTRY	org.springframework.core.metrics.DefaultApplicationStartup#getName():String	661165828f4ec572e77b	413	451	875	50
METHOD_EXIT	org.springframework.core.metrics.DefaultApplicationStartup#getName():String	a5f8a8865a687ce6887f	455	525	991	181
METHOD_ENTRY	org.springframework.core.metrics.jfr.FlightRecorderApplicationStartup#start(String):StartupStep	17905eb47638c2ea7bb2	413	613	1037	117
METHOD_ENTRY	org.springframework.core.metrics.DefaultApplicationStartup#getParentId():Long	c6484d88361a2c185fec	413	454	878	62
METHOD_EXIT	org.springframework.core.metrics.DefaultApplicationStartup#getParentId():Long	de0dde60e562ce78b1c9	455	528	994	42
METHOD_ENTRY	org.springframework.core.metrics.DefaultApplicationStartup#getId():long	f9e0e01064e865a9cff3	413	452	876	31
METHOD_EXIT	org.springframework.core.metrics.DefaultApplicationStartup#tag(String,String):StartupStep	7b8732e619050859c137	455	543	1009	251
METHOD_ENTRY	org.springframework.core.metrics.DefaultApplicationStartup#getTags():Tags	49bdd4bef841b921ca40	413	452	876	91
METHOD_ENTRY	org.springframework.core.metrics.DefaultApplicationStartup#tag(String,String):StartupStep	c8b452f66ac65ee9d750	413	465	889	265
METHOD_EXIT	org.springframework.core.metrics.DefaultApplicationStartup#getTags():Tags	3e4593a9be0728fc2966	455	526	992	272
METHOD_ENTRY	org.springframework.core.metrics.DefaultApplicationStartup#end():void	8ef9f9c1542c1fc2b34d	413	445	869	5
METHOD_EXIT	org.springframework.core.metrics.DefaultApplicationStartup#end():void	193918f6dc93677aa1d2	455	456	922	5
METHOD_EXIT	org.springframework.core.metrics.DefaultApplicationStartup#getId():long	f02163b9a8165f140fce	455	526	992	51
METHOD_EXIT	org.springframework.core.metrics.DefaultApplicationStartup#tag(String,Supplier<String>):StartupStep	82ac42c3556639525a0d	455	548	1014	222
METHOD_ENTRY	org.springframework.core.metrics.DefaultStartupStep#getName():String	cd59525bb27bc2069b5d	413	384	808	86
METHOD_EXIT	org.springframework.core.metrics.DefaultApplicationStartup#iterator():Iterator<StartupStep.Tag>	798ba28572e02e51bddf	455	539	1005	205
METHOD_EXIT	org.springframework.core.metrics.DefaultStartupStep#getName():String	88343743f6a993c14011	455	458	924	153
METHOD_ENTRY	org.springframework.core.metrics.DefaultStartupStep#getId():long	ff3fed2e086fcb24ca3f	413	385	809	49
METHOD_ENTRY	org.springframework.core.metrics.DefaultStartupStep#getParentId():Long	f59ce33a4149616127c1	413	387	811	69
METHOD_EXIT	org.springframework.core.metrics.DefaultStartupStep#getId():long	8fb61764427022ca1054	455	459	925	35
METHOD_EXIT	org.springframework.core.metrics.DefaultStartupStep#getParentId():Long	1539fc29c09b4635004b	455	461	927	101
METHOD_ENTRY	org.springframework.core.metrics.DefaultStartupStep#tag(String,String):StartupStep	6d04f4a9cc7ef20c2fcf	413	398	822	259
METHOD_EXIT	org.springframework.core.metrics.DefaultStartupStep#getTags():Tags	dc9ea190afb00ca64700	455	459	925	136
METHOD_ENTRY	org.springframework.core.metrics.DefaultStartupStep#getTags():Tags	94cc732c5924bf70ddf5	413	385	809	92
METHOD_ENTRY	org.springframework.core.metrics.DefaultApplicationStartup#iterator():Iterator<StartupStep.Tag>	9e3f0b079068c391a9dc	413	461	885	30
METHOD_EXIT	org.springframework.core.metrics.DefaultStartupStep#tag(String,String):StartupStep	63e404e1cbac54753ae5	455	476	942	181
METHOD_EXIT	org.springframework.core.metrics.DefaultStartupStep#end():void	df9d6fd6290871cc2409	455	389	855	5
METHOD_ENTRY	org.springframework.core.metrics.DefaultStartupStep#end():void	f1146d60eb7721968c82	413	378	802	5
METHOD_EXIT	org.springframework.core.metrics.DefaultStartupStep#tag(String,Supplier<String>):StartupStep	3de9efd8766a8479895a	455	481	947	201
METHOD_ENTRY	org.springframework.core.metrics.DefaultStartupStep#iterator():Iterator<StartupStep.Tag>	75f501682cebd3f76c98	413	394	818	5
METHOD_ENTRY	org.springframework.core.metrics.DefaultTags#iterator():Iterator<StartupStep.Tag>	a5e9a0b67b136d37984d	413	393	817	49
METHOD_EXIT	org.springframework.core.metrics.DefaultStartupStep#iterator():Iterator<StartupStep.Tag>	e3a676a27f922781aecf	455	472	938	94
METHOD_EXIT	org.springframework.core.metrics.DefaultTags#iterator():Iterator<StartupStep.Tag>	c81ad44ef23e6f7fec81	455	471	937	91
METHOD_ENTRY	org.springframework.core.metrics.StartupStep#close():void	e6556570b7c4540818b6	413	779	1203	218
METHOD_EXIT	org.springframework.core.metrics.StartupStep#close():void	f898297da0e103b1454d	455	790	1256	56
METHOD_ENTRY	org.springframework.core.metrics.DefaultApplicationStartup#tag(String,Supplier<String>):StartupStep	dc950b45c814dfa14e33	413	470	894	256
METHOD_ENTRY	org.springframework.core.ReactiveAdapter#getDescriptor():ReactiveTypeDescriptor	00175a91ad2bacefb6c3	413	703	1127	284
METHOD_ENTRY	org.springframework.core.metrics.DefaultStartupStep#tag(String,Supplier<String>):StartupStep	d02ef558a693834f30e5	413	403	827	233
METHOD_ENTRY	org.springframework.core.ReactiveAdapter#getReactiveType():Class<?>	432f6aceb66090e4bd63	413	706	1130	222
METHOD_EXIT	org.springframework.core.ReactiveAdapter#getDescriptor():ReactiveTypeDescriptor	c7e266f4743627709b6e	455	779	1245	253
METHOD_EXIT	org.springframework.core.ReactiveAdapter#getReactiveType():Class<?>	bf27d026f8f9d37cbd67	455	781	1247	347
METHOD_EXIT	org.springframework.core.ReactiveAdapter#isMultiValue():boolean	5dc85714e4acdbfca66a	455	779	1245	309
METHOD_ENTRY	org.springframework.core.ReactiveAdapter#isNoValue():boolean	2854c86619cf1f82a1c3	413	705	1129	355
METHOD_EXIT	org.springframework.core.ReactiveAdapter#isNoValue():boolean	013f30d1c11e9251c4e1	455	779	1245	237
METHOD_EXIT	org.springframework.core.ReactiveAdapter#supportsEmpty():boolean	bae202208aca17d47717	455	776	1242	100
METHOD_ENTRY	org.springframework.core.ReactiveAdapter#toPublisher(Object):Publisher<T>	5ed0df6b8dedaf6d3dce	413	747	1171	270
METHOD_ENTRY	org.springframework.core.ReactiveAdapter#supportsEmpty():boolean	5446bf3e32d36d20d623	413	702	1126	704
METHOD_EXIT	org.springframework.core.ReactiveAdapter#toPublisher(Object):Publisher<T>	465493146df7186cefe5	455	825	1291	324
METHOD_ENTRY	org.springframework.core.ReactiveAdapter#fromPublisher(Publisher<?>):Object	f5575e6866812df13fdc	413	713	1137	246
METHOD_ENTRY	org.springframework.core.StandardReflectionParameterNameDiscoverer#getParameterNames(Method):String @Nullable []	477cd47c8b52e7da4f91	413	566	990	255
METHOD_EXIT	org.springframework.core.ReactiveAdapter#fromPublisher(Publisher<?>):Object	13465af17e736fe6c1f7	455	790	1256	291
METHOD_EXIT	org.springframework.core.StandardReflectionParameterNameDiscoverer#getParameterNames(Method):String @Nullable []	bbe3c0d2d2c7bb1d784c	455	645	1111	296
METHOD_ENTRY	org.springframework.core.StandardReflectionParameterNameDiscoverer#getParameterNames(Constructor<?>):String @Nullable []	499b5e79402a55b504ae	413	570	994	254
METHOD_EXIT	org.springframework.core.StandardReflectionParameterNameDiscoverer#getParameterNames(Parameter[]):String @Nullable []	41f4907ba4c186f1e04c	455	705	1171	342
METHOD_ENTRY	org.springframework.core.StandardReflectionParameterNameDiscoverer#getParameterNames(Parameter[]):String @Nullable []	853c51be00ee3c66433a	413	626	1050	266
METHOD_ENTRY	org.springframework.core.KotlinReflectionParameterNameDiscoverer#getParameterNames(Method):String @Nullable []	ed8eaeba0f3cac889ca8	413	610	1034	247
METHOD_EXIT	org.springframework.core.StandardReflectionParameterNameDiscoverer#getParameterNames(Constructor<?>):String @Nullable []	bc3e6c71bc520636c301	455	649	1115	263
METHOD_EXIT	org.springframework.core.KotlinReflectionParameterNameDiscoverer#getParameterNames(Method):String @Nullable []	dcc1c8fbe482b2cf19d9	455	689	1155	245
METHOD_ENTRY	org.springframework.core.KotlinReflectionParameterNameDiscoverer#getParameterNames(Constructor<?>):String @Nullable []	d1173e7025e44b1402a1	413	627	1051	257
METHOD_ENTRY	org.springframework.core.ReactiveAdapter#isMultiValue():boolean	5b6a1a1dcd794e5827fb	413	705	1129	221
METHOD_EXIT	org.springframework.core.KotlinReflectionParameterNameDiscoverer#getParameterNames(Constructor<?>):String @Nullable []	f6047470831bb61d27e3	455	706	1172	357
METHOD_ENTRY	org.springframework.core.KotlinReflectionParameterNameDiscoverer#getParameterNames(List<KParameter>):String @Nullable []	8cd715a8cd6c9efbabed	413	715	1139	278
METHOD_EXIT	org.springframework.core.KotlinReflectionParameterNameDiscoverer#getParameterNames(List<KParameter>):String @Nullable []	ff13a48e753df93b561c	455	794	1260	415
METHOD_ENTRY	org.springframework.core.log.LogFormatUtils#formatValue(Object,boolean):String	d9d998124d5067d681a1	413	828	1252	259
METHOD_ENTRY	org.springframework.core.log.LogFormatUtils#formatValue(Object,int,boolean):String	6e01d6ec68d54e30c291	413	979	1403	263
METHOD_EXIT	org.springframework.core.log.LogFormatUtils#formatValue(Object,int,boolean):String	d6cd37ca8f58c66afaac	455	1056	1522	317
METHOD_EXIT	org.springframework.core.log.LogFormatUtils#traceDebug(Log,Function<Boolean, String>):void	26a44bce9f57caebe7fd	455	889	1355	321
METHOD_ENTRY	org.springframework.core.log.LogDelegateFactory#getHiddenLog(Class<?>):Log	f136af7a3566793bdb79	413	809	1233	236
METHOD_EXIT	org.springframework.core.log.LogDelegateFactory#getHiddenLog(Class<?>):Log	51754615304b44afb564	455	886	1352	298
METHOD_EXIT	org.springframework.core.log.LogDelegateFactory#getHiddenLog(String):Log	907ec0e4040a18e84191	455	885	1351	305
METHOD_ENTRY	org.springframework.core.log.LogDelegateFactory#getCompositeLog(Log,Log,Log):Log	2cd894a6fb7e46021b45	413	879	1303	277
METHOD_EXIT	org.springframework.core.log.LogFormatUtils#formatValue(Object,boolean):String	30bf5f5b96933c620ce9	455	905	1371	265
METHOD_ENTRY	org.springframework.core.log.LogDelegateFactory#getHiddenLog(String):Log	48166c08522ddcbd2155	413	808	1232	297
METHOD_ENTRY	org.springframework.core.log.LogAccessor#getLog():Log	3eafccf6c76c9607635d	413	1367	1791	318
METHOD_ENTRY	org.springframework.core.log.LogAccessor#isFatalEnabled():boolean	0e5ddd80b454c7846183	413	1372	1796	308
METHOD_ENTRY	org.springframework.core.log.LogFormatUtils#traceDebug(Log,Function<Boolean, String>):void	2ec3137d081354c48105	413	878	1302	303
METHOD_ENTRY	org.springframework.core.log.LogAccessor#isWarnEnabled():boolean	5f1d0259506b93277816	413	1372	1796	242
METHOD_EXIT	org.springframework.core.log.LogAccessor#isErrorEnabled():boolean	a74d02b41f21a371d0b9	455	1446	1912	310
METHOD_EXIT	org.springframework.core.log.LogAccessor#isWarnEnabled():boolean	746bf207c1702698ac45	455	1446	1912	112
METHOD_EXIT	org.springframework.core.log.LogAccessor#getLog():Log	fab8e9317c7fc669c393	455	1441	1907	307
METHOD_ENTRY	org.springframework.core.log.LogAccessor#isErrorEnabled():boolean	d06cebcae25b8ed27439	413	1372	1796	207
METHOD_EXIT	org.springframework.core.log.LogDelegateFactory#getCompositeLog(Log,Log,Log):Log	db8863ad8a36b6874d99	455	956	1422	321
METHOD_EXIT	org.springframework.core.log.LogAccessor#isFatalEnabled():boolean	3784b0ac05c0c21c96f1	455	1446	1912	94
METHOD_EXIT	org.springframework.core.log.LogAccessor#isInfoEnabled():boolean	290fc1c825ffb74d40ab	455	1446	1912	288
METHOD_EXIT	org.springframework.core.log.LogAccessor#isDebugEnabled():boolean	af2f778096f57d433ed6	455	1446	1912	191
METHOD_ENTRY	org.springframework.core.log.LogAccessor#isTraceEnabled():boolean	c6fbb56dcef6bccb59a0	413	1372	1796	306
METHOD_ENTRY	org.springframework.core.log.LogAccessor#isDebugEnabled():boolean	4e0cc9c6dff4d35c823a	413	1372	1796	96
METHOD_ENTRY	org.springframework.core.log.LogAccessor#isInfoEnabled():boolean	26d8d57af27177e5fe4d	413	1372	1796	244
METHOD_EXIT	org.springframework.core.log.LogAccessor#fatal(CharSequence):void	bba17c554bd4ddbb2363	455	1386	1852	330
METHOD_EXIT	org.springframework.core.log.LogAccessor#fatal(Throwable,CharSequence):void	5392da8ffd798e59ccc0	455	1398	1864	290
METHOD_ENTRY	org.springframework.core.log.LogAccessor#fatal(Throwable,CharSequence):void	0145221d075a0c07099d	413	1387	1811	194
METHOD_ENTRY	org.springframework.core.log.LogAccessor#fatal(CharSequence):void	18cd7994d1185a3aa553	413	1375	1799	174
METHOD_ENTRY	org.springframework.core.log.LogAccessor#error(CharSequence):void	f6ddbc6e397a15eb2074	413	1373	1797	237
METHOD_EXIT	org.springframework.core.log.LogAccessor#error(CharSequence):void	4620eae4836f27de96c2	455	1384	1850	309
METHOD_EXIT	org.springframework.core.log.LogAccessor#isTraceEnabled():boolean	ab5ac207e0f7f73f4e93	455	1446	1912	314
METHOD_EXIT	org.springframework.core.log.LogAccessor#error(Throwable,CharSequence):void	496f7512fb7b1e7b68b2	455	1396	1862	214
METHOD_ENTRY	org.springframework.core.log.LogAccessor#warn(CharSequence):void	9107549bdf5670e38454	413	1374	1798	270
METHOD_ENTRY	org.springframework.core.log.LogAccessor#warn(Throwable,CharSequence):void	b461b719345491731feb	413	1386	1810	250
METHOD_EXIT	org.springframework.core.log.LogAccessor#warn(Throwable,CharSequence):void	382b978b68ff4641fc8b	455	1397	1863	262
METHOD_ENTRY	org.springframework.core.log.LogAccessor#info(CharSequence):void	9086e522a066f30e59fe	413	1374	1798	98
METHOD_ENTRY	org.springframework.core.log.LogAccessor#info(Throwable,CharSequence):void	d4683528cf9f5e81fdf6	413	1386	1810	266
METHOD_EXIT	org.springframework.core.log.LogAccessor#info(Throwable,CharSequence):void	27fc8d36493f1ab46797	455	1397	1863	217
METHOD_ENTRY	org.springframework.core.log.LogAccessor#error(Throwable,CharSequence):void	c646e97edcb44e4fa968	413	1385	1809	256
METHOD_ENTRY	org.springframework.core.log.LogAccessor#debug(CharSequence):void	6ad5e6a2e72f24020095	413	1374	1798	239
METHOD_EXIT	org.springframework.core.log.LogAccessor#debug(CharSequence):void	62e167a339d8480d5201	455	1385	1851	248
METHOD_EXIT	org.springframework.core.log.LogAccessor#warn(CharSequence):void	6520cb05e8d5573e36f3	455	1385	1851	205
METHOD_ENTRY	org.springframework.core.log.LogAccessor#debug(Throwable,CharSequence):void	3729156b9d205bb92a4c	413	1386	1810	224
METHOD_EXIT	org.springframework.core.log.LogAccessor#debug(Throwable,CharSequence):void	ebbfdf9ad0cc9ec0df4a	455	1397	1863	241
METHOD_ENTRY	org.springframework.core.log.LogAccessor#trace(CharSequence):void	62a74dd85dafeed11184	413	1374	1798	231
METHOD_EXIT	org.springframework.core.log.LogAccessor#info(CharSequence):void	dfabf31555817faee83c	455	1385	1851	242
METHOD_ENTRY	org.springframework.core.log.LogAccessor#trace(Throwable,CharSequence):void	918a1573f61a0228bc16	413	1386	1810	206
METHOD_EXIT	org.springframework.core.log.LogAccessor#trace(Throwable,CharSequence):void	c271faf879c93a710373	455	1397	1863	289
METHOD_ENTRY	org.springframework.core.log.LogAccessor#fatal(Throwable,Supplier<? extends CharSequence>):void	978646bcf0338b7f1dde	413	1416	1840	242
METHOD_EXIT	org.springframework.core.log.LogAccessor#fatal(Supplier<? extends CharSequence>):void	ab8bda1658e8ce278644	455	1417	1883	312
METHOD_EXIT	org.springframework.core.log.LogAccessor#error(Supplier<? extends CharSequence>):void	f7195a8ff7815a7a65e6	455	1415	1881	295
METHOD_EXIT	org.springframework.core.log.LogAccessor#trace(CharSequence):void	0bc88fadcd13793e2a1c	455	1385	1851	308
METHOD_ENTRY	org.springframework.core.log.LogAccessor#error(Throwable,Supplier<? extends CharSequence>):void	fd884fab0b7d7c177e0f	413	1414	1838	221
METHOD_EXIT	org.springframework.core.log.LogAccessor#fatal(Throwable,Supplier<? extends CharSequence>):void	d74cffde80106baa29e6	455	1427	1893	215
METHOD_EXIT	org.springframework.core.log.LogAccessor#error(Throwable,Supplier<? extends CharSequence>):void	ccc067f1accd71209648	455	1425	1891	290
METHOD_ENTRY	org.springframework.core.log.LogAccessor#warn(Supplier<? extends CharSequence>):void	bb6f5701037034e05220	413	1405	1829	247
METHOD_ENTRY	org.springframework.core.log.LogAccessor#fatal(Supplier<? extends CharSequence>):void	b9545de625c150300580	413	1406	1830	238
METHOD_EXIT	org.springframework.core.log.LogAccessor#warn(Supplier<? extends CharSequence>):void	91b169b0fb4a39a309dc	455	1416	1882	295
METHOD_EXIT	org.springframework.core.log.LogAccessor#warn(Throwable,Supplier<? extends CharSequence>):void	f1c85c609a0c7043b33a	455	1426	1892	294
METHOD_ENTRY	org.springframework.core.log.LogAccessor#error(Supplier<? extends CharSequence>):void	098fb789da63364effed	413	1404	1828	207
METHOD_ENTRY	org.springframework.core.log.LogAccessor#info(Supplier<? extends CharSequence>):void	afba810add67778c264b	413	1405	1829	300
METHOD_EXIT	org.springframework.core.log.LogAccessor#info(Supplier<? extends CharSequence>):void	f9adf66343432f841348	455	1416	1882	250
METHOD_ENTRY	org.springframework.core.log.LogAccessor#info(Throwable,Supplier<? extends CharSequence>):void	01ce414b786f2e01e071	413	1415	1839	162
METHOD_EXIT	org.springframework.core.log.LogAccessor#info(Throwable,Supplier<? extends CharSequence>):void	c28da7b753d460e9473f	455	1426	1892	263
METHOD_ENTRY	org.springframework.core.log.LogAccessor#debug(Supplier<? extends CharSequence>):void	d3d7b0b87910d507cc81	413	1405	1829	295
METHOD_EXIT	org.springframework.core.log.LogAccessor#debug(Supplier<? extends CharSequence>):void	682a6fdb1b774758f5ba	455	1416	1882	169
METHOD_EXIT	org.springframework.core.log.LogAccessor#debug(Throwable,Supplier<? extends CharSequence>):void	1e62d136a7f826ddd8fc	455	1426	1892	342
METHOD_ENTRY	org.springframework.core.log.LogAccessor#trace(Supplier<? extends CharSequence>):void	1bfb48475b72668aacd0	413	1405	1829	125
METHOD_ENTRY	org.springframework.core.log.LogAccessor#warn(Throwable,Supplier<? extends CharSequence>):void	8fb5d8ede14c346af8ce	413	1415	1839	237
METHOD_EXIT	org.springframework.core.log.LogAccessor#trace(Supplier<? extends CharSequence>):void	db3d9da11cd293774c83	455	1416	1882	273
METHOD_EXIT	org.springframework.core.log.LogAccessor#trace(Throwable,Supplier<? extends CharSequence>):void	0e94055b69bf02887147	455	1426	1892	298
METHOD_EXIT	org.springframework.core.log.LogMessage#length():int	77ab5b58324847f86e79	455	1216	1682	285
METHOD_ENTRY	org.springframework.core.log.LogAccessor#trace(Throwable,Supplier<? extends CharSequence>):void	e97e18724b3fc3e40e0c	413	1415	1839	122
METHOD_ENTRY	org.springframework.core.log.LogMessage#length():int	4af5bade8b6d96b4f27d	413	1142	1566	282
METHOD_ENTRY	org.springframework.core.log.LogMessage#charAt(int):char	18aeb2effe4db0d1831b	413	1151	1575	99
METHOD_ENTRY	org.springframework.core.log.LogMessage#subSequence(int,int):CharSequence	2eff1846fcdb56cca41d	413	1164	1588	257
METHOD_ENTRY	org.springframework.core.log.LogAccessor#debug(Throwable,Supplier<? extends CharSequence>):void	943149238ac7669ce6bc	413	1415	1839	289
METHOD_EXIT	org.springframework.core.log.LogMessage#subSequence(int,int):CharSequence	a6d5b0e61d35d934991c	455	1242	1708	269
METHOD_ENTRY	org.springframework.core.log.LogMessage#of(Supplier<? extends CharSequence>):LogMessage	6ade173546b32e8a8e6b	413	1164	1588	179
METHOD_EXIT	org.springframework.core.log.LogMessage#toString():String	cc7b1977723e03643dd0	455	1235	1701	251
METHOD_EXIT	org.springframework.core.log.LogMessage#of(Supplier<? extends CharSequence>):LogMessage	e7158601beae1fb5c98f	455	1242	1708	231
METHOD_ENTRY	org.springframework.core.log.LogMessage#format(String,Object):LogMessage	3a44658cdb0c634f40fd	413	1165	1589	213
METHOD_ENTRY	org.springframework.core.log.LogMessage#toString():String	bea9a285a8fa381cb6a6	413	1161	1585	67
METHOD_EXIT	org.springframework.core.log.LogMessage#charAt(int):char	7cbc6738c8f0bf4088ee	455	1228	1694	289
METHOD_ENTRY	org.springframework.core.log.LogMessage#format(String,Object,Object):LogMessage	c3f1ca098834a69fca9c	413	1181	1605	189
METHOD_EXIT	org.springframework.core.log.LogMessage#format(String,Object,Object):LogMessage	a7d32b951f0810ae1e14	455	1259	1725	240
METHOD_ENTRY	org.springframework.core.log.LogMessage#format(String,Object,Object,Object):LogMessage	55e5c8493fbb4bb0140c	413	1197	1621	256
METHOD_EXIT	org.springframework.core.log.LogMessage#format(String,Object,Object,Object):LogMessage	d482984aa9b0d684aa38	455	1275	1741	291
METHOD_ENTRY	org.springframework.core.log.LogMessage#format(String,Object,Object,Object,Object):LogMessage	f6a4c7f3f3ecc03eb5ca	413	1215	1639	275
METHOD_ENTRY	org.springframework.core.log.LogMessage#format(String,Object):LogMessage	3a44658cdb0c634f40fd	413	1165	1589	213
METHOD_EXIT	org.springframework.core.log.LogMessage#format(String,Object,Object,Object,Object):LogMessage	e79cac5aef6e1eef82ae	455	1293	1759	288
METHOD_EXIT	org.springframework.core.log.LogMessage#buildString():String	b000e8788014ab52edf0	455	1222	1688	321
METHOD_EXIT	org.springframework.core.log.LogMessage#format(String,Object):LogMessage	9874016674626281f97b	455	1243	1709	153
METHOD_EXIT	org.springframework.core.log.LogMessage#format(String,Object):LogMessage	9874016674626281f97b	455	1243	1709	153
METHOD_EXIT	org.springframework.core.log.LogMessage#buildString():String	b000e8788014ab52edf0	455	1222	1688	321
METHOD_ENTRY	org.springframework.core.log.LogMessage#buildString():String	0a0d33c47c9441928beb	413	1148	1572	198
METHOD_ENTRY	org.springframework.core.log.LogMessage#buildString():String	0a0d33c47c9441928beb	413	1148	1572	198
METHOD_EXIT	org.springframework.core.log.LogMessage#buildString():String	b000e8788014ab52edf0	455	1222	1688	321
METHOD_ENTRY	org.springframework.core.log.LogMessage#buildString():String	0a0d33c47c9441928beb	413	1148	1572	198
METHOD_EXIT	org.springframework.core.log.LogMessage#buildString():String	b000e8788014ab52edf0	455	1222	1688	321
METHOD_EXIT	org.springframework.core.log.LogMessage#buildString():String	b000e8788014ab52edf0	455	1222	1688	321
METHOD_ENTRY	org.springframework.core.log.LogMessage#buildString():String	0a0d33c47c9441928beb	413	1148	1572	198
METHOD_EXIT	org.springframework.core.log.LogMessage#buildString():String	b000e8788014ab52edf0	455	1222	1688	321
METHOD_ENTRY	org.springframework.core.log.SupplierMessage#buildString():String	850a5d893f34c1ff9cef	413	388	812	121
METHOD_ENTRY	org.springframework.core.log.LogMessage#buildString():String	0a0d33c47c9441928beb	413	1148	1572	198
METHOD_EXIT	org.springframework.core.log.SupplierMessage#buildString():String	607ec93e440c0c265cde	455	462	928	177
METHOD_EXIT	org.springframework.core.log.FormatMessage1#buildString():String	20d36403965774364eb5	455	463	929	267
METHOD_ENTRY	org.springframework.core.log.FormatMessage1#buildString():String	91e3fe78c492ed6817f7	413	389	813	154
METHOD_ENTRY	org.springframework.core.log.FormatMessage2#buildString():String	b32a184f9e7b2cba25ef	413	389	813	174
METHOD_EXIT	org.springframework.core.log.FormatMessage2#buildString():String	eec6e213f2936f21f635	455	463	929	163
METHOD_ENTRY	org.springframework.core.log.LogMessage#buildString():String	0a0d33c47c9441928beb	413	1148	1572	198
METHOD_ENTRY	org.springframework.core.log.FormatMessage4#buildString():String	3005c84de00e3770e2a4	413	389	813	161
METHOD_ENTRY	org.springframework.core.log.CompositeLog#isFatalEnabled():boolean	a76bb65704df72b13ecb	413	680	1104	213
METHOD_EXIT	org.springframework.core.log.FormatMessageX#buildString():String	612a34086a871093529f	455	463	929	230
METHOD_EXIT	org.springframework.core.log.FormatMessage3#buildString():String	473745aed6c056de4985	455	463	929	185
METHOD_ENTRY	org.springframework.core.log.FormatMessageX#buildString():String	3a27953b23efbde2da55	413	389	813	156
METHOD_ENTRY	org.springframework.core.log.FormatMessage3#buildString():String	f008039fb563ed27baf4	413	389	813	106
METHOD_EXIT	org.springframework.core.log.FormatMessage4#buildString():String	28a06728f59914f10c84	455	463	929	94
METHOD_ENTRY	org.springframework.core.log.CompositeLog#isErrorEnabled():boolean	f2484fa31f4d8fba0f6c	413	680	1104	271
METHOD_EXIT	org.springframework.core.log.CompositeLog#isErrorEnabled():boolean	08b4a5bd568aa748e133	455	754	1220	315
METHOD_ENTRY	org.springframework.core.log.CompositeLog#isWarnEnabled():boolean	9f27d9bff1e3707aee64	413	680	1104	68
METHOD_ENTRY	org.springframework.core.log.CompositeLog#isInfoEnabled():boolean	1ab67d9559cb5eecbeef	413	680	1104	338
METHOD_EXIT	org.springframework.core.log.CompositeLog#isFatalEnabled():boolean	9c040399c2e1e7aae496	455	754	1220	299
METHOD_EXIT	org.springframework.core.log.CompositeLog#isWarnEnabled():boolean	1b1b7e3c3e0e6dc0a8d0	455	754	1220	262
METHOD_ENTRY	org.springframework.core.log.CompositeLog#isDebugEnabled():boolean	31f29146d59292b38c69	413	680	1104	248
METHOD_ENTRY	org.springframework.core.log.CompositeLog#isTraceEnabled():boolean	91bfb7259d52bdcbd54a	413	680	1104	253
METHOD_EXIT	org.springframework.core.log.CompositeLog#isInfoEnabled():boolean	4e0bebd9bf1394cc741b	455	754	1220	200
METHOD_EXIT	org.springframework.core.log.CompositeLog#isDebugEnabled():boolean	136400a152575a06c1f0	455	754	1220	89
METHOD_EXIT	org.springframework.core.log.CompositeLog#isTraceEnabled():boolean	bc5f3137bb1ab4518857	455	754	1220	265
METHOD_ENTRY	org.springframework.core.log.CompositeLog#isEnabled(Predicate<Log>):boolean	0d0f0a09d610e69b357b	413	692	1116	248
METHOD_EXIT	org.springframework.core.log.CompositeLog#isEnabled(Predicate<Log>):boolean	19e187e31f055db99e77	455	769	1235	289
METHOD_EXIT	org.springframework.core.log.CompositeLog#fatal(Object):void	2f22c2b84eca2dcfab58	455	694	1160	258
METHOD_ENTRY	org.springframework.core.log.CompositeLog#fatal(Object):void	8a62905a22879989c68e	413	683	1107	199
METHOD_ENTRY	org.springframework.core.log.CompositeLog#error(Object):void	f40c79f1068be99af434	413	682	1106	47
METHOD_EXIT	org.springframework.core.log.CompositeLog#fatal(Object,Throwable):void	2733a312061438a5c99d	455	706	1172	276
METHOD_ENTRY	org.springframework.core.log.CompositeLog#error(Object,Throwable):void	ae467da176a20a5be231	413	694	1118	214
METHOD_EXIT	org.springframework.core.log.CompositeLog#error(Object,Throwable):void	8227fab44283bc799fca	455	705	1171	316
METHOD_ENTRY	org.springframework.core.log.CompositeLog#warn(Object):void	51827b8c3c7ad3a3682a	413	683	1107	303
METHOD_ENTRY	org.springframework.core.log.CompositeLog#fatal(Object,Throwable):void	f82736714c7f734a20f9	413	695	1119	164
METHOD_EXIT	org.springframework.core.log.CompositeLog#warn(Object):void	ca1b79d46e8abffc7193	455	694	1160	281
METHOD_ENTRY	org.springframework.core.log.CompositeLog#warn(Object,Throwable):void	7000f0e212f705666d9e	413	695	1119	230
METHOD_EXIT	org.springframework.core.log.CompositeLog#error(Object):void	5da028d8c1c08f954d3b	455	693	1159	253
METHOD_EXIT	org.springframework.core.log.CompositeLog#warn(Object,Throwable):void	0d7a0cff5811f585a8e6	455	706	1172	225
METHOD_EXIT	org.springframework.core.log.CompositeLog#info(Object,Throwable):void	c6777090bc3049f1d8c8	455	706	1172	240
METHOD_EXIT	org.springframework.core.log.CompositeLog#info(Object):void	a471c3a8e6875882d484	455	694	1160	221
METHOD_ENTRY	org.springframework.core.log.CompositeLog#info(Object):void	c939d832c281fcee1a23	413	683	1107	214
METHOD_ENTRY	org.springframework.core.log.CompositeLog#info(Object,Throwable):void	ba6749a5b62280e9611c	413	695	1119	212
METHOD_EXIT	org.springframework.core.log.CompositeLog#debug(Object):void	ac8f1e4a720103b39035	455	694	1160	282
METHOD_ENTRY	org.springframework.core.log.CompositeLog#trace(Object):void	e1889d32222426ff4873	413	683	1107	208
METHOD_EXIT	org.springframework.core.log.CompositeLog#debug(Object,Throwable):void	220ba64e3ea4656ad572	455	706	1172	267
METHOD_ENTRY	org.springframework.core.log.CompositeLog#debug(Object):void	f08e54410d38e7001244	413	683	1107	191
METHOD_ENTRY	org.springframework.core.log.CompositeLog#trace(Object,Throwable):void	38bcb7ac2dcf0796bdc5	413	695	1119	189
METHOD_EXIT	org.springframework.core.log.CompositeLog#trace(Object,Throwable):void	222988c7ff11892218d4	455	706	1172	283
METHOD_EXIT	org.springframework.core.log.CompositeLog#trace(Object):void	2dee54a94dd078044b89	455	694	1160	273
METHOD_ENTRY	org.springframework.core.log.CompositeLog#debug(Object,Throwable):void	d89bedb5b21a91aac73a	413	695	1119	162
METHOD_ENTRY	org.springframework.core.SpringVersion#getVersion():String	26dadc8e1c9ebc936b4c	413	678	1102	54
METHOD_EXIT	org.springframework.core.log.CompositeLog#getLogger(Predicate<Log>):Log	e3cbdf1e32c995cac34a	455	791	1257	334
METHOD_ENTRY	org.springframework.core.log.CompositeLog#getLogger(Predicate<Log>):Log	4aed2a35221f7aefed15	413	714	1138	216
METHOD_EXIT	org.springframework.core.SpringVersion#getVersion():String	56340c23dce2dd80e092	455	752	1218	315
METHOD_EXIT	org.springframework.core.annotation.MergedAnnotationSelectors#nearest():MergedAnnotationSelector<A>	d7c476d6001b0f98bc71	455	678	1144	142
METHOD_ENTRY	org.springframework.core.annotation.MergedAnnotationSelectors#nearest():MergedAnnotationSelector<A>	2c7294cc4cfca02d299c	413	600	1024	78
METHOD_ENTRY	org.springframework.core.annotation.MergedAnnotationSelectors#firstDirectlyDeclared():MergedAnnotationSelector<A>	614c0e75f1436544ab45	413	609	1033	51
METHOD_EXIT	org.springframework.core.annotation.MergedAnnotationSelectors#firstDirectlyDeclared():MergedAnnotationSelector<A>	7f8d4d590add40e1432f	455	687	1153	127
METHOD_ENTRY	org.springframework.core.annotation.MergedAnnotationSelectors#isBestCandidate(MergedAnnotation<Annotation>):boolean	c3fc8a8b41386b882e61	413	605	1029	218
METHOD_EXIT	org.springframework.core.annotation.MergedAnnotationSelectors#isBestCandidate(MergedAnnotation<Annotation>):boolean	e09b7c0eaa85f612f56e	455	682	1148	202
METHOD_EXIT	org.springframework.core.annotation.MergedAnnotationSelectors#isBestCandidate(MergedAnnotation<Annotation>):boolean	e09b7c0eaa85f612f56e	455	682	1148	202
METHOD_EXIT	org.springframework.core.annotation.MergedAnnotationSelectors#select(MergedAnnotation<Annotation>,MergedAnnotation<Annotation>):MergedAnnotation<Annotation>	b4d6bf2b5be73d09b7c9	455	729	1195	272
METHOD_EXIT	org.springframework.core.annotation.MergedAnnotationSelectors#select(MergedAnnotation<Annotation>,MergedAnnotation<Annotation>):MergedAnnotation<Annotation>	b4d6bf2b5be73d09b7c9	455	729	1195	272
METHOD_ENTRY	org.springframework.core.annotation.Nearest#isBestCandidate(MergedAnnotation<Annotation>):boolean	f688fcc7d416c7082740	413	409	833	213
METHOD_ENTRY	org.springframework.core.annotation.MergedAnnotationSelectors#select(MergedAnnotation<Annotation>,MergedAnnotation<Annotation>):MergedAnnotation<Annotation>	09e0b5b12f726315d719	413	648	1072	219
METHOD_ENTRY	org.springframework.core.annotation.MergedAnnotationSelectors#select(MergedAnnotation<Annotation>,MergedAnnotation<Annotation>):MergedAnnotation<Annotation>	09e0b5b12f726315d719	413	648	1072	219
METHOD_ENTRY	org.springframework.core.annotation.Nearest#select(MergedAnnotation<Annotation>,MergedAnnotation<Annotation>):MergedAnnotation<Annotation>	a5c983d16e178fc9b9ee	413	452	876	236
METHOD_EXIT	org.springframework.core.annotation.Nearest#isBestCandidate(MergedAnnotation<Annotation>):boolean	4cbc2ec05db0cd3d8da9	455	486	952	226
METHOD_ENTRY	org.springframework.core.annotation.MergedAnnotationSelectors#isBestCandidate(MergedAnnotation<Annotation>):boolean	c3fc8a8b41386b882e61	413	605	1029	218
METHOD_EXIT	org.springframework.core.annotation.FirstDirectlyDeclared#isBestCandidate(MergedAnnotation<Annotation>):boolean	e646969298ac87ff3dc2	455	488	954	260
METHOD_ENTRY	org.springframework.core.annotation.FirstDirectlyDeclared#isBestCandidate(MergedAnnotation<Annotation>):boolean	6c3c1a850e84699e8f55	413	411	835	234
METHOD_EXIT	org.springframework.core.annotation.FirstDirectlyDeclared#select(MergedAnnotation<Annotation>,MergedAnnotation<Annotation>):MergedAnnotation<Annotation>	efba1228af1aedfe08c1	455	535	1001	233
METHOD_ENTRY	org.springframework.core.annotation.FirstDirectlyDeclared#select(MergedAnnotation<Annotation>,MergedAnnotation<Annotation>):MergedAnnotation<Annotation>	888df2e78df11e7cee73	413	454	878	229
METHOD_EXIT	org.springframework.core.annotation.Nearest#select(MergedAnnotation<Annotation>,MergedAnnotation<Annotation>):MergedAnnotation<Annotation>	e7ba24f07dc4cd869a6e	455	533	999	285
METHOD_ENTRY	org.springframework.core.annotation.TypeMappedAnnotations#isPresent(Class<A>):boolean	48be650fe466de649ac9	413	919	1343	196
METHOD_ENTRY	org.springframework.core.annotation.TypeMappedAnnotations#isPresent(String):boolean	830fdb5d9fbc1f03450c	413	910	1334	248
METHOD_ENTRY	org.springframework.core.annotation.TypeMappedAnnotations#isDirectlyPresent(Class<A>):boolean	d6af23d31c20432b3dd0	413	923	1347	254
METHOD_EXIT	org.springframework.core.annotation.TypeMappedAnnotations#isPresent(String):boolean	16fe1d5a2f4cf2d936eb	455	987	1453	271
METHOD_EXIT	org.springframework.core.annotation.TypeMappedAnnotations#isDirectlyPresent(Class<A>):boolean	921a64a2339640712387	455	1000	1466	319
METHOD_ENTRY	org.springframework.core.annotation.TypeMappedAnnotations#isDirectlyPresent(String):boolean	61b0c092f11e9b368f18	413	914	1338	193
METHOD_EXIT	org.springframework.core.annotation.TypeMappedAnnotations#get(Class<A>):MergedAnnotation<A>	e61758de06a7d4628561	455	971	1437	311
METHOD_EXIT	org.springframework.core.annotation.TypeMappedAnnotations#get(Class<A>,Predicate<? super MergedAnnotation<A>>):MergedAnnotation<A>	b75c040f552547b2e1c2	455	1005	1471	193
METHOD_ENTRY	org.springframework.core.annotation.TypeMappedAnnotations#get(Class<A>,Predicate<? super MergedAnnotation<A>>):MergedAnnotation<A>	07383ad79e339eda5a7a	413	925	1349	270
METHOD_ENTRY	org.springframework.core.annotation.TypeMappedAnnotations#get(Class<A>,Predicate<? super MergedAnnotation<A>>,MergedAnnotationSelector<A>):MergedAnnotation<A>	455e239d3b4e77314500	413	1003	1427	234
METHOD_ENTRY	org.springframework.core.annotation.TypeMappedAnnotations#get(Class<A>):MergedAnnotation<A>	c344fdf5cdf348877a25	413	891	1315	285
METHOD_EXIT	org.springframework.core.annotation.TypeMappedAnnotations#isPresent(Class<A>):boolean	0a27dfb55c87991f47f8	455	996	1462	317
METHOD_EXIT	org.springframework.core.annotation.TypeMappedAnnotations#get(Class<A>,Predicate<? super MergedAnnotation<A>>,MergedAnnotationSelector<A>):MergedAnnotation<A>	e8363e0bbe2292416fd9	455	1083	1549	339
METHOD_ENTRY	org.springframework.core.annotation.TypeMappedAnnotations#get(String):MergedAnnotation<A>	a14d45487ef368ee61f2	413	887	1311	270
METHOD_ENTRY	org.springframework.core.annotation.TypeMappedAnnotations#get(String,Predicate<? super MergedAnnotation<A>>):MergedAnnotation<A>	0e5c88a489ded2d09d8c	413	921	1345	101
METHOD_EXIT	org.springframework.core.annotation.TypeMappedAnnotations#get(String):MergedAnnotation<A>	2a927edd6142f1167dbe	455	967	1433	323
METHOD_EXIT	org.springframework.core.annotation.TypeMappedAnnotations#isDirectlyPresent(String):boolean	8e850e7763a7ff0f307c	455	991	1457	363
METHOD_ENTRY	org.springframework.core.annotation.TypeMappedAnnotations#get(String,Predicate<? super MergedAnnotation<A>>,MergedAnnotationSelector<A>):MergedAnnotation<A>	37504f80d2f156455e54	413	999	1423	217
METHOD_EXIT	org.springframework.core.annotation.TypeMappedAnnotations#get(String,Predicate<? super MergedAnnotation<A>>):MergedAnnotation<A>	bf7b137aaf2914605b6b	455	1001	1467	301
METHOD_ENTRY	org.springframework.core.annotation.TypeMappedAnnotations#stream(Class<A>):Stream<MergedAnnotation<A>>	9da0a116d16108b39b16	413	918	1342	241
METHOD_EXIT	org.springframework.core.annotation.TypeMappedAnnotations#stream(Class<A>):Stream<MergedAnnotation<A>>	9b95b67fdaf30d5a8cc0	455	999	1465	220
METHOD_ENTRY	org.springframework.core.annotation.TypeMappedAnnotations#stream(String):Stream<MergedAnnotation<A>>	9aa2c6589d38acc363fd	413	914	1338	191
METHOD_EXIT	org.springframework.core.annotation.TypeMappedAnnotations#stream(String):Stream<MergedAnnotation<A>>	6a3d03cdc5f0e7c61c40	455	995	1461	293
METHOD_EXIT	org.springframework.core.annotation.TypeMappedAnnotations#stream():Stream<MergedAnnotation<Annotation>>	8770ccd6f79da53243a3	455	981	1447	258
METHOD_ENTRY	org.springframework.core.annotation.TypeMappedAnnotations#iterator():Iterator<MergedAnnotation<Annotation>>	98c48a2a5531bee9faea	413	902	1326	251
METHOD_EXIT	org.springframework.core.annotation.TypeMappedAnnotations#get(String,Predicate<? super MergedAnnotation<A>>,MergedAnnotationSelector<A>):MergedAnnotation<A>	36aa5ffab527ae1330ac	455	1079	1545	321
METHOD_EXIT	org.springframework.core.annotation.TypeMappedAnnotations#iterator():Iterator<MergedAnnotation<Annotation>>	ad21b976fe5750538554	455	981	1447	331
METHOD_ENTRY	org.springframework.core.annotation.TypeMappedAnnotations#spliterator():Spliterator<MergedAnnotation<Annotation>>	19e50234dc049de300ee	413	905	1329	202
METHOD_ENTRY	org.springframework.core.annotation.TypeMappedAnnotations#spliterator(Object):Spliterator<MergedAnnotation<A>>	e325e0e8745f0dd3c6b7	413	900	1324	163
METHOD_EXIT	org.springframework.core.annotation.TypeMappedAnnotations#spliterator():Spliterator<MergedAnnotation<Annotation>>	59a08a252a7bfcf2f4fc	455	985	1451	307
METHOD_EXIT	org.springframework.core.annotation.TypeMappedAnnotations#spliterator(Object):Spliterator<MergedAnnotation<A>>	12a147840d45d8b4025f	455	982	1448	219
METHOD_ENTRY	org.springframework.core.annotation.TypeMappedAnnotations#getAggregates():List<Aggregate>	8d22c9ad8b81ef6be5c7	413	940	1364	241
METHOD_ENTRY	org.springframework.core.annotation.TypeMappedAnnotations#scan(C,AnnotationsProcessor<C, R>):R	12cb2e5828a3b9d0d03e	413	977	1401	346
METHOD_EXIT	org.springframework.core.annotation.TypeMappedAnnotations#scan(C,AnnotationsProcessor<C, R>):R	48502c8b03e7b43f688e	455	1054	1520	327
METHOD_ENTRY	org.springframework.core.annotation.TypeMappedAnnotations#from(AnnotatedElement,SearchStrategy,Predicate<Class<?>>,RepeatableContainers,AnnotationFilter):MergedAnnotations	de74ced64ecf662a298b	413	995	1419	298
METHOD_EXIT	org.springframework.core.annotation.TypeMappedAnnotations#from(AnnotatedElement,SearchStrategy,Predicate<Class<?>>,RepeatableContainers,AnnotationFilter):MergedAnnotations	74851f8edeb1e0d3a869	455	1074	1540	282
METHOD_ENTRY	org.springframework.core.annotation.TypeMappedAnnotations#from(Object,Annotation[],RepeatableContainers,AnnotationFilter):MergedAnnotations	1e1deeb33fc288352856	413	948	1372	239
METHOD_ENTRY	org.springframework.core.annotation.TypeMappedAnnotations#stream():Stream<MergedAnnotation<Annotation>>	f22f6fad0debed8dc38e	413	902	1326	261
METHOD_EXIT	org.springframework.core.annotation.TypeMappedAnnotations#from(Object,Annotation[],RepeatableContainers,AnnotationFilter):MergedAnnotations	d764d26afba4c95fcba7	455	1027	1493	283
METHOD_EXIT	org.springframework.core.annotation.TypeMappedAnnotations#getAggregates():List<Aggregate>	89179aa0be0a3865b087	455	1016	1482	272
METHOD_ENTRY	org.springframework.core.annotation.TypeMappedAnnotations#isMappingForType(AnnotationTypeMapping,AnnotationFilter,Object):boolean	7200422413d2bcee354d	413	953	1377	296
METHOD_EXIT	org.springframework.core.annotation.TypeMappedAnnotations#isMappingForType(AnnotationTypeMapping,AnnotationFilter,Object):boolean	48615c08e71ee3579aea	455	1030	1496	320
METHOD_ENTRY	org.springframework.core.annotation.TypeMappedAnnotations#doWithAnnotations(Object,int,Object,Annotation[]):Boolean	e04446e9d0fd367db7ea	413	1139	1563	232
METHOD_ENTRY	org.springframework.core.annotation.TypeMappedAnnotations#get(RepeatableContainers,AnnotationFilter,boolean):IsPresent	603f6b9b41a1f2bab3b0	413	1009	1433	330
METHOD_EXIT	org.springframework.core.annotation.TypeMappedAnnotations#doWithAnnotations(Object,int,Object,Annotation[]):Boolean	a3e9b8316be33f1585e8	455	1216	1682	298
METHOD_ENTRY	org.springframework.core.annotation.TypeMappedAnnotations#doWithAggregate(Object,int):MergedAnnotation<A>	d3c3dc31fdf4070cd25b	413	894	1318	240
METHOD_EXIT	org.springframework.core.annotation.TypeMappedAnnotations#doWithAnnotations(Object,int,Object,Annotation[]):MergedAnnotation<A>	11039b28c5048e263d03	455	1061	1527	296
METHOD_ENTRY	org.springframework.core.annotation.TypeMappedAnnotations#process(Object,int,Object,Annotation):MergedAnnotation<A>	c98ba0a178b8b2fe1916	413	1132	1556	241
METHOD_EXIT	org.springframework.core.annotation.TypeMappedAnnotations#process(Object,int,Object,Annotation):MergedAnnotation<A>	1c7537e3bd86a87ac470	455	1212	1678	319
METHOD_ENTRY	org.springframework.core.annotation.TypeMappedAnnotations#updateLastResult(MergedAnnotation<A>):void	ba1026d9003cdf8f41ec	413	910	1334	253
METHOD_ENTRY	org.springframework.core.annotation.TypeMappedAnnotations#doWithAnnotations(Object,int,Object,Annotation[]):MergedAnnotation<A>	090daf5a7d344c9660ec	413	981	1405	259
METHOD_EXIT	org.springframework.core.annotation.TypeMappedAnnotations#get(RepeatableContainers,AnnotationFilter,boolean):IsPresent	eb4fe9b0adcc7fcf16fa	455	1087	1553	349
METHOD_ENTRY	org.springframework.core.annotation.TypeMappedAnnotations#finish(MergedAnnotation<A>):MergedAnnotation<A>	78d0d5af0623215fac01	413	960	1384	124
METHOD_EXIT	org.springframework.core.annotation.TypeMappedAnnotations#doWithAggregate(Object,int):MergedAnnotation<A>	9efa3e8fac88bbb0cfc1	455	974	1440	277
METHOD_EXIT	org.springframework.core.annotation.TypeMappedAnnotations#finish(MergedAnnotation<A>):MergedAnnotation<A>	89fe12acd6e49d98b039	455	971	1437	279
METHOD_ENTRY	org.springframework.core.annotation.TypeMappedAnnotations#doWithAnnotations(Object,int,Object,Annotation[]):List<Aggregate>	ea44ced7d8b0d3ba81c7	413	934	1358	270
METHOD_EXIT	org.springframework.core.annotation.TypeMappedAnnotations#doWithAnnotations(Object,int,Object,Annotation[]):List<Aggregate>	6da22f834a542221fdcb	455	1013	1479	259
METHOD_EXIT	org.springframework.core.annotation.TypeMappedAnnotations#updateLastResult(MergedAnnotation<A>):void	168f4ea03477b587d62e	455	921	1387	372
METHOD_ENTRY	org.springframework.core.annotation.TypeMappedAnnotations#createAggregate(int,Object,Annotation[]):Aggregate	79ec887e4e247d579b26	413	917	1341	242
METHOD_ENTRY	org.springframework.core.annotation.TypeMappedAnnotations#getAggregateAnnotations(Annotation[]):List<Annotation>	23358083b57df958b99d	413	902	1326	298
METHOD_ENTRY	org.springframework.core.annotation.TypeMappedAnnotations#addAggregateAnnotations(List<Annotation>,Annotation[]):void	013b746a5848d90a242e	413	970	1394	209
METHOD_ENTRY	org.springframework.core.annotation.TypeMappedAnnotations#finish(List<Aggregate>):List<Aggregate>	544ff0840d81eb857fac	413	890	1314	303
METHOD_EXIT	org.springframework.core.annotation.TypeMappedAnnotations#addAggregateAnnotations(List<Annotation>,Annotation[]):void	e27bfba78e01592f0e9d	455	981	1447	283
METHOD_EXIT	org.springframework.core.annotation.TypeMappedAnnotations#getAggregateAnnotations(Annotation[]):List<Annotation>	2eb7a6c4df4621665006	455	981	1447	294
METHOD_ENTRY	org.springframework.core.annotation.TypeMappedAnnotations#size():int	8caf63f442f79937ce63	413	863	1287	326
METHOD_EXIT	org.springframework.core.annotation.TypeMappedAnnotations#size():int	1053f8c360b17e8da95d	455	937	1403	294
METHOD_EXIT	org.springframework.core.annotation.TypeMappedAnnotations#createAggregate(int,Object,Annotation[]):Aggregate	5fecae0e3b111d7c400b	455	994	1460	282
METHOD_EXIT	org.springframework.core.annotation.TypeMappedAnnotations#getMapping(int,int):AnnotationTypeMapping	f92b86b747d47e374f4f	455	991	1457	286
METHOD_ENTRY	org.springframework.core.annotation.TypeMappedAnnotations#getMapping(int,int):AnnotationTypeMapping	f16b6a689e37038d0a5f	413	912	1336	257
METHOD_ENTRY	org.springframework.core.annotation.TypeMappedAnnotations#getMappings(int):AnnotationTypeMappings	020e8c2b2a4a004bb019	413	878	1302	97
METHOD_EXIT	org.springframework.core.annotation.TypeMappedAnnotations#getMappings(int):AnnotationTypeMappings	5089079fc2de827f5d19	455	957	1423	171
METHOD_ENTRY	org.springframework.core.annotation.TypeMappedAnnotations#createMergedAnnotationIfPossible(int,int,IntrospectionFailureLogger):MergedAnnotation<A>	6e7b129dbb39f87387ea	413	953	1377	160
METHOD_EXIT	org.springframework.core.annotation.TypeMappedAnnotations#createMergedAnnotationIfPossible(int,int,IntrospectionFailureLogger):MergedAnnotation<A>	94ba092411f9de8f0386	455	1033	1499	306
METHOD_EXIT	org.springframework.core.annotation.TypeMappedAnnotations#tryAdvance(Aggregate,Consumer<? super MergedAnnotation<A>>):boolean	d25579d7414b42202b8c	455	1217	1683	331
METHOD_ENTRY	org.springframework.core.annotation.TypeMappedAnnotations#tryAdvance(Aggregate,Consumer<? super MergedAnnotation<A>>):boolean	667dcc157b7cb8ba86ea	413	1140	1564	253
METHOD_EXIT	org.springframework.core.annotation.TypeMappedAnnotations#tryAdvance(Consumer<? super MergedAnnotation<A>>):boolean	11a54780f61bdc4f8710	455	1033	1499	220
METHOD_ENTRY	org.springframework.core.annotation.TypeMappedAnnotations#getNextSuitableMapping(Aggregate,int):AnnotationTypeMapping	cd57503c990510746009	413	987	1411	241
METHOD_EXIT	org.springframework.core.annotation.TypeMappedAnnotations#getNextSuitableMapping(Aggregate,int):AnnotationTypeMapping	60c3b2c5ed8d64272c60	455	1066	1532	382
METHOD_ENTRY	org.springframework.core.annotation.TypeMappedAnnotations#trySplit():Spliterator<MergedAnnotation<A>>	7fd299e65b3fa18b0848	413	881	1305	69
METHOD_EXIT	org.springframework.core.annotation.TypeMappedAnnotations#finish(List<Aggregate>):List<Aggregate>	a0c806a33398526f314c	455	969	1435	230
METHOD_EXIT	org.springframework.core.annotation.TypeMappedAnnotations#trySplit():Spliterator<MergedAnnotation<A>>	311ba3135b10a87e6d69	455	960	1426	51
METHOD_ENTRY	org.springframework.core.annotation.TypeMappedAnnotations#estimateSize():long	ef9dd729dfa9f0d49acc	413	1008	1432	263
METHOD_ENTRY	org.springframework.core.annotation.TypeMappedAnnotations#characteristics():int	202e4abf663ddad3c846	413	871	1295	258
METHOD_EXIT	org.springframework.core.annotation.IsPresent#doWithAnnotations(Object,int,Object,Annotation[]):Boolean	4a16335a6f6e2ba91dc3	455	732	1198	358
METHOD_EXIT	org.springframework.core.annotation.TypeMappedAnnotations#characteristics():int	b3563bb46f0093c319fb	455	945	1411	271
METHOD_ENTRY	org.springframework.core.annotation.IsPresent#doWithAnnotations(Object,int,Object,Annotation[]):Boolean	690445ea806afba7cee7	413	655	1079	247
METHOD_EXIT	org.springframework.core.annotation.TypeMappedAnnotations#estimateSize():long	b7c8945dacdd435e706b	455	1082	1548	300
METHOD_EXIT	org.springframework.core.annotation.IsPresent#get(RepeatableContainers,AnnotationFilter,boolean):IsPresent	b3c068adaeaf6fe1b569	455	603	1069	339
METHOD_ENTRY	org.springframework.core.annotation.TypeMappedAnnotations#tryAdvance(Consumer<? super MergedAnnotation<A>>):boolean	4ab62f35cd0bbe911f22	413	956	1380	163
METHOD_ENTRY	org.springframework.core.annotation.IsPresent#get(RepeatableContainers,AnnotationFilter,boolean):IsPresent	f892442ca3098bba9674	413	525	949	326
METHOD_EXIT	org.springframework.core.annotation.MergedAnnotationFinder#doWithAggregate(Object,int):MergedAnnotation<A>	b58e2aed45cb46b34d2e	455	492	958	123
METHOD_ENTRY	org.springframework.core.annotation.MergedAnnotationFinder#doWithAnnotations(Object,int,Object,Annotation[]):MergedAnnotation<A>	f47888a2be261067d201	413	499	923	267
METHOD_EXIT	org.springframework.core.annotation.MergedAnnotationFinder#process(Object,int,Object,Annotation):MergedAnnotation<A>	f37f5bebe71d4a891669	455	730	1196	332
METHOD_ENTRY	org.springframework.core.annotation.MergedAnnotationFinder#doWithAggregate(Object,int):MergedAnnotation<A>	4bf6384550a2285f861c	413	412	836	200
METHOD_ENTRY	org.springframework.core.annotation.MergedAnnotationFinder#process(Object,int,Object,Annotation):MergedAnnotation<A>	fe6f4393edb395bff64d	413	650	1074	206
METHOD_ENTRY	org.springframework.core.annotation.MergedAnnotationFinder#finish(MergedAnnotation<A>):MergedAnnotation<A>	22338f889a9bc9872ee7	413	478	902	284
METHOD_EXIT	org.springframework.core.annotation.MergedAnnotationFinder#finish(MergedAnnotation<A>):MergedAnnotation<A>	80dd367a97e17bca966e	455	489	955	353
METHOD_EXIT	org.springframework.core.annotation.MergedAnnotationFinder#doWithAnnotations(Object,int,Object,Annotation[]):MergedAnnotation<A>	ce0f16ca0a32964382ab	455	579	1045	324
METHOD_ENTRY	org.springframework.core.annotation.MergedAnnotationFinder#updateLastResult(MergedAnnotation<A>):void	5d2dfc4dec77163d92f9	413	428	852	253
METHOD_EXIT	org.springframework.core.annotation.MergedAnnotationFinder#updateLastResult(MergedAnnotation<A>):void	3c931764f43279974e57	455	439	905	279
METHOD_ENTRY	org.springframework.core.annotation.AggregatesCollector#doWithAnnotations(Object,int,Object,Annotation[]):List<Aggregate>	44b3d5ebe003de6863ff	413	451	875	295
METHOD_EXIT	org.springframework.core.annotation.AggregatesCollector#createAggregate(int,Object,Annotation[]):Aggregate	43285790e34da61c0ca6	455	511	977	213
METHOD_ENTRY	org.springframework.core.annotation.AggregatesCollector#getAggregateAnnotations(Annotation[]):List<Annotation>	7ae8690046ecb63e9229	413	419	843	149
METHOD_EXIT	org.springframework.core.annotation.AggregatesCollector#addAggregateAnnotations(List<Annotation>,Annotation[]):void	b89c31ebd8dce7ddc15c	455	498	964	254
METHOD_ENTRY	org.springframework.core.annotation.AggregatesCollector#finish(List<Aggregate>):List<Aggregate>	3a09d1f6290729955d21	413	407	831	174
METHOD_EXIT	org.springframework.core.annotation.AggregatesCollector#doWithAnnotations(Object,int,Object,Annotation[]):List<Aggregate>	3716069d6a076486d885	455	530	996	54
METHOD_EXIT	org.springframework.core.annotation.AggregatesCollector#getAggregateAnnotations(Annotation[]):List<Annotation>	86060c7da68fc6f8d5f6	455	498	964	269
METHOD_EXIT	org.springframework.core.annotation.AggregatesCollector#finish(List<Aggregate>):List<Aggregate>	1f913bb0cc9d17350fbf	455	486	952	164
METHOD_ENTRY	org.springframework.core.annotation.Aggregate#size():int	d9333268174682638427	413	379	803	86
METHOD_ENTRY	org.springframework.core.annotation.AggregatesCollector#addAggregateAnnotations(List<Annotation>,Annotation[]):void	cd498afdff1e4f34078e	413	487	911	299
METHOD_EXIT	org.springframework.core.annotation.Aggregate#size():int	839be0a86e64537b7bdd	455	453	919	87
METHOD_ENTRY	org.springframework.core.annotation.Aggregate#getMapping(int,int):AnnotationTypeMapping	30529129d58d3c48054c	413	428	852	192
METHOD_ENTRY	org.springframework.core.annotation.AggregatesCollector#createAggregate(int,Object,Annotation[]):Aggregate	d4f7700e7298406bc2d6	413	434	858	144
METHOD_ENTRY	org.springframework.core.annotation.Aggregate#getMappings(int):AnnotationTypeMappings	c1abf423f18c2efaef2c	413	394	818	113
METHOD_EXIT	org.springframework.core.annotation.Aggregate#getMapping(int,int):AnnotationTypeMapping	1783ed998b7f1b146bbf	455	507	973	262
METHOD_EXIT	org.springframework.core.annotation.Aggregate#getMappings(int):AnnotationTypeMappings	0ef3727e348adbc7181f	455	473	939	167
METHOD_ENTRY	org.springframework.core.annotation.Aggregate#createMergedAnnotationIfPossible(int,int,IntrospectionFailureLogger):MergedAnnotation<A>	ae94e6fdb3b07ded0eb4	413	469	893	272
METHOD_ENTRY	org.springframework.core.annotation.AggregatesSpliterator#tryAdvance(Consumer<? super MergedAnnotation<A>>):boolean	9740fb87053ceda9cf78	413	474	898	270
METHOD_EXIT	org.springframework.core.annotation.AggregatesSpliterator#tryAdvance(Consumer<? super MergedAnnotation<A>>):boolean	0a997bf19124c77775db	455	551	1017	235
METHOD_ENTRY	org.springframework.core.annotation.AggregatesSpliterator#getNextSuitableMapping(Aggregate,int):AnnotationTypeMapping	f275160cd5f3a9075f01	413	505	929	138
METHOD_EXIT	org.springframework.core.annotation.AggregatesSpliterator#getNextSuitableMapping(Aggregate,int):AnnotationTypeMapping	33ef769b6610f300ee3c	455	584	1050	395
METHOD_EXIT	org.springframework.core.annotation.AggregatesSpliterator#tryAdvance(Aggregate,Consumer<? super MergedAnnotation<A>>):boolean	56d785ea3bf7b331aa0f	455	735	1201	368
METHOD_ENTRY	org.springframework.core.annotation.AggregatesSpliterator#trySplit():Spliterator<MergedAnnotation<A>>	43a60a16e6b1f12caf1b	413	399	823	5
METHOD_EXIT	org.springframework.core.annotation.AggregatesSpliterator#trySplit():Spliterator<MergedAnnotation<A>>	637619fd821722388ba5	455	478	944	55
METHOD_ENTRY	org.springframework.core.annotation.AggregatesSpliterator#estimateSize():long	f26250ce11b090cd50ae	413	526	950	339
METHOD_ENTRY	org.springframework.core.annotation.AbstractMergedAnnotation#isDirectlyPresent():boolean	01c7919e85cab203c8c2	413	998	1422	262
METHOD_EXIT	org.springframework.core.annotation.AggregatesSpliterator#characteristics():int	44fbb11ea3831336ba8a	455	463	929	232
METHOD_ENTRY	org.springframework.core.annotation.AggregatesSpliterator#characteristics():int	3321e250583555322b93	413	389	813	121
METHOD_EXIT	org.springframework.core.annotation.AbstractMergedAnnotation#isDirectlyPresent():boolean	67fc6be8c4edee7fc79d	455	1072	1538	260
METHOD_EXIT	org.springframework.core.annotation.AggregatesSpliterator#estimateSize():long	f1b1dd7f61d10d6214ee	455	600	1066	170
METHOD_ENTRY	org.springframework.core.annotation.AbstractMergedAnnotation#isMetaPresent():boolean	3a8cdcfaaa4a5474f2c3	413	996	1420	327
METHOD_EXIT	org.springframework.core.annotation.AbstractMergedAnnotation#isMetaPresent():boolean	000b533dd6f055bc1620	455	1070	1536	266
METHOD_ENTRY	org.springframework.core.annotation.AbstractMergedAnnotation#hasNonDefaultValue(String):boolean	777fee3f47e4a6276cbd	413	1001	1425	297
METHOD_ENTRY	org.springframework.core.annotation.AbstractMergedAnnotation#getByte(String):byte	b4c58f6bf987e72cbaba	413	999	1423	100
METHOD_EXIT	org.springframework.core.annotation.AbstractMergedAnnotation#hasNonDefaultValue(String):boolean	702e837990add081ce21	455	1078	1544	310
METHOD_EXIT	org.springframework.core.annotation.AbstractMergedAnnotation#getByte(String):byte	170b94c3c2dfe7cb1d86	455	1076	1542	157
METHOD_EXIT	org.springframework.core.annotation.Aggregate#createMergedAnnotationIfPossible(int,int,IntrospectionFailureLogger):MergedAnnotation<A>	60dae3e5d78c427f8212	455	549	1015	310
METHOD_ENTRY	org.springframework.core.annotation.AbstractMergedAnnotation#getByteArray(String):byte[]	b2fd49edd48457461088	413	1004	1428	296
METHOD_EXIT	org.springframework.core.annotation.AbstractMergedAnnotation#getByteArray(String):byte[]	f21b0cce576bab5c38a4	455	1081	1547	199
METHOD_ENTRY	org.springframework.core.annotation.AggregatesSpliterator#tryAdvance(Aggregate,Consumer<? super MergedAnnotation<A>>):boolean	e841355b582c5218d8ab	413	658	1082	292
METHOD_EXIT	org.springframework.core.annotation.AbstractMergedAnnotation#getBoolean(String):boolean	0b3908422d57feb595aa	455	1076	1542	231
METHOD_ENTRY	org.springframework.core.annotation.AbstractMergedAnnotation#getBooleanArray(String):boolean[]	60a2573f07f7b1006636	413	1004	1428	240
METHOD_ENTRY	org.springframework.core.annotation.AbstractMergedAnnotation#getChar(String):char	1daa57cdd4cf2855273d	413	999	1423	181
METHOD_ENTRY	org.springframework.core.annotation.AbstractMergedAnnotation#getBoolean(String):boolean	f2d4637a4e5e9b154181	413	999	1423	6991
METHOD_EXIT	org.springframework.core.annotation.AbstractMergedAnnotation#getChar(String):char	fb8a3e4da77733df1252	455	1076	1542	311
METHOD_ENTRY	org.springframework.core.annotation.AbstractMergedAnnotation#getCharArray(String):char[]	196ca0e344348ab8d136	413	1004	1428	174
METHOD_ENTRY	org.springframework.core.annotation.AbstractMergedAnnotation#getShort(String):short	bb27ff1e4b5286e69000	413	999	1423	209
METHOD_EXIT	org.springframework.core.annotation.AbstractMergedAnnotation#getShort(String):short	3c67d9fc4ccda27ca132	455	1076	1542	155
METHOD_ENTRY	org.springframework.core.annotation.AbstractMergedAnnotation#getShortArray(String):short[]	bc3c1cd879d0955e9917	413	1004	1428	158
METHOD_EXIT	org.springframework.core.annotation.AbstractMergedAnnotation#getShortArray(String):short[]	9de236ac6e24a29f0cfe	455	1081	1547	211
METHOD_ENTRY	org.springframework.core.annotation.AbstractMergedAnnotation#getInt(String):int	aa78c289fdec33353048	413	999	1423	277
METHOD_EXIT	org.springframework.core.annotation.AbstractMergedAnnotation#getInt(String):int	28803d6056b3b64a71c1	455	1076	1542	219
METHOD_ENTRY	org.springframework.core.annotation.AbstractMergedAnnotation#getIntArray(String):int[]	580693cf087141e8e587	413	1004	1428	241
METHOD_EXIT	org.springframework.core.annotation.AbstractMergedAnnotation#getIntArray(String):int[]	6f0070b738a7e2a8c23b	455	1081	1547	247
METHOD_ENTRY	org.springframework.core.annotation.AbstractMergedAnnotation#getLong(String):long	3c1c94f78fb9de12aa52	413	999	1423	238
METHOD_ENTRY	org.springframework.core.annotation.AbstractMergedAnnotation#getLongArray(String):long[]	9a175f4bb564ea6a7c81	413	1004	1428	87
METHOD_EXIT	org.springframework.core.annotation.AbstractMergedAnnotation#getLong(String):long	bba41b1fee9280362542	455	1076	1542	200
METHOD_EXIT	org.springframework.core.annotation.AbstractMergedAnnotation#getLongArray(String):long[]	317037911f5f1cbe27e3	455	1081	1547	292
METHOD_EXIT	org.springframework.core.annotation.AbstractMergedAnnotation#getCharArray(String):char[]	2566520ba00d427003f2	455	1081	1547	296
METHOD_ENTRY	org.springframework.core.annotation.AbstractMergedAnnotation#getDouble(String):double	f33f3d7a715ca504b965	413	999	1423	159
METHOD_EXIT	org.springframework.core.annotation.AbstractMergedAnnotation#getDouble(String):double	32aac890f0bb9c27d3bc	455	1076	1542	283
METHOD_EXIT	org.springframework.core.annotation.AbstractMergedAnnotation#getDoubleArray(String):double[]	f1ba4aba9f07890b2e3f	455	1081	1547	256
METHOD_EXIT	org.springframework.core.annotation.AbstractMergedAnnotation#getBooleanArray(String):boolean[]	6a3625841451f91579dc	455	1081	1547	208
METHOD_ENTRY	org.springframework.core.annotation.AbstractMergedAnnotation#getDoubleArray(String):double[]	42dd2fe5e0aff99abd09	413	1004	1428	199
METHOD_ENTRY	org.springframework.core.annotation.AbstractMergedAnnotation#getFloat(String):float	76856d352f0f70d0ab9f	413	999	1423	300
METHOD_EXIT	org.springframework.core.annotation.AbstractMergedAnnotation#getFloat(String):float	3c8e03dfc5dfb22a73cf	455	1076	1542	218
METHOD_EXIT	org.springframework.core.annotation.AbstractMergedAnnotation#getFloatArray(String):float[]	f5c320e51f2c44f0d3ea	455	1081	1547	221
METHOD_ENTRY	org.springframework.core.annotation.AbstractMergedAnnotation#getString(String):String	f66eba225a620233c9ad	413	999	1423	278
METHOD_EXIT	org.springframework.core.annotation.AbstractMergedAnnotation#getString(String):String	8546fd54441aa26cbf0e	455	1076	1542	305
METHOD_EXIT	org.springframework.core.annotation.AbstractMergedAnnotation#getStringArray(String):String[]	8b9c4d95fcdc34a256aa	455	1081	1547	245
METHOD_ENTRY	org.springframework.core.annotation.AbstractMergedAnnotation#getClass(String):Class<?>	d4e2181a705ef2119810	413	1001	1425	282
METHOD_ENTRY	org.springframework.core.annotation.AbstractMergedAnnotation#getClassArray(String):Class<?>[]	933aad2a8ad830e805de	413	1006	1430	215
METHOD_EXIT	org.springframework.core.annotation.AbstractMergedAnnotation#getClass(String):Class<?>	05d6f93defdce09c4976	455	1079	1545	276
METHOD_EXIT	org.springframework.core.annotation.AbstractMergedAnnotation#getClassArray(String):Class<?>[]	5c32f53c09395e95f20d	455	1084	1550	239
METHOD_ENTRY	org.springframework.core.annotation.AbstractMergedAnnotation#getEnum(String,Class<E>):E	c6675033fee3d0937a06	413	1031	1455	248
METHOD_EXIT	org.springframework.core.annotation.AbstractMergedAnnotation#getEnum(String,Class<E>):E	9111f35fb1a3eab315dd	455	1108	1574	328
METHOD_ENTRY	org.springframework.core.annotation.AbstractMergedAnnotation#getEnumArray(String,Class<E>):E[]	c21f68cbe96b23eb0dce	413	1046	1470	256
METHOD_EXIT	org.springframework.core.annotation.AbstractMergedAnnotation#getEnumArray(String,Class<E>):E[]	c3bed58d0135a5348915	455	1123	1589	291
METHOD_EXIT	org.springframework.core.annotation.AbstractMergedAnnotation#getValue(String):Optional<Object>	a8d5050766f007f1bf54	455	1079	1545	264
METHOD_ENTRY	org.springframework.core.annotation.AbstractMergedAnnotation#getValue(String):Optional<Object>	921f7c6ff006ca657d8c	413	1001	1425	137
METHOD_ENTRY	org.springframework.core.annotation.AbstractMergedAnnotation#getValue(String,Class<T>):Optional<T>	75e299238b586facbd01	413	1021	1445	237
METHOD_EXIT	org.springframework.core.annotation.AbstractMergedAnnotation#getValue(String,Class<T>):Optional<T>	dbcbfc78c12a22442dbc	455	1099	1565	246
METHOD_ENTRY	org.springframework.core.annotation.AbstractMergedAnnotation#getFloatArray(String):float[]	d719e08570e89e61df67	413	1004	1428	224
METHOD_EXIT	org.springframework.core.annotation.AbstractMergedAnnotation#getDefaultValue(String):Optional<Object>	e43bc35f961a9a6cc50c	455	1082	1548	279
METHOD_ENTRY	org.springframework.core.annotation.AbstractMergedAnnotation#getDefaultValue(String):Optional<Object>	bcdf0601b7d6108049f0	413	1004	1428	299
METHOD_ENTRY	org.springframework.core.annotation.AbstractMergedAnnotation#filterDefaultValues():MergedAnnotation<A>	9936e71bb23bb24dd139	413	1001	1425	253
METHOD_EXIT	org.springframework.core.annotation.AbstractMergedAnnotation#filterDefaultValues():MergedAnnotation<A>	748e9ddfceb42dd87313	455	1078	1544	288
METHOD_ENTRY	org.springframework.core.annotation.AbstractMergedAnnotation#asAnnotationAttributes(Adapt):AnnotationAttributes	18c5f042c61a1459146a	413	1012	1436	257
METHOD_EXIT	org.springframework.core.annotation.AbstractMergedAnnotation#asAnnotationAttributes(Adapt):AnnotationAttributes	510bc2dde8df0255bd40	455	1090	1556	236
METHOD_ENTRY	org.springframework.core.annotation.AnnotationsProcessor#doWithAggregate(C,int):R	dde0e4bc9d74b25eb453	413	705	1129	109
METHOD_EXIT	org.springframework.core.annotation.AbstractMergedAnnotation#synthesize(Predicate<? super MergedAnnotation<A>>):Optional<A>	07a1caa2624e7455aab0	455	1113	1579	347
METHOD_EXIT	org.springframework.core.annotation.AbstractMergedAnnotation#synthesize():A	1775e37655e8325b3599	455	1126	1592	274
METHOD_ENTRY	org.springframework.core.annotation.AbstractMergedAnnotation#synthesize():A	9d6fbf33ef3955cae4f4	413	1052	1476	245
METHOD_EXIT	org.springframework.core.annotation.AnnotationsProcessor#doWithAggregate(C,int):R	9c9ca364b67c4ce9b445	455	782	1248	160
METHOD_ENTRY	org.springframework.core.annotation.AbstractMergedAnnotation#getStringArray(String):String[]	53e47d54973a4862e3dc	413	1004	1428	222
METHOD_ENTRY	org.springframework.core.annotation.AnnotationsProcessor#finish(R):R	d13d0d0644e48082a1ae	413	754	1178	68
METHOD_ENTRY	org.springframework.core.annotation.AbstractMergedAnnotation#getRequiredAttributeValue(String,Class<T>):T	95b88d509d006cabcec1	413	1066	1490	234
METHOD_EXIT	org.springframework.core.annotation.AbstractMergedAnnotation#getRequiredAttributeValue(String,Class<T>):T	5909a47e65639f76433b	455	1143	1609	293
METHOD_EXIT	org.springframework.core.annotation.AnnotationsProcessor#finish(R):R	e0ad647bbe6d980cf6f8	455	765	1231	235
METHOD_EXIT	org.springframework.core.annotation.AnnotatedElementUtils#forAnnotations(Annotation):AnnotatedElement	7a7b562b170b01af42a9	455	7400	7866	213
METHOD_EXIT	org.springframework.core.annotation.AnnotatedElementUtils#getMetaAnnotationTypes(AnnotatedElement,Class<? extends Annotation>):Set<String>	2cf9329fad289a3a1583	455	7433	7899	303
METHOD_EXIT	org.springframework.core.annotation.AnnotatedElementUtils#getMetaAnnotationTypes(AnnotatedElement,String):Set<String>	a3a0c30627632f6dec03	455	7455	7921	321
METHOD_ENTRY	org.springframework.core.annotation.AnnotatedElementUtils#getMetaAnnotationTypes(AnnotatedElement,Annotation):Set<String>	31d3b728916a4b25752a	413	7385	7809	259
METHOD_ENTRY	org.springframework.core.annotation.AnnotatedElementUtils#getMetaAnnotationTypes(AnnotatedElement,String):Set<String>	3857b96ee34c09ff7ffe	413	7377	7801	245
METHOD_ENTRY	org.springframework.core.annotation.AbstractMergedAnnotation#synthesize(Predicate<? super MergedAnnotation<A>>):Optional<A>	5a280422d28989401656	413	1035	1459	198
METHOD_ENTRY	org.springframework.core.annotation.AnnotatedElementUtils#forAnnotations(Annotation):AnnotatedElement	fa998b37b885203102a0	413	7321	7745	163
METHOD_EXIT	org.springframework.core.annotation.AnnotatedElementUtils#getMetaAnnotationTypes(AnnotatedElement,Annotation):Set<String>	cf27322978ddf9c61df9	455	7463	7929	295
METHOD_EXIT	org.springframework.core.annotation.AnnotatedElementUtils#hasMetaAnnotationTypes(AnnotatedElement,Class<? extends Annotation>):boolean	39a6ff24bcf979831e70	455	7434	7900	317
METHOD_ENTRY	org.springframework.core.annotation.AnnotatedElementUtils#hasMetaAnnotationTypes(AnnotatedElement,Class<? extends Annotation>):boolean	96b67d9f65a13d136668	413	7357	7781	266
METHOD_ENTRY	org.springframework.core.annotation.AnnotatedElementUtils#hasMetaAnnotationTypes(AnnotatedElement,String):boolean	7c3826624ac2333d5701	413	7346	7770	242
METHOD_EXIT	org.springframework.core.annotation.AnnotatedElementUtils#hasMetaAnnotationTypes(AnnotatedElement,String):boolean	4a555b40cdc64607fe7f	455	7423	7889	246
METHOD_ENTRY	org.springframework.core.annotation.AnnotatedElementUtils#isAnnotated(AnnotatedElement,Class<? extends Annotation>):boolean	94ce5dbe7e26f316d478	413	7405	7829	199
METHOD_ENTRY	org.springframework.core.annotation.AnnotatedElementUtils#isAnnotated(AnnotatedElement,String):boolean	dfa36b0df3c9a1b426e9	413	7333	7757	280
METHOD_EXIT	org.springframework.core.annotation.AnnotatedElementUtils#isAnnotated(AnnotatedElement,String):boolean	3782671dd0ed6c7692c1	455	7410	7876	393
METHOD_ENTRY	org.springframework.core.annotation.AnnotatedElementUtils#getMergedAnnotationAttributes(AnnotatedElement,Class<? extends Annotation>):AnnotationAttributes	ffa59929d2d23973f36f	413	7384	7808	299
METHOD_EXIT	org.springframework.core.annotation.AnnotatedElementUtils#getMergedAnnotationAttributes(AnnotatedElement,Class<? extends Annotation>):AnnotationAttributes	b9f686d23b2897f1d59e	455	7462	7928	281
METHOD_ENTRY	org.springframework.core.annotation.AnnotatedElementUtils#getMergedAnnotationAttributes(AnnotatedElement,String):AnnotationAttributes	9f7e7bb5c4a85f8e0bbc	413	7345	7769	327
METHOD_EXIT	org.springframework.core.annotation.AnnotatedElementUtils#getMergedAnnotationAttributes(AnnotatedElement,String):AnnotationAttributes	63d3f7d34dfc8f3d83a4	455	7423	7889	279
METHOD_ENTRY	org.springframework.core.annotation.AnnotatedElementUtils#getMetaAnnotationTypes(AnnotatedElement,Class<? extends Annotation>):Set<String>	0b3c33f0b36740eb5c38	413	7355	7779	262
METHOD_ENTRY	org.springframework.core.annotation.AnnotatedElementUtils#getMergedAnnotationAttributes(AnnotatedElement,String,boolean,boolean):AnnotationAttributes	eee24b9511c2cff8d029	413	7410	7834	218
METHOD_EXIT	org.springframework.core.annotation.AnnotatedElementUtils#getMergedAnnotationAttributes(AnnotatedElement,String,boolean,boolean):AnnotationAttributes	9c1dd302dc53a878729d	455	7488	7954	345
METHOD_EXIT	org.springframework.core.annotation.AnnotatedElementUtils#getMergedAnnotation(AnnotatedElement,Class<A>):A	e4c0de9452e762ca7ad8	455	7511	7977	356
METHOD_ENTRY	org.springframework.core.annotation.AnnotatedElementUtils#getMergedAnnotation(AnnotatedElement,Class<A>):A	19aaf2ca95c4485513e5	413	7434	7858	272
METHOD_ENTRY	org.springframework.core.annotation.AnnotatedElementUtils#getAllMergedAnnotations(AnnotatedElement,Class<A>):Set<A>	2fdf3e4e0707ba1a2eca	413	7362	7786	237
METHOD_EXIT	org.springframework.core.annotation.AnnotatedElementUtils#getAllMergedAnnotations(AnnotatedElement,Class<A>):Set<A>	3b67832495394f351dba	455	7440	7906	288
METHOD_ENTRY	org.springframework.core.annotation.AnnotatedElementUtils#getMergedRepeatableAnnotations(AnnotatedElement,Class<A>):Set<A>	2916d635ba3210aab0c4	413	7357	7781	220
METHOD_ENTRY	org.springframework.core.annotation.AnnotatedElementUtils#getMergedRepeatableAnnotations(AnnotatedElement,Class<A>,Class<? extends Annotation>):Set<A>	68251bc8d07f56bacb39	413	7400	7824	272
METHOD_EXIT	org.springframework.core.annotation.AnnotatedElementUtils#getAllMergedAnnotations(AnnotatedElement,Set<Class<? extends Annotation>>):Set<Annotation>	68de84f9ab4df5e40f60	455	7458	7924	283
METHOD_EXIT	org.springframework.core.annotation.AnnotatedElementUtils#getMergedRepeatableAnnotations(AnnotatedElement,Class<A>):Set<A>	0ed6562fca844f090789	455	7435	7901	266
METHOD_EXIT	org.springframework.core.annotation.AnnotatedElementUtils#isAnnotated(AnnotatedElement,Class<? extends Annotation>):boolean	d46a2b3be5c17e6d561a	455	7482	7948	330
METHOD_EXIT	org.springframework.core.annotation.AnnotatedElementUtils#getMergedRepeatableAnnotations(AnnotatedElement,Class<A>,Class<? extends Annotation>):Set<A>	75fef810fdbb15598db4	455	7478	7944	215
METHOD_ENTRY	org.springframework.core.annotation.AnnotatedElementUtils#getAllAnnotationAttributes(AnnotatedElement,String):MultiValueMap<String, @Nullable Object>	ee30fe056d0943b75393	413	7360	7784	244
METHOD_EXIT	org.springframework.core.annotation.AnnotatedElementUtils#getAllAnnotationAttributes(AnnotatedElement,String):MultiValueMap<String, @Nullable Object>	b414f0c2b87b1820586c	455	7444	7910	308
METHOD_ENTRY	org.springframework.core.annotation.AnnotatedElementUtils#getAllAnnotationAttributes(AnnotatedElement,String,boolean,boolean):MultiValueMap<String, @Nullable Object>	43b0e876ee6dc6cd45b2	413	7457	7881	329
METHOD_EXIT	org.springframework.core.annotation.AnnotatedElementUtils#getAllAnnotationAttributes(AnnotatedElement,String,boolean,boolean):MultiValueMap<String, @Nullable Object>	d54ae3816646c535af6c	455	7541	8007	348
METHOD_ENTRY	org.springframework.core.annotation.AnnotatedElementUtils#hasAnnotation(AnnotatedElement,Class<? extends Annotation>):boolean	aaf3303fd2d739934ebf	413	7405	7829	244
METHOD_ENTRY	org.springframework.core.annotation.AnnotatedElementUtils#findMergedAnnotationAttributes(AnnotatedElement,Class<? extends Annotation>,boolean,boolean):AnnotationAttributes	db30ed28dd189e1f1403	413	7422	7846	247
METHOD_EXIT	org.springframework.core.annotation.AnnotatedElementUtils#findMergedAnnotationAttributes(AnnotatedElement,Class<? extends Annotation>,boolean,boolean):AnnotationAttributes	ed2dbd9765ee8aab0514	455	7500	7966	253
METHOD_ENTRY	org.springframework.core.annotation.AnnotatedElementUtils#findMergedAnnotationAttributes(AnnotatedElement,String,boolean,boolean):AnnotationAttributes	22edb3c971544c8a3401	413	7411	7835	191
METHOD_EXIT	org.springframework.core.annotation.AnnotatedElementUtils#findMergedAnnotationAttributes(AnnotatedElement,String,boolean,boolean):AnnotationAttributes	82cff84b264d48f81aa9	455	7489	7955	297
METHOD_ENTRY	org.springframework.core.annotation.AnnotatedElementUtils#findMergedAnnotation(AnnotatedElement,Class<A>):A	1fce33f8efaecc25cdc3	413	7435	7859	244
METHOD_EXIT	org.springframework.core.annotation.AnnotatedElementUtils#findMergedAnnotation(AnnotatedElement,Class<A>):A	c2788964059866cb1528	455	7512	7978	282
METHOD_ENTRY	org.springframework.core.annotation.AnnotatedElementUtils#getAllMergedAnnotations(AnnotatedElement,Set<Class<? extends Annotation>>):Set<Annotation>	cbe14ea3cc65a93d4cba	413	7379	7803	257
METHOD_ENTRY	org.springframework.core.annotation.AnnotatedElementUtils#findAllMergedAnnotations(AnnotatedElement,Class<A>):Set<A>	15f5850d6139e2d8b0e8	413	7369	7793	253
METHOD_EXIT	org.springframework.core.annotation.AnnotatedElementUtils#findAllMergedAnnotations(AnnotatedElement,Class<A>):Set<A>	07ebde7485462dba39f9	455	7447	7913	289
METHOD_ENTRY	org.springframework.core.annotation.AnnotatedElementUtils#findAllMergedAnnotations(AnnotatedElement,Set<Class<? extends Annotation>>):Set<Annotation>	a88faba7599e498a3143	413	7387	7811	336
METHOD_EXIT	org.springframework.core.annotation.AnnotatedElementUtils#findAllMergedAnnotations(AnnotatedElement,Set<Class<? extends Annotation>>):Set<Annotation>	24a9ba7eb78cf3deac10	455	7466	7932	350
METHOD_ENTRY	org.springframework.core.annotation.AnnotatedElementUtils#findMergedRepeatableAnnotations(AnnotatedElement,Class<A>):Set<A>	0a835de3832bff941748	413	7357	7781	239
METHOD_EXIT	org.springframework.core.annotation.AnnotatedElementUtils#findMergedRepeatableAnnotations(AnnotatedElement,Class<A>):Set<A>	5a7ba5b4645f12b381fc	455	7435	7901	256
METHOD_EXIT	org.springframework.core.annotation.AnnotatedElementUtils#hasAnnotation(AnnotatedElement,Class<? extends Annotation>):boolean	a8ff9e49725918b08c33	455	7482	7948	332
METHOD_EXIT	org.springframework.core.annotation.AnnotatedElementUtils#findMergedRepeatableAnnotations(AnnotatedElement,Class<A>,Class<? extends Annotation>):Set<A>	c3823694b5dc15f72723	455	7484	7950	209
METHOD_EXIT	org.springframework.core.annotation.AnnotatedElementUtils#getAnnotations(AnnotatedElement):MergedAnnotations	1144c38c5ebc1510d31d	455	7414	7880	266
METHOD_ENTRY	org.springframework.core.annotation.AnnotatedElementUtils#getRepeatableAnnotations(AnnotatedElement,Class<? extends Annotation>,Class<? extends Annotation>):MergedAnnotations	143e4b777af32a86f424	413	7580	8004	202
METHOD_EXIT	org.springframework.core.annotation.AnnotatedElementUtils#getRepeatableAnnotations(AnnotatedElement,Class<? extends Annotation>,Class<? extends Annotation>):MergedAnnotations	8633c710e19afa9d3090	455	7659	8125	279
METHOD_ENTRY	org.springframework.core.annotation.AnnotatedElementUtils#findAnnotations(AnnotatedElement):MergedAnnotations	59c48aa941f344cd8da4	413	7335	7759	222
METHOD_ENTRY	org.springframework.core.annotation.AnnotatedElementUtils#getAnnotations(AnnotatedElement):MergedAnnotations	04a03c61c35ba5563091	413	7335	7759	333
METHOD_EXIT	org.springframework.core.annotation.AnnotatedElementUtils#nullIfEmpty(MultiValueMap<String, @Nullable Object>):MultiValueMap<String, @Nullable Object>	0c01aeab3234ffa39a36	455	7445	7911	252
METHOD_ENTRY	org.springframework.core.annotation.AnnotatedElementUtils#highAggregateIndexesFirst():Comparator<MergedAnnotation<A>>	c3452ae1050edbd300f5	413	7340	7764	5
METHOD_ENTRY	org.springframework.core.annotation.AnnotatedElementUtils#nullIfEmpty(MultiValueMap<String, @Nullable Object>):MultiValueMap<String, @Nullable Object>	9acbc1835cedbad7adcd	413	7361	7785	220
METHOD_EXIT	org.springframework.core.annotation.AnnotatedElementUtils#findRepeatableAnnotations(AnnotatedElement,Class<? extends Annotation>,Class<? extends Annotation>):MergedAnnotations	6847d77e383e64371340	455	7659	8125	223
METHOD_ENTRY	org.springframework.core.annotation.AnnotatedElementUtils#findRepeatableAnnotations(AnnotatedElement,Class<? extends Annotation>,Class<? extends Annotation>):MergedAnnotations	c8e1da87f91c375bbc3f	413	7580	8004	262
METHOD_EXIT	org.springframework.core.annotation.AnnotatedElementUtils#highAggregateIndexesFirst():Comparator<MergedAnnotation<A>>	6b9201512b3a12376bee	455	7418	7884	312
METHOD_ENTRY	org.springframework.core.annotation.AnnotatedElementUtils#findMergedRepeatableAnnotations(AnnotatedElement,Class<A>,Class<? extends Annotation>):Set<A>	afd116900b439d33fc4c	413	7406	7830	181
METHOD_ENTRY	org.springframework.core.annotation.AnnotatedElementUtils#getAnnotationAttributes(MergedAnnotation<?>,boolean,boolean):AnnotationAttributes	52d6878ecf8686188d44	413	7386	7810	302
METHOD_EXIT	org.springframework.core.annotation.AnnotatedElementUtils#getAnnotationAttributes(MergedAnnotation<?>,boolean,boolean):AnnotationAttributes	2c4be54297623ebd3c1d	455	7464	7930	289
METHOD_EXIT	org.springframework.core.annotation.AnnotatedElementUtils#findAnnotations(AnnotatedElement):MergedAnnotations	7160fd98614167c7473f	455	7414	7880	278
METHOD_EXIT	org.springframework.core.annotation.MergedAnnotationsCollection#iterator():Iterator<MergedAnnotation<Annotation>>	bdfde14360903f2f8873	455	894	1360	206
METHOD_ENTRY	org.springframework.core.annotation.MergedAnnotationsCollection#iterator():Iterator<MergedAnnotation<Annotation>>	d2da40b7c39c7c995acc	413	815	1239	355
METHOD_ENTRY	org.springframework.core.annotation.MergedAnnotationsCollection#spliterator():Spliterator<MergedAnnotation<Annotation>>	af6d949a2bb355ee068a	413	815	1239	225
METHOD_EXIT	org.springframework.core.annotation.MergedAnnotationsCollection#spliterator():Spliterator<MergedAnnotation<Annotation>>	e31b04c59161d769a7bf	455	895	1361	301
METHOD_EXIT	org.springframework.core.annotation.MergedAnnotationsCollection#spliterator(Object):Spliterator<MergedAnnotation<A>>	687ade89323216e5606d	455	912	1378	287
METHOD_ENTRY	org.springframework.core.annotation.MergedAnnotationsCollection#isPresent(Class<A>):boolean	b268206a7555c77e3dc3	413	820	1244	223
METHOD_EXIT	org.springframework.core.annotation.MergedAnnotationsCollection#isPresent(Class<A>):boolean	5b26b0368a676267a986	455	897	1363	280
METHOD_ENTRY	org.springframework.core.annotation.MergedAnnotationsCollection#isPresent(String):boolean	06c1809e9b5c46d5ecfa	413	811	1235	212
METHOD_ENTRY	org.springframework.core.annotation.MergedAnnotationsCollection#spliterator(Object):Spliterator<MergedAnnotation<A>>	78cf7dc75b6bb0b304f6	413	830	1254	150
METHOD_ENTRY	org.springframework.core.annotation.MergedAnnotationsCollection#isDirectlyPresent(Class<A>):boolean	997ebf1a23527a99e444	413	824	1248	261
METHOD_EXIT	org.springframework.core.annotation.MergedAnnotationsCollection#isDirectlyPresent(Class<A>):boolean	a801338cbc0981716d13	455	901	1367	175
METHOD_ENTRY	org.springframework.core.annotation.MergedAnnotationsCollection#isDirectlyPresent(String):boolean	8bb7614f9a86792d0fd0	413	815	1239	293
METHOD_EXIT	org.springframework.core.annotation.MergedAnnotationsCollection#isDirectlyPresent(String):boolean	e7e92506cfb3ec9523ac	455	892	1358	301
METHOD_ENTRY	org.springframework.core.annotation.MergedAnnotationsCollection#isPresent(Object,boolean):boolean	d7aba372b69cf002cb6e	413	944	1368	289
METHOD_EXIT	org.springframework.core.annotation.MergedAnnotationsCollection#isPresent(Object,boolean):boolean	0c9831308d8836f31f5b	455	1021	1487	282
METHOD_EXIT	org.springframework.core.annotation.MergedAnnotationsCollection#isPresent(String):boolean	55a9f339b4b8079c29c2	455	888	1354	293
METHOD_EXIT	org.springframework.core.annotation.MergedAnnotationsCollection#get(Class<A>):MergedAnnotation<A>	2b73b6893d7dc9f6618b	455	905	1371	242
METHOD_ENTRY	org.springframework.core.annotation.MergedAnnotationsCollection#get(Class<A>,Predicate<? super MergedAnnotation<A>>):MergedAnnotation<A>	4e52278978546bdedc8c	413	859	1283	244
METHOD_EXIT	org.springframework.core.annotation.MergedAnnotationsCollection#get(Class<A>,Predicate<? super MergedAnnotation<A>>):MergedAnnotation<A>	b7cac952da5bbafd2977	455	939	1405	248
METHOD_ENTRY	org.springframework.core.annotation.MergedAnnotationsCollection#get(Class<A>,Predicate<? super MergedAnnotation<A>>,MergedAnnotationSelector<A>):MergedAnnotation<A>	29e02331608d0462733e	413	905	1329	270
METHOD_EXIT	org.springframework.core.annotation.MergedAnnotationsCollection#get(Class<A>,Predicate<? super MergedAnnotation<A>>,MergedAnnotationSelector<A>):MergedAnnotation<A>	468cc97e29253bbf12c9	455	985	1451	264
METHOD_ENTRY	org.springframework.core.annotation.MergedAnnotationsCollection#get(String):MergedAnnotation<A>	b210a0a8b361a2edbaf6	413	821	1245	232
METHOD_ENTRY	org.springframework.core.annotation.MergedAnnotationsCollection#get(Class<A>):MergedAnnotation<A>	a930fb5417a9dae6dd92	413	825	1249	254
METHOD_EXIT	org.springframework.core.annotation.MergedAnnotationsCollection#get(String):MergedAnnotation<A>	438441491ab96aac7692	455	901	1367	309
METHOD_ENTRY	org.springframework.core.annotation.MergedAnnotationsCollection#get(String,Predicate<? super MergedAnnotation<A>>):MergedAnnotation<A>	58833c87a0b2f4d78820	413	855	1279	215
METHOD_ENTRY	org.springframework.core.annotation.MergedAnnotationsCollection#get(String,Predicate<? super MergedAnnotation<A>>,MergedAnnotationSelector<A>):MergedAnnotation<A>	25430928bc0d85350f0e	413	901	1325	250
METHOD_EXIT	org.springframework.core.annotation.MergedAnnotationsCollection#get(String,Predicate<? super MergedAnnotation<A>>):MergedAnnotation<A>	d75912a3a300fa6468f7	455	935	1401	321
METHOD_EXIT	org.springframework.core.annotation.MergedAnnotationsCollection#get(String,Predicate<? super MergedAnnotation<A>>,MergedAnnotationSelector<A>):MergedAnnotation<A>	a8e24c30d039368c3416	455	981	1447	329
METHOD_ENTRY	org.springframework.core.annotation.MergedAnnotationsCollection#find(Object,Predicate<? super MergedAnnotation<A>>,MergedAnnotationSelector<A>):MergedAnnotation<A>	799fbd26238ff53005a1	413	1114	1538	203
METHOD_EXIT	org.springframework.core.annotation.MergedAnnotationsCollection#find(Object,Predicate<? super MergedAnnotation<A>>,MergedAnnotationSelector<A>):MergedAnnotation<A>	63a1a7ea9c5d437985ad	455	1194	1660	328
METHOD_ENTRY	org.springframework.core.annotation.MergedAnnotationsCollection#stream(String):Stream<MergedAnnotation<A>>	4e3b2d0a96ecefb281cd	413	828	1252	298
METHOD_EXIT	org.springframework.core.annotation.MergedAnnotationsCollection#stream(String):Stream<MergedAnnotation<A>>	69035d6443385c339bf5	455	909	1375	309
METHOD_ENTRY	org.springframework.core.annotation.MergedAnnotationsCollection#stream():Stream<MergedAnnotation<Annotation>>	01dd803dfb34e9b20ee4	413	816	1240	192
METHOD_EXIT	org.springframework.core.annotation.MergedAnnotationsCollection#stream():Stream<MergedAnnotation<Annotation>>	eb4ac1bb7c4b145b03d3	455	895	1361	234
METHOD_ENTRY	org.springframework.core.annotation.MergedAnnotationsCollection#isMappingForType(AnnotationTypeMapping,Object):boolean	1367c07d206c32790086	413	872	1296	320
METHOD_EXIT	org.springframework.core.annotation.MergedAnnotationsCollection#isMappingForType(AnnotationTypeMapping,Object):boolean	6b61fdda5ba787f46408	455	949	1415	320
METHOD_ENTRY	org.springframework.core.annotation.MergedAnnotationsCollection#of(Collection<MergedAnnotation<?>>):MergedAnnotations	00c0f0bcd81f370a18aa	413	853	1277	213
METHOD_EXIT	org.springframework.core.annotation.MergedAnnotationsCollection#of(Collection<MergedAnnotation<?>>):MergedAnnotations	afe6f8ab4618eaead618	455	932	1398	301
METHOD_ENTRY	org.springframework.core.annotation.MergedAnnotationsCollection#stream(Class<A>):Stream<MergedAnnotation<A>>	1d10b3065dc1d153d7ea	413	832	1256	168
METHOD_ENTRY	org.springframework.core.annotation.MergedAnnotationsCollection#getNextSuitableMapping(int):AnnotationTypeMapping	8df273effe756dd55514	413	885	1309	157
METHOD_EXIT	org.springframework.core.annotation.MergedAnnotationsCollection#tryAdvance(Consumer<? super MergedAnnotation<A>>):boolean	6891a0c12c3626aa6a2c	455	1090	1556	273
METHOD_EXIT	org.springframework.core.annotation.MergedAnnotationsCollection#getNextSuitableMapping(int):AnnotationTypeMapping	214eb6bb9839a84ee4b3	455	964	1430	372
METHOD_ENTRY	org.springframework.core.annotation.MergedAnnotationsCollection#getMapping(int,int):AnnotationTypeMapping	1876dcb835efa4e51607	413	853	1277	331
METHOD_ENTRY	org.springframework.core.annotation.MergedAnnotationsCollection#tryAdvance(Consumer<? super MergedAnnotation<A>>):boolean	f5dadbc9fa5a12e936c9	413	1013	1437	137
METHOD_EXIT	org.springframework.core.annotation.MergedAnnotationsCollection#getMapping(int,int):AnnotationTypeMapping	fae2a7b4c6fb1faac979	455	932	1398	361
METHOD_EXIT	org.springframework.core.annotation.MergedAnnotationsCollection#stream(Class<A>):Stream<MergedAnnotation<A>>	71817c2032bdfaca4e8f	455	913	1379	304
METHOD_EXIT	org.springframework.core.annotation.MergedAnnotationsCollection#createMergedAnnotationIfPossible(int,int):MergedAnnotation<A>	0f9e93d6b9bca2089f15	455	997	1463	343
METHOD_EXIT	org.springframework.core.annotation.MergedAnnotationsCollection#trySplit():Spliterator<MergedAnnotation<A>>	e40bc29595e552eafca5	455	894	1360	311
METHOD_ENTRY	org.springframework.core.annotation.MergedAnnotationsCollection#estimateSize():long	b56af2c881e70a287b38	413	876	1300	237
METHOD_ENTRY	org.springframework.core.annotation.MergedAnnotationsCollection#characteristics():int	cb9815e210223f8fb7c5	413	805	1229	68
METHOD_ENTRY	org.springframework.core.annotation.AnnotationsSpliterator#tryAdvance(Consumer<? super MergedAnnotation<A>>):boolean	a51453fda9bd52c0dfe5	413	597	1021	52
METHOD_EXIT	org.springframework.core.annotation.MergedAnnotationsCollection#characteristics():int	6a23c22a4911ae79e770	455	879	1345	245
METHOD_EXIT	org.springframework.core.annotation.AnnotationsSpliterator#tryAdvance(Consumer<? super MergedAnnotation<A>>):boolean	d74926a8a0fb7b577877	455	674	1140	317
METHOD_ENTRY	org.springframework.core.annotation.AnnotationsSpliterator#getNextSuitableMapping(int):AnnotationTypeMapping	ba36d332f0164cc9ea29	413	469	893	272
METHOD_EXIT	org.springframework.core.annotation.AnnotationsSpliterator#getNextSuitableMapping(int):AnnotationTypeMapping	3bf3b5b8dd0f8fc2955c	455	548	1014	274
METHOD_ENTRY	org.springframework.core.annotation.MergedAnnotationsCollection#trySplit():Spliterator<MergedAnnotation<A>>	7d6eead086ce55f43b5c	413	815	1239	65
METHOD_EXIT	org.springframework.core.annotation.MergedAnnotationsCollection#estimateSize():long	df5a91f2f799494dc3a8	455	950	1416	316
METHOD_ENTRY	org.springframework.core.annotation.AnnotationsSpliterator#getMapping(int,int):AnnotationTypeMapping	2c8b9ca2450062ce6c98	413	437	861	226
METHOD_ENTRY	org.springframework.core.annotation.AnnotationsSpliterator#createMergedAnnotationIfPossible(int,int):MergedAnnotation<A>	3b4e7bb53f5f2f0aa476	413	501	925	283
METHOD_ENTRY	org.springframework.core.annotation.MergedAnnotationsCollection#createMergedAnnotationIfPossible(int,int):MergedAnnotation<A>	bee85a5ada9ccf2153ca	413	917	1341	248
METHOD_EXIT	org.springframework.core.annotation.AnnotationsSpliterator#createMergedAnnotationIfPossible(int,int):MergedAnnotation<A>	082e227db157095087f7	455	581	1047	365
METHOD_ENTRY	org.springframework.core.annotation.AnnotationsSpliterator#trySplit():Spliterator<MergedAnnotation<A>>	9041d9068dbe08407031	413	399	823	5
METHOD_ENTRY	org.springframework.core.annotation.AnnotationsSpliterator#estimateSize():long	0cf827da678e9d863bf1	413	460	884	300
METHOD_EXIT	org.springframework.core.annotation.AnnotationsSpliterator#estimateSize():long	32db385f863eae3c4657	455	534	1000	148
METHOD_EXIT	org.springframework.core.annotation.AnnotationsSpliterator#trySplit():Spliterator<MergedAnnotation<A>>	863542d47c8aaaf3a309	455	478	944	44
METHOD_ENTRY	org.springframework.core.annotation.AnnotationsSpliterator#characteristics():int	16739158e39cf7c668fd	413	389	813	266
METHOD_EXIT	org.springframework.core.annotation.AnnotationsSpliterator#getMapping(int,int):AnnotationTypeMapping	5e498c26adbba21bb715	455	516	982	350
METHOD_EXIT	org.springframework.core.annotation.AnnotationsSpliterator#characteristics():int	986e3919a8433933483c	455	463	929	277
METHOD_ENTRY	org.springframework.core.annotation.AttributeMethods#validate(Annotation):void	14d3273b97fffcda53e5	413	1448	1872	219
METHOD_EXIT	org.springframework.core.annotation.AttributeMethods#canLoad(Annotation,AnnotatedElement):boolean	20e3532f64c89e49447b	455	1591	2057	305
METHOD_EXIT	org.springframework.core.annotation.AttributeMethods#validate(Annotation):void	e37ca9e51c1d5a9cdbf1	455	1459	1925	302
METHOD_ENTRY	org.springframework.core.annotation.AttributeMethods#assertAnnotation(Annotation):void	7d54e4af8361e0844473	413	1361	1785	283
METHOD_EXIT	org.springframework.core.annotation.AttributeMethods#get(String):Method	5975bf6bc391a78049ff	455	1421	1887	265
METHOD_ENTRY	org.springframework.core.annotation.AttributeMethods#get(int):Method	2eec88a6c78d255c1f3f	413	1325	1749	206
METHOD_EXIT	org.springframework.core.annotation.AttributeMethods#get(int):Method	8966349f9cd52b61f893	455	1402	1868	224
METHOD_ENTRY	org.springframework.core.annotation.AttributeMethods#canThrowTypeNotPresentException(int):boolean	01ab4610fa0d57303ad6	413	1340	1764	144
METHOD_EXIT	org.springframework.core.annotation.AttributeMethods#canThrowTypeNotPresentException(int):boolean	95c0618c566d9a896b05	455	1417	1883	252
METHOD_ENTRY	org.springframework.core.annotation.AttributeMethods#canLoad(Annotation,AnnotatedElement):boolean	b95c4d5b1c5d962bbeb2	413	1514	1938	276
METHOD_ENTRY	org.springframework.core.annotation.AttributeMethods#indexOf(String):int	f1fedb8f6e560ff76024	413	1369	1793	235
METHOD_EXIT	org.springframework.core.annotation.AttributeMethods#indexOf(String):int	3247ddf4c6f1895f118f	455	1446	1912	308
METHOD_ENTRY	org.springframework.core.annotation.AttributeMethods#indexOf(Method):int	a8b3ba1e35fffafda704	413	1366	1790	209
METHOD_EXIT	org.springframework.core.annotation.AttributeMethods#indexOf(Method):int	9891d713d28d27cea46d	455	1443	1909	287
METHOD_ENTRY	org.springframework.core.annotation.AttributeMethods#size():int	38bcd5a3f9f537b9584c	413	1321	1745	248
METHOD_EXIT	org.springframework.core.annotation.AttributeMethods#assertAnnotation(Annotation):void	9629bdafee173d18b68c	455	1372	1838	110
METHOD_ENTRY	org.springframework.core.annotation.AttributeMethods#get(String):Method	030a9ddb08a0500a7f4f	413	1344	1768	245
METHOD_ENTRY	org.springframework.core.annotation.AttributeMethods#hasDefaultValueMethod():boolean	79e215dcc04dae789852	413	1328	1752	229
METHOD_EXIT	org.springframework.core.annotation.AttributeMethods#hasDefaultValueMethod():boolean	4c2b5482172f68e5eb84	455	1402	1868	190
METHOD_ENTRY	org.springframework.core.annotation.AttributeMethods#hasNestedAnnotation():boolean	5eb053c2da5d971cdb48	413	1325	1749	216
METHOD_EXIT	org.springframework.core.annotation.AttributeMethods#hasNestedAnnotation():boolean	f851e7f510f624dfbc39	455	1399	1865	61
METHOD_ENTRY	org.springframework.core.annotation.AttributeMethods#forAnnotationType(Class<? extends Annotation>):AttributeMethods	c313b3a08e667a18a6da	413	1370	1794	306
METHOD_EXIT	org.springframework.core.annotation.AttributeMethods#size():int	62217ec0b784e1a44976	455	1395	1861	106
METHOD_EXIT	org.springframework.core.annotation.AttributeMethods#compute(Class<? extends Annotation>):AttributeMethods	6cd6b262b0708077ce44	455	1546	2012	298
METHOD_EXIT	org.springframework.core.annotation.AttributeMethods#forAnnotationType(Class<? extends Annotation>):AttributeMethods	c1c375ba89b55f99d360	455	1448	1914	294
METHOD_ENTRY	org.springframework.core.annotation.AttributeMethods#isAttributeMethod(Method):boolean	148e5b6d446161f34e25	413	1346	1770	215
METHOD_EXIT	org.springframework.core.annotation.AttributeMethods#isAttributeMethod(Method):boolean	5e7d67feea5885417ae0	455	1423	1889	269
METHOD_ENTRY	org.springframework.core.annotation.AttributeMethods#describe(Method):String	52272b1fdfa732188e93	413	1351	1775	284
METHOD_EXIT	org.springframework.core.annotation.AttributeMethods#describe(Method):String	563cd9ee5f94f1e5a7b8	455	1428	1894	285
METHOD_EXIT	org.springframework.core.annotation.AttributeMethods#describe(Class<?>,String):String	38c6f47dc677973dcb0e	455	1476	1942	288
METHOD_ENTRY	org.springframework.core.annotation.AttributeMethods#compute(Class<? extends Annotation>):AttributeMethods	760818f0eae8c5f09c5e	413	1468	1892	211
METHOD_EXIT	org.springframework.core.annotation.MergedAnnotations#from(AnnotatedElement):MergedAnnotations	99a07127027b5032f1dd	455	3796	4262	262
METHOD_ENTRY	org.springframework.core.annotation.MergedAnnotations#from(AnnotatedElement,SearchStrategy):MergedAnnotations	5b2af6b4d923f5d05962	413	3737	4161	282
METHOD_ENTRY	org.springframework.core.annotation.MergedAnnotations#from(AnnotatedElement,SearchStrategy,RepeatableContainers):MergedAnnotations	d0e65f1e56ee6fc4fc18	413	3760	4184	247
METHOD_EXIT	org.springframework.core.annotation.MergedAnnotations#from(AnnotatedElement,SearchStrategy):MergedAnnotations	41e806ff86f17c20b964	455	3816	4282	274
METHOD_ENTRY	org.springframework.core.annotation.MergedAnnotations#from(AnnotatedElement):MergedAnnotations	ae6b82c78bf3cb5a75c7	413	3717	4141	180
METHOD_EXIT	org.springframework.core.annotation.MergedAnnotations#from(AnnotatedElement,SearchStrategy,RepeatableContainers):MergedAnnotations	b07459f380a499fe2e94	455	3839	4305	313
METHOD_EXIT	org.springframework.core.annotation.MergedAnnotations#from(AnnotatedElement,SearchStrategy,RepeatableContainers,AnnotationFilter):MergedAnnotations	482f7e4505ee95e7f5d6	455	3857	4323	245
METHOD_ENTRY	org.springframework.core.annotation.MergedAnnotations#from(AnnotatedElement,SearchStrategy,Predicate<Class<?>>,RepeatableContainers,AnnotationFilter):MergedAnnotations	d7d7575a481d4391c1d0	413	3887	4311	205
METHOD_ENTRY	org.springframework.core.annotation.AttributeMethods#describe(Class<?>,String):String	58ce6a7f53b5a06d8547	413	1399	1823	238
METHOD_ENTRY	org.springframework.core.annotation.MergedAnnotations#from(Annotation):MergedAnnotations	0f65f8f117ef74c6e7f1	413	3712	4136	212
METHOD_EXIT	org.springframework.core.annotation.MergedAnnotations#from(AnnotatedElement,SearchStrategy,Predicate<Class<?>>,RepeatableContainers,AnnotationFilter):MergedAnnotations	29908c675e9bc6cbbc1a	455	3966	4432	318
METHOD_ENTRY	org.springframework.core.annotation.MergedAnnotations#from(Object,Annotation):MergedAnnotations	6a736b44fd67fb89606d	413	3726	4150	276
METHOD_EXIT	org.springframework.core.annotation.MergedAnnotations#from(Object,Annotation):MergedAnnotations	8ec4da4cd8b755ae0608	455	3805	4271	255
METHOD_ENTRY	org.springframework.core.annotation.MergedAnnotations#from(Object,Annotation[],RepeatableContainers):MergedAnnotations	d0e105faf8e693eb2ce9	413	3747	4171	280
METHOD_ENTRY	org.springframework.core.annotation.MergedAnnotations#from(Object,Annotation[],RepeatableContainers,AnnotationFilter):MergedAnnotations	0329d49bfe6963c05c10	413	3799	4223	267
METHOD_EXIT	org.springframework.core.annotation.MergedAnnotations#from(Object,Annotation[],RepeatableContainers,AnnotationFilter):MergedAnnotations	c24cd6bfadf29b081797	455	3878	4344	237
METHOD_ENTRY	org.springframework.core.annotation.MergedAnnotations#from(AnnotatedElement,SearchStrategy,RepeatableContainers,AnnotationFilter):MergedAnnotations	6fa20ec014e0c9aff440	413	3778	4202	242
METHOD_ENTRY	org.springframework.core.annotation.MergedAnnotations#of(Collection<MergedAnnotation<?>>):MergedAnnotations	9d42b9f74c99b7a7aa28	413	3724	4148	271
METHOD_ENTRY	org.springframework.core.annotation.MergedAnnotations#search(SearchStrategy):Search	8a22dfaf1723375aae2f	413	3726	4150	120
METHOD_EXIT	org.springframework.core.annotation.MergedAnnotations#of(Collection<MergedAnnotation<?>>):MergedAnnotations	2648b1b024a744d50313	455	3803	4269	349
METHOD_EXIT	org.springframework.core.annotation.MergedAnnotations#from(Annotation):MergedAnnotations	8af4c1ee7886a37f67f7	455	3791	4257	379
METHOD_EXIT	org.springframework.core.annotation.MergedAnnotations#search(SearchStrategy):Search	ab82c125208c5b1d0c7d	455	3803	4269	172
METHOD_ENTRY	org.springframework.core.annotation.MergedAnnotations#withEnclosingClasses(Predicate<Class<?>>):Search	777417c684ed2e9156de	413	3791	4215	231
METHOD_ENTRY	org.springframework.core.annotation.MergedAnnotations#withRepeatableContainers(RepeatableContainers):Search	67a1b1d3405ae28c80f2	413	3750	4174	165
METHOD_EXIT	org.springframework.core.annotation.MergedAnnotations#withRepeatableContainers(RepeatableContainers):Search	8de133520fda9695ca24	455	3827	4293	244
METHOD_ENTRY	org.springframework.core.annotation.MergedAnnotations#withAnnotationFilter(AnnotationFilter):Search	cb65b636b547f071271f	413	3738	4162	103
METHOD_EXIT	org.springframework.core.annotation.MergedAnnotations#from(Object,Annotation[],RepeatableContainers):MergedAnnotations	130de1f9de12caa8e60c	455	3826	4292	308
METHOD_ENTRY	org.springframework.core.annotation.Search#withEnclosingClasses(Predicate<Class<?>>):Search	27d69c57856ae2fdb488	413	469	893	43
METHOD_EXIT	org.springframework.core.annotation.Search#withEnclosingClasses(Predicate<Class<?>>):Search	731ab5055b9b6f69cb70	455	546	1012	273
METHOD_ENTRY	org.springframework.core.annotation.Search#withRepeatableContainers(RepeatableContainers):Search	2149bb9c8ebaf680e350	413	428	852	208
METHOD_ENTRY	org.springframework.core.annotation.MergedAnnotations#from(AnnotatedElement):MergedAnnotations	ae6b82c78bf3cb5a75c7	413	3717	4141	180
METHOD_EXIT	org.springframework.core.annotation.MergedAnnotations#from(AnnotatedElement):MergedAnnotations	99a07127027b5032f1dd	455	3796	4262	262
METHOD_ENTRY	org.springframework.core.annotation.Search#withAnnotationFilter(AnnotationFilter):Search	da2d44a03a504b95fa0e	413	416	840	61
METHOD_EXIT	org.springframework.core.annotation.Search#withRepeatableContainers(RepeatableContainers):Search	81000c62de21dafbfb5d	455	505	971	213
METHOD_EXIT	org.springframework.core.annotation.Search#withAnnotationFilter(AnnotationFilter):Search	c85a39648c4aee8decdd	455	493	959	177
METHOD_ENTRY	org.springframework.core.annotation.Search#from(AnnotatedElement):MergedAnnotations	22ce0be2f0afa563e394	413	395	819	198
METHOD_EXIT	org.springframework.core.annotation.MergedAnnotations#withEnclosingClasses(Predicate<Class<?>>):Search	806ae890d297b678a172	455	3868	4334	278
METHOD_EXIT	org.springframework.core.annotation.Search#from(AnnotatedElement):MergedAnnotations	1c4a94fd6dab382f7494	455	474	940	261
METHOD_ENTRY	org.springframework.core.annotation.MergedAnnotationCollectors#toAnnotationSet():Collector<MergedAnnotation<A>, ?, Set<A>>	6e831bd97aaab02640c4	413	1311	1735	5
METHOD_EXIT	org.springframework.core.annotation.MergedAnnotationCollectors#toAnnotationSet():Collector<MergedAnnotation<A>, ?, Set<A>>	e5b15dfbfa03de500e68	455	1393	1859	374
METHOD_EXIT	org.springframework.core.annotation.MergedAnnotations#withAnnotationFilter(AnnotationFilter):Search	984db8564c14afbb5c4a	455	3815	4281	270
METHOD_EXIT	org.springframework.core.annotation.MergedAnnotationCollectors#toAnnotationArray():Collector<MergedAnnotation<A>, ?, Annotation[]>	80bcccc6cdcd4e337322	455	1370	1836	300
METHOD_ENTRY	org.springframework.core.annotation.MergedAnnotationCollectors#toAnnotationArray(IntFunction<R[]>):Collector<MergedAnnotation<A>, ?, R[]>	f2237da324436c26c9e5	413	1337	1761	215
METHOD_EXIT	org.springframework.core.annotation.MergedAnnotationCollectors#toMultiValueMap(Adapt):Collector<MergedAnnotation<A>, ? extends @Nullable Object, @Nullable MultiValueMap<String, @Nullable Object>>	5cc61cfc96c37f49bbe2	455	1438	1904	303
METHOD_ENTRY	org.springframework.core.annotation.MergedAnnotationCollectors#toMultiValueMap(Function<MultiValueMap<String, @Nullable Object>, @Nullable MultiValueMap<String, @Nullable Object>>,Adapt):Collector<MergedAnnotation<A>, ? extends @Nullable Object, @Nullable MultiValueMap<String, @Nullable Object>>	90d8294442eb97b37da1	413	1482	1906	310
METHOD_ENTRY	org.springframework.core.annotation.MergedAnnotationCollectors#isSameInstance(Object,Object):boolean	807699a8a00d0fd09e3d	413	1276	1700	286
METHOD_EXIT	org.springframework.core.annotation.MergedAnnotationCollectors#toMultiValueMap(Function<MultiValueMap<String, @Nullable Object>, @Nullable MultiValueMap<String, @Nullable Object>>,Adapt):Collector<MergedAnnotation<A>, ? extends @Nullable Object, @Nullable MultiValueMap<String, @Nullable Object>>	794dd3472ea66d704425	455	1580	2046	331
METHOD_ENTRY	org.springframework.core.annotation.MergedAnnotationCollectors#toMultiValueMap(Adapt):Collector<MergedAnnotation<A>, ? extends @Nullable Object, @Nullable MultiValueMap<String, @Nullable Object>>	ac5ade98788b59165f89	413	1340	1764	127
METHOD_EXIT	org.springframework.core.annotation.MergedAnnotationCollectors#toAnnotationArray(IntFunction<R[]>):Collector<MergedAnnotation<A>, ?, R[]>	c37ddaaf1ebc0c0af1cc	455	1422	1888	332
METHOD_EXIT	org.springframework.core.annotation.MergedAnnotationCollectors#isSameInstance(Object,Object):boolean	480b0afca67405496ad1	455	1353	1819	270
METHOD_ENTRY	org.springframework.core.annotation.MergedAnnotationCollectors#combiner(C,C):C	48f05e9aa0cb0c292feb	413	1288	1712	275
METHOD_ENTRY	org.springframework.core.annotation.MergedAnnotationCollectors#combiner(MultiValueMap<K, @Nullable V>,MultiValueMap<K, @Nullable V>):MultiValueMap<K, @Nullable V>	357862935ff77df9a94f	413	1347	1771	255
METHOD_EXIT	org.springframework.core.annotation.MergedAnnotationCollectors#combiner(C,C):C	420606b9c3af81af7e64	455	1365	1831	270
METHOD_EXIT	org.springframework.core.annotation.MergedAnnotationCollectors#combiner(MultiValueMap<K, @Nullable V>,MultiValueMap<K, @Nullable V>):MultiValueMap<K, @Nullable V>	e12766ffa5db2cc9170a	455	1431	1897	296
METHOD_ENTRY	org.springframework.core.annotation.MergedAnnotationCollectors#toAnnotationArray():Collector<MergedAnnotation<A>, ?, Annotation[]>	11834f50e8c5463b6be5	413	1288	1712	5
METHOD_ENTRY	org.springframework.core.annotation.AnnotationTypeMappings#addAllMappings(Class<? extends Annotation>,Set<Class<? extends Annotation>>):void	69e824ed883694295982	413	1326	1750	330
METHOD_ENTRY	org.springframework.core.annotation.AnnotationTypeMappings#addMetaAnnotationsToQueue(Deque<AnnotationTypeMapping>,AnnotationTypeMapping):void	c810690d2887a205d767	413	1393	1817	188
METHOD_ENTRY	org.springframework.core.annotation.AnnotationTypeMappings#addIfPossible(Deque<AnnotationTypeMapping>,AnnotationTypeMapping,Annotation):void	bba2869efc445d1214de	413	1275	1699	253
METHOD_EXIT	org.springframework.core.annotation.AnnotationTypeMappings#addMetaAnnotationsToQueue(Deque<AnnotationTypeMapping>,AnnotationTypeMapping):void	9a6e6be08051cf7aac27	455	1404	1870	242
METHOD_EXIT	org.springframework.core.annotation.AnnotationTypeMappings#addIfPossible(Deque<AnnotationTypeMapping>,AnnotationTypeMapping,Annotation):void	80d7216e907309dc5b70	455	1286	1752	296
METHOD_ENTRY	org.springframework.core.annotation.AnnotationTypeMappings#addIfPossible(Deque<AnnotationTypeMapping>,AnnotationTypeMapping,Class<? extends Annotation>,Annotation,boolean,Set<Class<? extends Annotation>>):void	3bf1d185c100f3de97c9	413	1435	1859	276
METHOD_ENTRY	org.springframework.core.annotation.AnnotationTypeMappings#isMappable(AnnotationTypeMapping,Annotation):boolean	c1ba345edc4f29399a3c	413	1283	1707	247
METHOD_EXIT	org.springframework.core.annotation.AnnotationTypeMappings#isMappable(AnnotationTypeMapping,Annotation):boolean	557d5022d1a26152da3f	455	1360	1826	330
METHOD_ENTRY	org.springframework.core.annotation.AnnotationTypeMappings#isAlreadyMapped(AnnotationTypeMapping,Annotation):boolean	fc27995b55307e6a1ed6	413	1299	1723	269
METHOD_ENTRY	org.springframework.core.annotation.AnnotationTypeMappings#size():int	9bab08e8527551788aa9	413	1210	1634	118
METHOD_EXIT	org.springframework.core.annotation.AnnotationTypeMappings#isAlreadyMapped(AnnotationTypeMapping,Annotation):boolean	fb578cc96c577482a691	455	1376	1842	394
METHOD_EXIT	org.springframework.core.annotation.AnnotationTypeMappings#addAllMappings(Class<? extends Annotation>,Set<Class<? extends Annotation>>):void	a6febe4d0d9750b5b328	455	1337	1803	245
METHOD_EXIT	org.springframework.core.annotation.AnnotationTypeMappings#size():int	35691ac7e3b33e676668	455	1284	1750	87
METHOD_EXIT	org.springframework.core.annotation.AnnotationTypeMappings#addIfPossible(Deque<AnnotationTypeMapping>,AnnotationTypeMapping,Class<? extends Annotation>,Annotation,boolean,Set<Class<? extends Annotation>>):void	5a41aeb4b9ab0c10c95f	455	1446	1912	283
METHOD_ENTRY	org.springframework.core.annotation.AnnotationTypeMappings#get(int):AnnotationTypeMapping	7d47018541d1919d44a5	413	1219	1643	281
METHOD_EXIT	org.springframework.core.annotation.AnnotationTypeMappings#get(int):AnnotationTypeMapping	538ed43d2a888b409a4d	455	1298	1764	245
METHOD_ENTRY	org.springframework.core.annotation.AnnotationTypeMappings#forAnnotationType(Class<? extends Annotation>):AnnotationTypeMappings	e6db43156d773f7e0b84	413	1248	1672	215
METHOD_EXIT	org.springframework.core.annotation.AnnotationTypeMappings#forAnnotationType(Class<? extends Annotation>):AnnotationTypeMappings	30f8e6b5eba4aa312c61	455	1327	1793	284
METHOD_ENTRY	org.springframework.core.annotation.AnnotationTypeMappings#forAnnotationType(Class<? extends Annotation>,Set<Class<? extends Annotation>>):AnnotationTypeMappings	d61973b25621bb645df8	413	1283	1707	236
METHOD_ENTRY	org.springframework.core.annotation.AnnotationTypeMappings#forAnnotationType(Class<? extends Annotation>,RepeatableContainers,AnnotationFilter):AnnotationTypeMappings	0b75c4d2e7caf08c2958	413	1320	1744	204
METHOD_EXIT	org.springframework.core.annotation.AnnotationTypeMappings#forAnnotationType(Class<? extends Annotation>,RepeatableContainers,AnnotationFilter,Set<Class<? extends Annotation>>):AnnotationTypeMappings	6d9500c6371af8efa755	455	1434	1900	255
METHOD_ENTRY	org.springframework.core.annotation.AnnotationTypeMappings#forAnnotationType(Class<? extends Annotation>,RepeatableContainers,AnnotationFilter,Set<Class<? extends Annotation>>):AnnotationTypeMappings	b1ddadcd1c70e27ef99b	413	1355	1779	260
METHOD_ENTRY	org.springframework.core.annotation.AnnotationTypeMappings#getCache(RepeatableContainers,AnnotationFilter):Cache	293202f77b25a6a00547	413	1328	1752	320
METHOD_EXIT	org.springframework.core.annotation.AnnotationTypeMappings#getCache(RepeatableContainers,AnnotationFilter):Cache	7a5b76278aab0bec0176	455	1405	1871	364
METHOD_ENTRY	org.springframework.core.annotation.AnnotationTypeMappings#clearCache():void	a865bbfa9c8e4f002cb2	413	1221	1645	222
METHOD_EXIT	org.springframework.core.annotation.AnnotationTypeMappings#clearCache():void	d03e8b4668cffb381943	455	1232	1698	231
METHOD_ENTRY	org.springframework.core.annotation.AnnotationTypeMappings#get(Class<? extends Annotation>,Set<Class<? extends Annotation>>):AnnotationTypeMappings	d32fdc457873dd6fc08b	413	1265	1689	220
METHOD_ENTRY	org.springframework.core.annotation.AnnotationTypeMappings#get(Class<? extends Annotation>):AnnotationTypeMappings	3eb18be9a13d1efb2b00	413	1258	1682	238
METHOD_EXIT	org.springframework.core.annotation.AnnotationTypeMappings#get(Class<? extends Annotation>,Set<Class<? extends Annotation>>):AnnotationTypeMappings	e0f7299fb955f9d69f15	455	1344	1810	277
METHOD_EXIT	org.springframework.core.annotation.AnnotationTypeMappings#get(Class<? extends Annotation>):AnnotationTypeMappings	09078516b506c731af5a	455	1337	1803	245
METHOD_EXIT	org.springframework.core.annotation.AnnotationTypeMappings#forAnnotationType(Class<? extends Annotation>,Set<Class<? extends Annotation>>):AnnotationTypeMappings	b41b0a2560910a94f171	455	1362	1828	284
METHOD_ENTRY	org.springframework.core.annotation.AnnotationTypeMappings#getOrCreate(Class<? extends Annotation>,Set<Class<? extends Annotation>>):AnnotationTypeMappings	6a8297e7c31d8d0eb428	413	1328	1752	228
METHOD_EXIT	org.springframework.core.annotation.AnnotationTypeMappings#getOrCreate(Class<? extends Annotation>,Set<Class<? extends Annotation>>):AnnotationTypeMappings	1e22dfb41bba7c4c19dd	455	1407	1873	260
METHOD_ENTRY	org.springframework.core.annotation.Cache#get(Class<? extends Annotation>,Set<Class<? extends Annotation>>):AnnotationTypeMappings	a1704087b70d425212a3	413	433	857	214
METHOD_EXIT	org.springframework.core.annotation.Cache#get(Class<? extends Annotation>,Set<Class<? extends Annotation>>):AnnotationTypeMappings	8ee602c331a0f809eefe	455	512	978	279
METHOD_ENTRY	org.springframework.core.annotation.AnnotationTypeMappings#createMappings(Class<? extends Annotation>,Set<Class<? extends Annotation>>):AnnotationTypeMappings	a58e404ff5053d1dc507	413	1279	1703	276
METHOD_EXIT	org.springframework.core.annotation.AnnotationTypeMappings#createMappings(Class<? extends Annotation>,Set<Class<? extends Annotation>>):AnnotationTypeMappings	772599b9b5e373338b51	455	1358	1824	272
METHOD_EXIT	org.springframework.core.annotation.Cache#get(Class<? extends Annotation>):AnnotationTypeMappings	eb0013470552fe1a1702	455	505	971	337
METHOD_EXIT	org.springframework.core.annotation.AnnotationTypeMappings#forAnnotationType(Class<? extends Annotation>,RepeatableContainers,AnnotationFilter):AnnotationTypeMappings	7fcd0a4a1242fa046ae3	455	1399	1865	288
METHOD_ENTRY	org.springframework.core.annotation.Cache#getOrCreate(Class<? extends Annotation>,Set<Class<? extends Annotation>>):AnnotationTypeMappings	d2caa691d14433882341	413	496	920	281
METHOD_ENTRY	org.springframework.core.annotation.Cache#createMappings(Class<? extends Annotation>,Set<Class<? extends Annotation>>):AnnotationTypeMappings	a6b92ba054069ca3b968	413	447	871	166
METHOD_EXIT	org.springframework.core.annotation.Cache#createMappings(Class<? extends Annotation>,Set<Class<? extends Annotation>>):AnnotationTypeMappings	b4c190f5640814ec5365	455	526	992	227
METHOD_EXIT	org.springframework.core.annotation.Cache#getOrCreate(Class<? extends Annotation>,Set<Class<? extends Annotation>>):AnnotationTypeMappings	621cbb8a6724eb245f21	455	575	1041	338
METHOD_ENTRY	org.springframework.core.annotation.MergedAnnotation#missing():MergedAnnotation<A>	2c4414ac2a2e9bf42ffa	413	4783	5207	271
METHOD_EXIT	org.springframework.core.annotation.MergedAnnotation#missing():MergedAnnotation<A>	369e06e49c1c44fd9e72	455	4860	5326	240
METHOD_EXIT	org.springframework.core.annotation.MergedAnnotation#from(A):MergedAnnotation<A>	a269a348898774671a46	455	4866	5332	250
METHOD_EXIT	org.springframework.core.annotation.MergedAnnotation#from(Object,A):MergedAnnotation<A>	7cae57ce46547e97e977	455	4880	5346	309
METHOD_ENTRY	org.springframework.core.annotation.MergedAnnotation#of(Class<A>):MergedAnnotation<A>	565849947aeaa596b035	413	4796	5220	58
METHOD_ENTRY	org.springframework.core.annotation.MergedAnnotation#from(Object,A):MergedAnnotation<A>	5db83e43db1ffc420c6e	413	4800	5224	282
METHOD_ENTRY	org.springframework.core.annotation.Cache#get(Class<? extends Annotation>):AnnotationTypeMappings	4e7ecca2c58fd374a97e	413	426	850	272
METHOD_EXIT	org.springframework.core.annotation.MergedAnnotation#of(Class<A>):MergedAnnotation<A>	dd735119554ccc77ec3f	455	4876	5342	303
METHOD_ENTRY	org.springframework.core.annotation.MergedAnnotation#of(Class<A>,Map<String, ?>):MergedAnnotation<A>	8ff8f2a0287a98fc381f	413	4818	5242	292
METHOD_ENTRY	org.springframework.core.annotation.MergedAnnotation#of(AnnotatedElement,Class<A>,Map<String, ?>):MergedAnnotation<A>	11f03a5b3a950f4268ce	413	4839	5263	232
METHOD_ENTRY	org.springframework.core.annotation.MergedAnnotation#of(ClassLoader,Object,Class<A>,Map<String, ?>):MergedAnnotation<A>	ee27eff53db9d1b8389b	413	4854	5278	261
METHOD_EXIT	org.springframework.core.annotation.MergedAnnotation#of(AnnotatedElement,Class<A>,Map<String, ?>):MergedAnnotation<A>	555fd6fe820ad8fbd64e	455	4919	5385	279
METHOD_ENTRY	org.springframework.core.annotation.MergedAnnotation#from(A):MergedAnnotation<A>	9d8320ed2bdd859df6e7	413	4786	5210	228
METHOD_ENTRY	org.springframework.core.annotation.MergedAnnotation#isIn(Adapt):boolean	5d0729089023fc1efde5	413	4755	5179	195
METHOD_EXIT	org.springframework.core.annotation.MergedAnnotation#isIn(Adapt):boolean	e24353c127a8040467aa	455	4766	5232	259
METHOD_ENTRY	org.springframework.core.annotation.MergedAnnotation#values(boolean,boolean):Adapt[]	75184bc2a2b9f6d0fc65	413	4756	5180	236
METHOD_EXIT	org.springframework.core.annotation.MergedAnnotation#values(boolean,boolean):Adapt[]	53f8939ab01340a64a25	455	4767	5233	140
METHOD_ENTRY	org.springframework.core.annotation.MergedAnnotation#addIfTrue(Set<T>,T,boolean):void	6db8ab4062f800fb667b	413	4760	5184	239
METHOD_EXIT	org.springframework.core.annotation.MergedAnnotation#of(Class<A>,Map<String, ?>):MergedAnnotation<A>	adc6a27a8144a1ac0ee7	455	4898	5364	277
METHOD_EXIT	org.springframework.core.annotation.MergedAnnotation#of(ClassLoader,Object,Class<A>,Map<String, ?>):MergedAnnotation<A>	107524c3d097360e9b3c	455	4934	5400	288
METHOD_EXIT	org.springframework.core.annotation.MergedAnnotation#addIfTrue(Set<T>,T,boolean):void	9279129ef9a565c85f29	455	4771	5237	63
METHOD_ENTRY	org.springframework.core.annotation.RepeatableContainers#plus(Class<? extends Annotation>,Class<? extends Annotation>):RepeatableContainers	9ebbaaacd0fbc9bcb500	413	1997	2421	215
METHOD_EXIT	org.springframework.core.annotation.RepeatableContainers#plus(Class<? extends Annotation>,Class<? extends Annotation>):RepeatableContainers	aa94a3ce96eba4237e57	455	2076	2542	300
METHOD_ENTRY	org.springframework.core.annotation.RepeatableContainers#and(Class<? extends Annotation>,Class<? extends Annotation>):RepeatableContainers	82aa4f6d7fca2c4c6154	413	2001	2425	264
METHOD_EXIT	org.springframework.core.annotation.RepeatableContainers#and(Class<? extends Annotation>,Class<? extends Annotation>):RepeatableContainers	65960c4811b8d4fb7ade	455	2080	2546	202
METHOD_ENTRY	org.springframework.core.annotation.RepeatableContainers#findRepeatedAnnotations(Annotation):Annotation @Nullable []	8945ed8ba2d20c18745f	413	1981	2405	229
METHOD_EXIT	org.springframework.core.annotation.RepeatableContainers#equals(Object):boolean	8760be0ea9afc59aecd1	455	2091	2557	320
METHOD_ENTRY	org.springframework.core.annotation.RepeatableContainers#hashCode():int	4b661d327e9d2a34efd2	413	1952	2376	103
METHOD_EXIT	org.springframework.core.annotation.RepeatableContainers#hashCode():int	124de6393e483626eeb4	455	2026	2492	292
METHOD_ENTRY	org.springframework.core.annotation.RepeatableContainers#standardRepeatables():RepeatableContainers	74eed61381c836cf70d1	413	1957	2381	60
METHOD_EXIT	org.springframework.core.annotation.RepeatableContainers#standardRepeatables():RepeatableContainers	87939ce310c9c8f22843	455	2033	2499	126
METHOD_ENTRY	org.springframework.core.annotation.RepeatableContainers#explicitRepeatable(Class<? extends Annotation>,Class<? extends Annotation>):RepeatableContainers	15e7cd9aa14fe23cc3bd	413	2004	2428	275
METHOD_EXIT	org.springframework.core.annotation.RepeatableContainers#explicitRepeatable(Class<? extends Annotation>,Class<? extends Annotation>):RepeatableContainers	0c68930475f5b021d328	455	2083	2549	224
METHOD_ENTRY	org.springframework.core.annotation.RepeatableContainers#of(Class<? extends Annotation>,Class<? extends Annotation>):RepeatableContainers	3591b9fcb8e8d4aa43ca	413	2007	2431	287
METHOD_ENTRY	org.springframework.core.annotation.RepeatableContainers#equals(Object):boolean	8e5c8cd58d84879985e9	413	2014	2438	297
METHOD_EXIT	org.springframework.core.annotation.RepeatableContainers#of(Class<? extends Annotation>,Class<? extends Annotation>):RepeatableContainers	0f4c583bcbaf69d02c3b	455	2086	2552	219
METHOD_EXIT	org.springframework.core.annotation.RepeatableContainers#findRepeatedAnnotations(Annotation):Annotation @Nullable []	0ef6fd2a9ad57b377365	455	2060	2526	262
METHOD_ENTRY	org.springframework.core.annotation.RepeatableContainers#findRepeatedAnnotations(Annotation):Annotation @Nullable []	8945ed8ba2d20c18745f	413	1981	2405	229
METHOD_EXIT	org.springframework.core.annotation.RepeatableContainers#none():RepeatableContainers	483c35b36c6687d77bd1	455	2029	2495	266
METHOD_EXIT	org.springframework.core.annotation.RepeatableContainers#findRepeatedAnnotations(Annotation):Annotation @Nullable []	0ef6fd2a9ad57b377365	455	2060	2526	262
METHOD_ENTRY	org.springframework.core.annotation.RepeatableContainers#getRepeatedAnnotationsMethod(Class<? extends Annotation>):Method	beac7558a46640ed0922	413	2003	2427	116
METHOD_ENTRY	org.springframework.core.annotation.RepeatableContainers#none():RepeatableContainers	65f7fa16d65c412eeb7b	413	1953	2377	43
METHOD_ENTRY	org.springframework.core.annotation.RepeatableContainers#computeRepeatedAnnotationsMethod(Class<? extends Annotation>):Object	d577b662334270c50df9	413	2070	2494	204
METHOD_EXIT	org.springframework.core.annotation.RepeatableContainers#computeRepeatedAnnotationsMethod(Class<? extends Annotation>):Object	78b815e6dfb5e96d1572	455	2147	2613	385
METHOD_ENTRY	org.springframework.core.annotation.RepeatableContainers#deduceContainer(Class<? extends Annotation>):Class<? extends Annotation>	89300a0227ce3998a7ad	413	2030	2454	283
METHOD_EXIT	org.springframework.core.annotation.RepeatableContainers#deduceContainer(Class<? extends Annotation>):Class<? extends Annotation>	652d690ccb698530ab99	455	2110	2576	305
METHOD_ENTRY	org.springframework.core.annotation.RepeatableContainers#findRepeatedAnnotations(Annotation):Annotation @Nullable []	8945ed8ba2d20c18745f	413	1981	2405	229
METHOD_EXIT	org.springframework.core.annotation.RepeatableContainers#getRepeatedAnnotationsMethod(Class<? extends Annotation>):Method	3ebff2dad158c6308ed1	455	2080	2546	297
METHOD_EXIT	org.springframework.core.annotation.RepeatableContainers#findRepeatedAnnotations(Annotation):Annotation @Nullable []	0ef6fd2a9ad57b377365	455	2060	2526	262
METHOD_ENTRY	org.springframework.core.annotation.RepeatableContainers#equals(Object):boolean	8e5c8cd58d84879985e9	413	2014	2438	297
METHOD_EXIT	org.springframework.core.annotation.RepeatableContainers#equals(Object):boolean	8760be0ea9afc59aecd1	455	2091	2557	320
METHOD_EXIT	org.springframework.core.annotation.StandardRepeatableContainers#findRepeatedAnnotations(Annotation):Annotation @Nullable []	eb414ac2767bd2a7a863	455	495	961	297
METHOD_ENTRY	org.springframework.core.annotation.StandardRepeatableContainers#findRepeatedAnnotations(Annotation):Annotation @Nullable []	681cbebebdb362c491a9	413	416	840	265
METHOD_EXIT	org.springframework.core.annotation.StandardRepeatableContainers#getRepeatedAnnotationsMethod(Class<? extends Annotation>):Method	bf0fc9567851579a6cf5	455	515	981	243
METHOD_ENTRY	org.springframework.core.annotation.RepeatableContainers#hashCode():int	4b661d327e9d2a34efd2	413	1952	2376	103
METHOD_EXIT	org.springframework.core.annotation.RepeatableContainers#hashCode():int	124de6393e483626eeb4	455	2026	2492	292
METHOD_ENTRY	org.springframework.core.annotation.StandardRepeatableContainers#getRepeatedAnnotationsMethod(Class<? extends Annotation>):Method	a19373d9a5b30b488836	413	438	862	224
METHOD_ENTRY	org.springframework.core.annotation.StandardRepeatableContainers#computeRepeatedAnnotationsMethod(Class<? extends Annotation>):Object	ce22a93a016f2f041508	413	505	929	323
METHOD_EXIT	org.springframework.core.annotation.StandardRepeatableContainers#computeRepeatedAnnotationsMethod(Class<? extends Annotation>):Object	5f9213e42b01529aa139	455	582	1048	388
METHOD_ENTRY	org.springframework.core.annotation.ExplicitRepeatableContainer#deduceContainer(Class<? extends Annotation>):Class<? extends Annotation>	380a88ced1620c071add	413	466	890	219
METHOD_ENTRY	org.springframework.core.annotation.ExplicitRepeatableContainer#findRepeatedAnnotations(Annotation):Annotation @Nullable []	aaabfe1666b5713846cf	413	417	841	213
METHOD_EXIT	org.springframework.core.annotation.ExplicitRepeatableContainer#deduceContainer(Class<? extends Annotation>):Class<? extends Annotation>	9c86dee579c530ae398c	455	546	1012	296
METHOD_EXIT	org.springframework.core.annotation.ExplicitRepeatableContainer#findRepeatedAnnotations(Annotation):Annotation @Nullable []	14b79db4e2c44c594b0b	455	496	962	247
METHOD_ENTRY	org.springframework.core.annotation.ExplicitRepeatableContainer#equals(Object):boolean	85c03d8dff00216476c9	413	450	874	294
METHOD_ENTRY	org.springframework.core.annotation.ExplicitRepeatableContainer#hashCode():int	822171638aec2d692ed1	413	388	812	69
METHOD_EXIT	org.springframework.core.annotation.ExplicitRepeatableContainer#hashCode():int	1bb4aa89a4a040792f80	455	462	928	158
METHOD_EXIT	org.springframework.core.annotation.PackagesAnnotationFilter#matches(String):boolean	6fa25fca1ceba4404f81	455	591	1057	350
METHOD_ENTRY	org.springframework.core.annotation.PackagesAnnotationFilter#matches(String):boolean	0f498727ab620b360e21	413	514	938	320
METHOD_ENTRY	org.springframework.core.annotation.PackagesAnnotationFilter#hashCode():int	c0093e275ef175533c5a	413	480	904	213
METHOD_ENTRY	org.springframework.core.annotation.PackagesAnnotationFilter#equals(Object):boolean	11da550d501cd1195e6c	413	535	959	344
METHOD_EXIT	org.springframework.core.annotation.PackagesAnnotationFilter#hashCode():int	ea8097888da085d2a68c	455	554	1020	57
METHOD_EXIT	org.springframework.core.annotation.PackagesAnnotationFilter#equals(Object):boolean	2cf9f190d82db5a220f9	455	612	1078	315
METHOD_EXIT	org.springframework.core.annotation.ExplicitRepeatableContainer#equals(Object):boolean	743aeec16103517c424f	455	527	993	291
METHOD_ENTRY	org.springframework.core.annotation.PackagesAnnotationFilter#toString():String	8a1276d6df99a121fe0f	413	495	919	229
METHOD_EXIT	org.springframework.core.annotation.PackagesAnnotationFilter#toString():String	8f7e4b287ed969346431	455	569	1035	328
METHOD_ENTRY	org.springframework.core.annotation.MergedAnnotationSelector#isBestCandidate(MergedAnnotation<A>):boolean	0328ef19435b48a05eba	413	578	1002	298
METHOD_EXIT	org.springframework.core.annotation.MergedAnnotationSelector#isBestCandidate(MergedAnnotation<A>):boolean	d0fc2bb203323d61b57c	455	655	1121	52
METHOD_ENTRY	org.springframework.core.annotation.AnnotationFilter#matches(Annotation):boolean	f181c8a0d300ac956fdd	413	693	1117	271
METHOD_EXIT	org.springframework.core.annotation.AnnotationFilter#matches(Annotation):boolean	15fa4f3932071044dd9e	455	770	1236	155
METHOD_ENTRY	org.springframework.core.annotation.AnnotationFilter#matches(Class<?>):boolean	5148db19836701ff6c9b	413	694	1118	186
METHOD_ENTRY	org.springframework.core.annotation.AnnotationFilter#matches(String):boolean	bef7ca0559c9367a613e	413	669	1093	113
METHOD_EXIT	org.springframework.core.annotation.AnnotationFilter#matches(String):boolean	e28f60cd8a09e280627b	455	680	1146	359
METHOD_ENTRY	org.springframework.core.annotation.AnnotationFilter#toString():String	916f902febbafe323418	413	669	1093	98
METHOD_EXIT	org.springframework.core.annotation.AnnotationFilter#toString():String	2ae619e507bc98670f63	455	680	1146	109
METHOD_ENTRY	org.springframework.core.annotation.AnnotationFilter#matches(Annotation):boolean	f181c8a0d300ac956fdd	413	693	1117	271
METHOD_EXIT	org.springframework.core.annotation.AnnotationFilter#matches(Class<?>):boolean	cf889f2846f75686eecd	455	771	1237	210
METHOD_EXIT	org.springframework.core.annotation.AnnotationFilter#matches(Annotation):boolean	15fa4f3932071044dd9e	455	770	1236	155
METHOD_ENTRY	org.springframework.core.annotation.AnnotationFilter#matches(Class<?>):boolean	5148db19836701ff6c9b	413	694	1118	186
METHOD_EXIT	org.springframework.core.annotation.AnnotationFilter#matches(Class<?>):boolean	cf889f2846f75686eecd	455	771	1237	210
METHOD_ENTRY	org.springframework.core.annotation.AnnotationFilter#matches(String):boolean	bef7ca0559c9367a613e	413	669	1093	113
METHOD_EXIT	org.springframework.core.annotation.AnnotationFilter#matches(String):boolean	e28f60cd8a09e280627b	455	680	1146	359
METHOD_ENTRY	org.springframework.core.annotation.AnnotationFilter#toString():String	916f902febbafe323418	413	669	1093	98
METHOD_EXIT	org.springframework.core.annotation.AnnotationFilter#toString():String	2ae619e507bc98670f63	455	680	1146	109
METHOD_EXIT	org.springframework.core.annotation.AnnotationFilter#matches(Annotation):boolean	15fa4f3932071044dd9e	455	770	1236	155
METHOD_ENTRY	org.springframework.core.annotation.AnnotationFilter#matches(Class<?>):boolean	5148db19836701ff6c9b	413	694	1118	186
METHOD_EXIT	org.springframework.core.annotation.AnnotationFilter#matches(Class<?>):boolean	cf889f2846f75686eecd	455	771	1237	210
METHOD_ENTRY	org.springframework.core.annotation.AnnotationFilter#matches(Annotation):boolean	f181c8a0d300ac956fdd	413	693	1117	271
METHOD_ENTRY	org.springframework.core.annotation.AnnotationFilter#packages(String):AnnotationFilter	5385e7d856c9ff6f0238	413	696	1120	258
METHOD_EXIT	org.springframework.core.annotation.AnnotationFilter#packages(String):AnnotationFilter	1cb7becb22914aa95f4d	455	774	1240	329
METHOD_ENTRY	org.springframework.core.annotation.MissingMergedAnnotation#getType():Class<A>	8418574b3c48a3ccff81	413	759	1183	249
METHOD_EXIT	org.springframework.core.annotation.MissingMergedAnnotation#getType():Class<A>	b6c263bde41c29dc7ebd	455	834	1300	60
METHOD_ENTRY	org.springframework.core.annotation.MissingMergedAnnotation#isPresent():boolean	1ed70f0fd7a8899c159f	413	744	1168	43
METHOD_EXIT	org.springframework.core.annotation.MissingMergedAnnotation#isPresent():boolean	5b167b384ac4413b13ad	455	818	1284	73
METHOD_ENTRY	org.springframework.core.annotation.MissingMergedAnnotation#getSource():Object	742811fa379ce3e23953	413	745	1169	192
METHOD_ENTRY	org.springframework.core.annotation.MissingMergedAnnotation#getMetaSource():MergedAnnotation<?>	ec1abe1abb00083844a3	413	752	1176	82
METHOD_EXIT	org.springframework.core.annotation.MissingMergedAnnotation#getMetaSource():MergedAnnotation<?>	ac62ebe0c1418a7d23f3	455	829	1295	52
METHOD_ENTRY	org.springframework.core.annotation.MissingMergedAnnotation#getMetaTypes():List<Class<? extends Annotation>>	127a682ff7f4fe88af8f	413	757	1181	71
METHOD_ENTRY	org.springframework.core.annotation.MissingMergedAnnotation#getRoot():MergedAnnotation<?>	fe94a758e1a618ec2b27	413	748	1172	190
METHOD_EXIT	org.springframework.core.annotation.MissingMergedAnnotation#getRoot():MergedAnnotation<?>	0f407c2a075bcb969c03	455	825	1291	269
METHOD_EXIT	org.springframework.core.annotation.MissingMergedAnnotation#getMetaTypes():List<Class<? extends Annotation>>	db936619347207809a69	455	835	1301	271
METHOD_ENTRY	org.springframework.core.annotation.MissingMergedAnnotation#getDistance():int	79a57072ef3c11b0ab96	413	744	1168	33
METHOD_EXIT	org.springframework.core.annotation.MissingMergedAnnotation#getSource():Object	b85c6f9dc23a594b635b	455	819	1285	48
METHOD_EXIT	org.springframework.core.annotation.MissingMergedAnnotation#getDistance():int	17fe1135477bab3259f3	455	818	1284	93
METHOD_ENTRY	org.springframework.core.annotation.MissingMergedAnnotation#getAggregateIndex():int	1465f44dcf23abaa0c75	413	746	1170	206
METHOD_EXIT	org.springframework.core.annotation.MissingMergedAnnotation#getAggregateIndex():int	03696a01b46e36d06f8b	455	820	1286	45
METHOD_EXIT	org.springframework.core.annotation.MissingMergedAnnotation#hasNonDefaultValue(String):boolean	a563bfa84f926b54ce98	455	849	1315	123
METHOD_ENTRY	org.springframework.core.annotation.MissingMergedAnnotation#hasDefaultValue(String):boolean	b8f01d839c1dac467e7e	413	769	1193	102
METHOD_EXIT	org.springframework.core.annotation.MissingMergedAnnotation#hasDefaultValue(String):boolean	9d76bd69a8f067e1637f	455	846	1312	194
METHOD_ENTRY	org.springframework.core.annotation.MissingMergedAnnotation#hasNonDefaultValue(String):boolean	cf0d0fd4d7633296f18a	413	772	1196	248
METHOD_EXIT	org.springframework.core.annotation.MissingMergedAnnotation#getValue(String,Class<T>):Optional<T>	01bd91f90450a50775e5	455	850	1316	217
METHOD_ENTRY	org.springframework.core.annotation.MissingMergedAnnotation#getDefaultValue(String,Class<T>):Optional<T>	7e2640d75da82df99237	413	776	1200	237
METHOD_EXIT	org.springframework.core.annotation.MissingMergedAnnotation#getDefaultValue(String,Class<T>):Optional<T>	5ff266fc1b0ab62a8e3d	455	854	1320	171
METHOD_EXIT	org.springframework.core.annotation.MissingMergedAnnotation#filterAttributes(Predicate<String>):MergedAnnotation<A>	6b76b7cc0ddb5c5b38de	455	842	1308	231
METHOD_ENTRY	org.springframework.core.annotation.MissingMergedAnnotation#withNonMergedAttributes():MergedAnnotation<A>	0e0ec8564bf5686a0d43	413	755	1179	202
METHOD_ENTRY	org.springframework.core.annotation.MissingMergedAnnotation#getValue(String,Class<T>):Optional<T>	388f2e12f0a940971472	413	772	1196	281
METHOD_EXIT	org.springframework.core.annotation.MissingMergedAnnotation#withNonMergedAttributes():MergedAnnotation<A>	173491188cad8e485ad5	455	832	1298	255
METHOD_ENTRY	org.springframework.core.annotation.MissingMergedAnnotation#asAnnotationAttributes(Adapt):AnnotationAttributes	d497b24fdb30bd35c20f	413	758	1182	229
METHOD_EXIT	org.springframework.core.annotation.MissingMergedAnnotation#asAnnotationAttributes(Adapt):AnnotationAttributes	c6227a93071e2e38dd54	455	836	1302	221
METHOD_ENTRY	org.springframework.core.annotation.MissingMergedAnnotation#asMap(Adapt):Map<String, Object>	468c34e85c4cd59ac708	413	762	1186	295
METHOD_ENTRY	org.springframework.core.annotation.MissingMergedAnnotation#asMap(Function<MergedAnnotation<?>, T>,Adapt):T	17f098641dbbd37c3263	413	789	1213	218
METHOD_EXIT	org.springframework.core.annotation.MissingMergedAnnotation#asMap(Adapt):Map<String, Object>	c9dd1ba8673f1984f199	455	842	1308	237
METHOD_ENTRY	org.springframework.core.annotation.MissingMergedAnnotation#toString():String	db78400ad0d587d77b36	413	745	1169	234
METHOD_EXIT	org.springframework.core.annotation.MissingMergedAnnotation#asMap(Function<MergedAnnotation<?>, T>,Adapt):T	8f854166340f55056428	455	866	1332	231
METHOD_EXIT	org.springframework.core.annotation.MissingMergedAnnotation#toString():String	07f8eee6c2d481582362	455	819	1285	58
METHOD_ENTRY	org.springframework.core.annotation.MissingMergedAnnotation#getAnnotation(String,Class<T>):MergedAnnotation<T>	b0f88291b89d808688c6	413	798	1222	171
METHOD_EXIT	org.springframework.core.annotation.MissingMergedAnnotation#getAnnotation(String,Class<T>):MergedAnnotation<T>	c2df3c5c0c325218e39f	455	878	1344	244
METHOD_ENTRY	org.springframework.core.annotation.MissingMergedAnnotation#getAnnotationArray(String,Class<T>):MergedAnnotation<T>[]	2dc4d6699d9262a444e8	413	801	1225	281
METHOD_EXIT	org.springframework.core.annotation.MissingMergedAnnotation#getAnnotationArray(String,Class<T>):MergedAnnotation<T>[]	31eb8d04ff8e2e4510a4	455	882	1348	295
METHOD_ENTRY	org.springframework.core.annotation.MissingMergedAnnotation#getAttributeValue(String,Class<T>):T	e4255ec010e54d77f134	413	785	1209	261
METHOD_ENTRY	org.springframework.core.annotation.MissingMergedAnnotation#createSynthesizedAnnotation():A	b2f9305c6b7072fbfd66	413	758	1182	248
METHOD_EXIT	org.springframework.core.annotation.MissingMergedAnnotation#createSynthesizedAnnotation():A	6ab5beb67c7d0307d8de	455	832	1298	119
METHOD_ENTRY	org.springframework.core.annotation.MissingMergedAnnotation#getInstance():MergedAnnotation<A>	b52fe20a68e5bc1f2aea	413	763	1187	54
METHOD_EXIT	org.springframework.core.annotation.MissingMergedAnnotation#getInstance():MergedAnnotation<A>	bb5d75ad30d3c5a638dd	455	840	1306	287
METHOD_EXIT	org.springframework.core.annotation.MissingMergedAnnotation#getAttributeValue(String,Class<T>):T	f92209b215e00c550d13	455	862	1328	159
METHOD_ENTRY	org.springframework.core.annotation.MissingMergedAnnotation#filterAttributes(Predicate<String>):MergedAnnotation<A>	92a39ca8bd75762097bc	413	762	1186	118
METHOD_EXIT	org.springframework.core.retry.RetryState#getLastException():Throwable	db59d5486acc56e5d6f1	455	747	1213	183
METHOD_ENTRY	org.springframework.core.retry.RetryState#getLastException():Throwable	8f5a2a65cc363fffa61c	413	673	1097	252
METHOD_EXIT	org.springframework.core.retry.RetryState#isSuccessful():boolean	ed5b3f8aa74b4c604653	455	714	1180	240
METHOD_ENTRY	org.springframework.core.retry.RetryState#isSuccessful():boolean	d5d7f743f409c7034901	413	640	1064	270
METHOD_ENTRY	org.springframework.core.retry.support.CompositeRetryListener#addListener(RetryListener):void	42b7afe317d68b3ba367	413	662	1086	163
METHOD_EXIT	org.springframework.core.retry.support.CompositeRetryListener#addListener(RetryListener):void	2ad76649aafc4b59e9dc	455	673	1139	160
METHOD_ENTRY	org.springframework.core.retry.support.CompositeRetryListener#onRetryableExecution(RetryPolicy,Retryable<?>,RetryState):void	3b3c9f43c523a7e00fcd	413	719	1143	261
METHOD_ENTRY	org.springframework.core.retry.support.CompositeRetryListener#beforeRetry(RetryPolicy,Retryable<?>,RetryState):void	966c285897397cd30be1	413	716	1140	222
METHOD_ENTRY	org.springframework.core.retry.support.CompositeRetryListener#onRetrySuccess(RetryPolicy,Retryable<?>,Object):void	2c47c0fbc2939eb8465a	413	773	1197	188
METHOD_EXIT	org.springframework.core.retry.support.CompositeRetryListener#beforeRetry(RetryPolicy,Retryable<?>,RetryState):void	f675622a88a956ecae7e	455	727	1193	284
METHOD_EXIT	org.springframework.core.retry.support.CompositeRetryListener#onRetrySuccess(RetryPolicy,Retryable<?>,Object):void	d0af4d1e50ab6ed0c63c	455	784	1250	220
METHOD_EXIT	org.springframework.core.retry.support.CompositeRetryListener#onRetryableExecution(RetryPolicy,Retryable<?>,RetryState):void	1644db9d31172118b6c9	455	730	1196	287
METHOD_EXIT	org.springframework.core.retry.support.CompositeRetryListener#onRetryFailure(RetryPolicy,Retryable<?>,Throwable):void	189d56d751deb2ee09db	455	721	1187	290
METHOD_ENTRY	org.springframework.core.retry.support.CompositeRetryListener#onRetryPolicyExhaustion(RetryPolicy,Retryable<?>,RetryException):void	ac78de0b20f4925e20f3	413	722	1146	250
METHOD_ENTRY	org.springframework.core.retry.support.CompositeRetryListener#onRetryFailure(RetryPolicy,Retryable<?>,Throwable):void	3c1aa224f259fc68c5d4	413	710	1134	228
METHOD_ENTRY	org.springframework.core.retry.support.CompositeRetryListener#onRetryPolicyInterruption(RetryPolicy,Retryable<?>,RetryException):void	6d9ec46af82af23fa1b6	413	719	1143	273
METHOD_EXIT	org.springframework.core.retry.support.CompositeRetryListener#onRetryPolicyExhaustion(RetryPolicy,Retryable<?>,RetryException):void	af6c3701460347d874af	455	733	1199	288
METHOD_EXIT	org.springframework.core.retry.support.CompositeRetryListener#onRetryPolicyInterruption(RetryPolicy,Retryable<?>,RetryException):void	8ad761c10241cddefcf2	455	730	1196	264
METHOD_ENTRY	org.springframework.core.retry.support.CompositeRetryListener#onRetryPolicyTimeout(RetryPolicy,Retryable<?>,RetryException):void	552a33ca7bad3c88d2f6	413	716	1140	276
METHOD_EXIT	org.springframework.core.retry.support.CompositeRetryListener#onRetryPolicyTimeout(RetryPolicy,Retryable<?>,RetryException):void	ef7356cf195b409b3d38	455	727	1193	260
METHOD_ENTRY	org.springframework.core.retry.RetryListener#onRetryableExecution(RetryPolicy,Retryable<?>,RetryState):void	2b5d3cf8cf11a11c1690	413	1395	1819	217
METHOD_EXIT	org.springframework.core.retry.RetryListener#onRetryableExecution(RetryPolicy,Retryable<?>,RetryState):void	fdde7141c203ff63aa79	455	1406	1872	238
METHOD_ENTRY	org.springframework.core.retry.RetryListener#beforeRetry(RetryPolicy,Retryable<?>,RetryState):void	a4a6ef536131e1a41c61	413	1401	1825	211
METHOD_ENTRY	org.springframework.core.retry.RetryListener#beforeRetry(RetryPolicy,Retryable<?>):void	3d430334d0aadee757b5	413	1376	1800	269
METHOD_EXIT	org.springframework.core.retry.RetryListener#beforeRetry(RetryPolicy,Retryable<?>):void	69971322136cc577fbc1	455	1387	1853	148
METHOD_ENTRY	org.springframework.core.retry.RetryListener#onRetrySuccess(RetryPolicy,Retryable<?>,Object):void	0ca2cd91a49b8b20c899	413	1451	1875	170
METHOD_EXIT	org.springframework.core.retry.RetryListener#onRetrySuccess(RetryPolicy,Retryable<?>,Object):void	a35f485b4735b952d3e4	455	1462	1928	188
METHOD_ENTRY	org.springframework.core.retry.RetryListener#onRetryFailure(RetryPolicy,Retryable<?>,Throwable):void	fb93eda8aa36fee9a359	413	1388	1812	228
METHOD_EXIT	org.springframework.core.retry.RetryListener#beforeRetry(RetryPolicy,Retryable<?>,RetryState):void	3cea140823361f63b784	455	1412	1878	324
METHOD_EXIT	org.springframework.core.retry.RetryListener#onRetryFailure(RetryPolicy,Retryable<?>,Throwable):void	295d3eaeb578ce31c2c4	455	1399	1865	286
METHOD_EXIT	org.springframework.core.retry.RetryListener#onRetryPolicyExhaustion(RetryPolicy,Retryable<?>,RetryException):void	0721f8200c7c74fd512a	455	1408	1874	238
METHOD_ENTRY	org.springframework.core.retry.RetryListener#onRetryPolicyInterruption(RetryPolicy,Retryable<?>,RetryException):void	fd0f798bd809951b5ead	413	1395	1819	203
METHOD_EXIT	org.springframework.core.retry.RetryListener#onRetryPolicyInterruption(RetryPolicy,Retryable<?>,RetryException):void	86909d3001a9520d5879	455	1406	1872	223
METHOD_ENTRY	org.springframework.core.retry.Retryable#getName():String	ba53a0354ad2fde358ed	413	560	984	145
METHOD_ENTRY	org.springframework.core.retry.RetryListener#onRetryPolicyTimeout(RetryPolicy,Retryable<?>,RetryException):void	03cd13a8d83408001aab	413	1393	1817	282
METHOD_EXIT	org.springframework.core.retry.RetryListener#onRetryPolicyTimeout(RetryPolicy,Retryable<?>,RetryException):void	21704ea69ca9beee0daa	455	1404	1870	249
METHOD_EXIT	org.springframework.core.retry.Retryable#getName():String	20f2e74c3a36d0109ff2	455	634	1100	266
METHOD_ENTRY	org.springframework.core.retry.RetryListener#onRetryPolicyExhaustion(RetryPolicy,Retryable<?>,RetryException):void	9dbf03bbd891c552300f	413	1397	1821	178
METHOD_EXIT	org.springframework.core.retry.DefaultRetryPolicy#getTimeout():Duration	2d32739506d493d1f76f	455	612	1078	242
METHOD_ENTRY	org.springframework.core.retry.DefaultRetryPolicy#getTimeout():Duration	2f43498c7f6b99798501	413	538	962	183
METHOD_EXIT	org.springframework.core.retry.DefaultRetryPolicy#shouldRetry(Throwable):boolean	add7429a100adbc5242d	455	646	1112	306
METHOD_ENTRY	org.springframework.core.retry.DefaultRetryPolicy#getBackOff():BackOff	b35b6f020798fc37becd	413	543	967	229
METHOD_EXIT	org.springframework.core.retry.DefaultRetryPolicy#getBackOff():BackOff	b51fe3d6d01a9f149bdf	455	618	1084	102
METHOD_EXIT	org.springframework.core.retry.DefaultRetryPolicy#toString():String	2ce32b9a7363c5966bdd	455	724	1190	313
METHOD_ENTRY	org.springframework.core.retry.DefaultRetryPolicy#toString():String	851860a068461d6b276a	413	650	1074	227
METHOD_ENTRY	org.springframework.core.retry.RetryException#getCause():Throwable	012bf6c4461fca54ed5c	413	669	1093	135
METHOD_ENTRY	org.springframework.core.retry.RetryException#getRetryCount():int	9945d0cb724170d7fec9	413	668	1092	235
METHOD_ENTRY	org.springframework.core.retry.DefaultRetryPolicy#names(Set<Class<? extends Throwable>>):String	f3baaf97b98ec8d57dcb	413	597	1021	260
METHOD_EXIT	org.springframework.core.retry.RetryException#getRetryCount():int	48ed44e4ad311cdcd666	455	742	1208	230
METHOD_EXIT	org.springframework.core.retry.DefaultRetryPolicy#names(Set<Class<? extends Throwable>>):String	6c5f1d460b5ee135ac4f	455	674	1140	232
METHOD_ENTRY	org.springframework.core.retry.DefaultRetryPolicy#shouldRetry(Throwable):boolean	0f2e26b22cbf31835e40	413	569	993	215
METHOD_EXIT	org.springframework.core.retry.RetryException#getExceptions():List<Throwable>	03377badfc7599f26488	455	792	1258	331
METHOD_ENTRY	org.springframework.core.retry.RetryException#getExceptions():List<Throwable>	0bf399ac8d922e3cc1a3	413	716	1140	246
METHOD_EXIT	org.springframework.core.retry.RetryException#getLastException():Throwable	44e657813c70340bf79e	455	739	1205	274
METHOD_ENTRY	org.springframework.core.retry.RetryException#getLastException():Throwable	25681005b68a0422fcce	413	665	1089	177
METHOD_EXIT	org.springframework.core.KotlinDetector#isKotlinPresent():boolean	2dc5811f10d9dfb9a311	455	884	1350	56
METHOD_ENTRY	org.springframework.core.KotlinDetector#isKotlinPresent():boolean	88de8bc445686366d75c	413	810	1234	219
METHOD_EXIT	org.springframework.core.retry.RetryException#getCause():Throwable	6c7d9be0ed1231baf17c	455	743	1209	54
METHOD_EXIT	org.springframework.core.KotlinDetector#isKotlinReflectPresent():boolean	c60bf57cc7b56ab6c64d	455	888	1354	49
METHOD_ENTRY	org.springframework.core.KotlinDetector#isKotlinType(Class<?>):boolean	98f41c4ac74a8e26e1d4	413	831	1255	318
METHOD_ENTRY	org.springframework.core.KotlinDetector#isSuspendingFunction(Method):boolean	9dba39434b7c797906b8	413	872	1296	42
METHOD_EXIT	org.springframework.core.KotlinDetector#isSuspendingFunction(Method):boolean	588b1599165d92f1d50d	455	949	1415	340
METHOD_ENTRY	org.springframework.core.KotlinDetector#isInlineClass(Class<?>):boolean	574b71f0655f73b73980	413	835	1259	334
METHOD_EXIT	org.springframework.core.KotlinDetector#isKotlinType(Class<?>):boolean	4aacb355d871365d3fce	455	908	1374	255
METHOD_EXIT	org.springframework.core.KotlinDetector#isInlineClass(Class<?>):boolean	ad53d3f01feb8eff05a3	455	912	1378	203
METHOD_ENTRY	org.springframework.core.KotlinDetector#isKotlinReflectPresent():boolean	002a557fbc15f8527811	413	814	1238	284
METHOD_ENTRY	org.springframework.core.KotlinDetector#hasSerializableAnnotation(ResolvableType):boolean	5cf484f6be620a966640	413	908	1332	256
METHOD_EXIT	org.springframework.core.KotlinDetector#hasSerializableAnnotation(ResolvableType):boolean	0f3dffcdb653e84e8121	455	985	1451	413
METHOD_ENTRY	org.springframework.core.ReactiveTypeDescriptor#getReactiveType():Class<?>	e9e5df02057b8e9487f9	413	1025	1449	243
METHOD_EXIT	org.springframework.core.ReactiveTypeDescriptor#getReactiveType():Class<?>	c6e0e2b2ce4efdc3b718	455	1100	1566	219
METHOD_ENTRY	org.springframework.core.ReactiveTypeDescriptor#isMultiValue():boolean	b6c76e2461de5f1ee551	413	1023	1447	180
METHOD_EXIT	org.springframework.core.ReactiveTypeDescriptor#isMultiValue():boolean	0dfc35428a1f516110d6	455	1097	1563	60
METHOD_ENTRY	org.springframework.core.ReactiveTypeDescriptor#supportsEmpty():boolean	6c50d6b9016d2c31025c	413	1024	1448	299
METHOD_EXIT	org.springframework.core.ReactiveTypeDescriptor#supportsEmpty():boolean	89ce273b08fd7a063551	455	1098	1564	172
METHOD_EXIT	org.springframework.core.ReactiveTypeDescriptor#getEmptyValue():Object	02270baca27d8f3747b5	455	1136	1602	216
METHOD_ENTRY	org.springframework.core.ReactiveTypeDescriptor#getEmptyValue():Object	5ba3cf0c772bcd54434d	413	1062	1486	260
METHOD_ENTRY	org.springframework.core.ReactiveTypeDescriptor#isDeferred():boolean	4f60a55953b4b35487f4	413	1021	1445	313
METHOD_EXIT	org.springframework.core.ReactiveTypeDescriptor#isNoValue():boolean	5f4b50e4702185d524d8	455	1097	1563	52
METHOD_ENTRY	org.springframework.core.ReactiveTypeDescriptor#equals(Object):boolean	a6ae38d1a5052622ab47	413	1078	1502	291
METHOD_EXIT	org.springframework.core.ReactiveTypeDescriptor#equals(Object):boolean	0e16b54f5b44ab3f5c7c	455	1155	1621	346
METHOD_ENTRY	org.springframework.core.ReactiveTypeDescriptor#hashCode():int	2b9854d2647c9c1c3304	413	1026	1450	70
METHOD_EXIT	org.springframework.core.ReactiveTypeDescriptor#isDeferred():boolean	5a2e18768f7afcf8d60a	455	1095	1561	173
METHOD_EXIT	org.springframework.core.ReactiveTypeDescriptor#hashCode():int	fe5a0e09e8b525112440	455	1100	1566	221
METHOD_ENTRY	org.springframework.core.ReactiveTypeDescriptor#multiValue(Class<?>,Supplier<?>):ReactiveTypeDescriptor	8dc376d939ec510f4ddb	413	1058	1482	239
METHOD_EXIT	org.springframework.core.ReactiveTypeDescriptor#multiValue(Class<?>,Supplier<?>):ReactiveTypeDescriptor	16f0184db2aa04c6fbcc	455	1137	1603	271
METHOD_ENTRY	org.springframework.core.ReactiveTypeDescriptor#singleOptionalValue(Class<?>,Supplier<?>):ReactiveTypeDescriptor	8dfd8f9a835c679fabe6	413	1060	1484	265
METHOD_EXIT	org.springframework.core.ReactiveTypeDescriptor#singleOptionalValue(Class<?>,Supplier<?>):ReactiveTypeDescriptor	05415424274f4820247b	455	1139	1605	248
METHOD_ENTRY	org.springframework.core.ReactiveTypeDescriptor#singleRequiredValue(Class<?>):ReactiveTypeDescriptor	5b93f9e3dbd7d59d3bec	413	1044	1468	102
METHOD_ENTRY	org.springframework.core.ReactiveTypeDescriptor#noValue(Class<?>,Supplier<?>):ReactiveTypeDescriptor	309dcf927713987d21b0	413	1058	1482	208
METHOD_EXIT	org.springframework.core.ReactiveTypeDescriptor#noValue(Class<?>,Supplier<?>):ReactiveTypeDescriptor	33dbeb60f8c81db40408	455	1137	1603	252
METHOD_ENTRY	org.springframework.core.DecoratingClassLoader#excludePackage(String):void	1bd7879197d83755193a	413	679	1103	391
METHOD_EXIT	org.springframework.core.ReactiveTypeDescriptor#singleRequiredValue(Class<?>):ReactiveTypeDescriptor	b59563d1c4d9db5d1803	455	1123	1589	262
METHOD_ENTRY	org.springframework.core.ReactiveTypeDescriptor#nonDeferredAsyncValue(Class<?>,Supplier<?>):ReactiveTypeDescriptor	8060905fbb423f648cd9	413	1064	1488	261
METHOD_EXIT	org.springframework.core.DecoratingClassLoader#excludePackage(String):void	d008cc1c8cecf2d9d255	455	690	1156	222
METHOD_EXIT	org.springframework.core.ReactiveTypeDescriptor#nonDeferredAsyncValue(Class<?>,Supplier<?>):ReactiveTypeDescriptor	43876ccc1cfbfc86bf92	455	1143	1609	283
METHOD_ENTRY	org.springframework.core.ReactiveTypeDescriptor#isNoValue():boolean	da0038f753a213e154e1	413	1023	1447	256
METHOD_ENTRY	org.springframework.core.DecoratingClassLoader#excludeClass(String):void	fb678abb4db7cc92889e	413	679	1103	223
METHOD_EXIT	org.springframework.core.DecoratingClassLoader#excludeClass(String):void	ad8bce03dab46d0a0785	455	690	1156	255
METHOD_ENTRY	org.springframework.core.DecoratingClassLoader#isExcluded(String):boolean	2b8dab05741ea44c4442	413	712	1136	250
METHOD_EXIT	org.springframework.core.PrioritizedParameterNameDiscoverer#addDiscoverer(ParameterNameDiscoverer):void	010b53478e9759bfa78b	455	600	1066	246
METHOD_ENTRY	org.springframework.core.PrioritizedParameterNameDiscoverer#addDiscoverer(ParameterNameDiscoverer):void	c22bf42db01f7ae24127	413	589	1013	249
METHOD_ENTRY	org.springframework.core.PrioritizedParameterNameDiscoverer#getParameterNames(Method):String @Nullable []	3c114a044842a7ef8357	413	631	1055	273
METHOD_EXIT	org.springframework.core.DecoratingClassLoader#isExcluded(String):boolean	dbb2401e9371d76b9e74	455	789	1255	378
METHOD_ENTRY	org.springframework.core.DefaultParameterNameDiscoverer#getSharedInstance():ParameterNameDiscoverer	46b76319b2caac0efd4f	413	680	1104	88
METHOD_EXIT	org.springframework.core.PrioritizedParameterNameDiscoverer#getParameterNames(Method):String @Nullable []	3c43b2a32ff09c5e9cbd	455	710	1176	279
METHOD_ENTRY	org.springframework.core.PrioritizedParameterNameDiscoverer#getParameterNames(Constructor<?>):String @Nullable []	ed4ef36059a12fbe0995	413	635	1059	665
METHOD_EXIT	org.springframework.core.PrioritizedParameterNameDiscoverer#getParameterNames(Constructor<?>):String @Nullable []	bd9f1c5c80e00fa32754	455	714	1180	283
METHOD_EXIT	org.springframework.core.DefaultParameterNameDiscoverer#getSharedInstance():ParameterNameDiscoverer	a786e7b4b15c2091f636	455	757	1223	347
METHOD_EXIT	org.springframework.core.AttributeAccessor#computeAttribute(String,Function<String, T>):T	b8ee281dae1679339ccd	455	1092	1558	248
METHOD_ENTRY	org.springframework.core.AttributeAccessor#computeAttribute(String,Function<String, T>):T	7d8ca9d902c85c6d8be2	413	1015	1439	223
METHOD_ENTRY	org.springframework.core.PropagationContextElement#updateThreadContext(CoroutineContext):ContextSnapshot.Scope	a291c4ce615d1fac0ded	413	758	1182	308
METHOD_EXIT	org.springframework.core.PropagationContextElement#updateThreadContext(CoroutineContext):ContextSnapshot.Scope	3b62e6b2931dfdd78e1d	455	837	1303	314
METHOD_EXIT	org.springframework.core.PropagationContextElement#restoreThreadContext(CoroutineContext,ContextSnapshot.Scope):void	93b68a51a81a296d7f4e	455	712	1178	153
METHOD_ENTRY	org.springframework.core.PropagationContextElement#captureFrom(CoroutineContext):ContextSnapshot	d76f95a9e563296ea303	413	765	1189	132
METHOD_EXIT	org.springframework.core.PropagationContextElement#captureFrom(CoroutineContext):ContextSnapshot	0159e1597c89e5965eaf	455	843	1309	315
METHOD_ENTRY	org.springframework.core.ReactorDelegate#captureFrom(CoroutineContext):ContextSnapshot	26ba73df60830244431e	413	478	902	244
METHOD_EXIT	org.springframework.core.ReactorDelegate#captureFrom(CoroutineContext):ContextSnapshot	b5db0567c463a32a2821	455	556	1022	325
METHOD_ENTRY	org.springframework.core.PropagationContextElement#restoreThreadContext(CoroutineContext,ContextSnapshot.Scope):void	710dece978f7404ae3ff	413	701	1125	258
METHOD_ENTRY	org.springframework.core.NativeDetector#inNativeImage():boolean	3070ccd6d179312400e8	413	548	972	76
METHOD_EXIT	org.springframework.core.NativeDetector#inNativeImage():boolean	36173cf619ebfc6e32a0	455	622	1088	165
METHOD_ENTRY	org.springframework.core.NativeDetector#inNativeImage(Context):boolean	e8e3f7d63938383a1361	413	581	1005	258
METHOD_ENTRY	org.springframework.core.NativeDetector#toString():String	5f065eaa4eba9d4e964d	413	527	951	252
METHOD_EXIT	org.springframework.core.NativeDetector#inNativeImage(Context):boolean	dd4a3c49e65fe8e7e148	455	658	1124	265
METHOD_EXIT	org.springframework.core.NativeDetector#toString():String	20af268a8a084fa91c04	455	538	1004	261
METHOD_ENTRY	org.springframework.core.NamedThreadLocal#toString():String	8da8a4d0d1b8f59f2bc7	413	576	1000	215
METHOD_ENTRY	org.springframework.core.SuppliedNamedThreadLocal#initialValue():T	13c59d3a101ceaaa3cfc	413	389	813	114
METHOD_ENTRY	org.springframework.core.NamedThreadLocal#initialValue():T	a9ce5b5fbd2ebf7df636	413	580	1004	55
METHOD_EXIT	org.springframework.core.NamedThreadLocal#toString():String	2fd220e76ebe66128189	455	650	1116	251
METHOD_EXIT	org.springframework.core.NamedThreadLocal#withInitial(String,Supplier<? extends S>):ThreadLocal<S>	3ce699bb2f6af27d5ef7	455	696	1162	338
METHOD_EXIT	org.springframework.core.NamedThreadLocal#initialValue():T	6bb4b18762d4ec8c86f0	455	654	1120	124
METHOD_EXIT	org.springframework.core.SuppliedNamedThreadLocal#initialValue():T	312166b4a5e695bf7aae	455	463	929	154
METHOD_ENTRY	org.springframework.core.NamedThreadLocal#withInitial(String,Supplier<? extends S>):ThreadLocal<S>	d36c63af56f6402c809e	413	617	1041	170
METHOD_ENTRY	org.springframework.core.NestedExceptionUtils#buildMessage(String,Throwable):String	a959b96b77bff9d3a96d	413	768	1192	297
METHOD_EXIT	org.springframework.core.NestedExceptionUtils#buildMessage(String,Throwable):String	cc239b9c7ee43af2e4ed	455	845	1311	329
METHOD_ENTRY	org.springframework.core.NestedExceptionUtils#getRootCause(Throwable):Throwable	f88df33dcfab5f927d51	413	751	1175	295
METHOD_EXIT	org.springframework.core.NestedExceptionUtils#getRootCause(Throwable):Throwable	fa0eb84f613859648fb4	455	828	1294	331
METHOD_EXIT	org.springframework.core.NestedExceptionUtils#getMostSpecificCause(Throwable):Throwable	c6181df24c0df2bb8de9	455	783	1249	345
METHOD_ENTRY	org.springframework.core.serializer.support.SerializationDelegate#serialize(Object,OutputStream):void	6e68907a84810cd7c49c	413	513	937	262
METHOD_EXIT	org.springframework.core.serializer.support.SerializationDelegate#serialize(Object,OutputStream):void	de6391e213e29bf6ec94	455	524	990	219
METHOD_ENTRY	org.springframework.core.serializer.support.DeserializingConverter#convert(byte[]):Object	3b85eac0cb45a6da8853	413	555	979	69
METHOD_ENTRY	org.springframework.core.NestedExceptionUtils#getMostSpecificCause(Throwable):Throwable	9a39764da2292184245b	413	706	1130	269
METHOD_EXIT	org.springframework.core.serializer.support.SerializationDelegate#deserialize(InputStream):Object	0e0d1526fbf676f65b38	455	580	1046	276
METHOD_ENTRY	org.springframework.core.serializer.support.SerializingConverter#convert(Object):byte[]	532fc8ef8d72efcb2ed1	413	522	946	57
METHOD_EXIT	org.springframework.core.serializer.support.SerializingConverter#convert(Object):byte[]	bc526f33481f8af18b6b	455	599	1065	250
METHOD_EXIT	org.springframework.core.serializer.support.DeserializingConverter#convert(byte[]):Object	0e62dbdc908679e2099d	455	632	1098	198
METHOD_ENTRY	org.springframework.core.serializer.support.SerializationDelegate#deserialize(InputStream):Object	8036c0887f039801c2ac	413	503	927	78
METHOD_ENTRY	org.springframework.core.serializer.Deserializer#deserializeFromByteArray(byte[]):T	e5d0ed740112c77795d9	413	600	1024	209
METHOD_ENTRY	org.springframework.core.serializer.DefaultDeserializer#getClassLoader():ClassLoader	712be6d10b84b36f1569	413	623	1047	215
METHOD_EXIT	org.springframework.core.serializer.DefaultDeserializer#getClassLoader():ClassLoader	052e284522182242624f	455	698	1164	164
METHOD_ENTRY	org.springframework.core.serializer.DefaultDeserializer#getObjectInputFilter():ObjectInputFilter	d712f55c0cce7a3d5a43	413	628	1052	66
METHOD_EXIT	org.springframework.core.serializer.DefaultDeserializer#getObjectInputFilter():ObjectInputFilter	43d8941258c4c91fcdcf	455	704	1170	210
METHOD_ENTRY	org.springframework.core.serializer.DefaultDeserializer#deserialize(InputStream):Object	22c0ab0233d5e14bfc51	413	711	1135	303
METHOD_EXIT	org.springframework.core.serializer.DefaultDeserializer#deserialize(InputStream):Object	45adee15d359ff6b7203	455	788	1254	268
METHOD_EXIT	org.springframework.core.serializer.DefaultSerializer#serialize(Object,OutputStream):void	5da34159e269d2a58264	455	581	1047	240
METHOD_ENTRY	org.springframework.core.serializer.Serializer#serializeToByteArray(T):byte[]	8909ffdc4f8c8fc64dda	413	613	1037	102
METHOD_EXIT	org.springframework.core.serializer.Serializer#serializeToByteArray(T):byte[]	63febc5a317245c8f157	455	690	1156	269
METHOD_ENTRY	org.springframework.core.serializer.DefaultSerializer#serialize(Object,OutputStream):void	75b70c65771dbb5e84d2	413	570	994	87
METHOD_ENTRY	org.springframework.core.io.ClassRelativeResourceLoader#getResourceByPath(String):Resource	6f11d568ae877b8b82ec	413	492	916	150
METHOD_EXIT	org.springframework.core.io.ClassRelativeResourceLoader#getResourceByPath(String):Resource	1585499b318308c6efae	455	569	1035	308
METHOD_EXIT	org.springframework.core.serializer.Deserializer#deserializeFromByteArray(byte[]):T	f032a61a468802a88078	455	677	1143	243
METHOD_ENTRY	org.springframework.core.io.ClassRelativeResourceLoader#createRelative(String):Resource	988623ba641edda1020f	413	511	935	263
METHOD_EXIT	org.springframework.core.io.ClassRelativeResourceLoader#getPathWithinContext():String	198fd8cf259c7c7fb5f0	455	555	1021	1289
METHOD_EXIT	org.springframework.core.io.ClassRelativeResourceLoader#createRelative(String):Resource	78a3954c6c4319056199	455	588	1054	275
METHOD_ENTRY	org.springframework.core.io.ClassRelativeResourceLoader#getPathWithinContext():String	fbc02158e3a9a1362794	413	481	905	188
METHOD_ENTRY	org.springframework.core.io.ClassRelativeContextResource#createRelative(String):Resource	0a16fda2268c2641cbee	413	419	843	185
METHOD_EXIT	org.springframework.core.io.ClassRelativeContextResource#getPathWithinContext():String	8e8a94d935b6164f66a6	455	463	929	219
METHOD_ENTRY	org.springframework.core.io.ClassRelativeContextResource#getPathWithinContext():String	9312fdb0be859a4127b2	413	389	813	108
METHOD_EXIT	org.springframework.core.io.ClassRelativeContextResource#createRelative(String):Resource	b48fd60f3ac43dbeab73	455	496	962	303
METHOD_ENTRY	org.springframework.core.io.support.ResourceRegion#getPosition():long	58dc448aef28d1e66e80	413	535	959	106
METHOD_ENTRY	org.springframework.core.io.support.ResourceRegion#getResource():Resource	65f1e814be549e86a428	413	535	959	149
METHOD_EXIT	org.springframework.core.io.support.ResourceRegion#getResource():Resource	5112afed2a0cf6d66985	455	609	1075	251
METHOD_EXIT	org.springframework.core.io.support.ResourceRegion#getPosition():long	f4e9e49f111ed98614cb	455	609	1075	238
METHOD_ENTRY	org.springframework.core.io.support.ResourceRegion#getCount():long	3bb7b55a9f8eb4686970	413	535	959	114
METHOD_EXIT	org.springframework.core.io.support.ResourceRegion#getCount():long	01a345ace90a0de104a8	455	609	1075	195
METHOD_ENTRY	org.springframework.core.io.support.DefaultPropertySourceFactory#createPropertySource(String,EncodedResource):PropertySource<?>	1408fe559d745a9d3974	413	510	934	283
METHOD_EXIT	org.springframework.core.io.support.LocalizedResourceHelper#setSeparator(String):void	96bfbd6295d61ff517b9	455	686	1152	178
METHOD_ENTRY	org.springframework.core.io.support.LocalizedResourceHelper#findLocalizedResource(String,String,Locale):Resource	d8faa0e5d3868c8e995d	413	970	1394	265
METHOD_ENTRY	org.springframework.core.io.support.LocalizedResourceHelper#setSeparator(String):void	1b0fc150873ef49ec77d	413	675	1099	235
METHOD_EXIT	org.springframework.core.io.support.LocalizedResourceHelper#findLocalizedResource(String,String,Locale):Resource	c1a85b4bbd72ed6723a1	455	1047	1513	340
METHOD_EXIT	org.springframework.core.io.support.DefaultPropertySourceFactory#createPropertySource(String,EncodedResource):PropertySource<?>	0fac232b57c64b216c34	455	589	1055	266
METHOD_ENTRY	org.springframework.core.io.support.PropertiesLoaderSupport#setProperties(Properties):void	e6075b8529740fc0c3d4	413	1001	1425	258
METHOD_EXIT	org.springframework.core.io.support.PropertiesLoaderSupport#setPropertiesArray(Properties):void	b919aca14d5132b61a0d	455	1014	1480	258
METHOD_ENTRY	org.springframework.core.io.support.PropertiesLoaderSupport#setPropertiesArray(Properties):void	a8c69bb02a4e21027920	413	1003	1427	233
METHOD_ENTRY	org.springframework.core.io.support.PropertiesLoaderSupport#setLocation(Resource):void	383fd131d05d1c7ae372	413	1000	1424	289
METHOD_EXIT	org.springframework.core.io.support.PropertiesLoaderSupport#setLocation(Resource):void	44722b2f940e60362229	455	1011	1477	201
METHOD_ENTRY	org.springframework.core.io.support.PropertiesLoaderSupport#setLocations(Resource):void	af1ac5969ca363b3eb5b	413	997	1421	241
METHOD_EXIT	org.springframework.core.io.support.PropertiesLoaderSupport#setLocations(Resource):void	0df1007411eb7868156f	455	1008	1474	143
METHOD_ENTRY	org.springframework.core.io.support.PropertiesLoaderSupport#setLocalOverride(boolean):void	cf6d8a526a3a5c5c6504	413	1002	1426	44
METHOD_EXIT	org.springframework.core.io.support.PropertiesLoaderSupport#setProperties(Properties):void	105fdabb0a01b3cb0c6b	455	1012	1478	223
METHOD_EXIT	org.springframework.core.io.support.PropertiesLoaderSupport#setLocalOverride(boolean):void	362bd923f3e4fe96d51f	455	1013	1479	105
METHOD_EXIT	org.springframework.core.io.support.PropertiesLoaderSupport#setIgnoreResourceNotFound(boolean):void	0d65003230b85d1b984a	455	1025	1491	111
METHOD_ENTRY	org.springframework.core.io.support.PropertiesLoaderSupport#setFileEncoding(String):void	1d6d451c9adeef59f2d8	413	999	1423	317
METHOD_EXIT	org.springframework.core.io.support.PropertiesLoaderSupport#setFileEncoding(String):void	40f559eaa4055f20b136	455	1010	1476	254
METHOD_ENTRY	org.springframework.core.io.support.PropertiesLoaderSupport#setIgnoreResourceNotFound(boolean):void	75d2b49f9542044690dc	413	1014	1438	1187
METHOD_ENTRY	org.springframework.core.io.support.PropertiesLoaderSupport#setPropertiesPersister(PropertiesPersister):void	e018195651656245f1e7	413	1030	1454	175
METHOD_EXIT	org.springframework.core.io.support.PropertiesLoaderSupport#setPropertiesPersister(PropertiesPersister):void	72da272fa62c1fe5ceae	455	1041	1507	197
METHOD_EXIT	org.springframework.core.io.support.PropertiesLoaderSupport#loadProperties(Properties):void	27b904c0e36e50370afa	455	1155	1621	253
METHOD_EXIT	org.springframework.core.io.support.PropertiesLoaderSupport#mergeProperties():Properties	c6a74dbe28f33cce00cb	455	1176	1642	291
METHOD_ENTRY	org.springframework.core.io.support.PropertiesLoaderSupport#loadProperties(Properties):void	d2dfe5f112dfb2d49512	413	1144	1568	254
METHOD_ENTRY	org.springframework.core.io.support.PropertiesLoaderSupport#mergeProperties():Properties	f0f8b79f8c1efd0cd722	413	1102	1526	211
METHOD_ENTRY	org.springframework.core.io.support.PropertiesLoaderUtils#loadProperties(EncodedResource):Properties	1c444c78d33297f217a6	413	985	1409	248
METHOD_EXIT	org.springframework.core.io.support.PropertiesLoaderUtils#loadProperties(EncodedResource):Properties	8ed8a15ee58898486088	455	1062	1528	207
METHOD_EXIT	org.springframework.core.io.support.PropertiesLoaderUtils#fillProperties(Properties,EncodedResource):void	aa2fe28264b459d2915f	455	1000	1466	283
METHOD_ENTRY	org.springframework.core.io.support.PropertiesLoaderUtils#fillProperties(Properties,EncodedResource):void	74d0256601c7230abdcb	413	989	1413	190
METHOD_ENTRY	org.springframework.core.io.support.PropertiesLoaderUtils#fillProperties(Properties,EncodedResource,PropertiesPersister):void	a1282b7c63c5f678490b	413	1148	1572	287
METHOD_EXIT	org.springframework.core.io.support.PropertiesLoaderUtils#fillProperties(Properties,EncodedResource,PropertiesPersister):void	b787dfb99317e94f0f0e	455	1159	1625	382
METHOD_ENTRY	org.springframework.core.io.support.PropertiesLoaderUtils#loadProperties(Resource):Properties	af5fb0babf7d950259da	413	979	1403	248
METHOD_ENTRY	org.springframework.core.io.support.PropertiesLoaderUtils#fillProperties(Properties,Resource):void	8cf369b4e42657d390cc	413	1030	1454	290
METHOD_EXIT	org.springframework.core.io.support.PropertiesLoaderUtils#loadAllProperties(String):Properties	c5ae9be5c7722ed37a27	455	1051	1517	322
METHOD_EXIT	org.springframework.core.io.support.PropertiesLoaderUtils#fillProperties(Properties,Resource):void	a50f878536738eaf6118	455	1041	1507	292
METHOD_ENTRY	org.springframework.core.io.support.PropertiesLoaderUtils#loadAllProperties(String,ClassLoader):Properties	6104b873c9e4a5aa74c0	413	1168	1592	265
METHOD_EXIT	org.springframework.core.io.support.PropertiesLoaderUtils#loadAllProperties(String,ClassLoader):Properties	3c21e764d8ed5b7d98e9	455	1245	1711	274
METHOD_ENTRY	org.springframework.core.io.support.PropertiesLoaderUtils#loadAllProperties(String):Properties	00335ce06a72110d2da8	413	974	1398	210
METHOD_EXIT	org.springframework.core.io.support.PropertiesLoaderUtils#loadProperties(Resource):Properties	55f750b4c1b0caaf5d83	455	1056	1522	288
METHOD_ENTRY	org.springframework.core.io.support.VfsPatternUtils#getVisitorAttributes():Object	de4762e4c5fad8d4b93d	413	481	905	62
METHOD_ENTRY	org.springframework.core.io.support.VfsPatternUtils#getPath(Object):String	36b28ae9bb4eb68db020	413	494	918	204
METHOD_EXIT	org.springframework.core.io.support.VfsPatternUtils#getPath(Object):String	66b3df87d20523552096	455	571	1037	245
METHOD_EXIT	org.springframework.core.io.support.VfsPatternUtils#getVisitorAttributes():Object	42bc257f1c53757a84bb	455	555	1021	212
METHOD_ENTRY	org.springframework.core.io.support.VfsPatternUtils#findRoot(URL):Object	240313287a1090bde62b	413	484	908	245
METHOD_EXIT	org.springframework.core.io.support.VfsPatternUtils#findRoot(URL):Object	63ebcb894cec549d27a7	455	561	1027	208
METHOD_ENTRY	org.springframework.core.io.support.VfsPatternUtils#visit(Object,InvocationHandler):void	8afad5dc8fe07d436357	413	543	967	283
METHOD_EXIT	org.springframework.core.io.support.VfsPatternUtils#visit(Object,InvocationHandler):void	8f6a7f64e1000d985a4b	455	554	1020	272
METHOD_ENTRY	org.springframework.core.io.support.ResourcePropertySource#withName(String):ResourcePropertySource	faf963a081e89a287c74	413	856	1280	349
METHOD_ENTRY	org.springframework.core.io.support.ResourcePropertySource#withResourceName():ResourcePropertySource	7db891951fc25d68a350	413	760	1184	253
METHOD_EXIT	org.springframework.core.io.support.ResourcePropertySource#withResourceName():ResourcePropertySource	98866e23ec8b74fce58c	455	836	1302	290
METHOD_ENTRY	org.springframework.core.io.support.ResourcePropertySource#getNameForResource(Resource):String	899159f821ea1be107b1	413	777	1201	255
METHOD_EXIT	org.springframework.core.io.support.ResourcePropertySource#getNameForResource(Resource):String	e0faf513f5205e3ee20d	455	854	1320	330
METHOD_EXIT	org.springframework.core.io.support.ResourcePropertySource#withName(String):ResourcePropertySource	69ec7b59db64b9b1c278	455	935	1401	321
METHOD_ENTRY	org.springframework.core.io.Resource#isReadable():boolean	be43df4d78299025a7e5	413	1885	2309	303
METHOD_ENTRY	org.springframework.core.io.Resource#isOpen():boolean	dcd8c228a4a0485da6a3	413	1885	2309	55
METHOD_EXIT	org.springframework.core.io.Resource#isFile():boolean	9c3fd7ec805df3506548	455	1959	2425	46
METHOD_EXIT	org.springframework.core.io.Resource#isOpen():boolean	857b7d0b3537d0201a0a	455	1959	2425	52
METHOD_EXIT	org.springframework.core.io.Resource#getFilePath():Path	ff8ec787969f562e8e83	455	1966	2432	277
METHOD_ENTRY	org.springframework.core.io.Resource#readableChannel():ReadableByteChannel	a57a0783cab985e08be8	413	1898	2322	294
METHOD_ENTRY	org.springframework.core.io.Resource#getFilePath():Path	e8bcf6ffd8a53b819eba	413	1892	2316	250
METHOD_EXIT	org.springframework.core.io.Resource#readableChannel():ReadableByteChannel	484bde64d953f78a7009	455	1975	2441	321
METHOD_EXIT	org.springframework.core.io.Resource#isReadable():boolean	a7ac5034aec152cb570b	455	1959	2425	221
METHOD_ENTRY	org.springframework.core.io.Resource#isFile():boolean	3bb22fada41fffbb1edb	413	1885	2309	265
METHOD_ENTRY	org.springframework.core.io.Resource#consumeContent(IOConsumer<InputStream>):void	3ecbe133910097c76935	413	1921	2345	188
METHOD_ENTRY	org.springframework.core.io.Resource#getContentAsByteArray():byte[]	1385a8dbc2f12d653218	413	1903	2327	267
METHOD_EXIT	org.springframework.core.io.Resource#consumeContent(IOConsumer<InputStream>):void	4b5fd57d981c53aedefd	455	1932	2398	99
METHOD_EXIT	org.springframework.core.io.Resource#getContentAsByteArray():byte[]	cf26863fae9ae5bcc09f	455	1977	2443	247
METHOD_ENTRY	org.springframework.core.io.Resource#getContentAsString(Charset):String	149b2b000861b3359dc9	413	1911	2335	238
METHOD_EXIT	org.springframework.core.io.Resource#getContentAsString(Charset):String	60ad38d9625d9f5fac06	455	1988	2454	270
METHOD_EXIT	org.springframework.core.io.ResourceEditor#setAsText(String):void	91772d0d6055c7c08327	455	757	1223	324
METHOD_ENTRY	org.springframework.core.io.ResourceEditor#getAsText():String	f2d7617902915fac95a1	413	776	1200	184
METHOD_ENTRY	org.springframework.core.io.ResourceEditor#resolvePath(String):String	cb71d842c6a427070a00	413	747	1171	354
METHOD_EXIT	org.springframework.core.io.FileUrlResource#getFile():File	882a6a0614ef36d07c8b	455	696	1162	283
METHOD_ENTRY	org.springframework.core.io.FileUrlResource#getFile():File	d686e42ccfaabbd8089b	413	622	1046	280
METHOD_ENTRY	org.springframework.core.io.FileUrlResource#isWritable():boolean	5a817e88ae02e0c462af	413	622	1046	273
METHOD_EXIT	org.springframework.core.io.FileUrlResource#isWritable():boolean	3880a73a2d3667a4bcdd	455	696	1162	242
METHOD_ENTRY	org.springframework.core.io.ResourceEditor#setAsText(String):void	c8d254cfd9a18355cd02	413	746	1170	364
METHOD_ENTRY	org.springframework.core.io.FileUrlResource#writableChannel():WritableByteChannel	2e84dfbbebf5eee55611	413	604	1028	217
METHOD_EXIT	org.springframework.core.io.FileUrlResource#writableChannel():WritableByteChannel	961e023682144c77192f	455	680	1146	266
METHOD_EXIT	org.springframework.core.io.FileUrlResource#getOutputStream():OutputStream	20d4057b62ae00c90fcb	455	674	1140	279
METHOD_ENTRY	org.springframework.core.io.FileUrlResource#createRelative(String):Resource	141ff554c4991ad3837a	413	621	1045	339
METHOD_EXIT	org.springframework.core.io.ResourceEditor#getAsText():String	6a6d680a36bbd67f0661	455	850	1316	383
METHOD_ENTRY	org.springframework.core.io.FileUrlResource#getOutputStream():OutputStream	67313d69b9619dd82304	413	599	1023	455
METHOD_EXIT	org.springframework.core.io.ResourceEditor#resolvePath(String):String	3e9f5427c8610151731c	455	824	1290	258
METHOD_EXIT	org.springframework.core.io.FileUrlResource#createRelative(String):Resource	a13edcd03ca61771551d	455	698	1164	214
METHOD_ENTRY	org.springframework.core.io.WritableResource#isWritable():boolean	0458abbe177b06105c7b	413	698	1122	83
METHOD_EXIT	org.springframework.core.io.WritableResource#isWritable():boolean	a53583511ee660e652f5	455	772	1238	41
METHOD_ENTRY	org.springframework.core.io.WritableResource#writableChannel():WritableByteChannel	2ddc3ead35372dfa7f36	413	709	1133	235
METHOD_EXIT	org.springframework.core.io.WritableResource#writableChannel():WritableByteChannel	5bc37054e3012da42bed	455	785	1251	235
METHOD_ENTRY	org.springframework.core.io.FileSystemContextResource#getPathWithinContext():String	29f002cecf0c17cc736b	413	389	813	69
METHOD_ENTRY	org.springframework.core.io.FileSystemResourceLoader#getPathWithinContext():String	fcedaa9f7e10e35d68d2	413	647	1071	165
METHOD_ENTRY	org.springframework.core.io.FileSystemResourceLoader#getResourceByPath(String):Resource	8900743e35d85c8388a9	413	674	1098	259
METHOD_EXIT	org.springframework.core.io.FileSystemResourceLoader#getResourceByPath(String):Resource	940b7438d6a93bf10672	455	751	1217	278
METHOD_EXIT	org.springframework.core.io.FileSystemContextResource#getPathWithinContext():String	c9064f84f6f6d35b83a5	455	463	929	1146
METHOD_EXIT	org.springframework.core.io.FileSystemResourceLoader#getPathWithinContext():String	7145b5af1edace52d14a	455	721	1187	8406
METHOD_ENTRY	org.springframework.core.io.buffer.JettyDataBufferFactory#allocateBuffer():JettyDataBuffer	1eb8ecb7241272a3cbb2	413	570	994	187
METHOD_EXIT	org.springframework.core.io.buffer.JettyDataBufferFactory#allocateBuffer(int):JettyDataBuffer	495b4a92ed10941c448f	455	648	1114	166
METHOD_ENTRY	org.springframework.core.io.buffer.JettyDataBufferFactory#wrap(ByteBuffer):JettyDataBuffer	5c0591fc9d3f0a7e94df	413	568	992	205
METHOD_EXIT	org.springframework.core.io.buffer.JettyDataBufferFactory#wrap(ByteBuffer):JettyDataBuffer	4d751f14443119e30185	455	648	1114	246
METHOD_ENTRY	org.springframework.core.io.buffer.JettyDataBufferFactory#wrap(byte[]):JettyDataBuffer	f9e0b089b3f50374bbf4	413	563	987	242
METHOD_ENTRY	org.springframework.core.io.buffer.JettyDataBufferFactory#wrap(Content.Chunk):JettyDataBuffer	5ecf4c7757267cb71b63	413	580	1004	269
METHOD_ENTRY	org.springframework.core.io.buffer.JettyDataBufferFactory#join(List<? extends DataBuffer>):JettyDataBuffer	97f928afc95d5f160f36	413	578	1002	199
METHOD_ENTRY	org.springframework.core.io.buffer.JettyDataBufferFactory#allocateBuffer(int):JettyDataBuffer	0f5c9e3aa856146d46eb	413	568	992	192
METHOD_EXIT	org.springframework.core.io.buffer.JettyDataBufferFactory#wrap(byte[]):JettyDataBuffer	5cf9b78f41118ec38364	455	643	1109	336
METHOD_EXIT	org.springframework.core.io.buffer.JettyDataBufferFactory#allocateBuffer():JettyDataBuffer	d69a267b95332e03985e	455	647	1113	290
METHOD_EXIT	org.springframework.core.io.buffer.JettyDataBufferFactory#isDirect():boolean	1b1f68a1a5289bc1a033	455	612	1078	90
METHOD_ENTRY	org.springframework.core.io.buffer.JettyDataBufferFactory#isDirect():boolean	fd1050b8e5a24c5a6058	413	538	962	110
METHOD_EXIT	org.springframework.core.io.buffer.JettyDataBufferFactory#join(List<? extends DataBuffer>):JettyDataBuffer	f8180b7c7ab16c6ddee8	455	658	1124	289
METHOD_EXIT	org.springframework.core.io.buffer.JettyDataBufferFactory#wrap(Content.Chunk):JettyDataBuffer	49fabcc114d7aa011e68	455	660	1126	326
METHOD_ENTRY	org.springframework.core.io.buffer.DataBuffer#ensureCapacity(int):DataBuffer	86a4fb54c6ed56908f37	413	4003	4427	98
METHOD_EXIT	org.springframework.core.io.buffer.DataBuffer#ensureCapacity(int):DataBuffer	b6f9f3df5c26008de2fd	455	4081	4547	266
METHOD_ENTRY	org.springframework.core.io.buffer.DataBuffer#forEachByte(int,int,ByteProcessor):int	5b12fb203d4e03406923	413	4073	4497	220
METHOD_EXIT	org.springframework.core.io.buffer.DataBuffer#forEachByte(int,int,ByteProcessor):int	961b0a15a0a772d50840	455	4150	4616	254
METHOD_EXIT	org.springframework.core.io.buffer.DataBuffer#write(CharSequence,Charset):DataBuffer	7508face0081ef737071	455	4371	4837	296
METHOD_ENTRY	org.springframework.core.io.buffer.DataBuffer#retainedSlice(int,int):DataBuffer	5ad2dad2a32c17e3711c	413	4018	4442	222
METHOD_EXIT	org.springframework.core.io.buffer.DataBuffer#retainedSlice(int,int):DataBuffer	c058062405deb6ecd666	455	4096	4562	245
METHOD_EXIT	org.springframework.core.io.buffer.DataBuffer#toByteBuffer():ByteBuffer	ae62fd75b968f81fb0c2	455	4082	4548	243
METHOD_ENTRY	org.springframework.core.io.buffer.DataBuffer#write(CharSequence,Charset):DataBuffer	4aca1962199322049f53	413	4293	4717	267
METHOD_ENTRY	org.springframework.core.io.buffer.DataBuffer#toByteBuffer():ByteBuffer	e1e500e6beb3209ac712	413	4007	4431	240
METHOD_EXIT	org.springframework.core.io.buffer.DataBuffer#toByteBuffer(ByteBuffer):void	671e82e04d9eccd296fd	455	4016	4482	272
METHOD_ENTRY	org.springframework.core.io.buffer.DataBuffer#asInputStream():InputStream	7884bcf4fdfb81b0bf8a	413	3994	4418	242
METHOD_EXIT	org.springframework.core.io.buffer.DataBuffer#asInputStream():InputStream	f5fe1abdf9a9cca5dade	455	4069	4535	214
METHOD_ENTRY	org.springframework.core.io.buffer.DataBuffer#toByteBuffer(ByteBuffer):void	6fb31c2727563521840f	413	4005	4429	111
METHOD_EXIT	org.springframework.core.io.buffer.DataBuffer#asInputStream(boolean):InputStream	56951110ca571e46343f	455	4083	4549	234
METHOD_ENTRY	org.springframework.core.io.buffer.DefaultDataBufferFactory#allocateBuffer():DefaultDataBuffer	59a89dfae4445503088b	413	617	1041	47
METHOD_ENTRY	org.springframework.core.io.buffer.DataBuffer#asInputStream(boolean):InputStream	4f66e1d401f4e0d19fb7	413	4005	4429	59
METHOD_ENTRY	org.springframework.core.io.buffer.DefaultDataBufferFactory#allocateBuffer(int):DefaultDataBuffer	aab8f0d0dab3739f83e3	413	646	1070	87
METHOD_EXIT	org.springframework.core.io.buffer.DataBuffer#asOutputStream():OutputStream	81496671dffe04547363	455	4067	4533	134
METHOD_EXIT	org.springframework.core.io.buffer.DefaultDataBufferFactory#allocateBuffer():DefaultDataBuffer	d73377e77a646bde4a97	455	693	1159	249
METHOD_EXIT	org.springframework.core.io.buffer.DefaultDataBufferFactory#allocateBuffer(int):DefaultDataBuffer	4450544bea20d622c8db	455	725	1191	261
METHOD_ENTRY	org.springframework.core.io.buffer.DataBuffer#asOutputStream():OutputStream	cdfb8541c5d58a132dc3	413	3992	4416	257
METHOD_EXIT	org.springframework.core.io.buffer.DataBuffer#toString(Charset):String	6195715c1dc865c8057a	455	4090	4556	261
METHOD_ENTRY	org.springframework.core.io.buffer.DefaultDataBufferFactory#wrap(ByteBuffer):DefaultDataBuffer	f4ed36e0c2d73da66a23	413	620	1044	239
METHOD_EXIT	org.springframework.core.io.buffer.DefaultDataBufferFactory#wrap(ByteBuffer):DefaultDataBuffer	c869b5bb5396ebd05a16	455	699	1165	220
METHOD_ENTRY	org.springframework.core.io.buffer.DataBuffer#toString(Charset):String	517db8c588f4632145f6	413	4013	4437	96
METHOD_ENTRY	org.springframework.core.io.buffer.DefaultDataBufferFactory#join(List<? extends DataBuffer>):DefaultDataBuffer	70785b98117eea328b4b	413	687	1111	267
METHOD_ENTRY	org.springframework.core.io.buffer.DefaultDataBufferFactory#wrap(byte[]):DefaultDataBuffer	e9dc521705522fd3f909	413	617	1041	256
METHOD_ENTRY	org.springframework.core.io.buffer.DefaultDataBufferFactory#isDirect():boolean	97a8a00609307baa0708	413	600	1024	70
METHOD_EXIT	org.springframework.core.io.buffer.DefaultDataBufferFactory#isDirect():boolean	6fb7fc162204050579a4	455	674	1140	49
METHOD_EXIT	org.springframework.core.io.buffer.DefaultDataBufferFactory#join(List<? extends DataBuffer>):DefaultDataBuffer	33208b601370775160ae	455	766	1232	311
METHOD_ENTRY	org.springframework.core.io.buffer.DefaultDataBufferFactory#toString():String	01665488096c6a18706f	413	611	1035	238
METHOD_EXIT	org.springframework.core.io.buffer.DefaultDataBufferFactory#wrap(byte[]):DefaultDataBuffer	9abae3b5b4605aea0467	455	696	1162	248
METHOD_EXIT	org.springframework.core.io.buffer.DefaultDataBufferFactory#toString():String	62d4e3a2c4bff15a7f9d	455	685	1151	231
METHOD_EXIT	org.springframework.core.io.buffer.DataBufferOutputStream#close():void	c7fc7c8e34cb6288a2a1	455	516	982	203
METHOD_ENTRY	org.springframework.core.io.buffer.DataBufferOutputStream#write(byte[],int,int):void	01bbdba8c45764b45b37	413	548	972	244
METHOD_EXIT	org.springframework.core.io.buffer.DataBufferOutputStream#write(int):void	8513d48b8778bc0f1f68	455	527	993	312
METHOD_ENTRY	org.springframework.core.io.buffer.DataBufferOutputStream#checkClosed():void	b6ee105d085cc32d6602	413	510	934	124
METHOD_ENTRY	org.springframework.core.io.buffer.DataBufferOutputStream#write(int):void	89a94aa14684bbf687ce	413	516	940	139
METHOD_ENTRY	org.springframework.core.io.buffer.DataBufferOutputStream#close():void	c696ad282b373ed70185	413	505	929	132
METHOD_EXIT	org.springframework.core.io.buffer.DataBufferOutputStream#write(byte[],int,int):void	953ba74b09b9ae0b3c2d	455	559	1025	321
METHOD_EXIT	org.springframework.core.io.buffer.DataBufferOutputStream#checkClosed():void	9f14b919acaa90425884	455	521	987	87
METHOD_ENTRY	org.springframework.core.io.buffer.SubscriberInputStream#onSubscribe(Subscription):void	b5175497b359ec6d21a5	413	885	1309	268
METHOD_ENTRY	org.springframework.core.io.buffer.SubscriberInputStream#onError(Throwable):void	391693c1e0e908e5e97d	413	880	1304	286
METHOD_ENTRY	org.springframework.core.io.buffer.SubscriberInputStream#onNext(DataBuffer):void	8574228e781f56361ea3	413	976	1400	287
METHOD_ENTRY	org.springframework.core.io.buffer.SubscriberInputStream#onComplete():void	2d016230099de3050b29	413	869	1293	261
METHOD_EXIT	org.springframework.core.io.buffer.SubscriberInputStream#onNext(DataBuffer):void	b6cccc6bbd8e0c1e55cb	455	987	1453	302
METHOD_EXIT	org.springframework.core.io.buffer.SubscriberInputStream#onSubscribe(Subscription):void	35aefb1bb323e7be6566	455	896	1362	326
METHOD_EXIT	org.springframework.core.io.buffer.SubscriberInputStream#onError(Throwable):void	8b94e0f90c15430b92a1	455	891	1357	259
METHOD_EXIT	org.springframework.core.io.buffer.SubscriberInputStream#onComplete():void	d735eb1e119b8998e670	455	880	1346	335
METHOD_ENTRY	org.springframework.core.io.buffer.SubscriberInputStream#addWork():int	efd6ee14efbc36252f2c	413	913	1337	232
METHOD_ENTRY	org.springframework.core.io.buffer.SubscriberInputStream#resume():void	41ef767e6acbd3968922	413	882	1306	215
METHOD_EXIT	org.springframework.core.io.buffer.SubscriberInputStream#addWork():int	61ef6d39fb4fcc7e4334	455	987	1453	215
METHOD_EXIT	org.springframework.core.io.buffer.SubscriberInputStream#resume():void	96c2c5db81736ac46d24	455	893	1359	245
METHOD_ENTRY	org.springframework.core.io.buffer.SubscriberInputStream#read():int	dbb9479669dc844bef47	413	1024	1448	252
METHOD_EXIT	org.springframework.core.io.buffer.SubscriberInputStream#read():int	d9199ea761abf63d8feb	455	1098	1564	362
METHOD_EXIT	org.springframework.core.io.buffer.SubscriberInputStream#read(byte[],int,int):int	decee580d968a14fccbf	455	1246	1712	296
METHOD_ENTRY	org.springframework.core.io.buffer.SubscriberInputStream#read(byte[],int,int):int	d973fc5b2c4a3244abea	413	1169	1593	237
METHOD_ENTRY	org.springframework.core.io.buffer.SubscriberInputStream#getNextOrAwait():DataBuffer	015e86a123214c4b3c88	413	1030	1454	285
METHOD_EXIT	org.springframework.core.io.buffer.SubscriberInputStream#cleanAndFinalize():void	b354274ea1f89af7f110	455	925	1391	283
METHOD_ENTRY	org.springframework.core.io.buffer.SubscriberInputStream#cleanAndFinalize():void	bded6fb1e24b3e9bed7c	413	914	1338	247
METHOD_EXIT	org.springframework.core.io.buffer.SubscriberInputStream#getNextOrAwait():DataBuffer	68ca8893fbddf0cccd2e	455	1105	1571	284
METHOD_EXIT	org.springframework.core.io.buffer.SubscriberInputStream#close():void	4b66aa38c48fd1675bd5	455	924	1390	358
METHOD_ENTRY	org.springframework.core.io.buffer.SubscriberInputStream#close():void	de1e17059e8b2fb92743	413	913	1337	251
METHOD_ENTRY	org.springframework.core.io.buffer.SubscriberInputStream#requiredSubscriber():Subscription	83bdd611d799f7d098a6	413	853	1277	274
METHOD_EXIT	org.springframework.core.io.buffer.SubscriberInputStream#requiredSubscriber():Subscription	b6255a55ae7c6bd174e9	455	927	1393	190
METHOD_ENTRY	org.springframework.core.io.buffer.DataBufferInputStream#read():int	25b9d38075b688bcdee9	413	611	1035	261
METHOD_EXIT	org.springframework.core.io.buffer.DataBufferInputStream#read():int	c771e86bf343af88de96	455	685	1151	253
METHOD_ENTRY	org.springframework.core.io.buffer.DataBufferInputStream#read(byte[],int,int):int	7790131bb0be051dd5f3	413	653	1077	221
METHOD_ENTRY	org.springframework.core.io.buffer.SubscriberInputStream#discard(DataBuffer):void	26b0187082fa89b54d10	413	845	1269	249
METHOD_EXIT	org.springframework.core.io.buffer.SubscriberInputStream#discard(DataBuffer):void	d7b07408492c4de29ccb	455	856	1322	212
METHOD_ENTRY	org.springframework.core.io.buffer.SubscriberInputStream#await():void	e3752f15071176c0f994	413	1001	1425	250
METHOD_EXIT	org.springframework.core.io.buffer.SubscriberInputStream#await():void	6d977b38f1db79bb010d	455	1012	1478	341
METHOD_ENTRY	org.springframework.core.io.buffer.DataBufferInputStream#markSupported():boolean	9d7d9d2f4aaf9019b9cd	413	580	1004	43
METHOD_ENTRY	org.springframework.core.io.buffer.DataBufferInputStream#mark(int):void	417c4536758ad2802109	413	611	1035	176
METHOD_EXIT	org.springframework.core.io.buffer.DataBufferInputStream#markSupported():boolean	6c50fffdef0002428a30	455	654	1120	51
METHOD_EXIT	org.springframework.core.io.buffer.DataBufferInputStream#read(byte[],int,int):int	c48bd5e0b4cc22d591d3	455	730	1196	276
METHOD_ENTRY	org.springframework.core.io.buffer.DataBufferInputStream#available():int	005fc329e198bf57ee87	413	590	1014	265
METHOD_EXIT	org.springframework.core.io.buffer.DataBufferInputStream#available():int	b79e7da35991178431e5	455	664	1130	266
METHOD_ENTRY	org.springframework.core.io.buffer.DataBufferInputStream#reset():void	677cfa4c4c7a3e635e51	413	583	1007	192
METHOD_EXIT	org.springframework.core.io.buffer.DataBufferInputStream#reset():void	f6d4fe0f947dd4a71ebd	455	594	1060	237
METHOD_EXIT	org.springframework.core.io.buffer.DataBufferInputStream#mark(int):void	10168ff57caa08a148b3	455	622	1088	174
METHOD_ENTRY	org.springframework.core.io.buffer.DataBufferInputStream#close():void	425423bdbba65d56f6d3	413	614	1038	170
METHOD_EXIT	org.springframework.core.io.buffer.DataBufferInputStream#close():void	d67e45983045391e1277	455	625	1091	227
METHOD_ENTRY	org.springframework.core.io.buffer.DataBufferInputStream#readNBytes(int):byte[]	c40cf7c5cf7fc1a99007	413	646	1070	225
METHOD_EXIT	org.springframework.core.io.buffer.DataBufferInputStream#readNBytes(int):byte[]	f5daf7717e0951566e02	455	723	1189	194
METHOD_ENTRY	org.springframework.core.io.buffer.DataBufferInputStream#skip(long):long	d8cb1dc392fe02a2f3dd	413	646	1070	310
METHOD_EXIT	org.springframework.core.io.buffer.DataBufferInputStream#skip(long):long	759c3e69d24d69404b7b	455	723	1189	238
METHOD_ENTRY	org.springframework.core.io.buffer.DataBufferInputStream#transferTo(OutputStream):long	444e68fa2d8d6a7ca502	413	639	1063	197
METHOD_EXIT	org.springframework.core.io.buffer.DataBufferInputStream#transferTo(OutputStream):long	47f3912952cfe5a96b3e	455	716	1182	273
METHOD_EXIT	org.springframework.core.io.buffer.DataBufferInputStream#checkClosed():void	e1e813274bc53d7d818f	455	609	1075	63
METHOD_ENTRY	org.springframework.core.io.buffer.LimitedDataBufferList#add(DataBuffer):boolean	d7e6f7153a8a8800c886	413	782	1206	217
METHOD_ENTRY	org.springframework.core.io.buffer.DataBufferInputStream#checkClosed():void	c8e51f91cd550ca8b051	413	598	1022	56
METHOD_ENTRY	org.springframework.core.io.buffer.LimitedDataBufferList#add(int,DataBuffer):void	02443a79cdef4987ecff	413	793	1217	196
METHOD_EXIT	org.springframework.core.io.buffer.LimitedDataBufferList#add(int,DataBuffer):void	db494dfd1db7b45bfdb9	455	804	1270	272
METHOD_ENTRY	org.springframework.core.io.buffer.LimitedDataBufferList#addAll(Collection<? extends DataBuffer>):boolean	7b3abf59f5fb3e00a6fb	413	807	1231	193
METHOD_EXIT	org.springframework.core.io.buffer.LimitedDataBufferList#add(DataBuffer):boolean	ba55360c007b62f9292d	455	859	1325	273
METHOD_ENTRY	org.springframework.core.io.buffer.LimitedDataBufferList#addAll(int,Collection<? extends DataBuffer>):boolean	564148228b363c4fdc4a	413	819	1243	259
METHOD_ENTRY	org.springframework.core.io.buffer.LimitedDataBufferList#updateCount(int):void	28c119c33012db28984a	413	846	1270	293
METHOD_EXIT	org.springframework.core.io.buffer.LimitedDataBufferList#addAll(Collection<? extends DataBuffer>):boolean	6e519effedbeef56e577	455	884	1350	277
METHOD_EXIT	org.springframework.core.io.buffer.LimitedDataBufferList#updateCount(int):void	8217b5a8bbc74742eea7	455	857	1323	297
METHOD_ENTRY	org.springframework.core.io.buffer.LimitedDataBufferList#raiseLimitException():void	01c87a8bb88cdc01f324	413	803	1227	126
METHOD_EXIT	org.springframework.core.io.buffer.LimitedDataBufferList#addAll(int,Collection<? extends DataBuffer>):boolean	10a56787762aedd08878	455	896	1362	277
METHOD_ENTRY	org.springframework.core.io.buffer.LimitedDataBufferList#remove(int):DataBuffer	5faf4aa80980c3fda2aa	413	773	1197	143
METHOD_EXIT	org.springframework.core.io.buffer.LimitedDataBufferList#raiseLimitException():void	05c16670f2e9e2680e1b	455	814	1280	240
METHOD_EXIT	org.springframework.core.io.buffer.LimitedDataBufferList#remove(int):DataBuffer	af25acb1a8b2b2df98a1	455	851	1317	57
METHOD_EXIT	org.springframework.core.io.buffer.LimitedDataBufferList#remove(Object):boolean	1b796c271e97a47916c0	455	848	1314	66
METHOD_EXIT	org.springframework.core.io.buffer.LimitedDataBufferList#removeRange(int,int):void	f84a89df4b3f1fb4e7cb	455	797	1263	258
METHOD_ENTRY	org.springframework.core.io.buffer.LimitedDataBufferList#remove(Object):boolean	906b39b1f52123e083a7	413	771	1195	142
METHOD_EXIT	org.springframework.core.io.buffer.LimitedDataBufferList#removeAll(Collection<?>):boolean	409d21685f428dfcdf36	455	853	1319	161
METHOD_ENTRY	org.springframework.core.io.buffer.LimitedDataBufferList#removeRange(int,int):void	5d5e6a7453567bdd4614	413	786	1210	154
METHOD_ENTRY	org.springframework.core.io.buffer.LimitedDataBufferList#removeIf(Predicate<? super DataBuffer>):boolean	4fb4afd64c34d7e8d7e7	413	788	1212	99
METHOD_EXIT	org.springframework.core.io.buffer.LimitedDataBufferList#removeIf(Predicate<? super DataBuffer>):boolean	090930edb6cfa7041054	455	865	1331	176
METHOD_ENTRY	org.springframework.core.io.buffer.LimitedDataBufferList#removeAll(Collection<?>):boolean	383b6e0dff2115824300	413	776	1200	237
METHOD_ENTRY	org.springframework.core.io.buffer.LimitedDataBufferList#set(int,DataBuffer):DataBuffer	9c2ed4c32208d9fb2949	413	785	1209	132
METHOD_EXIT	org.springframework.core.io.buffer.LimitedDataBufferList#set(int,DataBuffer):DataBuffer	936fece2b5c044b9cf8d	455	863	1329	64
METHOD_ENTRY	org.springframework.core.io.buffer.LimitedDataBufferList#clear():void	36e13fe0fd41239ed435	413	771	1195	212
METHOD_ENTRY	org.springframework.core.io.buffer.LimitedDataBufferList#releaseAndClear():void	d40d2a4c9f5fc12f623c	413	802	1226	185
METHOD_EXIT	org.springframework.core.io.buffer.LimitedDataBufferList#clear():void	2a70061030a3c054d3c2	455	782	1248	321
METHOD_EXIT	org.springframework.core.io.buffer.LimitedDataBufferList#releaseAndClear():void	b3cef22653c1bb0c1c70	455	813	1279	216
METHOD_ENTRY	org.springframework.core.io.buffer.OutputStreamPublisher#subscribe(Subscriber<? super T>):void	e1037fb1c8fd2a9e9b21	413	684	1108	219
METHOD_ENTRY	org.springframework.core.io.buffer.OutputStreamPublisher#write(int):void	0ec18ab1a5721d4ab726	413	617	1041	71
METHOD_ENTRY	org.springframework.core.io.buffer.OutputStreamPublisher#write(byte[]):void	cd982e69c2b4f1b13404	413	598	1022	112
METHOD_EXIT	org.springframework.core.io.buffer.OutputStreamPublisher#write(byte[]):void	d1338478af0e5499a267	455	609	1075	293
METHOD_ENTRY	org.springframework.core.io.buffer.OutputStreamPublisher#write(byte[],int,int):void	7056c20094aa25926e05	413	641	1065	813
METHOD_EXIT	org.springframework.core.io.buffer.OutputStreamPublisher#subscribe(Subscriber<? super T>):void	4efde6e81cc43129dce4	455	695	1161	166
METHOD_EXIT	org.springframework.core.io.buffer.OutputStreamPublisher#write(byte[],int,int):void	9d06d3eb155456bce160	455	652	1118	275
METHOD_EXIT	org.springframework.core.io.buffer.OutputStreamPublisher#write(int):void	9d6375d504d18bfd0960	455	628	1094	166
METHOD_ENTRY	org.springframework.core.io.buffer.OutputStreamPublisher#checkDemandAndAwaitIfNeeded():void	cb6922c083235feecfd6	413	733	1157	238
METHOD_EXIT	org.springframework.core.io.buffer.OutputStreamPublisher#checkDemandAndAwaitIfNeeded():void	9071e3564af90bfdb5b5	455	744	1210	278
METHOD_ENTRY	org.springframework.core.io.buffer.OutputStreamPublisher#invokeHandler():void	c2627f395f71356ed03f	413	822	1246	193
METHOD_EXIT	org.springframework.core.io.buffer.OutputStreamPublisher#invokeHandler():void	67ae30fb4c8e7cf2cb0a	455	833	1299	118
METHOD_ENTRY	org.springframework.core.io.buffer.OutputStreamPublisher#request(long):void	eb90da7ee0f52eff50f8	413	725	1149	162
METHOD_ENTRY	org.springframework.core.io.buffer.OutputStreamPublisher#cancel():void	5620834c128325a6e225	413	633	1057	155
METHOD_EXIT	org.springframework.core.io.buffer.OutputStreamPublisher#cancel():void	f7b16db63f440e6ae93a	455	644	1110	65
METHOD_EXIT	org.springframework.core.io.buffer.OutputStreamPublisher#request(long):void	d97c4576c4c73d8814a6	455	736	1202	323
METHOD_ENTRY	org.springframework.core.io.buffer.OutputStreamPublisher#await():void	9b2f642f4d568e350b97	413	749	1173	263
METHOD_EXIT	org.springframework.core.io.buffer.OutputStreamPublisher#await():void	051a9d9897e463d6eac0	455	760	1226	330
METHOD_EXIT	org.springframework.core.io.buffer.OutputStreamPublisher#resume():void	8738d0db0be9c5e0b97e	455	642	1108	164
METHOD_ENTRY	org.springframework.core.io.buffer.OutputStreamPublisher#tryCancel():long	c5cb3d690d61d3992980	413	635	1059	158
METHOD_EXIT	org.springframework.core.io.buffer.OutputStreamPublisher#tryCancel():long	6f1e83bd36aec39b1eaf	455	709	1175	361
METHOD_ENTRY	org.springframework.core.io.buffer.OutputStreamPublisher#tryTerminate():long	9aad3b4c6beec6903a6f	413	645	1069	250
METHOD_ENTRY	org.springframework.core.io.buffer.OutputStreamPublisher#resume():void	4d670ec5c3ebc0a1a8b9	413	631	1055	344
METHOD_EXIT	org.springframework.core.io.buffer.OutputStreamPublisher#tryProduce(long):long	14d82b8bd52ccaf0565c	455	768	1234	329
METHOD_ENTRY	org.springframework.core.io.buffer.OutputStreamPublisher#tryProduce(long):long	11edc8747e4acb090b75	413	691	1115	301
METHOD_ENTRY	org.springframework.core.io.buffer.OutputStreamPublisher#addCap(long):long	9c45f6e1d577602c90cb	413	661	1085	261
METHOD_EXIT	org.springframework.core.io.buffer.OutputStreamPublisher#addCap(long):long	2701c8386306ffb6a38b	455	738	1204	339
METHOD_EXIT	org.springframework.core.io.buffer.OutputStreamPublisher#tryTerminate():long	cb73a9639d8eb13d7d4e	455	719	1185	384
METHOD_ENTRY	org.springframework.core.io.buffer.OutputStreamPublisher#isTerminated(long):boolean	680a462e16031f12a3ff	413	600	1024	193
METHOD_ENTRY	org.springframework.core.io.buffer.OutputStreamPublisher#isCancelled(long):boolean	3ac6116a645561a1d91d	413	593	1017	197
METHOD_EXIT	org.springframework.core.io.buffer.OutputStreamPublisher#isTerminated(long):boolean	fe9904d1bca66abdb256	455	677	1143	370
METHOD_ENTRY	org.springframework.core.io.buffer.OutputStreamSubscription#write(int):void	6e5c1dd23dc8681c8c38	413	416	840	116
METHOD_ENTRY	org.springframework.core.io.buffer.OutputStreamSubscription#write(byte[]):void	6b098df142e308a7222f	413	397	821	171
METHOD_EXIT	org.springframework.core.io.buffer.OutputStreamSubscription#write(byte[]):void	33301967c00f43924355	455	408	874	239
METHOD_ENTRY	org.springframework.core.io.buffer.OutputStreamSubscription#write(byte[],int,int):void	0f8cd010beeb6ee7a67c	413	440	864	247
METHOD_EXIT	org.springframework.core.io.buffer.OutputStreamPublisher#isCancelled(long):boolean	642a17a667fc42633fe6	455	670	1136	269
METHOD_ENTRY	org.springframework.core.io.buffer.OutputStreamPublisher#addCap(long,long):long	be58f91204edbc2cafde	413	625	1049	233
METHOD_EXIT	org.springframework.core.io.buffer.OutputStreamPublisher#addCap(long,long):long	166b0bb9cdc26faba6be	455	702	1168	237
METHOD_EXIT	org.springframework.core.io.buffer.OutputStreamSubscription#write(int):void	d192dc2af12c4c0b8211	455	427	893	295
METHOD_EXIT	org.springframework.core.io.buffer.OutputStreamSubscription#write(byte[],int,int):void	e9be38fd667baec1c714	455	451	917	279
METHOD_ENTRY	org.springframework.core.io.buffer.OutputStreamSubscription#checkDemandAndAwaitIfNeeded():void	e28e1e10d87e162508de	413	532	956	254
METHOD_EXIT	org.springframework.core.io.buffer.OutputStreamSubscription#invokeHandler():void	5084f5f03693cc1f2ef6	455	632	1098	62
METHOD_ENTRY	org.springframework.core.io.buffer.OutputStreamSubscription#invokeHandler():void	2bf226849285c2d16268	413	621	1045	242
METHOD_ENTRY	org.springframework.core.io.buffer.OutputStreamSubscription#request(long):void	3b23819169e0820aab8a	413	524	948	185
METHOD_EXIT	org.springframework.core.io.buffer.OutputStreamSubscription#request(long):void	235ca7a5a994b1283dac	455	535	1001	349
METHOD_EXIT	org.springframework.core.io.buffer.OutputStreamSubscription#checkDemandAndAwaitIfNeeded():void	fbc42c3234e4e31409d9	455	543	1009	285
METHOD_EXIT	org.springframework.core.io.buffer.OutputStreamSubscription#cancel():void	acb57b92e97adebb8c8e	455	443	909	109
METHOD_ENTRY	org.springframework.core.io.buffer.OutputStreamSubscription#await():void	1bf0bd1925bf356c3bb1	413	548	972	185
METHOD_EXIT	org.springframework.core.io.buffer.OutputStreamSubscription#await():void	b94604e80fff1aa4b8ad	455	559	1025	74
METHOD_ENTRY	org.springframework.core.io.buffer.OutputStreamSubscription#resume():void	4b775c04de0732927c28	413	430	854	289
METHOD_ENTRY	org.springframework.core.io.buffer.OutputStreamSubscription#tryCancel():long	731720f7ea1819952318	413	434	858	147
METHOD_EXIT	org.springframework.core.io.buffer.OutputStreamSubscription#resume():void	c8093a500e47b6378229	455	441	907	152
METHOD_ENTRY	org.springframework.core.io.buffer.OutputStreamSubscription#cancel():void	c8f1f956dcd08d0bde2e	413	432	856	297
METHOD_EXIT	org.springframework.core.io.buffer.OutputStreamSubscription#tryCancel():long	d2db76939fe5953022d8	455	508	974	171
METHOD_ENTRY	org.springframework.core.io.buffer.OutputStreamSubscription#tryTerminate():long	32a76cfcab1aebb930d6	413	444	868	238
METHOD_EXIT	org.springframework.core.io.buffer.OutputStreamSubscription#tryTerminate():long	959534c637d685cfaa39	455	518	984	315
METHOD_ENTRY	org.springframework.core.io.buffer.OutputStreamSubscription#tryProduce(long):long	355cf98ec6661706245f	413	490	914	262
METHOD_EXIT	org.springframework.core.io.buffer.OutputStreamSubscription#tryProduce(long):long	9bf0baa41b9fe0a61c20	455	567	1033	332
METHOD_ENTRY	org.springframework.core.io.buffer.OutputStreamSubscription#addCap(long):long	26929e5b8d9bf7f21a21	413	460	884	106
METHOD_EXIT	org.springframework.core.io.buffer.OutputStreamSubscription#addCap(long):long	787d0b3a9b0ea466d615	455	537	1003	263
METHOD_EXIT	org.springframework.core.io.buffer.OutputStreamSubscription#isTerminated(long):boolean	a736d5215be05d5cf30d	455	476	942	203
METHOD_ENTRY	org.springframework.core.io.buffer.OutputStreamSubscription#isCancelled(long):boolean	e8c61b419900f2e22fe7	413	392	816	114
METHOD_ENTRY	org.springframework.core.io.buffer.OutputStreamSubscription#isTerminated(long):boolean	3a838cfd4e8145c3b6da	413	399	823	196
METHOD_ENTRY	org.springframework.core.io.buffer.DataBufferWrapper#dataBuffer():DataBuffer	2d4106a4b9fdfc90cca5	413	916	1340	205
METHOD_ENTRY	org.springframework.core.io.buffer.OutputStreamSubscription#addCap(long,long):long	666847b46065374554e1	413	424	848	314
METHOD_EXIT	org.springframework.core.io.buffer.OutputStreamSubscription#isCancelled(long):boolean	a209db1567510acdf159	455	469	935	154
METHOD_EXIT	org.springframework.core.io.buffer.OutputStreamSubscription#addCap(long,long):long	c80ecf56161947e744be	455	501	967	289
METHOD_EXIT	org.springframework.core.io.buffer.DataBufferWrapper#dataBuffer():DataBuffer	48e523259d3e92a452f0	455	991	1457	252
METHOD_ENTRY	org.springframework.core.io.buffer.DataBufferWrapper#factory():DataBufferFactory	9b6d1a15237566a55a5c	413	919	1343	150
METHOD_EXIT	org.springframework.core.io.buffer.DataBufferWrapper#factory():DataBufferFactory	29b30b5ff28ec8f3de50	455	995	1461	258
METHOD_EXIT	org.springframework.core.io.buffer.DataBufferWrapper#indexOf(IntPredicate,int):int	92bd108aebcccde9e8bf	455	1017	1483	288
METHOD_ENTRY	org.springframework.core.io.buffer.DataBufferWrapper#lastIndexOf(IntPredicate,int):int	568781037f0a569b0d52	413	944	1368	218
METHOD_EXIT	org.springframework.core.io.buffer.DataBufferWrapper#lastIndexOf(IntPredicate,int):int	055d8f757db51f80728f	455	1021	1487	300
METHOD_ENTRY	org.springframework.core.io.buffer.DataBufferWrapper#readableByteCount():int	47277c9cdeccdffa9d0a	413	923	1347	259
METHOD_EXIT	org.springframework.core.io.buffer.DataBufferWrapper#readableByteCount():int	45be7069ccd2aac0559d	455	997	1463	161
METHOD_ENTRY	org.springframework.core.io.buffer.DataBufferWrapper#indexOf(IntPredicate,int):int	72ecb68938ab9d90a115	413	940	1364	113
METHOD_ENTRY	org.springframework.core.io.buffer.DataBufferWrapper#writableByteCount():int	bd37ef23b7b0e83e16f1	413	922	1346	144
METHOD_EXIT	org.springframework.core.io.buffer.DataBufferWrapper#writableByteCount():int	b8c7b5d11414bbacd01d	455	996	1462	107
METHOD_ENTRY	org.springframework.core.io.buffer.DataBufferWrapper#capacity():int	eba09fe384fc2c24a101	413	915	1339	123
METHOD_EXIT	org.springframework.core.io.buffer.DataBufferWrapper#capacity():int	40ac4c4ae8c83aa4d4df	455	989	1455	292
METHOD_ENTRY	org.springframework.core.io.buffer.DataBufferWrapper#capacity(int):DataBuffer	31a7e8d5004127701231	413	935	1359	188
METHOD_EXIT	org.springframework.core.io.buffer.DataBufferWrapper#capacity(int):DataBuffer	97debe05f738f8b44cd2	455	1013	1479	183
METHOD_ENTRY	org.springframework.core.io.buffer.DataBufferWrapper#ensureCapacity(int):DataBuffer	00364ec690cf8c72bbdc	413	938	1362	102
METHOD_ENTRY	org.springframework.core.io.buffer.DataBufferWrapper#ensureWritable(int):DataBuffer	7863ed3aae7d92553ae7	413	927	1351	274
METHOD_EXIT	org.springframework.core.io.buffer.DataBufferWrapper#ensureWritable(int):DataBuffer	edc1981006217e886710	455	1005	1471	262
METHOD_ENTRY	org.springframework.core.io.buffer.DataBufferWrapper#readPosition():int	c28043f605a7230986e6	413	918	1342	155
METHOD_EXIT	org.springframework.core.io.buffer.DataBufferWrapper#readPosition():int	c98bb2380d95007efc7b	455	992	1458	289
METHOD_EXIT	org.springframework.core.io.buffer.DataBufferWrapper#ensureCapacity(int):DataBuffer	ce469dcd2494c4f2a850	455	1016	1482	254
METHOD_EXIT	org.springframework.core.io.buffer.DataBufferWrapper#readPosition(int):DataBuffer	3c1b83c5dc2bf15205ec	455	1007	1473	287
METHOD_ENTRY	org.springframework.core.io.buffer.DataBufferWrapper#readPosition(int):DataBuffer	f29688c5359baf6b1a08	413	929	1353	190
METHOD_ENTRY	org.springframework.core.io.buffer.DataBufferWrapper#writePosition():int	6c501e9762ac97f42bed	413	918	1342	264
METHOD_EXIT	org.springframework.core.io.buffer.DataBufferWrapper#writePosition():int	c12247dd94a6ea669bdf	455	992	1458	218
METHOD_ENTRY	org.springframework.core.io.buffer.DataBufferWrapper#writePosition(int):DataBuffer	52ba6a96e5b90c0ca41b	413	929	1353	118
METHOD_EXIT	org.springframework.core.io.buffer.DataBufferWrapper#writePosition(int):DataBuffer	18e976ef0b9ead5f6184	455	1007	1473	234
METHOD_ENTRY	org.springframework.core.io.buffer.DataBufferWrapper#getByte(int):byte	06fda60f785ba33fb196	413	923	1347	254
METHOD_ENTRY	org.springframework.core.io.buffer.DataBufferWrapper#read():byte	9c959ae66d9419f398c9	413	915	1339	217
METHOD_EXIT	org.springframework.core.io.buffer.DataBufferWrapper#read():byte	adb0fc5e715bce8a0941	455	989	1455	143
METHOD_ENTRY	org.springframework.core.io.buffer.DataBufferWrapper#read(byte[]):DataBuffer	b5b44da7add18ab961ec	413	924	1348	166
METHOD_EXIT	org.springframework.core.io.buffer.DataBufferWrapper#read(byte[]):DataBuffer	ff30ab4954b4ffc53153	455	1002	1468	303
METHOD_ENTRY	org.springframework.core.io.buffer.DataBufferWrapper#read(byte[],int,int):DataBuffer	df60cb31c296f526626c	413	947	1371	198
METHOD_EXIT	org.springframework.core.io.buffer.DataBufferWrapper#getByte(int):byte	dad04778d78b7c54a4cf	455	1000	1466	206
METHOD_EXIT	org.springframework.core.io.buffer.DataBufferWrapper#read(byte[],int,int):DataBuffer	5eaa9946ff2d339a8572	455	1025	1491	229
METHOD_ENTRY	org.springframework.core.io.buffer.DataBufferWrapper#write(byte):DataBuffer	944b5c5bd1fb8aaec462	413	923	1347	142
METHOD_EXIT	org.springframework.core.io.buffer.DataBufferWrapper#write(byte):DataBuffer	90625c7189529e5a7f56	455	1001	1467	168
METHOD_ENTRY	org.springframework.core.io.buffer.DataBufferWrapper#write(byte[]):DataBuffer	f45916651a51903f3756	413	924	1348	144
METHOD_ENTRY	org.springframework.core.io.buffer.DataBufferWrapper#write(byte[],int,int):DataBuffer	5a29bed46802e90e57f1	413	947	1371	279
METHOD_EXIT	org.springframework.core.io.buffer.DataBufferWrapper#write(byte[],int,int):DataBuffer	2fe881b95ccbb51be739	455	1025	1491	244
METHOD_EXIT	org.springframework.core.io.buffer.DataBufferWrapper#write(byte[]):DataBuffer	01f40a3a603bedfa5086	455	1002	1468	236
METHOD_EXIT	org.springframework.core.io.buffer.DataBufferWrapper#write(DataBuffer):DataBuffer	aa7d4c9393cb1834d53a	455	1006	1472	348
METHOD_ENTRY	org.springframework.core.io.buffer.DataBufferWrapper#write(ByteBuffer):DataBuffer	5210f70c9328c666167a	413	928	1352	320
METHOD_EXIT	org.springframework.core.io.buffer.DataBufferWrapper#write(ByteBuffer):DataBuffer	33ec49e7fb369647c2d5	455	1006	1472	255
METHOD_ENTRY	org.springframework.core.io.buffer.DataBufferWrapper#write(CharSequence,Charset):DataBuffer	f9cfec14d167b30137cb	413	943	1367	252
METHOD_EXIT	org.springframework.core.io.buffer.DataBufferWrapper#write(CharSequence,Charset):DataBuffer	9f30186cfae37a7da8a9	455	1021	1487	325
METHOD_ENTRY	org.springframework.core.io.buffer.DataBufferWrapper#write(DataBuffer):DataBuffer	4a5f9fa8f27afbd54abe	413	928	1352	233
METHOD_ENTRY	org.springframework.core.io.buffer.DataBufferWrapper#slice(int,int):DataBuffer	fe63ace277040ac5e801	413	945	1369	184
METHOD_EXIT	org.springframework.core.io.buffer.DataBufferWrapper#slice(int,int):DataBuffer	7d127472dbfa6d362d63	455	1023	1489	260
METHOD_ENTRY	org.springframework.core.io.buffer.DataBufferWrapper#retainedSlice(int,int):DataBuffer	4708f3d00100e276e03d	413	950	1374	279
METHOD_EXIT	org.springframework.core.io.buffer.DataBufferWrapper#retainedSlice(int,int):DataBuffer	493845aaaf32d966c599	455	1028	1494	288
METHOD_EXIT	org.springframework.core.io.buffer.DataBufferWrapper#split(int):DataBuffer	eb87dced4b10c42f872d	455	1001	1467	292
METHOD_ENTRY	org.springframework.core.io.buffer.DataBufferWrapper#asByteBuffer(int,int):ByteBuffer	a6d4e273fa5fc12efe9c	413	951	1375	225
METHOD_ENTRY	org.springframework.core.io.buffer.DataBufferWrapper#asByteBuffer():ByteBuffer	cfa59784ed37ce72a981	413	934	1358	265
METHOD_ENTRY	org.springframework.core.io.buffer.DataBufferWrapper#split(int):DataBuffer	a74b2dacd082046af108	413	923	1347	184
METHOD_EXIT	org.springframework.core.io.buffer.DataBufferWrapper#asByteBuffer(int,int):ByteBuffer	effe443c50fcb19fa35e	455	1029	1495	272
METHOD_ENTRY	org.springframework.core.io.buffer.DataBufferWrapper#toByteBuffer():ByteBuffer	9a40061ed535e09c7d5e	413	936	1360	259
METHOD_EXIT	org.springframework.core.io.buffer.DataBufferWrapper#toByteBuffer():ByteBuffer	c6870030ca8b45d0e3c6	455	1011	1477	276
METHOD_ENTRY	org.springframework.core.io.buffer.DataBufferWrapper#toByteBuffer(int,int):ByteBuffer	6e8fff5dad36f1517539	413	953	1377	231
METHOD_ENTRY	org.springframework.core.io.buffer.DataBufferWrapper#toByteBuffer(ByteBuffer):void	4e379cbcc4fc31805362	413	929	1353	248
METHOD_EXIT	org.springframework.core.io.buffer.DataBufferWrapper#toByteBuffer(ByteBuffer):void	98593ee824243964d13a	455	940	1406	256
METHOD_EXIT	org.springframework.core.io.buffer.DataBufferWrapper#toByteBuffer(int,int):ByteBuffer	50b47c09b78b2e20edf1	455	1031	1497	223
METHOD_ENTRY	org.springframework.core.io.buffer.DataBufferWrapper#toByteBuffer(int,ByteBuffer,int,int):void	4b40716b8ee14255f413	413	969	1393	231
METHOD_ENTRY	org.springframework.core.io.buffer.DataBufferWrapper#readableByteBuffers():ByteBufferIterator	164ebc79f2806b18ff89	413	927	1351	295
METHOD_EXIT	org.springframework.core.io.buffer.DataBufferWrapper#readableByteBuffers():ByteBufferIterator	53fe085e08cc62741013	455	1003	1469	193
METHOD_EXIT	org.springframework.core.io.buffer.DataBufferWrapper#toByteBuffer(int,ByteBuffer,int,int):void	a91fa766d7ea900e0eda	455	980	1446	302
METHOD_ENTRY	org.springframework.core.io.buffer.DataBufferWrapper#writableByteBuffers():ByteBufferIterator	15ec854347ff84847a81	413	926	1350	85
METHOD_EXIT	org.springframework.core.io.buffer.DataBufferWrapper#writableByteBuffers():ByteBufferIterator	88b6651046e6abc59914	455	1002	1468	182
METHOD_EXIT	org.springframework.core.io.buffer.DataBufferWrapper#asInputStream():InputStream	d1983d2c715d750cf5f2	455	998	1464	280
METHOD_ENTRY	org.springframework.core.io.buffer.DataBufferWrapper#asInputStream(boolean):InputStream	698f3bbddf2178074586	413	936	1360	121
METHOD_EXIT	org.springframework.core.io.buffer.DataBufferWrapper#asInputStream(boolean):InputStream	b3d6dc328f442235688a	455	1014	1480	219
METHOD_EXIT	org.springframework.core.io.buffer.DataBufferWrapper#asByteBuffer():ByteBuffer	527a342688eb4150fa9c	455	1009	1475	256
METHOD_ENTRY	org.springframework.core.io.buffer.DataBufferWrapper#asOutputStream():OutputStream	7520d5e92b3a7d738d13	413	923	1347	210
METHOD_EXIT	org.springframework.core.io.buffer.DataBufferWrapper#asOutputStream():OutputStream	125b535ff6e80b5e3526	455	998	1464	285
METHOD_ENTRY	org.springframework.core.io.buffer.DataBufferWrapper#toString(Charset):String	13f4d4ccc12495fdeddc	413	927	1351	108
METHOD_EXIT	org.springframework.core.io.buffer.DataBufferWrapper#toString(Charset):String	c6681d3f238243755867	455	1004	1470	275
METHOD_ENTRY	org.springframework.core.io.buffer.DataBufferWrapper#toString(int,int,Charset):String	79b7be5bb6ea2de263db	413	947	1371	188
METHOD_EXIT	org.springframework.core.io.buffer.DataBufferWrapper#toString(int,int,Charset):String	1a26710f2550bab24677	455	1024	1490	194
METHOD_ENTRY	org.springframework.core.io.buffer.DataBufferWrapper#asInputStream():InputStream	e40bc5ab7bc35f3f5188	413	923	1347	217
METHOD_ENTRY	org.springframework.core.env.SystemEnvironmentPropertySource#containsProperty(String):boolean	8040ae40cf9a4eb78773	413	959	1383	297
METHOD_ENTRY	org.springframework.core.env.SystemEnvironmentPropertySource#getProperty(String):Object	77adacc250c69ab525e1	413	1020	1444	223
METHOD_EXIT	org.springframework.core.env.SystemEnvironmentPropertySource#containsProperty(String):boolean	4c608e617788e6ab7273	455	1036	1502	220
METHOD_EXIT	org.springframework.core.env.SystemEnvironmentPropertySource#getProperty(String):Object	a8dcffeb3f9f35008a8f	455	1097	1563	254
METHOD_ENTRY	org.springframework.core.env.SystemEnvironmentPropertySource#resolvePropertyName(String):String	de3487fb5caf7c573510	413	1056	1480	259
METHOD_EXIT	org.springframework.core.env.SystemEnvironmentPropertySource#resolvePropertyName(String):String	424a46c01fc7a2c14fc2	455	1133	1599	394
METHOD_ENTRY	org.springframework.core.env.Environment#matchesProfiles(String):boolean	9b0e045334710a5b9a15	413	1720	2144	226
METHOD_EXIT	org.springframework.core.env.Environment#matchesProfiles(String):boolean	b3160e23d1d1a11fc44d	455	1797	2263	293
METHOD_ENTRY	org.springframework.core.env.SystemEnvironmentPropertySource#checkPropertyName(String):String	e37db090d73d226a27fa	413	1158	1582	712
METHOD_EXIT	org.springframework.core.env.SystemEnvironmentPropertySource#checkPropertyName(String):String	025ac4db0bdc5863b48b	455	1235	1701	320
METHOD_ENTRY	org.springframework.core.env.SimpleCommandLinePropertySource#getPropertyNames():String[]	2a2a520d331a77c3008f	413	1139	1563	237
METHOD_EXIT	org.springframework.core.env.SimpleCommandLinePropertySource#getPropertyNames():String[]	763effd84a1f406920d1	455	1213	1679	293
METHOD_ENTRY	org.springframework.core.env.SimpleCommandLinePropertySource#containsOption(String):boolean	8da3eb5bb1c416d21198	413	1136	1560	193
METHOD_EXIT	org.springframework.core.env.SimpleCommandLinePropertySource#containsOption(String):boolean	fd5ab8afe8d2eab3a5b9	455	1213	1679	241
METHOD_ENTRY	org.springframework.core.env.SimpleCommandLinePropertySource#getOptionValues(String):List<String>	d0b99dcb4734af43a80f	413	1144	1568	235
METHOD_ENTRY	org.springframework.core.env.SimpleCommandLinePropertySource#getNonOptionArgs():List<String>	0fedebf86e7b997ec63a	413	1139	1563	251
METHOD_EXIT	org.springframework.core.env.SimpleCommandLinePropertySource#getOptionValues(String):List<String>	c691095ad99bc3e4539a	455	1222	1688	336
METHOD_ENTRY	org.springframework.core.env.StandardEnvironment#customizePropertySources(MutablePropertySources):void	411894c65dede491c99b	413	932	1356	205
METHOD_ENTRY	org.springframework.core.env.EnumerablePropertySource#containsProperty(String):boolean	b5c825a1daa14ee929bf	413	753	1177	340
METHOD_EXIT	org.springframework.core.env.StandardEnvironment#customizePropertySources(MutablePropertySources):void	922d778447bc69366aff	455	943	1409	381
METHOD_EXIT	org.springframework.core.env.EnumerablePropertySource#containsProperty(String):boolean	66b3111cdd18a7843c09	455	830	1296	250
METHOD_EXIT	org.springframework.core.env.SimpleCommandLinePropertySource#getNonOptionArgs():List<String>	28e15927d9b8b8e6ab61	455	1214	1680	286
METHOD_ENTRY	org.springframework.core.env.AbstractEnvironment#createPropertyResolver(MutablePropertySources):ConfigurablePropertyResolver	5f652f15d207b9a08b2a	413	2569	2993	272
METHOD_EXIT	org.springframework.core.env.AbstractEnvironment#getPropertyResolver():ConfigurablePropertyResolver	ffbacc499c5ff21c1743	455	2628	3094	215
METHOD_EXIT	org.springframework.core.env.AbstractEnvironment#createPropertyResolver(MutablePropertySources):ConfigurablePropertyResolver	a5712984a159214e42eb	455	2649	3115	299
METHOD_ENTRY	org.springframework.core.env.AbstractEnvironment#getReservedDefaultProfiles():Set<String>	dde6ddb6df32e3354c30	413	2555	2979	61
METHOD_ENTRY	org.springframework.core.env.AbstractEnvironment#getPropertyResolver():ConfigurablePropertyResolver	c352fcdf4c4a383f1c70	413	2551	2975	50
METHOD_ENTRY	org.springframework.core.env.AbstractEnvironment#customizePropertySources(MutablePropertySources):void	2d3ae96bea23602cb784	413	2555	2979	288
METHOD_ENTRY	org.springframework.core.env.AbstractEnvironment#getActiveProfiles():String[]	4151db74a0b7ec8497ce	413	2554	2978	182
METHOD_EXIT	org.springframework.core.env.AbstractEnvironment#getActiveProfiles():String[]	700cb7b0e341465a87e2	455	2628	3094	312
METHOD_EXIT	org.springframework.core.env.AbstractEnvironment#doGetActiveProfiles():Set<String>	2fbdb469962a830c1d8c	455	2696	3162	274
METHOD_ENTRY	org.springframework.core.env.AbstractEnvironment#doGetActiveProfiles():Set<String>	a1222bc8968fcc6d1a9e	413	2621	3045	275
METHOD_ENTRY	org.springframework.core.env.AbstractEnvironment#doGetActiveProfilesProperty():String	17be19e7f3cba1acbab8	413	2556	2980	291
METHOD_EXIT	org.springframework.core.env.AbstractEnvironment#doGetActiveProfilesProperty():String	28f203e20f31b301f4a8	455	2630	3096	284
METHOD_EXIT	org.springframework.core.env.AbstractEnvironment#getReservedDefaultProfiles():Set<String>	9186c772821184835bdd	455	2630	3096	279
METHOD_ENTRY	org.springframework.core.env.AbstractEnvironment#setActiveProfiles(String):void	d117d8adc19b49c5bfc1	413	2629	3053	194
METHOD_EXIT	org.springframework.core.env.AbstractEnvironment#setActiveProfiles(String):void	2caa64a6efb07574cff6	455	2640	3106	375
METHOD_ENTRY	org.springframework.core.env.AbstractEnvironment#addActiveProfile(String):void	eda4ca321bf6c5ba52b7	413	2599	3023	216
METHOD_EXIT	org.springframework.core.env.AbstractEnvironment#addActiveProfile(String):void	79c9fe3fca3676c060bb	455	2610	3076	226
METHOD_ENTRY	org.springframework.core.env.AbstractEnvironment#getDefaultProfiles():String[]	8408f1faae7d1dbb0751	413	2554	2978	298
METHOD_EXIT	org.springframework.core.env.AbstractEnvironment#customizePropertySources(MutablePropertySources):void	fa16b7dbbee5e2d91d14	455	2566	3032	257
METHOD_ENTRY	org.springframework.core.env.AbstractEnvironment#doGetDefaultProfiles():Set<String>	33832dd403230fa6c31e	413	2624	3048	438
METHOD_EXIT	org.springframework.core.env.AbstractEnvironment#doGetDefaultProfiles():Set<String>	fe778a152bdd0b1476dd	455	2699	3165	366
METHOD_EXIT	org.springframework.core.env.AbstractEnvironment#getDefaultProfiles():String[]	1a1909c686a60fb00947	455	2628	3094	248
METHOD_EXIT	org.springframework.core.env.AbstractEnvironment#doGetDefaultProfilesProperty():String	e1e70418bd5b667552e4	455	2628	3094	313
METHOD_EXIT	org.springframework.core.env.AbstractEnvironment#setDefaultProfiles(String):void	1288963b5afcf37ceacb	455	2613	3079	258
METHOD_ENTRY	org.springframework.core.env.AbstractEnvironment#setDefaultProfiles(String):void	b2a8a4a94ed9742f41df	413	2602	3026	249
METHOD_ENTRY	org.springframework.core.env.AbstractEnvironment#doGetDefaultProfilesProperty():String	a6acc303a26b45e56671	413	2554	2978	273
METHOD_ENTRY	org.springframework.core.env.AbstractEnvironment#acceptsProfiles(Profiles):boolean	3fec68a31493b725dfbb	413	2571	2995	252
METHOD_ENTRY	org.springframework.core.env.AbstractEnvironment#acceptsProfiles(String):boolean	7ae2399dc77fecdb7733	413	2647	3071	237
METHOD_EXIT	org.springframework.core.env.AbstractEnvironment#acceptsProfiles(Profiles):boolean	7ba2402f77419508a8af	455	2648	3114	257
METHOD_ENTRY	org.springframework.core.env.AbstractEnvironment#isProfileActive(String):boolean	8561d84feaa6585ae3a8	413	2589	3013	298
METHOD_EXIT	org.springframework.core.env.AbstractEnvironment#validateProfile(String):void	0f1fbd908f8b0d5cd771	455	2623	3089	284
METHOD_EXIT	org.springframework.core.env.AbstractEnvironment#isProfileActive(String):boolean	9d058899802dd5fbe510	455	2666	3132	382
METHOD_ENTRY	org.springframework.core.env.AbstractEnvironment#validateProfile(String):void	31004df989c81993eb50	413	2612	3036	244
METHOD_ENTRY	org.springframework.core.env.AbstractEnvironment#getPropertySources():MutablePropertySources	0ab8f3450d2228f23ec4	413	2550	2974	218
METHOD_EXIT	org.springframework.core.env.AbstractEnvironment#getPropertySources():MutablePropertySources	9336134fc61badbca821	455	2626	3092	275
METHOD_ENTRY	org.springframework.core.env.AbstractEnvironment#getSystemProperties():Map<String, Object>	e794753688c3bdd35d51	413	2566	2990	239
METHOD_EXIT	org.springframework.core.env.AbstractEnvironment#acceptsProfiles(String):boolean	eb76829a3778d9a77275	455	2724	3190	357
METHOD_ENTRY	org.springframework.core.env.AbstractEnvironment#getSystemEnvironment():Map<String, Object>	6b74fcb97fd0b8431239	413	2584	3008	325
METHOD_EXIT	org.springframework.core.env.AbstractEnvironment#getSystemEnvironment():Map<String, Object>	98813333797b8aa880a7	455	2661	3127	281
METHOD_ENTRY	org.springframework.core.env.AbstractEnvironment#suppressGetenvAccess():boolean	32127c84e877ece4c6ce	413	2555	2979	204
METHOD_EXIT	org.springframework.core.env.AbstractEnvironment#suppressGetenvAccess():boolean	c04698354a56c0ca4d0d	455	2629	3095	326
METHOD_ENTRY	org.springframework.core.env.AbstractEnvironment#merge(ConfigurableEnvironment):void	2b19878aa9b87bfa2dcb	413	2700	3124	255
METHOD_EXIT	org.springframework.core.env.AbstractEnvironment#merge(ConfigurableEnvironment):void	64b448b4211ac69492cf	455	2711	3177	337
METHOD_EXIT	org.springframework.core.env.AbstractEnvironment#getConversionService():ConfigurableConversionService	28c6b31e8378d95a0273	455	2632	3098	291
METHOD_ENTRY	org.springframework.core.env.AbstractEnvironment#setConversionService(ConfigurableConversionService):void	c679ff96f0eef5eb2bc2	413	2567	2991	124
METHOD_EXIT	org.springframework.core.env.AbstractEnvironment#setConversionService(ConfigurableConversionService):void	62b859df092e3f4594cc	455	2578	3044	258
METHOD_ENTRY	org.springframework.core.env.AbstractEnvironment#setPlaceholderPrefix(String):void	1d9fc25f5738ff6cfbae	413	2558	2982	309
METHOD_EXIT	org.springframework.core.env.AbstractEnvironment#getSystemProperties():Map<String, Object>	f5bf4ff3142214ded2a5	455	2643	3109	237
METHOD_EXIT	org.springframework.core.env.AbstractEnvironment#setPlaceholderPrefix(String):void	eaf2b6a3848162474ddc	455	2569	3035	264
METHOD_ENTRY	org.springframework.core.env.AbstractEnvironment#getConversionService():ConfigurableConversionService	1db3e239a6000f11f23e	413	2555	2979	152
METHOD_EXIT	org.springframework.core.env.AbstractEnvironment#setPlaceholderSuffix(String):void	18ca0e02ed48f37f3cce	455	2569	3035	268
METHOD_ENTRY	org.springframework.core.env.AbstractEnvironment#setPlaceholderSuffix(String):void	a6e292979ab4cbeb90e0	413	2558	2982	1395
METHOD_ENTRY	org.springframework.core.env.AbstractEnvironment#setValueSeparator(String):void	ba01e6335403954db943	413	2559	2983	277
METHOD_EXIT	org.springframework.core.env.AbstractEnvironment#setValueSeparator(String):void	3929a8a06dac14048359	455	2570	3036	337
METHOD_ENTRY	org.springframework.core.env.AbstractEnvironment#setEscapeCharacter(Character):void	08cf34ce9276bdb29cbf	413	2560	2984	296
METHOD_ENTRY	org.springframework.core.env.AbstractEnvironment#setIgnoreUnresolvableNestedPlaceholders(boolean):void	8e1877514cf889ab4110	413	2587	3011	282
METHOD_ENTRY	org.springframework.core.env.AbstractEnvironment#setRequiredProperties(String):void	3919df024f196f719ad6	413	2558	2982	216
METHOD_EXIT	org.springframework.core.env.AbstractEnvironment#setRequiredProperties(String):void	4b328b7d6bdae20bf9c1	455	2569	3035	352
METHOD_ENTRY	org.springframework.core.env.AbstractEnvironment#validateRequiredProperties():void	5f88f401f1c320babb9f	413	2554	2978	277
METHOD_EXIT	org.springframework.core.env.AbstractEnvironment#validateRequiredProperties():void	9710751cc4c375cb29fe	455	2565	3031	224
METHOD_ENTRY	org.springframework.core.env.AbstractEnvironment#containsProperty(String):boolean	97ddbacbcaeb626e5a88	413	2553	2977	232
METHOD_EXIT	org.springframework.core.env.AbstractEnvironment#containsProperty(String):boolean	43631b0d30d7d4cd8dbd	455	2630	3096	291
METHOD_ENTRY	org.springframework.core.env.AbstractEnvironment#getProperty(String):String	320ceb1a58408e18dd3b	413	2554	2978	227
METHOD_EXIT	org.springframework.core.env.AbstractEnvironment#getProperty(String):String	4d45453613f662178d04	455	2631	3097	302
METHOD_EXIT	org.springframework.core.env.AbstractEnvironment#setEscapeCharacter(Character):void	1e6d9ef2b973badc90d1	455	2571	3037	231
METHOD_ENTRY	org.springframework.core.env.AbstractEnvironment#getProperty(String,String):String	e3f8347f6c4debef15ef	413	2566	2990	192
METHOD_ENTRY	org.springframework.core.env.AbstractEnvironment#getProperty(String,Class<T>):T	8595f06ced528a105158	413	2576	3000	307
METHOD_EXIT	org.springframework.core.env.AbstractEnvironment#getProperty(String,String):String	423dc5d6fd5b92e8b2d5	455	2643	3109	303
METHOD_EXIT	org.springframework.core.env.AbstractEnvironment#getProperty(String,Class<T>):T	93e2de021b60ac0c2fa4	455	2653	3119	267
METHOD_ENTRY	org.springframework.core.env.AbstractEnvironment#getProperty(String,Class<T>,T):T	fed62b35782e8a2b551f	413	2589	3013	277
METHOD_EXIT	org.springframework.core.env.AbstractEnvironment#getProperty(String,Class<T>,T):T	2a156377e3928d676785	455	2666	3132	339
METHOD_EXIT	org.springframework.core.env.AbstractEnvironment#setIgnoreUnresolvableNestedPlaceholders(boolean):void	055e1d1418ae1af37b46	455	2598	3064	285
METHOD_ENTRY	org.springframework.core.env.AbstractEnvironment#getRequiredProperty(String,Class<T>):T	f4f8289bd0741a8a2cb6	413	2581	3005	231
METHOD_EXIT	org.springframework.core.env.AbstractEnvironment#getRequiredProperty(String):String	f39f4f2e01cd070caab8	455	2636	3102	295
METHOD_EXIT	org.springframework.core.env.AbstractEnvironment#getRequiredProperty(String,Class<T>):T	dfc39610f3ecdd27fe99	455	2658	3124	245
METHOD_ENTRY	org.springframework.core.env.AbstractEnvironment#resolvePlaceholders(String):String	f5021a08771ab528d0b7	413	2556	2980	303
METHOD_ENTRY	org.springframework.core.env.AbstractEnvironment#resolveRequiredPlaceholders(String):String	9bf47c66fa5bf7b135c7	413	2563	2987	227
METHOD_EXIT	org.springframework.core.env.AbstractEnvironment#resolvePlaceholders(String):String	6b614bef1ccf9211e502	455	2633	3099	313
METHOD_ENTRY	org.springframework.core.env.PropertySources#stream():Stream<PropertySource<?>>	f672119ed9a85b500947	413	554	978	178
METHOD_EXIT	org.springframework.core.env.PropertySources#stream():Stream<PropertySource<?>>	398d2a08b857b2ed1aea	455	631	1097	224
METHOD_ENTRY	org.springframework.core.env.AbstractEnvironment#toString():String	dd3f83484715e3cdfecc	413	2581	3005	313
METHOD_EXIT	org.springframework.core.env.AbstractEnvironment#toString():String	01b1944f509c0e01329e	455	2655	3121	250
METHOD_EXIT	org.springframework.core.env.CommandLineArgs#addOptionArg(String,String):void	bb7fbb8db0ab8f83e2bf	455	795	1261	278
METHOD_ENTRY	org.springframework.core.env.CommandLineArgs#addOptionArg(String,String):void	651d076a52c7edefda09	413	784	1208	238
METHOD_ENTRY	org.springframework.core.env.CommandLineArgs#getOptionNames():Set<String>	1cd36c5094b2bc6f9cd8	413	727	1151	250
METHOD_EXIT	org.springframework.core.env.CommandLineArgs#getOptionNames():Set<String>	da1de4dd97cd4cf9680d	455	802	1268	209
METHOD_ENTRY	org.springframework.core.env.CommandLineArgs#containsOption(String):boolean	2ad29c24135234d93d04	413	728	1152	321
METHOD_EXIT	org.springframework.core.env.CommandLineArgs#containsOption(String):boolean	7c450eb9d5eb082e30fb	455	805	1271	309
METHOD_ENTRY	org.springframework.core.env.AbstractEnvironment#getRequiredProperty(String):String	db4f622a21d907a22ea7	413	2559	2983	231
METHOD_ENTRY	org.springframework.core.env.CommandLineArgs#getOptionValues(String):List<String>	49d4d425808fdf683347	413	734	1158	300
METHOD_ENTRY	org.springframework.core.env.CommandLineArgs#addNonOptionArg(String):void	070239f22978249dfb51	413	728	1152	216
METHOD_ENTRY	org.springframework.core.env.CommandLineArgs#getNonOptionArgs():List<String>	80f4c6cd08fd655eb6bc	413	728	1152	297
METHOD_EXIT	org.springframework.core.env.CommandLineArgs#getNonOptionArgs():List<String>	f420bfca6fe645d3c4bf	455	803	1269	289
METHOD_ENTRY	org.springframework.core.env.PropertiesPropertySource#getPropertyNames():String[]	32761131528db5fd4301	413	565	989	253
METHOD_EXIT	org.springframework.core.env.CommandLineArgs#addNonOptionArg(String):void	dd02a1b850b4accaf921	455	739	1205	260
METHOD_EXIT	org.springframework.core.env.PropertiesPropertySource#getPropertyNames():String[]	9cee100e713a97f53da1	455	639	1105	235
METHOD_EXIT	org.springframework.core.env.SimpleCommandLineArgsParser#parse(String):CommandLineArgs	ee24eb64f8bf49e9e80e	455	1255	1721	320
METHOD_ENTRY	org.springframework.core.env.SimpleCommandLineArgsParser#parse(String):CommandLineArgs	7442f16cece535369a25	413	1176	1600	285
METHOD_EXIT	org.springframework.core.env.CommandLineArgs#getOptionValues(String):List<String>	e80872dca048568e5cd8	455	812	1278	318
METHOD_ENTRY	org.springframework.core.env.MissingRequiredPropertiesException#addMissingRequiredProperty(String):void	1abf6dd371dd3e17249f	413	545	969	235
METHOD_EXIT	org.springframework.core.env.AbstractEnvironment#resolveRequiredPlaceholders(String):String	c82e3a0d6f8e2fa24488	455	2640	3106	236
METHOD_EXIT	org.springframework.core.env.MissingRequiredPropertiesException#addMissingRequiredProperty(String):void	2d0ccda462aebc344fc9	455	556	1022	290
METHOD_EXIT	org.springframework.core.env.MissingRequiredPropertiesException#getMessage():String	eaeabc0c8dac68ea6111	455	627	1093	294
METHOD_ENTRY	org.springframework.core.env.MissingRequiredPropertiesException#getMissingRequiredProperties():Set<String>	1a95eb2d7c57b0b8311d	413	543	967	277
METHOD_ENTRY	org.springframework.core.env.MissingRequiredPropertiesException#getMessage():String	bda4dea924c5966b19e0	413	553	977	256
METHOD_EXIT	org.springframework.core.env.AbstractPropertyResolver#setConversionService(ConfigurableConversionService):void	3f1c1389150fa06814ea	455	1488	1954	154
METHOD_EXIT	org.springframework.core.env.AbstractPropertyResolver#getConversionService():ConfigurableConversionService	5289cb99107326522a83	455	1619	2085	238
METHOD_EXIT	org.springframework.core.env.AbstractPropertyResolver#setPlaceholderPrefix(String):void	ea503eb9050ebfc2a93f	455	1479	1945	206
METHOD_ENTRY	org.springframework.core.env.AbstractPropertyResolver#setPlaceholderPrefix(String):void	14182911ac2d2fb992a8	413	1468	1892	149
METHOD_EXIT	org.springframework.core.env.MissingRequiredPropertiesException#getMissingRequiredProperties():Set<String>	bc36889b7b45537f6880	455	618	1084	216
METHOD_ENTRY	org.springframework.core.env.AbstractPropertyResolver#setPlaceholderSuffix(String):void	9f96e66a2284067859f0	413	1468	1892	184
METHOD_ENTRY	org.springframework.core.env.AbstractPropertyResolver#setConversionService(ConfigurableConversionService):void	338b9cc528b448db0d07	413	1477	1901	40
METHOD_EXIT	org.springframework.core.env.AbstractPropertyResolver#setPlaceholderSuffix(String):void	6b67c803d8323a011b8b	455	1479	1945	281
METHOD_EXIT	org.springframework.core.env.AbstractPropertyResolver#setValueSeparator(String):void	9e36ee7de1331d43b44c	455	1464	1930	340
METHOD_ENTRY	org.springframework.core.env.AbstractPropertyResolver#setValueSeparator(String):void	5c42a1ebf80ee5bf2dd3	413	1453	1877	278
METHOD_ENTRY	org.springframework.core.env.AbstractPropertyResolver#setEscapeCharacter(Character):void	5d7699690fc9044299ec	413	1453	1877	252
METHOD_ENTRY	org.springframework.core.env.AbstractPropertyResolver#getConversionService():ConfigurableConversionService	824b754a9d799c12cbfd	413	1542	1966	129
METHOD_ENTRY	org.springframework.core.env.AbstractPropertyResolver#setIgnoreUnresolvableNestedPlaceholders(boolean):void	227ef32bcbf22a3d15a0	413	1481	1905	212
METHOD_ENTRY	org.springframework.core.env.AbstractPropertyResolver#setRequiredProperties(String):void	72962cadd3a19dd49009	413	1455	1879	175
METHOD_EXIT	org.springframework.core.env.AbstractPropertyResolver#setEscapeCharacter(Character):void	4a302fb823f6d2159073	455	1464	1930	327
METHOD_EXIT	org.springframework.core.env.AbstractPropertyResolver#setRequiredProperties(String):void	9283304fd5028253e659	455	1466	1932	127
METHOD_EXIT	org.springframework.core.env.AbstractPropertyResolver#validateRequiredProperties():void	bc3e90eb39e5c87f5967	455	1518	1984	226
METHOD_ENTRY	org.springframework.core.env.AbstractPropertyResolver#validateRequiredProperties():void	aea6d51168812969b694	413	1507	1931	264
METHOD_EXIT	org.springframework.core.env.AbstractPropertyResolver#containsProperty(String):boolean	db8c44b6f9d75db0ad28	455	1527	1993	297
METHOD_ENTRY	org.springframework.core.env.AbstractPropertyResolver#containsProperty(String):boolean	65d43cebc5f585d2b585	413	1450	1874	242
METHOD_EXIT	org.springframework.core.env.AbstractPropertyResolver#setIgnoreUnresolvableNestedPlaceholders(boolean):void	7960acaa05cb10861685	455	1492	1958	139
METHOD_ENTRY	org.springframework.core.env.AbstractPropertyResolver#getProperty(String):String	a19af2db1c3fe06bb429	413	1450	1874	241
METHOD_ENTRY	org.springframework.core.env.AbstractPropertyResolver#getProperty(String,String):String	679cdc7bb1bf6dde4723	413	1470	1894	285
METHOD_EXIT	org.springframework.core.env.AbstractPropertyResolver#getProperty(String,Class<T>,T):T	688e46c17d1388b2e677	455	1570	2036	267
METHOD_EXIT	org.springframework.core.env.AbstractPropertyResolver#getProperty(String,String):String	fb9f6b11ff71844a172f	455	1547	2013	285
METHOD_ENTRY	org.springframework.core.env.AbstractPropertyResolver#getProperty(String,Class<T>,T):T	b40934f2c3011f433771	413	1493	1917	242
METHOD_ENTRY	org.springframework.core.env.AbstractPropertyResolver#getRequiredProperty(String):String	7bf8d94262245a653dc0	413	1485	1909	69
METHOD_ENTRY	org.springframework.core.env.AbstractPropertyResolver#getRequiredProperty(String,Class<T>):T	08117635332bbfcf4e99	413	1507	1931	265
METHOD_EXIT	org.springframework.core.env.AbstractPropertyResolver#resolvePlaceholders(String):String	f64eeae29c01aef03805	455	1557	2023	286
METHOD_ENTRY	org.springframework.core.env.AbstractPropertyResolver#resolvePlaceholders(String):String	d58893dda0acc7ff17a5	413	1480	1904	216
METHOD_EXIT	org.springframework.core.env.AbstractPropertyResolver#getRequiredProperty(String):String	13a06f8b68adbd75eae9	455	1562	2028	326
METHOD_ENTRY	org.springframework.core.env.AbstractPropertyResolver#resolveRequiredPlaceholders(String):String	6fbff49ad717603758bf	413	1483	1907	250
METHOD_EXIT	org.springframework.core.env.AbstractPropertyResolver#resolveRequiredPlaceholders(String):String	c6f24d7d40f157ebad25	455	1560	2026	272
METHOD_EXIT	org.springframework.core.env.AbstractPropertyResolver#getProperty(String):String	a339bacbb923823d4653	455	1527	1993	239
METHOD_EXIT	org.springframework.core.env.AbstractPropertyResolver#getRequiredProperty(String,Class<T>):T	849a5b42f21e8615c60b	455	1584	2050	216
METHOD_EXIT	org.springframework.core.env.AbstractPropertyResolver#resolveNestedPlaceholders(String):String	2e2feb05d9a35bbd73ba	455	1559	2025	302
METHOD_ENTRY	org.springframework.core.env.AbstractPropertyResolver#doResolvePlaceholders(String,PropertyPlaceholderHelper):String	6ff700a14132a2d628d0	413	1473	1897	189
METHOD_EXIT	org.springframework.core.env.AbstractPropertyResolver#doResolvePlaceholders(String,PropertyPlaceholderHelper):String	92372ce1b36ffadfbcd3	455	1550	2016	274
METHOD_ENTRY	org.springframework.core.env.AbstractPropertyResolver#resolveNestedPlaceholders(String):String	0373c629572596f7f78e	413	1482	1906	266
METHOD_EXIT	org.springframework.core.env.AbstractPropertyResolver#convertValueIfNecessary(Object,Class<T>):T	bee6318b83f3b11eb00c	455	1670	2136	403
METHOD_ENTRY	org.springframework.core.env.AbstractPropertyResolver#createPlaceholderHelper(boolean):PropertyPlaceholderHelper	fb04bf1a975c115262dc	413	1483	1907	313
METHOD_ENTRY	org.springframework.core.env.AbstractPropertyResolver#convertValueIfNecessary(Object,Class<T>):T	6286a10745fadc80e06f	413	1593	2017	339
METHOD_EXIT	org.springframework.core.env.AbstractPropertyResolver#createPlaceholderHelper(boolean):PropertyPlaceholderHelper	3eaf262a8a811e0e3496	455	1562	2028	294
METHOD_ENTRY	org.springframework.core.env.AbstractPropertyResolver#getDefaultEscapeCharacter():Character	01502e0b19b02c1db4cd	413	1756	2180	299
METHOD_EXIT	org.springframework.core.env.AbstractPropertyResolver#getDefaultEscapeCharacter():Character	d11b7c56f9fc95424da6	455	1830	2296	305
METHOD_ENTRY	org.springframework.core.env.MapPropertySource#getProperty(String):Object	25d2555f82bacd094706	413	510	934	253
METHOD_EXIT	org.springframework.core.env.MapPropertySource#getProperty(String):Object	7ec6f7138797c3b6d190	455	587	1053	286
METHOD_ENTRY	org.springframework.core.env.MapPropertySource#containsProperty(String):boolean	e57bbc34c002121eaf16	413	510	934	273
METHOD_EXIT	org.springframework.core.env.MapPropertySource#containsProperty(String):boolean	4f2f1c74ad258df2ae02	455	587	1053	331
METHOD_ENTRY	org.springframework.core.env.MapPropertySource#getPropertyNames():String[]	f6f6de537b89643aea9e	413	512	936	266
METHOD_ENTRY	org.springframework.core.env.JOptCommandLinePropertySource#containsOption(String):boolean	82867267f461b01f2a8f	413	751	1175	233
METHOD_EXIT	org.springframework.core.env.JOptCommandLinePropertySource#containsOption(String):boolean	f5667fb7316cbe8208b0	455	828	1294	230
METHOD_ENTRY	org.springframework.core.env.JOptCommandLinePropertySource#getPropertyNames():String[]	7dd73a0e4aa68600a19a	413	821	1245	351
METHOD_EXIT	org.springframework.core.env.JOptCommandLinePropertySource#getPropertyNames():String[]	cbcf623072a6bad7de0d	455	895	1361	333
METHOD_EXIT	org.springframework.core.env.JOptCommandLinePropertySource#getOptionValues(String):List<String>	f13bee8b3aba489c6238	455	915	1381	320
METHOD_ENTRY	org.springframework.core.env.JOptCommandLinePropertySource#getNonOptionArgs():List<String>	78008114d36d861e4a40	413	817	1241	60
METHOD_EXIT	org.springframework.core.env.MapPropertySource#getPropertyNames():String[]	dfe4e5a325d9163f735b	455	586	1052	317
METHOD_EXIT	org.springframework.core.env.JOptCommandLinePropertySource#getNonOptionArgs():List<String>	cbd003a0c7aed35e35a7	455	892	1358	272
METHOD_ENTRY	org.springframework.core.env.MutablePropertySources#iterator():Iterator<PropertySource<?>>	df7a9e3a24522e134c7c	413	999	1423	265
METHOD_EXIT	org.springframework.core.env.MutablePropertySources#iterator():Iterator<PropertySource<?>>	112f4c80358f1c793ffc	455	1076	1542	308
METHOD_ENTRY	org.springframework.core.env.MutablePropertySources#spliterator():Spliterator<PropertySource<?>>	cfece046a7407f2a7ac7	413	1005	1429	235
METHOD_EXIT	org.springframework.core.env.MutablePropertySources#spliterator():Spliterator<PropertySource<?>>	466c830802eb03c965ee	455	1083	1549	298
METHOD_ENTRY	org.springframework.core.env.MutablePropertySources#stream():Stream<PropertySource<?>>	63750b2226bbd92c2ebf	413	999	1423	251
METHOD_ENTRY	org.springframework.core.env.MutablePropertySources#contains(String):boolean	63e7c8a0d1948ea6c6a0	413	1031	1455	217
METHOD_EXIT	org.springframework.core.env.MutablePropertySources#contains(String):boolean	4fa6850a1a814c452949	455	1108	1574	328
METHOD_ENTRY	org.springframework.core.env.MutablePropertySources#get(String):PropertySource<?>	83d0a77c06fb2ef38c20	413	1037	1461	240
METHOD_EXIT	org.springframework.core.env.MutablePropertySources#get(String):PropertySource<?>	9d456df7b16e57b61d6d	455	1116	1582	359
METHOD_ENTRY	org.springframework.core.env.MutablePropertySources#addFirst(PropertySource<?>):void	4cf1bb35d3eac17604b8	413	1029	1453	295
METHOD_ENTRY	org.springframework.core.env.JOptCommandLinePropertySource#getOptionValues(String):List<String>	604ca26d7db9d64d19e2	413	837	1261	355
METHOD_EXIT	org.springframework.core.env.MutablePropertySources#addFirst(PropertySource<?>):void	baaffa2df08f8ccc6124	455	1040	1506	329
METHOD_ENTRY	org.springframework.core.env.MutablePropertySources#addLast(PropertySource<?>):void	98c12179d494ba7d0b80	413	1026	1450	288
METHOD_EXIT	org.springframework.core.env.MutablePropertySources#addLast(PropertySource<?>):void	0744d2f3c2b975dd512d	455	1037	1503	313
METHOD_ENTRY	org.springframework.core.env.MutablePropertySources#addBefore(String,PropertySource<?>):void	06a11ba3283fc3e822e2	413	1069	1493	285
METHOD_ENTRY	org.springframework.core.env.MutablePropertySources#addAfter(String,PropertySource<?>):void	3a0577298e85f03cd35a	413	1072	1496	240
METHOD_EXIT	org.springframework.core.env.MutablePropertySources#addBefore(String,PropertySource<?>):void	940e54cc14611995a721	455	1080	1546	262
METHOD_ENTRY	org.springframework.core.env.MutablePropertySources#precedenceOf(PropertySource<?>):int	33f3a97e4db17bcd48bf	413	1010	1434	297
METHOD_EXIT	org.springframework.core.env.MutablePropertySources#stream():Stream<PropertySource<?>>	6f8379b583ffe3025a7b	455	1076	1542	274
METHOD_ENTRY	org.springframework.core.env.MutablePropertySources#remove(String):PropertySource<?>	f4b5045fd45d91f676ad	413	1039	1463	271
METHOD_EXIT	org.springframework.core.env.MutablePropertySources#remove(String):PropertySource<?>	baf21f285aa64ab2f4a6	455	1118	1584	287
METHOD_EXIT	org.springframework.core.env.MutablePropertySources#precedenceOf(PropertySource<?>):int	6fb4033d279472d000b5	455	1087	1553	245
METHOD_ENTRY	org.springframework.core.env.MutablePropertySources#replace(String,PropertySource<?>):void	553144c5e48214e915ac	413	1040	1464	228
METHOD_EXIT	org.springframework.core.env.MutablePropertySources#addAfter(String,PropertySource<?>):void	2d147998f935330920de	455	1083	1549	300
METHOD_ENTRY	org.springframework.core.env.MutablePropertySources#size():int	81f5b75d8ba3de0128fe	413	991	1415	169
METHOD_EXIT	org.springframework.core.env.MutablePropertySources#replace(String,PropertySource<?>):void	57377494681d7b22dd9a	455	1051	1517	287
METHOD_EXIT	org.springframework.core.env.MutablePropertySources#size():int	17a57521aab884bf49ae	455	1065	1531	166
METHOD_EXIT	org.springframework.core.env.MutablePropertySources#toString():String	daa25e162960bf72f950	455	1070	1536	256
METHOD_ENTRY	org.springframework.core.env.MutablePropertySources#toString():String	5fbf9581cad7b0df086f	413	996	1420	267
METHOD_ENTRY	org.springframework.core.env.MutablePropertySources#assertLegalRelativeAddition(String,PropertySource<?>):void	891f030363e7364488a8	413	1075	1499	232
METHOD_EXIT	org.springframework.core.env.MutablePropertySources#assertLegalRelativeAddition(String,PropertySource<?>):void	d0034780d8e0144e66bd	455	1086	1552	160
METHOD_EXIT	org.springframework.core.env.MutablePropertySources#removeIfPresent(PropertySource<?>):void	22a9a2188fb1ad0cfb3f	455	1020	1486	254
METHOD_ENTRY	org.springframework.core.env.MutablePropertySources#addAtIndex(int,PropertySource<?>):void	5d462226968e4d2fd3af	413	1028	1452	271
METHOD_ENTRY	org.springframework.core.env.Profiles#of(String):Profiles	c01b3dcfad6ab0fc62d2	413	879	1303	181
METHOD_EXIT	org.springframework.core.env.Profiles#of(String):Profiles	2bdbbd095805c89cbc24	455	956	1422	283
METHOD_EXIT	org.springframework.core.env.MutablePropertySources#addAtIndex(int,PropertySource<?>):void	2dbcb03b49b60f26b653	455	1039	1505	334
METHOD_ENTRY	org.springframework.core.env.MutablePropertySources#assertPresentAndGetIndex(String):int	bb6988a7a9b30906a599	413	1046	1470	265
METHOD_EXIT	org.springframework.core.env.MutablePropertySources#assertPresentAndGetIndex(String):int	9a6485002bd04c73de53	455	1123	1589	298
METHOD_ENTRY	org.springframework.core.env.MutablePropertySources#removeIfPresent(PropertySource<?>):void	b5da4a48cef2e35d82fa	413	1009	1433	259
METHOD_ENTRY	org.springframework.core.env.CommandLinePropertySource#setNonOptionArgsPropertyName(String):void	4d3737cf4da87dc98305	413	2722	3146	211
METHOD_EXIT	org.springframework.core.env.CommandLinePropertySource#setNonOptionArgsPropertyName(String):void	b90b9a55472c25289307	455	2733	3199	145
METHOD_ENTRY	org.springframework.core.env.CommandLinePropertySource#containsProperty(String):boolean	7c804b4a6e4a1bb077d2	413	2730	3154	217
METHOD_EXIT	org.springframework.core.env.CommandLinePropertySource#containsProperty(String):boolean	72eb854f72d4769dbb01	455	2807	3273	328
METHOD_EXIT	org.springframework.core.env.CommandLinePropertySource#getProperty(String):String	5658ca3022dab6db4961	455	2885	3351	407
METHOD_ENTRY	org.springframework.core.env.CommandLinePropertySource#getProperty(String):String	f1649535b02deef6656c	413	2808	3232	318
METHOD_ENTRY	org.springframework.core.codec.DataBufferDecoder#canDecode(ResolvableType,MimeType):boolean	be526864701c65b996d0	413	661	1085	287
METHOD_ENTRY	org.springframework.core.MethodIntrospector#selectMethods(Class<?>,MetadataLookup<T>):Map<Method, T>	6f9f90e4954aacad5e71	413	1178	1602	258
METHOD_EXIT	org.springframework.core.MethodIntrospector#selectMethods(Class<?>,MetadataLookup<T>):Map<Method, T>	7609790b98924a50d6b4	455	1259	1725	245
METHOD_ENTRY	org.springframework.core.MethodIntrospector#selectInvocableMethod(Method,Class<?>):Method	8c9f7e193833d8487661	413	1127	1551	51
METHOD_EXIT	org.springframework.core.MethodIntrospector#selectMethods(Class<?>,ReflectionUtils.MethodFilter):Set<Method>	258ce256afe6a0fac487	455	1007	1473	290
METHOD_ENTRY	org.springframework.core.MethodIntrospector#selectMethods(Class<?>,ReflectionUtils.MethodFilter):Set<Method>	8feda65c78a9c7b566ba	413	928	1352	281
METHOD_EXIT	org.springframework.core.MethodIntrospector#selectInvocableMethod(Method,Class<?>):Method	f6569bd507179ed96e84	455	1204	1670	328
METHOD_ENTRY	org.springframework.core.codec.DataBufferDecoder#decode(Publisher<DataBuffer>,ResolvableType,MimeType,Map<String, Object>):Flux<DataBuffer>	dbd3aadd6cdea858a72b	413	688	1112	196
METHOD_EXIT	org.springframework.core.codec.DataBufferDecoder#canDecode(ResolvableType,MimeType):boolean	e339bee794853cc900df	455	738	1204	283
METHOD_EXIT	org.springframework.core.codec.DataBufferDecoder#decode(Publisher<DataBuffer>,ResolvableType,MimeType,Map<String, Object>):Flux<DataBuffer>	47393eeb88878c169def	455	767	1233	243
METHOD_ENTRY	org.springframework.core.codec.DataBufferDecoder#decode(DataBuffer,ResolvableType,MimeType,Map<String, Object>):DataBuffer	eab3afed9d36329e78eb	413	714	1138	270
METHOD_ENTRY	org.springframework.core.codec.AbstractDecoder#setLogger(Log):void	4603271343fb8be0e53f	413	574	998	123
METHOD_EXIT	org.springframework.core.codec.AbstractDecoder#setLogger(Log):void	2bb274a0681a8eb57ecd	455	585	1051	137
METHOD_ENTRY	org.springframework.core.codec.AbstractDecoder#getLogger():Log	63745ba7d5e37fa0e719	413	567	991	174
METHOD_EXIT	org.springframework.core.codec.AbstractDecoder#getLogger():Log	186007247f858369baf4	455	641	1107	271
METHOD_EXIT	org.springframework.core.codec.DataBufferDecoder#decode(DataBuffer,ResolvableType,MimeType,Map<String, Object>):DataBuffer	19763918c891617fc5f8	455	792	1258	282
METHOD_EXIT	org.springframework.core.codec.AbstractDecoder#getDecodableMimeTypes():List<MimeType>	5a0052db83a8d245b38c	455	665	1131	267
METHOD_ENTRY	org.springframework.core.codec.AbstractDecoder#canDecode(ResolvableType,MimeType):boolean	d92b67ac8e11545718bc	413	653	1077	321
METHOD_ENTRY	org.springframework.core.codec.AbstractDecoder#decodeToMono(Publisher<DataBuffer>,ResolvableType,MimeType,Map<String, Object>):Mono<T>	ab9108ea986d05d0c8d5	413	653	1077	235
METHOD_EXIT	org.springframework.core.codec.AbstractDecoder#decodeToMono(Publisher<DataBuffer>,ResolvableType,MimeType,Map<String, Object>):Mono<T>	3ef02f055a13e9890c4d	455	731	1197	303
METHOD_ENTRY	org.springframework.core.codec.DataBufferEncoder#canEncode(ResolvableType,MimeType):boolean	d6e263a7786c00cc4267	413	569	993	390
METHOD_ENTRY	org.springframework.core.codec.AbstractDecoder#getDecodableMimeTypes():List<MimeType>	f2e3da674d86b90dcefb	413	588	1012	220
METHOD_EXIT	org.springframework.core.codec.DataBufferEncoder#canEncode(ResolvableType,MimeType):boolean	bee4da24b3bed290d23a	455	646	1112	339
METHOD_EXIT	org.springframework.core.codec.AbstractDecoder#canDecode(ResolvableType,MimeType):boolean	d58a415b31dace124cf4	455	730	1196	337
METHOD_ENTRY	org.springframework.core.codec.DataBufferEncoder#encode(Publisher<? extends DataBuffer>,DataBufferFactory,ResolvableType,MimeType,Map<String, Object>):Flux<DataBuffer>	c846cb0e6a30810b22ed	413	667	1091	242
METHOD_EXIT	org.springframework.core.codec.DataBufferEncoder#encode(Publisher<? extends DataBuffer>,DataBufferFactory,ResolvableType,MimeType,Map<String, Object>):Flux<DataBuffer>	fd5ef849cace7f9e83ec	455	746	1212	236
METHOD_ENTRY	org.springframework.core.codec.DataBufferEncoder#encodeValue(DataBuffer,DataBufferFactory,ResolvableType,MimeType,Map<String, Object>):DataBuffer	e6de23cabf3dc09d116e	413	627	1051	216
METHOD_EXIT	org.springframework.core.codec.DataBufferEncoder#encodeValue(DataBuffer,DataBufferFactory,ResolvableType,MimeType,Map<String, Object>):DataBuffer	73c6664888e518a67b75	455	705	1171	269
METHOD_ENTRY	org.springframework.core.codec.DataBufferEncoder#logValue(DataBuffer,Map<String, Object>):void	c73e66b9364e9a0a14a6	413	570	994	148
METHOD_ENTRY	org.springframework.core.codec.AbstractDataBufferDecoder#setMaxInMemorySize(int):void	f7ea4dca61aeb4dbe2e6	413	893	1317	110
METHOD_EXIT	org.springframework.core.codec.AbstractDataBufferDecoder#setMaxInMemorySize(int):void	8d570c12d785c79fe910	455	904	1370	257
METHOD_ENTRY	org.springframework.core.codec.AbstractDataBufferDecoder#getMaxInMemorySize():int	097bca79246fe8e33b17	413	884	1308	321
METHOD_EXIT	org.springframework.core.codec.AbstractDataBufferDecoder#getMaxInMemorySize():int	431114631976d2e46995	455	958	1424	126
METHOD_ENTRY	org.springframework.core.codec.AbstractDataBufferDecoder#decode(Publisher<DataBuffer>,ResolvableType,MimeType,Map<String, Object>):Flux<T>	661d066ddbe2d200e763	413	983	1407	300
METHOD_EXIT	org.springframework.core.codec.DataBufferEncoder#logValue(DataBuffer,Map<String, Object>):void	cc7ac5de0005e97ca768	455	581	1047	218
METHOD_ENTRY	org.springframework.core.codec.AbstractDataBufferDecoder#decodeToMono(Publisher<DataBuffer>,ResolvableType,MimeType,Map<String, Object>):Mono<T>	150ac04c98de81652c89	413	995	1419	316
METHOD_EXIT	org.springframework.core.codec.AbstractDataBufferDecoder#decode(Publisher<DataBuffer>,ResolvableType,MimeType,Map<String, Object>):Flux<T>	ccd79bed1bbe36211fcb	455	1061	1527	275
METHOD_EXIT	org.springframework.core.codec.AbstractDataBufferDecoder#decodeToMono(Publisher<DataBuffer>,ResolvableType,MimeType,Map<String, Object>):Mono<T>	0ea7b9d5aee0bff6b390	455	1073	1539	260
METHOD_ENTRY	org.springframework.core.codec.AbstractDataBufferDecoder#decodeDataBuffer(DataBuffer,ResolvableType,MimeType,Map<String, Object>):T	453b0453cb6094b24d3f	413	964	1388	245
METHOD_EXIT	org.springframework.core.codec.AbstractDataBufferDecoder#decodeDataBuffer(DataBuffer,ResolvableType,MimeType,Map<String, Object>):T	ceeace7ba7054b41d8b0	455	1041	1507	290
METHOD_ENTRY	org.springframework.core.codec.CharSequenceEncoder#canEncode(ResolvableType,MimeType):boolean	8b9aa33e8a4f47c638c5	413	678	1102	293
METHOD_EXIT	org.springframework.core.codec.CharSequenceEncoder#canEncode(ResolvableType,MimeType):boolean	3edcfc995308ce2ac2bc	455	755	1221	247
METHOD_EXIT	org.springframework.core.codec.CharSequenceEncoder#encode(Publisher<? extends CharSequence>,DataBufferFactory,ResolvableType,MimeType,Map<String, Object>):Flux<DataBuffer>	1014e0ffea2e4d045eff	455	829	1295	278
METHOD_EXIT	org.springframework.core.codec.CharSequenceEncoder#encodeValue(CharSequence,DataBufferFactory,ResolvableType,MimeType,Map<String, Object>):DataBuffer	58b9f7aa9e719fd8cea4	455	967	1433	280
METHOD_ENTRY	org.springframework.core.codec.CharSequenceEncoder#encodeValue(CharSequence,DataBufferFactory,ResolvableType,MimeType,Map<String, Object>):DataBuffer	f6fe2eb791dd420f29ad	413	889	1313	242
METHOD_ENTRY	org.springframework.core.codec.CharSequenceEncoder#calculateCapacity(CharSequence,Charset):int	e5475fec159538ed03ef	413	693	1117	288
METHOD_EXIT	org.springframework.core.codec.CharSequenceEncoder#calculateCapacity(CharSequence,Charset):int	9cde25804c2d07961c0b	455	770	1236	297
METHOD_ENTRY	org.springframework.core.codec.CharSequenceEncoder#getCharset(MimeType):Charset	c8b72963b5abcf97b52d	413	667	1091	321
METHOD_ENTRY	org.springframework.core.codec.CharSequenceEncoder#encode(Publisher<? extends CharSequence>,DataBufferFactory,ResolvableType,MimeType,Map<String, Object>):Flux<DataBuffer>	ee5db12ad6c8d9904d67	413	750	1174	261
METHOD_ENTRY	org.springframework.core.codec.StringDecoder#canDecode(ResolvableType,MimeType):boolean	57819cd4256040aa1130	413	761	1185	321
METHOD_ENTRY	org.springframework.core.codec.CharSequenceEncoder#textPlainOnly():CharSequenceEncoder	8c4410dc318439861f46	413	642	1066	272
METHOD_EXIT	org.springframework.core.codec.CharSequenceEncoder#getCharset(MimeType):Charset	59c98eaacfb0a95ee4c5	455	744	1210	392
METHOD_EXIT	org.springframework.core.codec.StringDecoder#canDecode(ResolvableType,MimeType):boolean	ff8ce08b149799fd623c	455	838	1304	208
METHOD_EXIT	org.springframework.core.codec.CharSequenceEncoder#textPlainOnly():CharSequenceEncoder	bba711c864cf5e9b5db2	455	718	1184	294
METHOD_EXIT	org.springframework.core.codec.CharSequenceEncoder#allMimeTypes():CharSequenceEncoder	c65ee8f30f6dcd05f873	455	723	1189	300
METHOD_ENTRY	org.springframework.core.codec.CharSequenceEncoder#allMimeTypes():CharSequenceEncoder	56a417746719447c7519	413	647	1071	321
METHOD_EXIT	org.springframework.core.codec.StringDecoder#decodeInternal(DataBuffer,Charset):String	2bcc1303dd3b800d459e	455	817	1283	218
METHOD_ENTRY	org.springframework.core.codec.StringDecoder#textPlainOnly():StringDecoder	29be2bd8d86952396e22	413	726	1150	5
METHOD_ENTRY	org.springframework.core.codec.StringDecoder#textPlainOnly(List<String>,boolean):StringDecoder	0d3d19dfbd01dfed5b1a	413	762	1186	253
METHOD_EXIT	org.springframework.core.codec.StringDecoder#textPlainOnly(List<String>,boolean):StringDecoder	9d205e8a604c20d2264a	455	840	1306	302
METHOD_ENTRY	org.springframework.core.codec.StringDecoder#allMimeTypes():StringDecoder	ddec0eb0ab1c03144d7e	413	726	1150	73
METHOD_EXIT	org.springframework.core.codec.StringDecoder#textPlainOnly():StringDecoder	df6a0daac4cf2a4695ac	455	801	1267	297
METHOD_EXIT	org.springframework.core.codec.StringDecoder#allMimeTypes():StringDecoder	d62555507ee03e3555bc	455	801	1267	303
METHOD_ENTRY	org.springframework.core.codec.StringDecoder#decodeInternal(DataBuffer,Charset):String	32c2151e5bb5fd80f879	413	740	1164	257
METHOD_ENTRY	org.springframework.core.codec.StringDecoder#allMimeTypes(List<String>,boolean):StringDecoder	1d7518d8a2b3678596f5	413	768	1192	294
METHOD_EXIT	org.springframework.core.codec.StringDecoder#allMimeTypes(List<String>,boolean):StringDecoder	67b0e1f187c40dc4add3	455	846	1312	269
METHOD_ENTRY	org.springframework.core.codec.CharBufferDecoder#canDecode(ResolvableType,MimeType):boolean	a4c9cc3173451d7dd9c6	413	762	1186	262
METHOD_EXIT	org.springframework.core.codec.CharBufferDecoder#canDecode(ResolvableType,MimeType):boolean	5f4a33e94b84cd99e1a0	455	839	1305	239
METHOD_EXIT	org.springframework.core.codec.CharBufferDecoder#decodeInternal(DataBuffer,Charset):CharBuffer	fb51a21c50c97acc6594	455	842	1308	302
METHOD_ENTRY	org.springframework.core.codec.CharBufferDecoder#textPlainOnly():CharBufferDecoder	2763d2b999f24622c883	413	727	1151	269
METHOD_ENTRY	org.springframework.core.codec.CharBufferDecoder#textPlainOnly(List<String>,boolean):CharBufferDecoder	59aa06ff64ebf51a2850	413	774	1198	255
METHOD_ENTRY	org.springframework.core.codec.CharBufferDecoder#decodeInternal(DataBuffer,Charset):CharBuffer	88d7f2e2439d512d732c	413	764	1188	213
METHOD_ENTRY	org.springframework.core.codec.CharBufferDecoder#allMimeTypes():CharBufferDecoder	d7a72587e1cc2e87636b	413	727	1151	50
METHOD_EXIT	org.springframework.core.codec.CharBufferDecoder#textPlainOnly(List<String>,boolean):CharBufferDecoder	66a7ff5f89777dd051fa	455	853	1319	377
METHOD_EXIT	org.springframework.core.codec.CharBufferDecoder#allMimeTypes():CharBufferDecoder	98cbcbfbbdd4510b3d0a	455	803	1269	227
METHOD_EXIT	org.springframework.core.codec.CharBufferDecoder#textPlainOnly():CharBufferDecoder	99459c29d528becb6b78	455	803	1269	319
METHOD_ENTRY	org.springframework.core.codec.CharBufferDecoder#allMimeTypes(List<String>,boolean):CharBufferDecoder	ada81bca5aeb54aa866a	413	779	1203	266
METHOD_ENTRY	org.springframework.core.codec.ByteArrayEncoder#canEncode(ResolvableType,MimeType):boolean	eaf06df989d02f491520	413	547	971	224
METHOD_EXIT	org.springframework.core.codec.ByteArrayEncoder#canEncode(ResolvableType,MimeType):boolean	3da5334ee57edc26dd42	455	624	1090	354
METHOD_ENTRY	org.springframework.core.codec.ByteArrayEncoder#encode(Publisher<? extends byte[]>,DataBufferFactory,ResolvableType,MimeType,Map<String, Object>):Flux<DataBuffer>	70981426932ac988a68d	413	632	1056	213
METHOD_ENTRY	org.springframework.core.codec.ByteArrayEncoder#encodeValue(byte[],DataBufferFactory,ResolvableType,MimeType,Map<String, Object>):DataBuffer	c751880c62f7d6a13d5e	413	642	1066	259
METHOD_ENTRY	org.springframework.core.codec.AbstractEncoder#setLogger(Log):void	5cec2270de1234783a4c	413	547	971	308
METHOD_EXIT	org.springframework.core.codec.CharBufferDecoder#allMimeTypes(List<String>,boolean):CharBufferDecoder	00376692ac6168bad2e4	455	858	1324	298
METHOD_EXIT	org.springframework.core.codec.AbstractEncoder#setLogger(Log):void	cc684426dd1984816029	455	558	1024	315
METHOD_ENTRY	org.springframework.core.codec.AbstractEncoder#getLogger():Log	381b964bea129d8dfec2	413	540	964	41
METHOD_EXIT	org.springframework.core.codec.AbstractEncoder#getLogger():Log	3ab7101845a4f4d4225e	455	614	1080	312
METHOD_ENTRY	org.springframework.core.codec.AbstractEncoder#getEncodableMimeTypes():List<MimeType>	823ee7eb4036642df87a	413	560	984	285
METHOD_EXIT	org.springframework.core.codec.ByteArrayEncoder#encodeValue(byte[],DataBufferFactory,ResolvableType,MimeType,Map<String, Object>):DataBuffer	f202a95c99b1b51df693	455	720	1186	232
METHOD_EXIT	org.springframework.core.codec.ByteArrayEncoder#encode(Publisher<? extends byte[]>,DataBufferFactory,ResolvableType,MimeType,Map<String, Object>):Flux<DataBuffer>	5ac80887533f915ae447	455	711	1177	238
METHOD_EXIT	org.springframework.core.codec.AbstractEncoder#getEncodableMimeTypes():List<MimeType>	0febd054b93e6b4c853e	455	637	1103	306
METHOD_EXIT	org.springframework.core.codec.AbstractEncoder#canEncode(ResolvableType,MimeType):boolean	ef2eede2513dff9bd157	455	702	1168	335
METHOD_ENTRY	org.springframework.core.codec.AbstractEncoder#canEncode(ResolvableType,MimeType):boolean	8cdbd3fe6a7298b582bf	413	625	1049	294
METHOD_ENTRY	org.springframework.core.codec.ByteBufferEncoder#canEncode(ResolvableType,MimeType):boolean	0c66d635c20a0512ed72	413	550	974	267
METHOD_EXIT	org.springframework.core.codec.ByteBufferEncoder#encode(Publisher<? extends ByteBuffer>,DataBufferFactory,ResolvableType,MimeType,Map<String, Object>):Flux<DataBuffer>	d790d38f3bf4a6154382	455	701	1167	266
METHOD_EXIT	org.springframework.core.codec.ByteBufferEncoder#canEncode(ResolvableType,MimeType):boolean	8c78e67d400de6314662	455	627	1093	262
METHOD_ENTRY	org.springframework.core.codec.ByteBufferEncoder#encodeValue(ByteBuffer,DataBufferFactory,ResolvableType,MimeType,Map<String, Object>):DataBuffer	3b56564fa51fdc5521fe	413	650	1074	325
METHOD_ENTRY	org.springframework.core.codec.ByteBufferEncoder#encode(Publisher<? extends ByteBuffer>,DataBufferFactory,ResolvableType,MimeType,Map<String, Object>):Flux<DataBuffer>	a561b76d6e2fd4a814bc	413	622	1046	278
METHOD_EXIT	org.springframework.core.codec.ByteBufferEncoder#encodeValue(ByteBuffer,DataBufferFactory,ResolvableType,MimeType,Map<String, Object>):DataBuffer	219d5df2f1a0bf6e5925	455	728	1194	276
METHOD_EXIT	org.springframework.core.codec.Hints#from(String,Object):Map<String, Object>	a5f4c00a37f6a84a78c6	455	1074	1540	283
METHOD_ENTRY	org.springframework.core.codec.Hints#none():Map<String, Object>	2499316f93118d513011	413	974	1398	249
METHOD_ENTRY	org.springframework.core.codec.Hints#getRequiredHint(Map<String, Object>,String):T	3c0f1b92938a01c4b140	413	1078	1502	246
METHOD_EXIT	org.springframework.core.codec.Hints#getRequiredHint(Map<String, Object>,String):T	92261cf01748910265c9	455	1155	1621	211
METHOD_EXIT	org.springframework.core.codec.Hints#none():Map<String, Object>	92f505071b198796a25c	455	1051	1517	217
METHOD_ENTRY	org.springframework.core.codec.Hints#getLogPrefix(Map<String, Object>):String	26995ca2b89bd2e2bcb6	413	1002	1426	289
METHOD_EXIT	org.springframework.core.codec.Hints#getLogPrefix(Map<String, Object>):String	33efad39bdb2780f88ed	455	1079	1545	346
METHOD_ENTRY	org.springframework.core.codec.Hints#from(String,Object):Map<String, Object>	2773fea39f9b174ac6b9	413	994	1418	172
METHOD_ENTRY	org.springframework.core.codec.Hints#isLoggingSuppressed(Map<String, Object>):boolean	e04153e2abc48d2e1bd7	413	1007	1431	300
METHOD_EXIT	org.springframework.core.codec.Hints#isLoggingSuppressed(Map<String, Object>):boolean	f53d19c201326e186887	455	1084	1550	313
METHOD_ENTRY	org.springframework.core.codec.Hints#merge(Map<String, Object>,Map<String, Object>):Map<String, Object>	a12aaab846bd46424c7c	413	1140	1564	327
METHOD_EXIT	org.springframework.core.codec.Hints#merge(Map<String, Object>,Map<String, Object>):Map<String, Object>	d0ae158bf000786143e8	455	1220	1686	422
METHOD_ENTRY	org.springframework.core.codec.Hints#touchDataBuffer(DataBuffer,Map<String, Object>,Log):void	45865ae5ff1c3ee05b52	413	1054	1478	164
METHOD_ENTRY	org.springframework.core.codec.Hints#merge(Map<String, Object>,String,Object):Map<String, Object>	549bf719b15d7b54847d	413	1076	1500	287
METHOD_EXIT	org.springframework.core.codec.Hints#merge(Map<String, Object>,String,Object):Map<String, Object>	1b326df63da3e0fc2834	455	1156	1622	331
METHOD_ENTRY	org.springframework.core.codec.ByteBufferDecoder#canDecode(ResolvableType,MimeType):boolean	bacc7e923182410ee7f6	413	523	947	276
METHOD_EXIT	org.springframework.core.codec.ByteBufferDecoder#canDecode(ResolvableType,MimeType):boolean	4a2a334e73f4b91c28b2	455	600	1066	273
METHOD_ENTRY	org.springframework.core.codec.ByteBufferDecoder#decode(DataBuffer,ResolvableType,MimeType,Map<String, Object>):ByteBuffer	980d9e346c79f43f306f	413	610	1034	309
METHOD_EXIT	org.springframework.core.codec.ByteBufferDecoder#decode(DataBuffer,ResolvableType,MimeType,Map<String, Object>):ByteBuffer	55b460cca4c7431ae154	455	688	1154	223
METHOD_ENTRY	org.springframework.core.codec.ByteArrayDecoder#canDecode(ResolvableType,MimeType):boolean	1b44ad64d699a472fc02	413	509	933	170
METHOD_EXIT	org.springframework.core.codec.ByteArrayDecoder#canDecode(ResolvableType,MimeType):boolean	88f875cdd6ceed3d314a	455	586	1052	287
METHOD_ENTRY	org.springframework.core.codec.ByteArrayDecoder#decode(DataBuffer,ResolvableType,MimeType,Map<String, Object>):byte[]	b1afdf833b566ec3b60f	413	592	1016	245
METHOD_EXIT	org.springframework.core.codec.ByteArrayDecoder#decode(DataBuffer,ResolvableType,MimeType,Map<String, Object>):byte[]	e5b1042fcac1e4a1ce7d	455	669	1135	243
METHOD_EXIT	org.springframework.core.codec.Hints#touchDataBuffer(DataBuffer,Map<String, Object>,Log):void	d5d537de2c439e2d3982	455	1065	1531	357
METHOD_ENTRY	org.springframework.core.codec.ResourceRegionEncoder#canEncode(ResolvableType,MimeType):boolean	a41d54c9b8960ec6027f	413	646	1070	260
METHOD_EXIT	org.springframework.core.codec.ResourceRegionEncoder#canEncode(ResolvableType,MimeType):boolean	c81fd1e1bd0455ab2a2a	455	723	1189	217
METHOD_ENTRY	org.springframework.core.codec.ResourceRegionEncoder#encode(Publisher<? extends ResourceRegion>,DataBufferFactory,ResolvableType,MimeType,Map<String, Object>):Flux<DataBuffer>	4c181e9779f5d44cfae7	413	1041	1465	292
METHOD_EXIT	org.springframework.core.codec.ResourceRegionEncoder#encode(Publisher<? extends ResourceRegion>,DataBufferFactory,ResolvableType,MimeType,Map<String, Object>):Flux<DataBuffer>	2f1358abb938931fff64	455	1120	1586	250
METHOD_EXIT	org.springframework.core.codec.ResourceRegionEncoder#writeResourceRegion(ResourceRegion,DataBufferFactory,Map<String, Object>):Flux<DataBuffer>	ed43d95933d5967c9f4a	455	877	1343	236
METHOD_ENTRY	org.springframework.core.codec.ResourceRegionEncoder#writeResourceRegion(ResourceRegion,DataBufferFactory,Map<String, Object>):Flux<DataBuffer>	78589d62ddc35072eae4	413	798	1222	242
METHOD_ENTRY	org.springframework.core.codec.ResourceRegionEncoder#getRegionSuffix(DataBufferFactory,String):DataBuffer	e10d28e1513321fbd6d7	413	645	1069	196
METHOD_ENTRY	org.springframework.core.codec.ResourceEncoder#canEncode(ResolvableType,MimeType):boolean	9737bba0fc1c68420bdc	413	530	954	112
METHOD_ENTRY	org.springframework.core.codec.ResourceRegionEncoder#toAsciiBytes(String):byte[]	ea5c71252f143117109e	413	610	1034	253
METHOD_ENTRY	org.springframework.core.codec.ResourceRegionEncoder#getContentRangeHeader(ResourceRegion):byte[]	18d3b6d44bd63fda2d7c	413	719	1143	185
METHOD_EXIT	org.springframework.core.codec.ResourceRegionEncoder#toAsciiBytes(String):byte[]	af916330e52a99157709	455	687	1153	279
METHOD_ENTRY	org.springframework.core.codec.ResourceRegionEncoder#contentLength(Resource):OptionalLong	96ddcda8cbd47989d427	413	682	1106	289
METHOD_EXIT	org.springframework.core.codec.ResourceRegionEncoder#getContentRangeHeader(ResourceRegion):byte[]	c1392f620d1a9f3bbf40	455	796	1262	263
METHOD_EXIT	org.springframework.core.codec.ResourceEncoder#canEncode(ResolvableType,MimeType):boolean	b9117934be7b5b6d0947	455	607	1073	341
METHOD_EXIT	org.springframework.core.codec.ResourceRegionEncoder#contentLength(Resource):OptionalLong	67cf4d1aa9a142342214	455	760	1226	300
METHOD_ENTRY	org.springframework.core.codec.ResourceEncoder#encode(Resource,DataBufferFactory,ResolvableType,MimeType,Map<String, Object>):Flux<DataBuffer>	c346f872cc832cc5e862	413	615	1039	185
METHOD_EXIT	org.springframework.core.codec.ResourceEncoder#encode(Resource,DataBufferFactory,ResolvableType,MimeType,Map<String, Object>):Flux<DataBuffer>	25edd274f14fd3a15c73	455	694	1160	313
METHOD_EXIT	org.springframework.core.codec.ResourceRegionEncoder#getRegionSuffix(DataBufferFactory,String):DataBuffer	dbc7d09e2f518225152c	455	723	1189	314
METHOD_EXIT	org.springframework.core.codec.Encoder#encodeValue(T,DataBufferFactory,ResolvableType,MimeType,Map<String, Object>):DataBuffer	92eea67ddfb551f279eb	455	1274	1740	252
METHOD_ENTRY	org.springframework.core.codec.Encoder#encodeValue(T,DataBufferFactory,ResolvableType,MimeType,Map<String, Object>):DataBuffer	35cdd28a6e8d87e9c634	413	1196	1620	208
METHOD_ENTRY	org.springframework.core.codec.Encoder#getEncodableMimeTypes(ResolvableType):List<MimeType>	5f8d8ef218090fc1f73f	413	1138	1562	173
METHOD_EXIT	org.springframework.core.codec.Encoder#getEncodableMimeTypes(ResolvableType):List<MimeType>	264837afa749048d6b92	455	1218	1684	331
METHOD_ENTRY	org.springframework.core.codec.AbstractSingleValueEncoder#encode(Publisher<? extends T>,DataBufferFactory,ResolvableType,MimeType,Map<String, Object>):Flux<DataBuffer>	58e4d4219ff1dded5c7c	413	713	1137	261
METHOD_EXIT	org.springframework.core.codec.AbstractSingleValueEncoder#encode(Publisher<? extends T>,DataBufferFactory,ResolvableType,MimeType,Map<String, Object>):Flux<DataBuffer>	4a30b33000ed8ac4cd51	455	792	1258	245
METHOD_EXIT	org.springframework.core.codec.AbstractCharSequenceDecoder#setDefaultCharset(Charset):void	7b6c0acbaaaec1a19424	455	732	1198	264
METHOD_ENTRY	org.springframework.core.codec.AbstractCharSequenceDecoder#getDefaultCharset():Charset	64dc422d92267f9dabb4	413	710	1134	62
METHOD_EXIT	org.springframework.core.codec.AbstractCharSequenceDecoder#getDefaultCharset():Charset	97d5493bf26819cafe01	455	784	1250	319
METHOD_ENTRY	org.springframework.core.codec.AbstractCharSequenceDecoder#setDefaultCharset(Charset):void	52e718b8ec641ebea5f0	413	721	1145	133
METHOD_EXIT	org.springframework.core.codec.AbstractCharSequenceDecoder#decode(Publisher<DataBuffer>,ResolvableType,MimeType,Map<String, Object>):Flux<T>	693d4ccc2df3f530753e	455	1028	1494	275
METHOD_ENTRY	org.springframework.core.codec.AbstractCharSequenceDecoder#decode(Publisher<DataBuffer>,ResolvableType,MimeType,Map<String, Object>):Flux<T>	9c1555c0a837511c891b	413	950	1374	240
METHOD_ENTRY	org.springframework.core.codec.AbstractCharSequenceDecoder#getDelimiterBytes(MimeType):byte[][]	609da46fd963e132376d	413	799	1223	265
METHOD_ENTRY	org.springframework.core.codec.ResourceDecoder#canDecode(ResolvableType,MimeType):boolean	1a31f1accdb85dcc0dd3	413	544	968	300
METHOD_ENTRY	org.springframework.core.codec.AbstractCharSequenceDecoder#processDataBuffer(DataBuffer,DataBufferUtils.Matcher,LimitedDataBufferList):Collection<DataBuffer>	c96d77c9024c09a45f9b	413	1013	1437	222
METHOD_EXIT	org.springframework.core.codec.AbstractCharSequenceDecoder#processDataBuffer(DataBuffer,DataBufferUtils.Matcher,LimitedDataBufferList):Collection<DataBuffer>	7f95166caaee85c8a562	455	1092	1558	310
METHOD_ENTRY	org.springframework.core.codec.AbstractCharSequenceDecoder#decode(DataBuffer,ResolvableType,MimeType,Map<String, Object>):T	9962469bc544f8784e76	413	865	1289	267
METHOD_ENTRY	org.springframework.core.codec.AbstractCharSequenceDecoder#getCharset(MimeType):Charset	819d8224fb4a5239ebd6	413	758	1182	339
METHOD_EXIT	org.springframework.core.codec.AbstractCharSequenceDecoder#decode(DataBuffer,ResolvableType,MimeType,Map<String, Object>):T	716ad4030c4a81e217f3	455	942	1408	255
METHOD_EXIT	org.springframework.core.codec.AbstractCharSequenceDecoder#getCharset(MimeType):Charset	971b18496e85064ad308	455	835	1301	392
METHOD_EXIT	org.springframework.core.codec.ResourceDecoder#canDecode(ResolvableType,MimeType):boolean	455af297abe67a3e1b3b	455	621	1087	310
METHOD_ENTRY	org.springframework.core.codec.ResourceDecoder#decode(Publisher<DataBuffer>,ResolvableType,MimeType,Map<String, Object>):Flux<Resource>	b9f3819947956f31c705	413	585	1009	304
METHOD_EXIT	org.springframework.core.codec.AbstractCharSequenceDecoder#getDelimiterBytes(MimeType):byte[][]	094b1f145b09e5483f97	455	877	1343	282
METHOD_ENTRY	org.springframework.core.codec.ResourceDecoder#getFilename():String	8eaa95338ee28cd965b9	413	475	899	61
METHOD_EXIT	org.springframework.core.codec.ResourceDecoder#decode(DataBuffer,ResolvableType,MimeType,Map<String, Object>):Resource	5b02b2007c2b29db6912	455	865	1331	377
METHOD_ENTRY	org.springframework.core.codec.ResourceDecoder#contentLength():long	60583f280f76e6236be2	413	476	900	5
METHOD_ENTRY	org.springframework.core.codec.ResourceDecoder#decode(DataBuffer,ResolvableType,MimeType,Map<String, Object>):Resource	0d3c9ca731bd6aea392d	413	788	1212	299
METHOD_ENTRY	org.springframework.core.SmartClassLoader#isClassReloadable(Class<?>):boolean	ad0f8fed61e97f40a94e	413	1124	1548	242
METHOD_EXIT	org.springframework.core.codec.ResourceDecoder#contentLength():long	e5d679ef06e76fb25627	455	487	953	261
METHOD_EXIT	org.springframework.core.SmartClassLoader#isClassReloadable(Class<?>):boolean	92cc90505d5a71836203	455	1201	1667	48
METHOD_EXIT	org.springframework.core.codec.ResourceDecoder#decode(Publisher<DataBuffer>,ResolvableType,MimeType,Map<String, Object>):Flux<Resource>	155c22218e0456476ecc	455	663	1129	250
METHOD_ENTRY	org.springframework.core.SmartClassLoader#getOriginalClassLoader():ClassLoader	4588d2ceefef0bcfda51	413	1121	1545	60
METHOD_EXIT	org.springframework.core.SmartClassLoader#getOriginalClassLoader():ClassLoader	d7c693b376d605346f1c	455	1196	1662	254
METHOD_ENTRY	org.springframework.core.SmartClassLoader#publicDefineClass(String,byte[],ProtectionDomain):Class<?>	5273371a37e221e6acb9	413	1152	1576	277
METHOD_EXIT	org.springframework.core.SmartClassLoader#publicDefineClass(String,byte[],ProtectionDomain):Class<?>	1e9666fad3d009924db4	455	1230	1696	245
METHOD_ENTRY	org.springframework.core.codec.ResourceDecoder#getFilename():String	8eaa95338ee28cd965b9	413	475	899	61
METHOD_EXIT	org.springframework.core.codec.ResourceDecoder#getFilename():String	de4124ba0508b96edce0	455	486	952	2143
METHOD_EXIT	org.springframework.core.codec.ResourceDecoder#getFilename():String	de4124ba0508b96edce0	455	486	952	2143
METHOD_ENTRY	org.springframework.core.OverridingClassLoader#loadClass(String,boolean):Class<?>	3875e12ddd25601a0ea7	413	1054	1478	242
METHOD_EXIT	org.springframework.core.OverridingClassLoader#loadClass(String):Class<?>	8fc7896ac919e7357803	455	1093	1559	294
METHOD_EXIT	org.springframework.core.OverridingClassLoader#isEligibleForOverriding(String):boolean	2c5257e9f487a7f27c05	455	1064	1530	245
METHOD_EXIT	org.springframework.core.OverridingClassLoader#loadClass(String,boolean):Class<?>	c4ba03779f7592fd88e8	455	1132	1598	325
METHOD_ENTRY	org.springframework.core.OverridingClassLoader#isEligibleForOverriding(String):boolean	7e6c07eda4cec60523a3	413	987	1411	200
METHOD_EXIT	org.springframework.core.OverridingClassLoader#loadClassForOverriding(String):Class<?>	4b605e0a501b4a8fa6c5	455	1126	1592	293
METHOD_ENTRY	org.springframework.core.OverridingClassLoader#loadClassForOverriding(String):Class<?>	9a16f51afc3fece53325	413	1048	1472	479
METHOD_ENTRY	org.springframework.core.OverridingClassLoader#loadClass(String):Class<?>	86ffdfd29ee07e6ebb9e	413	1015	1439	259
METHOD_ENTRY	org.springframework.core.OverridingClassLoader#loadBytesForClass(String):byte @Nullable []	c46d9462bc1e41b280de	413	1091	1515	239
METHOD_EXIT	org.springframework.core.OverridingClassLoader#loadBytesForClass(String):byte @Nullable []	e7b4ab745a104280bae8	455	1170	1636	336
METHOD_EXIT	org.springframework.core.OverridingClassLoader#openStreamForClass(String):InputStream	061bced9a67d304d1ee5	455	1082	1548	330
METHOD_ENTRY	org.springframework.core.OverridingClassLoader#openStreamForClass(String):InputStream	1ebd2b7f3cd90556a046	413	1004	1428	661
METHOD_EXIT	org.springframework.core.OverridingClassLoader#transformIfNecessary(String,byte[]):byte[]	16f5493bf729b247d053	455	1065	1531	242
METHOD_ENTRY	org.springframework.core.OverridingClassLoader#transformIfNecessary(String,byte[]):byte[]	e175b673d595b998c471	413	988	1412	202
METHOD_ENTRY	org.springframework.core.convert.support.AbstractConditionalEnumConverter#matches(TypeDescriptor,TypeDescriptor):boolean	351bc06ae318f4eecc8b	413	522	946	325
METHOD_EXIT	org.springframework.core.convert.support.AbstractConditionalEnumConverter#matches(TypeDescriptor,TypeDescriptor):boolean	57a8a1ac437dfc9463a0	455	599	1065	339
METHOD_ENTRY	org.springframework.core.convert.support.StringToCharsetConverter#convert(String):Charset	99d1c108c13f4627ffec	413	460	884	287
METHOD_EXIT	org.springframework.core.convert.support.StringToCharsetConverter#convert(String):Charset	b2e1f82f06f5e54303e3	455	537	1003	278
METHOD_ENTRY	org.springframework.core.convert.support.StringToUUIDConverter#convert(String):UUID	51628b6f98b93c213b71	413	458	882	286
METHOD_EXIT	org.springframework.core.convert.support.StringToUUIDConverter#convert(String):UUID	2b4ddaa20285e7c5bfc2	455	535	1001	267
METHOD_EXIT	org.springframework.core.convert.support.ArrayToCollectionConverter#getConvertibleTypes():Set<ConvertiblePair>	4902cc254af7194b6b63	455	631	1097	258
METHOD_ENTRY	org.springframework.core.convert.support.ArrayToCollectionConverter#matches(TypeDescriptor,TypeDescriptor):boolean	c14e2ce668158a10be4e	413	582	1006	204
METHOD_ENTRY	org.springframework.core.convert.support.ArrayToCollectionConverter#getConvertibleTypes():Set<ConvertiblePair>	f96f08283aa8aee004e4	413	554	978	53
METHOD_EXIT	org.springframework.core.convert.support.ArrayToCollectionConverter#matches(TypeDescriptor,TypeDescriptor):boolean	ffd5a37b73714e310acb	455	659	1125	342
METHOD_ENTRY	org.springframework.core.convert.support.ArrayToCollectionConverter#convert(Object,TypeDescriptor,TypeDescriptor):Object	4c4ee7e8949ab4bbf700	413	754	1178	277
METHOD_EXIT	org.springframework.core.convert.support.ArrayToCollectionConverter#convert(Object,TypeDescriptor,TypeDescriptor):Object	c48e397677b7041d82f4	455	831	1297	305
METHOD_ENTRY	org.springframework.core.convert.support.StringToLocaleConverter#convert(String):Locale	3b86d329b092f7970d91	413	495	919	255
METHOD_EXIT	org.springframework.core.convert.support.StringToLocaleConverter#convert(String):Locale	5e773424bbec271b354c	455	572	1038	268
METHOD_EXIT	org.springframework.core.convert.support.ArrayToCollectionConverter#createCollection(Class<?>,Class<?>,int):Collection<Object>	c95369556a190e5754a6	455	723	1189	342
METHOD_EXIT	org.springframework.core.convert.support.StringToBooleanConverter#convert(String):Boolean	47884fe6abacd0596e4f	455	622	1088	281
METHOD_ENTRY	org.springframework.core.convert.support.StringToBooleanConverter#convert(String):Boolean	ff876d4d1d51b73f881c	413	545	969	261
METHOD_ENTRY	org.springframework.core.convert.support.ZonedDateTimeToCalendarConverter#convert(ZonedDateTime):Calendar	6f6f44c7de88bd28a8c6	413	585	1009	223
METHOD_EXIT	org.springframework.core.convert.support.ZonedDateTimeToCalendarConverter#convert(ZonedDateTime):Calendar	2d78d3190fa3695ef27a	455	662	1128	256
METHOD_ENTRY	org.springframework.core.convert.support.StringToEnumConverterFactory#getConverter(Class<T>):Converter<String, @Nullable T>	b3ab1280683854c65d7a	413	494	918	67
METHOD_ENTRY	org.springframework.core.convert.support.ArrayToCollectionConverter#createCollection(Class<?>,Class<?>,int):Collection<Object>	4cd02c262c068e0e1014	413	645	1069	302
METHOD_EXIT	org.springframework.core.convert.support.StringToEnumConverterFactory#getConverter(Class<T>):Converter<String, @Nullable T>	e45c0a2c95fdd8c80807	455	576	1042	299
METHOD_ENTRY	org.springframework.core.convert.support.StringToEnumConverterFactory#convert(String):T	4ec1381c6df4e0281c35	413	505	929	295
METHOD_ENTRY	org.springframework.core.convert.support.EnumToStringConverter#convert(Enum<?>):String	2820f66ad2f44fc84313	413	458	882	250
METHOD_EXIT	org.springframework.core.convert.support.StringToEnumConverterFactory#convert(String):T	f52899be9f8a65e47fb3	455	582	1048	284
METHOD_ENTRY	org.springframework.core.convert.support.StringToEnum#convert(String):T	1c59013079d75de2a718	413	432	856	245
METHOD_EXIT	org.springframework.core.convert.support.StringToEnum#convert(String):T	992be9496ee85b5e7e1e	455	509	975	294
METHOD_EXIT	org.springframework.core.convert.support.EnumToStringConverter#convert(Enum<?>):String	583ba221f7f286e373dc	455	535	1001	197
METHOD_EXIT	org.springframework.core.convert.support.StringToTimeZoneConverter#convert(String):TimeZone	06c959712abd0db191ee	455	547	1013	287
METHOD_ENTRY	org.springframework.core.convert.support.StringToTimeZoneConverter#convert(String):TimeZone	58e9e5d71cf8565373ea	413	469	893	290
METHOD_ENTRY	org.springframework.core.convert.support.StringToCollectionConverter#getConvertibleTypes():Set<ConvertiblePair>	bca56cc64d5f5c39ed60	413	518	942	50
METHOD_EXIT	org.springframework.core.convert.support.StringToCollectionConverter#getConvertibleTypes():Set<ConvertiblePair>	906daf908d0628e2d501	455	595	1061	256
METHOD_ENTRY	org.springframework.core.convert.support.StringToCollectionConverter#matches(TypeDescriptor,TypeDescriptor):boolean	4b2c31f32392bf86bcaf	413	549	973	299
METHOD_EXIT	org.springframework.core.convert.support.StringToCollectionConverter#matches(TypeDescriptor,TypeDescriptor):boolean	e006609a0b568a233480	455	626	1092	299
METHOD_ENTRY	org.springframework.core.convert.support.StringToCollectionConverter#convert(Object,TypeDescriptor,TypeDescriptor):Object	8594f25b6ce69fab28a7	413	696	1120	261
METHOD_EXIT	org.springframework.core.convert.support.StringToCollectionConverter#convert(Object,TypeDescriptor,TypeDescriptor):Object	14b8008270b21424d1ce	455	773	1239	327
METHOD_ENTRY	org.springframework.core.convert.support.StringToRegexConverter#convert(String):Regex	afe8a5d1e4d9d310c153	413	462	886	151
METHOD_EXIT	org.springframework.core.convert.support.ZoneIdToTimeZoneConverter#convert(ZoneId):TimeZone	45e85ac9492e7dacbcd1	455	652	1118	332
METHOD_EXIT	org.springframework.core.convert.support.StringToRegexConverter#convert(String):Regex	b85a5e3e6aa0baf83625	455	539	1005	213
METHOD_ENTRY	org.springframework.core.convert.support.ZoneIdToTimeZoneConverter#convert(ZoneId):TimeZone	5adca91eff2fbde34ad8	413	574	998	227
METHOD_ENTRY	org.springframework.core.convert.support.ArrayToObjectConverter#matches(TypeDescriptor,TypeDescriptor):boolean	9bc37fc14df1b6368586	413	523	947	255
METHOD_EXIT	org.springframework.core.convert.support.ArrayToObjectConverter#getConvertibleTypes():Set<ConvertiblePair>	6a1fbae28a4064893d0d	455	578	1044	250
METHOD_ENTRY	org.springframework.core.convert.support.ArrayToObjectConverter#convert(Object,TypeDescriptor,TypeDescriptor):Object	64cc18b1646e319b5cb3	413	602	1026	291
METHOD_EXIT	org.springframework.core.convert.support.ArrayToObjectConverter#matches(TypeDescriptor,TypeDescriptor):boolean	afb510540b9f89df826e	455	600	1066	311
METHOD_EXIT	org.springframework.core.convert.support.ArrayToObjectConverter#convert(Object,TypeDescriptor,TypeDescriptor):Object	b010049287c7d0b0e2e0	455	679	1145	361
METHOD_ENTRY	org.springframework.core.convert.support.ArrayToObjectConverter#getConvertibleTypes():Set<ConvertiblePair>	65694fba0922fe920aab	413	501	925	5
METHOD_ENTRY	org.springframework.core.convert.support.NumberToNumberConverterFactory#getConverter(Class<T>):Converter<Number, @Nullable T>	fb2745f293bd3270457e	413	595	1019	170
METHOD_EXIT	org.springframework.core.convert.support.NumberToNumberConverterFactory#matches(TypeDescriptor,TypeDescriptor):boolean	dd4c6696c61d095d60ad	455	665	1131	281
METHOD_ENTRY	org.springframework.core.convert.support.NumberToNumberConverterFactory#convert(Number):T	761d7510470b3fdddc96	413	576	1000	216
METHOD_EXIT	org.springframework.core.convert.support.NumberToNumberConverterFactory#getConverter(Class<T>):Converter<Number, @Nullable T>	a60494ad66f81f239be1	455	678	1144	257
METHOD_ENTRY	org.springframework.core.convert.support.NumberToNumberConverterFactory#matches(TypeDescriptor,TypeDescriptor):boolean	2b245042f31de857250a	413	588	1012	212
METHOD_ENTRY	org.springframework.core.convert.support.NumberToNumber#convert(Number):T	3167f33ec6ece5e2b174	413	399	823	221
METHOD_EXIT	org.springframework.core.convert.support.NumberToNumber#convert(Number):T	d14ecaa5dc6c8918ff57	455	476	942	359
METHOD_ENTRY	org.springframework.core.convert.support.CollectionToObjectConverter#getConvertibleTypes():Set<ConvertiblePair>	137b57f259dcc7d44c2c	413	499	923	135
METHOD_EXIT	org.springframework.core.convert.support.CollectionToObjectConverter#getConvertibleTypes():Set<ConvertiblePair>	fac0e8bf372139f1477e	455	576	1042	215
METHOD_ENTRY	org.springframework.core.convert.support.CollectionToObjectConverter#matches(TypeDescriptor,TypeDescriptor):boolean	ba22fa5a41e81b6fa793	413	522	946	276
METHOD_EXIT	org.springframework.core.convert.support.NumberToNumberConverterFactory#convert(Number):T	5d67751eee014682f7d0	455	653	1119	252
METHOD_ENTRY	org.springframework.core.convert.support.CollectionToObjectConverter#convert(Object,TypeDescriptor,TypeDescriptor):Object	1aaf99025d16cf7a7de8	413	607	1031	359
METHOD_ENTRY	org.springframework.core.convert.support.StringToPropertiesConverter#convert(String):Properties	a264a57f38b8d264d51b	413	543	967	331
METHOD_EXIT	org.springframework.core.convert.support.StringToPropertiesConverter#convert(String):Properties	614c6273b88319387327	455	620	1086	276
METHOD_EXIT	org.springframework.core.convert.support.CollectionToObjectConverter#matches(TypeDescriptor,TypeDescriptor):boolean	01f44a06e3a80a192b97	455	599	1065	305
METHOD_ENTRY	org.springframework.core.convert.support.StringToCharacterConverter#convert(String):Character	ff9fd3ea2b659ffc955e	413	507	931	248
METHOD_EXIT	org.springframework.core.convert.support.StringToCharacterConverter#convert(String):Character	afcdda32fed32bc412dc	455	584	1050	355
METHOD_EXIT	org.springframework.core.convert.support.EnumToIntegerConverter#convert(Enum<?>):Integer	b35ea8672d0d0870e897	455	532	998	228
METHOD_ENTRY	org.springframework.core.convert.support.IntegerToEnumConverterFactory#getConverter(Class<T>):Converter<Integer, @Nullable T>	e686477cd6e7bcb17938	413	492	916	153
METHOD_EXIT	org.springframework.core.convert.support.CollectionToObjectConverter#convert(Object,TypeDescriptor,TypeDescriptor):Object	533e5952e6a63bf09738	455	684	1150	351
METHOD_ENTRY	org.springframework.core.convert.support.EnumToIntegerConverter#convert(Enum<?>):Integer	a9413542e192bfadf0e1	413	455	879	147
METHOD_ENTRY	org.springframework.core.convert.support.IntegerToEnum#convert(Integer):T	7c51af62b0c0cc5b3d12	413	395	819	244
METHOD_EXIT	org.springframework.core.convert.support.IntegerToEnumConverterFactory#getConverter(Class<T>):Converter<Integer, @Nullable T>	7982e2cc036f0241f19b	455	574	1040	195
METHOD_EXIT	org.springframework.core.convert.support.IntegerToEnumConverterFactory#convert(Integer):T	021452874caad6377eb5	455	543	1009	262
METHOD_ENTRY	org.springframework.core.convert.support.IntegerToEnumConverterFactory#convert(Integer):T	1a11890d2e278a6e960b	413	466	890	171
METHOD_ENTRY	org.springframework.core.convert.support.ArrayToStringConverter#getConvertibleTypes():Set<ConvertiblePair>	ef10fdb9e2a0928381ba	413	520	944	5
METHOD_EXIT	org.springframework.core.convert.support.ArrayToStringConverter#matches(TypeDescriptor,TypeDescriptor):boolean	741b6ce40bb36649d603	455	609	1075	186
METHOD_ENTRY	org.springframework.core.convert.support.ArrayToStringConverter#matches(TypeDescriptor,TypeDescriptor):boolean	96f2c28d908d2f8b60b3	413	532	956	286
METHOD_EXIT	org.springframework.core.convert.support.IntegerToEnum#convert(Integer):T	0531c91bbd038e03fe02	455	472	938	197
METHOD_ENTRY	org.springframework.core.convert.support.OptionalToObjectConverter#getConvertibleTypes():Set<ConvertiblePair>	791a532ae02671259626	413	537	961	85
METHOD_ENTRY	org.springframework.core.convert.support.ArrayToStringConverter#convert(Object,TypeDescriptor,TypeDescriptor):Object	56bc89a3f7d69067ad4d	413	556	980	262
METHOD_EXIT	org.springframework.core.convert.support.ArrayToStringConverter#getConvertibleTypes():Set<ConvertiblePair>	c4de991fe48c6b009a2d	455	597	1063	286
METHOD_EXIT	org.springframework.core.convert.support.OptionalToObjectConverter#getConvertibleTypes():Set<ConvertiblePair>	76fac078a2855d520f85	455	614	1080	287
METHOD_ENTRY	org.springframework.core.convert.support.OptionalToObjectConverter#matches(TypeDescriptor,TypeDescriptor):boolean	55dbc2a064074e10279b	413	634	1058	282
METHOD_EXIT	org.springframework.core.convert.support.OptionalToObjectConverter#matches(TypeDescriptor,TypeDescriptor):boolean	b47c437c68a1f5ead52d	455	711	1177	398
METHOD_ENTRY	org.springframework.core.convert.support.OptionalToObjectConverter#convert(Object,TypeDescriptor,TypeDescriptor):Object	5c4633e7e93eacdfdd43	413	623	1047	286
METHOD_EXIT	org.springframework.core.convert.support.ArrayToStringConverter#convert(Object,TypeDescriptor,TypeDescriptor):Object	e9a9680917e09c893a07	455	633	1099	365
METHOD_EXIT	org.springframework.core.convert.support.OptionalToObjectConverter#convert(Object,TypeDescriptor,TypeDescriptor):Object	b54bf25c9261b6edb6b7	455	700	1166	291
METHOD_ENTRY	org.springframework.core.convert.support.ConversionUtils#canConvertElements(TypeDescriptor,TypeDescriptor,ConversionService):boolean	9283383f07cda2f16886	413	628	1052	299
METHOD_ENTRY	org.springframework.core.convert.support.CharacterToNumberFactory#getConverter(Class<T>):Converter<Character, @Nullable T>	72b3e42ff2b1c93ec063	413	572	996	222
METHOD_EXIT	org.springframework.core.convert.support.ConversionUtils#canConvertElements(TypeDescriptor,TypeDescriptor,ConversionService):boolean	ea9aca55f6fb86ef418c	455	705	1171	370
METHOD_EXIT	org.springframework.core.convert.support.CharacterToNumberFactory#getConverter(Class<T>):Converter<Character, @Nullable T>	78e9f95964da445a4ee3	455	654	1120	204
METHOD_EXIT	org.springframework.core.convert.support.ConversionUtils#getEnumType(Class<?>):Class<?>	566f1c08a33dc4d1280e	455	624	1090	309
METHOD_ENTRY	org.springframework.core.convert.support.ConversionUtils#getEnumType(Class<?>):Class<?>	1559bdb1ed4d386f65f0	413	546	970	292
METHOD_ENTRY	org.springframework.core.convert.support.ConversionUtils#invokeConverter(GenericConverter,Object,TypeDescriptor,TypeDescriptor):Object	f187c345f6d4be819649	413	575	999	218
METHOD_ENTRY	org.springframework.core.convert.support.CharacterToNumberFactory#convert(Character):T	1aa113a28fb084373956	413	560	984	200
METHOD_ENTRY	org.springframework.core.convert.support.CharacterToNumber#convert(Character):T	e67b9b02e7bf9164b1fb	413	404	828	200
METHOD_EXIT	org.springframework.core.convert.support.CharacterToNumberFactory#convert(Character):T	568c7724b987fba69489	455	637	1103	318
METHOD_EXIT	org.springframework.core.convert.support.CharacterToNumber#convert(Character):T	571585c65a44c10bf54e	455	481	947	104
METHOD_ENTRY	org.springframework.core.convert.support.NumberToCharacterConverter#convert(Number):Character	30a1eb7f6b6e42b0150f	413	489	913	213
METHOD_EXIT	org.springframework.core.convert.support.ConversionUtils#invokeConverter(GenericConverter,Object,TypeDescriptor,TypeDescriptor):Object	c4f4639961f8b32b34ea	455	652	1118	231
METHOD_EXIT	org.springframework.core.convert.support.CollectionToArrayConverter#getConvertibleTypes():Set<ConvertiblePair>	44048593af51ecab96c1	455	626	1092	273
METHOD_ENTRY	org.springframework.core.convert.support.CollectionToArrayConverter#matches(TypeDescriptor,TypeDescriptor):boolean	620f60276a3448f8a61f	413	576	1000	260
METHOD_EXIT	org.springframework.core.convert.support.NumberToCharacterConverter#convert(Number):Character	45e7e5c92869863d18f8	455	566	1032	263
METHOD_ENTRY	org.springframework.core.convert.support.CollectionToArrayConverter#convert(Object,TypeDescriptor,TypeDescriptor):Object	8e4978e7b272619ba3b0	413	696	1120	274
METHOD_EXIT	org.springframework.core.convert.support.CollectionToArrayConverter#matches(TypeDescriptor,TypeDescriptor):boolean	2cb93e68e6e6e4fd5f11	455	653	1119	361
METHOD_EXIT	org.springframework.core.convert.support.CollectionToArrayConverter#convert(Object,TypeDescriptor,TypeDescriptor):Object	1651007dde65c65d264f	455	773	1239	315
METHOD_EXIT	org.springframework.core.convert.support.StringToDataSizeConverter#convert(String):DataSize	5a89b53fa0f2f5bdb688	455	560	1026	270
METHOD_ENTRY	org.springframework.core.convert.support.CollectionToArrayConverter#getConvertibleTypes():Set<ConvertiblePair>	5e8c81518392e5149eaa	413	549	973	71
METHOD_ENTRY	org.springframework.core.convert.support.StringToDataSizeConverter#convert(String):DataSize	9e50738f231e6a933df7	413	482	906	246
METHOD_ENTRY	org.springframework.core.convert.support.MapToMapConverter#getConvertibleTypes():Set<ConvertiblePair>	17b39af22c1e758a5310	413	620	1044	62
METHOD_ENTRY	org.springframework.core.convert.support.MapToMapConverter#matches(TypeDescriptor,TypeDescriptor):boolean	4afd56d53d95845a7781	413	642	1066	274
METHOD_EXIT	org.springframework.core.convert.support.MapToMapConverter#matches(TypeDescriptor,TypeDescriptor):boolean	297181d23d6a4f405e30	455	719	1185	238
METHOD_EXIT	org.springframework.core.convert.support.MapToMapConverter#convert(Object,TypeDescriptor,TypeDescriptor):Object	2176b8876a80fd43be5d	455	1024	1490	410
METHOD_EXIT	org.springframework.core.convert.support.MapToMapConverter#canConvertKey(TypeDescriptor,TypeDescriptor):boolean	ef60cdb406d4f2bf6f5d	455	729	1195	323
METHOD_EXIT	org.springframework.core.convert.support.MapToMapConverter#getConvertibleTypes():Set<ConvertiblePair>	4ddd60c60e0fd915f6ef	455	697	1163	284
METHOD_ENTRY	org.springframework.core.convert.support.MapToMapConverter#canConvertValue(TypeDescriptor,TypeDescriptor):boolean	373259685ce288bbd7dc	413	652	1076	285
METHOD_EXIT	org.springframework.core.convert.support.MapToMapConverter#canConvertValue(TypeDescriptor,TypeDescriptor):boolean	f00cad366b7000831225	455	729	1195	347
METHOD_ENTRY	org.springframework.core.convert.support.MapToMapConverter#convertKey(Object,TypeDescriptor,TypeDescriptor):Object	a5125d7776dee091b688	413	677	1101	283
METHOD_ENTRY	org.springframework.core.convert.support.MapToMapConverter#convert(Object,TypeDescriptor,TypeDescriptor):Object	492d4212be61e4258e45	413	947	1371	358
METHOD_ENTRY	org.springframework.core.convert.support.MapToMapConverter#canConvertKey(TypeDescriptor,TypeDescriptor):boolean	98421ea2208225f0575f	413	652	1076	300
METHOD_EXIT	org.springframework.core.convert.support.MapToMapConverter#convertKey(Object,TypeDescriptor,TypeDescriptor):Object	ad82e0b9d82ec7b3574d	455	754	1220	223
METHOD_ENTRY	org.springframework.core.convert.support.MapEntry#addToMap(Map<Object, Object>):void	50aa67a0344530ec69fc	413	403	827	216
METHOD_EXIT	org.springframework.core.convert.support.ConvertingPropertyEditorAdapter#setAsText(String):void	b591f549375869ea62fc	455	532	998	293
METHOD_EXIT	org.springframework.core.convert.support.MapEntry#addToMap(Map<Object, Object>):void	97d02eb4a70f41f449f1	455	414	880	230
METHOD_ENTRY	org.springframework.core.convert.support.MapToMapConverter#addToMap(Map<Object, Object>):void	f8b9a8dbb68b512c7c47	413	623	1047	269
METHOD_EXIT	org.springframework.core.convert.support.MapToMapConverter#addToMap(Map<Object, Object>):void	eb0cdd4a54d93d19b712	455	634	1100	176
METHOD_ENTRY	org.springframework.core.convert.support.ConvertingPropertyEditorAdapter#setAsText(String):void	2e9a34eb0b0d63abd3a6	413	521	945	213
METHOD_ENTRY	org.springframework.core.convert.support.ConvertingPropertyEditorAdapter#getAsText():String	b6bb7f8666586cd327a4	413	538	962	177
METHOD_ENTRY	org.springframework.core.convert.support.MapToMapConverter#convertValue(Object,TypeDescriptor,TypeDescriptor):Object	52e8b40ab417d6e16131	413	677	1101	241
METHOD_EXIT	org.springframework.core.convert.support.ConvertingPropertyEditorAdapter#getAsText():String	69f001a30bb07a6957ee	455	612	1078	283
METHOD_EXIT	org.springframework.core.convert.support.ObjectToArrayConverter#getConvertibleTypes():Set<ConvertiblePair>	0f1972b431e6c782127c	455	588	1054	304
METHOD_ENTRY	org.springframework.core.convert.support.ObjectToArrayConverter#getConvertibleTypes():Set<ConvertiblePair>	02cac0b3dc5bc3d32e1b	413	511	935	109
METHOD_ENTRY	org.springframework.core.convert.support.ObjectToArrayConverter#matches(TypeDescriptor,TypeDescriptor):boolean	0cb00af3935665067ce7	413	534	958	280
METHOD_ENTRY	org.springframework.core.convert.support.ObjectToArrayConverter#convert(Object,TypeDescriptor,TypeDescriptor):Object	03b7b43046b60bc9a82c	413	619	1043	268
METHOD_EXIT	org.springframework.core.convert.support.MapToMapConverter#convertValue(Object,TypeDescriptor,TypeDescriptor):Object	1412c9f91e44f63e3a15	455	754	1220	392
METHOD_EXIT	org.springframework.core.convert.support.ObjectToArrayConverter#matches(TypeDescriptor,TypeDescriptor):boolean	dfd050c6c75f67067a18	455	611	1077	302
METHOD_EXIT	org.springframework.core.convert.support.IdToEntityConverter#getConvertibleTypes():Set<ConvertiblePair>	da3f8ebe13f20b8c64bd	455	644	1110	215
METHOD_ENTRY	org.springframework.core.convert.support.IdToEntityConverter#getConvertibleTypes():Set<ConvertiblePair>	e3d6a2852d3c2e32a424	413	567	991	60
METHOD_ENTRY	org.springframework.core.convert.support.IdToEntityConverter#matches(TypeDescriptor,TypeDescriptor):boolean	e42b74b7d54e56ade894	413	608	1032	118
METHOD_EXIT	org.springframework.core.convert.support.IdToEntityConverter#matches(TypeDescriptor,TypeDescriptor):boolean	d8743d94bda4fff391cc	455	685	1151	334
METHOD_ENTRY	org.springframework.core.convert.support.IdToEntityConverter#convert(Object,TypeDescriptor,TypeDescriptor):Object	bd7b7df32b64aa14b617	413	662	1086	221
METHOD_EXIT	org.springframework.core.convert.support.ObjectToArrayConverter#convert(Object,TypeDescriptor,TypeDescriptor):Object	dbcdc34bf7a23f4d6151	455	696	1162	271
METHOD_EXIT	org.springframework.core.convert.support.IdToEntityConverter#getFinder(Class<?>):Method	de2b25b0ba065fcd3770	455	812	1278	392
METHOD_ENTRY	org.springframework.core.convert.support.IdToEntityConverter#getEntityName(Class<?>):String	e76799689a76cad082aa	413	613	1037	338
METHOD_EXIT	org.springframework.core.convert.support.IdToEntityConverter#getEntityName(Class<?>):String	1fb20e67e3cf5e33d4ba	455	690	1156	343
METHOD_ENTRY	org.springframework.core.convert.support.StreamConverter#getConvertibleTypes():Set<ConvertiblePair>	d92b1e2f231a1fa5f101	413	684	1108	211
METHOD_EXIT	org.springframework.core.convert.support.StreamConverter#getConvertibleTypes():Set<ConvertiblePair>	37b893c49beaa249161c	455	761	1227	241
METHOD_EXIT	org.springframework.core.convert.support.IdToEntityConverter#convert(Object,TypeDescriptor,TypeDescriptor):Object	52e8ff8f286a82fd76d2	455	739	1205	310
METHOD_ENTRY	org.springframework.core.convert.support.IdToEntityConverter#getFinder(Class<?>):Method	b30671b047a4b90ec766	413	735	1159	292
METHOD_EXIT	org.springframework.core.convert.support.StreamConverter#matches(TypeDescriptor,TypeDescriptor):boolean	733e237fb1de77d905b1	455	834	1300	295
METHOD_EXIT	org.springframework.core.convert.support.StreamConverter#matchesFromStream(TypeDescriptor,TypeDescriptor):boolean	3d209ccffd463a0ad440	455	803	1269	261
METHOD_ENTRY	org.springframework.core.convert.support.StreamConverter#matchesFromStream(TypeDescriptor,TypeDescriptor):boolean	9284802ee373bf4d6752	413	726	1150	277
METHOD_ENTRY	org.springframework.core.convert.support.StreamConverter#matchesToStream(TypeDescriptor,TypeDescriptor):boolean	1e9597ab81ce1b08c05f	413	726	1150	303
METHOD_EXIT	org.springframework.core.convert.support.StreamConverter#matchesToStream(TypeDescriptor,TypeDescriptor):boolean	c77e42620d454de45f63	455	803	1269	261
METHOD_ENTRY	org.springframework.core.convert.support.StreamConverter#matches(TypeDescriptor,TypeDescriptor):boolean	679d9f643b5ef1ed5973	413	757	1181	315
METHOD_ENTRY	org.springframework.core.convert.support.StreamConverter#convertFromStream(Stream<?>,TypeDescriptor,TypeDescriptor):Object	e08df557ee68591dd952	413	769	1193	251
METHOD_EXIT	org.springframework.core.convert.support.StreamConverter#convertFromStream(Stream<?>,TypeDescriptor,TypeDescriptor):Object	4afb565e8b6680562de8	455	846	1312	251
METHOD_EXIT	org.springframework.core.convert.support.StreamConverter#convertToStream(Object,TypeDescriptor,TypeDescriptor):Object	3e33551e8cf6f4b7c5e2	455	845	1311	241
METHOD_ENTRY	org.springframework.core.convert.support.StreamConverter#convertToStream(Object,TypeDescriptor,TypeDescriptor):Object	1e8251e168bacad1052b	413	768	1192	313
METHOD_ENTRY	org.springframework.core.convert.support.StreamConverter#createConvertibleTypes():Set<ConvertiblePair>	19f556fb02446b8e65b0	413	756	1180	74
METHOD_ENTRY	org.springframework.core.convert.support.StreamConverter#convert(Object,TypeDescriptor,TypeDescriptor):Object	93e691e1b2684192fef6	413	786	1210	339
METHOD_EXIT	org.springframework.core.convert.support.StreamConverter#convert(Object,TypeDescriptor,TypeDescriptor):Object	f325da59f6b6eab5e2c7	455	863	1329	291
METHOD_ENTRY	org.springframework.core.convert.support.InstantToDateConverter#matches(TypeDescriptor,TypeDescriptor):boolean	12500ee79bda3f859f12	413	519	943	256
METHOD_ENTRY	org.springframework.core.convert.support.ObjectToStringConverter#convert(Object):String	8e02134f305f67f7b548	413	441	865	201
METHOD_EXIT	org.springframework.core.convert.support.InstantToDateConverter#convert(Instant):Date	284fd10c3a00fb8849d9	455	574	1040	233
METHOD_ENTRY	org.springframework.core.convert.support.InstantToDateConverter#convert(Instant):Date	ce58aa12854c6d652155	413	497	921	302
METHOD_EXIT	org.springframework.core.convert.support.InstantToDateConverter#matches(TypeDescriptor,TypeDescriptor):boolean	03328891385c85279e71	455	596	1062	192
METHOD_EXIT	org.springframework.core.convert.support.StreamConverter#createConvertibleTypes():Set<ConvertiblePair>	7835296d4b4af4e2ee1f	455	833	1299	250
METHOD_EXIT	org.springframework.core.convert.support.DateToInstantConverter#convert(Date):Instant	c2ad2e6985857c721e45	455	613	1079	220
METHOD_ENTRY	org.springframework.core.convert.support.DateToInstantConverter#convert(Date):Instant	891c21fdd6e82e349264	413	536	960	246
METHOD_ENTRY	org.springframework.core.convert.support.StringToArrayConverter#getConvertibleTypes():Set<ConvertiblePair>	304cf85d589372afb2f1	413	513	937	87
METHOD_ENTRY	org.springframework.core.convert.support.StringToArrayConverter#matches(TypeDescriptor,TypeDescriptor):boolean	47ffb913f0e5f189b984	413	536	960	276
METHOD_EXIT	org.springframework.core.convert.support.StringToArrayConverter#getConvertibleTypes():Set<ConvertiblePair>	a7b8d1f5b876ccbd1a9c	455	590	1056	225
METHOD_EXIT	org.springframework.core.convert.support.StringToArrayConverter#matches(TypeDescriptor,TypeDescriptor):boolean	15c997e172ba0b78cd9c	455	613	1079	257
METHOD_EXIT	org.springframework.core.convert.support.ObjectToStringConverter#convert(Object):String	70d28cd0b9cc358813f8	455	518	984	289
METHOD_EXIT	org.springframework.core.convert.support.StringToArrayConverter#convert(Object,TypeDescriptor,TypeDescriptor):Object	e724bde844c597680b09	455	752	1218	328
METHOD_ENTRY	org.springframework.core.convert.support.StringToCurrencyConverter#convert(String):Currency	9e3b85e8080e9bd6e19f	413	460	884	286
METHOD_EXIT	org.springframework.core.convert.support.StringToCurrencyConverter#convert(String):Currency	f4c27b98f7ccd68cb618	455	537	1003	280
METHOD_EXIT	org.springframework.core.convert.support.NumberToDataSizeConverter#convert(Number):DataSize	e202a708c35a0401b397	455	602	1068	315
METHOD_ENTRY	org.springframework.core.convert.support.NumberToDataSizeConverter#convert(Number):DataSize	93b4d9006d90480e45f0	413	524	948	148
METHOD_ENTRY	org.springframework.core.convert.support.StringToArrayConverter#convert(Object,TypeDescriptor,TypeDescriptor):Object	4a090ef5ff08e9b9da72	413	675	1099	271
METHOD_ENTRY	org.springframework.core.convert.support.ObjectToCollectionConverter#matches(TypeDescriptor,TypeDescriptor):boolean	1e5ba185eb4e77bd7774	413	534	958	176
METHOD_EXIT	org.springframework.core.convert.support.ObjectToCollectionConverter#matches(TypeDescriptor,TypeDescriptor):boolean	3d8947e8bb186dd1f92a	455	611	1077	255
METHOD_ENTRY	org.springframework.core.convert.support.ObjectToCollectionConverter#convert(Object,TypeDescriptor,TypeDescriptor):Object	aa26a9b6da9ea75acece	413	643	1067	299
METHOD_ENTRY	org.springframework.core.convert.support.ObjectToCollectionConverter#getConvertibleTypes():Set<ConvertiblePair>	a931233a7538be488949	413	511	935	55
METHOD_EXIT	org.springframework.core.convert.support.ObjectToCollectionConverter#convert(Object,TypeDescriptor,TypeDescriptor):Object	eb567a8321a937e3d54c	455	720	1186	327
METHOD_EXIT	org.springframework.core.convert.support.CollectionToCollectionConverter#matches(TypeDescriptor,TypeDescriptor):boolean	b0ccabd4b7cbedefb859	455	663	1129	333
METHOD_ENTRY	org.springframework.core.convert.support.CollectionToCollectionConverter#matches(TypeDescriptor,TypeDescriptor):boolean	0cc73ad408a1f135a26c	413	586	1010	237
METHOD_EXIT	org.springframework.core.convert.support.ObjectToCollectionConverter#getConvertibleTypes():Set<ConvertiblePair>	49f47b06b6ee7eb17a6f	455	588	1054	264
METHOD_EXIT	org.springframework.core.convert.support.CollectionToCollectionConverter#getConvertibleTypes():Set<ConvertiblePair>	fb977db15520e5472c7a	455	634	1100	268
METHOD_ENTRY	org.springframework.core.convert.support.CollectionToCollectionConverter#convert(Object,TypeDescriptor,TypeDescriptor):Object	0428b5920a68672f74a5	413	831	1255	266
METHOD_ENTRY	org.springframework.core.convert.support.CollectionToCollectionConverter#getConvertibleTypes():Set<ConvertiblePair>	792aeccfc3a3f46ddee6	413	557	981	298
METHOD_EXIT	org.springframework.core.convert.support.CollectionToCollectionConverter#convert(Object,TypeDescriptor,TypeDescriptor):Object	c335c97aeb312be87c12	455	908	1374	316
METHOD_ENTRY	org.springframework.core.convert.support.PropertiesToStringConverter#convert(Properties):String	af8d0462aa8b62cd46a8	413	536	960	241
METHOD_ENTRY	org.springframework.core.convert.support.StringToPatternConverter#convert(String):Pattern	aaa2d4c392ee21256ba5	413	465	889	218
METHOD_EXIT	org.springframework.core.convert.support.StringToPatternConverter#convert(String):Pattern	86764199bafb4fa1ae0f	455	542	1008	196
METHOD_EXIT	org.springframework.core.convert.support.DefaultConversionService#getSharedInstance():ConversionService	ddbb0254d95291147e5e	455	908	1374	168
METHOD_ENTRY	org.springframework.core.convert.support.DefaultConversionService#getSharedInstance():ConversionService	d9f84c87a5e6b48be42e	413	833	1257	55
METHOD_ENTRY	org.springframework.core.convert.support.DefaultConversionService#addDefaultConverters(ConverterRegistry):void	8d8f145d4d804c062064	413	954	1378	241
METHOD_EXIT	org.springframework.core.convert.support.DefaultConversionService#addCollectionConverters(ConverterRegistry):void	c7d7d5bdc444367a4282	455	1009	1475	226
METHOD_ENTRY	org.springframework.core.convert.support.DefaultConversionService#addCollectionConverters(ConverterRegistry):void	79ccb8fe075fd428946e	413	998	1422	262
METHOD_EXIT	org.springframework.core.convert.support.PropertiesToStringConverter#convert(Properties):String	a71975cee75436771ec8	455	613	1079	271
METHOD_ENTRY	org.springframework.core.convert.support.StringToNumberConverterFactory#getConverter(Class<T>):Converter<String, @Nullable T>	6da74f9b10aadc94e6c0	413	570	994	152
METHOD_EXIT	org.springframework.core.convert.support.StringToNumberConverterFactory#getConverter(Class<T>):Converter<String, @Nullable T>	c559fac9118707cb8ef2	455	652	1118	245
METHOD_ENTRY	org.springframework.core.convert.support.DefaultConversionService#addScalarConverters(ConverterRegistry):void	d1361e8819fa57effb0e	413	1222	1646	94
METHOD_ENTRY	org.springframework.core.convert.support.StringToNumberConverterFactory#convert(String):T	a4026a63f97e0549c568	413	567	991	262
METHOD_EXIT	org.springframework.core.convert.support.StringToNumberConverterFactory#convert(String):T	1082a3eb6216afaa5d4e	455	644	1110	248
METHOD_EXIT	org.springframework.core.convert.support.DefaultConversionService#addScalarConverters(ConverterRegistry):void	b8927bf6c39b4c1c7f28	455	1233	1699	287
METHOD_ENTRY	org.springframework.core.convert.support.FallbackObjectToStringConverter#getConvertibleTypes():Set<ConvertiblePair>	866a8bab0a504eaa446c	413	586	1010	48
METHOD_EXIT	org.springframework.core.convert.support.StringToNumber#convert(String):T	73d38fa9e88293d8c4bf	455	490	956	244
METHOD_ENTRY	org.springframework.core.convert.support.StringToNumber#convert(String):T	7fe5f565a20dfa70e896	413	413	837	215
METHOD_EXIT	org.springframework.core.convert.support.DefaultConversionService#addDefaultConverters(ConverterRegistry):void	41e7189b94a66bc48e29	455	965	1431	276
METHOD_EXIT	org.springframework.core.convert.support.FallbackObjectToStringConverter#matches(TypeDescriptor,TypeDescriptor):boolean	e02619260900fbcde474	455	740	1206	294
METHOD_ENTRY	org.springframework.core.convert.support.FallbackObjectToStringConverter#convert(Object,TypeDescriptor,TypeDescriptor):Object	67530570688690e5557c	413	615	1039	336
METHOD_EXIT	org.springframework.core.convert.support.FallbackObjectToStringConverter#convert(Object,TypeDescriptor,TypeDescriptor):Object	52fe043642bc1bf75dfc	455	692	1158	310
METHOD_ENTRY	org.springframework.core.convert.support.FallbackObjectToStringConverter#matches(TypeDescriptor,TypeDescriptor):boolean	83c1df7f17ffb46ba4b7	413	663	1087	78
METHOD_EXIT	org.springframework.core.convert.support.FallbackObjectToStringConverter#getConvertibleTypes():Set<ConvertiblePair>	1c0c2f6f6ad690102789	455	663	1129	220
METHOD_ENTRY	org.springframework.core.convert.ConversionFailedException#getSourceType():TypeDescriptor	d049ecee893004955662	413	515	939	69
METHOD_EXIT	org.springframework.core.convert.ConversionFailedException#getSourceType():TypeDescriptor	7ab806a1413be98903f0	455	590	1056	87
METHOD_ENTRY	org.springframework.core.convert.ConversionFailedException#getTargetType():TypeDescriptor	293b1070ba9812010da0	413	513	937	211
METHOD_EXIT	org.springframework.core.convert.ConversionFailedException#getValue():Object	740f8a2f45bdee3deb6d	455	584	1050	239
METHOD_ENTRY	org.springframework.core.convert.ConversionService#convert(Object,TypeDescriptor):Object	ced68632f13585c61f94	413	1322	1746	247
METHOD_ENTRY	org.springframework.core.convert.converter.Converter#andThen(Converter<? super T, ? extends @Nullable U>):Converter<S, @Nullable U>	30d87e4e967017494e96	413	808	1232	51
METHOD_ENTRY	org.springframework.core.convert.ConversionFailedException#getValue():Object	fee938341699f52ea644	413	510	934	216
METHOD_EXIT	org.springframework.core.convert.ConversionFailedException#getTargetType():TypeDescriptor	526b9259298b0e71bb73	455	588	1054	185
METHOD_EXIT	org.springframework.core.convert.converter.GenericConverter#getSourceType():Class<?>	51a6d971868fcb080fdb	455	809	1275	249
METHOD_EXIT	org.springframework.core.convert.converter.Converter#andThen(Converter<? super T, ? extends @Nullable U>):Converter<S, @Nullable U>	a9e75c4cb06902cb9fbe	455	890	1356	262
METHOD_ENTRY	org.springframework.core.convert.converter.GenericConverter#getTargetType():Class<?>	e75cee5dfd55b9a53817	413	734	1158	66
METHOD_EXIT	org.springframework.core.convert.ConversionService#convert(Object,TypeDescriptor):Object	2b93333f0e3f640353fc	455	1399	1865	321
METHOD_EXIT	org.springframework.core.convert.converter.GenericConverter#getTargetType():Class<?>	36c91ea68bb1b7ff0885	455	809	1275	286
METHOD_ENTRY	org.springframework.core.convert.converter.GenericConverter#getSourceType():Class<?>	a64e943c0f23ce5bf148	413	734	1158	58
METHOD_EXIT	org.springframework.core.convert.converter.GenericConverter#equals(Object):boolean	b4896930067f50c0b178	455	883	1349	374
METHOD_ENTRY	org.springframework.core.convert.converter.GenericConverter#equals(Object):boolean	8700e56a6f48670adc26	413	806	1230	288
METHOD_ENTRY	org.springframework.core.convert.converter.GenericConverter#toString():String	8a75b7fcc2bc9af5fe26	413	748	1172	279
METHOD_ENTRY	org.springframework.core.convert.converter.GenericConverter#hashCode():int	b8d3f26061e051678cf0	413	747	1171	290
METHOD_ENTRY	org.springframework.core.convert.converter.ConvertiblePair#getSourceType():Class<?>	4a33f1a0790b71899e19	413	387	811	49
METHOD_EXIT	org.springframework.core.convert.converter.ConvertiblePair#getSourceType():Class<?>	e6379bc2ec3d58c14c4d	455	462	928	235
METHOD_ENTRY	org.springframework.core.convert.converter.ConvertiblePair#getTargetType():Class<?>	eaa95dacecd2c9be25cc	413	387	811	111
METHOD_EXIT	org.springframework.core.convert.converter.GenericConverter#toString():String	0d255c4da701b56319f6	455	822	1288	273
METHOD_EXIT	org.springframework.core.convert.converter.ConvertiblePair#getTargetType():Class<?>	3ae455dc98c87019f85f	455	462	928	136
METHOD_ENTRY	org.springframework.core.convert.converter.ConvertiblePair#equals(Object):boolean	b089b6c28c553dca2bdd	413	459	883	222
METHOD_EXIT	org.springframework.core.convert.converter.ConvertiblePair#equals(Object):boolean	522fd58326af7abdf28c	455	536	1002	383
METHOD_EXIT	org.springframework.core.convert.converter.GenericConverter#hashCode():int	5d96846fc8a88cba026b	455	821	1287	324
METHOD_ENTRY	org.springframework.core.convert.converter.ConvertiblePair#hashCode():int	65b366ba3845f24ff24f	413	400	824	119
METHOD_EXIT	org.springframework.core.convert.converter.ConvertiblePair#hashCode():int	ee16e2dd24d6ffef7587	455	474	940	264
METHOD_ENTRY	org.springframework.core.convert.converter.ConvertiblePair#toString():String	d48230448b0384ff38a5	413	401	825	249
METHOD_EXIT	org.springframework.core.convert.converter.ConvertiblePair#toString():String	f7dab4ece846761291da	455	475	941	312
METHOD_ENTRY	org.springframework.core.convert.converter.ConvertingComparator#compare(S,S):int	84929713d6c9fa98561f	413	694	1118	269
METHOD_ENTRY	org.springframework.core.convert.converter.ConvertingComparator#mapEntryKeys(Comparator<K>):ConvertingComparator<Map.Entry<K, V>, K>	edcab2364fb7a1edfe46	413	697	1121	153
METHOD_EXIT	org.springframework.core.convert.converter.ConvertingComparator#compare(S,S):int	c5a31ef7471ebb97573e	455	771	1237	325
METHOD_ENTRY	org.springframework.core.convert.converter.ConvertingComparator#convert(S):T	cc6cdc7033df58aa79a8	413	664	1088	239
METHOD_ENTRY	org.springframework.core.convert.converter.ConvertingComparator#mapEntryValues(Comparator<V>):ConvertingComparator<Map.Entry<K, V>, V>	5eee93af423ca34e0845	413	697	1121	154
METHOD_EXIT	org.springframework.core.convert.converter.ConvertingComparator#mapEntryValues(Comparator<V>):ConvertingComparator<Map.Entry<K, V>, V>	78395eec26febc9f41f5	455	783	1249	272
METHOD_EXIT	org.springframework.core.convert.converter.ConvertingComparator#convert(S):T	118b930e6009ff02cab8	455	741	1207	206
METHOD_ENTRY	org.springframework.core.convert.converter.ConversionServiceConverter#convert(S):T	2fa74eade897f06420c8	413	400	824	269
METHOD_ENTRY	org.springframework.core.convert.ConverterNotFoundException#getSourceType():TypeDescriptor	c8bd580fb06e113ded29	413	501	925	68
METHOD_EXIT	org.springframework.core.convert.converter.ConversionServiceConverter#convert(S):T	a25a445c98c8a36c0c98	455	477	943	202
METHOD_EXIT	org.springframework.core.convert.ConverterNotFoundException#getSourceType():TypeDescriptor	cb35748f0fdbc7d307d1	455	576	1042	306
METHOD_ENTRY	org.springframework.core.convert.ConverterNotFoundException#getTargetType():TypeDescriptor	bc91a3b5942e0bed811c	413	499	923	155
METHOD_EXIT	org.springframework.core.convert.ConverterNotFoundException#getTargetType():TypeDescriptor	0c38c3567c9d5f033c1a	455	574	1040	221
METHOD_EXIT	org.springframework.core.convert.converter.ConvertingComparator#mapEntryKeys(Comparator<K>):ConvertingComparator<Map.Entry<K, V>, K>	0b46cb370adad39ab446	455	783	1249	292
METHOD_ENTRY	org.springframework.core.SimpleAliasRegistry#registerAlias(String,String):void	8817c90185bdaa766ca7	413	1127	1551	255
METHOD_ENTRY	org.springframework.core.SimpleAliasRegistry#removeAlias(String):void	ed0286dc5c80cf8f0d43	413	868	1292	265
METHOD_EXIT	org.springframework.core.SimpleAliasRegistry#hasAlias(String,String):boolean	04d466d332d9bffd33da	455	937	1403	342
METHOD_ENTRY	org.springframework.core.SimpleAliasRegistry#allowAliasOverriding():boolean	1a7dfde3719a00b1b386	413	816	1240	58
METHOD_EXIT	org.springframework.core.SimpleAliasRegistry#allowAliasOverriding():boolean	e4f52a4bb4b6e57ea968	455	890	1356	56
METHOD_EXIT	org.springframework.core.SimpleAliasRegistry#registerAlias(String,String):void	288491b04851487a13ab	455	1138	1604	357
METHOD_EXIT	org.springframework.core.SimpleAliasRegistry#removeAlias(String):void	77e143a8ed12b42b1289	455	879	1345	267
METHOD_ENTRY	org.springframework.core.SimpleAliasRegistry#isAlias(String):boolean	5be6dd69e506dbe607d3	413	822	1246	217
METHOD_EXIT	org.springframework.core.SimpleAliasRegistry#isAlias(String):boolean	c7d2e4b1a1c159f6017c	455	899	1365	301
METHOD_ENTRY	org.springframework.core.SimpleAliasRegistry#hasAlias(String,String):boolean	458716237a7d46c39bfd	413	860	1284	230
METHOD_EXIT	org.springframework.core.SimpleAliasRegistry#getAliases(String):String[]	228c1bd9649a3c4e6b65	455	929	1395	259
METHOD_EXIT	org.springframework.core.SimpleAliasRegistry#retrieveAliases(String,List<String>):void	4634d33fc009317b38c9	455	938	1404	287
METHOD_ENTRY	org.springframework.core.SimpleAliasRegistry#getAliases(String):String[]	d459c8a01d49088ebc66	413	852	1276	308
METHOD_ENTRY	org.springframework.core.SimpleAliasRegistry#retrieveAliases(String,List<String>):void	e63115faf4fc607bab89	413	927	1351	227
METHOD_ENTRY	org.springframework.core.SimpleAliasRegistry#resolveAliases(StringValueResolver):void	1d942b5e2bc5cfa75edb	413	1179	1603	250
METHOD_EXIT	org.springframework.aot.nativex.RuntimeHintsWriter#write(BasicJsonWriter,RuntimeHints):void	6f4be7e9193d9d2034dd	455	702	1168	337
METHOD_ENTRY	org.springframework.aot.nativex.NativeConfigurationWriter#write(RuntimeHints):void	9b94332199eeca63d2e9	413	624	1048	212
METHOD_EXIT	org.springframework.aot.nativex.NativeConfigurationWriter#write(RuntimeHints):void	f7280d847025e2c34326	455	635	1101	196
METHOD_ENTRY	org.springframework.core.SimpleAliasRegistry#checkForAliasCircle(String,String):void	6350816175abfef194ff	413	885	1309	272
METHOD_ENTRY	org.springframework.aot.nativex.NativeConfigurationWriter#hasAnyHint(RuntimeHints):boolean	c4100125167869cd8752	413	699	1123	271
METHOD_EXIT	org.springframework.core.SimpleAliasRegistry#canonicalName(String):String	1e11c7762287454167af	455	959	1425	338
METHOD_ENTRY	org.springframework.aot.nativex.RuntimeHintsWriter#write(BasicJsonWriter,RuntimeHints):void	e5cd07e85675fc97b698	413	691	1115	240
METHOD_EXIT	org.springframework.core.SimpleAliasRegistry#resolveAliases(StringValueResolver):void	d8ac4bcc48d82a1dc1c9	455	1190	1656	333
METHOD_ENTRY	org.springframework.core.SimpleAliasRegistry#canonicalName(String):String	7294c920c946fb99e7fb	413	882	1306	331
METHOD_ENTRY	org.springframework.aot.nativex.NativeConfigurationWriter#hasAnyDeprecatedHint(RuntimeHints):boolean	6b6c7760bd035d78aa0e	413	615	1039	297
METHOD_EXIT	org.springframework.aot.nativex.NativeConfigurationWriter#hasAnyHint(RuntimeHints):boolean	900c5f671dba805b610c	455	776	1242	678
METHOD_EXIT	org.springframework.aot.nativex.NativeConfigurationWriter#hasAnyDeprecatedHint(RuntimeHints):boolean	f5a0e631b0e93664ad8b	455	692	1158	337
METHOD_EXIT	org.springframework.aot.nativex.feature.ThrowawayClassLoader#loadClassFromResource(String):Class<?>	f647b777618a018bbf3c	455	699	1165	319
METHOD_ENTRY	org.springframework.aot.nativex.feature.ThrowawayClassLoader#loadClassFromResource(String):Class<?>	dc56d195277de06c55b2	413	621	1045	262
METHOD_ENTRY	org.springframework.aot.nativex.feature.ThrowawayClassLoader#findResource(String):URL	c69637fdfca361f22727	413	484	908	293
METHOD_EXIT	org.springframework.aot.nativex.feature.ThrowawayClassLoader#findResource(String):URL	9ba570ff968888b9f2f7	455	561	1027	247
METHOD_EXIT	org.springframework.core.SimpleAliasRegistry#checkForAliasCircle(String,String):void	993c8eda14c23ecdd207	455	896	1362	281
METHOD_EXIT	org.springframework.aot.nativex.feature.ThrowawayClassLoader#loadClass(String,boolean):Class<?>	04e94d046e65c13554b5	455	672	1138	353
METHOD_ENTRY	org.springframework.aot.nativex.feature.PreComputeFieldFeature#beforeAnalysis(BeforeAnalysisAccess):void	eacb0ea1812ace7f8784	413	597	1021	254
METHOD_ENTRY	org.springframework.aot.nativex.feature.ThrowawayClassLoader#loadClass(String,boolean):Class<?>	11bd3292854c59651f42	413	594	1018	191
METHOD_EXIT	org.springframework.aot.nativex.feature.PreComputeFieldFeature#beforeAnalysis(BeforeAnalysisAccess):void	5fb724a42985a193da9c	455	608	1074	271
METHOD_ENTRY	org.springframework.aot.nativex.feature.PreComputeFieldFeature#iterateFields(DuringAnalysisAccess,Class<?>):void	20b7bdf893fbfd9522cf	413	873	1297	239
METHOD_EXIT	org.springframework.aot.nativex.feature.PreComputeFieldFeature#iterateFields(DuringAnalysisAccess,Class<?>):void	211cbe302a1352883f5f	455	884	1350	245
METHOD_EXIT	org.springframework.aot.nativex.feature.PreComputeFieldFeature#provideFieldValue(Field):Object	da6d626480b0df7323cd	455	720	1186	359
METHOD_ENTRY	org.springframework.aot.nativex.feature.PreComputeFieldFeature#provideFieldValue(Field):Object	e3c8775cddfcb4d388c1	413	643	1067	260
METHOD_ENTRY	org.springframework.aot.nativex.FileNativeConfigurationWriter#createIfNecessary(String):File	5dc599fd4b081c415e3f	413	622	1046	218
METHOD_EXIT	org.springframework.aot.nativex.FileNativeConfigurationWriter#writeTo(String,Consumer<BasicJsonWriter>):void	4b3286400203a815e9a5	455	647	1113	277
METHOD_EXIT	org.springframework.aot.nativex.FileNativeConfigurationWriter#createIfNecessary(String):File	061ae02fc163a47183c2	455	699	1165	292
METHOD_ENTRY	org.springframework.aot.nativex.FileNativeConfigurationWriter#writeTo(String,Consumer<BasicJsonWriter>):void	2648980fd02ae42785cd	413	636	1060	216
METHOD_EXIT	org.springframework.aot.nativex.ResourceHintsAttributes#resources(ResourceHints):List<Map<String, Object>>	408cb9295a0051f60552	455	837	1303	288
METHOD_EXIT	org.springframework.aot.nativex.ResourceHintsAttributes#toAttributes(ResourceBundleHint):Map<String, Object>	6075e90602b1aaa3ff97	455	773	1239	310
METHOD_ENTRY	org.springframework.aot.nativex.ResourceHintsAttributes#toAttributes(ResourceBundleHint):Map<String, Object>	baef776c25d48f427275	413	693	1117	189
METHOD_EXIT	org.springframework.aot.nativex.FileNativeConfigurationWriter#createJsonWriter(Writer):BasicJsonWriter	73a0a6a079091fe2d939	455	627	1093	244
METHOD_ENTRY	org.springframework.aot.nativex.ResourceHintsAttributes#toAttributes(ResourcePatternHint):Map<String, Object>	9ef1ad31a78b424e298b	413	692	1116	225
METHOD_ENTRY	org.springframework.aot.nativex.ResourceHintsAttributes#resources(ResourceHints):List<Map<String, Object>>	912ae2c65df4f977132c	413	756	1180	274
METHOD_ENTRY	org.springframework.aot.nativex.ResourceHintsAttributes#handleCondition(Map<String, Object>,ConditionalHint):void	fd581d211517ea0f1ad4	413	721	1145	333
METHOD_EXIT	org.springframework.aot.nativex.ResourceHintsAttributes#handleCondition(Map<String, Object>,ConditionalHint):void	2fc2d8373d8fd77c28ca	455	732	1198	373
METHOD_ENTRY	org.springframework.aot.nativex.FileNativeConfigurationWriter#createJsonWriter(Writer):BasicJsonWriter	8d7cf5a98862b0195614	413	548	972	166
METHOD_EXIT	org.springframework.aot.nativex.ResourceHintsAttributes#toAttributes(ResourcePatternHint):Map<String, Object>	f484545a79118d4fa0e4	455	772	1238	236
METHOD_ENTRY	org.springframework.aot.AotDetector#useGeneratedArtifacts():boolean	5f26ea3292bc7b186714	413	534	958	100
METHOD_EXIT	org.springframework.aot.AotDetector#useGeneratedArtifacts():boolean	90957cfb145af49074bb	455	608	1074	296
METHOD_EXIT	org.springframework.aot.hint.ResourcePatternHints#getIncludes():List<ResourcePatternHint>	cf54a20873df04ce82b2	455	574	1040	289
METHOD_ENTRY	org.springframework.aot.hint.ResourcePatternHints#getIncludes():List<ResourcePatternHint>	dd4376756291fa7febd2	413	497	921	124
METHOD_ENTRY	org.springframework.aot.hint.ResourcePatternHints#includes(TypeReference,String):Builder	46c61a0281cc26f4b903	413	557	981	298
METHOD_EXIT	org.springframework.aot.hint.ResourcePatternHints#includes(TypeReference,String):Builder	0d4b9a0e39c3f018b5c5	455	634	1100	288
METHOD_ENTRY	org.springframework.aot.hint.ResourcePatternHints#includes(String):Builder	5612117c6865714b0298	413	497	921	320
METHOD_EXIT	org.springframework.aot.hint.ResourcePatternHints#includes(String):Builder	c5fc46307be3ec714758	455	574	1040	258
METHOD_ENTRY	org.springframework.aot.hint.ResourcePatternHints#build():ResourcePatternHints	070fb988aab2e76ae7d5	413	495	919	174
METHOD_EXIT	org.springframework.aot.hint.ResourcePatternHints#build():ResourcePatternHints	c9b811873304d7e9a696	455	571	1037	306
METHOD_EXIT	org.springframework.aot.hint.Builder#includes(TypeReference,String):Builder	799105373ed236ca6f6a	455	525	991	316
METHOD_ENTRY	org.springframework.aot.hint.Builder#includes(String):Builder	64bfbb5341af9f13c6fd	413	388	812	56
METHOD_ENTRY	org.springframework.aot.hint.Builder#expandToIncludeDirectories(String):List<String>	9a5d67b8ec89e44332cb	413	601	1025	295
METHOD_EXIT	org.springframework.aot.hint.Builder#expandToIncludeDirectories(String):List<String>	9e7e53a73c1708d543a2	455	679	1145	314
METHOD_ENTRY	org.springframework.aot.hint.Builder#build():ResourcePatternHints	587172a54239af6511e3	413	386	810	5
METHOD_EXIT	org.springframework.aot.hint.Builder#build():ResourcePatternHints	ce30ab67b79f9b719645	455	462	928	125
METHOD_ENTRY	org.springframework.aot.hint.Builder#includes(TypeReference,String):Builder	7ee31f51be9cecd6e2e4	413	448	872	245
METHOD_EXIT	org.springframework.aot.hint.ResourcePatternHints#expandToIncludeDirectories(String):List<String>	340dae59dadd0dc6b30d	455	788	1254	314
METHOD_ENTRY	org.springframework.aot.hint.ResourcePatternHints#expandToIncludeDirectories(String):List<String>	bacc6e3f90ed70e7d2eb	413	710	1134	239
METHOD_EXIT	org.springframework.aot.hint.Builder#includes(String):Builder	fda4ecae08028dd25943	455	465	931	255
METHOD_EXIT	org.springframework.aot.hint.support.ObjectToObjectConverterRuntimeHints#registerHints(RuntimeHints,ClassLoader):void	d8534974dc43ec2bfda8	455	765	1231	273
METHOD_EXIT	org.springframework.aot.hint.support.FilePatternResourceHintsRegistrar#registerHints(ResourceHints,ClassLoader):void	51d313511b4f49c96c3e	455	897	1363	375
METHOD_ENTRY	org.springframework.aot.hint.support.FilePatternResourceHintsRegistrar#forClassPathLocations(String):Builder	6dd59220a52055a61037	413	734	1158	283
METHOD_ENTRY	org.springframework.aot.hint.support.FilePatternResourceHintsRegistrar#registerHints(ResourceHints,ClassLoader):void	3086e6ca417546c2ba74	413	886	1310	232
METHOD_ENTRY	org.springframework.aot.hint.support.ObjectToObjectConverterRuntimeHints#registerHints(RuntimeHints,ClassLoader):void	e7d22728523ab3299647	413	754	1178	240
METHOD_EXIT	org.springframework.aot.hint.support.FilePatternResourceHintsRegistrar#forClassPathLocations(String):Builder	f1614ed6e1dd0fed288a	455	811	1277	215
METHOD_EXIT	org.springframework.aot.hint.support.FilePatternResourceHintsRegistrar#forClassPathLocations(List<String>):Builder	611a1b9e17856e3a3f60	455	814	1280	356
METHOD_EXIT	org.springframework.aot.hint.support.FilePatternResourceHintsRegistrar#validateFilePrefixes(List<String>):List<String>	a59cc76442ea321b08a0	455	852	1318	261
METHOD_EXIT	org.springframework.aot.hint.support.FilePatternResourceHintsRegistrar#validateClassPathLocations(List<String>):List<String>	bfaf99444db9d16978c2	455	938	1404	357
METHOD_ENTRY	org.springframework.aot.hint.support.FilePatternResourceHintsRegistrar#forClassPathLocations(List<String>):Builder	fd1bf0470b3662e37df0	413	737	1161	244
METHOD_ENTRY	org.springframework.aot.hint.support.FilePatternResourceHintsRegistrar#validateClassPathLocations(List<String>):List<String>	8ad4dacde578fb61bd30	413	860	1284	330
METHOD_ENTRY	org.springframework.aot.hint.support.FilePatternResourceHintsRegistrar#withClasspathLocations(String):Builder	f307c3a851a0f19d2fa3	413	748	1172	254
METHOD_EXIT	org.springframework.aot.hint.support.FilePatternResourceHintsRegistrar#validateFileExtensions(List<String>):List<String>	0b9e35f326e1d9d6cd59	455	853	1319	315
METHOD_EXIT	org.springframework.aot.hint.support.FilePatternResourceHintsRegistrar#withClasspathLocations(String):Builder	28bc622c78df70c9b042	455	825	1291	285
METHOD_ENTRY	org.springframework.aot.hint.support.FilePatternResourceHintsRegistrar#validateFilePrefixes(List<String>):List<String>	d3e9279dfd6adfb83caf	413	774	1198	303
METHOD_EXIT	org.springframework.aot.hint.support.FilePatternResourceHintsRegistrar#withClassPathLocations(String):Builder	149c48c148badd54b3ba	455	811	1277	241
METHOD_EXIT	org.springframework.aot.hint.support.FilePatternResourceHintsRegistrar#withClassPathLocations(List<String>):Builder	2bf1becad90da4bb2dcb	455	820	1286	248
METHOD_ENTRY	org.springframework.aot.hint.support.FilePatternResourceHintsRegistrar#withClassPathLocations(String):Builder	6cba360bc826a556e4e0	413	734	1158	283
METHOD_ENTRY	org.springframework.aot.hint.support.FilePatternResourceHintsRegistrar#withFilePrefixes(String):Builder	68975dd7ba15541de5e2	413	728	1152	290
METHOD_ENTRY	org.springframework.aot.hint.support.FilePatternResourceHintsRegistrar#withClassPathLocations(List<String>):Builder	79b0269456ffb0413b9d	413	743	1167	154
METHOD_EXIT	org.springframework.aot.hint.support.FilePatternResourceHintsRegistrar#withFilePrefixes(String):Builder	62fa7b2336e105075b6c	455	805	1271	260
METHOD_ENTRY	org.springframework.aot.hint.support.FilePatternResourceHintsRegistrar#withFilePrefixes(List<String>):Builder	a7678c5c858fb4f1b382	413	736	1160	219
METHOD_ENTRY	org.springframework.aot.hint.support.FilePatternResourceHintsRegistrar#validateFileExtensions(List<String>):List<String>	c1c449876f131232c8f2	413	775	1199	264
METHOD_ENTRY	org.springframework.aot.hint.support.FilePatternResourceHintsRegistrar#withClasspathLocations(List<String>):Builder	7d554a63e150526bc9ec	413	748	1172	294
METHOD_EXIT	org.springframework.aot.hint.support.FilePatternResourceHintsRegistrar#withClasspathLocations(List<String>):Builder	49994684c05332563943	455	825	1291	329
METHOD_EXIT	org.springframework.aot.hint.support.FilePatternResourceHintsRegistrar#withFileExtensions(String):Builder	627188ecda5d2b525846	455	805	1271	253
METHOD_ENTRY	org.springframework.aot.hint.support.FilePatternResourceHintsRegistrar#withFileExtensions(List<String>):Builder	66359615088575382d4a	413	736	1160	216
METHOD_EXIT	org.springframework.aot.hint.support.FilePatternResourceHintsRegistrar#withFileExtensions(List<String>):Builder	cd64b0e1a4309e45a6e4	455	813	1279	296
METHOD_ENTRY	org.springframework.aot.hint.support.FilePatternResourceHintsRegistrar#registerHints(ResourceHints,ClassLoader):void	3086e6ca417546c2ba74	413	886	1310	232
METHOD_ENTRY	org.springframework.aot.hint.support.Builder#withClasspathLocations(String):Builder	a6fda3f6b14caa3e1e4d	413	419	843	135
METHOD_EXIT	org.springframework.aot.hint.support.FilePatternResourceHintsRegistrar#withFilePrefixes(List<String>):Builder	59c36cf0849ff07e4b4a	455	813	1279	277
METHOD_EXIT	org.springframework.aot.hint.support.Builder#withClasspathLocations(String):Builder	c3fc20040f7ccd29a1f4	455	496	962	199
METHOD_EXIT	org.springframework.aot.hint.support.FilePatternResourceHintsRegistrar#registerHints(ResourceHints,ClassLoader):void	51d313511b4f49c96c3e	455	897	1363	375
METHOD_ENTRY	org.springframework.aot.hint.support.FilePatternResourceHintsRegistrar#withFileExtensions(String):Builder	15aba427033d9d1784c6	413	728	1152	159
METHOD_EXIT	org.springframework.aot.hint.support.Builder#withClasspathLocations(List<String>):Builder	a3200cae4531dff51ecb	455	496	962	259
METHOD_EXIT	org.springframework.aot.hint.support.FilePatternResourceHintsRegistrar#build():FilePatternResourceHintsRegistrar	c28d2bd326480acc5f65	455	813	1279	284
METHOD_EXIT	org.springframework.aot.hint.support.Builder#withClassPathLocations(String):Builder	f7d166cc88c6ad554f54	455	482	948	254
METHOD_ENTRY	org.springframework.aot.hint.support.Builder#withClasspathLocations(List<String>):Builder	251f0a9141415d917714	413	419	843	268
METHOD_ENTRY	org.springframework.aot.hint.support.Builder#withClassPathLocations(String):Builder	2af5b8c150e1f1aef23c	413	405	829	46
METHOD_ENTRY	org.springframework.aot.hint.support.Builder#withClassPathLocations(List<String>):Builder	218481f776dcb7303ebd	413	414	838	201
METHOD_ENTRY	org.springframework.aot.hint.support.FilePatternResourceHintsRegistrar#build():FilePatternResourceHintsRegistrar	0d881ff7b449cfc9a91d	413	735	1159	195
METHOD_EXIT	org.springframework.aot.hint.support.Builder#withClassPathLocations(List<String>):Builder	a60b6ab919814be4730e	455	491	957	233
METHOD_ENTRY	org.springframework.aot.hint.support.Builder#withFilePrefixes(String):Builder	a191c7171fe634dece22	413	399	823	226
METHOD_EXIT	org.springframework.aot.hint.support.Builder#withFileExtensions(String):Builder	97b1d6020b84206738c3	455	476	942	295
METHOD_ENTRY	org.springframework.aot.hint.support.Builder#withFileExtensions(String):Builder	10a4981a6a44ce50b0b3	413	399	823	280
METHOD_EXIT	org.springframework.aot.hint.support.Builder#withFilePrefixes(String):Builder	050cda8c1c4305b5f119	455	476	942	269
METHOD_ENTRY	org.springframework.aot.hint.support.Builder#withFilePrefixes(List<String>):Builder	6a1e05ee41b7db8bb782	413	407	831	172
METHOD_ENTRY	org.springframework.aot.hint.support.Builder#withFileExtensions(List<String>):Builder	8c9427142a6effa14def	413	407	831	265
METHOD_ENTRY	org.springframework.aot.hint.support.SpringPropertiesRuntimeHints#registerHints(RuntimeHints,ClassLoader):void	d112630f3ec2683cba06	413	479	903	124
METHOD_EXIT	org.springframework.aot.hint.support.Builder#withFileExtensions(List<String>):Builder	2126be68218dc1527c7f	455	484	950	311
METHOD_ENTRY	org.springframework.aot.hint.support.Builder#build():FilePatternResourceHintsRegistrar	e7492f28b9deee66deae	413	406	830	250
METHOD_EXIT	org.springframework.aot.hint.support.Builder#build():FilePatternResourceHintsRegistrar	a52242bc0f153573cfbc	455	484	950	238
METHOD_EXIT	org.springframework.aot.hint.support.SpringPropertiesRuntimeHints#registerHints(RuntimeHints,ClassLoader):void	eebaec409af1fcef7fd9	455	490	956	186
METHOD_EXIT	org.springframework.aot.hint.support.Builder#withFilePrefixes(List<String>):Builder	e60863b48170bcc1ec6f	455	484	950	170
METHOD_ENTRY	org.springframework.aot.hint.support.SpringFactoriesLoaderRuntimeHints#registerHints(RuntimeHints,ClassLoader):void	1bebb4266c57957205fb	413	610	1034	249
METHOD_ENTRY	org.springframework.aot.hint.support.Builder#registerHints(ResourceHints,ClassLoader):void	35da92ecf2f34c75af13	413	557	981	293
METHOD_EXIT	org.springframework.aot.hint.support.SpringFactoriesLoaderRuntimeHints#registerHints(RuntimeHints,ClassLoader,String):void	ef688e33f5ef0b2f2535	455	629	1095	243
METHOD_EXIT	org.springframework.aot.hint.support.Builder#registerHints(ResourceHints,ClassLoader):void	970a43f0c5d156b8f7e5	455	568	1034	336
METHOD_EXIT	org.springframework.aot.hint.support.SpringFactoriesLoaderRuntimeHints#registerHints(RuntimeHints,ClassLoader,String,List<String>):void	82726207f087fb8617c4	455	814	1280	302
METHOD_ENTRY	org.springframework.aot.hint.support.SpringFactoriesLoaderRuntimeHints#registerHints(RuntimeHints,ClassLoader,String):void	02b95182b2b7e15cb704	413	618	1042	194
METHOD_ENTRY	org.springframework.aot.hint.support.SpringFactoriesLoaderRuntimeHints#resolveClassName(ClassLoader,String):Class<?>	7d6ef940c31c1778d4e9	413	605	1029	212
METHOD_EXIT	org.springframework.aot.hint.support.SpringFactoriesLoaderRuntimeHints#registerHints(RuntimeHints,ClassLoader):void	fc9a2f1521be8fc23476	455	621	1087	310
METHOD_ENTRY	org.springframework.aot.hint.support.SpringFactoriesLoaderRuntimeHints#accessLoadFactoriesResource(ClassLoader,String):Map<String, List<String>>	eb3f1b01b3500758b51c	413	566	990	239
METHOD_ENTRY	org.springframework.aot.hint.support.KotlinDetectorRuntimeHints#registerHints(RuntimeHints,ClassLoader):void	2afd3423da9b63b10971	413	499	923	271
METHOD_EXIT	org.springframework.aot.hint.support.SpringFactoriesLoaderRuntimeHints#resolveClassName(ClassLoader,String):Class<?>	05c9c2a34f5611afeab2	455	683	1149	305
METHOD_ENTRY	org.springframework.aot.hint.support.SpringFactoriesLoaderRuntimeHints#registerHints(RuntimeHints,ClassLoader,String,List<String>):void	5340b51f103f48119dc2	413	803	1227	218
METHOD_EXIT	org.springframework.aot.hint.support.ExtendedSpringFactoriesLoader#accessLoadFactoriesResource(ClassLoader,String):Map<String, List<String>>	5fafd0aeca40b06c7e64	455	512	978	277
METHOD_ENTRY	org.springframework.aot.hint.support.PathMatchingResourcePatternResolverRuntimeHints#registerHints(RuntimeHints,ClassLoader):void	807a8c1976d9f76b18aa	413	481	905	295
METHOD_EXIT	org.springframework.aot.hint.support.PathMatchingResourcePatternResolverRuntimeHints#registerHints(RuntimeHints,ClassLoader):void	ae0975f5b022c16c546d	455	492	958	203
METHOD_ENTRY	org.springframework.aot.hint.support.ClassHintUtils#registerProxyIfNecessary(Class<?>,RuntimeHints):void	374e58df4e1d3e0771ea	413	777	1201	327
METHOD_ENTRY	org.springframework.aot.hint.support.ExtendedSpringFactoriesLoader#accessLoadFactoriesResource(ClassLoader,String):Map<String, List<String>>	251d299d4532cb4333c3	413	431	855	152
METHOD_EXIT	org.springframework.aot.hint.support.KotlinDetectorRuntimeHints#registerHints(RuntimeHints,ClassLoader):void	355a9001934712aeac8c	455	510	976	301
METHOD_EXIT	org.springframework.aot.hint.support.SpringFactoriesLoaderRuntimeHints#accessLoadFactoriesResource(ClassLoader,String):Map<String, List<String>>	90d289c5c9afc6997b42	455	647	1113	355
METHOD_ENTRY	org.springframework.aot.hint.predicate.RuntimeHintsPredicates#reflection():ReflectionHintsPredicates	9dc730613fa0f806856b	413	708	1132	54
METHOD_EXIT	org.springframework.aot.hint.predicate.RuntimeHintsPredicates#resource():ResourceHintsPredicates	48e2e804559101a21c9a	455	785	1251	120
METHOD_EXIT	org.springframework.aot.hint.predicate.RuntimeHintsPredicates#serialization():SerializationHintsPredicates	ba859be6c9fd1cd83c24	455	809	1275	175
METHOD_EXIT	org.springframework.aot.hint.support.ClassHintUtils#registerProxyIfNecessary(Class<?>,RuntimeHints):void	0c44fd03ee6d4a17bafb	455	788	1254	405
METHOD_EXIT	org.springframework.aot.hint.predicate.RuntimeHintsPredicates#reflection():ReflectionHintsPredicates	186b5bd2b8b82e6205ab	455	785	1251	109
METHOD_EXIT	org.springframework.aot.hint.predicate.RuntimeHintsPredicates#proxies():ProxyHintsPredicates	1221b6a675ae0dfd9ba2	455	786	1252	214
METHOD_ENTRY	org.springframework.aot.hint.predicate.RuntimeHintsPredicates#serialization():SerializationHintsPredicates	bfbc7f0cdb98fb491a4b	413	732	1156	47
METHOD_ENTRY	org.springframework.aot.hint.predicate.RuntimeHintsPredicates#proxies():ProxyHintsPredicates	96d6c24d786587745351	413	709	1133	49
METHOD_EXIT	org.springframework.aot.hint.predicate.SerializationHintsPredicates#onType(Class<?>):Predicate<RuntimeHints>	2e9fe563e0d882e80c82	455	680	1146	265
METHOD_ENTRY	org.springframework.aot.hint.predicate.RuntimeHintsPredicates#resource():ResourceHintsPredicates	1bdd205b74bfcc1089a2	413	708	1132	46
METHOD_ENTRY	org.springframework.aot.hint.predicate.ProxyHintsPredicates#forInterfaces(Class<?>):Predicate<RuntimeHints>	5ca242d457c7a0b4f61f	413	640	1064	260
METHOD_ENTRY	org.springframework.aot.hint.predicate.SerializationHintsPredicates#onType(Class<?>):Predicate<RuntimeHints>	06e15bc47dffe9e8dd43	413	600	1024	207
METHOD_EXIT	org.springframework.aot.hint.predicate.ProxyHintsPredicates#forInterfaces(Class<?>):Predicate<RuntimeHints>	598f24219f4309c33f9e	455	720	1186	299
METHOD_ENTRY	org.springframework.aot.hint.predicate.ProxyHintsPredicates#forInterfaces(TypeReference):Predicate<RuntimeHints>	fdda127b43cff10f4262	413	662	1086	332
METHOD_EXIT	org.springframework.aot.hint.predicate.ProxyHintsPredicates#forInterfaces(TypeReference):Predicate<RuntimeHints>	ec40059fed073cb698f2	455	742	1208	241
METHOD_ENTRY	org.springframework.aot.hint.predicate.SerializationHintsPredicates#onType(TypeReference):Predicate<RuntimeHints>	1ba6fa741444ab423cd1	413	621	1045	220
METHOD_EXIT	org.springframework.aot.hint.predicate.SerializationHintsPredicates#onType(TypeReference):Predicate<RuntimeHints>	b81fca4d4ec049722b58	455	701	1167	258
METHOD_EXIT	org.springframework.aot.hint.predicate.ReflectionHintsPredicates#onType(TypeReference):TypeHintPredicate	ddeea8e767f8739ea581	455	2247	2713	204
METHOD_ENTRY	org.springframework.aot.hint.predicate.ReflectionHintsPredicates#onConstructor(Constructor<?>):ConstructorHintPredicate	989f552b57d04fc65593	413	2180	2604	223
METHOD_ENTRY	org.springframework.aot.hint.predicate.ReflectionHintsPredicates#onType(TypeReference):TypeHintPredicate	f141e955ade84af1fb16	413	2168	2592	231
METHOD_ENTRY	org.springframework.aot.hint.predicate.ReflectionHintsPredicates#onType(Class<?>):TypeHintPredicate	57d368f4ac4deae5dfc1	413	2166	2590	275
METHOD_EXIT	org.springframework.aot.hint.predicate.ReflectionHintsPredicates#onType(Class<?>):TypeHintPredicate	c5877690aef4e090df79	455	2245	2711	268
METHOD_EXIT	org.springframework.aot.hint.predicate.ReflectionHintsPredicates#onConstructor(Constructor<?>):ConstructorHintPredicate	74ae5a73c60809d5ff88	455	2259	2725	300
METHOD_ENTRY	org.springframework.aot.hint.predicate.ReflectionHintsPredicates#onMethod(Method):MethodHintPredicate	695fa2637a36452a9cb9	413	2175	2599	230
METHOD_ENTRY	org.springframework.aot.hint.predicate.ReflectionHintsPredicates#onConstructorInvocation(Constructor<?>):Predicate<RuntimeHints>	9715bc5a89f7d63d3163	413	2173	2597	256
METHOD_EXIT	org.springframework.aot.hint.predicate.ReflectionHintsPredicates#onMethod(Method):MethodHintPredicate	1e9665527a30df60cae6	455	2254	2720	140
METHOD_EXIT	org.springframework.aot.hint.predicate.ReflectionHintsPredicates#onConstructorInvocation(Constructor<?>):Predicate<RuntimeHints>	5d6f77c171cec5e0b933	455	2253	2719	222
METHOD_ENTRY	org.springframework.aot.hint.predicate.ReflectionHintsPredicates#onMethodInvocation(Method):Predicate<RuntimeHints>	5113e83ea8089f2d5b72	413	2168	2592	271
METHOD_EXIT	org.springframework.aot.hint.predicate.ReflectionHintsPredicates#onMethodInvocation(Method):Predicate<RuntimeHints>	2ed8d1c9ff6dc4099252	455	2248	2714	285
METHOD_ENTRY	org.springframework.aot.hint.predicate.ReflectionHintsPredicates#onMethodInvocation(Class<?>,String):Predicate<RuntimeHints>	a47c77421ecdafc0d2a2	413	2204	2628	257
METHOD_ENTRY	org.springframework.aot.hint.predicate.ReflectionHintsPredicates#onMethod(Class<?>,String):MethodHintPredicate	7640fbdc196a317c73f8	413	2211	2635	302
METHOD_ENTRY	org.springframework.aot.hint.predicate.ReflectionHintsPredicates#onMethod(String,String):MethodHintPredicate	3f7bd4413a84186df05b	413	2216	2640	213
METHOD_EXIT	org.springframework.aot.hint.predicate.ReflectionHintsPredicates#onMethod(Class<?>,String):MethodHintPredicate	f37d281722f70d59cd8e	455	2290	2756	326
METHOD_EXIT	org.springframework.aot.hint.predicate.ReflectionHintsPredicates#onMethod(String,String):MethodHintPredicate	744996b154a9b7ffa5a3	455	2295	2761	252
METHOD_ENTRY	org.springframework.aot.hint.predicate.ReflectionHintsPredicates#onMethodInvocation(String,String):Predicate<RuntimeHints>	caa1b65ed268f61d86e7	413	2209	2633	215
METHOD_EXIT	org.springframework.aot.hint.predicate.ReflectionHintsPredicates#onMethodInvocation(String,String):Predicate<RuntimeHints>	4a0761140756e92f696a	455	2289	2755	277
METHOD_ENTRY	org.springframework.aot.hint.predicate.ReflectionHintsPredicates#getMethod(Class<?>,String):Method	fee057730fb7833c36be	413	2277	2701	163
METHOD_EXIT	org.springframework.aot.hint.predicate.ReflectionHintsPredicates#getMethod(Class<?>,String):Method	6295091934c86b87edb7	455	2354	2820	312
METHOD_ENTRY	org.springframework.aot.hint.predicate.ReflectionHintsPredicates#onField(Class<?>,String):Predicate<RuntimeHints>	90a0b7712e71eef95aba	413	2182	2606	239
METHOD_ENTRY	org.springframework.aot.hint.predicate.ReflectionHintsPredicates#onFieldAccess(Class<?>,String):Predicate<RuntimeHints>	1d4f7fb3e293360dec3a	413	2247	2671	270
METHOD_EXIT	org.springframework.aot.hint.predicate.ReflectionHintsPredicates#onFieldAccess(Class<?>,String):Predicate<RuntimeHints>	2065d23c8e88c0a745d7	455	2327	2793	274
METHOD_ENTRY	org.springframework.aot.hint.predicate.ReflectionHintsPredicates#onField(String,String):Predicate<RuntimeHints>	f3ca4574e2a109dbce41	413	2186	2610	211
METHOD_EXIT	org.springframework.aot.hint.predicate.ReflectionHintsPredicates#onField(String,String):Predicate<RuntimeHints>	7385cbced8f079c32e9d	455	2266	2732	317
METHOD_ENTRY	org.springframework.aot.hint.predicate.ReflectionHintsPredicates#onFieldAccess(String,String):Predicate<RuntimeHints>	e0ddfc882917b6c58abc	413	2208	2632	191
METHOD_EXIT	org.springframework.aot.hint.predicate.ReflectionHintsPredicates#onFieldAccess(String,String):Predicate<RuntimeHints>	e593b8bc6ea1836d5e40	455	2288	2754	208
METHOD_ENTRY	org.springframework.aot.hint.predicate.ReflectionHintsPredicates#onField(Field):Predicate<RuntimeHints>	385e5f221e557b41fb1d	413	2164	2588	244
METHOD_EXIT	org.springframework.aot.hint.predicate.ReflectionHintsPredicates#onMethodInvocation(Class<?>,String):Predicate<RuntimeHints>	f74be21e6bcc98bfbcd7	455	2284	2750	319
METHOD_ENTRY	org.springframework.aot.hint.predicate.ReflectionHintsPredicates#onFieldAccess(Field):Predicate<RuntimeHints>	286f3c08e5d21c6d5518	413	2166	2590	316
METHOD_EXIT	org.springframework.aot.hint.predicate.ReflectionHintsPredicates#onField(Field):Predicate<RuntimeHints>	8aa4ada574770817b492	455	2244	2710	223
METHOD_EXIT	org.springframework.aot.hint.predicate.ReflectionHintsPredicates#onFieldAccess(Field):Predicate<RuntimeHints>	f1804c0192bb3644dce0	455	2246	2712	257
METHOD_ENTRY	org.springframework.aot.hint.predicate.ReflectionHintsPredicates#onJavaSerialization(Class<?>,boolean):Predicate<RuntimeHints>	b830bc97b0df30fc0093	413	2188	2612	141
METHOD_EXIT	org.springframework.aot.hint.predicate.ReflectionHintsPredicates#onJavaSerialization(Class<?>,boolean):Predicate<RuntimeHints>	8731c79eef22d3d7944d	455	2268	2734	218
METHOD_ENTRY	org.springframework.aot.hint.predicate.ReflectionHintsPredicates#onJavaSerialization(TypeReference,boolean):Predicate<RuntimeHints>	8604b84529ea5ecf2eee	413	2190	2614	122
METHOD_ENTRY	org.springframework.aot.hint.predicate.ReflectionHintsPredicates#getTypeHint(RuntimeHints):TypeHint	49d49e88b73798be98ec	413	2155	2579	172
METHOD_EXIT	org.springframework.aot.hint.predicate.ReflectionHintsPredicates#getTypeHint(RuntimeHints):TypeHint	453bbb515965936df2f5	455	2233	2699	310
METHOD_ENTRY	org.springframework.aot.hint.predicate.ReflectionHintsPredicates#test(RuntimeHints):boolean	be668f117cdc9674cd0f	413	2150	2574	291
METHOD_EXIT	org.springframework.aot.hint.predicate.ReflectionHintsPredicates#withMemberCategory(MemberCategory):Predicate<RuntimeHints>	b6c4b1cddd95b181a815	455	2283	2749	283
METHOD_EXIT	org.springframework.aot.hint.predicate.ReflectionHintsPredicates#test(RuntimeHints):boolean	e6aee0f4fd4f9843f1ec	455	2227	2693	165
METHOD_ENTRY	org.springframework.aot.hint.predicate.ReflectionHintsPredicates#withMemberCategory(MemberCategory):Predicate<RuntimeHints>	ef0120d1fcd72492cac9	413	2203	2627	144
METHOD_EXIT	org.springframework.aot.hint.predicate.ReflectionHintsPredicates#onField(Class<?>,String):Predicate<RuntimeHints>	d456b883cefac9206632	455	2262	2728	174
METHOD_EXIT	org.springframework.aot.hint.predicate.ReflectionHintsPredicates#onJavaSerialization(TypeReference,boolean):Predicate<RuntimeHints>	fa2101b366b31f8e4860	455	2270	2736	297
METHOD_ENTRY	org.springframework.aot.hint.predicate.ReflectionHintsPredicates#withMemberCategories(MemberCategory):Predicate<RuntimeHints>	13c2209744fed10909bd	413	2208	2632	261
METHOD_EXIT	org.springframework.aot.hint.predicate.ReflectionHintsPredicates#withMemberCategories(MemberCategory):Predicate<RuntimeHints>	e5a5022052d766d6bc40	455	2288	2754	273
METHOD_ENTRY	org.springframework.aot.hint.predicate.ReflectionHintsPredicates#withAnyMemberCategory(MemberCategory):Predicate<RuntimeHints>	6b05924b6bac4c78f41e	413	2218	2642	90
METHOD_EXIT	org.springframework.aot.hint.predicate.ReflectionHintsPredicates#withAnyMemberCategory(MemberCategory):Predicate<RuntimeHints>	e73b6ca65f56281b1886	455	2298	2764	245
METHOD_ENTRY	org.springframework.aot.hint.predicate.ReflectionHintsPredicates#includes(ExecutableHint,String,List<TypeReference>,ExecutableMode):boolean	a2fee768d7532048aaf8	413	2232	2656	305
METHOD_EXIT	org.springframework.aot.hint.predicate.ReflectionHintsPredicates#includes(ExecutableHint,String,List<TypeReference>,ExecutableMode):boolean	62b024ddde73842e2b23	455	2309	2775	328
METHOD_EXIT	org.springframework.aot.hint.predicate.ReflectionHintsPredicates#invoke():ExecutableHintPredicate<T>	78481460783ecef7eb5a	455	2232	2698	158
METHOD_ENTRY	org.springframework.aot.hint.predicate.ReflectionHintsPredicates#test(RuntimeHints):boolean	be668f117cdc9674cd0f	413	2150	2574	291
METHOD_ENTRY	org.springframework.aot.hint.predicate.ReflectionHintsPredicates#introspect():ExecutableHintPredicate<T>	d6406ac390af21509aee	413	2157	2581	165
METHOD_EXIT	org.springframework.aot.hint.predicate.ReflectionHintsPredicates#introspect():ExecutableHintPredicate<T>	8988986d6dc295bac26d	455	2235	2701	264
METHOD_EXIT	org.springframework.aot.hint.predicate.ReflectionHintsPredicates#test(RuntimeHints):boolean	e6aee0f4fd4f9843f1ec	455	2227	2693	165
METHOD_ENTRY	org.springframework.aot.hint.predicate.ReflectionHintsPredicates#invoke():ExecutableHintPredicate<T>	1a84860cb137f2eaa788	413	2154	2578	80
METHOD_EXIT	org.springframework.aot.hint.predicate.ReflectionHintsPredicates#exactMatch():Predicate<RuntimeHints>	f433b0fd4d389eb1249f	455	2302	2768	277
METHOD_ENTRY	org.springframework.aot.hint.predicate.ReflectionHintsPredicates#exactMatch():Predicate<RuntimeHints>	41d9f3de02f3466e7c6c	413	2225	2649	259
METHOD_EXIT	org.springframework.aot.hint.predicate.ReflectionHintsPredicates#test(RuntimeHints):boolean	e6aee0f4fd4f9843f1ec	455	2227	2693	165
METHOD_ENTRY	org.springframework.aot.hint.predicate.ReflectionHintsPredicates#exactMatch():Predicate<RuntimeHints>	41d9f3de02f3466e7c6c	413	2225	2649	259
METHOD_ENTRY	org.springframework.aot.hint.predicate.ReflectionHintsPredicates#test(RuntimeHints):boolean	be668f117cdc9674cd0f	413	2150	2574	291
METHOD_ENTRY	org.springframework.aot.hint.predicate.ReflectionHintsPredicates#test(RuntimeHints):boolean	be668f117cdc9674cd0f	413	2150	2574	291
METHOD_EXIT	org.springframework.aot.hint.predicate.ReflectionHintsPredicates#test(RuntimeHints):boolean	e6aee0f4fd4f9843f1ec	455	2227	2693	165
METHOD_EXIT	org.springframework.aot.hint.predicate.ReflectionHintsPredicates#exactMatch():Predicate<RuntimeHints>	f433b0fd4d389eb1249f	455	2302	2768	277
METHOD_ENTRY	org.springframework.aot.hint.predicate.ReflectionHintsPredicates#memberCategoryMatch(TypeHint):boolean	020c1d4a0daa63238b2f	413	2231	2655	306
METHOD_EXIT	org.springframework.aot.hint.predicate.ReflectionHintsPredicates#memberCategoryMatch(TypeHint):boolean	44fe0ca8aca9d80497e5	455	2308	2774	494
METHOD_ENTRY	org.springframework.aot.hint.predicate.ReflectionHintsPredicates#exactMatch(TypeHint):boolean	bda1790f96f79d845953	413	2163	2587	224
METHOD_ENTRY	org.springframework.aot.hint.predicate.ReflectionHintsPredicates#test(RuntimeHints):boolean	be668f117cdc9674cd0f	413	2150	2574	291
METHOD_EXIT	org.springframework.aot.hint.predicate.ReflectionHintsPredicates#test(RuntimeHints):boolean	e6aee0f4fd4f9843f1ec	455	2227	2693	165
METHOD_EXIT	org.springframework.aot.hint.predicate.ReflectionHintsPredicates#exactMatch(TypeHint):boolean	b6f86ff44a8047c3a8c7	455	2240	2706	298
METHOD_ENTRY	org.springframework.aot.hint.predicate.TypeHintPredicate#test(RuntimeHints):boolean	2a561e77b2531e802515	413	401	825	205
METHOD_EXIT	org.springframework.aot.hint.predicate.TypeHintPredicate#test(RuntimeHints):boolean	0aaa4a5ca81d64898384	455	478	944	174
METHOD_ENTRY	org.springframework.aot.hint.predicate.TypeHintPredicate#withMemberCategory(MemberCategory):Predicate<RuntimeHints>	8be7906b86590f26bf47	413	454	878	56
METHOD_EXIT	org.springframework.aot.hint.predicate.TypeHintPredicate#withMemberCategory(MemberCategory):Predicate<RuntimeHints>	3dfb207e5b754172f05f	455	534	1000	271
METHOD_EXIT	org.springframework.aot.hint.predicate.TypeHintPredicate#getTypeHint(RuntimeHints):TypeHint	44b4e12f93f2bb492e8b	455	484	950	250
METHOD_ENTRY	org.springframework.aot.hint.predicate.TypeHintPredicate#getTypeHint(RuntimeHints):TypeHint	578f546c3fa7ac4ef366	413	406	830	249
METHOD_EXIT	org.springframework.aot.hint.predicate.TypeHintPredicate#withAnyMemberCategory(MemberCategory):Predicate<RuntimeHints>	0e336d04c4ebfe76e4cf	455	549	1015	268
METHOD_ENTRY	org.springframework.aot.hint.predicate.TypeHintPredicate#withAnyMemberCategory(MemberCategory):Predicate<RuntimeHints>	9e655768cc15a55da5c2	413	469	893	85
METHOD_ENTRY	org.springframework.aot.hint.predicate.ExecutableHintPredicate#introspect():ExecutableHintPredicate<T>	d8c99d9b3be54908d642	413	409	833	175
METHOD_ENTRY	org.springframework.aot.hint.predicate.TypeHintPredicate#withMemberCategories(MemberCategory):Predicate<RuntimeHints>	1f2025fb8207322da812	413	459	883	211
METHOD_EXIT	org.springframework.aot.hint.predicate.TypeHintPredicate#withMemberCategories(MemberCategory):Predicate<RuntimeHints>	c4c7ef502edd4831b12f	455	539	1005	318
METHOD_EXIT	org.springframework.aot.hint.predicate.ExecutableHintPredicate#introspect():ExecutableHintPredicate<T>	74bfb54497f425c159ba	455	487	953	101
METHOD_ENTRY	org.springframework.aot.hint.predicate.ExecutableHintPredicate#invoke():ExecutableHintPredicate<T>	759d4430f1871423412f	413	406	830	163
METHOD_ENTRY	org.springframework.aot.hint.predicate.ExecutableHintPredicate#includes(ExecutableHint,String,List<TypeReference>,ExecutableMode):boolean	89adf0254cdc9f4a27b2	413	484	908	242
METHOD_ENTRY	org.springframework.aot.hint.predicate.ConstructorHintPredicate#test(RuntimeHints):boolean	9dbb86ca785601b711b4	413	402	826	200
METHOD_EXIT	org.springframework.aot.hint.predicate.ExecutableHintPredicate#includes(ExecutableHint,String,List<TypeReference>,ExecutableMode):boolean	cd4c52fdc956647b7c38	455	561	1027	340
METHOD_ENTRY	org.springframework.aot.hint.predicate.ConstructorHintPredicate#exactMatch():Predicate<RuntimeHints>	25152b9fc26584c8585e	413	477	901	211
METHOD_EXIT	org.springframework.aot.hint.predicate.ConstructorHintPredicate#exactMatch():Predicate<RuntimeHints>	8b4e1b06aba96d39540b	455	554	1020	127
METHOD_EXIT	org.springframework.aot.hint.predicate.ConstructorHintPredicate#test(RuntimeHints):boolean	4cf01c454398203b5d51	455	479	945	201
METHOD_ENTRY	org.springframework.aot.hint.predicate.MethodHintPredicate#test(RuntimeHints):boolean	8ef09ead370ef70172fa	413	401	825	197
METHOD_EXIT	org.springframework.aot.hint.predicate.MethodHintPredicate#test(RuntimeHints):boolean	d4cad7895bf73176f8ab	455	478	944	250
METHOD_ENTRY	org.springframework.aot.hint.predicate.MethodHintPredicate#exactMatch():Predicate<RuntimeHints>	8abcf1c49759da0856ba	413	476	900	228
METHOD_EXIT	org.springframework.aot.hint.predicate.MethodHintPredicate#exactMatch():Predicate<RuntimeHints>	724d863e0db25b979b5d	455	553	1019	245
METHOD_EXIT	org.springframework.aot.hint.predicate.FieldHintPredicate#test(RuntimeHints):boolean	16838a8c47427385bd6c	455	478	944	199
METHOD_EXIT	org.springframework.aot.hint.predicate.ExecutableHintPredicate#invoke():ExecutableHintPredicate<T>	faca21237cb970f35178	455	484	950	159
METHOD_EXIT	org.springframework.aot.hint.predicate.FieldHintPredicate#memberCategoryMatch(TypeHint):boolean	581256940f576e0218ea	455	559	1025	529
METHOD_ENTRY	org.springframework.aot.hint.TypeReference#of(Class<?>):TypeReference	edda0df552984ed4f5f8	413	778	1202	266
METHOD_ENTRY	org.springframework.aot.hint.predicate.FieldHintPredicate#exactMatch(TypeHint):boolean	bd415623cec6250275d8	413	414	838	267
METHOD_EXIT	org.springframework.aot.hint.predicate.FieldHintPredicate#exactMatch(TypeHint):boolean	494f4f6b23e28b9d9da9	455	491	957	214
METHOD_ENTRY	org.springframework.aot.hint.predicate.JavaSerializationHintPredicate#test(RuntimeHints):boolean	956d2d6ded6c905128bd	413	402	826	212
METHOD_ENTRY	org.springframework.aot.hint.predicate.FieldHintPredicate#test(RuntimeHints):boolean	f6e7788deee6078072e1	413	401	825	241
METHOD_ENTRY	org.springframework.aot.hint.predicate.FieldHintPredicate#memberCategoryMatch(TypeHint):boolean	8b763836e41454ec6919	413	482	906	301
METHOD_EXIT	org.springframework.aot.hint.TypeReference#of(Class<?>):TypeReference	59a898cfcf9e2c8c3922	455	856	1322	289
METHOD_ENTRY	org.springframework.aot.hint.TypeReference#of(String):TypeReference	fef355c1929c8b6530f7	413	778	1202	263
METHOD_ENTRY	org.springframework.aot.hint.TypeReference#listOf(Class<?>):List<TypeReference>	25091425eed9c588f671	413	792	1216	127
METHOD_EXIT	org.springframework.aot.hint.TypeReference#of(String):TypeReference	dc3f2a9b3e917b0c087a	455	856	1322	337
METHOD_EXIT	org.springframework.aot.hint.TypeReference#listOf(Class<?>):List<TypeReference>	6817735c37d9ff3e44a2	455	871	1337	345
METHOD_EXIT	org.springframework.aot.hint.predicate.JavaSerializationHintPredicate#test(RuntimeHints):boolean	b4c213ee9e5d6044e30b	455	479	945	137
METHOD_ENTRY	org.springframework.aot.hint.ReflectionHints#lambdaHints():Stream<LambdaHint>	3be8bf970b54ce55be27	413	1616	2040	239
METHOD_ENTRY	org.springframework.aot.hint.ReflectionHints#getTypeHint(TypeReference):TypeHint	9cc0b1ed6bcd273b4045	413	1643	2067	277
METHOD_EXIT	org.springframework.aot.hint.ReflectionHints#lambdaHints():Stream<LambdaHint>	e5f65a85b97c61a2299e	455	1693	2159	289
METHOD_ENTRY	org.springframework.aot.hint.ReflectionHints#typeHints():Stream<TypeHint>	1e657ede97f1104910a2	413	1622	2046	250
METHOD_EXIT	org.springframework.aot.hint.ReflectionHints#getTypeHint(Class<?>):TypeHint	b39cdcd8c1669f5872bb	455	1702	2168	303
METHOD_EXIT	org.springframework.aot.hint.ReflectionHints#registerType(TypeReference,Consumer<TypeHint.Builder>):ReflectionHints	f4afab022170f4d04ba3	455	1739	2205	281
METHOD_ENTRY	org.springframework.aot.hint.ReflectionHints#registerType(TypeReference,Consumer<TypeHint.Builder>):ReflectionHints	f03f3397945540aeb8a5	413	1661	2085	233
METHOD_ENTRY	org.springframework.aot.hint.ReflectionHints#registerType(TypeReference,MemberCategory):ReflectionHints	3aa076fd75fdc33688e8	413	1641	2065	286
METHOD_EXIT	org.springframework.aot.hint.ReflectionHints#typeHints():Stream<TypeHint>	22873d7d5001bfbaac3e	455	1698	2164	323
METHOD_EXIT	org.springframework.aot.hint.ReflectionHints#registerType(TypeReference,MemberCategory):ReflectionHints	6409c94676ff1ae2105a	455	1719	2185	273
METHOD_ENTRY	org.springframework.aot.hint.ReflectionHints#registerType(Class<?>,Consumer<TypeHint.Builder>):ReflectionHints	e1fa2a444fefaa85a6d8	413	1677	2101	292
METHOD_EXIT	org.springframework.aot.hint.ReflectionHints#registerType(Class<?>,Consumer<TypeHint.Builder>):ReflectionHints	58eaebe37ebccc491500	455	1755	2221	260
METHOD_ENTRY	org.springframework.aot.hint.ReflectionHints#registerType(Class<?>,MemberCategory):ReflectionHints	82e52165825cd5c9df84	413	1671	2095	268
METHOD_ENTRY	org.springframework.aot.hint.ReflectionHints#getTypeHint(Class<?>):TypeHint	f41e0c78cdc7508db080	413	1624	2048	251
METHOD_EXIT	org.springframework.aot.hint.ReflectionHints#registerType(Class<?>,MemberCategory):ReflectionHints	7948cdd232fe1652dcee	455	1749	2215	230
METHOD_EXIT	org.springframework.aot.hint.ReflectionHints#registerTypeIfPresent(ClassLoader,String,Consumer<TypeHint.Builder>):ReflectionHints	d92abc3325bc42d9ad26	455	1764	2230	244
METHOD_ENTRY	org.springframework.aot.hint.ReflectionHints#registerTypeIfPresent(ClassLoader,String,MemberCategory):ReflectionHints	8d949c6a5caa06ad0f25	413	1667	2091	303
METHOD_EXIT	org.springframework.aot.hint.ReflectionHints#getTypeHint(TypeReference):TypeHint	48739e0e02c7cabe9297	455	1721	2187	298
METHOD_EXIT	org.springframework.aot.hint.ReflectionHints#registerTypeIfPresent(ClassLoader,String,MemberCategory):ReflectionHints	cfbee913c4f19ff4ffe1	455	1745	2211	299
METHOD_ENTRY	org.springframework.aot.hint.ReflectionHints#registerTypes(Iterable<TypeReference>,Consumer<TypeHint.Builder>):ReflectionHints	c61b5819b16b5a78fbcc	413	1657	2081	172
METHOD_ENTRY	org.springframework.aot.hint.ReflectionHints#registerTypeIfPresent(ClassLoader,String,Consumer<TypeHint.Builder>):ReflectionHints	147cc037a956f94f67a9	413	1686	2110	262
METHOD_ENTRY	org.springframework.aot.hint.ReflectionHints#registerForInterfaces(Class<?>,Consumer<TypeHint.Builder>):ReflectionHints	f609afaabb24a44947c3	413	1727	2151	233
METHOD_ENTRY	org.springframework.aot.hint.ReflectionHints#registerField(Field):ReflectionHints	4c8b4074d41de99c5eeb	413	1633	2057	244
METHOD_EXIT	org.springframework.aot.hint.ReflectionHints#registerForInterfaces(Class<?>,Consumer<TypeHint.Builder>):ReflectionHints	371422e76011b5f7c9bf	455	1805	2271	319
METHOD_ENTRY	org.springframework.aot.hint.ReflectionHints#registerConstructor(Constructor<?>,ExecutableMode):ReflectionHints	491bea10089850d19a36	413	1655	2079	214
METHOD_EXIT	org.springframework.aot.hint.ReflectionHints#registerTypes(Iterable<TypeReference>,Consumer<TypeHint.Builder>):ReflectionHints	89f0a1cc172305f53cda	455	1735	2201	212
METHOD_EXIT	org.springframework.aot.hint.ReflectionHints#registerConstructor(Constructor<?>,ExecutableMode):ReflectionHints	efa0e60d14c0506d1175	455	1733	2199	244
METHOD_EXIT	org.springframework.aot.hint.ReflectionHints#registerMethod(Method,ExecutableMode):ReflectionHints	06f1a6b32266d825e725	455	1732	2198	232
METHOD_ENTRY	org.springframework.aot.hint.ReflectionHints#registerJavaSerialization(Class<?>):ReflectionHints	85f320e49b4e2f83958e	413	1633	2057	222
METHOD_EXIT	org.springframework.aot.hint.ReflectionHints#registerJavaSerialization(Class<?>):ReflectionHints	3ff9421f2382d61749da	455	1711	2177	273
METHOD_ENTRY	org.springframework.aot.hint.ReflectionHints#registerLambda(TypeReference,Consumer<LambdaHint.Builder>):ReflectionHints	d6e15cce971d3f5d7ea1	413	1672	2096	200
METHOD_ENTRY	org.springframework.aot.hint.ReflectionHints#registerMethod(Method,ExecutableMode):ReflectionHints	cceb7d4bde913b97a628	413	1654	2078	215
METHOD_EXIT	org.springframework.aot.hint.ReflectionHints#registerLambda(Class<?>,Consumer<LambdaHint.Builder>):ReflectionHints	1446c6f4a87255b13db9	455	1732	2198	229
METHOD_ENTRY	org.springframework.aot.hint.ReflectionHints#registerLambda(Class<?>,Consumer<LambdaHint.Builder>):ReflectionHints	72f25896127a01189c56	413	1654	2078	267
METHOD_ENTRY	org.springframework.aot.hint.ReflectionHints#mapParameters(Executable):List<TypeReference>	36870ce50067e895132b	413	1627	2051	260
METHOD_ENTRY	org.springframework.aot.hint.ProxyHints#jdkProxyHints():Stream<JdkProxyHint>	7c46d8b7c3ab69afcfb1	413	693	1117	61
METHOD_EXIT	org.springframework.aot.hint.ReflectionHints#registerLambda(TypeReference,Consumer<LambdaHint.Builder>):ReflectionHints	631bfb5979c6356f5203	455	1750	2216	316
METHOD_ENTRY	org.springframework.aot.hint.ProxyHints#registerJdkProxy(Consumer<JdkProxyHint.Builder>):ProxyHints	8deadf3bb06ca46be591	413	743	1167	110
METHOD_EXIT	org.springframework.aot.hint.ProxyHints#registerJdkProxy(Consumer<JdkProxyHint.Builder>):ProxyHints	7ec2f7be00722decf912	455	821	1287	278
METHOD_EXIT	org.springframework.aot.hint.ReflectionHints#mapParameters(Executable):List<TypeReference>	bb698d8d06c59713fcb1	455	1706	2172	292
METHOD_ENTRY	org.springframework.aot.hint.ProxyHints#registerJdkProxy(TypeReference):ProxyHints	0f80d0334fdf3289c0ff	413	715	1139	213
METHOD_EXIT	org.springframework.aot.hint.ProxyHints#registerJdkProxy(TypeReference):ProxyHints	81b3a4ba20bed1b7d25a	455	793	1259	346
METHOD_EXIT	org.springframework.aot.hint.ProxyHints#jdkProxyHints():Stream<JdkProxyHint>	9780972ad12d61d5be91	455	771	1237	301
METHOD_EXIT	org.springframework.aot.hint.ProxyHints#registerJdkProxy(Class<?>):ProxyHints	5dc7da921c69976cf251	455	793	1259	278
METHOD_EXIT	org.springframework.aot.hint.ReflectionHints#registerField(Field):ReflectionHints	772a9a61eeefe3877af8	455	1711	2177	246
METHOD_ENTRY	org.springframework.aot.hint.ProxyHints#registerJdkProxy(Class<?>):ProxyHints	e6407e7a9184f7afa34a	413	715	1139	281
METHOD_ENTRY	org.springframework.aot.hint.RuntimeHints#resources():ResourceHints	a9d26a0bd35bfad700a2	413	642	1066	81
METHOD_EXIT	org.springframework.aot.hint.RuntimeHints#resources():ResourceHints	7e73195b15339b6b28a2	455	717	1183	159
METHOD_EXIT	org.springframework.aot.hint.RuntimeHints#reflection():ReflectionHints	7823ac230220f167e601	455	718	1184	120
METHOD_ENTRY	org.springframework.aot.hint.RuntimeHints#serialization():SerializationHints	39b4e207c5e4ceb28fab	413	666	1090	239
METHOD_EXIT	org.springframework.aot.hint.RuntimeHints#serialization():SerializationHints	efc792cc69c24d0276d7	455	741	1207	273
METHOD_ENTRY	org.springframework.aot.hint.RuntimeHints#reflection():ReflectionHints	7275149e599169b6e378	413	643	1067	311
METHOD_EXIT	org.springframework.aot.hint.RuntimeHints#jni():ReflectionHints	ff571241d4fe116c32d2	455	719	1185	99
METHOD_ENTRY	org.springframework.aot.hint.RuntimeHints#jni():ReflectionHints	f343191f24ad48e67f5c	413	644	1068	314
METHOD_EXIT	org.springframework.aot.hint.RuntimeHints#proxies():ProxyHints	8334d2d13efc50dbd1ea	455	719	1185	271
METHOD_ENTRY	org.springframework.aot.hint.RuntimeHints#proxies():ProxyHints	67031cdc5a5c760c39e1	413	644	1068	136
METHOD_EXIT	org.springframework.aot.hint.annotation.RegisterReflectionForBindingProcessor#registerReflectionHints(ReflectionHints,Class<?>,MemberCategory[]):void	1c7cd015a5d6e872f8f5	455	567	1033	238
METHOD_ENTRY	org.springframework.aot.hint.ReflectionTypeReference#getEnclosingClass(Class<?>):TypeReference	dbb1b365410aa059c68f	413	536	960	346
METHOD_ENTRY	org.springframework.aot.hint.annotation.RegisterReflectionForBindingProcessor#registerReflectionHints(ReflectionHints,Class<?>,MemberCategory[]):void	18a834209fe5438c37b3	413	556	980	282
METHOD_ENTRY	org.springframework.aot.hint.ReflectionTypeReference#of(Class<?>):ReflectionTypeReference	775fc726c3cc9e9993bc	413	529	953	181
METHOD_EXIT	org.springframework.aot.hint.ReflectionTypeReference#of(Class<?>):ReflectionTypeReference	eba39a9ed6a62aefd07b	455	608	1074	261
METHOD_EXIT	org.springframework.aot.hint.ReflectionTypeReference#getCanonicalName():String	6faf8b0cf8a8162bddf5	455	561	1027	291
METHOD_ENTRY	org.springframework.aot.hint.ReflectionTypeReference#getCanonicalName():String	9d0870d062b39e5ce7b0	413	487	911	254
METHOD_EXIT	org.springframework.aot.hint.ReflectionTypeReference#getEnclosingClass(Class<?>):TypeReference	eb20f8fa100ed6225a14	455	614	1080	346
METHOD_ENTRY	org.springframework.aot.hint.ReflectionTypeReference#isPrimitive():boolean	6e5c63ad5e89fbe7e0b5	413	502	926	267
METHOD_EXIT	org.springframework.aot.hint.ReflectionTypeReference#isPrimitive():boolean	93845558b40d8411633b	455	576	1042	287
METHOD_ENTRY	org.springframework.aot.hint.MemberHint#getName():String	0ef9f2b02c9742015149	413	448	872	83
METHOD_EXIT	org.springframework.aot.hint.MemberHint#getName():String	37a92ea44cc7000d12b9	455	522	988	267
METHOD_ENTRY	org.springframework.aot.hint.ExecutableHint#ofConstructor(List<TypeReference>):Builder	4553df39c208c93715b4	413	682	1106	230
METHOD_EXIT	org.springframework.aot.hint.ExecutableHint#ofConstructor(List<TypeReference>):Builder	20d2c43cd163863217fe	455	759	1225	228
METHOD_ENTRY	org.springframework.aot.hint.ExecutableHint#getParameterTypes():List<TypeReference>	69d25044843846ab0f9b	413	671	1095	171
METHOD_EXIT	org.springframework.aot.hint.ExecutableHint#ofMethod(String,List<TypeReference>):Builder	61ef244f0ebc654b0efa	455	767	1233	252
METHOD_EXIT	org.springframework.aot.hint.ExecutableHint#getParameterTypes():List<TypeReference>	ac6f48e3f962150a87da	455	747	1213	295
METHOD_ENTRY	org.springframework.aot.hint.ExecutableHint#builtWith(ExecutableMode):Consumer<Builder>	0efae53be02bc0ee1bcc	413	685	1109	276
METHOD_ENTRY	org.springframework.aot.hint.ExecutableHint#getMode():ExecutableMode	5326a55fde77dc0de3a3	413	665	1089	154
METHOD_EXIT	org.springframework.aot.hint.ExecutableHint#builtWith(ExecutableMode):Consumer<Builder>	2c792a3473465cb26326	455	764	1230	197
METHOD_EXIT	org.springframework.aot.hint.ExecutableHint#getMode():ExecutableMode	e286621428f8e75cdcf0	455	741	1207	106
METHOD_ENTRY	org.springframework.aot.hint.ExecutableHint#ofMethod(String,List<TypeReference>):Builder	58e91b04c80ef455906d	413	690	1114	289
METHOD_ENTRY	org.springframework.aot.hint.ExecutableHint#compareTo(ExecutableHint):int	f9b3b1711755b3f53316	413	792	1216	249
METHOD_EXIT	org.springframework.aot.hint.ExecutableHint#compareTo(ExecutableHint):int	d411b7390bb9fdc22843	455	869	1335	339
METHOD_ENTRY	org.springframework.aot.hint.ExecutableHint#withMode(ExecutableMode):Builder	ffca83915f6aed1ff0f3	413	713	1137	266
METHOD_EXIT	org.springframework.aot.hint.ExecutableHint#withMode(ExecutableMode):Builder	5b5ef27268edffd16525	455	790	1256	206
METHOD_ENTRY	org.springframework.aot.hint.Builder#build():ExecutableHint	eb8b884ac5eeb9b18c88	413	384	808	5
METHOD_EXIT	org.springframework.aot.hint.Builder#build():ExecutableHint	d6f0bbde8470d3c22acb	455	460	926	103
METHOD_ENTRY	org.springframework.aot.hint.ConditionalHint#conditionMatches(ClassLoader):boolean	1fc5279e7f07e8431840	413	607	1031	271
METHOD_EXIT	org.springframework.aot.hint.ExecutableHint#build():ExecutableHint	b07a01047ffa0f82517c	455	742	1208	281
METHOD_EXIT	org.springframework.aot.hint.ConditionalHint#conditionMatches(ClassLoader):boolean	a51e7868d80982b5d7fa	455	684	1150	390
METHOD_ENTRY	org.springframework.aot.hint.Builder#withMode(ExecutableMode):Builder	9945860aa19246bceeb8	413	431	855	116
METHOD_EXIT	org.springframework.aot.hint.Builder#withMode(ExecutableMode):Builder	19231249332689fc88fe	455	508	974	218
METHOD_ENTRY	org.springframework.aot.hint.ExecutableHint#build():ExecutableHint	0323fc856e83bab00618	413	666	1090	209
METHOD_ENTRY	org.springframework.aot.hint.SerializationHints#javaSerializationHints():Stream<JavaSerializationHint>	4fbbc310d72dfe20acec	413	736	1160	299
METHOD_ENTRY	org.springframework.aot.hint.SerializationHints#registerType(TypeReference,Consumer<JavaSerializationHint.Builder>):SerializationHints	d08470358c1214e9d5ed	413	803	1227	200
METHOD_ENTRY	org.springframework.aot.hint.SerializationHints#registerType(Class<? extends Serializable>):SerializationHints	9cad947ae22fb952a547	413	741	1165	247
METHOD_EXIT	org.springframework.aot.hint.SerializationHints#registerType(TypeReference):SerializationHints	8a26f7bab4a1279b59d5	455	812	1278	192
METHOD_EXIT	org.springframework.aot.hint.SerializationHints#registerType(Class<? extends Serializable>,Consumer<JavaSerializationHint.Builder>):SerializationHints	9e9c7677c526a0be4bc4	455	853	1319	301
METHOD_ENTRY	org.springframework.aot.hint.SerializationHints#registerType(Class<? extends Serializable>,Consumer<JavaSerializationHint.Builder>):SerializationHints	3688af6dd6dd2e013504	413	775	1199	230
METHOD_EXIT	org.springframework.aot.hint.SerializationHints#javaSerializationHints():Stream<JavaSerializationHint>	ac1a3701cf028e3a6508	455	814	1280	271
METHOD_EXIT	org.springframework.aot.hint.SerializationHints#registerType(TypeReference,Consumer<JavaSerializationHint.Builder>):SerializationHints	0303bc4a4afb090df857	455	881	1347	297
METHOD_EXIT	org.springframework.aot.hint.SerializationHints#registerType(Class<? extends Serializable>):SerializationHints	d62428e57b08e83f9db7	455	819	1285	255
METHOD_ENTRY	org.springframework.aot.hint.SimpleTypeReference#of(String):SimpleTypeReference	3f2a49bbeb3e164621a9	413	668	1092	199
METHOD_ENTRY	org.springframework.aot.hint.SerializationHints#registerType(TypeReference):SerializationHints	35c392afb153bfa87514	413	734	1158	245
METHOD_EXIT	org.springframework.aot.hint.SimpleTypeReference#isValidClassName(String):boolean	9e0cddf25baed1ffddbb	455	655	1121	380
METHOD_EXIT	org.springframework.aot.hint.SimpleTypeReference#of(String):SimpleTypeReference	db469f6c3748edb9872a	455	747	1213	295
METHOD_ENTRY	org.springframework.aot.hint.SimpleTypeReference#getCanonicalName():String	cbe5067ed24da3457f44	413	568	992	278
METHOD_ENTRY	org.springframework.aot.hint.SimpleTypeReference#createTypeReference(String):SimpleTypeReference	aca7323152ddc3cc1129	413	611	1035	290
METHOD_ENTRY	org.springframework.aot.hint.SimpleTypeReference#isValidClassName(String):boolean	a389efa1ea86d4b1df3b	413	578	1002	284
METHOD_EXIT	org.springframework.aot.hint.SimpleTypeReference#createTypeReference(String):SimpleTypeReference	1e8f5f54925314a47599	455	690	1156	332
METHOD_EXIT	org.springframework.aot.hint.SimpleTypeReference#getCanonicalName():String	1225a50d2fe7b14555a2	455	642	1108	318
METHOD_EXIT	org.springframework.aot.hint.SimpleTypeReference#isPrimitive():boolean	9a618a5e26d684a9f738	455	598	1064	158
METHOD_ENTRY	org.springframework.aot.hint.SimpleTypeReference#isPrimitive(String):boolean	0048647f3d452c08d796	413	535	959	353
METHOD_ENTRY	org.springframework.aot.hint.SimpleTypeReference#isPrimitive():boolean	be3ce3a095f24eed1c44	413	524	948	279
METHOD_EXIT	org.springframework.aot.hint.SimpleTypeReference#buildName(TypeReference,StringBuilder):void	eb762c666011761120c4	455	610	1076	255
METHOD_EXIT	org.springframework.aot.hint.SimpleTypeReference#isPrimitive(String):boolean	1eefd8bc1a38af937482	455	612	1078	318
METHOD_ENTRY	org.springframework.aot.hint.SimpleTypeReference#buildName(TypeReference,StringBuilder):void	5f7d1841b49351f27d76	413	599	1023	271
METHOD_ENTRY	org.springframework.aot.generate.GeneratedFiles#addSourceFile(String,ThrowingConsumer<Appendable>):void	9e8b3e1b6eaaab785823	413	1475	1899	245
METHOD_EXIT	org.springframework.aot.generate.GeneratedFiles#addSourceFile(String,ThrowingConsumer<Appendable>):void	795c2fd82db30fdb531e	455	1486	1952	312
METHOD_ENTRY	org.springframework.aot.generate.GeneratedFiles#addSourceFile(String,InputStreamSource):void	d16a89217699b2342d46	413	1465	1889	270
METHOD_ENTRY	org.springframework.aot.generate.GeneratedFiles#addSourceFile(JavaFile):void	f5dd1e65a878a1fa99cc	413	1483	1907	256
METHOD_EXIT	org.springframework.aot.generate.GeneratedFiles#addSourceFile(JavaFile):void	4ac324e55009544a8c2b	455	1494	1960	332
METHOD_EXIT	org.springframework.aot.generate.GeneratedFiles#addSourceFile(String,InputStreamSource):void	ef8626b2ac7ba554718d	455	1476	1942	334
METHOD_ENTRY	org.springframework.aot.generate.GeneratedFiles#addSourceFile(String,CharSequence):void	7a6a79af2cc613265878	413	1460	1884	198
METHOD_EXIT	org.springframework.aot.generate.GeneratedFiles#addResourceFile(String,CharSequence):void	20387b0d0962dda3493d	455	1468	1934	247
METHOD_ENTRY	org.springframework.aot.generate.GeneratedFiles#addResourceFile(String,CharSequence):void	aceaf53d89d732ffb23d	413	1457	1881	265
METHOD_ENTRY	org.springframework.aot.generate.GeneratedFiles#addResourceFile(String,ThrowingConsumer<Appendable>):void	dffb51e9cf0f90bcc9ff	413	1468	1892	210
METHOD_EXIT	org.springframework.aot.generate.GeneratedFiles#addResourceFile(String,ThrowingConsumer<Appendable>):void	9ba31ced60873f0530b9	455	1479	1945	286
METHOD_ENTRY	org.springframework.aot.generate.GeneratedFiles#addResourceFile(String,InputStreamSource):void	00ee83e6fbccbf00cb3e	413	1458	1882	233
METHOD_EXIT	org.springframework.aot.generate.GeneratedFiles#addResourceFile(String,InputStreamSource):void	df5fde50ffbc70cb9e7b	455	1469	1935	256
METHOD_EXIT	org.springframework.aot.generate.GeneratedFiles#addFile(Kind,String,CharSequence):void	d75e74c4855db3959f89	455	1478	1944	259
METHOD_EXIT	org.springframework.aot.generate.GeneratedFiles#addSourceFile(String,CharSequence):void	c0755af7df0d2b5b0027	455	1471	1937	280
METHOD_ENTRY	org.springframework.aot.generate.GeneratedFiles#addFile(Kind,String,CharSequence):void	01afea3b7ae329bd2228	413	1467	1891	214
METHOD_EXIT	org.springframework.aot.generate.GeneratedFiles#addFile(Kind,String,ThrowingConsumer<Appendable>):void	41082fe9765d6456bbdb	455	1506	1972	261
METHOD_ENTRY	org.springframework.aot.generate.GeneratedFiles#addClassFile(String,InputStreamSource):void	55c9b62aea8dfb8dbc6d	413	1457	1881	268
METHOD_EXIT	org.springframework.aot.generate.GeneratedFiles#addClassFile(String,InputStreamSource):void	275624f0c5849642390e	455	1468	1934	266
METHOD_ENTRY	org.springframework.aot.generate.GeneratedFiles#addFile(Kind,String,ThrowingConsumer<Appendable>):void	95764484a0e84a5d5c26	413	1495	1919	288
METHOD_ENTRY	org.springframework.aot.generate.GeneratedFiles#addFile(Kind,String,InputStreamSource):void	455f75974e3dc8dc215e	413	1510	1934	214
METHOD_EXIT	org.springframework.aot.generate.GeneratedFiles#addFile(Kind,String,InputStreamSource):void	918772d2ee38cce26463	455	1521	1987	254
METHOD_ENTRY	org.springframework.aot.generate.GeneratedFiles#getClassNamePath(String):String	9488e2257b58e3c50a6a	413	1510	1934	337
METHOD_EXIT	org.springframework.aot.generate.GeneratedFiles#getClassNamePath(String):String	8ac9426103ce287cc788	455	1587	2053	256
METHOD_ENTRY	org.springframework.aot.generate.GeneratedFiles#validatePackage(String,String):void	2828d4c4f3a5fabaa2f1	413	1501	1925	280
METHOD_EXIT	org.springframework.aot.generate.GeneratedFiles#validatePackage(String,String):void	9d85893c986e22ba4b3e	455	1512	1978	269
METHOD_ENTRY	org.springframework.aot.generate.GeneratedFiles#exists():boolean	d78ca7f4dd0c5a435eec	413	1427	1851	180
METHOD_EXIT	org.springframework.aot.generate.GeneratedFiles#isJavaIdentifier(String):boolean	bf1bb1a66b3d75d7c6ac	455	1601	2067	322
METHOD_ENTRY	org.springframework.aot.generate.GeneratedFiles#isJavaIdentifier(String):boolean	5ba8926312623d6aa22c	413	1524	1948	318
METHOD_EXIT	org.springframework.aot.generate.GeneratedFiles#exists():boolean	f9f44542b2f29ac07c6f	455	1501	1967	98
METHOD_ENTRY	org.springframework.aot.generate.GeneratedFiles#getContent():InputStreamSource	e12ec3abd28cd006fdfa	413	1444	1868	339
METHOD_EXIT	org.springframework.aot.generate.GeneratedFiles#getContent():InputStreamSource	c21cb8804c8fb8574204	455	1520	1986	296
METHOD_ENTRY	org.springframework.aot.generate.GeneratedFiles#override(InputStreamSource):void	1fdf4afa198527117aab	413	1453	1877	239
METHOD_ENTRY	org.springframework.aot.generate.GeneratedFiles#create(InputStreamSource):void	aacfa576d04040726d8d	413	1475	1899	101
METHOD_EXIT	org.springframework.aot.generate.GeneratedFiles#create(InputStreamSource):void	ad2b4a99405a4abaf325	455	1486	1952	248
METHOD_EXIT	org.springframework.aot.generate.GeneratedFiles#override(InputStreamSource):void	66d799f2ba6b5b6c702e	455	1464	1930	224
METHOD_ENTRY	org.springframework.aot.generate.FileHandler#getContent():InputStreamSource	9713d088c0b8c0ead99d	413	397	821	214
METHOD_EXIT	org.springframework.aot.generate.FileHandler#exists():boolean	3ba7e223eeef0fee3391	455	454	920	742
METHOD_EXIT	org.springframework.aot.generate.FileHandler#getContent():InputStreamSource	c6e899f4ced9998d05c3	455	473	939	232
METHOD_ENTRY	org.springframework.aot.generate.FileHandler#override(InputStreamSource):void	8ef47013a92e704470f4	413	406	830	49
METHOD_EXIT	org.springframework.aot.generate.FileHandler#create(InputStreamSource):void	345518acb0523ccf6454	455	439	905	292
METHOD_ENTRY	org.springframework.aot.generate.FileHandler#exists():boolean	bdc4b9acd0fdea5f938c	413	380	804	209
METHOD_ENTRY	org.springframework.aot.generate.FileHandler#create(InputStreamSource):void	a9e03c248ccf672aee8a	413	428	852	218
METHOD_EXIT	org.springframework.aot.generate.GeneratedMethods#add(String,Consumer<Builder>):GeneratedMethod	1d252aeaebbde6ed4ac9	455	1101	1567	286
METHOD_EXIT	org.springframework.aot.generate.FileHandler#override(InputStreamSource):void	91777270fa4803c042ff	455	417	883	100
METHOD_ENTRY	org.springframework.aot.generate.GeneratedMethods#add(String[],Consumer<Builder>):GeneratedMethod	d0243bd454edfab2e06c	413	1082	1506	286
METHOD_EXIT	org.springframework.aot.generate.GeneratedMethods#add(String[],Consumer<Builder>):GeneratedMethod	ff9b1d57bd4ddecf111f	455	1160	1626	290
METHOD_ENTRY	org.springframework.aot.generate.GeneratedMethods#withPrefix(String):GeneratedMethods	463345c8828e3b5643e4	413	1013	1437	246
METHOD_ENTRY	org.springframework.aot.generate.GeneratedMethods#add(String,Consumer<Builder>):GeneratedMethod	09cbb5d09ceec8ffb183	413	1023	1447	222
METHOD_ENTRY	org.springframework.aot.generate.GeneratedMethods#doWithMethodSpecs(Consumer<MethodSpec>):void	7b5515a7297b2e722d94	413	1003	1427	253
METHOD_ENTRY	org.springframework.aot.generate.GeneratedTypeReference#safeCreate(ClassName):GeneratedTypeReference	8c17673749797af0f531	413	509	933	249
METHOD_EXIT	org.springframework.aot.generate.GeneratedMethods#doWithMethodSpecs(Consumer<MethodSpec>):void	e3d645c1fd74974cf6db	455	1014	1480	274
METHOD_EXIT	org.springframework.aot.generate.GeneratedMethods#stream():Stream<GeneratedMethod>	3ced4fdcc35c793c6496	455	1057	1523	240
METHOD_EXIT	org.springframework.aot.generate.GeneratedTypeReference#safeCreate(ClassName):GeneratedTypeReference	3a6fbbaca3b154656724	455	588	1054	247
METHOD_ENTRY	org.springframework.aot.generate.GeneratedMethods#stream():Stream<GeneratedMethod>	a81138dd1ac2abe89a03	413	980	1404	249
METHOD_EXIT	org.springframework.aot.generate.GeneratedMethods#withPrefix(String):GeneratedMethods	6a0cb9f61ca9e78d8647	455	1091	1557	273
METHOD_EXIT	org.springframework.aot.generate.GeneratedTypeReference#of(ClassName):GeneratedTypeReference	f36d5c0486135d4ee892	455	588	1054	209
METHOD_ENTRY	org.springframework.aot.generate.GeneratedTypeReference#getCanonicalName():String	6d05f1ba812976d2f6b3	413	484	908	135
METHOD_EXIT	org.springframework.aot.generate.GeneratedTypeReference#getCanonicalName():String	ffc79fe06ab1d7bd5a77	455	558	1024	248
METHOD_ENTRY	org.springframework.aot.generate.GeneratedTypeReference#isPrimitive():boolean	b56230a435b2eaffedad	413	482	906	263
METHOD_ENTRY	org.springframework.aot.generate.GeneratedTypeReference#of(ClassName):GeneratedTypeReference	f94f8cf03e331a01c7d5	413	509	933	44
METHOD_EXIT	org.springframework.aot.generate.GeneratedTypeReference#isPrimitive():boolean	94ea39279f22315ed213	455	556	1022	224
METHOD_ENTRY	org.springframework.aot.generate.GeneratedClass#reserveMethodNames(String):void	007675009cb7f58035c1	413	865	1289	297
METHOD_ENTRY	org.springframework.aot.generate.GeneratedClass#generateSequencedMethodName(MethodName):String	86d6faca42d7315e4468	413	848	1272	317
METHOD_EXIT	org.springframework.aot.generate.GeneratedClass#generateSequencedMethodName(MethodName):String	71aa5f8830781bec748d	455	925	1391	317
METHOD_ENTRY	org.springframework.aot.generate.GeneratedClass#getEnclosingClass():GeneratedClass	6dccd9f3be8a4d6477e8	413	802	1226	309
METHOD_ENTRY	org.springframework.aot.generate.GeneratedClass#getName():ClassName	ccad3fefea9430c36a97	413	794	1218	269
METHOD_EXIT	org.springframework.aot.generate.GeneratedClass#getName():ClassName	75af9e097ee415dd1513	455	869	1335	310
METHOD_EXIT	org.springframework.aot.generate.GeneratedClass#getEnclosingClass():GeneratedClass	4933b85133fb5d9f440b	455	877	1343	362
METHOD_EXIT	org.springframework.aot.generate.GeneratedClass#reserveMethodNames(String):void	7ff549dd89ac28670502	455	876	1342	351
METHOD_ENTRY	org.springframework.aot.generate.GeneratedClass#getMethods():GeneratedMethods	bd2e8ab3e28519351011	413	794	1218	76
METHOD_EXIT	org.springframework.aot.generate.GeneratedClass#getMethods():GeneratedMethods	0c016e2848c82fa21607	455	869	1335	264
METHOD_EXIT	org.springframework.aot.generate.GeneratedClass#getOrAdd(String,Consumer<TypeSpec.Builder>):GeneratedClass	981acbf59b187909e156	455	932	1398	259
METHOD_ENTRY	org.springframework.aot.generate.GeneratedClass#getOrAdd(String,Consumer<TypeSpec.Builder>):GeneratedClass	df63ff0054c6b49abf06	413	854	1278	225
METHOD_ENTRY	org.springframework.aot.generate.GeneratedClass#generateJavaFile():JavaFile	78192f1e886b9b29c6d4	413	838	1262	298
METHOD_EXIT	org.springframework.aot.generate.GeneratedClass#generateJavaFile():JavaFile	f8ae0a3cee8a01bac77d	455	913	1379	300
METHOD_ENTRY	org.springframework.aot.generate.GeneratedClass#apply():TypeSpec.Builder	91070c887a7086202d45	413	849	1273	262
METHOD_ENTRY	org.springframework.aot.generate.GeneratedClass#getBuilder(Consumer<TypeSpec.Builder>):TypeSpec.Builder	87ed3553a66d78e1289d	413	830	1254	54
METHOD_ENTRY	org.springframework.aot.generate.ClassNameGenerator#getFeatureNamePrefix():String	ecc5f28759caf3f2927b	413	829	1253	291
METHOD_EXIT	org.springframework.aot.generate.GeneratedClass#assertSameType(Consumer<TypeSpec.Builder>):void	ef531d6701c64275013e	455	849	1315	270
METHOD_ENTRY	org.springframework.aot.generate.GeneratedClass#assertSameType(Consumer<TypeSpec.Builder>):void	053fe8213f97c407dea6	413	838	1262	327
METHOD_EXIT	org.springframework.aot.generate.ClassNameGenerator#getFeatureNamePrefix():String	a3fc71626dc2160c819f	455	903	1369	258
METHOD_ENTRY	org.springframework.aot.generate.ClassNameGenerator#generateClassName(String,ClassName):ClassName	6465967453fc9649b62a	413	861	1285	270
METHOD_EXIT	org.springframework.aot.generate.GeneratedClass#getBuilder(Consumer<TypeSpec.Builder>):TypeSpec.Builder	a6334fae84397ce8438d	455	909	1375	272
METHOD_EXIT	org.springframework.aot.generate.ClassNameGenerator#generateClassName(String,ClassName):ClassName	d3175280964f3ad911db	455	939	1405	342
METHOD_ENTRY	org.springframework.aot.generate.ClassNameGenerator#getRootName(String,ClassName):String	b20185f968feeb2f57a3	413	926	1350	286
METHOD_EXIT	org.springframework.aot.generate.ClassNameGenerator#getRootName(String,ClassName):String	e61abc93c9be7001100b	455	1003	1469	248
METHOD_ENTRY	org.springframework.aot.generate.ClassNameGenerator#generateSequencedClassName(String):ClassName	b644d3692e7c70309f08	413	895	1319	286
METHOD_ENTRY	org.springframework.aot.generate.ClassNameGenerator#clean(String):String	0b79de5e4d70cff33a00	413	918	1342	297
METHOD_EXIT	org.springframework.aot.generate.ClassNameGenerator#clean(String):String	80c1c60497da913a1db6	455	995	1461	282
METHOD_EXIT	org.springframework.aot.generate.GeneratedClass#apply():TypeSpec.Builder	15320008933781671158	455	925	1391	272
METHOD_ENTRY	org.springframework.aot.generate.ClassNameGenerator#withFeatureNamePrefix(String):ClassNameGenerator	34235c9485829264c870	413	855	1279	254
METHOD_ENTRY	org.springframework.aot.generate.MethodReference#toInvokeCodeBlock(ArgumentCodeGenerator):CodeBlock	9c36acbf7fbe9fd25523	413	687	1111	284
METHOD_EXIT	org.springframework.aot.generate.ClassNameGenerator#withFeatureNamePrefix(String):ClassNameGenerator	9ca91b43d9d2e0dd9f5d	455	934	1400	270
METHOD_EXIT	org.springframework.aot.generate.ClassNameGenerator#generateSequencedClassName(String):ClassName	0c1831e9f32803123ab7	455	973	1439	337
METHOD_ENTRY	org.springframework.aot.generate.ClassNameGenerator#toName(ClassName):String	8fd8874ab3078ef71fd9	413	843	1267	195
METHOD_EXIT	org.springframework.aot.generate.MethodReference#toInvokeCodeBlock(ArgumentCodeGenerator):CodeBlock	7a36f51f6a885610a453	455	765	1231	252
METHOD_EXIT	org.springframework.aot.generate.ClassNameGenerator#toName(ClassName):String	481f7e3caaadcd059825	455	920	1386	293
METHOD_EXIT	org.springframework.aot.generate.MethodReference#none():ArgumentCodeGenerator	39b26ccbaa6bf4258b5b	455	738	1204	212
METHOD_ENTRY	org.springframework.aot.generate.MethodReference#of(Class<?>,String):ArgumentCodeGenerator	6e20244160128205ab52	413	703	1127	325
METHOD_EXIT	org.springframework.aot.generate.MethodReference#of(Class<?>,String):ArgumentCodeGenerator	b500c03e4b3211fd7a25	455	782	1248	292
METHOD_EXIT	org.springframework.aot.generate.MethodReference#from(Function<TypeName, @Nullable CodeBlock>):ArgumentCodeGenerator	eb812bc588d06c1d473f	455	766	1232	292
METHOD_ENTRY	org.springframework.aot.generate.MethodReference#and(Class<?>,String):ArgumentCodeGenerator	bad98ae688025fbfa119	413	691	1115	333
METHOD_ENTRY	org.springframework.aot.generate.MethodReference#none():ArgumentCodeGenerator	26ab5f0a98c347448f7a	413	662	1086	5
METHOD_ENTRY	org.springframework.aot.generate.ArgumentCodeGenerator#none():ArgumentCodeGenerator	4a0dc4acbb56716d9b63	413	387	811	5
METHOD_EXIT	org.springframework.aot.generate.ArgumentCodeGenerator#none():ArgumentCodeGenerator	7749fe140f3f44eac1f1	455	463	929	188
METHOD_EXIT	org.springframework.aot.generate.MethodReference#and(Class<?>,String):ArgumentCodeGenerator	4264b5a828a1fcd148ef	455	770	1236	266
METHOD_ENTRY	org.springframework.aot.generate.MethodReference#and(ArgumentCodeGenerator):ArgumentCodeGenerator	1615b1a80a8e737be494	413	706	1130	255
METHOD_EXIT	org.springframework.aot.generate.MethodReference#and(ArgumentCodeGenerator):ArgumentCodeGenerator	18740e8f55fd1327e24c	455	785	1251	228
METHOD_ENTRY	org.springframework.aot.generate.ArgumentCodeGenerator#of(Class<?>,String):ArgumentCodeGenerator	87955456d57b17b7fedc	413	428	852	261
METHOD_EXIT	org.springframework.aot.generate.ArgumentCodeGenerator#of(Class<?>,String):ArgumentCodeGenerator	93f6afd5643a84e6399d	455	507	973	301
METHOD_ENTRY	org.springframework.aot.generate.ArgumentCodeGenerator#from(Function<TypeName, @Nullable CodeBlock>):ArgumentCodeGenerator	02567fc65eefad5377d3	413	412	836	89
METHOD_ENTRY	org.springframework.aot.generate.MethodReference#from(Function<TypeName, @Nullable CodeBlock>):ArgumentCodeGenerator	3199d662590fe6d4bf47	413	687	1111	156
METHOD_ENTRY	org.springframework.aot.generate.ArgumentCodeGenerator#and(Class<?>,String):ArgumentCodeGenerator	c8504391e182af42e264	413	416	840	260
METHOD_EXIT	org.springframework.aot.generate.ArgumentCodeGenerator#and(Class<?>,String):ArgumentCodeGenerator	7387f72604a837a89063	455	495	961	305
METHOD_ENTRY	org.springframework.aot.generate.ArgumentCodeGenerator#and(ArgumentCodeGenerator):ArgumentCodeGenerator	02e972e2e14b2332cd30	413	431	855	192
METHOD_EXIT	org.springframework.aot.generate.ArgumentCodeGenerator#and(ArgumentCodeGenerator):ArgumentCodeGenerator	d8f41354f8cefd91b154	455	510	976	317
METHOD_EXIT	org.springframework.aot.generate.ArgumentCodeGenerator#from(Function<TypeName, @Nullable CodeBlock>):ArgumentCodeGenerator	d9393bea1eef9fa58404	455	491	957	240
METHOD_ENTRY	org.springframework.aot.generate.AppendableConsumerInputStreamSource#getInputStream():InputStream	dd5aea4c36b5683ba8cc	413	489	913	253
METHOD_EXIT	org.springframework.aot.generate.AppendableConsumerInputStreamSource#getInputStream():InputStream	79bfb5b5e4ddfdaedadd	455	564	1030	263
METHOD_ENTRY	org.springframework.aot.generate.AppendableConsumerInputStreamSource#toString():String	8266b96eb084be51c2bb	413	489	913	59
METHOD_EXIT	org.springframework.aot.generate.AppendableConsumerInputStreamSource#toString():String	4a0820c46a6dd6e0f136	455	563	1029	151
METHOD_ENTRY	org.springframework.aot.generate.DefaultGenerationContext#getGeneratedClasses():GeneratedClasses	45c1cf4e0144e7d7f4f0	413	568	992	61
METHOD_ENTRY	org.springframework.aot.generate.DefaultGenerationContext#getGeneratedFiles():GeneratedFiles	5fe3c55a6d87506a34cf	413	568	992	54
METHOD_ENTRY	org.springframework.aot.generate.DefaultGenerationContext#getRuntimeHints():RuntimeHints	e2c6a5c028a541531b3f	413	568	992	46
METHOD_EXIT	org.springframework.aot.generate.DefaultGenerationContext#getRuntimeHints():RuntimeHints	fefd3d7a37d5de4cddca	455	643	1109	97
METHOD_EXIT	org.springframework.aot.generate.DefaultGenerationContext#getGeneratedFiles():GeneratedFiles	b21db0f7d27992de6455	455	643	1109	271
METHOD_ENTRY	org.springframework.aot.generate.DefaultGenerationContext#withName(String):DefaultGenerationContext	a7639b6a83188d768757	413	578	1002	262
METHOD_ENTRY	org.springframework.aot.generate.ValueCodeGenerationException#buildErrorMessage(Object):String	707074aa05ca904e0af8	413	513	937	273
METHOD_EXIT	org.springframework.aot.generate.ValueCodeGenerationException#buildErrorMessage(Object):String	0527f8b39f4267f92bbe	455	590	1056	280
METHOD_ENTRY	org.springframework.aot.generate.ValueCodeGenerationException#getValue():Object	2801a0311d54cf3ae59f	413	456	880	74
METHOD_EXIT	org.springframework.aot.generate.DefaultGenerationContext#withName(String):DefaultGenerationContext	c064844096b1f482fa7a	455	657	1123	346
METHOD_ENTRY	org.springframework.aot.generate.DefaultGenerationContext#writeGeneratedContent():void	b159635a86caf2a98aff	413	569	993	190
METHOD_EXIT	org.springframework.aot.generate.ValueCodeGenerationException#getValue():Object	caa10b07cb4a2b86be44	455	530	996	46
METHOD_EXIT	org.springframework.aot.generate.DefaultGenerationContext#getGeneratedClasses():GeneratedClasses	239badb8b8f27c973d24	455	643	1109	161
METHOD_EXIT	org.springframework.aot.generate.DefaultGenerationContext#writeGeneratedContent():void	dfa54c0019ddb5ddc769	455	580	1046	219
METHOD_ENTRY	org.springframework.aot.generate.ValueCodeGenerator#withDefaults():ValueCodeGenerator	86ce0ed916b7ccbecea0	413	783	1207	45
METHOD_EXIT	org.springframework.aot.generate.ValueCodeGenerator#withDefaults():ValueCodeGenerator	e8b965efcb7950e65d55	455	859	1325	85
METHOD_ENTRY	org.springframework.aot.generate.ValueCodeGenerator#with(List<Delegate>):ValueCodeGenerator	98548baf80e4447947d0	413	820	1244	153
METHOD_EXIT	org.springframework.aot.generate.ValueCodeGenerator#with(Delegate):ValueCodeGenerator	607fbffa43a49aae45d4	455	874	1340	304
METHOD_EXIT	org.springframework.aot.generate.ValueCodeGenerator#with(List<Delegate>):ValueCodeGenerator	1cd8c0bf0f3bfd41f55e	455	899	1365	259
METHOD_ENTRY	org.springframework.aot.generate.ValueCodeGenerator#add(List<Delegate>):ValueCodeGenerator	ca458c1ed2b01f65f4cb	413	853	1277	273
METHOD_ENTRY	org.springframework.aot.generate.ValueCodeGenerator#scoped(GeneratedMethods):ValueCodeGenerator	63d127a406f21fab56da	413	803	1227	96
METHOD_ENTRY	org.springframework.aot.generate.ValueCodeGenerator#with(Delegate):ValueCodeGenerator	7ad4d940f50bdcb9c7dc	413	795	1219	134
METHOD_EXIT	org.springframework.aot.generate.ValueCodeGenerator#scoped(GeneratedMethods):ValueCodeGenerator	f9bb0bb5c6da5b20cbd3	455	882	1348	319
METHOD_ENTRY	org.springframework.aot.generate.ValueCodeGenerator#generateCode(Object):CodeBlock	02a807998da7ad8d1015	413	881	1305	347
METHOD_EXIT	org.springframework.aot.generate.ValueCodeGenerator#generateCode(Object):CodeBlock	9a4c68cf887243ff4252	455	959	1425	324
METHOD_ENTRY	org.springframework.aot.generate.ValueCodeGenerator#getGeneratedMethods():GeneratedMethods	8628b5def5025f07bcec	413	785	1209	53
METHOD_EXIT	org.springframework.aot.generate.ValueCodeGenerator#getGeneratedMethods():GeneratedMethods	3a04d5ea6a7475ebe691	455	860	1326	332
METHOD_ENTRY	org.springframework.aot.generate.InMemoryGeneratedFiles#getGeneratedFiles(Kind):Map<String, InputStreamSource>	a99fb45303ce965013c6	413	689	1113	49
METHOD_ENTRY	org.springframework.aot.generate.InMemoryGeneratedFiles#handleFile(Kind,String,ThrowingConsumer<FileHandler>):void	4405a62431e871089bda	413	717	1141	253
METHOD_EXIT	org.springframework.aot.generate.InMemoryGeneratedFiles#handleFile(Kind,String,ThrowingConsumer<FileHandler>):void	803bae2d8cf1fa532ebc	455	728	1194	260
METHOD_ENTRY	org.springframework.aot.generate.InMemoryGeneratedFiles#getGeneratedFileContent(Kind,String):String	c42dfeb1a174feee1add	413	709	1133	237
METHOD_EXIT	org.springframework.aot.generate.InMemoryGeneratedFiles#getGeneratedFiles(Kind):Map<String, InputStreamSource>	30fa8ba0988af2ef5a1e	455	771	1237	287
METHOD_EXIT	org.springframework.aot.generate.InMemoryGeneratedFiles#getGeneratedFileContent(Kind,String):String	98e906bab16801e44236	455	786	1252	257
METHOD_EXIT	org.springframework.aot.generate.ValueCodeGenerator#add(List<Delegate>):ValueCodeGenerator	a871efc5291acbfbdbe5	455	932	1398	352
METHOD_ENTRY	org.springframework.aot.generate.InMemoryGeneratedFiles#getGeneratedFile(Kind,String):InputStreamSource	c45acf88a642bb864fc9	413	719	1143	228
METHOD_EXIT	org.springframework.aot.generate.InMemoryGeneratedFiles#getGeneratedFile(Kind,String):InputStreamSource	aa33a9a149776d9f6cdc	455	798	1264	350
METHOD_ENTRY	org.springframework.aot.generate.InMemoryGeneratedFiles#copy(InputStreamSource,boolean):void	ddb44b0cdf45b8a67c4a	413	671	1095	62
METHOD_ENTRY	org.springframework.aot.generate.InMemoryGeneratedFiles#toString():String	d4de13f25fe34191101e	413	648	1072	118
METHOD_ENTRY	org.springframework.aot.generate.InMemoryFileHandler#copy(InputStreamSource,boolean):void	aaaccca2959312a2c9ba	413	410	834	198
METHOD_ENTRY	org.springframework.aot.generate.InMemoryFileHandler#toString():String	77912ab82d0363641ab6	413	387	811	87
METHOD_EXIT	org.springframework.aot.generate.InMemoryGeneratedFiles#toString():String	132b0aaaa4794daeb3bf	455	722	1188	162
METHOD_EXIT	org.springframework.aot.generate.InMemoryFileHandler#toString():String	9af79b4c5b669fa3e6e6	455	461	927	107
METHOD_EXIT	org.springframework.aot.generate.InMemoryGeneratedFiles#copy(InputStreamSource,boolean):void	0ffb051a3347cb4e0e08	455	682	1148	278
METHOD_EXIT	org.springframework.aot.generate.InMemoryFileHandler#copy(InputStreamSource,boolean):void	f44f68da7760a9949058	455	421	887	104
METHOD_ENTRY	org.springframework.aot.generate.DefaultMethodReference#toCodeBlock():CodeBlock	6ae09a27397271588241	413	644	1068	245
METHOD_ENTRY	org.springframework.aot.generate.DefaultMethodReference#toInvokeCodeBlock(ArgumentCodeGenerator,ClassName):CodeBlock	ebb5cdfa3f2f633d456a	413	784	1208	320
METHOD_EXIT	org.springframework.aot.generate.DefaultMethodReference#addArguments(CodeBlock.Builder,ArgumentCodeGenerator):void	16b459ff7e519fccd667	455	754	1220	289
METHOD_EXIT	org.springframework.aot.generate.DefaultMethodReference#toCodeBlock():CodeBlock	146e5c9498cd4db92430	455	719	1185	371
METHOD_EXIT	org.springframework.aot.generate.DefaultMethodReference#toInvokeCodeBlock(ArgumentCodeGenerator,ClassName):CodeBlock	995ee405ddfd6e705659	455	862	1328	324
METHOD_ENTRY	org.springframework.aot.generate.DefaultMethodReference#addArguments(CodeBlock.Builder,ArgumentCodeGenerator):void	96dabc5143481dfda633	413	743	1167	318
METHOD_ENTRY	org.springframework.aot.generate.DefaultMethodReference#isStatic():boolean	e185509b585402474b31	413	573	997	165
METHOD_EXIT	org.springframework.aot.generate.DefaultMethodReference#instantiateDeclaringClass(ClassName):CodeBlock	a605b6ca480c41c54690	455	668	1134	279
METHOD_EXIT	org.springframework.aot.generate.DefaultMethodReference#isStatic():boolean	e3099baaf4968600495b	455	647	1113	253
METHOD_ENTRY	org.springframework.aot.generate.DefaultMethodReference#toString():String	91d0a7f968b5a33744e1	413	637	1061	227
METHOD_EXIT	org.springframework.aot.generate.DefaultMethodReference#toString():String	a0f7f7a63000b43e9c26	455	711	1177	318
METHOD_ENTRY	org.springframework.aot.generate.GeneratedMethod#getName():String	0d5f3a0db807681ccd9a	413	554	978	104
METHOD_ENTRY	org.springframework.aot.generate.GeneratedMethod#toMethodReference():MethodReference	5a8dd646092de08f231b	413	568	992	257
METHOD_EXIT	org.springframework.aot.generate.GeneratedMethod#toMethodReference():MethodReference	f06d1ffa43b1f75c9f7f	455	643	1109	251
METHOD_EXIT	org.springframework.aot.generate.GeneratedMethod#getName():String	0858c94092a853413b67	455	628	1094	270
METHOD_EXIT	org.springframework.aot.generate.GeneratedMethod#getMethodSpec():MethodSpec	c75557fd75390974ae4b	455	633	1099	281
METHOD_ENTRY	org.springframework.aot.generate.GeneratedMethod#toString():String	12a9b814c9e168870aa8	413	557	981	263
METHOD_ENTRY	org.springframework.aot.generate.GeneratedMethod#getMethodSpec():MethodSpec	454e8b495dab291e2162	413	558	982	61
METHOD_EXIT	org.springframework.aot.generate.GeneratedMethod#toString():String	e404b6afb7796e6692a8	455	631	1097	266
METHOD_ENTRY	org.springframework.cglib.util.ParallelSorter#len():int	7075e29602abab583c09	413	1138	1562	184
METHOD_ENTRY	org.springframework.cglib.util.ParallelSorter#create(Object[]):ParallelSorter	06124a5353f00135221d	413	1154	1578	308
METHOD_EXIT	org.springframework.cglib.util.ParallelSorter#quickSort(int):void	d9f287d30d1d78e8f499	455	1157	1623	229
METHOD_EXIT	org.springframework.cglib.util.ParallelSorter#create(Object[]):ParallelSorter	53a57701e9c30c411156	455	1232	1698	305
METHOD_ENTRY	org.springframework.aot.generate.DefaultMethodReference#instantiateDeclaringClass(ClassName):CodeBlock	9d4ca71bc9ea79e55036	413	590	1014	289
METHOD_ENTRY	org.springframework.cglib.util.ParallelSorter#quickSort(int):void	b2f7970e12235df82959	413	1146	1570	277
METHOD_EXIT	org.springframework.cglib.util.ParallelSorter#len():int	cd4dcf58f903e9f5a5f9	455	1212	1678	317
METHOD_EXIT	org.springframework.cglib.util.ParallelSorter#quickSort(int,Comparator):void	53700cf65f162a5754ce	455	1167	1633	311
METHOD_EXIT	org.springframework.cglib.util.ParallelSorter#quickSort(int,int,int):void	a8f9ae57b8d3f69faa97	455	1174	1640	259
METHOD_ENTRY	org.springframework.cglib.util.ParallelSorter#quickSort(int,Comparator):void	28de428cb76c6a23f052	413	1156	1580	256
METHOD_ENTRY	org.springframework.cglib.util.ParallelSorter#quickSort(int,int,int):void	bf30048a804cfe313c3c	413	1163	1587	235
METHOD_ENTRY	org.springframework.cglib.util.ParallelSorter#quickSort(int,int,int,Comparator):void	7bd7d469f346703d7703	413	1180	1604	227
METHOD_ENTRY	org.springframework.cglib.util.ParallelSorter#mergeSort(int):void	6758bf2bf19111a79879	413	1146	1570	243
METHOD_ENTRY	org.springframework.cglib.util.ParallelSorter#mergeSort(int,int,int):void	16cf89d075c11ca84836	413	1163	1587	283
METHOD_EXIT	org.springframework.cglib.util.ParallelSorter#mergeSort(int,int,int):void	f6494424485972ab185e	455	1174	1640	259
METHOD_ENTRY	org.springframework.cglib.util.ParallelSorter#mergeSort(int,Comparator):void	c34ffa4d0bb2aee8915a	413	1156	1580	183
METHOD_ENTRY	org.springframework.cglib.util.ParallelSorter#mergeSort(int,int,int,Comparator):void	3874126c85fdd773da62	413	1180	1604	265
METHOD_EXIT	org.springframework.cglib.util.ParallelSorter#quickSort(int,int,int,Comparator):void	77f6629308b561a9c39f	455	1191	1657	310
METHOD_EXIT	org.springframework.cglib.util.ParallelSorter#mergeSort(int,int,int,Comparator):void	ecbf174110632e570b6b	455	1191	1657	269
METHOD_ENTRY	org.springframework.cglib.util.ParallelSorter#chooseComparer(int,Comparator):void	4cc9a9eb8b1711d2d4e6	413	1333	1757	228
METHOD_ENTRY	org.springframework.cglib.util.ParallelSorter#compare(int,int):int	2e016033c765a1ba0540	413	1152	1576	230
METHOD_EXIT	org.springframework.cglib.util.ParallelSorter#chooseComparer(int,Comparator):void	e0f116cefc074a7a53ef	455	1344	1810	251
METHOD_EXIT	org.springframework.cglib.util.ParallelSorter#compare(int,int):int	8487581e8a13766551f9	455	1229	1695	262
METHOD_EXIT	org.springframework.cglib.util.ParallelSorter#mergeSort(int):void	f104335bbdb02fecc139	455	1157	1623	298
METHOD_EXIT	org.springframework.cglib.util.ParallelSorter#mergeSort(int,Comparator):void	d00dac96fd225263f144	455	1167	1633	268
METHOD_ENTRY	org.springframework.cglib.util.ParallelSorter#compare(int,int):int	2e016033c765a1ba0540	413	1152	1576	230
METHOD_EXIT	org.springframework.cglib.util.ParallelSorter#compare(int,int):int	8487581e8a13766551f9	455	1229	1695	262
METHOD_EXIT	org.springframework.cglib.util.ParallelSorter#compare(int,int):int	8487581e8a13766551f9	455	1229	1695	262
METHOD_ENTRY	org.springframework.cglib.util.ParallelSorter#compare(int,int):int	2e016033c765a1ba0540	413	1152	1576	230
METHOD_EXIT	org.springframework.cglib.util.ParallelSorter#compare(int,int):int	8487581e8a13766551f9	455	1229	1695	262
METHOD_ENTRY	org.springframework.cglib.util.ParallelSorter#compare(int,int):int	2e016033c765a1ba0540	413	1152	1576	230
METHOD_EXIT	org.springframework.cglib.util.ParallelSorter#compare(int,int):int	8487581e8a13766551f9	455	1229	1695	262
METHOD_ENTRY	org.springframework.cglib.util.ParallelSorter#compare(int,int):int	2e016033c765a1ba0540	413	1152	1576	230
METHOD_ENTRY	org.springframework.cglib.util.ParallelSorter#compare(int,int):int	2e016033c765a1ba0540	413	1152	1576	230
METHOD_EXIT	org.springframework.cglib.util.ParallelSorter#compare(int,int):int	8487581e8a13766551f9	455	1229	1695	262
METHOD_ENTRY	org.springframework.cglib.util.ParallelSorter#compare(int,int):int	2e016033c765a1ba0540	413	1152	1576	230
METHOD_EXIT	org.springframework.cglib.util.ParallelSorter#compare(int,int):int	8487581e8a13766551f9	455	1229	1695	262
METHOD_ENTRY	org.springframework.cglib.util.ParallelSorter#compare(int,int):int	2e016033c765a1ba0540	413	1152	1576	230
METHOD_EXIT	org.springframework.cglib.util.ParallelSorter#compare(int,int):int	8487581e8a13766551f9	455	1229	1695	262
METHOD_ENTRY	org.springframework.cglib.util.ParallelSorter#getDefaultClassLoader():ClassLoader	6efdf131c3facd4666ab	413	1144	1568	48
METHOD_ENTRY	org.springframework.cglib.util.ParallelSorter#setArrays(Object[]):void	1c605c3cbf572264429f	413	1141	1565	224
METHOD_EXIT	org.springframework.cglib.util.ParallelSorter#getDefaultClassLoader():ClassLoader	37cf2dc123338e104415	455	1219	1685	55
METHOD_ENTRY	org.springframework.cglib.util.ParallelSorter#create():ParallelSorter	cea0e534970789321830	413	1143	1567	61
METHOD_EXIT	org.springframework.cglib.util.ParallelSorter#setArrays(Object[]):void	2b4ef3a6aeccc52d1f66	455	1152	1618	262
METHOD_EXIT	org.springframework.cglib.util.ParallelSorter#compare(int,int):int	8487581e8a13766551f9	455	1229	1695	262
METHOD_ENTRY	org.springframework.cglib.util.ParallelSorter#compare(int,int):int	2e016033c765a1ba0540	413	1152	1576	230
METHOD_ENTRY	org.springframework.cglib.util.ParallelSorter#generateClass(ClassVisitor):void	a81768d7952a63a09fe7	413	1221	1645	230
METHOD_ENTRY	org.springframework.cglib.util.ParallelSorter#firstInstance(Class):Object	1387e5fe84a1c596e729	413	1154	1578	289
METHOD_EXIT	org.springframework.cglib.util.ParallelSorter#firstInstance(Class):Object	ad75ecb783912c4e0209	455	1231	1697	326
METHOD_EXIT	org.springframework.cglib.util.ParallelSorter#generateClass(ClassVisitor):void	f190d5257423a4603659	455	1232	1698	234
METHOD_ENTRY	org.springframework.cglib.util.ParallelSorter#nextInstance(Object):Object	afced297b6cd14438932	413	1150	1574	156
METHOD_EXIT	org.springframework.cglib.util.ObjectComparer#compare(int,int):int	0ac72f307ea7cab07842	455	476	942	200
METHOD_EXIT	org.springframework.cglib.util.ParallelSorter#create():ParallelSorter	71caca037759e9167b9b	455	1218	1684	194
METHOD_ENTRY	org.springframework.cglib.util.ObjectComparer#compare(int,int):int	90cbf3b354ba6b16bb96	413	399	823	65
METHOD_ENTRY	org.springframework.cglib.util.IntComparer#compare(int,int):int	e83b5aedc75211b35313	413	399	823	52
METHOD_EXIT	org.springframework.cglib.util.ComparatorComparer#compare(int,int):int	dc796a7dffff672fb0b8	455	476	942	216
METHOD_EXIT	org.springframework.cglib.util.IntComparer#compare(int,int):int	116dce7e05ea07e8a465	455	476	942	290
METHOD_EXIT	org.springframework.cglib.util.ParallelSorter#nextInstance(Object):Object	0eabcd92f8ad82d00851	455	1227	1693	298
METHOD_ENTRY	org.springframework.cglib.util.LongComparer#compare(int,int):int	b5ae27c9cb9e553449c9	413	399	823	42
METHOD_ENTRY	org.springframework.cglib.util.ComparatorComparer#compare(int,int):int	f81585a39b2fa46c143b	413	399	823	216
METHOD_EXIT	org.springframework.cglib.util.FloatComparer#compare(int,int):int	f1020badb6d3381628cc	455	476	942	269
METHOD_ENTRY	org.springframework.cglib.util.FloatComparer#compare(int,int):int	b1c5d39246b29348d474	413	399	823	124
METHOD_ENTRY	org.springframework.cglib.util.DoubleComparer#compare(int,int):int	0e70ca8096f5c9667f36	413	399	823	198
METHOD_EXIT	org.springframework.cglib.util.DoubleComparer#compare(int,int):int	5c10d36fe4c305b27c00	455	476	942	259
METHOD_EXIT	org.springframework.cglib.util.ShortComparer#compare(int,int):int	e884807cbe6a0a234c65	455	476	942	304
METHOD_EXIT	org.springframework.cglib.util.LongComparer#compare(int,int):int	005df4954a6bd2ec83a2	455	476	942	265
METHOD_EXIT	org.springframework.cglib.util.ByteComparer#compare(int,int):int	34cdc9ce8c410aaa3503	455	476	942	275
METHOD_ENTRY	org.springframework.cglib.util.Generator#getDefaultClassLoader():ClassLoader	92e6a675500747c45034	413	391	815	5
METHOD_ENTRY	org.springframework.cglib.util.Generator#setArrays(Object[]):void	cbacd228da7d8575cb69	413	388	812	72
METHOD_EXIT	org.springframework.cglib.util.Generator#setArrays(Object[]):void	95943ca8eb77cb296a50	455	399	865	136
METHOD_EXIT	org.springframework.cglib.util.Generator#getDefaultClassLoader():ClassLoader	901143b924b3fb42867d	455	466	932	47
METHOD_ENTRY	org.springframework.cglib.util.ByteComparer#compare(int,int):int	30826440c0677e141b12	413	399	823	298
METHOD_ENTRY	org.springframework.cglib.util.ShortComparer#compare(int,int):int	37e4b0192291132be553	413	399	823	240
METHOD_EXIT	org.springframework.cglib.util.Generator#create():ParallelSorter	96ebe9638f21473a8f08	455	465	931	215
METHOD_ENTRY	org.springframework.cglib.util.Generator#generateClass(ClassVisitor):void	12aa372fc23208b142cd	413	468	892	237
METHOD_EXIT	org.springframework.cglib.util.Generator#generateClass(ClassVisitor):void	2f7dac0a353da48580da	455	479	945	209
METHOD_ENTRY	org.springframework.cglib.util.Generator#firstInstance(Class):Object	a5237489ca19cf4bdabf	413	401	825	228
METHOD_ENTRY	org.springframework.cglib.util.Generator#create():ParallelSorter	c0458976220fd3d0690b	413	390	814	5
METHOD_EXIT	org.springframework.cglib.util.Generator#firstInstance(Class):Object	3581a0ba99d7b7a083ee	455	478	944	237
METHOD_ENTRY	org.springframework.cglib.util.StringSwitcher#create(String[],int[],boolean):StringSwitcher	4ec46090f1e2ee605446	413	705	1129	253
METHOD_EXIT	org.springframework.cglib.util.StringSwitcher#create(String[],int[],boolean):StringSwitcher	a46dd23fee6b86435eca	455	783	1249	287
METHOD_ENTRY	org.springframework.cglib.util.StringSwitcher#setStrings(String[]):void	5102738df2c60ca1be4b	413	654	1078	266
METHOD_EXIT	org.springframework.cglib.util.Generator#nextInstance(Object):Object	a860846e63a57631b6ff	455	474	940	124
METHOD_EXIT	org.springframework.cglib.util.StringSwitcher#setStrings(String[]):void	ab09c7863eb9eaad83c3	455	665	1131	163
METHOD_ENTRY	org.springframework.cglib.util.Generator#nextInstance(Object):Object	990d7d46241308ac5a21	413	397	821	103
METHOD_EXIT	org.springframework.cglib.util.StringSwitcher#setInts(int[]):void	9919b232480d997e62c6	455	665	1131	329
METHOD_ENTRY	org.springframework.cglib.util.StringSwitcher#setFixedInput(boolean):void	6dd67f3630b5c8de10a0	413	658	1082	56
METHOD_ENTRY	org.springframework.cglib.util.StringSwitcher#getDefaultClassLoader():ClassLoader	8fffb2e6919518739759	413	659	1083	103
METHOD_EXIT	org.springframework.cglib.util.StringSwitcher#setFixedInput(boolean):void	b3f5b03641bd8254aa65	455	669	1135	86
METHOD_ENTRY	org.springframework.cglib.util.StringSwitcher#create():StringSwitcher	8c1398f02902325f9a57	413	676	1100	5
METHOD_ENTRY	org.springframework.cglib.util.StringSwitcher#setInts(int[]):void	91052c5f1587f16243a0	413	654	1078	308
METHOD_ENTRY	org.springframework.cglib.util.StringSwitcher#generateClass(ClassVisitor):void	f7b92459598e90f25000	413	886	1310	228
METHOD_ENTRY	org.springframework.cglib.util.StringSwitcher#processCase(Object,Label):void	ef543baae7d85025a299	413	633	1057	38
METHOD_EXIT	org.springframework.cglib.util.StringSwitcher#generateClass(ClassVisitor):void	d0a5641d3ee91735fa09	455	897	1363	250
METHOD_EXIT	org.springframework.cglib.util.StringSwitcher#processCase(Object,Label):void	23db51f5a61bf6dab3d5	455	644	1110	53
METHOD_EXIT	org.springframework.cglib.util.StringSwitcher#create():StringSwitcher	9bbaa17953fd8b844973	455	751	1217	280
METHOD_ENTRY	org.springframework.cglib.util.StringSwitcher#processDefault():void	398bed4577316d3a843c	413	630	1054	150
METHOD_ENTRY	org.springframework.cglib.util.StringSwitcher#firstInstance(Class):Object	c0df18437415f6030a6f	413	658	1082	230
METHOD_EXIT	org.springframework.cglib.util.StringSwitcher#firstInstance(Class):Object	e990b533426de30ff3da	455	735	1201	216
METHOD_EXIT	org.springframework.cglib.util.StringSwitcher#nextInstance(Object):Object	27e8673bedf5806f973f	455	731	1197	116
METHOD_EXIT	org.springframework.cglib.util.StringSwitcher#getDefaultClassLoader():ClassLoader	d6514b4949522e63a2ce	455	734	1200	192
METHOD_ENTRY	org.springframework.cglib.util.Generator#setInts(int[]):void	ae4c143d4e75b51543c0	413	388	812	106
METHOD_ENTRY	org.springframework.cglib.util.Generator#setStrings(String[]):void	164789f3e352c893793d	413	388	812	119
METHOD_EXIT	org.springframework.cglib.util.Generator#setStrings(String[]):void	0791028752b81869b306	455	399	865	183
METHOD_ENTRY	org.springframework.cglib.util.StringSwitcher#nextInstance(Object):Object	ea41e67f99cdcfe047f0	413	654	1078	230
METHOD_ENTRY	org.springframework.cglib.util.Generator#setFixedInput(boolean):void	501ec4aabcc09796d39b	413	392	816	64
METHOD_EXIT	org.springframework.cglib.util.Generator#setFixedInput(boolean):void	6d84e0d9943c89f8a174	455	403	869	54
METHOD_EXIT	org.springframework.cglib.util.StringSwitcher#processDefault():void	d1a7517e77f1b00efe4a	455	641	1107	60
METHOD_EXIT	org.springframework.cglib.util.Generator#setInts(int[]):void	dbb5a68766932d65986d	455	399	865	173
METHOD_ENTRY	org.springframework.cglib.util.Generator#getDefaultClassLoader():ClassLoader	4b8292f8c93756d21dd5	413	393	817	112
METHOD_ENTRY	org.springframework.cglib.util.Generator#create():StringSwitcher	029144ff5467379acfb3	413	410	834	5
METHOD_EXIT	org.springframework.cglib.util.Generator#create():StringSwitcher	5cab74f35693bd47eda8	455	485	951	211
METHOD_ENTRY	org.springframework.cglib.util.Generator#generateClass(ClassVisitor):void	58225db92b8f9910606c	413	620	1044	87
METHOD_ENTRY	org.springframework.cglib.util.Generator#processCase(Object,Label):void	90a0cd8863a932bae667	413	370	794	5
METHOD_EXIT	org.springframework.cglib.util.Generator#generateClass(ClassVisitor):void	866a10dfae8fa1d68356	455	631	1097	236
METHOD_EXIT	org.springframework.cglib.util.Generator#processCase(Object,Label):void	0eba8894adb970317600	455	381	847	5
METHOD_ENTRY	org.springframework.cglib.util.Generator#processDefault():void	a2347733c03286b44ae9	413	367	791	5
METHOD_EXIT	org.springframework.cglib.util.Generator#processDefault():void	5d4fc69c687e9cea175f	455	378	844	5
METHOD_ENTRY	org.springframework.cglib.util.Generator#firstInstance(Class):Object	21d305aa1f13cb7f617c	413	392	816	279
METHOD_EXIT	org.springframework.cglib.util.Generator#firstInstance(Class):Object	8e3de3aaa25689bddc35	455	469	935	271
METHOD_ENTRY	org.springframework.cglib.util.Generator#nextInstance(Object):Object	fd4640029f1ea388c849	413	388	812	73
METHOD_ENTRY	org.springframework.cglib.util.ParallelSorterEmitter#generateConstructor(Object[]):void	df6f7d1dbae6af94dfce	413	616	1040	286
METHOD_EXIT	org.springframework.cglib.util.ParallelSorterEmitter#getFieldName(int):String	f16a3f51cc6e0e4f3ce5	455	550	1016	325
METHOD_ENTRY	org.springframework.cglib.util.ParallelSorterEmitter#getFieldName(int):String	0e1e365146a5d61e10a4	413	473	897	107
METHOD_EXIT	org.springframework.cglib.util.ParallelSorterEmitter#generateConstructor(Object[]):void	0796c8b6451bd5c08d53	455	627	1093	283
METHOD_ENTRY	org.springframework.cglib.util.ParallelSorterEmitter#generateSwap(Object[]):void	f38cb6bd63381c6edb8e	413	641	1065	295
METHOD_EXIT	org.springframework.cglib.util.ParallelSorterEmitter#generateSwap(Object[]):void	06acb1ce7fc7f8403b49	455	652	1118	306
METHOD_ENTRY	org.springframework.cglib.util.SorterTemplate#quickSort(int,int):void	579bd7a6df56c345b8cf	413	566	990	228
METHOD_EXIT	org.springframework.cglib.util.SorterTemplate#quickSort(int,int):void	715aae485587180d43bd	455	577	1043	302
METHOD_EXIT	org.springframework.cglib.util.Generator#nextInstance(Object):Object	c379e6e37ecefc9c7e6b	455	465	931	59
METHOD_ENTRY	org.springframework.cglib.util.SorterTemplate#quickSortHelper(int,int):void	53feb4fb652a0e1b8bb0	413	812	1236	208
METHOD_EXIT	org.springframework.cglib.util.SorterTemplate#quickSortHelper(int,int):void	85676262aaaaf33ab999	455	823	1289	368
METHOD_ENTRY	org.springframework.cglib.util.SorterTemplate#insertionSort(int,int):void	0c2ee31a731296ed5d9a	413	623	1047	212
METHOD_EXIT	org.springframework.cglib.util.SorterTemplate#insertionSort(int,int):void	5512f442cb38ec35d18e	455	634	1100	297
METHOD_ENTRY	org.springframework.cglib.util.SorterTemplate#mergeSort(int,int):void	58a74412d801c0e199bd	413	623	1047	227
METHOD_EXIT	org.springframework.cglib.util.SorterTemplate#mergeSort(int,int):void	5b1f1ec635d9ab017458	455	634	1100	356
METHOD_EXIT	org.springframework.cglib.util.Generator#getDefaultClassLoader():ClassLoader	4c846ba531d90122d786	455	468	934	140
METHOD_EXIT	org.springframework.cglib.util.SorterTemplate#merge(int,int,int,int,int):void	b5c7744ee3cb941f6224	455	825	1291	328
METHOD_EXIT	org.springframework.cglib.util.SorterTemplate#rotate(int,int,int):void	19a0fe5676a9e046759a	455	662	1128	296
METHOD_ENTRY	org.springframework.cglib.util.SorterTemplate#rotate(int,int,int):void	dc4b688502f64ec298d5	413	651	1075	221
METHOD_ENTRY	org.springframework.cglib.util.SorterTemplate#lower(int,int,int):int	63dbe380571bb1ac545e	413	639	1063	279
METHOD_EXIT	org.springframework.cglib.util.SorterTemplate#lower(int,int,int):int	81a3e1080dff659e542f	455	716	1182	268
METHOD_ENTRY	org.springframework.cglib.util.SorterTemplate#upper(int,int,int):int	3bf73031178514b75f56	413	639	1063	266
METHOD_ENTRY	org.springframework.cglib.util.SorterTemplate#merge(int,int,int,int,int):void	6fc0534135f25c300eba	413	814	1238	334
METHOD_ENTRY	org.springframework.cglib.reflect.MulticastDelegate#getTargets():List	20e064e7db16f92c6d09	413	472	896	209
METHOD_EXIT	org.springframework.cglib.reflect.MulticastDelegate#getTargets():List	5d5494961a9843b12700	455	546	1012	296
METHOD_ENTRY	org.springframework.cglib.reflect.MulticastDelegate#addHelper(Object):MulticastDelegate	b58b15b2a646f88e0f1d	413	525	949	315
METHOD_EXIT	org.springframework.cglib.reflect.MulticastDelegate#addHelper(Object):MulticastDelegate	996c7e8e9145ac597d8a	455	604	1070	238
METHOD_ENTRY	org.springframework.cglib.reflect.MulticastDelegate#remove(Object):MulticastDelegate	a93451de0a5bd02c505f	413	574	998	264
METHOD_EXIT	org.springframework.cglib.reflect.MulticastDelegate#remove(Object):MulticastDelegate	64c19067af6f856d05af	455	653	1119	315
METHOD_EXIT	org.springframework.cglib.reflect.MulticastDelegate#create(Class):MulticastDelegate	27d50909226046237631	455	567	1033	315
METHOD_ENTRY	org.springframework.cglib.reflect.MulticastDelegate#getDefaultClassLoader():ClassLoader	5e810ae2b12666603b20	413	477	901	92
METHOD_EXIT	org.springframework.cglib.reflect.MulticastDelegate#getDefaultClassLoader():ClassLoader	e36bfcd4aee94b2fbc82	455	552	1018	147
METHOD_EXIT	org.springframework.cglib.util.SorterTemplate#upper(int,int,int):int	22d4b82626d53f7da33e	455	716	1182	241
METHOD_ENTRY	org.springframework.cglib.reflect.MulticastDelegate#getProtectionDomain():ProtectionDomain	954dab2d62011b8fbe8e	413	478	902	126
METHOD_ENTRY	org.springframework.cglib.reflect.MulticastDelegate#setInterface(Class):void	e3431d6f499cad5ef926	413	473	897	75
METHOD_EXIT	org.springframework.cglib.reflect.MulticastDelegate#getProtectionDomain():ProtectionDomain	090d8b93cb93ba60b36d	455	553	1019	156
METHOD_EXIT	org.springframework.cglib.reflect.MulticastDelegate#setInterface(Class):void	39c46aa6f48945f169bb	455	484	950	117
METHOD_ENTRY	org.springframework.cglib.reflect.MulticastDelegate#create():MulticastDelegate	1bafa53fd9607a8a7d9c	413	489	913	66
METHOD_ENTRY	org.springframework.cglib.reflect.MulticastDelegate#create(Class):MulticastDelegate	796ebf732837f02834cc	413	488	912	212
METHOD_ENTRY	org.springframework.cglib.reflect.MulticastDelegate#emitProxy(ClassEmitter,MethodInfo):void	2575fe6fab5a0a7b1c9d	413	705	1129	238
METHOD_EXIT	org.springframework.cglib.reflect.MulticastDelegate#emitProxy(ClassEmitter,MethodInfo):void	57604e996e5e24ffd347	455	716	1182	302
METHOD_EXIT	org.springframework.cglib.reflect.MulticastDelegate#generateClass(ClassVisitor):void	e7f8a299ed9da5bcc2b2	455	733	1199	265
METHOD_EXIT	org.springframework.cglib.reflect.MulticastDelegate#create():MulticastDelegate	54b3d49e14ddef89ea38	455	565	1031	304
METHOD_EXIT	org.springframework.cglib.reflect.MulticastDelegate#firstInstance(Class):Object	24ed394f9deefba629d7	455	582	1048	280
METHOD_ENTRY	org.springframework.cglib.reflect.Generator#getDefaultClassLoader():ClassLoader	b563ca3b55e91a90f0ec	413	391	815	82
METHOD_EXIT	org.springframework.cglib.reflect.Generator#getDefaultClassLoader():ClassLoader	3c5da19707912b95b927	455	466	932	136
METHOD_ENTRY	org.springframework.cglib.reflect.Generator#getProtectionDomain():ProtectionDomain	663f502e3e36665e0c81	413	392	816	153
METHOD_ENTRY	org.springframework.cglib.reflect.MulticastDelegate#generateClass(ClassVisitor):void	c774d986ac17224afa74	413	722	1146	296
METHOD_EXIT	org.springframework.cglib.reflect.MulticastDelegate#nextInstance(Object):Object	cb0870bf713893434b25	455	559	1025	207
METHOD_EXIT	org.springframework.cglib.reflect.Generator#getProtectionDomain():ProtectionDomain	9c09324aaa21b691a028	455	467	933	156
METHOD_ENTRY	org.springframework.cglib.reflect.Generator#setInterface(Class):void	04c5d656e88a0d795f5d	413	387	811	63
METHOD_ENTRY	org.springframework.cglib.reflect.MulticastDelegate#firstInstance(Class):Object	3c5e99d1503a2fd2d91e	413	505	929	302
METHOD_EXIT	org.springframework.cglib.reflect.Generator#setInterface(Class):void	37f1992c38179db76006	455	398	864	282
METHOD_ENTRY	org.springframework.cglib.reflect.Generator#create():MulticastDelegate	f888c58d949bb882d3d9	413	403	827	5
METHOD_ENTRY	org.springframework.cglib.reflect.MulticastDelegate#nextInstance(Object):Object	c50edaadf5bae6102849	413	482	906	106
METHOD_ENTRY	org.springframework.cglib.reflect.Generator#generateClass(ClassVisitor):void	4348f00830ad89be26df	413	636	1060	247
METHOD_EXIT	org.springframework.cglib.reflect.Generator#generateClass(ClassVisitor):void	08ac98ffedd1f7ec4ad2	455	647	1113	249
METHOD_ENTRY	org.springframework.cglib.reflect.Generator#emitProxy(ClassEmitter,MethodInfo):void	2a70c213478d6f81b925	413	619	1043	233
METHOD_EXIT	org.springframework.cglib.reflect.Generator#emitProxy(ClassEmitter,MethodInfo):void	6041f9412972add6f5b2	455	630	1096	269
METHOD_ENTRY	org.springframework.cglib.reflect.Generator#firstInstance(Class):Object	e9332aeb10e1faa7918a	413	419	843	311
METHOD_EXIT	org.springframework.cglib.reflect.Generator#create():MulticastDelegate	2a41d0a18f7bbdf80e27	455	479	945	130
METHOD_EXIT	org.springframework.cglib.reflect.Generator#firstInstance(Class):Object	1200971d8b1619877ed9	455	496	962	357
METHOD_EXIT	org.springframework.cglib.reflect.Generator#nextInstance(Object):Object	60f3ae9217d257ff194f	455	473	939	274
METHOD_ENTRY	org.springframework.cglib.reflect.ConstructorDelegate#create(Class,Class):ConstructorDelegate	e6e1fb0778c3533fa8d5	413	492	916	236
METHOD_EXIT	org.springframework.cglib.reflect.ConstructorDelegate#create(Class,Class):ConstructorDelegate	567ae82715f15a027f92	455	570	1036	259
METHOD_ENTRY	org.springframework.cglib.reflect.ConstructorDelegate#setInterface(Class):void	91fd9819bca352d2bc76	413	459	883	155
METHOD_EXIT	org.springframework.cglib.reflect.ConstructorDelegate#setInterface(Class):void	64b67bc541e8a06da372	455	470	936	117
METHOD_ENTRY	org.springframework.cglib.reflect.Generator#nextInstance(Object):Object	5931c42227103f523919	413	396	820	163
METHOD_ENTRY	org.springframework.cglib.reflect.ConstructorDelegate#create():ConstructorDelegate	d3f4118b6effadc32c51	413	484	908	5
METHOD_EXIT	org.springframework.cglib.reflect.ConstructorDelegate#setTargetClass(Class):void	33efe5d6918080d782c1	455	475	941	53
METHOD_EXIT	org.springframework.cglib.reflect.ConstructorDelegate#create():ConstructorDelegate	97c4c341ab629e6def00	455	559	1025	265
METHOD_ENTRY	org.springframework.cglib.reflect.ConstructorDelegate#getDefaultClassLoader():ClassLoader	23161a724323473f9196	413	464	888	276
METHOD_EXIT	org.springframework.cglib.reflect.ConstructorDelegate#getDefaultClassLoader():ClassLoader	17ea9bbb61803e351015	455	539	1005	244
METHOD_ENTRY	org.springframework.cglib.reflect.ConstructorDelegate#setTargetClass(Class):void	7931329783dbfcfba4fd	413	464	888	194
METHOD_ENTRY	org.springframework.cglib.reflect.ConstructorDelegate#getProtectionDomain():ProtectionDomain	1e792e699b8a71935a38	413	464	888	216
METHOD_ENTRY	org.springframework.cglib.reflect.ConstructorDelegate#generateClass(ClassVisitor):void	b9f5bbfb7a7e677b4505	413	749	1173	252
METHOD_EXIT	org.springframework.cglib.reflect.ConstructorDelegate#generateClass(ClassVisitor):void	5fa0ae318a4075da17e3	455	760	1226	234
METHOD_ENTRY	org.springframework.cglib.reflect.ConstructorDelegate#firstInstance(Class):Object	ac4e2099a7d0e719e5c2	413	464	888	239
METHOD_EXIT	org.springframework.cglib.reflect.ConstructorDelegate#firstInstance(Class):Object	245b0db93d1cccd23da1	455	541	1007	267
METHOD_ENTRY	org.springframework.cglib.reflect.Generator#setInterface(Class):void	04c5d656e88a0d795f5d	413	387	811	63
METHOD_EXIT	org.springframework.cglib.reflect.Generator#setInterface(Class):void	37f1992c38179db76006	455	398	864	282
METHOD_ENTRY	org.springframework.cglib.reflect.ConstructorDelegate#nextInstance(Object):Object	636b9ea186f622c58c7c	413	460	884	112
METHOD_EXIT	org.springframework.cglib.reflect.ConstructorDelegate#getProtectionDomain():ProtectionDomain	8bf6b47abedeb68ea428	455	539	1005	279
METHOD_ENTRY	org.springframework.cglib.reflect.Generator#setTargetClass(Class):void	0dfa5bcb2160a852f8ee	413	392	816	158
METHOD_EXIT	org.springframework.cglib.reflect.Generator#setTargetClass(Class):void	84caf8f5c63f69204842	455	403	869	121
METHOD_ENTRY	org.springframework.cglib.reflect.Generator#create():ConstructorDelegate	84351a67db47fbaee111	413	412	836	5
METHOD_EXIT	org.springframework.cglib.reflect.ConstructorDelegate#nextInstance(Object):Object	3a62059bb810a4e8421f	455	537	1003	159
METHOD_ENTRY	org.springframework.cglib.reflect.Generator#getDefaultClassLoader():ClassLoader	c0d825a218018c06e873	413	392	816	121
METHOD_EXIT	org.springframework.cglib.reflect.Generator#getDefaultClassLoader():ClassLoader	daa74ab8992ea5f25554	455	467	933	132
METHOD_ENTRY	org.springframework.cglib.reflect.Generator#getProtectionDomain():ProtectionDomain	504cae265bb76a41e370	413	392	816	244
METHOD_ENTRY	org.springframework.cglib.reflect.Generator#generateClass(ClassVisitor):void	7d9529f731f26b7fe089	413	677	1101	59
METHOD_EXIT	org.springframework.cglib.reflect.Generator#generateClass(ClassVisitor):void	fea9e587454ca55ebe4e	455	688	1154	312
METHOD_EXIT	org.springframework.cglib.reflect.Generator#getProtectionDomain():ProtectionDomain	dbb72ccbb18f9cfe58eb	455	467	933	149
METHOD_EXIT	org.springframework.cglib.reflect.Generator#firstInstance(Class):Object	50c1a884ff81677afa02	455	469	935	174
METHOD_EXIT	org.springframework.cglib.reflect.Generator#create():ConstructorDelegate	1c49328c4b729c943685	455	487	953	182
METHOD_ENTRY	org.springframework.cglib.reflect.Generator#nextInstance(Object):Object	1d1445742321883cc45e	413	388	812	99
METHOD_ENTRY	org.springframework.cglib.reflect.FastConstructor#getParameterTypes():Class[]	6035cdcb62946a9a2bd8	413	453	877	153
METHOD_ENTRY	org.springframework.cglib.reflect.Generator#firstInstance(Class):Object	1f9dd1b0d29fbb37989c	413	392	816	232
METHOD_EXIT	org.springframework.cglib.reflect.Generator#nextInstance(Object):Object	280eb7208703ec7bc1df	455	465	931	146
METHOD_EXIT	org.springframework.cglib.reflect.FastConstructor#getParameterTypes():Class[]	0050b8cf57615aa794d3	455	527	993	126
METHOD_EXIT	org.springframework.cglib.reflect.FastConstructor#newInstance():Object	04ba53f8c9f0da4ccc38	455	524	990	155
METHOD_EXIT	org.springframework.cglib.reflect.FastConstructor#getJavaConstructor():Constructor	4ce19c534cff7515d2ab	455	519	985	292
METHOD_ENTRY	org.springframework.cglib.reflect.FastConstructor#getExceptionTypes():Class[]	cd23f648d9b104396813	413	453	877	239
METHOD_ENTRY	org.springframework.cglib.reflect.FastConstructor#newInstance(Object[]):Object	bcc2c722d7f2d6a4b9e7	413	456	880	272
METHOD_EXIT	org.springframework.cglib.reflect.FastConstructor#getExceptionTypes():Class[]	b1dbfb848bb7c220fa82	455	527	993	268
METHOD_EXIT	org.springframework.cglib.reflect.FastConstructor#newInstance(Object[]):Object	922bfe164854444ee091	455	533	999	303
METHOD_ENTRY	org.springframework.cglib.reflect.FastConstructor#getJavaConstructor():Constructor	4e19f902483a8e8cdb31	413	445	869	112
METHOD_ENTRY	org.springframework.cglib.reflect.MethodDelegate#createStatic(Class,String,Class):MethodDelegate	fe5f01bb23d63fc412f0	413	1286	1710	204
METHOD_EXIT	org.springframework.cglib.reflect.MethodDelegate#createStatic(Class,String,Class):MethodDelegate	209276652fe91058c8ba	455	1364	1830	216
METHOD_EXIT	org.springframework.cglib.reflect.MethodDelegate#create(Object,String,Class):MethodDelegate	0147c0bb20de1ca745d1	455	1358	1824	266
METHOD_ENTRY	org.springframework.cglib.reflect.MethodDelegate#equals(Object):boolean	ff7dbf2d819288dca8a7	413	1257	1681	178
METHOD_ENTRY	org.springframework.cglib.reflect.MethodDelegate#create(Object,String,Class):MethodDelegate	8e634406ded084364734	413	1280	1704	241
METHOD_ENTRY	org.springframework.cglib.reflect.MethodDelegate#hashCode():int	d6d51aac3965531832ef	413	1236	1660	179
METHOD_ENTRY	org.springframework.cglib.reflect.FastConstructor#newInstance():Object	2ce74449e2a7355761b9	413	450	874	196
METHOD_EXIT	org.springframework.cglib.reflect.MethodDelegate#hashCode():int	da9af42ee81c5dbfd5d4	455	1310	1776	373
METHOD_ENTRY	org.springframework.cglib.reflect.MethodDelegate#getTarget():Object	875d31dd0957d51d7c37	413	1224	1648	66
METHOD_EXIT	org.springframework.cglib.reflect.MethodDelegate#getTarget():Object	c9b643fe4225ea7427e7	455	1298	1764	284
METHOD_ENTRY	org.springframework.cglib.reflect.MethodDelegate#setTarget(Object):void	4510d3f1b377106a7bab	413	1240	1664	229
METHOD_ENTRY	org.springframework.cglib.reflect.MethodDelegate#setTargetClass(Class):void	2f8002b8b65524eb2824	413	1237	1661	256
METHOD_EXIT	org.springframework.cglib.reflect.MethodDelegate#setTargetClass(Class):void	1fc20a37c9d539b5aed8	455	1248	1714	213
METHOD_EXIT	org.springframework.cglib.reflect.MethodDelegate#setTarget(Object):void	7b91ca6fccbda12f2acd	455	1251	1717	238
METHOD_ENTRY	org.springframework.cglib.reflect.MethodDelegate#setMethodName(String):void	f4365066ab964ba27ffa	413	1237	1661	232
METHOD_EXIT	org.springframework.cglib.reflect.MethodDelegate#setInterface(Class):void	a21b381ea39c06fd09ef	455	1243	1709	286
METHOD_ENTRY	org.springframework.cglib.reflect.MethodDelegate#setInterface(Class):void	09b7f1d8fcd2320be783	413	1232	1656	278
METHOD_EXIT	org.springframework.cglib.reflect.MethodDelegate#setMethodName(String):void	0ffb46eeaa0b1f897495	455	1248	1714	263
METHOD_ENTRY	org.springframework.cglib.reflect.MethodDelegate#getDefaultClassLoader():ClassLoader	bae478cfa9ced0fd61e2	413	1237	1661	155
METHOD_EXIT	org.springframework.cglib.reflect.MethodDelegate#equals(Object):boolean	b80ed6503edf5bd2d004	455	1334	1800	337
METHOD_ENTRY	org.springframework.cglib.reflect.MethodDelegate#getProtectionDomain():ProtectionDomain	178052839b547f70134f	413	1237	1661	236
METHOD_EXIT	org.springframework.cglib.reflect.MethodDelegate#getProtectionDomain():ProtectionDomain	27f3003ff4efefb5f78b	455	1312	1778	250
METHOD_ENTRY	org.springframework.cglib.reflect.MethodDelegate#create():MethodDelegate	a79bbc67736b74f41d79	413	1255	1679	173
METHOD_EXIT	org.springframework.cglib.reflect.MethodDelegate#create():MethodDelegate	f9d5051f47af6a1f05d5	455	1330	1796	267
METHOD_ENTRY	org.springframework.cglib.reflect.MethodDelegate#firstInstance(Class):Object	30010e0e5d8c11ea96fa	413	1245	1669	296
METHOD_EXIT	org.springframework.cglib.reflect.MethodDelegate#firstInstance(Class):Object	e30c8652573aa3643df5	455	1322	1788	280
METHOD_EXIT	org.springframework.cglib.reflect.MethodDelegate#nextInstance(Object):Object	868877d2a4f24d0b8263	455	1318	1784	290
METHOD_EXIT	org.springframework.cglib.reflect.MethodDelegate#getDefaultClassLoader():ClassLoader	bad1f4bb10ea8ae5fa45	455	1312	1778	385
METHOD_ENTRY	org.springframework.cglib.reflect.MethodDelegate#nextInstance(Object):Object	9e83e0e4037a9241b5b1	413	1241	1665	162
METHOD_ENTRY	org.springframework.cglib.reflect.Generator#setTarget(Object):void	8fd9c9421402a8c7ded8	413	395	819	97
METHOD_EXIT	org.springframework.cglib.reflect.Generator#setTarget(Object):void	a309d44c1498d06e5458	455	406	872	171
METHOD_ENTRY	org.springframework.cglib.reflect.Generator#setTargetClass(Class):void	0dfa5bcb2160a852f8ee	413	392	816	158
METHOD_ENTRY	org.springframework.cglib.reflect.MethodDelegate#generateClass(ClassVisitor):void	e5cae863ffb2922ce540	413	1753	2177	101
METHOD_EXIT	org.springframework.cglib.reflect.Generator#setTargetClass(Class):void	84caf8f5c63f69204842	455	403	869	121
METHOD_EXIT	org.springframework.cglib.reflect.MethodDelegate#generateClass(ClassVisitor):void	e54f5eb8397bcf9bb130	455	1764	2230	299
METHOD_ENTRY	org.springframework.cglib.reflect.Generator#setMethodName(String):void	7a7176b7b6f8363e5b1b	413	392	816	134
METHOD_EXIT	org.springframework.cglib.reflect.Generator#setInterface(Class):void	37f1992c38179db76006	455	398	864	282
METHOD_ENTRY	org.springframework.cglib.reflect.Generator#getDefaultClassLoader():ClassLoader	f7181e42ff4cb3546b58	413	392	816	97
METHOD_ENTRY	org.springframework.cglib.reflect.Generator#setInterface(Class):void	04c5d656e88a0d795f5d	413	387	811	63
METHOD_ENTRY	org.springframework.cglib.reflect.Generator#create():MethodDelegate	3858af22aff77f6e275e	413	410	834	238
METHOD_EXIT	org.springframework.cglib.reflect.Generator#getProtectionDomain():ProtectionDomain	0c06adaaf28bc90a339f	455	467	933	278
METHOD_EXIT	org.springframework.cglib.reflect.Generator#create():MethodDelegate	ec06b392b9699e1d7647	455	485	951	62
METHOD_EXIT	org.springframework.cglib.reflect.Generator#getDefaultClassLoader():ClassLoader	896b498cef061bad491c	455	467	933	149
METHOD_ENTRY	org.springframework.cglib.reflect.Generator#firstInstance(Class):Object	c80a91e956a72c3ce7e4	413	400	824	264
METHOD_EXIT	org.springframework.cglib.reflect.Generator#setMethodName(String):void	9767cf8c783e6e2df76f	455	403	869	186
METHOD_ENTRY	org.springframework.cglib.reflect.Generator#nextInstance(Object):Object	7d3413b36ac74a2391b6	413	396	820	119
METHOD_EXIT	org.springframework.cglib.reflect.Generator#firstInstance(Class):Object	e6cf4a6511b581ba8934	455	477	943	209
METHOD_EXIT	org.springframework.cglib.reflect.Generator#nextInstance(Object):Object	ef3fe028f21ddd74c26d	455	473	939	300
METHOD_ENTRY	org.springframework.cglib.reflect.Generator#generateClass(ClassVisitor):void	38e68d2d7beaf47c45e0	413	908	1332	256
METHOD_ENTRY	org.springframework.cglib.reflect.Generator#getProtectionDomain():ProtectionDomain	27066d649ffe019e1b6c	413	392	816	126
METHOD_EXIT	org.springframework.cglib.reflect.Generator#generateClass(ClassVisitor):void	d269b7c363343ce9f694	455	919	1385	150
METHOD_ENTRY	org.springframework.cglib.reflect.FastClassEmitter#emitIndexByClassArray(List):void	3cf01bf0bff01db9b843	413	768	1192	294
METHOD_EXIT	org.springframework.cglib.reflect.FastClassEmitter#emitIndexBySignature(List):void	b4af36d067093eabd31e	455	685	1151	288
METHOD_EXIT	org.springframework.cglib.reflect.FastClassEmitter#emitIndexByClassArray(List):void	ca9e2cdeac14564c160d	455	779	1245	282
METHOD_EXIT	org.springframework.cglib.reflect.FastClassEmitter#signatureSwitchHelper(CodeEmitter,List):void	16d558f0d1546f3442ba	455	738	1204	271
METHOD_ENTRY	org.springframework.cglib.reflect.FastClassEmitter#emitIndexBySignature(List):void	8233f3d234d5b92545e4	413	674	1098	232
METHOD_EXIT	org.springframework.cglib.reflect.FastClassEmitter#processCase(Object,Label):void	f0af1db088a9e1a25764	455	637	1103	276
METHOD_EXIT	org.springframework.cglib.reflect.FastClassEmitter#processDefault():void	89f8c102472cab5ab066	455	618	1084	77
METHOD_ENTRY	org.springframework.cglib.reflect.FastClassEmitter#processDefault():void	d72f31ce70e8fc1d7fd3	413	607	1031	5
METHOD_ENTRY	org.springframework.cglib.reflect.FastClassEmitter#invokeSwitchHelper(CodeEmitter,List,int,Type):void	5c43ea3b6a4c5f8aee9a	413	896	1320	212
METHOD_ENTRY	org.springframework.cglib.reflect.FastClassEmitter#signatureSwitchHelper(CodeEmitter,List):void	e7833c497903aa83b09a	413	727	1151	203
METHOD_EXIT	org.springframework.cglib.reflect.FastClassEmitter#invokeSwitchHelper(CodeEmitter,List,int,Type):void	f4c3118c142f44e6e37e	455	907	1373	215
METHOD_EXIT	org.springframework.cglib.reflect.FastClassEmitter#processCase(int,Label):void	07638da6c55d21432fb4	455	595	1061	5
METHOD_ENTRY	org.springframework.cglib.reflect.FastClassEmitter#processCase(int,Label):void	dbffb1c2453664b99c78	413	584	1008	105
METHOD_EXIT	org.springframework.cglib.reflect.FastClassEmitter#processDefault():void	89f8c102472cab5ab066	455	618	1084	77
METHOD_ENTRY	org.springframework.cglib.reflect.FastClassEmitter#processDefault():void	d72f31ce70e8fc1d7fd3	413	607	1031	5
METHOD_ENTRY	org.springframework.cglib.reflect.FastClassEmitter#processCase(Object,Label):void	9d912380f31cd85d9421	413	626	1050	252
METHOD_EXIT	org.springframework.cglib.reflect.FastClassEmitter#processCase(Object,Label):void	f0af1db088a9e1a25764	455	637	1103	276
METHOD_ENTRY	org.springframework.cglib.reflect.FastClassEmitter#processDefault():void	d72f31ce70e8fc1d7fd3	413	607	1031	5
METHOD_EXIT	org.springframework.cglib.reflect.FastClassEmitter#processDefault():void	89f8c102472cab5ab066	455	618	1084	77
METHOD_ENTRY	org.springframework.cglib.reflect.FastClassEmitter#processCase(Object,Label):void	9d912380f31cd85d9421	413	626	1050	252
METHOD_ENTRY	org.springframework.cglib.reflect.FastClassEmitter#getIntRange(int):int[]	7621524df48230847245	413	640	1064	53
METHOD_ENTRY	org.springframework.cglib.reflect.FastMethod#helper(FastClass,Method):int	8a20bfa771f8ab210b3b	413	591	1015	240
METHOD_EXIT	org.springframework.cglib.reflect.FastMethod#helper(FastClass,Method):int	5b1e784f115b73df18bf	455	668	1134	294
METHOD_ENTRY	org.springframework.cglib.reflect.FastMethod#getReturnType():Class	7483e557dbaad84c67ee	413	464	888	120
METHOD_EXIT	org.springframework.cglib.reflect.GetIndexCallback#processCase(Object,Label):void	bae3cac34c4e498b1b15	455	421	887	115
METHOD_ENTRY	org.springframework.cglib.reflect.GetIndexCallback#processCase(Object,Label):void	4133f75d8e0b0adc351c	413	410	834	223
METHOD_EXIT	org.springframework.cglib.reflect.FastMethod#getReturnType():Class	5750250ea317c5045c54	455	538	1004	260
METHOD_ENTRY	org.springframework.cglib.reflect.FastMethod#getParameterTypes():Class[]	957821a3a7bf3213f641	413	468	892	294
METHOD_EXIT	org.springframework.cglib.reflect.GetIndexCallback#processDefault():void	d30a4a93bc309df5dc68	455	402	868	148
METHOD_EXIT	org.springframework.cglib.reflect.FastMethod#getParameterTypes():Class[]	fd701c97dc7daae8a14d	455	542	1008	295
METHOD_EXIT	org.springframework.cglib.reflect.FastClassEmitter#getIntRange(int):int[]	143113cd450dfaf13057	455	717	1183	284
METHOD_ENTRY	org.springframework.cglib.reflect.FastMethod#getExceptionTypes():Class[]	03806e362c6d9ed0ad11	413	468	892	248
METHOD_EXIT	org.springframework.cglib.reflect.FastMethod#getExceptionTypes():Class[]	4d0c2dcc8a0edb720823	455	542	1008	206
METHOD_ENTRY	org.springframework.cglib.reflect.FastMethod#invoke(Object,Object[]):Object	176013429faaf95947b0	413	479	903	266
METHOD_EXIT	org.springframework.cglib.reflect.FastMethod#getJavaMethod():Method	3314fc0440623899cc92	455	534	1000	282
METHOD_ENTRY	org.springframework.cglib.reflect.FastMethod#getJavaMethod():Method	cc009f96d8806fda1e37	413	460	884	99
METHOD_EXIT	org.springframework.cglib.reflect.FastMethod#invoke(Object,Object[]):Object	0fcb93663a2822e51ab9	455	556	1022	308
METHOD_ENTRY	org.springframework.cglib.transform.MethodFilterTransformer#visitMethod(int,String,String,String,String[]):MethodVisitor	930b00b6cf7736f50d32	413	526	950	251
METHOD_ENTRY	org.springframework.cglib.reflect.GetIndexCallback#processDefault():void	3276c11b217f3216fd92	413	391	815	5
METHOD_EXIT	org.springframework.cglib.transform.MethodFilterTransformer#visitMethod(int,String,String,String,String[]):MethodVisitor	08f943521408c2cbc8e2	455	604	1070	349
METHOD_EXIT	org.springframework.cglib.transform.MethodFilterTransformer#setTarget(ClassVisitor):void	cddee2543112548b4950	455	475	941	264
METHOD_EXIT	org.springframework.cglib.transform.TransformingClassLoader#getGenerator(ClassReader):ClassGenerator	9bc811107f4ec704e086	455	528	994	226
METHOD_ENTRY	org.springframework.cglib.transform.ClassFilterTransformer#accept(int,int,String,String,String,String[]):boolean	08a3ec5602c29deb1d01	413	480	904	261
METHOD_ENTRY	org.springframework.cglib.transform.MethodFilterTransformer#setTarget(ClassVisitor):void	87fe2947c202707b7390	413	464	888	277
METHOD_ENTRY	org.springframework.cglib.transform.impl.AddInitTransformer#begin_method(int,Signature,Type[]):CodeEmitter	9b392a0dffbdd6287a04	413	538	962	252
METHOD_EXIT	org.springframework.cglib.transform.impl.AddInitTransformer#begin_method(int,Signature,Type[]):CodeEmitter	4b3a31e1759cf627713d	455	616	1082	313
METHOD_EXIT	org.springframework.cglib.transform.ClassFilterTransformer#accept(int,int,String,String,String,String[]):boolean	67242c7a1132d02797a3	455	557	1023	311
METHOD_ENTRY	org.springframework.cglib.transform.TransformingClassLoader#getGenerator(ClassReader):ClassGenerator	ebdc0427cd70c2de5159	413	450	874	274
METHOD_ENTRY	org.springframework.cglib.transform.impl.UndeclaredThrowableStrategy#transform(ClassGenerator):ClassGenerator	fb19e83c9252abdd29bb	413	523	947	246
METHOD_ENTRY	org.springframework.cglib.transform.impl.AddInitTransformer#visitInsn(int):void	92eb8d7a158bba887ad4	413	408	832	50
METHOD_EXIT	org.springframework.cglib.transform.impl.UndeclaredThrowableStrategy#transform(ClassGenerator):ClassGenerator	00316b6b28732b3a4333	455	601	1067	280
METHOD_ENTRY	org.springframework.cglib.transform.impl.AddStaticInitTransformer#init():void	019d8279ca9e732e652a	413	456	880	232
METHOD_EXIT	org.springframework.cglib.transform.impl.AddStaticInitTransformer#init():void	96b4ff348090fed8e1eb	455	467	933	340
METHOD_ENTRY	org.springframework.cglib.transform.impl.FieldProviderTransformer#begin_class(int,int,String,Type,Type[],String):void	a1b9b5585cfe9a57fd2a	413	746	1170	284
METHOD_EXIT	org.springframework.cglib.transform.impl.AddInitTransformer#visitInsn(int):void	3e1a03cdf029e5979fd1	455	419	885	255
METHOD_ENTRY	org.springframework.cglib.transform.impl.FieldProviderTransformer#declare_field(int,String,Type,Object):void	b5c412d46bb0214b06eb	413	695	1119	259
METHOD_ENTRY	org.springframework.cglib.transform.impl.FieldProviderTransformer#end_class():void	e29c429a4348bbf495e0	413	684	1108	211
METHOD_EXIT	org.springframework.cglib.transform.impl.FieldProviderTransformer#end_class():void	98655e89bfbf80b8fec9	455	695	1161	196
METHOD_EXIT	org.springframework.cglib.transform.impl.FieldProviderTransformer#declare_field(int,String,Type,Object):void	a89c60685dc16847e98d	455	706	1172	232
METHOD_EXIT	org.springframework.cglib.transform.impl.FieldProviderTransformer#begin_class(int,int,String,Type,Type[],String):void	b074e6310ec8945aa578	455	757	1223	244
METHOD_EXIT	org.springframework.cglib.transform.impl.FieldProviderTransformer#generate():void	99a97bd72710946623d8	455	797	1263	296
METHOD_ENTRY	org.springframework.cglib.transform.impl.FieldProviderTransformer#getNames():void	3fd7977a4da4673e35c3	413	671	1095	201
METHOD_EXIT	org.springframework.cglib.transform.impl.FieldProviderTransformer#getNames():void	1c24c4f05f5c44aec602	455	682	1148	294
METHOD_ENTRY	org.springframework.cglib.transform.impl.FieldProviderTransformer#getTypes():void	96cff2f1de67f2eaf813	413	671	1095	296
METHOD_ENTRY	org.springframework.cglib.transform.impl.FieldProviderTransformer#generate():void	c8b44778d64099450d96	413	786	1210	180
METHOD_EXIT	org.springframework.cglib.transform.impl.FieldProviderTransformer#initFieldProvider(String[]):void	0703fdeb8fcbe6beafc3	455	769	1235	332
METHOD_ENTRY	org.springframework.cglib.transform.impl.FieldProviderTransformer#setByIndex(String[],int[]):void	12fea899d95315e97523	413	789	1213	203
METHOD_ENTRY	org.springframework.cglib.transform.impl.FieldProviderTransformer#processCase(int,Label):void	3fc71a93adcd95f27531	413	618	1042	199
METHOD_EXIT	org.springframework.cglib.transform.impl.FieldProviderTransformer#setByIndex(String[],int[]):void	905d56ce9052523747b2	455	800	1266	310
METHOD_ENTRY	org.springframework.cglib.transform.impl.FieldProviderTransformer#initFieldProvider(String[]):void	c381ea6ca0dedf0dd996	413	758	1182	288
METHOD_EXIT	org.springframework.cglib.transform.impl.FieldProviderTransformer#processCase(int,Label):void	fa46a350a6d9a3423f76	455	629	1095	221
METHOD_EXIT	org.springframework.cglib.transform.impl.FieldProviderTransformer#getTypes():void	cba06613adb13e0b5d30	455	682	1148	65
METHOD_EXIT	org.springframework.cglib.transform.impl.FieldProviderTransformer#processDefault():void	3d336a4a577baa1d8423	455	626	1092	182
METHOD_ENTRY	org.springframework.cglib.transform.impl.FieldProviderTransformer#getByIndex(String[],int[]):void	9bf5bc17667d39b938a8	413	781	1205	280
METHOD_ENTRY	org.springframework.cglib.transform.impl.FieldProviderTransformer#processCase(int,Label):void	3fc71a93adcd95f27531	413	618	1042	199
METHOD_EXIT	org.springframework.cglib.transform.impl.FieldProviderTransformer#getByIndex(String[],int[]):void	c473dfcb6cd008191fa3	455	792	1258	294
METHOD_ENTRY	org.springframework.cglib.transform.impl.FieldProviderTransformer#getField(String[]):void	94c4c969c4f0b74a9b4a	413	769	1193	272
METHOD_ENTRY	org.springframework.cglib.transform.impl.FieldProviderTransformer#processDefault():void	f8e579fc53d7f2254dbd	413	615	1039	231
METHOD_ENTRY	org.springframework.cglib.transform.impl.FieldProviderTransformer#processDefault():void	f8e579fc53d7f2254dbd	413	615	1039	231
METHOD_EXIT	org.springframework.cglib.transform.impl.FieldProviderTransformer#getField(String[]):void	22184c0a12e95b513bf0	455	780	1246	260
METHOD_ENTRY	org.springframework.cglib.transform.impl.FieldProviderTransformer#processCase(Object,Label):void	9734a7e0114c25548f49	413	618	1042	5
METHOD_EXIT	org.springframework.cglib.transform.impl.FieldProviderTransformer#processCase(Object,Label):void	f3cc447511e828118e09	455	629	1095	5
METHOD_EXIT	org.springframework.cglib.transform.impl.FieldProviderTransformer#processCase(int,Label):void	fa46a350a6d9a3423f76	455	629	1095	221
METHOD_ENTRY	org.springframework.cglib.transform.impl.FieldProviderTransformer#processDefault():void	f8e579fc53d7f2254dbd	413	615	1039	231
METHOD_EXIT	org.springframework.cglib.transform.impl.FieldProviderTransformer#processDefault():void	3d336a4a577baa1d8423	455	626	1092	182
METHOD_ENTRY	org.springframework.cglib.transform.impl.FieldProviderTransformer#setField(String[]):void	c4d5b1d718468db14d69	413	777	1201	290
METHOD_EXIT	org.springframework.cglib.transform.impl.FieldProviderTransformer#setField(String[]):void	f581fe4aa42f3e842733	455	788	1254	291
METHOD_ENTRY	org.springframework.cglib.transform.impl.AddPropertyTransformer#end_class():void	c57cd97cfccaa094e537	413	445	869	211
METHOD_ENTRY	org.springframework.cglib.transform.impl.FieldProviderTransformer#processCase(Object,Label):void	9734a7e0114c25548f49	413	618	1042	5
METHOD_EXIT	org.springframework.cglib.transform.impl.FieldProviderTransformer#processDefault():void	3d336a4a577baa1d8423	455	626	1092	182
METHOD_EXIT	org.springframework.cglib.transform.impl.FieldProviderTransformer#processCase(Object,Label):void	f3cc447511e828118e09	455	629	1095	5
METHOD_EXIT	org.springframework.cglib.transform.impl.AddPropertyTransformer#end_class():void	28cf7790a038f8b99d44	455	456	922	255
METHOD_EXIT	org.springframework.cglib.transform.impl.FieldProviderTransformer#processDefault():void	3d336a4a577baa1d8423	455	626	1092	182
METHOD_ENTRY	org.springframework.cglib.transform.impl.InterceptFieldTransformer#begin_class(int,int,String,Type,Type[],String):void	b86458910907c764c6a5	413	840	1264	265
METHOD_EXIT	org.springframework.cglib.transform.impl.InterceptFieldTransformer#begin_class(int,int,String,Type,Type[],String):void	84029e6193746c54de80	455	851	1317	313
METHOD_ENTRY	org.springframework.cglib.transform.impl.InterceptFieldTransformer#declare_field(int,String,Type,Object):void	3dbc2690cb8431f7bad7	413	707	1131	232
METHOD_ENTRY	org.springframework.cglib.transform.impl.InterceptFieldTransformer#addReadMethod(String,Type):void	a92f1e7287b2934c7d58	413	786	1210	286
METHOD_EXIT	org.springframework.cglib.transform.impl.InterceptFieldTransformer#addReadMethod(String,Type):void	381d5eaf8cbb7efbc50e	455	797	1263	310
METHOD_ENTRY	org.springframework.cglib.transform.impl.FieldProviderTransformer#processDefault():void	f8e579fc53d7f2254dbd	413	615	1039	231
METHOD_EXIT	org.springframework.cglib.transform.impl.InterceptFieldTransformer#addWriteMethod(String,Type):void	914ef9e0066be2bc28f2	455	813	1279	319
METHOD_ENTRY	org.springframework.cglib.transform.impl.InterceptFieldTransformer#begin_method(int,Signature,Type[]):CodeEmitter	cd8464ca69231d61210f	413	804	1228	242
METHOD_EXIT	org.springframework.cglib.transform.impl.InterceptFieldTransformer#begin_method(int,Signature,Type[]):CodeEmitter	97e500f943c7d51b072a	455	882	1348	303
METHOD_ENTRY	org.springframework.cglib.transform.impl.InterceptFieldTransformer#visitFieldInsn(int,String,String,String):void	3f5b4e9fef3275c27ebf	413	594	1018	192
METHOD_EXIT	org.springframework.cglib.transform.impl.InterceptFieldTransformer#visitFieldInsn(int,String,String,String):void	e0f044913741133b4885	455	605	1071	222
METHOD_EXIT	org.springframework.cglib.transform.impl.InterceptFieldTransformer#helper(Type,Signature):void	d59ce41c49fef6a4e1fb	455	602	1068	5
METHOD_ENTRY	org.springframework.cglib.transform.impl.InterceptFieldTransformer#readMethodSig(String,String):Signature	09aea1aa7f616307fd62	413	635	1059	233
METHOD_EXIT	org.springframework.cglib.transform.impl.InterceptFieldTransformer#readMethodSig(String,String):Signature	5211bfa9405732a01534	455	712	1178	294
METHOD_ENTRY	org.springframework.cglib.transform.impl.InterceptFieldTransformer#writeMethodSig(String,String):Signature	18305874951f5aca5614	413	637	1061	243
METHOD_EXIT	org.springframework.cglib.transform.impl.InterceptFieldTransformer#declare_field(int,String,Type,Object):void	7f8bb5386bae341fb407	455	718	1184	319
METHOD_EXIT	org.springframework.cglib.transform.impl.InterceptFieldTransformer#writeMethodSig(String,String):Signature	75e898b9c6827d7f0717	455	714	1180	253
METHOD_ENTRY	org.springframework.cglib.transform.impl.InterceptFieldTransformer#helper(Type,Signature):void	c4b80c4489a1fe64783c	413	591	1015	278
METHOD_ENTRY	org.springframework.cglib.transform.impl.InterceptFieldTransformer#readCallbackSig(Type):Signature	3272ce5bfa49756efe2a	413	652	1076	384
METHOD_EXIT	org.springframework.cglib.transform.impl.InterceptFieldTransformer#readCallbackSig(Type):Signature	4578e68b14c2b46717d9	455	729	1195	247
METHOD_ENTRY	org.springframework.cglib.transform.impl.InterceptFieldTransformer#writeCallbackSig(Type):Signature	665995bbf6bb39d61851	413	656	1080	294
METHOD_EXIT	org.springframework.cglib.transform.impl.InterceptFieldTransformer#writeCallbackSig(Type):Signature	f7078a23dc72ace3c39c	455	733	1199	307
METHOD_EXIT	org.springframework.cglib.transform.impl.InterceptFieldTransformer#remap(Type):Type	3b03e19e873e24621f81	455	719	1185	228
METHOD_ENTRY	org.springframework.cglib.transform.impl.InterceptFieldTransformer#addWriteMethod(String,Type):void	54ad59475594e415b38a	413	802	1226	277
METHOD_ENTRY	org.springframework.cglib.transform.impl.AddDelegateTransformer#begin_class(int,int,String,Type,Type[],String):void	1f2352349c5366ee3910	413	694	1118	200
METHOD_EXIT	org.springframework.cglib.transform.impl.AddDelegateTransformer#begin_class(int,int,String,Type,Type[],String):void	161f1b4fa506f748f6e1	455	705	1171	301
METHOD_ENTRY	org.springframework.cglib.transform.impl.AddDelegateTransformer#begin_method(int,Signature,Type[]):CodeEmitter	f852c9970a8bfa66fe6b	413	672	1096	267
METHOD_EXIT	org.springframework.cglib.transform.impl.AddDelegateTransformer#begin_method(int,Signature,Type[]):CodeEmitter	fb88f1725be8387bc4a0	455	750	1216	256
METHOD_EXIT	org.springframework.cglib.transform.impl.InterceptFieldTransformer#callbackName(Type):String	73b5eac1574efca9a9e9	455	711	1177	186
METHOD_ENTRY	org.springframework.cglib.transform.impl.InterceptFieldTransformer#callbackName(Type):String	303cb6a39b7f3584e422	413	634	1058	329
METHOD_ENTRY	org.springframework.cglib.transform.impl.AccessFieldTransformer#declare_field(int,String,Type,Object):void	35e2952d893d5c6205b2	413	609	1033	273
METHOD_EXIT	org.springframework.cglib.transform.impl.AccessFieldTransformer#declare_field(int,String,Type,Object):void	596e6106efe241e98105	455	620	1086	249
METHOD_EXIT	org.springframework.cglib.transform.impl.AddDelegateTransformer#visitMethodInsn(int,String,String,String,boolean):void	ef59d19a4cc74a26542d	455	491	957	5
METHOD_ENTRY	org.springframework.cglib.transform.impl.InterceptFieldTransformer#remap(Type):Type	6fd5dc9581dc3a8487ea	413	642	1066	326
METHOD_ENTRY	org.springframework.cglib.transform.impl.AddDelegateTransformer#addDelegate(Method):void	bffd16a0b14d39a7c76a	413	648	1072	274
METHOD_EXIT	org.springframework.cglib.transform.impl.AddDelegateTransformer#addDelegate(Method):void	effe6422dd3c05c8cfc3	455	659	1125	326
METHOD_ENTRY	org.springframework.cglib.transform.impl.AddDelegateTransformer#visitMethodInsn(int,String,String,String,boolean):void	a5675d97ab5b946a932e	413	480	904	206
METHOD_ENTRY	org.springframework.cglib.transform.impl.AbstractInterceptFieldCallback#writeInt(Object,String,int,int):int	1b840a276eedb04bda29	413	710	1134	192
METHOD_EXIT	org.springframework.cglib.transform.impl.AbstractInterceptFieldCallback#writeInt(Object,String,int,int):int	82c593e99aa69f7ec0d8	455	787	1253	209
METHOD_EXIT	org.springframework.cglib.transform.impl.AbstractInterceptFieldCallback#writeChar(Object,String,char,char):char	a4a6e825aa78f056d8e7	455	787	1253	182
METHOD_ENTRY	org.springframework.cglib.transform.impl.AbstractInterceptFieldCallback#writeByte(Object,String,byte,byte):byte	ea62657936217b1d7aae	413	712	1136	262
METHOD_ENTRY	org.springframework.cglib.transform.impl.AbstractInterceptFieldCallback#writeBoolean(Object,String,boolean,boolean):boolean	7156d5be4eaa73df1dab	413	712	1136	206
METHOD_EXIT	org.springframework.cglib.transform.impl.AbstractInterceptFieldCallback#writeBoolean(Object,String,boolean,boolean):boolean	a40125b89e96928b0470	455	789	1255	148
METHOD_EXIT	org.springframework.cglib.transform.impl.AbstractInterceptFieldCallback#writeByte(Object,String,byte,byte):byte	5796f63cd4d405dc86fa	455	789	1255	182
METHOD_EXIT	org.springframework.cglib.transform.impl.AbstractInterceptFieldCallback#writeShort(Object,String,short,short):short	49e8f3c4a4685bbbc1a1	455	789	1255	255
METHOD_ENTRY	org.springframework.cglib.transform.impl.AbstractInterceptFieldCallback#writeShort(Object,String,short,short):short	b340190911a8b283ec3d	413	712	1136	219
METHOD_ENTRY	org.springframework.cglib.transform.impl.AbstractInterceptFieldCallback#writeFloat(Object,String,float,float):float	3e916a8ba21541c302f3	413	710	1134	230
METHOD_ENTRY	org.springframework.cglib.transform.impl.AbstractInterceptFieldCallback#writeDouble(Object,String,double,double):double	05002362ca5885c2bcd5	413	710	1134	224
METHOD_ENTRY	org.springframework.cglib.transform.impl.AbstractInterceptFieldCallback#writeChar(Object,String,char,char):char	e07a59c43213a6d1789f	413	710	1134	215
METHOD_EXIT	org.springframework.cglib.transform.impl.AbstractInterceptFieldCallback#writeDouble(Object,String,double,double):double	93a7749b4a8d39f5679e	455	787	1253	224
METHOD_EXIT	org.springframework.cglib.transform.impl.AbstractInterceptFieldCallback#writeLong(Object,String,long,long):long	f62b3c51a8b5023d7c28	455	787	1253	253
METHOD_EXIT	org.springframework.cglib.transform.impl.AbstractInterceptFieldCallback#writeObject(Object,String,Object,Object):Object	c780a6793b175c816eba	455	787	1253	226
METHOD_ENTRY	org.springframework.cglib.transform.impl.AbstractInterceptFieldCallback#writeObject(Object,String,Object,Object):Object	7735564d6b618f01d059	413	710	1134	249
METHOD_ENTRY	org.springframework.cglib.transform.impl.AbstractInterceptFieldCallback#writeLong(Object,String,long,long):long	ccd46e6c66870e2c3766	413	710	1134	272
METHOD_EXIT	org.springframework.cglib.transform.impl.AbstractInterceptFieldCallback#readInt(Object,String,int):int	c2ebfc0c2fe0eaeb5139	455	776	1242	195
METHOD_ENTRY	org.springframework.cglib.transform.impl.AbstractInterceptFieldCallback#readInt(Object,String,int):int	b1a71da43d4b73bb3f08	413	699	1123	256
METHOD_ENTRY	org.springframework.cglib.transform.impl.AbstractInterceptFieldCallback#readByte(Object,String,byte):byte	ae3e89ec013b52d0ba96	413	700	1124	224
METHOD_ENTRY	org.springframework.cglib.transform.impl.AbstractInterceptFieldCallback#readChar(Object,String,char):char	b59d6dabf43604f7ae0f	413	699	1123	213
METHOD_EXIT	org.springframework.cglib.transform.impl.AbstractInterceptFieldCallback#readByte(Object,String,byte):byte	bfc99b8e9b84fa6ceb7a	455	777	1243	43
METHOD_EXIT	org.springframework.cglib.transform.impl.AbstractInterceptFieldCallback#readChar(Object,String,char):char	f62ee2bf4392cd4b3e51	455	776	1242	114
METHOD_EXIT	org.springframework.cglib.transform.impl.AbstractInterceptFieldCallback#readBoolean(Object,String,boolean):boolean	437d8b397c4bb82b21c0	455	777	1243	52
METHOD_ENTRY	org.springframework.cglib.transform.impl.AbstractInterceptFieldCallback#readBoolean(Object,String,boolean):boolean	49efad53a67416884c7c	413	700	1124	136
METHOD_EXIT	org.springframework.cglib.transform.impl.AbstractInterceptFieldCallback#writeFloat(Object,String,float,float):float	3a8344258cf50eaa0cf1	455	787	1253	241
METHOD_EXIT	org.springframework.cglib.transform.impl.AbstractInterceptFieldCallback#readShort(Object,String,short):short	80c7e039ccb54661ec67	455	777	1243	159
METHOD_ENTRY	org.springframework.cglib.transform.impl.AbstractInterceptFieldCallback#readShort(Object,String,short):short	66a7859b6a00336f982a	413	700	1124	173
METHOD_ENTRY	org.springframework.cglib.transform.impl.AbstractInterceptFieldCallback#readDouble(Object,String,double):double	594dfb21a39f3074307b	413	699	1123	261
METHOD_EXIT	org.springframework.cglib.transform.impl.AbstractInterceptFieldCallback#readDouble(Object,String,double):double	1f0fe74e9d21df37df62	455	776	1242	156
METHOD_EXIT	org.springframework.cglib.transform.impl.AbstractInterceptFieldCallback#readFloat(Object,String,float):float	89ccc827c65a083900c9	455	776	1242	180
METHOD_ENTRY	org.springframework.cglib.transform.impl.AbstractInterceptFieldCallback#readFloat(Object,String,float):float	2cc076bb4695d7e4ef72	413	699	1123	262
METHOD_EXIT	org.springframework.cglib.transform.impl.AbstractInterceptFieldCallback#readLong(Object,String,long):long	f634de1aa619b7dab576	455	776	1242	220
METHOD_ENTRY	org.springframework.cglib.transform.impl.AbstractInterceptFieldCallback#readObject(Object,String,Object):Object	f51ec0a2b293b8be2afe	413	699	1123	259
METHOD_EXIT	org.springframework.cglib.transform.impl.AbstractInterceptFieldCallback#readObject(Object,String,Object):Object	71e152f949f251878a30	455	776	1242	223
METHOD_ENTRY	org.springframework.cglib.transform.impl.UndeclaredThrowableTransformer#begin_method(int,Signature,Type[]):CodeEmitter	bfae5eccd2556ed32245	413	683	1107	217
METHOD_EXIT	org.springframework.cglib.transform.impl.UndeclaredThrowableTransformer#begin_method(int,Signature,Type[]):CodeEmitter	21b4c39b3540f4776572	455	761	1227	305
METHOD_ENTRY	org.springframework.cglib.transform.impl.AbstractInterceptFieldCallback#readLong(Object,String,long):long	2b95682f5610e9cb3ed8	413	699	1123	141
METHOD_ENTRY	org.springframework.cglib.transform.impl.UndeclaredThrowableTransformer#visitMethodInsn(int,String,String,String,boolean):void	de35571ca6b9d38d1c60	413	412	836	48
METHOD_EXIT	org.springframework.cglib.transform.impl.UndeclaredThrowableTransformer#visitMethodInsn(int,String,String,String,boolean):void	dbae3e0625604d14ea6c	455	423	889	229
METHOD_EXIT	org.springframework.cglib.transform.ClassReaderGenerator#generateClass(ClassVisitor):void	afebbfe34f82c986266c	455	453	919	288
METHOD_ENTRY	org.springframework.cglib.transform.impl.UndeclaredThrowableTransformer#visitMaxs(int,int):void	8b87f53432a6fe101c11	413	408	832	222
METHOD_EXIT	org.springframework.cglib.transform.impl.UndeclaredThrowableTransformer#visitMaxs(int,int):void	0679e3f905c090810348	455	419	885	154
METHOD_ENTRY	org.springframework.cglib.transform.ClassReaderGenerator#generateClass(ClassVisitor):void	0637571336516781f7e6	413	442	866	213
METHOD_ENTRY	org.springframework.cglib.transform.AnnotationVisitorTee#getInstance(AnnotationVisitor,AnnotationVisitor):AnnotationVisitor	afecca00fff5065bd926	413	560	984	323
METHOD_ENTRY	org.springframework.cglib.transform.AnnotationVisitorTee#visit(String,Object):void	3a510a30602efc5e31b7	413	514	938	196
METHOD_EXIT	org.springframework.cglib.transform.AnnotationVisitorTee#getInstance(AnnotationVisitor,AnnotationVisitor):AnnotationVisitor	b6135713ac398e45a4fb	455	638	1104	333
METHOD_EXIT	org.springframework.cglib.transform.AnnotationVisitorTee#visit(String,Object):void	b2de62e1a5fd4b41b14d	455	525	991	246
METHOD_ENTRY	org.springframework.cglib.transform.AnnotationVisitorTee#visitEnum(String,String,String):void	25787996510e2ff24748	413	531	955	314
METHOD_ENTRY	org.springframework.cglib.transform.AnnotationVisitorTee#visitAnnotation(String,String):AnnotationVisitor	0198f2574bf356d9af89	413	523	947	234
METHOD_EXIT	org.springframework.cglib.transform.AnnotationVisitorTee#visitAnnotation(String,String):AnnotationVisitor	20c0899518ea94f580bd	455	601	1067	263
METHOD_ENTRY	org.springframework.cglib.transform.AnnotationVisitorTee#visitArray(String):AnnotationVisitor	7c628aa24c69132d2875	413	509	933	259
METHOD_EXIT	org.springframework.cglib.transform.AnnotationVisitorTee#visitArray(String):AnnotationVisitor	dbce3cb8eb55ad5e39ad	455	587	1053	249
METHOD_EXIT	org.springframework.cglib.transform.AnnotationVisitorTee#visitEnd():void	d3a99b60ebdce3e93d13	455	509	975	135
METHOD_EXIT	org.springframework.cglib.transform.AbstractClassLoader#loadClass(String):Class	3fe98c2ce080b0798190	455	819	1285	321
METHOD_ENTRY	org.springframework.cglib.transform.AbstractClassLoader#getGenerator(ClassReader):ClassGenerator	2e7b52d27a3e48f328fc	413	489	913	206
METHOD_ENTRY	org.springframework.cglib.transform.AbstractClassLoader#loadClass(String):Class	76bfc2b7b5ee43283c1b	413	742	1166	267
METHOD_EXIT	org.springframework.cglib.transform.AbstractClassLoader#getGenerator(ClassReader):ClassGenerator	7b7483e5e83d533d2e90	455	567	1033	342
METHOD_ENTRY	org.springframework.cglib.transform.AnnotationVisitorTee#visitEnd():void	359b6efd40408964b62a	413	498	922	215
METHOD_ENTRY	org.springframework.cglib.transform.AbstractClassLoader#getFlags():int	edaf3664d74a88a10905	413	471	895	5
METHOD_ENTRY	org.springframework.cglib.transform.AbstractClassLoader#attributes():Attribute[]	64c4831ae0c646b3da1e	413	471	895	37
METHOD_ENTRY	org.springframework.cglib.transform.AbstractClassLoader#postProcess(Class):void	a49f6ec87a8c8219271e	413	472	896	248
METHOD_EXIT	org.springframework.cglib.transform.AbstractClassLoader#postProcess(Class):void	a6934c36baa7362e74f9	455	483	949	335
METHOD_EXIT	org.springframework.cglib.transform.AbstractClassLoader#getFlags():int	8fdcfc8505daec04ea6f	455	545	1011	63
METHOD_EXIT	org.springframework.cglib.transform.AnnotationVisitorTee#visitEnum(String,String,String):void	0ac3fbef012ce0b79bb3	455	542	1008	298
METHOD_EXIT	org.springframework.cglib.transform.ClassVisitorTee#visit(int,int,String,String,String,String[]):void	15513563e6bea673f4e8	455	665	1131	297
METHOD_EXIT	org.springframework.cglib.transform.AbstractClassLoader#attributes():Attribute[]	79765bd456ec28383d2e	455	545	1011	37
METHOD_ENTRY	org.springframework.cglib.transform.ClassVisitorTee#visitEnd():void	176603cacfd25f00bd8a	413	585	1009	123
METHOD_EXIT	org.springframework.cglib.transform.ClassVisitorTee#visitEnd():void	41366b2aace7452c0524	455	596	1062	166
METHOD_ENTRY	org.springframework.cglib.transform.ClassVisitorTee#visitInnerClass(String,String,String,int):void	54ba3ed5677b1a8eb3d5	413	634	1058	289
METHOD_ENTRY	org.springframework.cglib.transform.ClassVisitorTee#visit(int,int,String,String,String,String[]):void	7728470842ff217b280a	413	654	1078	253
METHOD_ENTRY	org.springframework.cglib.transform.ClassVisitorTee#visitField(int,String,String,String,Object):FieldVisitor	b55d55f4896f949bc356	413	699	1123	218
METHOD_ENTRY	org.springframework.cglib.transform.ClassVisitorTee#visitMethod(int,String,String,String,String[]):MethodVisitor	f00c3127b4f481d803f2	413	700	1124	303
METHOD_EXIT	org.springframework.cglib.transform.ClassVisitorTee#visitField(int,String,String,String,Object):FieldVisitor	803cf5d194bd5e911b9e	455	777	1243	394
METHOD_EXIT	org.springframework.cglib.transform.ClassVisitorTee#visitMethod(int,String,String,String,String[]):MethodVisitor	cbc15a825eab7d1e065c	455	778	1244	424
METHOD_ENTRY	org.springframework.cglib.transform.ClassVisitorTee#visitSource(String,String):void	2554d014e3208d9f0757	413	596	1020	255
METHOD_EXIT	org.springframework.cglib.transform.ClassVisitorTee#visitSource(String,String):void	1502fa7997df7931bb7f	455	607	1073	302
METHOD_EXIT	org.springframework.cglib.transform.ClassVisitorTee#visitInnerClass(String,String,String,int):void	b70832cbb5ef637ced02	455	645	1111	243
METHOD_ENTRY	org.springframework.cglib.transform.ClassVisitorTee#visitOuterClass(String,String,String):void	b14c7c8b66efa5f6cb8d	413	613	1037	298
METHOD_EXIT	org.springframework.cglib.transform.ClassVisitorTee#visitAnnotation(String,boolean):AnnotationVisitor	33ce57cb90460acf93e2	455	684	1150	219
METHOD_ENTRY	org.springframework.cglib.transform.ClassVisitorTee#visitAttribute(Attribute):void	8bf1d8b098ed8d5467ea	413	583	1007	229
METHOD_ENTRY	org.springframework.cglib.transform.ClassVisitorTee#visitAnnotation(String,boolean):AnnotationVisitor	18548a62e1d709a50bd5	413	606	1030	240
METHOD_ENTRY	org.springframework.cglib.transform.ClassVisitorTee#visitTypeAnnotation(int,TypePath,String,boolean):AnnotationVisitor	7b87ae6e53595e62d51e	413	648	1072	219
METHOD_EXIT	org.springframework.cglib.transform.ClassVisitorTee#visitAttribute(Attribute):void	46ce52bb7aee0a73b760	455	594	1060	129
METHOD_EXIT	org.springframework.cglib.transform.ClassVisitorTee#visitTypeAnnotation(int,TypePath,String,boolean):AnnotationVisitor	7d61d91271137759f6a0	455	726	1192	262
METHOD_EXIT	org.springframework.cglib.transform.FieldVisitorTee#visitAnnotation(String,boolean):AnnotationVisitor	7289fb1821de74ff77d8	455	584	1050	226
METHOD_ENTRY	org.springframework.cglib.transform.FieldVisitorTee#visitAnnotation(String,boolean):AnnotationVisitor	d4805fbbdbf4ecff03da	413	506	930	241
METHOD_ENTRY	org.springframework.cglib.transform.FieldVisitorTee#visitAttribute(Attribute):void	4f11513e0a6236b36c0e	413	482	906	208
METHOD_ENTRY	org.springframework.cglib.transform.FieldVisitorTee#visitEnd():void	4506d80920872697268e	413	475	899	81
METHOD_EXIT	org.springframework.cglib.transform.FieldVisitorTee#visitEnd():void	837e787de41994e9a790	455	486	952	168
METHOD_EXIT	org.springframework.cglib.transform.FieldVisitorTee#visitAttribute(Attribute):void	45f536bc0916fbd62e9f	455	493	959	246
METHOD_ENTRY	org.springframework.cglib.transform.ClassTransformerTee#setTarget(ClassVisitor):void	04fe24ff59ad6029b5c3	413	432	856	191
METHOD_EXIT	org.springframework.cglib.transform.ClassTransformerTee#setTarget(ClassVisitor):void	1b9a55a96a5094202df6	455	443	909	342
METHOD_ENTRY	org.springframework.cglib.transform.FieldVisitorTee#visitTypeAnnotation(int,TypePath,String,boolean):AnnotationVisitor	774a3f3d633ecfb22072	413	548	972	220
METHOD_ENTRY	org.springframework.cglib.transform.AbstractClassFilterTransformer#setTarget(ClassVisitor):void	a7e6277faedb6dcd8f32	413	592	1016	256
METHOD_EXIT	org.springframework.cglib.transform.ClassVisitorTee#visitOuterClass(String,String,String):void	f1c1b2233dc23ba3d8d0	455	624	1090	296
METHOD_EXIT	org.springframework.cglib.transform.AbstractClassFilterTransformer#setTarget(ClassVisitor):void	2f012a8deb2788134e44	455	603	1069	185
METHOD_ENTRY	org.springframework.cglib.transform.AbstractClassFilterTransformer#visit(int,int,String,String,String,String[]):void	92127c561b841306fc46	413	667	1091	290
METHOD_ENTRY	org.springframework.cglib.transform.AbstractClassFilterTransformer#visitSource(String,String):void	b7604d4996207bfce82e	413	595	1019	193
METHOD_EXIT	org.springframework.cglib.transform.AbstractClassFilterTransformer#visit(int,int,String,String,String,String[]):void	81d36deeac7f38e551ae	455	678	1144	244
METHOD_EXIT	org.springframework.cglib.transform.FieldVisitorTee#visitTypeAnnotation(int,TypePath,String,boolean):AnnotationVisitor	bb100b870b93c7d46e1c	455	626	1092	328
METHOD_ENTRY	org.springframework.cglib.transform.AbstractClassFilterTransformer#visitOuterClass(String,String,String):void	6dc451fdcacc53352ca1	413	609	1033	246
METHOD_EXIT	org.springframework.cglib.transform.AbstractClassFilterTransformer#visitOuterClass(String,String,String):void	c5dfd0756db6ce898616	455	620	1086	279
METHOD_EXIT	org.springframework.cglib.transform.AbstractClassFilterTransformer#visitAnnotation(String,boolean):AnnotationVisitor	83da8335a570fd2e6b8a	455	677	1143	222
METHOD_ENTRY	org.springframework.cglib.transform.AbstractClassFilterTransformer#visitAnnotation(String,boolean):AnnotationVisitor	6b24a163e39dde017254	413	599	1023	235
METHOD_EXIT	org.springframework.cglib.transform.AbstractClassFilterTransformer#visitAttribute(Attribute):void	abd432159f99811bd608	455	595	1061	253
METHOD_ENTRY	org.springframework.cglib.transform.AbstractClassFilterTransformer#visitAttribute(Attribute):void	1cb25118edc6636b0f1d	413	584	1008	266
METHOD_EXIT	org.springframework.cglib.transform.AbstractClassFilterTransformer#visitSource(String,String):void	6d470d938311a56be02a	455	606	1072	229
METHOD_EXIT	org.springframework.cglib.transform.AbstractClassFilterTransformer#visitInnerClass(String,String,String,int):void	c925c7bce99f75d9b18c	455	637	1103	332
METHOD_ENTRY	org.springframework.cglib.transform.AbstractClassFilterTransformer#visitField(int,String,String,String,Object):FieldVisitor	392b46b8433f31222163	413	635	1059	245
METHOD_EXIT	org.springframework.cglib.transform.AbstractClassFilterTransformer#visitField(int,String,String,String,Object):FieldVisitor	8cbecc22a95796d769db	455	713	1179	235
METHOD_ENTRY	org.springframework.cglib.transform.AbstractClassFilterTransformer#visitEnd():void	8b5119714dfa01942861	413	589	1013	74
METHOD_EXIT	org.springframework.cglib.transform.AbstractClassFilterTransformer#visitMethod(int,String,String,String,String[]):MethodVisitor	a5cf047a26311495d6cc	455	714	1180	260
METHOD_ENTRY	org.springframework.cglib.transform.AbstractClassTransformer#setTarget(ClassVisitor):void	95287d8535ce8cd04578	413	415	839	35
METHOD_ENTRY	org.springframework.cglib.transform.AbstractClassFilterTransformer#visitInnerClass(String,String,String,int):void	e5e4a06e1c28a897bf1a	413	626	1050	282
METHOD_EXIT	org.springframework.cglib.transform.AbstractClassTransformer#setTarget(ClassVisitor):void	dafae632651d32c94039	455	426	892	239
METHOD_EXIT	org.springframework.cglib.transform.ClassTransformerChain#setTarget(ClassVisitor):void	f6575bdd0e5bfbbb5fc7	455	508	974	338
METHOD_EXIT	org.springframework.cglib.transform.AbstractClassFilterTransformer#visitEnd():void	f715f1d47f3dec90ee48	455	600	1066	47
METHOD_ENTRY	org.springframework.cglib.transform.AbstractClassFilterTransformer#visitMethod(int,String,String,String,String[]):MethodVisitor	20ad0d60c7043356ed4d	413	636	1060	302
METHOD_EXIT	org.springframework.cglib.transform.ClassTransformerChain#visitMethod(int,String,String,String,String[]):MethodVisitor	8eadbe7e0e9a857b280f	455	580	1046	286
METHOD_ENTRY	org.springframework.cglib.transform.TransformingClassGenerator#generateClass(ClassVisitor):void	eade486198d5c3dc0dd0	413	444	868	285
METHOD_ENTRY	org.springframework.cglib.transform.ClassTransformerChain#toString():String	1d4ae2b9b5b66836730b	413	512	936	180
METHOD_ENTRY	org.springframework.cglib.transform.ClassTransformerChain#setTarget(ClassVisitor):void	ecd63eb7414656be7c38	413	497	921	192
METHOD_ENTRY	org.springframework.cglib.transform.ClassTransformerChain#visitMethod(int,String,String,String,String[]):MethodVisitor	2d5980646ed3a6866562	413	502	926	242
METHOD_EXIT	org.springframework.cglib.transform.ClassTransformerChain#toString():String	fb0fc9b01b20bd2de88c	455	586	1052	281
METHOD_EXIT	org.springframework.cglib.transform.TransformingClassGenerator#generateClass(ClassVisitor):void	134d897045b31b78c7ab	455	455	921	278
METHOD_EXIT	org.springframework.cglib.transform.MethodVisitorTee#visitAnnotationDefault():AnnotationVisitor	fe3a557e2724b0f4d186	455	979	1445	131
METHOD_ENTRY	org.springframework.cglib.transform.MethodVisitorTee#visitParameterAnnotation(int,String,boolean):AnnotationVisitor	9c94422ad56b2ba48484	413	940	1364	195
METHOD_EXIT	org.springframework.cglib.transform.MethodVisitorTee#visitAnnotation(String,boolean):AnnotationVisitor	af91e4e2649f5c8a73d9	455	999	1465	308
METHOD_EXIT	org.springframework.cglib.transform.MethodVisitorTee#visitFrame(int,int,Object[],int,Object[]):void	0b98d28ccff764e2b4c4	455	971	1437	280
METHOD_ENTRY	org.springframework.cglib.transform.MethodVisitorTee#visitAnnotation(String,boolean):AnnotationVisitor	5c40c1e7a3e880d0bb7e	413	921	1345	250
METHOD_ENTRY	org.springframework.cglib.transform.MethodVisitorTee#visitFrame(int,int,Object[],int,Object[]):void	a3997a4cd462377b6141	413	960	1384	304
METHOD_ENTRY	org.springframework.cglib.transform.MethodVisitorTee#visitAttribute(Attribute):void	ec4da42f6e8e823e32e9	413	897	1321	214
METHOD_EXIT	org.springframework.cglib.transform.MethodVisitorTee#visitAttribute(Attribute):void	9c1b9dc22fa85bf3716d	455	908	1374	119
METHOD_ENTRY	org.springframework.cglib.transform.MethodVisitorTee#visitAnnotationDefault():AnnotationVisitor	b849065c4bc0190a316b	413	904	1328	320
METHOD_ENTRY	org.springframework.cglib.transform.MethodVisitorTee#visitInsn(int):void	0c42c32beab4d90ff99f	413	899	1323	211
METHOD_ENTRY	org.springframework.cglib.transform.MethodVisitorTee#visitCode():void	3f6e971d54945fec8208	413	890	1314	140
METHOD_ENTRY	org.springframework.cglib.transform.MethodVisitorTee#visitIntInsn(int,int):void	461d5c231c478a2c45d2	413	916	1340	306
METHOD_EXIT	org.springframework.cglib.transform.MethodVisitorTee#visitCode():void	933962bd12591d5a6c6f	455	901	1367	174
METHOD_EXIT	org.springframework.cglib.transform.MethodVisitorTee#visitParameterAnnotation(int,String,boolean):AnnotationVisitor	d660a9ace227d708b0fa	455	1018	1484	271
METHOD_EXIT	org.springframework.cglib.transform.MethodVisitorTee#visitIntInsn(int,int):void	3d8e61b790dd70e2b75c	455	927	1393	365
METHOD_ENTRY	org.springframework.cglib.transform.MethodVisitorTee#visitVarInsn(int,int):void	806dba7ef83f54a47bbd	413	916	1340	99
METHOD_EXIT	org.springframework.cglib.transform.MethodVisitorTee#visitVarInsn(int,int):void	313e182e038609caaf00	455	927	1393	329
METHOD_EXIT	org.springframework.cglib.transform.MethodVisitorTee#visitInsn(int):void	a14aac0447f6c52742b9	455	910	1376	260
METHOD_ENTRY	org.springframework.cglib.transform.MethodVisitorTee#visitTypeInsn(int,String):void	b8a9f1f124e81f934659	413	916	1340	245
METHOD_EXIT	org.springframework.cglib.transform.MethodVisitorTee#visitTypeInsn(int,String):void	5e015d9eae2a31e0a7bc	455	927	1393	250
METHOD_ENTRY	org.springframework.cglib.transform.MethodVisitorTee#visitMethodInsn(int,String,String,String):void	6de0db24e7726de0db8a	413	942	1366	172
METHOD_EXIT	org.springframework.cglib.transform.MethodVisitorTee#visitMethodInsn(int,String,String,String):void	cf976b6473a7bd69d9d3	455	953	1419	250
METHOD_ENTRY	org.springframework.cglib.transform.MethodVisitorTee#visitMethodInsn(int,String,String,String,boolean):void	fa70427317db6d85cc45	413	960	1384	302
METHOD_EXIT	org.springframework.cglib.transform.MethodVisitorTee#visitMethodInsn(int,String,String,String,boolean):void	df9006446417447f80a6	455	971	1437	318
METHOD_EXIT	org.springframework.cglib.transform.MethodVisitorTee#visitFieldInsn(int,String,String,String):void	96f676374864b3f267da	455	953	1419	287
METHOD_ENTRY	org.springframework.cglib.transform.MethodVisitorTee#visitFieldInsn(int,String,String,String):void	823ddc7d97b970557ed4	413	942	1366	302
METHOD_ENTRY	org.springframework.cglib.transform.MethodVisitorTee#visitLabel(Label):void	5e79aeadc3aacba2d731	413	897	1321	169
METHOD_EXIT	org.springframework.cglib.transform.MethodVisitorTee#visitLabel(Label):void	26ce5f4bd5f54c22374e	455	908	1374	232
METHOD_ENTRY	org.springframework.cglib.transform.MethodVisitorTee#visitLdcInsn(Object):void	62556e3545390808560f	413	909	1333	268
METHOD_EXIT	org.springframework.cglib.transform.MethodVisitorTee#visitLdcInsn(Object):void	62a7b6c8b8e39507bc48	455	920	1386	295
METHOD_ENTRY	org.springframework.cglib.transform.MethodVisitorTee#visitJumpInsn(int,Label):void	8d51cb44fa9db7450f41	413	917	1341	226
METHOD_ENTRY	org.springframework.cglib.transform.MethodVisitorTee#visitIincInsn(int,int):void	36350845c2663e36f14c	413	918	1342	102
METHOD_ENTRY	org.springframework.cglib.transform.MethodVisitorTee#visitTableSwitchInsn(int,int,Label,Label):void	01a3ffd780c4043eaf0b	413	951	1375	223
METHOD_EXIT	org.springframework.cglib.transform.MethodVisitorTee#visitTableSwitchInsn(int,int,Label,Label):void	0bce0450e4b31fbe6fa9	455	962	1428	240
METHOD_ENTRY	org.springframework.cglib.transform.MethodVisitorTee#visitLookupSwitchInsn(Label,int[],Label[]):void	c658582886d81f20b33a	413	938	1362	255
METHOD_EXIT	org.springframework.cglib.transform.MethodVisitorTee#visitLookupSwitchInsn(Label,int[],Label[]):void	1707ee2bf648357af741	455	949	1415	250
METHOD_EXIT	org.springframework.cglib.transform.MethodVisitorTee#visitJumpInsn(int,Label):void	a6dc60cdf0d7a8075368	455	928	1394	281
METHOD_EXIT	org.springframework.cglib.transform.MethodVisitorTee#visitIincInsn(int,int):void	35dafcfced0c92d78366	455	929	1395	228
METHOD_ENTRY	org.springframework.cglib.transform.MethodVisitorTee#visitTryCatchBlock(Label,Label,Label,String):void	ddb2f822fa658424d393	413	946	1370	298
METHOD_EXIT	org.springframework.cglib.transform.MethodVisitorTee#visitTryCatchBlock(Label,Label,Label,String):void	6b64b54b43a1340417f0	455	957	1423	333
METHOD_ENTRY	org.springframework.cglib.transform.MethodVisitorTee#visitLocalVariable(String,String,String,Label,Label,int):void	dcee408ebef16a4bba35	413	968	1392	194
METHOD_EXIT	org.springframework.cglib.transform.MethodVisitorTee#visitLocalVariable(String,String,String,Label,Label,int):void	41b33027c027ec7d979c	455	979	1445	298
METHOD_ENTRY	org.springframework.cglib.transform.MethodVisitorTee#visitLineNumber(int,Label):void	ee8b0e7505fd7546fca6	413	915	1339	237
METHOD_ENTRY	org.springframework.cglib.transform.MethodVisitorTee#visitMultiANewArrayInsn(String,int):void	091e39c933cbad8d49bc	413	926	1350	236
METHOD_ENTRY	org.springframework.cglib.transform.MethodVisitorTee#visitMaxs(int,int):void	929dd86ac85899355fe2	413	926	1350	147
METHOD_EXIT	org.springframework.cglib.transform.MethodVisitorTee#visitMaxs(int,int):void	ab34729f0edb0fcd947c	455	937	1403	252
METHOD_ENTRY	org.springframework.cglib.transform.MethodVisitorTee#visitEnd():void	b77a57ad7c4d536ada8e	413	890	1314	163
METHOD_EXIT	org.springframework.cglib.transform.MethodVisitorTee#visitEnd():void	1c8a4e9915e883a02669	455	901	1367	233
METHOD_EXIT	org.springframework.cglib.transform.MethodVisitorTee#visitMultiANewArrayInsn(String,int):void	2657deaad49a2220b64e	455	937	1403	202
METHOD_EXIT	org.springframework.cglib.transform.MethodVisitorTee#visitLineNumber(int,Label):void	4a73e0cca0a495c20ab6	455	926	1392	91
METHOD_ENTRY	org.springframework.cglib.transform.MethodVisitorTee#visitTypeAnnotation(int,TypePath,String,boolean):AnnotationVisitor	e2ec784261872aca2c97	413	963	1387	203
METHOD_EXIT	org.springframework.cglib.transform.MethodVisitorTee#visitTypeAnnotation(int,TypePath,String,boolean):AnnotationVisitor	44775eff7198f7115214	455	1041	1507	277
METHOD_EXIT	org.springframework.cglib.transform.MethodVisitorTee#visitParameter(String,int):void	b05ac70542a754076564	455	921	1387	240
METHOD_ENTRY	org.springframework.cglib.transform.MethodVisitorTee#visitInvokeDynamicInsn(String,String,Handle,Object):void	5df46704068f9323cb94	413	958	1382	231
METHOD_EXIT	org.springframework.cglib.transform.MethodVisitorTee#visitInvokeDynamicInsn(String,String,Handle,Object):void	e2ee351debdd91c36c0d	455	969	1435	284
METHOD_ENTRY	org.springframework.cglib.transform.MethodVisitorTee#visitInsnAnnotation(int,TypePath,String,boolean):AnnotationVisitor	6517bde1b9cbb620131a	413	963	1387	166
METHOD_ENTRY	org.springframework.cglib.core.Block#getCodeEmitter():CodeEmitter	8841a179d7d4660af46b	413	452	876	159
METHOD_EXIT	org.springframework.cglib.core.Block#getCodeEmitter():CodeEmitter	4bcab8f183e253e9cf89	455	527	993	131
METHOD_ENTRY	org.springframework.cglib.core.Block#end():void	df7abfbe7f0782373164	413	472	896	122
METHOD_EXIT	org.springframework.cglib.core.Block#end():void	239523e05f0377f7708a	455	483	949	230
METHOD_ENTRY	org.springframework.cglib.transform.MethodVisitorTee#visitTryCatchAnnotation(int,TypePath,String,boolean):AnnotationVisitor	2c3ddd23a046a3ea4eab	413	967	1391	230
METHOD_ENTRY	org.springframework.cglib.core.Block#getStart():Label	9fd5949bf87f07214921	413	448	872	78
METHOD_EXIT	org.springframework.cglib.transform.MethodVisitorTee#visitTryCatchAnnotation(int,TypePath,String,boolean):AnnotationVisitor	eb82e8246628ced2d816	455	1045	1511	254
METHOD_EXIT	org.springframework.cglib.core.Block#getStart():Label	1ad7b5dc63af5d6b1fb4	455	522	988	136
METHOD_ENTRY	org.springframework.cglib.core.Block#getEnd():Label	eaa6d9118da20d06f4df	413	448	872	248
METHOD_EXIT	org.springframework.cglib.transform.MethodVisitorTee#visitLocalVariableAnnotation(int,TypePath,Label[],Label[],int[],String,boolean):AnnotationVisitor	8c90cfd08345d039bbb2	455	1091	1557	282
METHOD_EXIT	org.springframework.cglib.core.Block#getEnd():Label	efbfa32f584b05635ee6	455	522	988	100
METHOD_ENTRY	org.springframework.cglib.transform.MethodVisitorTee#visitParameter(String,int):void	6a3d88466e1e2de357c7	413	910	1334	300
METHOD_EXIT	org.springframework.cglib.transform.MethodVisitorTee#visitInsnAnnotation(int,TypePath,String,boolean):AnnotationVisitor	cc70cbd37e5dde18e21b	455	1041	1507	314
METHOD_ENTRY	org.springframework.cglib.transform.MethodVisitorTee#visitLocalVariableAnnotation(int,TypePath,Label[],Label[],int[],String,boolean):AnnotationVisitor	eecca0a698d338d11c05	413	1013	1437	239
METHOD_ENTRY	org.springframework.cglib.core.DefaultGeneratorStrategy#generate(ClassGenerator):byte[]	a7ba30bfd5deda6e90ea	413	495	919	268
METHOD_EXIT	org.springframework.cglib.core.DefaultGeneratorStrategy#generate(ClassGenerator):byte[]	17591b7fe9e69e7f6847	455	572	1038	277
METHOD_ENTRY	org.springframework.cglib.core.DefaultGeneratorStrategy#getClassVisitor():DebuggingClassWriter	0095743d3b5733850d92	413	477	901	5
METHOD_EXIT	org.springframework.cglib.core.DefaultGeneratorStrategy#getClassVisitor():DebuggingClassWriter	b69925c419d86f547a60	455	554	1020	165
METHOD_ENTRY	org.springframework.cglib.core.DefaultGeneratorStrategy#getClassWriter():ClassWriter	5457acb5bff1a2a68b8b	413	507	931	5
METHOD_ENTRY	org.springframework.cglib.core.DefaultGeneratorStrategy#transform(byte[]):byte[]	08943fa6544372ac8f9e	413	465	889	97
METHOD_EXIT	org.springframework.cglib.core.DefaultGeneratorStrategy#transform(byte[]):byte[]	ba13ae9d8a1ba82b4b36	455	542	1008	81
METHOD_ENTRY	org.springframework.cglib.core.DefaultGeneratorStrategy#transform(ClassGenerator):ClassGenerator	b6fa0bc840bc9eb90a26	413	467	891	193
METHOD_EXIT	org.springframework.cglib.core.DefaultGeneratorStrategy#transform(ClassGenerator):ClassGenerator	e7934a6ece538bc357f2	455	545	1011	166
METHOD_ENTRY	org.springframework.cglib.core.internal.CustomizerRegistry#add(KeyFactoryCustomizer):void	fd443190c03cb394eb07	413	535	959	103
METHOD_ENTRY	org.springframework.cglib.core.internal.CustomizerRegistry#get(Class<T>):List<T>	f8531b3904d5fb74262c	413	507	931	255
METHOD_EXIT	org.springframework.cglib.core.internal.CustomizerRegistry#add(KeyFactoryCustomizer):void	48210a8072dbe2d1a011	455	546	1012	340
METHOD_EXIT	org.springframework.cglib.core.internal.CustomizerRegistry#get(Class<T>):List<T>	ce1cb879c457e8bc5e4b	455	585	1051	353
METHOD_EXIT	org.springframework.cglib.core.internal.CustomizerRegistry#singleton(Customizer):CustomizerRegistry	8585f333a4d78cb802e4	455	578	1044	247
METHOD_ENTRY	org.springframework.cglib.core.TinyBitSet#gcount(int):int	7c19ca6b4722e32bb36c	413	552	976	262
METHOD_EXIT	org.springframework.cglib.core.TinyBitSet#gcount(int):int	b87b1f69224a539642d4	455	629	1095	266
METHOD_ENTRY	org.springframework.cglib.core.TinyBitSet#topbit(int):int	bdabaace23ad98426086	413	555	979	265
METHOD_ENTRY	org.springframework.cglib.core.TinyBitSet#log2(int):int	1d32adbe3af1f9ba27e8	413	554	978	293
METHOD_EXIT	org.springframework.cglib.core.DefaultGeneratorStrategy#getClassWriter():ClassWriter	8fb5df547a949ec909d5	455	582	1048	134
METHOD_EXIT	org.springframework.cglib.core.TinyBitSet#topbit(int):int	153edd0b4977d4e92c7f	455	632	1098	336
METHOD_ENTRY	org.springframework.cglib.core.TinyBitSet#length():int	9ba69444890996acc98a	413	519	943	213
METHOD_EXIT	org.springframework.cglib.core.TinyBitSet#length():int	fb4b49988f2e25f2cc96	455	593	1059	290
METHOD_ENTRY	org.springframework.cglib.core.TinyBitSet#cardinality():int	df7783b7d08aabbbcfc4	413	556	980	318
METHOD_EXIT	org.springframework.cglib.core.TinyBitSet#cardinality():int	13be017c19eb138a2ff8	455	630	1096	297
METHOD_EXIT	org.springframework.cglib.core.TinyBitSet#get(int):boolean	0e9970468acab55245d3	455	606	1072	286
METHOD_ENTRY	org.springframework.cglib.core.TinyBitSet#get(int):boolean	1475778c32192ecd9218	413	529	953	182
METHOD_ENTRY	org.springframework.cglib.core.Local#getIndex():int	7e68d329dc49f46c9cee	413	421	845	94
METHOD_EXIT	org.springframework.cglib.core.TinyBitSet#log2(int):int	2191c117a5a4a38244de	455	631	1097	427
METHOD_ENTRY	org.springframework.cglib.core.TinyBitSet#set(int):void	073272ff41b7962a1b42	413	523	947	251
METHOD_ENTRY	org.springframework.cglib.core.TinyBitSet#clear(int):void	063a0a077f100e4f866b	413	524	948	234
METHOD_EXIT	org.springframework.cglib.core.TinyBitSet#set(int):void	d05d5919c89cd4c63537	455	534	1000	253
METHOD_EXIT	org.springframework.cglib.core.TinyBitSet#clear(int):void	ebcd7fbb3cab10b2907d	455	535	1001	273
METHOD_ENTRY	org.springframework.cglib.core.internal.CustomizerRegistry#singleton(Customizer):CustomizerRegistry	76965623d0ddfd8ff03a	413	499	923	133
METHOD_ENTRY	org.springframework.cglib.core.Local#getType():Type	5418457dddf34501a9f4	413	421	845	126
METHOD_EXIT	org.springframework.cglib.core.Local#getIndex():int	290868e3cfdfa5ec678f	455	495	961	113
METHOD_EXIT	org.springframework.cglib.core.Local#getType():Type	9c0006f117db599a726c	455	495	961	236
METHOD_EXIT	org.springframework.cglib.core.KeyFactory#customize(CodeEmitter,int,Type):void	903a91b6e5aa305d183d	455	959	1425	52
METHOD_ENTRY	org.springframework.cglib.core.KeyFactory#customize(CodeEmitter,int,Type):void	c179aec1b950d00b535f	413	948	1372	5
METHOD_ENTRY	org.springframework.cglib.core.KeyFactory#getOutType(int,Type):Type	db53be0a0ded1744a910	413	946	1370	5
METHOD_ENTRY	org.springframework.cglib.core.KeyFactory#create(Class):KeyFactory	26ec206b89253af304c7	413	970	1394	299
METHOD_ENTRY	org.springframework.cglib.core.KeyFactory#create(Class,KeyFactoryCustomizer,List<KeyFactoryCustomizer>):KeyFactory	6344ed2c5cda5bb73b4c	413	1013	1437	292
METHOD_ENTRY	org.springframework.cglib.core.KeyFactory#create(ClassLoader,Class,Customizer):KeyFactory	a62331288d9c27e3394b	413	1009	1433	220
METHOD_ENTRY	org.springframework.cglib.core.KeyFactory#create(Class,Customizer):KeyFactory	6520114820f42cc5a629	413	991	1415	315
METHOD_EXIT	org.springframework.cglib.core.KeyFactory#create(Class,KeyFactoryCustomizer,List<KeyFactoryCustomizer>):KeyFactory	7d7acf5bd3f074d8020c	455	1091	1557	282
METHOD_EXIT	org.springframework.cglib.core.KeyFactory#create(ClassLoader,Class,Customizer):KeyFactory	1405d8fd28794d4a7c18	455	1087	1553	238
METHOD_EXIT	org.springframework.cglib.core.KeyFactory#create(Class):KeyFactory	7a940aae7127c99cf29a	455	1048	1514	232
METHOD_EXIT	org.springframework.cglib.core.KeyFactory#create(Class,Customizer):KeyFactory	2626faf8a8a733ea1d0d	455	1069	1535	289
METHOD_EXIT	org.springframework.cglib.core.KeyFactory#getOutType(int,Type):Type	13a5e1e339c1c42ef482	455	957	1423	300
METHOD_ENTRY	org.springframework.cglib.core.KeyFactory#create(ClassLoader,Class,KeyFactoryCustomizer,List<KeyFactoryCustomizer>):KeyFactory	1bb2761ce9c58b106a70	413	1123	1547	264
METHOD_EXIT	org.springframework.cglib.core.KeyFactory#create(ClassLoader,Class,KeyFactoryCustomizer,List<KeyFactoryCustomizer>):KeyFactory	5163a6796eb7e609c0ad	455	1201	1667	294
METHOD_ENTRY	org.springframework.cglib.core.KeyFactory#getProtectionDomain():ProtectionDomain	2ffb08843537e79a1c7a	413	972	1396	51
METHOD_ENTRY	org.springframework.cglib.core.KeyFactory#setCustomizer(Customizer):void	e4905845b9528a09c47c	413	980	1404	75
METHOD_EXIT	org.springframework.cglib.core.KeyFactory#getDefaultClassLoader():ClassLoader	c7df6ed330210b51202b	455	1047	1513	250
METHOD_EXIT	org.springframework.cglib.core.KeyFactory#getProtectionDomain():ProtectionDomain	396b511ef0c7234c00ee	455	1047	1513	329
METHOD_ENTRY	org.springframework.cglib.core.KeyFactory#addCustomizer(KeyFactoryCustomizer):void	dc01b0ef61af4a0016f2	413	976	1400	201
METHOD_ENTRY	org.springframework.cglib.core.KeyFactory#getDefaultClassLoader():ClassLoader	25e878a50e325fb94dcc	413	972	1396	57
METHOD_EXIT	org.springframework.cglib.core.KeyFactory#addCustomizer(KeyFactoryCustomizer):void	f5550005ef3690c320e0	455	987	1453	126
METHOD_ENTRY	org.springframework.cglib.core.KeyFactory#getCustomizers(Class<T>):List<T>	d9a1d77119238ac13eb8	413	981	1405	234
METHOD_EXIT	org.springframework.cglib.core.KeyFactory#setCustomizer(Customizer):void	cd31255a70e6b77a894f	455	991	1457	311
METHOD_EXIT	org.springframework.cglib.core.KeyFactory#getCustomizers(Class<T>):List<T>	a430ae95d4944e3b0c96	455	1059	1525	174
METHOD_ENTRY	org.springframework.cglib.core.KeyFactory#setInterface(Class):void	e6e1f4680434d8a4e84e	413	970	1394	283
METHOD_ENTRY	org.springframework.cglib.core.KeyFactory#create():KeyFactory	e5122b29092dd050d4d0	413	977	1401	5
METHOD_EXIT	org.springframework.cglib.core.KeyFactory#setHashConstant(int):void	cc8d91bf94741eab47e8	455	979	1445	171
METHOD_ENTRY	org.springframework.cglib.core.KeyFactory#setHashConstant(int):void	26251b0eb35df9e985e5	413	968	1392	178
METHOD_EXIT	org.springframework.cglib.core.KeyFactory#create():KeyFactory	e81e708bbdab46e772fb	455	1052	1518	236
METHOD_ENTRY	org.springframework.cglib.core.KeyFactory#setHashMultiplier(int):void	59cb2e8c47182839f608	413	969	1393	118
METHOD_EXIT	org.springframework.cglib.core.KeyFactory#setHashMultiplier(int):void	7a62a14c492f3221116f	455	980	1446	128
METHOD_EXIT	org.springframework.cglib.core.KeyFactory#setInterface(Class):void	17739c40df6e27d5627b	455	981	1447	275
METHOD_EXIT	org.springframework.cglib.core.KeyFactory#firstInstance(Class):Object	81a7038ddb7488c9b5fc	455	1049	1515	258
METHOD_EXIT	org.springframework.cglib.core.KeyFactory#nextInstance(Object):Object	10e550e49a9a5e286228	455	1045	1511	109
METHOD_ENTRY	org.springframework.cglib.core.KeyFactory#nextInstance(Object):Object	7d8e4111d15df12c2bb6	413	968	1392	284
METHOD_ENTRY	org.springframework.cglib.core.KeyFactory#generateClass(ClassVisitor):void	9215dfad821dfe88d9c9	413	1839	2263	246
METHOD_EXIT	org.springframework.cglib.core.KeyFactory#generateClass(ClassVisitor):void	ea6900d74b99989110a0	455	1850	2316	261
METHOD_ENTRY	org.springframework.cglib.core.KeyFactory#getFieldName(int):String	53fa719a654976a9191a	413	970	1394	259
METHOD_ENTRY	org.springframework.cglib.core.Generator#getDefaultClassLoader():ClassLoader	28b96c02c2ee54408862	413	393	817	98
METHOD_ENTRY	org.springframework.cglib.core.KeyFactory#firstInstance(Class):Object	9e0b68bf31f20919c190	413	972	1396	207
METHOD_ENTRY	org.springframework.cglib.core.Generator#getProtectionDomain():ProtectionDomain	53aac40d16c0d824a4e9	413	393	817	5
METHOD_EXIT	org.springframework.cglib.core.Generator#getDefaultClassLoader():ClassLoader	15c0292fbf68f8f221d6	455	468	934	44
METHOD_ENTRY	org.springframework.cglib.core.Generator#setCustomizer(Customizer):void	7864a41d84229e315108	413	401	825	96
METHOD_EXIT	org.springframework.cglib.core.Generator#getProtectionDomain():ProtectionDomain	c972a31388d49dbfe12d	455	468	934	296
METHOD_EXIT	org.springframework.cglib.core.Generator#setCustomizer(Customizer):void	3617ececa5a27be0925a	455	412	878	100
METHOD_ENTRY	org.springframework.cglib.core.Generator#addCustomizer(KeyFactoryCustomizer):void	1499d3cee5d65722e828	413	397	821	238
METHOD_ENTRY	org.springframework.cglib.core.Generator#getCustomizers(Class<T>):List<T>	be3674975f8ce7b79d73	413	402	826	233
METHOD_EXIT	org.springframework.cglib.core.Generator#getCustomizers(Class<T>):List<T>	b91e8195842f0ac87ebb	455	480	946	227
METHOD_EXIT	org.springframework.cglib.core.KeyFactory#getFieldName(int):String	de23d6bd5a0029271225	455	1047	1513	311
METHOD_ENTRY	org.springframework.cglib.core.Generator#setInterface(Class):void	d7b3136c3fa595b1fbdf	413	391	815	68
METHOD_EXIT	org.springframework.cglib.core.Generator#setInterface(Class):void	ff317000d64683bae1b4	455	402	868	69
METHOD_ENTRY	org.springframework.cglib.core.Generator#create():KeyFactory	9d2b9a0cdf5d98fb6d36	413	398	822	5
METHOD_EXIT	org.springframework.cglib.core.Generator#create():KeyFactory	f1caf7c13f27f1244a7a	455	473	939	254
METHOD_ENTRY	org.springframework.cglib.core.Generator#setHashConstant(int):void	9e8fb99f5d19e2e32f50	413	389	813	132
METHOD_EXIT	org.springframework.cglib.core.Generator#setHashConstant(int):void	423d8ec520796c9fd930	455	400	866	55
METHOD_EXIT	org.springframework.cglib.core.Generator#addCustomizer(KeyFactoryCustomizer):void	ec8cba6ed36f0e965bdf	455	408	874	99
METHOD_EXIT	org.springframework.cglib.core.Generator#setHashMultiplier(int):void	d247483597f49feb88fe	455	401	867	166
METHOD_ENTRY	org.springframework.cglib.core.Generator#firstInstance(Class):Object	210a41356c37fdfae513	413	393	817	258
METHOD_ENTRY	org.springframework.cglib.core.Generator#nextInstance(Object):Object	c135253ba592a91dcc7b	413	389	813	65
METHOD_EXIT	org.springframework.cglib.core.Generator#firstInstance(Class):Object	5a3668c2bbb038c09812	455	470	936	267
METHOD_EXIT	org.springframework.cglib.core.Generator#nextInstance(Object):Object	e15e7045b1667c15c516	455	466	932	80
METHOD_ENTRY	org.springframework.cglib.core.Generator#generateClass(ClassVisitor):void	a06dc7615070c63b547c	413	1260	1684	262
METHOD_ENTRY	org.springframework.cglib.core.Generator#setHashMultiplier(int):void	95a4364f822f61438157	413	390	814	52
METHOD_ENTRY	org.springframework.cglib.core.CodeGenerationException#getCause():Throwable	88d3ee274d4620cadbdc	413	444	868	53
METHOD_EXIT	org.springframework.cglib.core.CodeGenerationException#getCause():Throwable	88d4fc9211455faf7d8f	455	518	984	153
METHOD_ENTRY	org.springframework.cglib.core.Generator#getFieldName(int):String	99ba12046f668bc0127a	413	391	815	204
METHOD_EXIT	org.springframework.cglib.core.Generator#getFieldName(int):String	73eb061a20bec7e5a760	455	468	934	280
METHOD_EXIT	org.springframework.cglib.core.Generator#generateClass(ClassVisitor):void	75483f06fb86019f6153	455	1271	1737	259
METHOD_EXIT	org.springframework.cglib.core.DebuggingClassWriter#getClassName():String	596b3427268c546f3b79	455	562	1028	187
METHOD_ENTRY	org.springframework.cglib.core.DebuggingClassWriter#getClassName():String	4cce7c392861ddf08f72	413	488	912	251
METHOD_ENTRY	org.springframework.cglib.core.DebuggingClassWriter#visit(int,int,String,String,String,String[]):void	e7f8919ba39d57ebd99a	413	577	1001	256
METHOD_EXIT	org.springframework.cglib.core.DebuggingClassWriter#visit(int,int,String,String,String,String[]):void	0dbda1db19f67259742c	455	588	1054	258
METHOD_ENTRY	org.springframework.cglib.core.DebuggingClassWriter#getSuperName():String	442c37dfc0216c1ce38b	413	488	912	118
METHOD_ENTRY	org.springframework.cglib.core.DebuggingClassWriter#toByteArray():byte[]	300526be57f6ba69c858	413	740	1164	303
METHOD_ENTRY	org.springframework.cglib.core.ClassNameReader#getClassName(ClassReader):String	a7847a95da2f2a4dde9a	413	446	870	280
METHOD_EXIT	org.springframework.cglib.core.ClassNameReader#getClassName(ClassReader):String	d8a1ac97c53bfcb27eb8	455	523	989	253
METHOD_ENTRY	org.springframework.cglib.core.ClassNameReader#getClassInfo(ClassReader):String[]	2136460641697c86c3ea	413	590	1014	200
METHOD_EXIT	org.springframework.cglib.core.ClassNameReader#getClassInfo(ClassReader):String[]	b6465c11c608cf6915a8	455	667	1133	312
METHOD_EXIT	org.springframework.cglib.core.DebuggingClassWriter#toByteArray():byte[]	0cd8e489e3bb8a090dd3	455	814	1280	285
METHOD_EXIT	org.springframework.cglib.core.ClassNameReader#visit(int,int,String,String,String,String[]):void	0941e989b82023de4480	455	429	895	5
METHOD_ENTRY	org.springframework.cglib.core.ClassNameReader#visit(int,int,String,String,String,String[]):void	5f42d76a9698518572f7	413	418	842	208
METHOD_EXIT	org.springframework.cglib.core.ClassLoaderAwareGeneratorStrategy#generate(ClassGenerator):byte[]	0562914aa0ce8ea1771a	455	748	1214	277
METHOD_ENTRY	org.springframework.cglib.core.ClassLoaderAwareGeneratorStrategy#generate(ClassGenerator):byte[]	357977b00341e0ac5fd3	413	671	1095	277
METHOD_EXIT	org.springframework.cglib.core.DebuggingClassWriter#getSuperName():String	58b34a5accfc031db3d0	455	562	1028	273
METHOD_EXIT	org.springframework.cglib.core.AsmApi#value():int	2591a545704a78ed5109	455	487	953	87
METHOD_ENTRY	org.springframework.cglib.core.AsmApi#value():int	41a0c087261081eda96f	413	413	837	187
METHOD_ENTRY	org.springframework.cglib.core.ClassesKey#create(Object[]):Object	66b036f3012a0f6c048b	413	429	853	246
METHOD_EXIT	org.springframework.cglib.core.VisibilityPredicate#evaluate(Object):boolean	7d8c9a7ee99f4538c5d5	455	642	1108	486
METHOD_EXIT	org.springframework.cglib.core.ClassesKey#create(Object[]):Object	e9d81f2ff6722c0edb5e	455	506	972	277
METHOD_ENTRY	org.springframework.cglib.core.ClassesKey#classNames(Object[]):String[]	25c08a01bcf70cce627d	413	519	943	288
METHOD_EXIT	org.springframework.cglib.core.ClassesKey#classNames(Object[]):String[]	eaba4f9f576929d5e10e	455	596	1062	360
METHOD_ENTRY	org.springframework.cglib.core.VisibilityPredicate#evaluate(Object):boolean	d8479b55aa58e9fe46c1	413	565	989	342
METHOD_ENTRY	org.springframework.cglib.core.DuplicatesPredicate#evaluate(Object):boolean	36b09756c7f39e45e632	413	452	876	271
METHOD_ENTRY	org.springframework.cglib.core.DuplicatesPredicate#getClassLoader(Class):ClassLoader	c6be5388584a73d9e785	413	494	918	272
METHOD_ENTRY	org.springframework.cglib.core.DuplicatesPredicate#addSuspectMethod(Method):void	73bd22c4f114cbe3ad08	413	447	871	236
METHOD_EXIT	org.springframework.cglib.core.DuplicatesPredicate#getClassLoader(Class):ClassLoader	dbdaf3fa68b608fc1802	455	572	1038	323
METHOD_EXIT	org.springframework.cglib.core.DuplicatesPredicate#visit(int,int,String,String,String,String[]):void	1365c9b9ea3cd7d9858a	455	497	963	271
METHOD_EXIT	org.springframework.cglib.core.DuplicatesPredicate#visitMethod(int,String,String,String,String[]):MethodVisitor	a69c7bec4a284290ea5f	455	703	1169	317
METHOD_ENTRY	org.springframework.cglib.core.DuplicatesPredicate#visitMethodInsn(int,String,String,String,boolean):void	7349c7bc2f38fa49db7e	413	422	846	156
METHOD_ENTRY	org.springframework.cglib.core.UnnecessaryBridgeFinder#addSuspectMethod(Method):void	d4fa963782a7dc919b43	413	398	822	260
METHOD_ENTRY	org.springframework.cglib.core.DuplicatesPredicate#visit(int,int,String,String,String,String[]):void	68cca1b1545e281a399c	413	486	910	209
METHOD_ENTRY	org.springframework.cglib.core.DuplicatesPredicate#visitMethod(int,String,String,String,String[]):MethodVisitor	afa8824fec6b7921dda9	413	625	1049	282
METHOD_EXIT	org.springframework.cglib.core.DuplicatesPredicate#visitMethodInsn(int,String,String,String,boolean):void	c3184081357b38c111d2	455	433	899	223
METHOD_EXIT	org.springframework.cglib.core.DuplicatesPredicate#addSuspectMethod(Method):void	eefc001bd8a6b0dedd69	455	458	924	342
METHOD_ENTRY	org.springframework.cglib.core.UnnecessaryBridgeFinder#visit(int,int,String,String,String,String[]):void	49f8a2cafbb936003a88	413	437	861	277
METHOD_EXIT	org.springframework.cglib.core.UnnecessaryBridgeFinder#visit(int,int,String,String,String,String[]):void	3209bb77e329ce842ace	455	448	914	250
METHOD_ENTRY	org.springframework.cglib.core.UnnecessaryBridgeFinder#visitMethod(int,String,String,String,String[]):MethodVisitor	1ae5d116ae5fb2fc71ab	413	576	1000	232
METHOD_ENTRY	org.springframework.cglib.core.UnnecessaryBridgeFinder#visitMethodInsn(int,String,String,String,boolean):void	e7e4469ee334020c89a4	413	376	800	5
METHOD_EXIT	org.springframework.cglib.core.UnnecessaryBridgeFinder#visitMethod(int,String,String,String,String[]):MethodVisitor	b7ddea7cd1914f17ce9d	455	654	1120	326
METHOD_EXIT	org.springframework.cglib.core.UnnecessaryBridgeFinder#addSuspectMethod(Method):void	92564cb8fd970ba763df	455	409	875	291
METHOD_ENTRY	org.springframework.cglib.core.SpringNamingPolicy#getClassName(String,String,Object,Predicate):String	21b0eaeedceb003f9a7b	413	800	1224	307
METHOD_EXIT	org.springframework.cglib.core.SpringNamingPolicy#getClassName(String,String,Object,Predicate):String	92f229930aa1dc0aaac8	455	877	1343	436
METHOD_EXIT	org.springframework.cglib.core.DuplicatesPredicate#evaluate(Object):boolean	a4453a7dfc33e9bb666f	455	529	995	306
METHOD_EXIT	org.springframework.cglib.core.UnnecessaryBridgeFinder#visitMethodInsn(int,String,String,String,boolean):void	386d03bdd2fb72c075f3	455	387	853	5
METHOD_EXIT	org.springframework.cglib.core.CodeEmitter#isStaticHook():boolean	752e8076b94562d704d4	455	2147	2613	47
METHOD_EXIT	org.springframework.cglib.core.CodeEmitter#getSignature():Signature	b41846e7efb2fb7cc169	455	2145	2611	175
METHOD_ENTRY	org.springframework.cglib.core.CodeEmitter#isStaticHook():boolean	a0f8f55fbea6ab2407c3	413	2073	2497	237
METHOD_EXIT	org.springframework.cglib.core.CodeEmitter#getReturnType():Type	dff28f6395df390a33cd	455	2150	2616	269
METHOD_ENTRY	org.springframework.cglib.core.CodeEmitter#getSignature():Signature	e3d8e9bc07db2dbad3c1	413	2071	2495	108
METHOD_ENTRY	org.springframework.cglib.core.CodeEmitter#getReturnType():Type	e8aad4be43ad35ecb014	413	2076	2500	179
METHOD_ENTRY	org.springframework.cglib.core.CodeEmitter#end_method():void	27a6861053ba1a78ac67	413	2078	2502	219
METHOD_ENTRY	org.springframework.cglib.core.CodeEmitter#getClassEmitter():ClassEmitter	ee54910c04f7d4192ee7	413	2074	2498	208
METHOD_ENTRY	org.springframework.cglib.core.CodeEmitter#begin_block():Block	e2f5b77de4c19e8564c4	413	2073	2497	217
METHOD_EXIT	org.springframework.cglib.core.CodeEmitter#begin_block():Block	61a086e806754ceaccce	455	2147	2613	232
METHOD_EXIT	org.springframework.cglib.core.CodeEmitter#end_method():void	60ca83fd70f06010d9ae	455	2089	2555	72
METHOD_EXIT	org.springframework.cglib.core.CodeEmitter#getMethodInfo():MethodInfo	a63a80353a7b3ac777f6	455	2149	2615	202
METHOD_EXIT	org.springframework.cglib.core.CodeEmitter#getClassEmitter():ClassEmitter	fd6beddc497d8f9afcb9	455	2149	2615	135
METHOD_ENTRY	org.springframework.cglib.core.CodeEmitter#getMethodInfo():MethodInfo	166cd7156d97c5995860	413	2074	2498	87
METHOD_ENTRY	org.springframework.cglib.core.CodeEmitter#catch_exception(Block,Type):void	ebed224aefd430a4a6fa	413	2135	2559	228
METHOD_EXIT	org.springframework.cglib.core.CodeEmitter#goTo(Label):void	1f2e619af1b88b990888	455	2094	2560	241
METHOD_EXIT	org.springframework.cglib.core.CodeEmitter#catch_exception(Block,Type):void	972b277ddf810d0491c3	455	2146	2612	270
METHOD_ENTRY	org.springframework.cglib.core.CodeEmitter#goTo(Label):void	4cf0593686f5233abc02	413	2083	2507	296
METHOD_ENTRY	org.springframework.cglib.core.CodeEmitter#ifnull(Label):void	fe00989d030a873b1cfe	413	2082	2506	118
METHOD_ENTRY	org.springframework.cglib.core.CodeEmitter#ifnonnull(Label):void	7bdab83b31a91d719e71	413	2083	2507	123
METHOD_EXIT	org.springframework.cglib.core.CodeEmitter#ifnull(Label):void	02f57ceb0d4d5827172c	455	2093	2559	254
METHOD_EXIT	org.springframework.cglib.core.CodeEmitter#ifnonnull(Label):void	12003de94e3fdb71a091	455	2094	2560	275
METHOD_ENTRY	org.springframework.cglib.core.CodeEmitter#if_jump(int,Label):void	a10c5baa4ff7e1dccc52	413	2090	2514	213
METHOD_EXIT	org.springframework.cglib.core.CodeEmitter#if_jump(int,Label):void	40a1edea37fcd66ad318	455	2101	2567	246
METHOD_ENTRY	org.springframework.cglib.core.CodeEmitter#if_icmp(int,Label):void	62856584fba55ce501b4	413	2094	2518	179
METHOD_EXIT	org.springframework.cglib.core.CodeEmitter#if_icmp(int,Label):void	be081396fe4c99480e20	455	2105	2571	272
METHOD_ENTRY	org.springframework.cglib.core.CodeEmitter#pop():void	cdb1b34692416d61d29f	413	2073	2497	70
METHOD_ENTRY	org.springframework.cglib.core.CodeEmitter#if_cmp(Type,int,Label):void	fbd3668f15bc059f77ef	413	2408	2832	285
METHOD_EXIT	org.springframework.cglib.core.CodeEmitter#if_cmp(Type,int,Label):void	012c118601edd5c30018	455	2419	2885	337
METHOD_ENTRY	org.springframework.cglib.core.CodeEmitter#pop2():void	33deb25cdea087ad921c	413	2076	2500	56
METHOD_EXIT	org.springframework.cglib.core.CodeEmitter#pop2():void	74908e843d6531b07b04	455	2087	2553	61
METHOD_EXIT	org.springframework.cglib.core.CodeEmitter#pop():void	80f1992e81254b2340c0	455	2084	2550	63
METHOD_ENTRY	org.springframework.cglib.core.CodeEmitter#dup():void	4f80f84ab7fd7ddb2ec4	413	2073	2497	5
METHOD_EXIT	org.springframework.cglib.core.CodeEmitter#dup():void	fb2c940c17aba3ed8d9d	455	2084	2550	73
METHOD_ENTRY	org.springframework.cglib.core.CodeEmitter#dup_x1():void	d60f727d00428172f861	413	2079	2503	5
METHOD_EXIT	org.springframework.cglib.core.CodeEmitter#dup2():void	b22eacc2f00d35f17e85	455	2087	2553	68
METHOD_ENTRY	org.springframework.cglib.core.CodeEmitter#dup2():void	b8f2244630944c3568e5	413	2076	2500	5
METHOD_ENTRY	org.springframework.cglib.core.CodeEmitter#dup_x2():void	52023549a16630525df5	413	2079	2503	5
METHOD_EXIT	org.springframework.cglib.core.CodeEmitter#dup_x1():void	f207e0aa3a47ab721391	455	2090	2556	72
METHOD_ENTRY	org.springframework.cglib.core.CodeEmitter#dup2_x1():void	266f920b6262b4255041	413	2082	2506	211
METHOD_EXIT	org.springframework.cglib.core.CodeEmitter#dup2_x1():void	09cff27387701c17859d	455	2093	2559	59
METHOD_EXIT	org.springframework.cglib.core.CodeEmitter#dup_x2():void	57217d2ec3ba93518031	455	2090	2556	82
METHOD_ENTRY	org.springframework.cglib.core.CodeEmitter#dup2_x2():void	9ab93d93a9cab64c5a06	413	2082	2506	292
METHOD_EXIT	org.springframework.cglib.core.CodeEmitter#dup2_x2():void	51432f4a5f640cae06b9	455	2093	2559	5
METHOD_ENTRY	org.springframework.cglib.core.CodeEmitter#swap():void	397193baa8a67939824f	413	2074	2498	251
METHOD_EXIT	org.springframework.cglib.core.CodeEmitter#swap():void	b84f6dac427757176314	455	2085	2551	5
METHOD_ENTRY	org.springframework.cglib.core.CodeEmitter#aconst_null():void	0cbef971cdbb3bccfbaa	413	2078	2502	5
METHOD_ENTRY	org.springframework.cglib.core.CodeEmitter#swap(Type,Type):void	effbf919c4bf494b2b32	413	2186	2610	246
METHOD_EXIT	org.springframework.cglib.core.CodeEmitter#aconst_null():void	43ed64bbb9803ea49355	455	2089	2555	171
METHOD_ENTRY	org.springframework.cglib.core.CodeEmitter#monitorenter():void	82f2075032a24733f122	413	2078	2502	5
METHOD_EXIT	org.springframework.cglib.core.CodeEmitter#swap(Type,Type):void	0735823a9daaeac85eea	455	2197	2663	415
METHOD_EXIT	org.springframework.cglib.core.CodeEmitter#monitorenter():void	598fb4c3c2ac38f174cf	455	2089	2555	220
METHOD_EXIT	org.springframework.cglib.core.CodeEmitter#monitorexit():void	681762ec1cb087b5b215	455	2091	2557	75
METHOD_ENTRY	org.springframework.cglib.core.CodeEmitter#math(int,Type):void	bce455117007e6d0dd2d	413	2089	2513	353
METHOD_ENTRY	org.springframework.cglib.core.CodeEmitter#monitorexit():void	869bdf7e78f692436c5c	413	2080	2504	5
METHOD_ENTRY	org.springframework.cglib.core.CodeEmitter#array_load(Type):void	f35767a1d5bec171c945	413	2083	2507	283
METHOD_EXIT	org.springframework.cglib.core.CodeEmitter#math(int,Type):void	a3071ce982ce2a4d0a54	455	2100	2566	354
METHOD_EXIT	org.springframework.cglib.core.CodeEmitter#array_load(Type):void	b733761fbf1e0fad4a96	455	2094	2560	249
METHOD_EXIT	org.springframework.cglib.core.CodeEmitter#array_store(Type):void	fe5ebe5ba4bd6b42e99e	455	2095	2561	336
METHOD_ENTRY	org.springframework.cglib.core.CodeEmitter#array_store(Type):void	2e8ba38e3c441a1e0cbf	413	2084	2508	291
METHOD_ENTRY	org.springframework.cglib.core.CodeEmitter#cast_numeric(Type,Type):void	f45ba06690f09e9992f5	413	2498	2922	343
METHOD_EXIT	org.springframework.cglib.core.CodeEmitter#cast_numeric(Type,Type):void	a878412ee4d4d305eb50	455	2509	2975	398
METHOD_ENTRY	org.springframework.cglib.core.CodeEmitter#push(long):void	12d128e04a70a4599b68	413	2113	2537	260
METHOD_EXIT	org.springframework.cglib.core.CodeEmitter#push(long):void	d96aecefc08fcd248647	455	2124	2590	292
METHOD_ENTRY	org.springframework.cglib.core.CodeEmitter#push(float):void	94179f79b8ebf2278fa0	413	2119	2543	295
METHOD_EXIT	org.springframework.cglib.core.CodeEmitter#push(int):void	677e01258ba6ac14e58b	455	2191	2657	366
METHOD_ENTRY	org.springframework.cglib.core.CodeEmitter#push(int):void	75f3f7afa9fd4f8e60b0	413	2180	2604	259
METHOD_ENTRY	org.springframework.cglib.core.CodeEmitter#push(double):void	b512fd9d0f8788557655	413	2113	2537	270
METHOD_EXIT	org.springframework.cglib.core.CodeEmitter#push(double):void	5448a551aa53021d7d5d	455	2124	2590	377
METHOD_EXIT	org.springframework.cglib.core.CodeEmitter#push(float):void	be85d932f85dd9a78d48	455	2130	2596	298
METHOD_ENTRY	org.springframework.cglib.core.CodeEmitter#newarray():void	4fc6f05ddbf230726b76	413	2074	2498	5
METHOD_EXIT	org.springframework.cglib.core.CodeEmitter#push(String):void	d55ebcf5332a6759b115	455	2089	2555	239
METHOD_ENTRY	org.springframework.cglib.core.CodeEmitter#push(String):void	20455c2252e73d884354	413	2078	2502	308
METHOD_EXIT	org.springframework.cglib.core.CodeEmitter#newarray():void	f8fb78cbea03704b52cc	455	2085	2551	200
METHOD_ENTRY	org.springframework.cglib.core.CodeEmitter#newarray(Type):void	c6bb27dcbc5589a35cb1	413	2117	2541	303
METHOD_ENTRY	org.springframework.cglib.core.CodeEmitter#arraylength():void	f78c12f31adb57a08224	413	2077	2501	56
METHOD_EXIT	org.springframework.cglib.core.CodeEmitter#newarray(Type):void	01bed2b7c69b02ae56ad	455	2128	2594	278
METHOD_ENTRY	org.springframework.cglib.core.CodeEmitter#load_this():void	b172b715a5a607f26877	413	2109	2533	129
METHOD_EXIT	org.springframework.cglib.core.CodeEmitter#load_this():void	31dbb9983f8d6644d4a3	455	2120	2586	290
METHOD_EXIT	org.springframework.cglib.core.CodeEmitter#arraylength():void	92d15911291046053d9e	455	2088	2554	5
METHOD_ENTRY	org.springframework.cglib.core.CodeEmitter#load_args():void	176b8b8ca55211763f7e	413	2078	2502	83
METHOD_EXIT	org.springframework.cglib.core.CodeEmitter#load_args():void	5110a1f50349ab5c510e	455	2089	2555	281
METHOD_ENTRY	org.springframework.cglib.core.CodeEmitter#load_args(int,int):void	43c059ac763379844fd4	413	2141	2565	249
METHOD_EXIT	org.springframework.cglib.core.CodeEmitter#load_arg(int):void	43406e5eb833f2d811db	455	2100	2566	324
METHOD_ENTRY	org.springframework.cglib.core.CodeEmitter#load_arg(int):void	7b9ce57cfff167ec5ca5	413	2089	2513	276
METHOD_EXIT	org.springframework.cglib.core.CodeEmitter#load_args(int,int):void	8f62763bd1aea37e0874	455	2152	2618	297
METHOD_ENTRY	org.springframework.cglib.core.CodeEmitter#skipArgs(int):int	c4fe7281df8c77d43066	413	2117	2541	287
METHOD_EXIT	org.springframework.cglib.core.CodeEmitter#load_local(Type,int):void	8b2af1d933e5d1f5efbe	455	2118	2584	261
METHOD_ENTRY	org.springframework.cglib.core.CodeEmitter#load_local(Type,int):void	afd358cc3ba4cd2a7272	413	2107	2531	262
METHOD_ENTRY	org.springframework.cglib.core.CodeEmitter#store_local(Type,int):void	e7d05e23ac0a2f35abb6	413	2107	2531	270
METHOD_EXIT	org.springframework.cglib.core.CodeEmitter#store_local(Type,int):void	d5cd77209fc8f1f0271f	455	2118	2584	286
METHOD_EXIT	org.springframework.cglib.core.CodeEmitter#iinc(Local,int):void	fdae5da65cdbd542a166	455	2104	2570	272
METHOD_ENTRY	org.springframework.cglib.core.CodeEmitter#store_local(Local):void	f5116f2513c612127f01	413	2083	2507	172
METHOD_EXIT	org.springframework.cglib.core.CodeEmitter#store_local(Local):void	000e6a9bfdbe3e9a3012	455	2094	2560	165
METHOD_ENTRY	org.springframework.cglib.core.CodeEmitter#load_local(Local):void	09bdef8d481e51f60b51	413	2083	2507	161
METHOD_EXIT	org.springframework.cglib.core.CodeEmitter#skipArgs(int):int	512d22198ccf5d415fb8	455	2194	2660	296
METHOD_ENTRY	org.springframework.cglib.core.CodeEmitter#iinc(Local,int):void	6c89804e6543e39bd7ad	413	2093	2517	200
METHOD_EXIT	org.springframework.cglib.core.CodeEmitter#load_local(Local):void	a4d717c02fff1f241b71	455	2094	2560	172
METHOD_ENTRY	org.springframework.cglib.core.CodeEmitter#return_value():void	473f984000cf633a4e28	413	2083	2507	223
METHOD_EXIT	org.springframework.cglib.core.CodeEmitter#return_value():void	ae5b53e7bfed0a1035ea	455	2094	2560	163
METHOD_ENTRY	org.springframework.cglib.core.CodeEmitter#getfield(String):void	69d3b54720d29fb0254f	413	2121	2545	271
METHOD_EXIT	org.springframework.cglib.core.CodeEmitter#getfield(String):void	b0304a276a05a3b8953d	455	2132	2598	301
METHOD_ENTRY	org.springframework.cglib.core.CodeEmitter#putfield(String):void	9aa703518957722d3b63	413	2123	2547	201
METHOD_ENTRY	org.springframework.cglib.core.CodeEmitter#super_putfield(String,Type):void	3c66b3531f80fdd9fa84	413	2102	2526	183
METHOD_EXIT	org.springframework.cglib.core.CodeEmitter#super_putfield(String,Type):void	0e2c5fc1cdea330075db	455	2113	2579	211
METHOD_EXIT	org.springframework.cglib.core.CodeEmitter#super_getfield(String,Type):void	fc6d982e62da79d2fea9	455	2112	2578	262
METHOD_ENTRY	org.springframework.cglib.core.CodeEmitter#super_getstatic(String,Type):void	d9f4180ba61248c31f5b	413	2101	2525	255
METHOD_EXIT	org.springframework.cglib.core.CodeEmitter#super_getstatic(String,Type):void	484451f67fa3fd4c1382	455	2112	2578	273
METHOD_ENTRY	org.springframework.cglib.core.CodeEmitter#super_putstatic(String,Type):void	3201e02cf61be07aa308	413	2101	2525	284
METHOD_ENTRY	org.springframework.cglib.core.CodeEmitter#super_getfield(String,Type):void	b7b9a8aa47fb942e6c98	413	2101	2525	177
METHOD_ENTRY	org.springframework.cglib.core.CodeEmitter#putfield(Type,String,Type):void	ba7751e09c6227ad8958	413	2106	2530	187
METHOD_EXIT	org.springframework.cglib.core.CodeEmitter#super_putstatic(String,Type):void	9f72a86b9de62cce4a77	455	2112	2578	258
METHOD_ENTRY	org.springframework.cglib.core.CodeEmitter#getfield(Type,String,Type):void	3b4c6190162ebbd933f8	413	2104	2528	194
METHOD_EXIT	org.springframework.cglib.core.CodeEmitter#getfield(Type,String,Type):void	5c695eabe67ddf5bf8a2	455	2115	2581	258
METHOD_ENTRY	org.springframework.cglib.core.CodeEmitter#getstatic(Type,String,Type):void	d43ab949f105d0587b26	413	2104	2528	314
METHOD_EXIT	org.springframework.cglib.core.CodeEmitter#putfield(Type,String,Type):void	d0443d524997baeffb83	455	2117	2583	244
METHOD_EXIT	org.springframework.cglib.core.CodeEmitter#getstatic(Type,String,Type):void	e2dd6bd6255f605e1b69	455	2115	2581	270
METHOD_ENTRY	org.springframework.cglib.core.CodeEmitter#putstatic(Type,String,Type):void	eb4844fd5f090f38418b	413	2105	2529	200
METHOD_EXIT	org.springframework.cglib.core.CodeEmitter#putstatic(Type,String,Type):void	f11e8881be32b3452a35	455	2116	2582	318
METHOD_EXIT	org.springframework.cglib.core.CodeEmitter#emit_field(int,Type,String,Type):void	8a2a04b95cd9bbbebcb6	455	2139	2605	303
METHOD_ENTRY	org.springframework.cglib.core.CodeEmitter#emit_field(int,Type,String,Type):void	081785fad2941e881a1d	413	2128	2552	263
METHOD_EXIT	org.springframework.cglib.core.CodeEmitter#putfield(String):void	5dc2456efd28efe3ceed	455	2134	2600	274
METHOD_ENTRY	org.springframework.cglib.core.CodeEmitter#super_invoke():void	a15cb752b4e8bc335b0b	413	2076	2500	242
METHOD_EXIT	org.springframework.cglib.core.CodeEmitter#super_invoke():void	f5c61910a1babdbcfd60	455	2087	2553	239
METHOD_ENTRY	org.springframework.cglib.core.CodeEmitter#super_invoke(Signature):void	d487717500e4dd69407a	413	2096	2520	233
METHOD_EXIT	org.springframework.cglib.core.CodeEmitter#super_invoke(Signature):void	42b1be47d4f9c714d0c3	455	2107	2573	290
METHOD_EXIT	org.springframework.cglib.core.CodeEmitter#invoke_constructor(Type):void	97310047dfaa6c8bcc8f	455	2093	2559	264
METHOD_ENTRY	org.springframework.cglib.core.CodeEmitter#super_invoke_constructor():void	07efd711d89b42fa5514	413	2081	2505	95
METHOD_ENTRY	org.springframework.cglib.core.CodeEmitter#invoke_constructor(Type):void	01f9d65933176aad37c5	413	2082	2506	241
METHOD_ENTRY	org.springframework.cglib.core.CodeEmitter#invoke_constructor_this():void	f59e371295b7cb97207f	413	2079	2503	208
METHOD_EXIT	org.springframework.cglib.core.CodeEmitter#invoke_constructor_this():void	124752de5fe3644b47f1	455	2090	2556	5
METHOD_ENTRY	org.springframework.cglib.core.CodeEmitter#emit_invoke(int,Type,Signature,boolean):void	9a7c5118a3e8b60c0668	413	2184	2608	290
METHOD_EXIT	org.springframework.cglib.core.CodeEmitter#emit_invoke(int,Type,Signature,boolean):void	60e1b7b64a3f3593f428	455	2195	2661	349
METHOD_ENTRY	org.springframework.cglib.core.CodeEmitter#invoke_interface(Type,Signature):void	ed6e2b85d71dbdd49df7	413	2100	2524	219
METHOD_EXIT	org.springframework.cglib.core.CodeEmitter#invoke_interface(Type,Signature):void	0da42c0d8da5eb3fc8b3	455	2111	2577	264
METHOD_ENTRY	org.springframework.cglib.core.CodeEmitter#invoke_virtual(Type,Signature):void	0490b9bbfa6f5d727414	413	2099	2523	280
METHOD_ENTRY	org.springframework.cglib.core.CodeEmitter#invoke_static(Type,Signature):void	e581f22e62f920bb7ef0	413	2095	2519	181
METHOD_EXIT	org.springframework.cglib.core.CodeEmitter#invoke_virtual(Type,Signature):void	56636d5d3a9730081f06	455	2110	2576	278
METHOD_EXIT	org.springframework.cglib.core.CodeEmitter#invoke_static(Type,Signature):void	7b29032498c9f1b5b758	455	2106	2572	270
METHOD_EXIT	org.springframework.cglib.core.CodeEmitter#super_invoke_constructor():void	635799090379eefbd23b	455	2092	2558	252
METHOD_ENTRY	org.springframework.cglib.core.CodeEmitter#invoke_static(Type,Signature,boolean):void	19a669ec1c1a4914a397	413	2112	2536	147
METHOD_EXIT	org.springframework.cglib.core.CodeEmitter#invoke_static(Type,Signature,boolean):void	4225c74bb576f6272ff8	455	2123	2589	241
METHOD_EXIT	org.springframework.cglib.core.CodeEmitter#invoke_virtual_this(Signature):void	6a8d0597574e6f1afbbf	455	2099	2565	248
METHOD_ENTRY	org.springframework.cglib.core.CodeEmitter#invoke_virtual_this(Signature):void	6f87ab86a27e6d4f9e6e	413	2088	2512	258
METHOD_ENTRY	org.springframework.cglib.core.CodeEmitter#invoke_static_this(Signature):void	6e99de36cfb00100fe69	413	2088	2512	205
METHOD_ENTRY	org.springframework.cglib.core.CodeEmitter#invoke_constructor(Type,Signature):void	8df05169d53e46644b7d	413	2099	2523	248
METHOD_EXIT	org.springframework.cglib.core.CodeEmitter#invoke_constructor_this(Signature):void	8951d2f89cd7d8e22786	455	2099	2565	238
METHOD_ENTRY	org.springframework.cglib.core.CodeEmitter#invoke_constructor_this(Signature):void	56fe19f511224fbcee0f	413	2088	2512	220
METHOD_EXIT	org.springframework.cglib.core.CodeEmitter#invoke_static_this(Signature):void	4756b60d5c5c91826ced	455	2099	2565	236
METHOD_EXIT	org.springframework.cglib.core.CodeEmitter#super_invoke_constructor(Signature):void	59c887492b544497506b	455	2101	2567	226
METHOD_ENTRY	org.springframework.cglib.core.CodeEmitter#super_invoke_constructor(Signature):void	4069b563d3e79846aa53	413	2090	2514	282
METHOD_EXIT	org.springframework.cglib.core.CodeEmitter#invoke_constructor(Type,Signature):void	4bd9bd417edc1d58c9f5	455	2110	2576	282
METHOD_ENTRY	org.springframework.cglib.core.CodeEmitter#new_instance_this():void	82b101ca07b42b466cd1	413	2078	2502	270
METHOD_EXIT	org.springframework.cglib.core.CodeEmitter#new_instance_this():void	8837c65b3277319d419e	455	2089	2555	284
METHOD_ENTRY	org.springframework.cglib.core.CodeEmitter#new_instance(Type):void	9a4858153cf942f6931d	413	2081	2505	203
METHOD_EXIT	org.springframework.cglib.core.CodeEmitter#new_instance(Type):void	4e8b6d35c9c121e00057	455	2092	2558	338
METHOD_ENTRY	org.springframework.cglib.core.CodeEmitter#emit_type(int,Type):void	41878a84f76ce2debf56	413	2130	2554	341
METHOD_ENTRY	org.springframework.cglib.core.CodeEmitter#aaload(int):void	11acc83f884f45cd3a03	413	2081	2505	88
METHOD_EXIT	org.springframework.cglib.core.CodeEmitter#emit_type(int,Type):void	3ecad01ccaa25f791892	455	2141	2607	326
METHOD_ENTRY	org.springframework.cglib.core.CodeEmitter#aaload():void	ce11c135d037492854f8	413	2075	2499	5
METHOD_EXIT	org.springframework.cglib.core.CodeEmitter#aaload(int):void	3650f73d2cdec97f2798	455	2092	2558	198
METHOD_EXIT	org.springframework.cglib.core.CodeEmitter#aaload():void	4d94efa16e0ba8d09fbd	455	2086	2552	61
METHOD_EXIT	org.springframework.cglib.core.CodeEmitter#aastore():void	2e84503f4ac1f71f811b	455	2086	2552	48
METHOD_ENTRY	org.springframework.cglib.core.CodeEmitter#aastore():void	a32277400eb614ea8889	413	2075	2499	224
METHOD_ENTRY	org.springframework.cglib.core.CodeEmitter#make_label():Label	f909ae53d3d4d7ea102c	413	2072	2496	33
METHOD_EXIT	org.springframework.cglib.core.CodeEmitter#athrow():void	0e81344aa68af60159b0	455	2087	2553	63
METHOD_ENTRY	org.springframework.cglib.core.CodeEmitter#athrow():void	44576fe0cc9af389c443	413	2076	2500	37
METHOD_EXIT	org.springframework.cglib.core.CodeEmitter#make_label():Label	570d1c845fcb28398b84	455	2146	2612	168
METHOD_EXIT	org.springframework.cglib.core.CodeEmitter#make_local():Local	8ce3cbf2d5e4ef82aef0	455	2149	2615	254
METHOD_ENTRY	org.springframework.cglib.core.CodeEmitter#make_local(Type):Local	9dda65ad9a8968015ca6	413	2084	2508	226
METHOD_EXIT	org.springframework.cglib.core.CodeEmitter#make_local(Type):Local	f7a60afde2099b48e70c	455	2161	2627	268
METHOD_ENTRY	org.springframework.cglib.core.CodeEmitter#checkcast_this():void	d928f877e7f36501d95f	413	2078	2502	92
METHOD_EXIT	org.springframework.cglib.core.CodeEmitter#checkcast_this():void	78fa12580d1272087f83	455	2089	2555	226
METHOD_ENTRY	org.springframework.cglib.core.CodeEmitter#make_local():Local	99aae11176f1f3b26822	413	2075	2499	5
METHOD_ENTRY	org.springframework.cglib.core.CodeEmitter#checkcast(Type):void	799f46dc133d66dfeee4	413	2096	2520	249
METHOD_EXIT	org.springframework.cglib.core.CodeEmitter#checkcast(Type):void	7b3ea1bdd2b2a03d5a5a	455	2107	2573	264
METHOD_ENTRY	org.springframework.cglib.core.CodeEmitter#instance_of(Type):void	eaa83abed4577d190cb8	413	2082	2506	265
METHOD_EXIT	org.springframework.cglib.core.CodeEmitter#instance_of(Type):void	ebdbcf90dacb03882c3f	455	2093	2559	210
METHOD_ENTRY	org.springframework.cglib.core.CodeEmitter#instance_of_this():void	14f7e25a14d4c18fd2d1	413	2078	2502	254
METHOD_EXIT	org.springframework.cglib.core.CodeEmitter#instance_of_this():void	4fc970485597a3288ca8	455	2089	2555	188
METHOD_ENTRY	org.springframework.cglib.core.CodeEmitter#process_switch(int[],ProcessSwitchCallback):void	b4c70979e37aa36b9b43	413	2162	2586	265
METHOD_ENTRY	org.springframework.cglib.core.CodeEmitter#process_switch(int[],ProcessSwitchCallback,boolean):void	35fc8f4948d29c1de23c	413	2461	2885	281
METHOD_EXIT	org.springframework.cglib.core.CodeEmitter#process_switch(int[],ProcessSwitchCallback):void	80360ae4e87cb703f535	455	2173	2639	343
METHOD_EXIT	org.springframework.cglib.core.CodeEmitter#process_switch(int[],ProcessSwitchCallback,boolean):void	a305a47328c9e738f3f7	455	2472	2938	291
METHOD_ENTRY	org.springframework.cglib.core.CodeEmitter#isSorted(int[]):boolean	6478a0813d2c52887eb4	413	2119	2543	226
METHOD_ENTRY	org.springframework.cglib.core.CodeEmitter#mark(Label):void	eb845f86c6c9efe54ef6	413	2076	2500	246
METHOD_EXIT	org.springframework.cglib.core.CodeEmitter#isSorted(int[]):boolean	c532dd9b2bf5f2cab844	455	2196	2662	302
METHOD_EXIT	org.springframework.cglib.core.CodeEmitter#mark(Label):void	e060e1d98717cab8fac4	455	2087	2553	103
METHOD_ENTRY	org.springframework.cglib.core.CodeEmitter#mark():Label	24098517ae23f60f516b	413	2081	2505	5
METHOD_EXIT	org.springframework.cglib.core.CodeEmitter#mark():Label	b0b56f1316ebf0d28177	455	2155	2621	145
METHOD_ENTRY	org.springframework.cglib.core.CodeEmitter#push(boolean):void	13234fdef466b07abb3d	413	2080	2504	218
METHOD_EXIT	org.springframework.cglib.core.CodeEmitter#push(boolean):void	e0d9394ed2dc40c203d2	455	2091	2557	189
METHOD_ENTRY	org.springframework.cglib.core.CodeEmitter#not():void	10dc4d03fbe61d615a7d	413	2080	2504	210
METHOD_ENTRY	org.springframework.cglib.core.CodeEmitter#throw_exception(Type,String):void	6017c8af71393a9d2714	413	2109	2533	209
METHOD_EXIT	org.springframework.cglib.core.CodeEmitter#not():void	5f4ae2ccbf0abd733336	455	2091	2557	237
METHOD_EXIT	org.springframework.cglib.core.CodeEmitter#throw_exception(Type,String):void	fa678957710d77772f44	455	2120	2586	271
METHOD_EXIT	org.springframework.cglib.core.CodeEmitter#box(Type):void	fc3c9dd37248b109002a	455	2428	2894	337
METHOD_ENTRY	org.springframework.cglib.core.CodeEmitter#box(Type):void	84dcf08a0d7ecb2972cd	413	2417	2841	373
METHOD_ENTRY	org.springframework.cglib.core.CodeEmitter#create_arg_array():void	d91201455fb5a6d47a23	413	2148	2572	253
METHOD_EXIT	org.springframework.cglib.core.CodeEmitter#unbox(Type):void	fe9a7e939b5540d8339b	455	2270	2736	345
METHOD_ENTRY	org.springframework.cglib.core.CodeEmitter#unbox(Type):void	ae7da588c5ed1b294a90	413	2259	2683	297
METHOD_EXIT	org.springframework.cglib.core.CodeEmitter#create_arg_array():void	5136194acdf8376cff12	455	2159	2625	276
METHOD_ENTRY	org.springframework.cglib.core.CodeEmitter#zero_or_null(Type):void	7b3ee3d1c79155504a3d	413	2174	2598	293
METHOD_EXIT	org.springframework.cglib.core.CodeEmitter#zero_or_null(Type):void	5158be25e75975cb9645	455	2185	2651	487
METHOD_ENTRY	org.springframework.cglib.core.CodeEmitter#unbox_or_zero(Type):void	1213ebe71052070589f9	413	2170	2594	293
METHOD_EXIT	org.springframework.cglib.core.CodeEmitter#unbox_or_zero(Type):void	166478b77c52be1e2093	455	2181	2647	238
METHOD_ENTRY	org.springframework.cglib.core.CodeEmitter#visitMaxs(int,int):void	2062942c33db2a9e41bb	413	2116	2540	245
METHOD_EXIT	org.springframework.cglib.core.CodeEmitter#visitMaxs(int,int):void	96342ead3160c16f14a5	455	2127	2593	283
METHOD_ENTRY	org.springframework.cglib.core.CodeEmitter#invoke(MethodInfo):void	ce231a1b41d43a8866a7	413	2086	2510	231
METHOD_EXIT	org.springframework.cglib.core.CodeEmitter#invoke(MethodInfo,Type):void	111c3521359621a5c897	455	2224	2690	247
METHOD_ENTRY	org.springframework.cglib.core.CodeEmitter#invoke(MethodInfo,Type):void	c0765426feadef0f33b7	413	2213	2637	250
METHOD_EXIT	org.springframework.cglib.core.CodeEmitter#invoke(MethodInfo):void	857a242390b049c955b6	455	2097	2563	276
METHOD_ENTRY	org.springframework.cglib.core.CodeEmitter#getClassInfo():ClassInfo	c5d02b3375805b125d43	413	2079	2503	265
METHOD_EXIT	org.springframework.cglib.core.CodeEmitter#getClassInfo():ClassInfo	8dfadec11dfed00239f7	455	2154	2620	279
METHOD_ENTRY	org.springframework.cglib.core.CodeEmitter#getModifiers():int	5eef2715df5c20ff318a	413	2074	2498	222
METHOD_EXIT	org.springframework.cglib.core.CodeEmitter#getModifiers():int	c5ea5d8e0ddcf6b47fa9	455	2148	2614	268
METHOD_ENTRY	org.springframework.cglib.core.State#getClassInfo():ClassInfo	9dd8067881763fd290d1	413	387	811	52
METHOD_ENTRY	org.springframework.cglib.core.CodeEmitter#getSignature():Signature	e3d8e9bc07db2dbad3c1	413	2071	2495	108
METHOD_EXIT	org.springframework.cglib.core.CodeEmitter#getSignature():Signature	b41846e7efb2fb7cc169	455	2145	2611	175
METHOD_EXIT	org.springframework.cglib.core.CodeEmitter#getExceptionTypes():Type[]	07d1020c54d5934e9b36	455	2153	2619	225
METHOD_EXIT	org.springframework.cglib.core.State#getClassInfo():ClassInfo	27604d1f7f55bc8e8fe3	455	462	928	81
METHOD_ENTRY	org.springframework.cglib.core.RejectModifierPredicate#evaluate(Object):boolean	40c0534d693986e96790	413	430	854	163
METHOD_EXIT	org.springframework.cglib.core.RejectModifierPredicate#evaluate(Object):boolean	c9fb334b561c6d11f4c6	455	507	973	296
METHOD_ENTRY	org.springframework.cglib.core.CodeEmitter#getExceptionTypes():Type[]	161669ed7173473d81b3	413	2079	2503	291
METHOD_ENTRY	org.springframework.cglib.core.CollectionUtils#bucket(Collection,Transformer):Map	4dffc0080882b1228d5f	413	563	987	216
METHOD_ENTRY	org.springframework.cglib.core.State#getModifiers():int	41074753d4491cfdb10e	413	382	806	345
METHOD_ENTRY	org.springframework.cglib.core.CollectionUtils#reverse(Map,Map):void	d967dd947de08c15174e	413	517	941	253
METHOD_EXIT	org.springframework.cglib.core.CollectionUtils#bucket(Collection,Transformer):Map	19e03b679471d54bc6fd	455	640	1106	300
METHOD_EXIT	org.springframework.cglib.core.CollectionUtils#reverse(Map,Map):void	42919736063da62a2eca	455	528	994	281
METHOD_ENTRY	org.springframework.cglib.core.State#getSignature():Signature	312e5791a30709f1f2ef	413	379	803	117
METHOD_ENTRY	org.springframework.cglib.core.CollectionUtils#filter(Collection,Predicate):Collection	1d9fc7c8cbe4f77b41bc	413	510	934	247
METHOD_EXIT	org.springframework.cglib.core.State#getModifiers():int	ab03e474c553d19339f1	455	456	922	353
METHOD_ENTRY	org.springframework.cglib.core.CollectionUtils#transform(Collection,Transformer):List	98a3919545116e3bde70	413	533	957	231
METHOD_EXIT	org.springframework.cglib.core.State#getSignature():Signature	9c1207d8462a7feff033	455	453	919	93
METHOD_ENTRY	org.springframework.cglib.core.State#getExceptionTypes():Type[]	d7f574d4fde7db1055b3	413	387	811	151
METHOD_EXIT	org.springframework.cglib.core.CollectionUtils#filter(Collection,Predicate):Collection	2ab1a0521ca199260774	455	587	1053	299
METHOD_ENTRY	org.springframework.cglib.core.CollectionUtils#getIndexMap(List):Map	b95129d7356d5e5c3849	413	531	955	215
METHOD_EXIT	org.springframework.cglib.core.CollectionUtils#transform(Collection,Transformer):List	c6c7181501c7935dc23e	455	610	1076	273
METHOD_ENTRY	org.springframework.cglib.proxy.FixedValueGenerator#generateStatic(CodeEmitter,Context,List):void	e7bd6b51074a20000680	413	473	897	318
METHOD_EXIT	org.springframework.cglib.proxy.FixedValueGenerator#generate(ClassEmitter,Context,List):void	6247a4b3e238da3e18b2	455	568	1034	320
METHOD_EXIT	org.springframework.cglib.core.CollectionUtils#getIndexMap(List):Map	de16271d454031bf66d3	455	608	1074	337
METHOD_ENTRY	org.springframework.cglib.proxy.FixedValueGenerator#generate(ClassEmitter,Context,List):void	ec527c01d4dd8e39ef1f	413	557	981	266
METHOD_EXIT	org.springframework.cglib.core.State#getExceptionTypes():Type[]	60a2d29494764d1fe70a	455	461	927	236
METHOD_EXIT	org.springframework.cglib.proxy.MixinBeanEmitter#getInterfaces(Class[]):Class[]	8ae044b7d4ba29e7b937	455	542	1008	40
METHOD_ENTRY	org.springframework.cglib.proxy.MixinBeanEmitter#getInterfaces(Class[]):Class[]	af5dbe91fdf561490369	413	465	889	230
METHOD_ENTRY	org.springframework.cglib.proxy.MixinBeanEmitter#getMethods(Class):Method[]	9513b8e5ab209621e121	413	479	903	276
METHOD_EXIT	org.springframework.cglib.proxy.MixinBeanEmitter#getMethods(Class):Method[]	158a8f009a15216fa87f	455	556	1022	263
METHOD_EXIT	org.springframework.cglib.proxy.FixedValueGenerator#generateStatic(CodeEmitter,Context,List):void	9dadccba5e55e2cceb38	455	484	950	221
METHOD_EXIT	org.springframework.cglib.proxy.DispatcherGenerator#generate(ClassEmitter,Context,List):void	a71efecac115ca747135	455	667	1133	326
METHOD_ENTRY	org.springframework.cglib.proxy.DispatcherGenerator#generate(ClassEmitter,Context,List):void	86ddc73583b1af323d8f	413	656	1080	260
METHOD_ENTRY	org.springframework.cglib.proxy.DispatcherGenerator#generateStatic(CodeEmitter,Context,List):void	3a5a1cec0aedf12b9b76	413	513	937	227
METHOD_EXIT	org.springframework.cglib.proxy.DispatcherGenerator#generateStatic(CodeEmitter,Context,List):void	693ea04a56a05e6ead4c	455	524	990	205
METHOD_ENTRY	org.springframework.cglib.proxy.MethodProxy#init():void	554c5b090bdf1cec244c	413	1270	1694	257
METHOD_EXIT	org.springframework.cglib.proxy.MethodProxy#create(Class,Class,String,String,String):MethodProxy	feebe481d62a8ab29e9a	455	1354	1820	250
METHOD_ENTRY	org.springframework.cglib.proxy.MethodProxy#create(Class,Class,String,String,String):MethodProxy	87184aca9f37b89fdf67	413	1276	1700	222
METHOD_ENTRY	org.springframework.cglib.proxy.MethodProxy#helper(CreateInfo,Class):FastClass	961e93a2e696b6d26f91	413	1172	1596	260
METHOD_ENTRY	org.springframework.cglib.proxy.MethodProxy#getSignature():Signature	e5671acfd94fe55afa6f	413	1071	1495	219
METHOD_EXIT	org.springframework.cglib.proxy.MethodProxy#getSignature():Signature	f09da7c1a1eb41082b9a	455	1145	1611	238
METHOD_ENTRY	org.springframework.cglib.proxy.MethodProxy#getSuperName():String	304098824f52f6602d16	413	1075	1499	227
METHOD_EXIT	org.springframework.cglib.proxy.MethodProxy#getSuperName():String	1ed8744567472cd4c20a	455	1149	1615	259
METHOD_ENTRY	org.springframework.cglib.proxy.MethodProxy#getSuperIndex():int	9e29950025df09278742	413	1079	1503	193
METHOD_ENTRY	org.springframework.cglib.proxy.MethodProxy#getFastClass():FastClass	8ef6f5cdaf53c38a2aea	413	1080	1504	224
METHOD_EXIT	org.springframework.cglib.proxy.MethodProxy#helper(CreateInfo,Class):FastClass	fe9ceb5c3d7dbe8d1875	455	1250	1716	275
METHOD_EXIT	org.springframework.cglib.proxy.MethodProxy#getFastClass():FastClass	7b6e64710c835139f3e9	455	1155	1621	272
METHOD_ENTRY	org.springframework.cglib.proxy.MethodProxy#getSuperFastClass():FastClass	6f086a6dac5bed52245f	413	1082	1506	303
METHOD_EXIT	org.springframework.cglib.proxy.MethodProxy#getSuperFastClass():FastClass	50bd2f68b79976ee6b80	455	1157	1623	277
METHOD_ENTRY	org.springframework.cglib.proxy.MethodProxy#find(Class,Signature):MethodProxy	ec9f3cc46b516e90f091	413	1186	1610	244
METHOD_EXIT	org.springframework.cglib.proxy.MethodProxy#find(Class,Signature):MethodProxy	296322aba90aca026921	455	1264	1730	267
METHOD_ENTRY	org.springframework.cglib.proxy.MethodProxy#invoke(Object,Object[]):Object	0afedd63a3051d61c9a1	413	1185	1609	251
METHOD_EXIT	org.springframework.cglib.proxy.MethodProxy#invoke(Object,Object[]):Object	6470c3b91631abc9a0db	455	1262	1728	215
METHOD_ENTRY	org.springframework.cglib.proxy.MethodProxy#invokeSuper(Object,Object[]):Object	ecc2dadaf24ad9f1f4bc	413	1140	1564	287
METHOD_EXIT	org.springframework.cglib.proxy.MethodProxy#invokeSuper(Object,Object[]):Object	06d389bf969d6d93e83a	455	1217	1683	229
METHOD_EXIT	org.springframework.cglib.proxy.CallbackInfo#determineTypes(Class[]):Type[]	e2e959cad0db325af173	455	610	1076	322
METHOD_ENTRY	org.springframework.cglib.proxy.CallbackInfo#determineTypes(Class[]):Type[]	d5252e4dc5c3d43fda8b	413	533	957	303
METHOD_EXIT	org.springframework.cglib.proxy.MethodProxy#getSuperIndex():int	2d3b9f015739e9ef28e8	455	1153	1619	161
METHOD_EXIT	org.springframework.cglib.proxy.CallbackInfo#determineTypes(Class[],boolean):Type[]	a8bf6cb0cca9b3eed922	455	662	1128	379
METHOD_ENTRY	org.springframework.cglib.proxy.CallbackInfo#determineTypes(Class[],boolean):Type[]	e87927fc8e8bd4a7c5de	413	585	1009	288
METHOD_ENTRY	org.springframework.cglib.proxy.CallbackInfo#determineTypes(Callback[]):Type[]	ff925560d97572ad0924	413	533	957	259
METHOD_EXIT	org.springframework.cglib.proxy.CallbackInfo#determineTypes(Callback[]):Type[]	f9f32a3888a000e449df	455	610	1076	293
METHOD_ENTRY	org.springframework.cglib.proxy.CallbackInfo#determineTypes(Callback[],boolean):Type[]	1dd760838d2c85662918	413	584	1008	278
METHOD_EXIT	org.springframework.cglib.proxy.CallbackInfo#determineTypes(Callback[],boolean):Type[]	eaece299f9f0cf1b2973	455	661	1127	316
METHOD_ENTRY	org.springframework.cglib.proxy.CallbackInfo#getGenerators(Type[]):CallbackGenerator[]	1dfe2b3e81dd439e92c6	413	572	996	238
METHOD_EXIT	org.springframework.cglib.proxy.CallbackInfo#getGenerators(Type[]):CallbackGenerator[]	8854d065b6fd26f7b8a7	455	650	1116	269
METHOD_EXIT	org.springframework.cglib.proxy.MethodProxy#init():void	d2f5a3aa3bc94679bf41	455	1281	1747	308
METHOD_ENTRY	org.springframework.cglib.proxy.CallbackInfo#determineType(Callback,boolean):Type	a281602487eb478a6272	413	565	989	281
METHOD_EXIT	org.springframework.cglib.proxy.CallbackInfo#determineType(Callback,boolean):Type	1f24d313ee31eba82c91	455	642	1108	308
METHOD_ENTRY	org.springframework.cglib.proxy.CallbackInfo#determineType(Class,boolean):Type	dd3af286aa11cb0a6180	413	656	1080	206
METHOD_ENTRY	org.springframework.cglib.proxy.InvocationHandlerGenerator#generate(ClassEmitter,Context,List):void	6574b0d2a5c6acdff304	413	664	1088	324
METHOD_EXIT	org.springframework.cglib.proxy.CallbackInfo#determineType(Class,boolean):Type	26ab17361899b8f71360	455	733	1199	396
METHOD_EXIT	org.springframework.cglib.proxy.InvocationHandlerGenerator#generate(ClassEmitter,Context,List):void	de48af795cd2ed4f169b	455	675	1141	238
METHOD_EXIT	org.springframework.cglib.proxy.CallbackInfo#getGenerator(Type):CallbackGenerator	f9cc9859792bbe093b40	455	644	1110	301
METHOD_ENTRY	org.springframework.cglib.proxy.CallbackInfo#getGenerator(Type):CallbackGenerator	b98cdc302ceb40dac24e	413	566	990	322
METHOD_EXIT	org.springframework.cglib.proxy.InvocationHandlerGenerator#generateStatic(CodeEmitter,Context,List):void	74dcd2aa63e74ec542c3	455	555	1021	267
METHOD_ENTRY	org.springframework.cglib.proxy.MethodInterceptorGenerator#getMethodField(Signature):String	4d3388ae1f1dd18e751d	413	633	1057	213
METHOD_ENTRY	org.springframework.cglib.proxy.MethodInterceptorGenerator#getMethodProxyField(Signature):String	4424ca0703ea52c1430d	413	635	1059	141
METHOD_EXIT	org.springframework.cglib.proxy.MethodInterceptorGenerator#getMethodField(Signature):String	cf03f062971d7bec4a5c	455	710	1176	284
METHOD_ENTRY	org.springframework.cglib.proxy.InvocationHandlerGenerator#generateStatic(CodeEmitter,Context,List):void	80293bc3e359704526f0	413	544	968	207
METHOD_ENTRY	org.springframework.cglib.proxy.MethodInterceptorGenerator#generate(ClassEmitter,Context,List):void	2c001512409be5910e20	413	1009	1433	235
METHOD_EXIT	org.springframework.cglib.proxy.MethodInterceptorGenerator#getMethodProxyField(Signature):String	b12be91cb9e1c162f96a	455	712	1178	157
METHOD_EXIT	org.springframework.cglib.proxy.MethodInterceptorGenerator#generate(ClassEmitter,Context,List):void	aa22fa7ad41333ebe7fe	455	1020	1486	314
METHOD_ENTRY	org.springframework.cglib.proxy.MethodInterceptorGenerator#superHelper(CodeEmitter,MethodInfo,Context):void	be46b89775b202e9e7f1	413	699	1123	159
METHOD_EXIT	org.springframework.cglib.proxy.MethodInterceptorGenerator#superHelper(CodeEmitter,MethodInfo,Context):void	163716013ca777c62ccc	455	710	1176	285
METHOD_ENTRY	org.springframework.cglib.proxy.MethodInterceptorGenerator#generateStatic(CodeEmitter,Context,List):void	dc7ecbab9b90489d05c6	413	1199	1623	221
METHOD_EXIT	org.springframework.cglib.proxy.MethodInterceptorGenerator#generateStatic(CodeEmitter,Context,List):void	968ce7a8b04f4e6e906b	455	1210	1676	258
METHOD_EXIT	org.springframework.cglib.proxy.MethodInterceptorGenerator#generateFindProxy(ClassEmitter,Map):void	0693c05bb2cd67a500c0	455	804	1270	274
METHOD_ENTRY	org.springframework.cglib.proxy.MethodInterceptorGenerator#processCase(Object,Label):void	c76f5520f430d52978bd	413	606	1030	5
METHOD_EXIT	org.springframework.cglib.proxy.MethodInterceptorGenerator#processCase(Object,Label):void	8f28e0517f1200029a0f	455	617	1083	5
METHOD_ENTRY	org.springframework.cglib.proxy.MethodInterceptorGenerator#processDefault():void	0f63f7cdbdc5368c55d5	413	603	1027	208
METHOD_ENTRY	org.springframework.cglib.proxy.BridgeMethodResolver#resolveAll():Map	1ba9403070f62a9de3f1	413	704	1128	206
METHOD_EXIT	org.springframework.cglib.proxy.BridgeMethodResolver#visit(int,int,String,String,String,String[]):void	2590b324f1f9d6d26212	455	599	1065	298
METHOD_EXIT	org.springframework.cglib.proxy.BridgeMethodResolver#resolveAll():Map	e52fc0de7c2c8e851c39	455	778	1244	294
METHOD_ENTRY	org.springframework.cglib.proxy.BridgeMethodResolver#visitMethod(int,String,String,String,String[]):MethodVisitor	dda87801c69245e7cafd	413	804	1228	233
METHOD_ENTRY	org.springframework.cglib.proxy.BridgeMethodResolver#visit(int,int,String,String,String,String[]):void	67bbeff01b91cfb9bbda	413	588	1012	254
METHOD_EXIT	org.springframework.cglib.proxy.MethodInterceptorGenerator#processDefault():void	0cdc59e8a18c63905ab1	455	614	1080	5
METHOD_EXIT	org.springframework.cglib.proxy.BridgeMethodResolver#visitMethod(int,String,String,String,String[]):MethodVisitor	ca8f96887a697ea32eb1	455	882	1348	298
METHOD_ENTRY	org.springframework.cglib.proxy.BridgeMethodResolver#visitMethodInsn(int,String,String,String,boolean):void	87f84990feae7c2caae3	413	528	952	227
METHOD_ENTRY	org.springframework.cglib.proxy.BridgedFinder#visit(int,int,String,String,String,String[]):void	5c9bb37b6a42073a3154	413	433	857	241
METHOD_EXIT	org.springframework.cglib.proxy.BridgedFinder#visit(int,int,String,String,String,String[]):void	6077e0f910754c5cce77	455	444	910	263
METHOD_EXIT	org.springframework.cglib.proxy.BridgeMethodResolver#visitMethodInsn(int,String,String,String,boolean):void	5f3a10b7fe87a8730148	455	539	1005	5
METHOD_ENTRY	org.springframework.cglib.proxy.BridgedFinder#visitMethodInsn(int,String,String,String,boolean):void	d99138decda829fa3762	413	376	800	5
METHOD_EXIT	org.springframework.cglib.proxy.BridgedFinder#visitMethodInsn(int,String,String,String,boolean):void	729e2860f375211f6afc	455	387	853	5
METHOD_ENTRY	org.springframework.cglib.proxy.BridgedFinder#visitMethod(int,String,String,String,String[]):MethodVisitor	1d1108d8fcac3c21c8e1	413	649	1073	292
METHOD_EXIT	org.springframework.cglib.proxy.BridgedFinder#visitMethod(int,String,String,String,String[]):MethodVisitor	5805ff10ab6b53ca1842	455	727	1193	348
METHOD_ENTRY	org.springframework.cglib.proxy.UndeclaredThrowableException#getUndeclaredThrowable():Throwable	18e100000bdd261a9b70	413	448	872	246
METHOD_EXIT	org.springframework.cglib.proxy.UndeclaredThrowableException#getUndeclaredThrowable():Throwable	1f07c0b3201c1c72f591	455	522	988	152
METHOD_ENTRY	org.springframework.cglib.proxy.MixinEmitter#getInterfaces(Class[]):Class[]	a57a4c939cb22aa5bba4	413	494	918	155
METHOD_EXIT	org.springframework.cglib.proxy.MixinEmitter#getInterfaces(Class[]):Class[]	97d3fee8954bd0169bb8	455	571	1037	250
METHOD_ENTRY	org.springframework.cglib.proxy.MixinEmitter#getMethods(Class):Method[]	78c397d0e74db4b05f62	413	495	919	263
METHOD_EXIT	org.springframework.cglib.proxy.MixinEmitter#getMethods(Class):Method[]	bcaf6d3c9730f22e291c	455	572	1038	250
METHOD_ENTRY	org.springframework.cglib.proxy.Proxy#getInvocationHandler(Object):InvocationHandler	7c243d68949c8e0b69bc	413	673	1097	190
METHOD_ENTRY	org.springframework.cglib.proxy.MethodInterceptorGenerator#generateFindProxy(ClassEmitter,Map):void	36f888e7fcff71ce91df	413	793	1217	283
METHOD_ENTRY	org.springframework.cglib.proxy.Proxy#getProxyClass(ClassLoader,Class[]):Class	5686dcee679517f4f391	413	721	1145	243
METHOD_EXIT	org.springframework.cglib.proxy.Proxy#getProxyClass(ClassLoader,Class[]):Class	130a2e4a40afab5fe7a4	455	798	1264	297
METHOD_ENTRY	org.springframework.cglib.proxy.Proxy#isProxyClass(Class):boolean	b4353ff2a27225771334	413	651	1075	296
METHOD_EXIT	org.springframework.cglib.proxy.Proxy#getInvocationHandler(Object):InvocationHandler	f2637eae860615eecc8a	455	751	1217	321
METHOD_EXIT	org.springframework.cglib.proxy.Proxy#isProxyClass(Class):boolean	8dc10cbda6fd965ac4ce	455	728	1194	283
METHOD_ENTRY	org.springframework.cglib.proxy.Proxy#newProxyInstance(ClassLoader,Class[],InvocationHandler):Object	7297523688dbde81586b	413	730	1154	245
METHOD_ENTRY	org.springframework.cglib.proxy.NoOpGenerator#generateStatic(CodeEmitter,Context,List):void	3dde66b9e7dd9cd50a1c	413	456	880	234
METHOD_EXIT	org.springframework.cglib.proxy.NoOpGenerator#generateStatic(CodeEmitter,Context,List):void	dbed503db94ef98612c7	455	467	933	254
METHOD_EXIT	org.springframework.cglib.proxy.NoOpGenerator#generate(ClassEmitter,Context,List):void	15d99f6f04deb41d9473	455	571	1037	307
METHOD_EXIT	org.springframework.cglib.proxy.Proxy#newProxyInstance(ClassLoader,Class[],InvocationHandler):Object	2937cfebb7078b6581bb	455	807	1273	265
METHOD_ENTRY	org.springframework.cglib.proxy.NoOpGenerator#generate(ClassEmitter,Context,List):void	f68220389e2b894fa91c	413	560	984	319
METHOD_EXIT	org.springframework.cglib.proxy.LazyLoaderGenerator#generate(ClassEmitter,Context,List):void	1734a67853d66bd5bc51	455	813	1279	291
METHOD_ENTRY	org.springframework.cglib.proxy.LazyLoaderGenerator#loadMethod(int):Signature	a4f3c8f2da16476e130b	413	488	912	109
METHOD_EXIT	org.springframework.cglib.proxy.LazyLoaderGenerator#loadMethod(int):Signature	1bfe61d7e4f7fb02ff63	455	565	1031	284
METHOD_ENTRY	org.springframework.cglib.proxy.LazyLoaderGenerator#generateStatic(CodeEmitter,Context,List):void	42ca2bce9481397b3619	413	485	909	202
METHOD_EXIT	org.springframework.cglib.proxy.LazyLoaderGenerator#generateStatic(CodeEmitter,Context,List):void	5615cc639ad10b7eaac2	455	496	962	235
METHOD_ENTRY	org.springframework.cglib.proxy.LazyLoaderGenerator#generate(ClassEmitter,Context,List):void	0ccec9b4402d30905c69	413	802	1226	226
METHOD_ENTRY	org.springframework.cglib.proxy.Mixin#create(Object[]):Mixin	65cc8597a89d786a05a6	413	731	1155	307
METHOD_ENTRY	org.springframework.cglib.proxy.Mixin#create(Class[],Object[]):Mixin	470ca4d06167711f41f7	413	749	1173	270
METHOD_ENTRY	org.springframework.cglib.proxy.Mixin#createBean(ClassLoader,Object[]):Mixin	ce065c64cc2851052ed6	413	759	1183	255
METHOD_ENTRY	org.springframework.cglib.proxy.Mixin#createBean(Object[]):Mixin	70e565fee0a7ecaaada4	413	720	1144	262
METHOD_EXIT	org.springframework.cglib.proxy.Mixin#createBean(Object[]):Mixin	d562c586ca0194550e47	455	798	1264	232
METHOD_EXIT	org.springframework.cglib.proxy.Mixin#createBean(ClassLoader,Object[]):Mixin	8d049a73989207e482ef	455	837	1303	215
METHOD_EXIT	org.springframework.cglib.proxy.Mixin#create(Class[],Object[]):Mixin	1a96a729ebbf0f01d0c9	455	827	1293	261
METHOD_ENTRY	org.springframework.cglib.proxy.Mixin#getDefaultClassLoader():ClassLoader	97bbf8630528a7e36615	413	728	1152	193
METHOD_EXIT	org.springframework.cglib.proxy.Mixin#getDefaultClassLoader():ClassLoader	37f78a84bc4f25016d71	455	803	1269	184
METHOD_ENTRY	org.springframework.cglib.proxy.Mixin#getProtectionDomain():ProtectionDomain	e68ad20fb66acdc7010f	413	722	1146	271
METHOD_EXIT	org.springframework.cglib.proxy.Mixin#getProtectionDomain():ProtectionDomain	80ef6623b56b44f726c3	455	797	1263	239
METHOD_EXIT	org.springframework.cglib.proxy.Mixin#create(Object[]):Mixin	7c3e0c6ba6eb14ced5dc	455	809	1275	281
METHOD_ENTRY	org.springframework.cglib.proxy.Mixin#setStyle(int):void	9a30b7c31acb79ef3361	413	765	1189	308
METHOD_EXIT	org.springframework.cglib.proxy.Mixin#setStyle(int):void	3e957b5587df8eb9a126	455	776	1242	78
METHOD_ENTRY	org.springframework.cglib.proxy.Mixin#setClasses(Class[]):void	bfbdb483411af2b7054e	413	716	1140	254
METHOD_EXIT	org.springframework.cglib.proxy.Mixin#setClasses(Class[]):void	00c01d381f77f6fc8f54	455	727	1193	192
METHOD_ENTRY	org.springframework.cglib.proxy.Mixin#setDelegates(Object[]):void	e49aa9bdf4ef369b6a78	413	720	1144	225
METHOD_EXIT	org.springframework.cglib.proxy.Mixin#setDelegates(Object[]):void	f19f0d9cdc9606e10c03	455	731	1197	297
METHOD_ENTRY	org.springframework.cglib.proxy.Mixin#create():Mixin	266cd0519eea00298866	413	981	1405	279
METHOD_ENTRY	org.springframework.cglib.proxy.Mixin#generateClass(ClassVisitor):void	79b14538e6dad3a50b1a	413	796	1220	47
METHOD_EXIT	org.springframework.cglib.proxy.Mixin#generateClass(ClassVisitor):void	81ac7af52b1dcf654d1c	455	807	1273	232
METHOD_ENTRY	org.springframework.cglib.proxy.Mixin#firstInstance(Class):Object	93ca29b3ecf4c5775e0d	413	730	1154	263
METHOD_EXIT	org.springframework.cglib.proxy.Mixin#firstInstance(Class):Object	891275eddd28181c4655	455	807	1273	194
METHOD_ENTRY	org.springframework.cglib.proxy.Mixin#nextInstance(Object):Object	9b57d88d3a8bf1afa871	413	726	1150	106
METHOD_EXIT	org.springframework.cglib.proxy.Mixin#create():Mixin	960742586c16658a8912	455	1056	1522	295
METHOD_EXIT	org.springframework.cglib.proxy.Mixin#nextInstance(Object):Object	cd292d9042ef0fab3c73	455	803	1269	189
METHOD_ENTRY	org.springframework.cglib.proxy.Mixin#getClasses(Object[]):Class[]	1928da40296ab7d06af8	413	723	1147	252
METHOD_EXIT	org.springframework.cglib.proxy.Mixin#getClasses(Object[]):Class[]	e30fb8e2fa2f19956fb2	455	800	1266	282
METHOD_ENTRY	org.springframework.cglib.proxy.Generator#getDefaultClassLoader():ClassLoader	bd3a67353c530acf7d7d	413	399	823	177
METHOD_EXIT	org.springframework.cglib.proxy.Generator#getDefaultClassLoader():ClassLoader	d37f233486cbe2cec6d3	455	474	940	190
METHOD_EXIT	org.springframework.cglib.proxy.Mixin#route(Object[]):Route	8668c030347412f679e1	455	840	1306	326
METHOD_ENTRY	org.springframework.cglib.proxy.Mixin#route(Object[]):Route	5fbb762ccab7116bc880	413	763	1187	261
METHOD_EXIT	org.springframework.cglib.proxy.Generator#getProtectionDomain():ProtectionDomain	6d03a0cffb5cb598e8e8	455	468	934	300
METHOD_ENTRY	org.springframework.cglib.proxy.Generator#setStyle(int):void	d1b412e46e5d86add53d	413	436	860	121
METHOD_EXIT	org.springframework.cglib.proxy.Generator#setStyle(int):void	b050459d97f76d7dd282	455	447	913	148
METHOD_ENTRY	org.springframework.cglib.proxy.Generator#setClasses(Class[]):void	b3eeb1684897beaacc36	413	387	811	168
METHOD_ENTRY	org.springframework.cglib.proxy.Generator#getProtectionDomain():ProtectionDomain	415a4e0cb10e8bb2bcd7	413	393	817	160
METHOD_EXIT	org.springframework.cglib.proxy.Generator#setClasses(Class[]):void	3e7c6b7c666d793d98f5	455	398	864	315
METHOD_ENTRY	org.springframework.cglib.proxy.Generator#setDelegates(Object[]):void	f081e4f504924e7cc88b	413	391	815	222
METHOD_EXIT	org.springframework.cglib.proxy.Generator#setDelegates(Object[]):void	e7a78c6aec033ee959f4	455	402	868	268
METHOD_ENTRY	org.springframework.cglib.proxy.Generator#create():Mixin	3bc2f35b9989a01c21d8	413	652	1076	261
METHOD_EXIT	org.springframework.cglib.proxy.Generator#create():Mixin	424e24cd2449bf8dd51a	455	727	1193	272
METHOD_ENTRY	org.springframework.cglib.proxy.Generator#generateClass(ClassVisitor):void	a6ab9ba13ca67c99112e	413	467	891	100
METHOD_EXIT	org.springframework.cglib.proxy.Generator#generateClass(ClassVisitor):void	94fb227e9150f1c3573b	455	478	944	164
METHOD_EXIT	org.springframework.cglib.proxy.Generator#firstInstance(Class):Object	118ce96d8ad4ceaeee76	455	478	944	307
METHOD_ENTRY	org.springframework.cglib.proxy.Generator#nextInstance(Object):Object	c0fa5f3dd656740d7201	413	397	821	159
METHOD_EXIT	org.springframework.cglib.proxy.Generator#nextInstance(Object):Object	50a8746d0062be52744d	455	474	940	245
METHOD_ENTRY	org.springframework.cglib.proxy.Generator#firstInstance(Class):Object	89fcee5e34c086c739d4	413	401	825	256
METHOD_ENTRY	org.springframework.cglib.proxy.InterfaceMaker#add(Signature,Type[]):void	4fc71ca7a2cdc7a2ce41	413	727	1151	239
METHOD_EXIT	org.springframework.cglib.proxy.InterfaceMaker#add(Signature,Type[]):void	8e96de87600b879596b1	455	738	1204	284
METHOD_ENTRY	org.springframework.cglib.proxy.InterfaceMaker#add(Method):void	0e107468b976499a9a10	413	724	1148	224
METHOD_EXIT	org.springframework.cglib.proxy.InterfaceMaker#add(Method):void	29a92793eaaf924ec1c9	455	735	1201	439
METHOD_ENTRY	org.springframework.cglib.proxy.InterfaceMaker#create():Class	4e0f91651e7ba066e32f	413	716	1140	103
METHOD_EXIT	org.springframework.cglib.proxy.InterfaceMaker#add(Class):void	edfe7cc115cc3f2d21e3	455	763	1229	292
METHOD_ENTRY	org.springframework.cglib.proxy.InterfaceMaker#add(Class):void	fa03aab9b14846787785	413	752	1176	212
METHOD_EXIT	org.springframework.cglib.proxy.InterfaceMaker#create():Class	1e70e49010e4dc1e4d3d	455	790	1256	253
METHOD_EXIT	org.springframework.cglib.proxy.InterfaceMaker#getDefaultClassLoader():ClassLoader	ead385834a2ffa058b37	455	791	1257	60
METHOD_ENTRY	org.springframework.cglib.proxy.InterfaceMaker#firstInstance(Class):Object	705b6b3a6ebdb707f125	413	716	1140	255
METHOD_EXIT	org.springframework.cglib.proxy.InterfaceMaker#firstInstance(Class):Object	72791b15e67d70a584cf	455	793	1259	61
METHOD_ENTRY	org.springframework.cglib.proxy.InterfaceMaker#generateClass(ClassVisitor):void	3ee8afc3b5228661240a	413	871	1295	191
METHOD_EXIT	org.springframework.cglib.proxy.InterfaceMaker#nextInstance(Object):Object	9721720107896a004d8f	455	802	1268	116
METHOD_ENTRY	org.springframework.cglib.proxy.InterfaceMaker#getDefaultClassLoader():ClassLoader	79751ae99c2d62014d89	413	716	1140	36
METHOD_ENTRY	org.springframework.cglib.proxy.MixinEverythingEmitter#getInterfaces(Class[]):Class[]	1b3bf2d6c19d27a9f21d	413	504	928	310
METHOD_EXIT	org.springframework.cglib.proxy.MixinEverythingEmitter#getInterfaces(Class[]):Class[]	96ac9125cdf2460ba884	455	581	1047	304
METHOD_ENTRY	org.springframework.cglib.proxy.InterfaceMaker#nextInstance(Object):Object	a91f0ac51b3b95e4b775	413	725	1149	210
METHOD_ENTRY	org.springframework.cglib.proxy.MixinEverythingEmitter#getMethods(Class):Method[]	33839d4219c35e696eba	413	508	932	284
METHOD_EXIT	org.springframework.cglib.proxy.InterfaceMaker#generateClass(ClassVisitor):void	aa827ec81083494acef9	455	882	1348	248
METHOD_EXIT	org.springframework.cglib.proxy.MixinEverythingEmitter#getMethods(Class):Method[]	37791bd7733efdd357e0	455	585	1051	323
METHOD_ENTRY	org.springframework.cglib.beans.BulkBeanEmitter#generateGet(Class,Method[]):void	9c3c7a9667c35516657d	413	657	1081	256
METHOD_EXIT	org.springframework.cglib.beans.BulkBeanEmitter#generateGet(Class,Method[]):void	0b2bbca354385b241d0d	455	668	1134	329
METHOD_ENTRY	org.springframework.cglib.beans.BulkBeanEmitter#generateSet(Class,Method[]):void	0f3a995e6078e55b85c1	413	794	1218	269
METHOD_EXIT	org.springframework.cglib.beans.BulkBeanEmitter#generateSet(Class,Method[]):void	f774ef7576e7c2c0b11a	455	805	1271	282
METHOD_EXIT	org.springframework.cglib.beans.BulkBeanEmitter#validate(Class,String[],String[],Class[],Method[],Method[]):void	4b538268e452c8b1f9a1	455	831	1297	342
METHOD_ENTRY	org.springframework.cglib.beans.BulkBeanEmitter#validate(Class,String[],String[],Class[],Method[],Method[]):void	2efb1100f983b5a65457	413	820	1244	234
METHOD_ENTRY	org.springframework.cglib.beans.BulkBean#getPropertyTypes():Class[]	34887c2b46aa25ef02b3	413	525	949	271
METHOD_ENTRY	org.springframework.cglib.beans.BulkBean#getGetters():String[]	8a3989b288672df7efd3	413	525	949	258
METHOD_EXIT	org.springframework.cglib.beans.BulkBean#getPropertyValues(Object):Object[]	c79a283c02daad5c50c1	455	625	1091	301
METHOD_EXIT	org.springframework.cglib.beans.BulkBean#getPropertyTypes():Class[]	1fd682676ebe9a0ccb83	455	599	1065	289
METHOD_EXIT	org.springframework.cglib.beans.BulkBean#getGetters():String[]	1c03dceec2a884e6f6f4	455	599	1065	303
METHOD_ENTRY	org.springframework.cglib.beans.BulkBean#getPropertyValues(Object):Object[]	ee965ded406b9a7501c0	413	548	972	216
METHOD_ENTRY	org.springframework.cglib.beans.BulkBean#getSetters():String[]	e509016d7d9037d9a244	413	525	949	250
METHOD_EXIT	org.springframework.cglib.beans.BulkBean#getSetters():String[]	2a49671edcd994160e78	455	599	1065	279
METHOD_ENTRY	org.springframework.cglib.beans.BulkBean#create(Class,String[],String[],Class[]):BulkBean	1a65028335649ad91deb	413	595	1019	189
METHOD_EXIT	org.springframework.cglib.beans.BulkBean#create(Class,String[],String[],Class[]):BulkBean	5b5aa3dcd401dc5f7055	455	673	1139	238
METHOD_ENTRY	org.springframework.cglib.beans.BulkBean#setTarget(Class):void	8e2b7922efb5acfa89bd	413	550	974	274
METHOD_EXIT	org.springframework.cglib.beans.BulkBean#setTarget(Class):void	6a93d1ac1448a68f1d5c	455	561	1027	304
METHOD_ENTRY	org.springframework.cglib.beans.BulkBean#setSetters(String[]):void	f82d0582407e2c989ead	413	532	956	303
METHOD_ENTRY	org.springframework.cglib.beans.BulkBean#setGetters(String[]):void	33e9b51fd8d8745b7fb4	413	532	956	238
METHOD_EXIT	org.springframework.cglib.beans.BulkBean#setGetters(String[]):void	81fbb7ab403e8c580380	455	543	1009	264
METHOD_ENTRY	org.springframework.cglib.beans.BulkBean#setTypes(Class[]):void	bf2a92e68f9f9e0bb6ad	413	529	953	203
METHOD_EXIT	org.springframework.cglib.beans.BulkBean#setSetters(String[]):void	26042726146a09b16174	455	543	1009	304
METHOD_EXIT	org.springframework.cglib.beans.BulkBean#setTypes(Class[]):void	54a2ddbf6463bb420402	455	540	1006	257
METHOD_ENTRY	org.springframework.cglib.beans.BulkBean#getDefaultClassLoader():ClassLoader	468fcdcd966527c17b1d	413	533	957	107
METHOD_EXIT	org.springframework.cglib.beans.BulkBean#getDefaultClassLoader():ClassLoader	3bdda5b83b25a40d64a2	455	608	1074	179
METHOD_ENTRY	org.springframework.cglib.beans.BulkBean#getProtectionDomain():ProtectionDomain	e56d2deb3afba13c4a9d	413	533	957	149
METHOD_EXIT	org.springframework.cglib.beans.BulkBean#getProtectionDomain():ProtectionDomain	83c3acb5a73ffce4eb2c	455	608	1074	173
METHOD_ENTRY	org.springframework.cglib.beans.BulkBean#create():BulkBean	13de449b0b859791adae	413	578	1002	196
METHOD_EXIT	org.springframework.cglib.beans.BulkBean#create():BulkBean	28f4f99bf4fdba7206f3	455	653	1119	285
METHOD_EXIT	org.springframework.cglib.beans.BulkBean#generateClass(ClassVisitor):void	7d67f416d908c7a078a3	455	561	1027	316
METHOD_ENTRY	org.springframework.cglib.beans.Generator#setTarget(Class):void	2e88742f65727bbd360b	413	409	833	258
METHOD_ENTRY	org.springframework.cglib.beans.BulkBean#firstInstance(Class):Object	a579a19881c213ab993c	413	640	1064	282
METHOD_EXIT	org.springframework.cglib.beans.BulkBean#firstInstance(Class):Object	173e30c1e2a5dcf58639	455	717	1183	267
METHOD_ENTRY	org.springframework.cglib.beans.BulkBean#nextInstance(Object):Object	f8b69e13bf62c135a039	413	530	954	228
METHOD_EXIT	org.springframework.cglib.beans.BulkBean#nextInstance(Object):Object	46f028777da53d81aab6	455	607	1073	232
METHOD_EXIT	org.springframework.cglib.beans.Generator#setTarget(Class):void	424c086d97a30cfa06b4	455	420	886	216
METHOD_ENTRY	org.springframework.cglib.beans.Generator#setGetters(String[]):void	e660ae4e3293f0853777	413	391	815	164
METHOD_EXIT	org.springframework.cglib.beans.Generator#setGetters(String[]):void	e96158916e9bdb3151ec	455	402	868	148
METHOD_ENTRY	org.springframework.cglib.beans.BulkBean#generateClass(ClassVisitor):void	3fb36539643ab4eac1fd	413	550	974	283
METHOD_ENTRY	org.springframework.cglib.beans.Generator#setTypes(Class[]):void	59ec30127cf5f56200f6	413	388	812	127
METHOD_ENTRY	org.springframework.cglib.beans.Generator#setSetters(String[]):void	54e2b57d6b2fbdf503ce	413	391	815	125
METHOD_EXIT	org.springframework.cglib.beans.Generator#setSetters(String[]):void	52c32ca99e2c353a2849	455	402	868	79
METHOD_EXIT	org.springframework.cglib.beans.Generator#setTypes(Class[]):void	5042b5194fad81cde2f9	455	399	865	158
METHOD_EXIT	org.springframework.cglib.beans.Generator#getDefaultClassLoader():ClassLoader	7106f4cba7890bb8f9f1	455	467	933	231
METHOD_ENTRY	org.springframework.cglib.beans.Generator#getDefaultClassLoader():ClassLoader	0afc4e9cfaec0cb6fb34	413	392	816	126
METHOD_ENTRY	org.springframework.cglib.beans.Generator#getProtectionDomain():ProtectionDomain	9f7d7f3fa807b74be839	413	392	816	171
METHOD_EXIT	org.springframework.cglib.beans.Generator#create():BulkBean	da5ab77e2cffa9fac1e6	455	512	978	277
METHOD_ENTRY	org.springframework.cglib.beans.Generator#create():BulkBean	d54cccfefe372704e7f4	413	437	861	5
METHOD_ENTRY	org.springframework.cglib.beans.Generator#generateClass(ClassVisitor):void	2e042ead7759f92609c4	413	409	833	105
METHOD_ENTRY	org.springframework.cglib.beans.Generator#firstInstance(Class):Object	5200af44895381e4618c	413	499	923	229
METHOD_EXIT	org.springframework.cglib.beans.Generator#generateClass(ClassVisitor):void	bcc49d84a8d5c1dee7fd	455	420	886	57
METHOD_EXIT	org.springframework.cglib.beans.Generator#getProtectionDomain():ProtectionDomain	8a1836031c7918e3c6ac	455	467	933	280
METHOD_ENTRY	org.springframework.cglib.beans.Generator#nextInstance(Object):Object	76402e7752722c2ddbaa	413	389	813	210
METHOD_EXIT	org.springframework.cglib.beans.Generator#firstInstance(Class):Object	9b880f1e8fb0d5ad2890	455	576	1042	335
METHOD_EXIT	org.springframework.cglib.beans.Generator#nextInstance(Object):Object	dea6e6528049a7081d15	455	466	932	109
METHOD_ENTRY	org.springframework.cglib.beans.ImmutableBean#create(Object):Object	76fdd5c6f304f1f5e5c5	413	460	884	186
METHOD_EXIT	org.springframework.cglib.beans.ImmutableBean#create(Object):Object	8ef45b6cad83d062742f	455	537	1003	305
METHOD_EXIT	org.springframework.cglib.beans.ImmutableBean#setBean(Object):void	5cd5d209b7ffc5ae7429	455	489	955	245
METHOD_ENTRY	org.springframework.cglib.beans.ImmutableBean#getProtectionDomain():ProtectionDomain	30e31433cdec6be97ac5	413	454	878	107
METHOD_EXIT	org.springframework.cglib.beans.ImmutableBean#getDefaultClassLoader():ClassLoader	6e593316500cb3c630ea	455	529	995	185
METHOD_EXIT	org.springframework.cglib.beans.ImmutableBean#getProtectionDomain():ProtectionDomain	2bebb4dd36133ff7d093	455	529	995	182
METHOD_ENTRY	org.springframework.cglib.beans.ImmutableBean#getDefaultClassLoader():ClassLoader	c6129253ea0b3fe5ea80	413	454	878	72
METHOD_ENTRY	org.springframework.cglib.beans.ImmutableBean#setBean(Object):void	da90976fd96dc9d6ceec	413	478	902	274
METHOD_ENTRY	org.springframework.cglib.beans.ImmutableBean#generateClass(ClassVisitor):void	2d39bead98dacb21520a	413	818	1242	144
METHOD_EXIT	org.springframework.cglib.beans.ImmutableBean#generateClass(ClassVisitor):void	9f83ee0c3cd4af90a93d	455	829	1295	164
METHOD_ENTRY	org.springframework.cglib.beans.ImmutableBean#firstInstance(Class):Object	8bb194a2a823dba527c2	413	463	887	300
METHOD_ENTRY	org.springframework.cglib.beans.ImmutableBean#nextInstance(Object):Object	ac0f8119df82454fa176	413	455	879	225
METHOD_EXIT	org.springframework.cglib.beans.ImmutableBean#nextInstance(Object):Object	cd0d7f2d0f51d778d181	455	532	998	304
METHOD_EXIT	org.springframework.cglib.beans.ImmutableBean#firstInstance(Class):Object	87a07b3d38327ae387c6	455	540	1006	294
METHOD_ENTRY	org.springframework.cglib.beans.ImmutableBean#create():Object	b44eced55925d12c399e	413	456	880	182
METHOD_EXIT	org.springframework.cglib.beans.ImmutableBean#create():Object	2f905c24f46c7f26663f	455	530	996	248
METHOD_ENTRY	org.springframework.cglib.beans.Generator#setBean(Object):void	beb33389cf660eebe11d	413	416	840	232
METHOD_EXIT	org.springframework.cglib.beans.Generator#setBean(Object):void	962fb57b5d21403a100b	455	427	893	293
METHOD_ENTRY	org.springframework.cglib.beans.Generator#getDefaultClassLoader():ClassLoader	0afc4e9cfaec0cb6fb34	413	392	816	126
METHOD_ENTRY	org.springframework.cglib.beans.Generator#getProtectionDomain():ProtectionDomain	9f7d7f3fa807b74be839	413	392	816	171
METHOD_EXIT	org.springframework.cglib.beans.Generator#getDefaultClassLoader():ClassLoader	7106f4cba7890bb8f9f1	455	467	933	231
METHOD_EXIT	org.springframework.cglib.beans.Generator#getProtectionDomain():ProtectionDomain	8a1836031c7918e3c6ac	455	467	933	280
METHOD_ENTRY	org.springframework.cglib.beans.Generator#generateClass(ClassVisitor):void	d9f2d9c6b07c4bd670df	413	756	1180	299
METHOD_ENTRY	org.springframework.cglib.beans.Generator#firstInstance(Class):Object	8d0a95a5959fdffc44d1	413	401	825	159
METHOD_ENTRY	org.springframework.cglib.beans.Generator#nextInstance(Object):Object	c2f45ab201b340d485ec	413	393	817	129
METHOD_EXIT	org.springframework.cglib.beans.Generator#firstInstance(Class):Object	c32b7ee5856433a35c00	455	478	944	183
METHOD_EXIT	org.springframework.cglib.beans.Generator#nextInstance(Object):Object	ee59a9ccf15032b83801	455	470	936	220
METHOD_ENTRY	org.springframework.cglib.beans.Generator#create():Object	63e2e0b27249f1b4261f	413	394	818	108
METHOD_EXIT	org.springframework.cglib.beans.Generator#generateClass(ClassVisitor):void	3547365cc5288829c55f	455	767	1233	298
METHOD_ENTRY	org.springframework.cglib.beans.BeanMapEmitter#makePropertyMap(PropertyDescriptor[]):Map	0c70c8c7cd7e0797e9b5	413	598	1022	292
METHOD_ENTRY	org.springframework.cglib.beans.BeanMapEmitter#getNames(Map):String[]	0b437004e130548af9d3	413	580	1004	318
METHOD_EXIT	org.springframework.cglib.beans.BeanMapEmitter#makePropertyMap(PropertyDescriptor[]):Map	33329b28798108216cdc	455	675	1141	352
METHOD_EXIT	org.springframework.cglib.beans.BeanMapEmitter#getNames(Map):String[]	528922dec2e51e0401a4	455	657	1123	295
METHOD_ENTRY	org.springframework.cglib.beans.BeanMapEmitter#generateGet(Class,Map):void	dd46238d7b5864919760	413	744	1168	379
METHOD_EXIT	org.springframework.cglib.beans.Generator#create():Object	5535123f38f8d9b84cb7	455	468	934	249
METHOD_ENTRY	org.springframework.cglib.beans.BeanMapEmitter#generateConstructor():void	37b04d5d063bb32e45ae	413	603	1027	350
METHOD_EXIT	org.springframework.cglib.beans.BeanMapEmitter#generateGet(Class,Map):void	10113d04b4a3a569124c	455	755	1221	311
METHOD_ENTRY	org.springframework.cglib.beans.BeanMapEmitter#processCase(Object,Label):void	7a1160b2ecdc151cde23	413	545	969	5
METHOD_ENTRY	org.springframework.cglib.beans.BeanMapEmitter#processDefault():void	b8ac32ba93e7663c3251	413	542	966	5
METHOD_EXIT	org.springframework.cglib.beans.BeanMapEmitter#processCase(Object,Label):void	7adba215d05bf6d023a2	455	556	1022	5
METHOD_EXIT	org.springframework.cglib.beans.BeanMapEmitter#processDefault():void	0f46fda383ad6c8c1423	455	553	1019	222
METHOD_ENTRY	org.springframework.cglib.beans.BeanMapEmitter#generatePut(Class,Map):void	2738427840842ad5d699	413	836	1260	287
METHOD_EXIT	org.springframework.cglib.beans.BeanMapEmitter#generatePut(Class,Map):void	a590b0251ce7171cce9e	455	847	1313	343
METHOD_ENTRY	org.springframework.cglib.beans.BeanMapEmitter#processCase(Object,Label):void	7a1160b2ecdc151cde23	413	545	969	5
METHOD_EXIT	org.springframework.cglib.beans.BeanMapEmitter#processCase(Object,Label):void	7adba215d05bf6d023a2	455	556	1022	5
METHOD_ENTRY	org.springframework.cglib.beans.BeanMapEmitter#processDefault():void	b8ac32ba93e7663c3251	413	542	966	5
METHOD_EXIT	org.springframework.cglib.beans.BeanMapEmitter#processDefault():void	0f46fda383ad6c8c1423	455	553	1019	222
METHOD_ENTRY	org.springframework.cglib.beans.BeanMapEmitter#generateKeySet(String[]):void	c90b54390fe9116fc4b0	413	696	1120	247
METHOD_EXIT	org.springframework.cglib.beans.BeanMapEmitter#generateKeySet(String[]):void	83eee53bdccae91a8bf6	455	707	1173	312
METHOD_ENTRY	org.springframework.cglib.beans.BeanMapEmitter#generateGetPropertyType(Map,String[]):void	7c63e2ede3b86abe4c42	413	710	1134	298
METHOD_ENTRY	org.springframework.cglib.beans.BulkBeanException#getIndex():int	1ce978ca64b5b2e7cc45	413	426	850	48
METHOD_EXIT	org.springframework.cglib.beans.BulkBeanException#getIndex():int	2e56f54c737a84f768ff	455	500	966	134
METHOD_EXIT	org.springframework.cglib.beans.BeanMapEmitter#generateGetPropertyType(Map,String[]):void	5f4e5febce52d50e371b	455	721	1187	285
METHOD_EXIT	org.springframework.cglib.beans.BeanMapEmitter#generateConstructor():void	e6496d741c59c8ee067c	455	614	1080	3561
METHOD_ENTRY	org.springframework.cglib.beans.BeanMapEmitter#processCase(Object,Label):void	7a1160b2ecdc151cde23	413	545	969	5
METHOD_EXIT	org.springframework.cglib.beans.BulkBeanException#getCause():Throwable	6ec45cef898ac7eff721	455	502	968	211
METHOD_EXIT	org.springframework.cglib.beans.BeanMapEmitter#processCase(Object,Label):void	7adba215d05bf6d023a2	455	556	1022	5
METHOD_ENTRY	org.springframework.cglib.beans.BeanMapEmitter#processDefault():void	b8ac32ba93e7663c3251	413	542	966	5
METHOD_EXIT	org.springframework.cglib.beans.BeanMapEmitter#processDefault():void	0f46fda383ad6c8c1423	455	553	1019	222
METHOD_ENTRY	org.springframework.cglib.beans.BulkBeanException#getCause():Throwable	5ee7d18b86b5bb6713d8	413	428	852	148
METHOD_EXIT	org.springframework.cglib.beans.BeanCopier#create(Class,Class,boolean):BeanCopier	8c666f5629be9bf5958a	455	611	1077	326
METHOD_ENTRY	org.springframework.cglib.beans.BeanCopier#setTarget(Class):void	d7e0762db27fa773ef6d	413	511	935	236
METHOD_EXIT	org.springframework.cglib.beans.BeanCopier#setSource(Class):void	11e10e77437f268327f8	455	522	988	250
METHOD_EXIT	org.springframework.cglib.beans.BeanCopier#setTarget(Class):void	d815085cbe8286ce5173	455	522	988	219
METHOD_ENTRY	org.springframework.cglib.beans.BeanCopier#setUseConverter(boolean):void	c0d3da97f27a7bc68f9c	413	487	911	76
METHOD_ENTRY	org.springframework.cglib.beans.BeanCopier#create(Class,Class,boolean):BeanCopier	14299f5fb7abe798ac94	413	532	956	240
METHOD_EXIT	org.springframework.cglib.beans.BeanCopier#setUseConverter(boolean):void	eb8fc612b684bdf5a7f0	455	498	964	114
METHOD_ENTRY	org.springframework.cglib.beans.BeanCopier#setSource(Class):void	78068130a8372a9e96b7	413	511	935	247
METHOD_EXIT	org.springframework.cglib.beans.BeanCopier#getDefaultClassLoader():ClassLoader	7bf61bd137355917fb14	455	561	1027	75
METHOD_EXIT	org.springframework.cglib.beans.BeanCopier#getProtectionDomain():ProtectionDomain	839a5cfa2ccd3ee56f54	455	561	1027	308
METHOD_ENTRY	org.springframework.cglib.beans.BeanCopier#getProtectionDomain():ProtectionDomain	01134d66788f34302672	413	486	910	293
METHOD_ENTRY	org.springframework.cglib.beans.BeanCopier#create():BeanCopier	1f104a128ef8ec9e42a4	413	502	926	5
METHOD_ENTRY	org.springframework.cglib.beans.BeanCopier#getDefaultClassLoader():ClassLoader	34322505c6cdd556f420	413	486	910	156
METHOD_ENTRY	org.springframework.cglib.beans.BeanCopier#generateClass(ClassVisitor):void	76087125687e797d8a2c	413	1001	1425	70
METHOD_EXIT	org.springframework.cglib.beans.BeanCopier#create():BeanCopier	a2ee16e196790c687b0b	455	578	1044	175
METHOD_EXIT	org.springframework.cglib.beans.BeanCopier#generateClass(ClassVisitor):void	a612c7bdf5f8dc1bc38f	455	1012	1478	213
METHOD_EXIT	org.springframework.cglib.beans.BeanCopier#compatible(PropertyDescriptor,PropertyDescriptor):boolean	785a9c3c1f9922c78abf	455	594	1060	380
METHOD_ENTRY	org.springframework.cglib.beans.BeanCopier#compatible(PropertyDescriptor,PropertyDescriptor):boolean	f3a76ad8c1f14d0a43a1	413	517	941	272
METHOD_ENTRY	org.springframework.cglib.beans.BeanCopier#firstInstance(Class):Object	3e4f63d6d78f876cc10a	413	487	911	211
METHOD_EXIT	org.springframework.cglib.beans.BeanCopier#firstInstance(Class):Object	801097cde99fcfa0c4b1	455	564	1030	272
METHOD_ENTRY	org.springframework.cglib.beans.BeanCopier#nextInstance(Object):Object	8706173776113cf90bdd	413	483	907	98
METHOD_ENTRY	org.springframework.cglib.beans.Generator#setSource(Class):void	81f8f801ff87211161bc	413	417	841	294
METHOD_ENTRY	org.springframework.cglib.beans.Generator#setTarget(Class):void	3ebfe9be29c059a9dcc5	413	417	841	214
METHOD_EXIT	org.springframework.cglib.beans.Generator#setSource(Class):void	80a73b2616f3d0fd876a	455	428	894	211
METHOD_EXIT	org.springframework.cglib.beans.Generator#setUseConverter(boolean):void	c0491574ed4150f441b9	455	404	870	62
METHOD_ENTRY	org.springframework.cglib.beans.Generator#setUseConverter(boolean):void	740f69b13d9bc48f45d8	413	393	817	53
METHOD_EXIT	org.springframework.cglib.beans.Generator#getDefaultClassLoader():ClassLoader	3ca3390973f94e7de24a	455	467	933	311
METHOD_EXIT	org.springframework.cglib.beans.BeanCopier#nextInstance(Object):Object	8aebe9043e43d8568a96	455	560	1026	85
METHOD_ENTRY	org.springframework.cglib.beans.Generator#getDefaultClassLoader():ClassLoader	775b61f70d0946b7eb78	413	392	816	79
METHOD_ENTRY	org.springframework.cglib.beans.Generator#getProtectionDomain():ProtectionDomain	fde2ba04f616417d7454	413	392	816	168
METHOD_EXIT	org.springframework.cglib.beans.Generator#getProtectionDomain():ProtectionDomain	b6affcbfae518231ec18	455	467	933	283
METHOD_ENTRY	org.springframework.cglib.beans.Generator#create():BeanCopier	f1630ce3f387bfa5d4fe	413	408	832	323
METHOD_EXIT	org.springframework.cglib.beans.Generator#create():BeanCopier	f906dc50fa26bc1c07b4	455	484	950	95
METHOD_ENTRY	org.springframework.cglib.beans.Generator#generateClass(ClassVisitor):void	46e3d6a265c821ecab3f	413	907	1331	165
METHOD_ENTRY	org.springframework.cglib.beans.Generator#compatible(PropertyDescriptor,PropertyDescriptor):boolean	7a02d7bd7084b1850d5a	413	423	847	222
METHOD_EXIT	org.springframework.cglib.beans.Generator#setTarget(Class):void	705edd58ddf9489f4a4f	455	428	894	232
METHOD_EXIT	org.springframework.cglib.beans.Generator#compatible(PropertyDescriptor,PropertyDescriptor):boolean	e26f952aaf6bb8532737	455	500	966	218
METHOD_ENTRY	org.springframework.cglib.beans.FixedKeySet#iterator():Iterator	7728baa48e44f4cc4348	413	425	849	185
METHOD_ENTRY	org.springframework.cglib.beans.Generator#firstInstance(Class):Object	25c7ebf43bc4369a92cb	413	393	817	255
METHOD_EXIT	org.springframework.cglib.beans.Generator#firstInstance(Class):Object	4373a8384a9f1190c070	455	470	936	317
METHOD_EXIT	org.springframework.cglib.beans.Generator#generateClass(ClassVisitor):void	8e81468fa26dc1b3cead	455	918	1384	306
METHOD_ENTRY	org.springframework.cglib.beans.Generator#nextInstance(Object):Object	76402e7752722c2ddbaa	413	389	813	210
METHOD_ENTRY	org.springframework.cglib.beans.FixedKeySet#size():int	844755eaaed7306f6abc	413	424	848	209
METHOD_EXIT	org.springframework.cglib.beans.FixedKeySet#iterator():Iterator	48b6f9a79121695e0341	455	499	965	213
METHOD_EXIT	org.springframework.cglib.beans.Generator#nextInstance(Object):Object	dea6e6528049a7081d15	455	466	932	109
METHOD_EXIT	org.springframework.cglib.beans.FixedKeySet#size():int	caaea608174e5379a1e7	455	498	964	113
METHOD_EXIT	org.springframework.asm.MethodWriter#visitParameter(String,int):void	a16ae16ff0365b769cfe	455	2864	3330	302
METHOD_EXIT	org.springframework.asm.MethodWriter#hasFrames():boolean	de0ca09a5944e7cf1dba	455	2872	3338	217
METHOD_ENTRY	org.springframework.asm.MethodWriter#hasAsmInstructions():boolean	47356c0b15077b827883	413	2794	3218	250
METHOD_ENTRY	org.springframework.asm.MethodWriter#hasFrames():boolean	ce1d230e6523471b9252	413	2798	3222	275
METHOD_EXIT	org.springframework.asm.MethodWriter#hasAsmInstructions():boolean	05aa744c11456b2e6397	455	2868	3334	109
METHOD_ENTRY	org.springframework.asm.MethodWriter#visitParameter(String,int):void	2179ea425c7c44112254	413	2853	3277	205
METHOD_ENTRY	org.springframework.asm.MethodWriter#visitAnnotationDefault():AnnotationVisitor	0e40a0681e775001e2cb	413	2823	3247	164
METHOD_ENTRY	org.springframework.asm.MethodWriter#visitAnnotation(String,boolean):AnnotationVisitor	628be6a41a8a486cf308	413	2863	3287	306
METHOD_EXIT	org.springframework.asm.MethodWriter#visitTypeAnnotation(int,TypePath,String,boolean):AnnotationVisitor	793907a42cea432d0a5d	455	2993	3459	301
METHOD_ENTRY	org.springframework.asm.MethodWriter#visitTypeAnnotation(int,TypePath,String,boolean):AnnotationVisitor	f8525bc6df936ba752c8	413	2915	3339	251
METHOD_ENTRY	org.springframework.asm.MethodWriter#visitAnnotableParameterCount(int,boolean):void	96bcb4a18a10690d28ed	413	2847	3271	101
METHOD_EXIT	org.springframework.asm.MethodWriter#visitAnnotation(String,boolean):AnnotationVisitor	61085e10ee86ce7f53e8	455	2941	3407	400
METHOD_EXIT	org.springframework.asm.MethodWriter#visitAnnotationDefault():AnnotationVisitor	6ce6813ab1ba70ced194	455	2898	3364	270
METHOD_EXIT	org.springframework.asm.MethodWriter#visitAnnotableParameterCount(int,boolean):void	adcaa4f62a18d70401ba	455	2858	3324	191
METHOD_ENTRY	org.springframework.asm.MethodWriter#visitParameterAnnotation(int,String,boolean):AnnotationVisitor	1c9b6eaa8b034c3acfa5	413	2967	3391	274
METHOD_EXIT	org.springframework.asm.MethodWriter#visitParameterAnnotation(int,String,boolean):AnnotationVisitor	bab6c9b56f6207c6c313	455	3045	3511	271
METHOD_ENTRY	org.springframework.asm.MethodWriter#visitAttribute(Attribute):void	bd3cc348e637701947e5	413	2863	3287	286
METHOD_EXIT	org.springframework.asm.MethodWriter#visitAttribute(Attribute):void	ef73e1912d7a9b08ff0f	455	2874	3340	333
METHOD_EXIT	org.springframework.asm.MethodWriter#visitCode():void	e0c6d6d74509c626a645	455	2807	3273	70
METHOD_ENTRY	org.springframework.asm.MethodWriter#visitCode():void	3dcfc3a9cee26c2ef2c8	413	2796	3220	176
METHOD_EXIT	org.springframework.asm.MethodWriter#visitFrame(int,int,Object[],int,Object[]):void	60660348b6c7dd7e06f8	455	3968	4434	310
METHOD_ENTRY	org.springframework.asm.MethodWriter#visitFrame(int,int,Object[],int,Object[]):void	6ad9edb977e1292bb661	413	3957	4381	311
METHOD_ENTRY	org.springframework.asm.MethodWriter#visitInsn(int):void	43e8620eacb9569a1837	413	2982	3406	327
METHOD_EXIT	org.springframework.asm.MethodWriter#visitVarInsn(int,int):void	2ab527849e92679e6289	455	3458	3924	298
METHOD_EXIT	org.springframework.asm.MethodWriter#visitIntInsn(int,int):void	b1a1d9df0dcd9e0ddd7d	455	3031	3497	431
METHOD_ENTRY	org.springframework.asm.MethodWriter#visitIntInsn(int,int):void	ff27118209d87c6c84a8	413	3020	3444	378
METHOD_ENTRY	org.springframework.asm.MethodWriter#visitTypeInsn(int,String):void	fe8222a8a7493d6863fd	413	3006	3430	318
METHOD_EXIT	org.springframework.asm.MethodWriter#visitInsn(int):void	49ba8c52ec741b0e7589	455	2993	3459	318
METHOD_ENTRY	org.springframework.asm.MethodWriter#visitVarInsn(int,int):void	920b1ef65f85b6a719ac	413	3447	3871	308
METHOD_ENTRY	org.springframework.asm.MethodWriter#visitFieldInsn(int,String,String,String):void	303cdb33953f653902a8	413	3176	3600	160
METHOD_EXIT	org.springframework.asm.MethodWriter#visitFieldInsn(int,String,String,String):void	bc28c670edaa0a7fed52	455	3187	3653	384
METHOD_ENTRY	org.springframework.asm.MethodWriter#visitMethodInsn(int,String,String,String,boolean):void	7b6746b068dadc071f8e	413	3155	3579	328
METHOD_EXIT	org.springframework.asm.MethodWriter#visitMethodInsn(int,String,String,String,boolean):void	7732af2e76789ad1a8f8	455	3166	3632	310
METHOD_EXIT	org.springframework.asm.MethodWriter#visitTypeInsn(int,String):void	b65a504b6e3b1e91a676	455	3017	3483	315
METHOD_ENTRY	org.springframework.asm.MethodWriter#visitInvokeDynamicInsn(String,String,Handle,Object):void	526bee02918e369ab84c	413	3086	3510	207
METHOD_EXIT	org.springframework.asm.MethodWriter#visitJumpInsn(int,Label):void	a9092532b31d207dad1b	455	4265	4731	331
METHOD_EXIT	org.springframework.asm.MethodWriter#visitInvokeDynamicInsn(String,String,Handle,Object):void	bb9451fb78a176e8ace0	455	3097	3563	292
METHOD_ENTRY	org.springframework.asm.MethodWriter#visitLabel(Label):void	5622b5b0e848b1648c93	413	3636	4060	295
METHOD_EXIT	org.springframework.asm.MethodWriter#visitLabel(Label):void	8cdcd8fd90bb3cd159fc	455	3647	4113	282
METHOD_ENTRY	org.springframework.asm.MethodWriter#visitLdcInsn(Object):void	ae7f36956dcbe5177ca5	413	3112	3536	309
METHOD_ENTRY	org.springframework.asm.MethodWriter#visitJumpInsn(int,Label):void	55a44b63032fee32ee9b	413	4254	4678	288
METHOD_EXIT	org.springframework.asm.MethodWriter#visitLdcInsn(Object):void	0853e033c64a1e39e976	455	3123	3589	324
METHOD_EXIT	org.springframework.asm.MethodWriter#visitIincInsn(int,int):void	0f4cae200bc0318cd70b	455	3038	3504	272
METHOD_ENTRY	org.springframework.asm.MethodWriter#visitIincInsn(int,int):void	016061e50095f14e215a	413	3027	3451	296
METHOD_EXIT	org.springframework.asm.MethodWriter#visitTableSwitchInsn(int,int,Label,Label):void	146c456cabf87904674b	455	2977	3443	218
METHOD_EXIT	org.springframework.asm.MethodWriter#visitLookupSwitchInsn(Label,int[],Label[]):void	d4e9f9cfbbdf522b96a9	455	2982	3448	257
METHOD_ENTRY	org.springframework.asm.MethodWriter#visitLookupSwitchInsn(Label,int[],Label[]):void	561cfde91767ab8754a4	413	2971	3395	174
METHOD_ENTRY	org.springframework.asm.MethodWriter#visitTableSwitchInsn(int,int,Label,Label):void	ff3c9bff0da6b8b25ad4	413	2966	3390	258
METHOD_ENTRY	org.springframework.asm.MethodWriter#visitSwitchInsn(Label,Label[]):void	e58d1db93f8a4ff8cd70	413	3054	3478	276
METHOD_EXIT	org.springframework.asm.MethodWriter#visitSwitchInsn(Label,Label[]):void	c9c4b2f0f6f39ce9c342	455	3065	3531	288
METHOD_ENTRY	org.springframework.asm.MethodWriter#visitMultiANewArrayInsn(String,int):void	7c21f1bff4cef7d681e8	413	2985	3409	277
METHOD_EXIT	org.springframework.asm.MethodWriter#visitMultiANewArrayInsn(String,int):void	294d17c2dee2ec6dacc2	455	2996	3462	289
METHOD_ENTRY	org.springframework.asm.MethodWriter#visitTryCatchBlock(Label,Label,Label,String):void	676478dbeb801d6be7a9	413	2906	3330	211
METHOD_EXIT	org.springframework.asm.MethodWriter#visitInsnAnnotation(int,TypePath,String,boolean):AnnotationVisitor	07e3054852a83c128aee	455	3043	3509	297
METHOD_ENTRY	org.springframework.asm.MethodWriter#visitInsnAnnotation(int,TypePath,String,boolean):AnnotationVisitor	c4022ab3a510622f3eef	413	2965	3389	242
METHOD_ENTRY	org.springframework.asm.MethodWriter#visitTryCatchAnnotation(int,TypePath,String,boolean):AnnotationVisitor	e38d78675eaf6761d282	413	2921	3345	245
METHOD_EXIT	org.springframework.asm.MethodWriter#visitTryCatchBlock(Label,Label,Label,String):void	60174e914f1949486201	455	2917	3383	338
METHOD_EXIT	org.springframework.asm.MethodWriter#visitTryCatchAnnotation(int,TypePath,String,boolean):AnnotationVisitor	4d9ea28638e0be6ee47f	455	2999	3465	320
METHOD_ENTRY	org.springframework.asm.MethodWriter#visitLocalVariable(String,String,String,Label,Label,int):void	d39fd1423b8cea035199	413	3126	3550	260
METHOD_EXIT	org.springframework.asm.MethodWriter#visitLocalVariable(String,String,String,Label,Label,int):void	2476af07a66328c182cb	455	3137	3603	320
METHOD_ENTRY	org.springframework.asm.MethodWriter#visitLocalVariableAnnotation(int,TypePath,Label[],Label[],int[],String,boolean):AnnotationVisitor	c2ce2b116a24acfb4cbf	413	3169	3593	246
METHOD_EXIT	org.springframework.asm.MethodWriter#visitLocalVariableAnnotation(int,TypePath,Label[],Label[],int[],String,boolean):AnnotationVisitor	70602b37f4069a3cc959	455	3247	3713	338
METHOD_ENTRY	org.springframework.asm.MethodWriter#visitLineNumber(int,Label):void	2011a59f51a34bfb90ad	413	2856	3280	196
METHOD_EXIT	org.springframework.asm.MethodWriter#visitLineNumber(int,Label):void	916c5aea943675bf7254	455	2867	3333	303
METHOD_EXIT	org.springframework.asm.MethodWriter#visitMaxs(int,int):void	b96d8a23bb2e24667c5f	455	2916	3382	278
METHOD_ENTRY	org.springframework.asm.MethodWriter#visitMaxs(int,int):void	c3b48be908aaccfcfc69	413	2905	3329	280
METHOD_ENTRY	org.springframework.asm.MethodWriter#computeAllFrames():void	db62e041e765f8ce19fd	413	3952	4376	229
METHOD_ENTRY	org.springframework.asm.MethodWriter#computeMaxStackAndLocal():void	3f70cf9d540e241385e6	413	4070	4494	241
METHOD_EXIT	org.springframework.asm.MethodWriter#computeMaxStackAndLocal():void	176837374b2f0fd6b675	455	4081	4547	286
METHOD_EXIT	org.springframework.asm.MethodWriter#computeAllFrames():void	3c4fdd166d8b5193dab8	455	3963	4429	259
METHOD_ENTRY	org.springframework.asm.MethodWriter#visitEnd():void	aae162765a981547f137	413	2796	3220	237
METHOD_EXIT	org.springframework.asm.MethodWriter#visitEnd():void	414474d803f8dfed3319	455	2807	3273	266
METHOD_ENTRY	org.springframework.asm.MethodWriter#addSuccessorToCurrentBasicBlock(int,Label):void	ad020a3b2596a28d4069	413	2835	3259	227
METHOD_EXIT	org.springframework.asm.MethodWriter#addSuccessorToCurrentBasicBlock(int,Label):void	7afb4b1a1f2c737bce29	455	2846	3312	278
METHOD_ENTRY	org.springframework.asm.MethodWriter#endCurrentBasicBlockWithNoSuccessor():void	30d2d68d66936cec2fb7	413	2916	3340	307
METHOD_ENTRY	org.springframework.asm.MethodWriter#visitFrameStart(int,int,int):int	0b6c0684ccc54ba9a1c3	413	2894	3318	315
METHOD_EXIT	org.springframework.asm.MethodWriter#endCurrentBasicBlockWithNoSuccessor():void	45cd7f591b4d8044cc87	455	2927	3393	369
METHOD_ENTRY	org.springframework.asm.MethodWriter#visitAbstractType(int,int):void	53b3a49df412196c0121	413	2819	3243	246
METHOD_EXIT	org.springframework.asm.MethodWriter#visitAbstractType(int,int):void	9f1f41a91340bf0a3c2d	455	2830	3296	292
METHOD_EXIT	org.springframework.asm.MethodWriter#visitFrameStart(int,int,int):int	6002073702f16b0f4498	455	2971	3437	268
METHOD_ENTRY	org.springframework.asm.MethodWriter#visitFrameEnd():void	70c914c05f7f82641ba0	413	2848	3272	300
METHOD_EXIT	org.springframework.asm.MethodWriter#visitFrameEnd():void	0de98ab2d8c6bfc179c7	455	2859	3325	290
METHOD_ENTRY	org.springframework.asm.MethodWriter#putFrameType(Object):void	3ed3c7b4ef533bf93a94	413	2889	3313	340
METHOD_EXIT	org.springframework.asm.MethodWriter#putFrame():void	40324003771385179c94	455	3607	4073	228
METHOD_ENTRY	org.springframework.asm.MethodWriter#putAbstractTypes(int,int):void	fb07617b131887a476da	413	2840	3264	148
METHOD_EXIT	org.springframework.asm.MethodWriter#putAbstractTypes(int,int):void	269d3c0aef3f8717e412	455	2851	3317	288
METHOD_ENTRY	org.springframework.asm.MethodWriter#putFrame():void	af55c653545f9eabdffe	413	3596	4020	271
METHOD_EXIT	org.springframework.asm.MethodWriter#putFrameType(Object):void	47194a8d682f3a9a2507	455	2900	3366	260
METHOD_ENTRY	org.springframework.asm.MethodWriter#canCopyMethodAttributes(ClassReader,boolean,boolean,int,int,int):boolean	3ace0faec521467544c2	413	3198	3622	250
METHOD_EXIT	org.springframework.asm.MethodWriter#setMethodAttributesSource(int,int):void	93cc0e31dee50b65efcd	455	2903	3369	198
METHOD_ENTRY	org.springframework.asm.MethodWriter#computeMethodInfoSize():int	95a48b53c83b7e5f1851	413	3724	4148	209
METHOD_EXIT	org.springframework.asm.MethodWriter#computeMethodInfoSize():int	853ea823402a243df382	455	3798	4264	305
METHOD_EXIT	org.springframework.asm.MethodWriter#canCopyMethodAttributes(ClassReader,boolean,boolean,int,int,int):boolean	a15d68570ebdb9706416	455	3275	3741	305
METHOD_ENTRY	org.springframework.asm.MethodWriter#putMethodInfo(ByteVector):void	abedc0c18bc2c6847f1e	413	4592	5016	242
METHOD_EXIT	org.springframework.asm.ClassVisitor#getDelegate():ClassVisitor	675249d03520135c6488	455	2732	3198	69
METHOD_ENTRY	org.springframework.asm.ClassVisitor#getDelegate():ClassVisitor	bbb42af78d183ef053f0	413	2657	3081	104
METHOD_EXIT	org.springframework.asm.MethodWriter#putMethodInfo(ByteVector):void	8183a9e153ed4436d263	455	4603	5069	259
METHOD_ENTRY	org.springframework.asm.MethodWriter#setMethodAttributesSource(int,int):void	70775acf8948427e4861	413	2892	3316	241
METHOD_ENTRY	org.springframework.asm.ClassVisitor#visitSource(String,String):void	b770eb7ba358c11b536c	413	2686	3110	219
METHOD_EXIT	org.springframework.asm.ClassVisitor#visitSource(String,String):void	cd2df878fca174ada5c7	455	2697	3163	288
METHOD_EXIT	org.springframework.asm.ClassVisitor#visit(int,int,String,String,String,String[]):void	733273d2131ce9eb1277	455	2791	3257	271
METHOD_ENTRY	org.springframework.asm.ClassVisitor#visit(int,int,String,String,String,String[]):void	967adea7a090194742d6	413	2780	3204	263
METHOD_ENTRY	org.springframework.asm.ClassVisitor#visitModule(String,int,String):ModuleVisitor	1caffd021cafd9df84f6	413	2731	3155	291
METHOD_ENTRY	org.springframework.asm.ClassVisitor#visitNestHost(String):void	28e983a9ca7731e3c6b7	413	2708	3132	267
METHOD_EXIT	org.springframework.asm.ClassVisitor#visitNestHost(String):void	8eecb634c00aad90f47c	455	2719	3185	299
METHOD_ENTRY	org.springframework.asm.MethodWriter#collectAttributePrototypes(Attribute.Set):void	ea04806fc384b7826307	413	2823	3247	225
METHOD_ENTRY	org.springframework.asm.ClassVisitor#visitOuterClass(String,String,String):void	3cb577e5c4a670ff6290	413	2701	3125	231
METHOD_EXIT	org.springframework.asm.ClassVisitor#visitOuterClass(String,String,String):void	63eff835eacbf22cb069	455	2712	3178	349
METHOD_ENTRY	org.springframework.asm.ClassVisitor#visitAnnotation(String,boolean):AnnotationVisitor	7b5968b4c11590e96204	413	2695	3119	253
METHOD_ENTRY	org.springframework.asm.ClassVisitor#visitTypeAnnotation(int,TypePath,String,boolean):AnnotationVisitor	3503aa456ab224643fb6	413	2760	3184	326
METHOD_EXIT	org.springframework.asm.ClassVisitor#visitAnnotation(String,boolean):AnnotationVisitor	90ff30621fb715e30030	455	2773	3239	282
METHOD_EXIT	org.springframework.asm.ClassVisitor#visitTypeAnnotation(int,TypePath,String,boolean):AnnotationVisitor	4748eba84967c592d094	455	2838	3304	280
METHOD_EXIT	org.springframework.asm.ClassVisitor#visitModule(String,int,String):ModuleVisitor	068466d0c1fa881a0fd8	455	2809	3275	268
METHOD_ENTRY	org.springframework.asm.ClassVisitor#visitAttribute(Attribute):void	a94c2efaab1c33487489	413	2674	3098	253
METHOD_EXIT	org.springframework.asm.ClassVisitor#visitAttribute(Attribute):void	cad9e78bc7715edd6ae5	455	2685	3151	254
METHOD_ENTRY	org.springframework.asm.ClassVisitor#visitNestMember(String):void	b8cdaa4482ff79441c76	413	2708	3132	248
METHOD_EXIT	org.springframework.asm.ClassVisitor#visitNestMember(String):void	667e385643183197ae11	455	2719	3185	232
METHOD_ENTRY	org.springframework.asm.ClassVisitor#visitPermittedSubclass(String):void	3e2f14920bbcfcf95fa0	413	2713	3137	307
METHOD_EXIT	org.springframework.asm.ClassVisitor#visitPermittedSubclass(String):void	5d25daba9eb99a701480	455	2724	3190	311
METHOD_ENTRY	org.springframework.asm.ClassVisitor#visitInnerClass(String,String,String,int):void	c0079cedc80ff4db1ce9	413	2721	3145	279
METHOD_EXIT	org.springframework.asm.ClassVisitor#visitInnerClass(String,String,String,int):void	c43a009d8e208e99bb4a	455	2732	3198	367
METHOD_ENTRY	org.springframework.asm.ClassVisitor#visitField(int,String,String,String,Object):FieldVisitor	83a4cd48d19ff6a7e9df	413	2735	3159	298
METHOD_EXIT	org.springframework.asm.ClassVisitor#visitRecordComponent(String,String,String):RecordComponentVisitor	991d94abd1e599a213d3	455	2817	3283	324
METHOD_ENTRY	org.springframework.asm.ClassVisitor#visitRecordComponent(String,String,String):RecordComponentVisitor	c914d6c7179453295739	413	2738	3162	242
METHOD_ENTRY	org.springframework.asm.ClassVisitor#visitMethod(int,String,String,String,String[]):MethodVisitor	75293e3d244b65fbaadd	413	2736	3160	270
METHOD_EXIT	org.springframework.asm.ClassVisitor#visitField(int,String,String,String,Object):FieldVisitor	0b7e26f748444e8386f3	455	2813	3279	234
METHOD_ENTRY	org.springframework.asm.ClassVisitor#visitEnd():void	9275900cb0a6d5b39d93	413	2667	3091	118
METHOD_EXIT	org.springframework.asm.ClassVisitor#visitEnd():void	d28d21641deabdb2b582	455	2678	3144	124
METHOD_EXIT	org.springframework.asm.ClassVisitor#visitMethod(int,String,String,String,String[]):MethodVisitor	850599c2ef9b1e43655c	455	2814	3280	281
METHOD_ENTRY	org.springframework.asm.Type#getType(Class<?>):Type	ef98c75c87486ba08223	413	2985	3409	331
METHOD_ENTRY	org.springframework.asm.Type#getType(String):Type	c1d12421afa376de5cea	413	2823	3247	237
METHOD_EXIT	org.springframework.asm.MethodWriter#collectAttributePrototypes(Attribute.Set):void	cdae02aa02695f092d4a	455	2834	3300	345
METHOD_EXIT	org.springframework.asm.Type#getType(Class<?>):Type	cf3fec358ef5c8f6e581	455	3062	3528	331
METHOD_ENTRY	org.springframework.asm.Type#getType(Constructor<?>):Type	cca12c04629f052822e4	413	2819	3243	227
METHOD_EXIT	org.springframework.asm.Type#getType(Constructor<?>):Type	aebaf735db4770e8b6d1	455	2896	3362	294
METHOD_EXIT	org.springframework.asm.Type#getType(String):Type	e482782e6a853918104f	455	2900	3366	248
METHOD_EXIT	org.springframework.asm.Type#getType(Method):Type	5b858dc15650862be5d4	455	2892	3358	314
METHOD_EXIT	org.springframework.asm.Type#getElementType():Type	862070d3488ed627aaba	455	2901	3367	217
METHOD_ENTRY	org.springframework.asm.Type#getElementType():Type	cdff4327420c44a8bf11	413	2827	3251	290
METHOD_ENTRY	org.springframework.asm.Type#getObjectType(String):Type	7ab98bea02efbae3b450	413	2840	3264	246
METHOD_ENTRY	org.springframework.asm.Type#getMethodType(String):Type	999c8e7c3ca9393cbd94	413	2827	3251	305
METHOD_EXIT	org.springframework.asm.Type#getObjectType(String):Type	7209f5f1c6509f8bbe7f	455	2917	3383	293
METHOD_ENTRY	org.springframework.asm.Type#getType(Method):Type	791843fbc59d1e471e5c	413	2815	3239	240
METHOD_EXIT	org.springframework.asm.Type#getMethodType(String):Type	badfb99ef1cd73f481f6	455	2904	3370	241
METHOD_ENTRY	org.springframework.asm.Type#getMethodType(Type,Type):Type	8d705f8d20d81a2b44a3	413	2837	3261	275
METHOD_EXIT	org.springframework.asm.Type#getMethodType(Type,Type):Type	90b051f53b4168a414d5	455	2914	3380	244
METHOD_ENTRY	org.springframework.asm.Type#getArgumentTypes():Type[]	b85696601a009c74231a	413	2811	3235	237
METHOD_EXIT	org.springframework.asm.Type#getArgumentTypes():Type[]	0e0df15bbe86fe17e493	455	2885	3351	268
METHOD_ENTRY	org.springframework.asm.Type#getArgumentTypes(String):Type[]	16fb7d2e41d2ab46e171	413	3043	3467	332
METHOD_EXIT	org.springframework.asm.Type#getArgumentTypes(String):Type[]	ca083a4e9e670661ada4	455	3120	3586	252
METHOD_EXIT	org.springframework.asm.Type#getReturnType():Type	518d9481c0e6519c3a12	455	2883	3349	282
METHOD_EXIT	org.springframework.asm.Type#getReturnType(String):Type	dc5c3b0408da89e84c16	455	2908	3374	303
METHOD_ENTRY	org.springframework.asm.Type#getReturnType():Type	cdfaae7002f77d384bc1	413	2809	3233	299
METHOD_ENTRY	org.springframework.asm.Type#getReturnType(String):Type	51be0cde51a7e2f15629	413	2831	3255	251
METHOD_EXIT	org.springframework.asm.Type#getArgumentTypes(Method):Type[]	252eb9ed3ba8674ba3e1	455	2946	3412	245
METHOD_ENTRY	org.springframework.asm.Type#getReturnType(Method):Type	1faf2df49adc85d99086	413	2817	3241	139
METHOD_EXIT	org.springframework.asm.Type#getReturnType(Method):Type	a7660220e65c842e6006	455	2894	3360	312
METHOD_ENTRY	org.springframework.asm.Type#getArgumentTypes(Method):Type[]	c72b1e99ca4cdb99ad61	413	2869	3293	220
METHOD_ENTRY	org.springframework.asm.Type#getReturnTypeOffset(String):int	67f68727fce4e2386a5f	413	2946	3370	231
METHOD_EXIT	org.springframework.asm.Type#getReturnTypeOffset(String):int	3325fba92af872e689c4	455	3023	3489	294
METHOD_ENTRY	org.springframework.asm.Type#getTypeInternal(String,int,int):Type	9519beff8025dbcdf285	413	3025	3449	222
METHOD_EXIT	org.springframework.asm.Type#getClassName():String	47376cffc3712cc700e7	455	3051	3517	295
METHOD_EXIT	org.springframework.asm.Type#getTypeInternal(String,int,int):Type	236551816056b14350dd	455	3102	3568	368
METHOD_ENTRY	org.springframework.asm.Type#getInternalName():String	e39d97e42982da7a44fc	413	2812	3236	255
METHOD_ENTRY	org.springframework.asm.Type#getClassName():String	2f507eeb611be998c80d	413	2977	3401	325
METHOD_EXIT	org.springframework.asm.Type#getInternalName(Class<?>):String	a33a712ef545125c6e0e	455	2898	3364	240
METHOD_ENTRY	org.springframework.asm.Type#getDescriptor():String	9b167bfb055958f4c46f	413	2869	3293	223
METHOD_ENTRY	org.springframework.asm.Type#getInternalName(Class<?>):String	5bc1c3397c86f62db126	413	2821	3245	254
METHOD_EXIT	org.springframework.asm.Type#getDescriptor():String	08b5aa6e033a32bb2d8e	455	2943	3409	290
METHOD_EXIT	org.springframework.asm.Type#getDescriptor(Class<?>):String	26ad13dfcf9464800c63	455	2911	3377	313
METHOD_EXIT	org.springframework.asm.Type#getInternalName():String	641942ada7624a9a08f2	455	2886	3352	298
METHOD_ENTRY	org.springframework.asm.Type#getDescriptor(Class<?>):String	7ccb4fa50b5b9271d09b	413	2834	3258	283
METHOD_ENTRY	org.springframework.asm.Type#getConstructorDescriptor(Constructor<?>):String	348c0912e3b8d915dd98	413	2871	3295	229
METHOD_ENTRY	org.springframework.asm.Type#getMethodDescriptor(Type,Type):String	7ba9bc2043056a8a7400	413	2883	3307	295
METHOD_EXIT	org.springframework.asm.Type#getMethodDescriptor(Type,Type):String	f3ccf201bbade817bc65	455	2960	3426	275
METHOD_EXIT	org.springframework.asm.Type#getConstructorDescriptor(Constructor<?>):String	a5711d24a6be982be87b	455	2948	3414	254
METHOD_ENTRY	org.springframework.asm.Type#getMethodDescriptor(Method):String	e1e7f5cb794ba31377ea	413	2880	3304	240
METHOD_EXIT	org.springframework.asm.Type#getMethodDescriptor(Method):String	c76a1e39a69ad9176c89	455	2957	3423	276
METHOD_EXIT	org.springframework.asm.Type#appendDescriptor(StringBuilder):void	049c9639f78ba971f641	455	2898	3364	361
METHOD_EXIT	org.springframework.asm.Type#getSort():int	8cd9a95c1dd2fa7b9cbb	455	2883	3349	315
METHOD_ENTRY	org.springframework.asm.Type#getSort():int	4bea80e6e8bcb023f4b5	413	2809	3233	280
METHOD_EXIT	org.springframework.asm.Type#appendDescriptor(Class<?>,StringBuilder):void	fae041d3a40d6288019d	455	3087	3553	448
METHOD_ENTRY	org.springframework.asm.Type#getDimensions():int	379d8c4b76c94bb801ca	413	2835	3259	288
METHOD_ENTRY	org.springframework.asm.Type#appendDescriptor(Class<?>,StringBuilder):void	9ee3b259e8e93fc41cf9	413	3076	3500	52
METHOD_ENTRY	org.springframework.asm.Type#appendDescriptor(StringBuilder):void	f18c5fff52ff53b3727e	413	2887	3311	263
METHOD_EXIT	org.springframework.asm.Type#getDimensions():int	67f861c7bd9735fc68f1	455	2909	3375	326
METHOD_ENTRY	org.springframework.asm.Type#getSize():int	e7b26f290b1485dc66d6	413	2879	3303	347
METHOD_ENTRY	org.springframework.asm.Type#getArgumentCount():int	b5e8285dd3da52cd87fe	413	2809	3233	240
METHOD_EXIT	org.springframework.asm.Type#getArgumentCount():int	ba4eabc934773e6d85b4	455	2883	3349	267
METHOD_EXIT	org.springframework.asm.Type#getSize():int	236eda3cccc312a5e2ca	455	2953	3419	291
METHOD_ENTRY	org.springframework.asm.Type#getArgumentCount(String):int	863a4731a332eedfc2bd	413	2955	3379	275
METHOD_EXIT	org.springframework.asm.Type#getArgumentsAndReturnSizes():int	8092a17ad9f2a38ee7f5	455	2889	3355	262
METHOD_ENTRY	org.springframework.asm.Type#getArgumentsAndReturnSizes(String):int	959e763f135075b6993a	413	3087	3511	307
METHOD_EXIT	org.springframework.asm.Type#getArgumentCount(String):int	1ca738fc280aa2cc34b9	455	3032	3498	251
METHOD_EXIT	org.springframework.asm.Type#getArgumentsAndReturnSizes(String):int	0b4ce90fed22f04aad7c	455	3164	3630	333
METHOD_ENTRY	org.springframework.asm.Type#getOpcode(int):int	5db70d1d78a7c6e8ed29	413	3218	3642	332
METHOD_ENTRY	org.springframework.asm.Type#equals(Object):boolean	f770690fbf531df0a428	413	2984	3408	277
METHOD_EXIT	org.springframework.asm.Type#getOpcode(int):int	74aec864278e5b7f994b	455	3295	3761	666
METHOD_ENTRY	org.springframework.asm.CurrentFrame#execute(int,int,Symbol,SymbolTable):void	04dd44f166f6c9c6b353	413	587	1011	280
METHOD_EXIT	org.springframework.asm.CurrentFrame#execute(int,int,Symbol,SymbolTable):void	bf1b1e108182c1afd95a	455	598	1064	247
METHOD_ENTRY	org.springframework.asm.Type#getArgumentsAndReturnSizes():int	c757e35cf509ad4d8a83	413	2815	3239	215
METHOD_EXIT	org.springframework.asm.Type#equals(Object):boolean	51abf99085326a0cd324	455	3061	3527	385
METHOD_ENTRY	org.springframework.asm.Type#hashCode():int	75591cec2109f85adfa9	413	2875	3299	216
METHOD_ENTRY	org.springframework.asm.Type#toString():String	edd7a611fad160ab8a08	413	2808	3232	228
METHOD_EXIT	org.springframework.asm.Type#toString():String	f0d1855ab496751b6e07	455	2882	3348	387
METHOD_EXIT	org.springframework.asm.Type#hashCode():int	ca1dec86c0e01fdd4afd	455	2949	3415	382
METHOD_ENTRY	org.springframework.asm.SymbolTable#copyBootstrapMethods(ClassReader,char[]):void	54aa8500d662b5c68512	413	5848	6272	278
METHOD_EXIT	org.springframework.asm.SymbolTable#copyBootstrapMethods(ClassReader,char[]):void	3844421198877aab1c78	455	5859	6325	328
METHOD_EXIT	org.springframework.asm.SymbolTable#getSource():ClassReader	f900f23c34f6afa1c474	455	5477	5943	200
METHOD_ENTRY	org.springframework.asm.SymbolTable#getMajorVersion():int	4fc21981837481c92bba	413	5401	5825	42
METHOD_ENTRY	org.springframework.asm.SymbolTable#getClassName():String	748a1f90e18fc2ad3890	413	5401	5825	211
METHOD_EXIT	org.springframework.asm.SymbolTable#getMajorVersion():int	3c3bfa73d1a99d0a0070	455	5475	5941	224
METHOD_ENTRY	org.springframework.asm.SymbolTable#getSource():ClassReader	6ee17337f874bcb6d7eb	413	5402	5826	224
METHOD_ENTRY	org.springframework.asm.SymbolTable#setMajorVersionAndClassName(int,String):int	fb5fc30ddb1c521896da	413	5448	5872	210
METHOD_EXIT	org.springframework.asm.SymbolTable#setMajorVersionAndClassName(int,String):int	1322d9b7f86b4f50f968	455	5525	5991	271
METHOD_ENTRY	org.springframework.asm.SymbolTable#getConstantPoolCount():int	0d99f100446ca4797414	413	5404	5828	245
METHOD_EXIT	org.springframework.asm.SymbolTable#getConstantPoolCount():int	dcc05f3e447c71949916	455	5478	5944	285
METHOD_EXIT	org.springframework.asm.SymbolTable#getConstantPoolLength():int	355f9894f5c0d4a9dea2	455	5478	5944	88
METHOD_ENTRY	org.springframework.asm.SymbolTable#getConstantPoolLength():int	45be3ff3f016c6cd0cfd	413	5404	5828	79
METHOD_ENTRY	org.springframework.asm.SymbolTable#computeBootstrapMethodsSize():int	79f1401575f027bba82d	413	5441	5865	183
METHOD_EXIT	org.springframework.asm.SymbolTable#putConstantPool(ByteVector):void	6b87c407164f44fc067d	455	5441	5907	313
METHOD_EXIT	org.springframework.asm.SymbolTable#getClassName():String	f94ac89f4acf8bfe752d	455	5475	5941	274
METHOD_EXIT	org.springframework.asm.SymbolTable#computeBootstrapMethodsSize():int	3731e8b14dd5159a5c9c	455	5515	5981	319
METHOD_ENTRY	org.springframework.asm.SymbolTable#putBootstrapMethods(ByteVector):void	f6026af3245597ac994a	413	5474	5898	259
METHOD_ENTRY	org.springframework.asm.SymbolTable#get(int):Entry	47203a46a251cbe94093	413	5411	5835	262
METHOD_EXIT	org.springframework.asm.SymbolTable#putBootstrapMethods(ByteVector):void	817cf77dfc2d1ce2ee06	455	5485	5951	294
METHOD_ENTRY	org.springframework.asm.SymbolTable#putConstantPool(ByteVector):void	d1483b7ba75b126ca83c	413	5430	5854	132
METHOD_ENTRY	org.springframework.asm.SymbolTable#put(Entry):Entry	29c5b861ceaaa54e9b95	413	5587	6011	265
METHOD_EXIT	org.springframework.asm.SymbolTable#get(int):Entry	dfc7bd17d01b9360bc6f	455	5488	5954	343
METHOD_ENTRY	org.springframework.asm.SymbolTable#add(Entry):void	c738be16df81f5f93205	413	5430	5854	233
METHOD_ENTRY	org.springframework.asm.SymbolTable#addConstant(Object):Symbol	0df9421577c1e8a8ea73	413	5832	6256	356
METHOD_EXIT	org.springframework.asm.SymbolTable#addConstant(Object):Symbol	74c311ecc7441728eb06	455	5909	6375	400
METHOD_EXIT	org.springframework.asm.SymbolTable#add(Entry):void	0557004ce8173c6d5134	455	5441	5907	259
METHOD_ENTRY	org.springframework.asm.SymbolTable#addConstantClass(String):Symbol	ada4e01a255caf9b8ad8	413	5418	5842	202
METHOD_ENTRY	org.springframework.asm.SymbolTable#addConstantFieldref(String,String,String):Symbol	e0da392acfdae5341c35	413	5444	5868	244
METHOD_EXIT	org.springframework.asm.SymbolTable#addConstantClass(String):Symbol	6a7e4784c8047b77cfc7	455	5495	5961	329
METHOD_EXIT	org.springframework.asm.SymbolTable#addConstantMethodref(String,String,String,boolean):Symbol	4eb5d5b51b90756d0612	455	5553	6019	219
METHOD_ENTRY	org.springframework.asm.SymbolTable#addConstantMethodref(String,String,String,boolean):Symbol	1a10138dbdebf332ce12	413	5476	5900	271
METHOD_EXIT	org.springframework.asm.SymbolTable#addConstantFieldref(String,String,String):Symbol	e806faf0118e980e5644	455	5521	5987	320
METHOD_ENTRY	org.springframework.asm.SymbolTable#addConstantMemberReference(int,String,String,String):Entry	99905610c6b0df40d7da	413	5571	5995	157
METHOD_EXIT	org.springframework.asm.SymbolTable#put(Entry):Entry	d1703c5d1866d03fe0aa	455	5664	6130	298
METHOD_EXIT	org.springframework.asm.SymbolTable#addConstantMemberReference(int,String,String,String):Entry	f784c7e61f87aa6c3245	455	5648	6114	204
METHOD_ENTRY	org.springframework.asm.SymbolTable#addConstantMemberReference(int,int,String,String,String):void	d699f16ed7052fbbf903	413	5478	5902	270
METHOD_EXIT	org.springframework.asm.SymbolTable#addConstantMemberReference(int,int,String,String,String):void	71780260756743bbc2f5	455	5489	5955	270
METHOD_ENTRY	org.springframework.asm.SymbolTable#addConstantString(String):Symbol	7294caa04bfb79baadf9	413	5418	5842	251
METHOD_EXIT	org.springframework.asm.SymbolTable#addConstantString(String):Symbol	0d1d2771cdbf4ccf6e7b	455	5495	5961	293
METHOD_ENTRY	org.springframework.asm.SymbolTable#addConstantInteger(int):Symbol	4cbf9c8a6f90aca0b483	413	5418	5842	198
METHOD_EXIT	org.springframework.asm.SymbolTable#addConstantInteger(int):Symbol	29ad0b10f32caa49fa98	455	5495	5961	273
METHOD_EXIT	org.springframework.asm.SymbolTable#addConstantFloat(float):Symbol	e1bd5f6370ead34ba07b	455	5501	5967	340
METHOD_ENTRY	org.springframework.asm.SymbolTable#addConstantFloat(float):Symbol	639b63acb5db9480627b	413	5424	5848	272
METHOD_ENTRY	org.springframework.asm.SymbolTable#addConstantIntegerOrFloat(int,int):Symbol	5bdd6685ea78b31b0987	413	5507	5931	265
METHOD_EXIT	org.springframework.asm.SymbolTable#addConstantIntegerOrFloat(int,int):Symbol	9e40b1ca08bf2a4395c2	455	5584	6050	235
METHOD_ENTRY	org.springframework.asm.SymbolTable#addConstantIntegerOrFloat(int,int,int):void	5b96e6378c4926f3cf81	413	5443	5867	222
METHOD_EXIT	org.springframework.asm.SymbolTable#addConstantIntegerOrFloat(int,int,int):void	7ff26491d13709001df6	455	5454	5920	266
METHOD_ENTRY	org.springframework.asm.SymbolTable#addConstantLong(long):Symbol	699f5b1e6ba523b57e61	413	5418	5842	119
METHOD_EXIT	org.springframework.asm.SymbolTable#addConstantLong(long):Symbol	1e3106302a610b20e0ab	455	5495	5961	206
METHOD_ENTRY	org.springframework.asm.SymbolTable#addConstantDouble(double):Symbol	63922f0f64828f73d9ff	413	5424	5848	287
METHOD_ENTRY	org.springframework.asm.SymbolTable#addConstantLongOrDouble(int,long):Symbol	7f23742e514d4995f94a	413	5520	5944	324
METHOD_EXIT	org.springframework.asm.SymbolTable#addConstantLongOrDouble(int,long):Symbol	e629b0853fee3ff12145	455	5597	6063	291
METHOD_EXIT	org.springframework.asm.SymbolTable#addConstantDouble(double):Symbol	bd58b98d7546ac60a6f7	455	5501	5967	228
METHOD_EXIT	org.springframework.asm.SymbolTable#addConstantLongOrDouble(int,int,long):void	382885d378712bf963fc	455	5454	5920	296
METHOD_ENTRY	org.springframework.asm.SymbolTable#addConstantLongOrDouble(int,int,long):void	ae472e4b74e30336a5a6	413	5443	5867	203
METHOD_ENTRY	org.springframework.asm.SymbolTable#addConstantNameAndType(int,String,String):void	76529e6b4c6c3cffd961	413	5460	5884	264
METHOD_ENTRY	org.springframework.asm.SymbolTable#addConstantNameAndType(String,String):int	27b6107fcf0484958c90	413	5547	5971	229
METHOD_EXIT	org.springframework.asm.SymbolTable#addConstantNameAndType(String,String):int	e2cdbaf0a01c2b59123d	455	5624	6090	295
METHOD_EXIT	org.springframework.asm.SymbolTable#addConstantNameAndType(int,String,String):void	d0adc22025e435b7e8d1	455	5471	5937	267
METHOD_ENTRY	org.springframework.asm.SymbolTable#addConstantUtf8(String):int	a212872c3d4ff47b2c07	413	5522	5946	231
METHOD_EXIT	org.springframework.asm.SymbolTable#addConstantUtf8(int,String):void	07d37db8e057e13a3673	455	5452	5918	305
METHOD_ENTRY	org.springframework.asm.SymbolTable#addConstantUtf8(int,String):void	fd6839ba51fa859bdca7	413	5441	5865	242
METHOD_EXIT	org.springframework.asm.SymbolTable#addConstantUtf8(String):int	99a220df33f2d38b085f	455	5599	6065	256
METHOD_ENTRY	org.springframework.asm.SymbolTable#addConstantMethodHandle(int,String,String,String,boolean):Symbol	d5c6897faa0a371fa3cb	413	5708	6132	286
METHOD_EXIT	org.springframework.asm.SymbolTable#addConstantMethodHandle(int,String,String,String,boolean):Symbol	ee6c42daa6ccc22eecd9	455	5785	6251	329
METHOD_ENTRY	org.springframework.asm.SymbolTable#addConstantMethodHandle(int,int,String,String,String,boolean):void	ecea06ac058510e391c2	413	5532	5956	218
METHOD_ENTRY	org.springframework.asm.SymbolTable#getConstantMethodHandleSymbolData(int,boolean):int	52eda8d43c1da4dbf352	413	5459	5883	204
METHOD_EXIT	org.springframework.asm.SymbolTable#addConstantMethodHandle(int,int,String,String,String,boolean):void	88a9f33888ecf59cb0c9	455	5543	6009	286
METHOD_EXIT	org.springframework.asm.SymbolTable#getConstantMethodHandleSymbolData(int,boolean):int	81db9ef6c15982146106	455	5536	6002	290
METHOD_ENTRY	org.springframework.asm.SymbolTable#addConstantMethodType(String):Symbol	2d361671bf3b95c6f334	413	5424	5848	183
METHOD_ENTRY	org.springframework.asm.SymbolTable#addConstantDynamic(String,String,Handle,Object):Symbol	3375c60d94fefc05793f	413	5490	5914	250
METHOD_ENTRY	org.springframework.asm.SymbolTable#addConstantInvokeDynamic(String,String,Handle,Object):Symbol	ebd8975c9eba97349c23	413	5495	5919	252
METHOD_EXIT	org.springframework.asm.SymbolTable#addConstantDynamic(String,String,Handle,Object):Symbol	0e6ee9794ef452ecff1e	455	5567	6033	280
METHOD_EXIT	org.springframework.asm.SymbolTable#addConstantMethodType(String):Symbol	76d9cbf07ea9759cf98d	455	5501	5967	230
METHOD_ENTRY	org.springframework.asm.SymbolTable#addConstantDynamicOrInvokeDynamicReference(int,String,String,int):Symbol	8a3a9a025548507f1882	413	5584	6008	274
METHOD_EXIT	org.springframework.asm.SymbolTable#addConstantInvokeDynamic(String,String,Handle,Object):Symbol	43f481b7957310eeebe9	455	5572	6038	260
METHOD_EXIT	org.springframework.asm.SymbolTable#addConstantDynamicOrInvokeDynamicReference(int,String,String,int):Symbol	71a765bf99bacccd8c53	455	5661	6127	251
METHOD_ENTRY	org.springframework.asm.SymbolTable#addConstantDynamicOrInvokeDynamicReference(int,int,String,String,int):void	05b10b9f1b74714f56b1	413	5499	5923	348
METHOD_EXIT	org.springframework.asm.SymbolTable#addConstantDynamicOrInvokeDynamicReference(int,int,String,String,int):void	063b90b82b2c48ba4fed	455	5510	5976	251
METHOD_ENTRY	org.springframework.asm.SymbolTable#addConstantModule(String):Symbol	e50f3e66fac9454ef435	413	5421	5845	243
METHOD_EXIT	org.springframework.asm.SymbolTable#addConstantModule(String):Symbol	00dbfc06e61275607949	455	5498	5964	275
METHOD_EXIT	org.springframework.asm.SymbolTable#addConstantPackage(String):Symbol	cca3071ecb7ff4151fdd	455	5498	5964	221
METHOD_ENTRY	org.springframework.asm.SymbolTable#addConstantUtf8Reference(int,String):Symbol	c2de7b6abe07ce756953	413	5509	5933	261
METHOD_ENTRY	org.springframework.asm.SymbolTable#addConstantPackage(String):Symbol	deafb085c498d2284e33	413	5421	5845	198
METHOD_ENTRY	org.springframework.asm.SymbolTable#addConstantUtf8Reference(int,int,String):void	3f4ce991e7a2e4453b66	413	5443	5867	235
METHOD_EXIT	org.springframework.asm.SymbolTable#addConstantUtf8Reference(int,String):Symbol	327c47caf2d1e6e2293b	455	5586	6052	314
METHOD_EXIT	org.springframework.asm.SymbolTable#addConstantUtf8Reference(int,int,String):void	3cad4dd497effe067967	455	5454	5920	320
METHOD_EXIT	org.springframework.asm.SymbolTable#addBootstrapMethod(int,int,int):Symbol	30f325cdf1b0181c0340	455	5688	6154	275
METHOD_ENTRY	org.springframework.asm.SymbolTable#addBootstrapMethod(int,int,int):Symbol	16cbb96c9d0f9b346783	413	5611	6035	254
METHOD_ENTRY	org.springframework.asm.SymbolTable#addBootstrapMethod(Handle,Object):Symbol	894212a6adec8fcf8969	413	5853	6277	160
METHOD_EXIT	org.springframework.asm.SymbolTable#addBootstrapMethod(Handle,Object):Symbol	f9c6f6994b89331b7d02	455	5930	6396	278
METHOD_EXIT	org.springframework.asm.SymbolTable#getType(int):Symbol	2bcc10797b2c117d7f85	455	5486	5952	211
METHOD_ENTRY	org.springframework.asm.SymbolTable#getForwardUninitializedLabel(int):Label	b09b68cb0dfcb0acdbdf	413	5424	5848	257
METHOD_ENTRY	org.springframework.asm.SymbolTable#getType(int):Symbol	94eed1f91a4dfb5eb38e	413	5409	5833	191
METHOD_EXIT	org.springframework.asm.SymbolTable#getForwardUninitializedLabel(int):Label	1ecb688a26149b0f547b	455	5501	5967	317
METHOD_ENTRY	org.springframework.asm.SymbolTable#addUninitializedType(String,int):int	e1ba504e17bcb7649d8f	413	5536	5960	220
METHOD_EXIT	org.springframework.asm.SymbolTable#addUninitializedType(String,int):int	6c27a100bed37f86c0a0	455	5613	6079	362
METHOD_EXIT	org.springframework.asm.SymbolTable#addType(String):int	a3008511d616ec0a6b2f	455	5563	6029	291
METHOD_ENTRY	org.springframework.asm.SymbolTable#addType(String):int	e2aad1c6c3ae46717507	413	5486	5910	247
METHOD_EXIT	org.springframework.asm.SymbolTable#addForwardUninitializedType(String,Label):int	0b8c1e54cbeea71bad67	455	5632	6098	271
METHOD_ENTRY	org.springframework.asm.SymbolTable#addForwardUninitializedType(String,Label):int	8054923be21c81ab5442	413	5555	5979	275
METHOD_EXIT	org.springframework.asm.SymbolTable#addMergedType(int,int):int	935ae2d156980989c8a1	455	5717	6183	328
METHOD_ENTRY	org.springframework.asm.SymbolTable#addMergedType(int,int):int	a339bae3066de412d969	413	5640	6064	294
METHOD_ENTRY	org.springframework.asm.SymbolTable#addTypeInternal(Entry):int	1e29c001bc65e64c57dc	413	5498	5922	266
METHOD_EXIT	org.springframework.asm.SymbolTable#addTypeInternal(Entry):int	3815778345cf0b9ec68e	455	5575	6041	232
METHOD_ENTRY	org.springframework.asm.SymbolTable#getOrAddLabelEntry(Label):LabelEntry	3aa303c01879cd666f9a	413	5795	6219	249
METHOD_EXIT	org.springframework.asm.SymbolTable#getOrAddLabelEntry(Label):LabelEntry	4f01660e7a9b4806fb63	455	5873	6339	286
METHOD_ENTRY	org.springframework.asm.SymbolTable#hash(int,int):int	efcf2baa6d263b230b4d	413	5425	5849	243
METHOD_EXIT	org.springframework.asm.SymbolTable#hash(int,int):int	408acb025e3294b13534	455	5502	5968	299
METHOD_ENTRY	org.springframework.asm.SymbolTable#hash(int,long):int	8e10635ab782e3348f98	413	5437	5861	207
METHOD_EXIT	org.springframework.asm.SymbolTable#hash(int,long):int	6e4038006bba8ed9db6c	455	5514	5980	279
METHOD_ENTRY	org.springframework.asm.SymbolTable#hash(int,String,int):int	65980980203b554a425f	413	5446	5870	189
METHOD_ENTRY	org.springframework.asm.SymbolTable#hash(int,String):int	4a29ec1419417dbe42cc	413	5427	5851	222
METHOD_EXIT	org.springframework.asm.SymbolTable#hash(int,String):int	ccfac8dafc068bac4d4c	455	5504	5970	334
METHOD_EXIT	org.springframework.asm.SymbolTable#hash(int,String,String):int	d00cbc69ac56fef2f713	455	5525	5991	227
METHOD_ENTRY	org.springframework.asm.SymbolTable#hash(int,String,String):int	33645e4a3ae9325239ee	413	5448	5872	287
METHOD_ENTRY	org.springframework.asm.FieldVisitor#getDelegate():FieldVisitor	3b19a6c5882dc29cace5	413	813	1237	53
METHOD_ENTRY	org.springframework.asm.SymbolTable#hash(int,String,String,int):int	ee616c9211560a0272c8	413	5470	5894	274
METHOD_EXIT	org.springframework.asm.SymbolTable#hash(int,String,int):int	fd5868f004e5f36644e2	455	5523	5989	360
METHOD_EXIT	org.springframework.asm.FieldVisitor#getDelegate():FieldVisitor	7a996748651f3297a7a8	455	888	1354	61
METHOD_ENTRY	org.springframework.asm.FieldVisitor#visitAnnotation(String,boolean):AnnotationVisitor	3cb83fa1e6928199c3f6	413	851	1275	175
METHOD_EXIT	org.springframework.asm.FieldVisitor#visitAnnotation(String,boolean):AnnotationVisitor	e1cc47b6afd9e89bb456	455	929	1395	227
METHOD_ENTRY	org.springframework.asm.FieldVisitor#visitTypeAnnotation(int,TypePath,String,boolean):AnnotationVisitor	3ec7f8cc2ed74c022f3d	413	916	1340	239
METHOD_EXIT	org.springframework.asm.FieldVisitor#visitTypeAnnotation(int,TypePath,String,boolean):AnnotationVisitor	fc401ec6df65cdb32120	455	994	1460	278
METHOD_ENTRY	org.springframework.asm.FieldVisitor#visitAttribute(Attribute):void	3d9d88988b743d7c666f	413	830	1254	248
METHOD_EXIT	org.springframework.asm.FieldVisitor#visitAttribute(Attribute):void	d4a2436a082dced0b026	455	841	1307	344
METHOD_EXIT	org.springframework.asm.FieldVisitor#visitEnd():void	8ee00c155fe81f696c53	455	834	1300	140
METHOD_ENTRY	org.springframework.asm.FieldVisitor#visitEnd():void	245e0796f0e0109720b3	413	823	1247	124
METHOD_ENTRY	org.springframework.asm.SymbolTable#hash(int,String,String,String):int	231cebf66aa87293216a	413	5468	5892	298
METHOD_ENTRY	org.springframework.asm.SymbolTable#hash(int,String,String,String,int):int	16963db6f518ab456610	413	5488	5912	166
METHOD_EXIT	org.springframework.asm.SymbolTable#hash(int,String,String,int):int	1ef82008cd881be67fa7	455	5547	6013	370
METHOD_EXIT	org.springframework.asm.SymbolTable#hash(int,String,String,String,int):int	2da37e4f51c241225701	455	5565	6031	357
METHOD_EXIT	org.springframework.asm.SymbolTable#hash(int,String,String,String):int	6227afcffa7e8d031c07	455	5545	6011	257
METHOD_ENTRY	org.springframework.asm.ClassReader#computeBufferSize(InputStream):int	02234fc99a2008cc194c	413	5663	6087	289
METHOD_EXIT	org.springframework.asm.ClassReader#computeBufferSize(InputStream):int	e6670fa1596b77353a76	455	5740	6206	335
METHOD_EXIT	org.springframework.asm.ClassReader#readStream(InputStream,boolean):byte[]	74b7becff8726dd82892	455	5857	6323	265
METHOD_ENTRY	org.springframework.asm.ClassReader#readStream(InputStream,boolean):byte[]	4967b615c999f27a0389	413	5780	6204	168
METHOD_ENTRY	org.springframework.asm.ClassReader#getAccess():int	b574e92d140926c6daaa	413	5554	5978	243
METHOD_ENTRY	org.springframework.asm.ClassReader#getClassName():String	8359fa3a7bb6b54c0fa8	413	5581	6005	298
METHOD_EXIT	org.springframework.asm.ClassReader#getClassName():String	9ba88e12fec4c193150e	455	5655	6121	245
METHOD_EXIT	org.springframework.asm.ClassReader#getAccess():int	3200a54fbd828c302b44	455	5628	6094	262
METHOD_ENTRY	org.springframework.asm.ClassReader#getInterfaces():String[]	2a8bc18746c490119439	413	5670	6094	294
METHOD_EXIT	org.springframework.asm.ClassReader#getInterfaces():String[]	3b1c0954c238757eda3f	455	5744	6210	231
METHOD_EXIT	org.springframework.asm.ClassReader#accept(ClassVisitor,int):void	de00c21a301a4469aa25	455	5593	6059	306
METHOD_ENTRY	org.springframework.asm.ClassReader#accept(ClassVisitor,int):void	3d5816db2fb3554a1c7f	413	5582	6006	254
METHOD_ENTRY	org.springframework.asm.ClassReader#accept(ClassVisitor,Attribute[],int):void	8491865048770bb7385a	413	8561	8985	291
METHOD_EXIT	org.springframework.asm.ClassReader#accept(ClassVisitor,Attribute[],int):void	9a5e4ae3ea2c7b81a1db	455	8572	9038	309
METHOD_EXIT	org.springframework.asm.ClassReader#getSuperName():String	6db12480b8da0e807a77	455	5656	6122	275
METHOD_ENTRY	org.springframework.asm.ClassReader#getSuperName():String	3b0b21ec73115d94018c	413	5582	6006	350
METHOD_EXIT	org.springframework.asm.ClassReader#readModuleAttributes(ClassVisitor,Context,int,int,String):void	0a286bc8f59b2d4ce308	455	6633	7099	211
METHOD_ENTRY	org.springframework.asm.ClassReader#readModuleAttributes(ClassVisitor,Context,int,int,String):void	0f36bf086be543189193	413	6622	7046	237
METHOD_ENTRY	org.springframework.asm.ClassReader#readRecordComponent(ClassVisitor,Context,int):int	0a25d4d8b140ed16cbaf	413	6989	7413	274
METHOD_EXIT	org.springframework.asm.ClassReader#readRecordComponent(ClassVisitor,Context,int):int	de14d2a1a4c51d1bf7a7	455	7066	7532	310
METHOD_ENTRY	org.springframework.asm.ClassReader#readField(ClassVisitor,Context,int):int	c8d322d0031455e9d8c1	413	7138	7562	243
METHOD_EXIT	org.springframework.asm.ClassReader#readField(ClassVisitor,Context,int):int	20e275239516341bae1c	455	7215	7681	271
METHOD_ENTRY	org.springframework.asm.ClassReader#readBytecodeInstructionOffset(int):void	65caf5b281b84cfaaa3d	413	5571	5995	254
METHOD_EXIT	org.springframework.asm.ClassReader#readCode(MethodVisitor,Context,int):void	99791c16e9fac399d6b7	455	16439	16905	238
METHOD_ENTRY	org.springframework.asm.ClassReader#readCode(MethodVisitor,Context,int):void	a3cf81e3371933e5d51b	413	16428	16852	273
METHOD_EXIT	org.springframework.asm.ClassReader#readBytecodeInstructionOffset(int):void	a1675b5702e2d46cf4a4	455	5582	6048	302
METHOD_ENTRY	org.springframework.asm.ClassReader#readLabel(int,Label[]):Label	e75ba2e762f9ea60ac01	413	5641	6065	290
METHOD_EXIT	org.springframework.asm.ClassReader#readLabel(int,Label[]):Label	6bef74a06e0e8999ec66	455	5718	6184	360
METHOD_ENTRY	org.springframework.asm.ClassReader#readMethod(ClassVisitor,Context,int):int	0d53f596c48a2ed2a7dc	413	8020	8444	271
METHOD_EXIT	org.springframework.asm.ClassReader#readMethod(ClassVisitor,Context,int):int	994e968314fb72e9d5b7	455	8097	8563	292
METHOD_ENTRY	org.springframework.asm.ClassReader#createLabel(int,Label[]):Label	d219b6f7ab94efb31315	413	5595	6019	256
METHOD_ENTRY	org.springframework.asm.ClassReader#createDebugLabel(int,Label[]):void	8dac8156fa5226694e69	413	5602	6026	274
METHOD_EXIT	org.springframework.asm.ClassReader#createLabel(int,Label[]):Label	604599b961fe076dbddd	455	5672	6138	188
METHOD_EXIT	org.springframework.asm.ClassReader#createDebugLabel(int,Label[]):void	b8c12ceaca616fda0e71	455	5613	6079	244
METHOD_ENTRY	org.springframework.asm.ClassReader#readTypeAnnotations(MethodVisitor,Context,int,boolean):int[]	37e46e3f8b263ca5c449	413	6469	6893	109
METHOD_ENTRY	org.springframework.asm.ClassReader#readTypeAnnotationTarget(Context,int):int	90c27873e98bacebe3ad	413	6206	6630	244
METHOD_ENTRY	org.springframework.asm.ClassReader#readParameterAnnotations(MethodVisitor,Context,int,boolean):void	b8d2f043d8bc66f9973c	413	5787	6211	270
METHOD_EXIT	org.springframework.asm.ClassReader#readTypeAnnotations(MethodVisitor,Context,int,boolean):int[]	edf667483d409e3dbee3	455	6546	7012	297
METHOD_EXIT	org.springframework.asm.ClassReader#readTypeAnnotationTarget(Context,int):int	0823d5512f50c3decf19	455	6283	6749	315
METHOD_EXIT	org.springframework.asm.ClassReader#readParameterAnnotations(MethodVisitor,Context,int,boolean):void	95f32ded7370ecc0f5c4	455	5798	6264	269
METHOD_ENTRY	org.springframework.asm.ClassReader#readElementValues(AnnotationVisitor,int,boolean,char[]):int	8627653e8f1da9c71e4f	413	5792	6216	294
METHOD_ENTRY	org.springframework.asm.ClassReader#getTypeAnnotationBytecodeOffset(int[],int):int	2144ddb605de74cbd4de	413	5644	6068	244
METHOD_EXIT	org.springframework.asm.ClassReader#getTypeAnnotationBytecodeOffset(int[],int):int	b143863b0d7e3230d9e1	455	5721	6187	441
METHOD_EXIT	org.springframework.asm.ClassReader#readElementValues(AnnotationVisitor,int,boolean,char[]):int	3d3bf194b1e055d412ce	455	5869	6335	408
METHOD_ENTRY	org.springframework.asm.ClassReader#computeImplicitFrame(Context):void	2db9a9aac1c28ac95441	413	6023	6447	192
METHOD_ENTRY	org.springframework.asm.ClassReader#readElementValue(AnnotationVisitor,int,String,char[]):int	513faea6ffcfec56c93f	413	7007	7431	286
METHOD_EXIT	org.springframework.asm.ClassReader#readElementValue(AnnotationVisitor,int,String,char[]):int	e0cfa7da78661c83c907	455	7084	7550	284
METHOD_EXIT	org.springframework.asm.ClassReader#computeImplicitFrame(Context):void	1c9b1fe5090f582c9844	455	6034	6500	380
METHOD_ENTRY	org.springframework.asm.ClassReader#readStackMapFrame(int,boolean,boolean,Context):int	d978e675c97ecd0c0546	413	6433	6857	237
METHOD_EXIT	org.springframework.asm.ClassReader#readVerificationTypeInfo(int,Object[],int,char[],Label[]):int	a063680fe55119463ac9	455	5939	6405	421
METHOD_EXIT	org.springframework.asm.ClassReader#getFirstAttributeOffset():int	8e80efce5739cf746311	455	6027	6493	339
METHOD_ENTRY	org.springframework.asm.ClassReader#getFirstAttributeOffset():int	22827f94517c89254934	413	5953	6377	279
METHOD_ENTRY	org.springframework.asm.ClassReader#readBootstrapMethodsAttribute(int):int[]	93860cd11997fb92a370	413	5859	6283	250
METHOD_EXIT	org.springframework.asm.ClassReader#readBootstrapMethodsAttribute(int):int[]	e9d365cb7498c8c766e7	455	5936	6402	251
METHOD_ENTRY	org.springframework.asm.ClassReader#readAttribute(Attribute[],String,int,int,char[],int,Label[]):Attribute	b6724d4ca8f56ec59530	413	5728	6152	247
METHOD_EXIT	org.springframework.asm.ClassReader#readStackMapFrame(int,boolean,boolean,Context):int	f35c817297250200e77a	455	6510	6976	362
METHOD_ENTRY	org.springframework.asm.ClassReader#getItemCount():int	7b7009ce41a8eb254969	413	5556	5980	148
METHOD_EXIT	org.springframework.asm.ClassReader#readAttribute(Attribute[],String,int,int,char[],int,Label[]):Attribute	4c118ebacd6dd95733ee	455	5805	6271	232
METHOD_ENTRY	org.springframework.asm.ClassReader#readVerificationTypeInfo(int,Object[],int,char[],Label[]):int	6443854e4f17137023fa	413	5862	6286	273
METHOD_EXIT	org.springframework.asm.ClassReader#getItemCount():int	f8683cb6b19a1ada1c0d	455	5630	6096	108
METHOD_EXIT	org.springframework.asm.ClassReader#getItem(int):int	d4d5405cce3237aecbe3	455	5647	6113	187
METHOD_ENTRY	org.springframework.asm.ClassReader#getItem(int):int	b101e3d695a21d7e557e	413	5570	5994	134
METHOD_ENTRY	org.springframework.asm.ClassReader#getMaxStringLength():int	e30edb9c122394828059	413	5557	5981	131
METHOD_ENTRY	org.springframework.asm.ClassReader#readByte(int):int	cf73d63cd636dbd50d63	413	5567	5991	254
METHOD_EXIT	org.springframework.asm.ClassReader#readByte(int):int	fbf28219f2f00665d2f6	455	5644	6110	320
METHOD_EXIT	org.springframework.asm.ClassReader#readBytes(int,int):byte[]	35264ec3f378d16c7471	455	5672	6138	229
METHOD_ENTRY	org.springframework.asm.ClassReader#readUnsignedShort(int):int	9030461f5b1d12db9fc9	413	5598	6022	133
METHOD_EXIT	org.springframework.asm.ClassReader#readUnsignedShort(int):int	a77f64943aef779a0684	455	5675	6141	263
METHOD_ENTRY	org.springframework.asm.ClassReader#readShort(int):short	5c82eda0bbb893dcb02f	413	5599	6023	297
METHOD_ENTRY	org.springframework.asm.ClassReader#readBytes(int,int):byte[]	1a65b0f623eb71cffbe4	413	5595	6019	200
METHOD_EXIT	org.springframework.asm.ClassReader#readShort(int):short	424667b2d49989accdc0	455	5676	6142	291
METHOD_EXIT	org.springframework.asm.ClassReader#getMaxStringLength():int	a29bd38b9bf67123b228	455	5631	6097	165
METHOD_EXIT	org.springframework.asm.ClassReader#readInt(int):int	390193817e5a5c4cd214	455	5714	6180	370
METHOD_ENTRY	org.springframework.asm.ClassReader#readInt(int):int	4fd1e7736a0b88280289	413	5637	6061	298
METHOD_ENTRY	org.springframework.asm.ClassReader#readLong(int):long	d04cd3b7e8a713e3b0d2	413	5595	6019	147
METHOD_ENTRY	org.springframework.asm.ClassReader#readUTF8(int,char[]):String	06c32f3aca429b45f06e	413	5617	6041	298
METHOD_EXIT	org.springframework.asm.ClassReader#readLong(int):long	01dd2d0340139887b985	455	5672	6138	332
METHOD_ENTRY	org.springframework.asm.ClassReader#readUtf(int,char[]):String	14fb1fa242280fb424a2	413	5649	6073	261
METHOD_ENTRY	org.springframework.asm.ClassReader#readUtf(int,int,char[]):String	08e1457d7f1ea9ea3da2	413	5815	6239	291
METHOD_EXIT	org.springframework.asm.ClassReader#readUtf(int,int,char[]):String	c2b32e87c86b0f64b232	455	5892	6358	283
METHOD_ENTRY	org.springframework.asm.ClassReader#readStringish(int,char[]):String	66250c264813c6b89885	413	5623	6047	244
METHOD_EXIT	org.springframework.asm.ClassReader#readStringish(int,char[]):String	964ed7c3e8ef3533c143	455	5700	6166	239
METHOD_ENTRY	org.springframework.asm.ClassReader#readClass(int,char[]):String	0336935b8c67c9dad6a2	413	5577	6001	240
METHOD_EXIT	org.springframework.asm.ClassReader#readUTF8(int,char[]):String	868c555f45195f1e5b4d	455	5694	6160	321
METHOD_EXIT	org.springframework.asm.ClassReader#readClass(int,char[]):String	ef5dd54db1d2117c815e	455	5654	6120	285
METHOD_ENTRY	org.springframework.asm.ClassReader#readModule(int,char[]):String	79b9b4915b8c025f019e	413	5577	6001	191
METHOD_EXIT	org.springframework.asm.ClassReader#readUtf(int,char[]):String	b9584f27762944a22311	455	5726	6192	334
METHOD_EXIT	org.springframework.asm.ClassReader#readModule(int,char[]):String	2e031ced8795f4dca64a	455	5654	6120	255
METHOD_ENTRY	org.springframework.asm.TypeReference#newTypeReference(int):TypeReference	b4ca36871603dba6a100	413	2172	2596	301
METHOD_EXIT	org.springframework.asm.TypeReference#newTypeReference(int):TypeReference	71ecfe60439c2179ad51	455	2250	2716	316
METHOD_EXIT	org.springframework.asm.TypeReference#newTypeParameterReference(int,int):TypeReference	ba56c56e19cdb0763f0b	455	2273	2739	324
METHOD_ENTRY	org.springframework.asm.TypeReference#newTypeParameterReference(int,int):TypeReference	d458936e420a14192622	413	2195	2619	302
METHOD_ENTRY	org.springframework.asm.TypeReference#newTypeParameterBoundReference(int,int,int):TypeReference	64dcf65e2e65ca93c6d9	413	2219	2643	360
METHOD_EXIT	org.springframework.asm.TypeReference#newTypeParameterBoundReference(int,int,int):TypeReference	391b5b7ac47647e0d84e	455	2297	2763	276
METHOD_ENTRY	org.springframework.asm.TypeReference#newSuperTypeReference(int):TypeReference	e439683b4eebf4fd6e8f	413	2196	2620	237
METHOD_ENTRY	org.springframework.asm.ClassReader#readPackage(int,char[]):String	d3debc9c17924bfba06f	413	5577	6001	304
METHOD_ENTRY	org.springframework.asm.TypeReference#newFormalParameterReference(int):TypeReference	5ac03ef1d763d1e734f0	413	2188	2612	306
METHOD_EXIT	org.springframework.asm.TypeReference#newFormalParameterReference(int):TypeReference	78786d552376022c340c	455	2266	2732	293
METHOD_EXIT	org.springframework.asm.TypeReference#newSuperTypeReference(int):TypeReference	8a07ace7fdeaa351fe11	455	2274	2740	248
METHOD_ENTRY	org.springframework.asm.TypeReference#newExceptionReference(int):TypeReference	9350e60ebef9bafd9d75	413	2184	2608	326
METHOD_EXIT	org.springframework.asm.TypeReference#newExceptionReference(int):TypeReference	ceee1bd3748b610e642c	455	2262	2728	321
METHOD_EXIT	org.springframework.asm.TypeReference#newTryCatchReference(int):TypeReference	6c789a4e6d3c55b1b86a	455	2271	2737	311
METHOD_ENTRY	org.springframework.asm.TypeReference#newTypeArgumentReference(int,int):TypeReference	9e09c365ee6021c33a3c	413	2191	2615	150
METHOD_ENTRY	org.springframework.asm.TypeReference#newTryCatchReference(int):TypeReference	0671b1142d6c0a2a05f9	413	2193	2617	158
METHOD_EXIT	org.springframework.asm.TypeReference#newTypeArgumentReference(int,int):TypeReference	7d8be3e4060038cca654	455	2269	2735	306
METHOD_ENTRY	org.springframework.asm.TypeReference#getSort():int	0a9349e47d14da810b9d	413	2160	2584	240
METHOD_EXIT	org.springframework.asm.TypeReference#getSort():int	6a163ad2ec34045bc4d0	455	2234	2700	393
METHOD_ENTRY	org.springframework.asm.TypeReference#getTypeParameterIndex():int	26586651e0b69ed0c9a6	413	2174	2598	266
METHOD_EXIT	org.springframework.asm.TypeReference#getTypeParameterIndex():int	21f700dec1939a31e58d	455	2248	2714	361
METHOD_EXIT	org.springframework.asm.TypeReference#getTypeParameterBoundIndex():int	6ead01649f413951f8dc	455	2250	2716	135
METHOD_EXIT	org.springframework.asm.TypeReference#getSuperTypeIndex():int	fdaaff1fc7bc60bf75a8	455	2250	2716	307
METHOD_ENTRY	org.springframework.asm.TypeReference#getSuperTypeIndex():int	c86d5045537325470f52	413	2176	2600	338
METHOD_ENTRY	org.springframework.asm.TypeReference#getTypeParameterBoundIndex():int	187d52ba9bae885b33bb	413	2176	2600	295
METHOD_ENTRY	org.springframework.asm.TypeReference#getFormalParameterIndex():int	72e61b2feb47929adb86	413	2174	2598	274
METHOD_EXIT	org.springframework.asm.TypeReference#getFormalParameterIndex():int	018b1fa4b652a473de64	455	2248	2714	208
METHOD_ENTRY	org.springframework.asm.TypeReference#getExceptionIndex():int	2ed866c54615194817a1	413	2171	2595	344
METHOD_EXIT	org.springframework.asm.TypeReference#getExceptionIndex():int	364572f2ca61282b0778	455	2245	2711	349
METHOD_ENTRY	org.springframework.asm.TypeReference#getTryCatchBlockIndex():int	42ce25ab81dd9792a6c6	413	2175	2599	282
METHOD_EXIT	org.springframework.asm.TypeReference#getTypeArgumentIndex():int	526d48c0150e25f49211	455	2240	2706	134
METHOD_ENTRY	org.springframework.asm.TypeReference#getTypeArgumentIndex():int	8f6d6f7872c444c7f5bd	413	2166	2590	247
METHOD_EXIT	org.springframework.asm.ClassReader#readPackage(int,char[]):String	c2f76f26649d005145e1	455	5654	6120	281
METHOD_ENTRY	org.springframework.asm.ClassReader#readConst(int,char[]):Object	462aa32464253c2f1769	413	5939	6363	308
METHOD_EXIT	org.springframework.asm.TypeReference#getTryCatchBlockIndex():int	248b5733c2109f27d0a2	455	2249	2715	346
METHOD_ENTRY	org.springframework.asm.TypeReference#getValue():int	e2499e04fa0d2aee539d	413	2157	2581	238
METHOD_EXIT	org.springframework.asm.TypeReference#getValue():int	b6b94d0039c3449be2cb	455	2231	2697	249
METHOD_EXIT	org.springframework.asm.ClassReader#readConst(int,char[]):Object	9d3b55761689972f18c4	455	6016	6482	367
METHOD_ENTRY	org.springframework.asm.TypeReference#putTarget(int,ByteVector):void	ef3317399898a91773cf	413	2397	2821	467
METHOD_EXIT	org.springframework.asm.TypeReference#putTarget(int,ByteVector):void	a39d21e086a0559ea376	455	2408	2874	399
METHOD_ENTRY	org.springframework.asm.Label#getCanonicalInstance():Label	7db30e6939e2939b54e8	413	2127	2551	226
METHOD_EXIT	org.springframework.asm.Label#getCanonicalInstance():Label	0b0442f63ca77b45ff2d	455	2201	2667	312
METHOD_EXIT	org.springframework.asm.Label#getOffset():int	193b40f30d230598aa79	455	2227	2693	104
METHOD_ENTRY	org.springframework.asm.ClassReader#readConstantDynamic(int,char[]):ConstantDynamic	a430c39bae8745ffa0e8	413	5826	6250	303
METHOD_EXIT	org.springframework.asm.Label#addLineNumber(int):void	bb74e5c199db844f9d83	455	2298	2764	341
METHOD_ENTRY	org.springframework.asm.Label#addLineNumber(int):void	505b3044482974179e64	413	2287	2711	211
METHOD_ENTRY	org.springframework.asm.Label#getOffset():int	6401e8a8adc5ad810b85	413	2153	2577	249
METHOD_ENTRY	org.springframework.asm.Label#accept(MethodVisitor,boolean):void	b7775c114498e087e7ca	413	2231	2655	382
METHOD_EXIT	org.springframework.asm.Label#accept(MethodVisitor,boolean):void	15d2d43977e31e43f170	455	2242	2708	277
METHOD_ENTRY	org.springframework.asm.Label#put(ByteVector,int,boolean):void	22abee650d2c3eb3143b	413	2283	2707	215
METHOD_EXIT	org.springframework.asm.Label#put(ByteVector,int,boolean):void	02110bb2b68a8a5fe5e3	455	2294	2760	283
METHOD_ENTRY	org.springframework.asm.Label#put(ByteVector):void	42aff86f53296ffba24a	413	2176	2600	279
METHOD_EXIT	org.springframework.asm.Label#put(ByteVector):void	9c26242df3068b69a3dd	455	2187	2653	304
METHOD_EXIT	org.springframework.asm.Label#addForwardReference(int,int,int):void	84e3de65350b028602b1	455	2311	2777	306
METHOD_ENTRY	org.springframework.asm.Label#resolve(byte[],ByteVector,int):boolean	7da0bf30ac24f6053553	413	2683	3107	195
METHOD_EXIT	org.springframework.asm.Label#resolve(byte[],ByteVector,int):boolean	13db9ac90f50f80c7db8	455	2760	3226	331
METHOD_EXIT	org.springframework.asm.Label#markSubroutine(short):void	debbce5397f7737efc41	455	2398	2864	331
METHOD_ENTRY	org.springframework.asm.Label#addForwardReference(int,int,int):void	712877d913b3d3e7a62f	413	2300	2724	300
METHOD_ENTRY	org.springframework.asm.Label#addSubroutineRetSuccessors(Label):void	67f4a8feba4541653142	413	2726	3150	260
METHOD_ENTRY	org.springframework.asm.Label#markSubroutine(short):void	f91597f3ad429fab203c	413	2387	2811	253
METHOD_EXIT	org.springframework.asm.Label#addSubroutineRetSuccessors(Label):void	3b2dbd1b4092b0f57d05	455	2737	3203	317
METHOD_ENTRY	org.springframework.asm.Label#pushSuccessors(Label):Label	6a3c99283aa0e265e4a7	413	2337	2761	382
METHOD_EXIT	org.springframework.asm.Label#pushSuccessors(Label):Label	824f70a4b0cf29fd25dd	455	2414	2880	374
METHOD_ENTRY	org.springframework.asm.Label#toString():String	56e266546bbab99f4d25	413	2130	2554	253
METHOD_EXIT	org.springframework.asm.Label#toString():String	3dad7ef0741df5c1db66	455	2204	2670	306
METHOD_ENTRY	org.springframework.asm.Frame#copyFrom(Frame):void	27864066ede356692d86	413	3977	4401	263
METHOD_ENTRY	org.springframework.asm.Frame#getAbstractTypeFromApiFormat(SymbolTable,Object):int	9948bb0e5bb9c0b778bb	413	4066	4490	306
METHOD_EXIT	org.springframework.asm.Frame#getAbstractTypeFromApiFormat(SymbolTable,Object):int	2f798de323a5194644b0	455	4143	4609	419
METHOD_EXIT	org.springframework.asm.Frame#getAbstractTypeFromInternalName(SymbolTable,String):int	fc665d466a090609edc0	455	4023	4489	333
METHOD_ENTRY	org.springframework.asm.Frame#getAbstractTypeFromInternalName(SymbolTable,String):int	7898a3508d24f929d70f	413	3946	4370	317
METHOD_EXIT	org.springframework.asm.Frame#copyFrom(Frame):void	a6162116f71c67dd19db	455	3988	4454	278
METHOD_EXIT	org.springframework.asm.ClassReader#readConstantDynamic(int,char[]):ConstantDynamic	d4cd96df9e6a1e25d519	455	5904	6370	299
METHOD_ENTRY	org.springframework.asm.Frame#setInputFrameFromDescriptor(SymbolTable,int,String,int):void	0f01798d823af42c0ccd	413	4163	4587	231
METHOD_EXIT	org.springframework.asm.Frame#setInputFrameFromDescriptor(SymbolTable,int,String,int):void	f463233822cf02886c88	455	4174	4640	304
METHOD_EXIT	org.springframework.asm.Frame#getAbstractTypeFromDescriptor(SymbolTable,String,int):int	cb7ca31e1704b337eb7b	455	4406	4872	360
METHOD_ENTRY	org.springframework.asm.Frame#setInputFrameFromApiFormat(SymbolTable,int,Object[],int,Object[]):void	2050d8126e39916bf50b	413	4252	4676	179
METHOD_EXIT	org.springframework.asm.Frame#setInputFrameFromApiFormat(SymbolTable,int,Object[],int,Object[]):void	d6788d283f4b2f91ebec	455	4263	4729	277
METHOD_ENTRY	org.springframework.asm.Frame#getAbstractTypeFromDescriptor(SymbolTable,String,int):int	20a5780cb95950f0a402	413	4329	4753	337
METHOD_ENTRY	org.springframework.asm.Frame#getInputStackSize():int	e0d0b9608b0b518a5cff	413	3909	4333	95
METHOD_ENTRY	org.springframework.asm.Frame#getLocal(int):int	cb47ed3cf809e605ca33	413	4045	4469	425
METHOD_EXIT	org.springframework.asm.Frame#getLocal(int):int	ceb6047b83dd001068c7	455	4122	4588	357
METHOD_EXIT	org.springframework.asm.Frame#setLocal(int,int):void	2dc7da3164ea55ea6580	455	4070	4536	279
METHOD_ENTRY	org.springframework.asm.Frame#setLocal(int,int):void	38f6adeda82cf0e5dbff	413	4059	4483	302
METHOD_ENTRY	org.springframework.asm.Frame#push(int):void	7c2caa69bd0bf42485e3	413	4119	4543	362
METHOD_EXIT	org.springframework.asm.Frame#getInputStackSize():int	3cedaa313a6ff4322eed	455	3983	4449	118
METHOD_EXIT	org.springframework.asm.Frame#push(SymbolTable,String):void	a4d1041c24ee16cf0f2b	455	4016	4482	418
METHOD_ENTRY	org.springframework.asm.Frame#pop():int	9615a50e0815a799e9ae	413	3952	4376	153
METHOD_EXIT	org.springframework.asm.Frame#pop():int	a2e00cb99479719e28f2	455	4026	4492	437
METHOD_ENTRY	org.springframework.asm.Frame#pop(int):void	144f0222b411a09d1225	413	3984	4408	307
METHOD_EXIT	org.springframework.asm.Frame#push(int):void	d9dcfb6994b93e918375	455	4130	4596	438
METHOD_EXIT	org.springframework.asm.Frame#pop(int):void	726338035b27322dff5b	455	3995	4461	314
METHOD_ENTRY	org.springframework.asm.Frame#push(SymbolTable,String):void	ed379d200ae56aa37789	413	4005	4429	268
METHOD_EXIT	org.springframework.asm.Frame#pop(String):void	05c3fce4a3e165fe0aca	455	3994	4460	392
METHOD_EXIT	org.springframework.asm.Frame#addInitializedType(int):void	a7dd184eaf08c46cd13f	455	4051	4517	322
METHOD_ENTRY	org.springframework.asm.Frame#addInitializedType(int):void	68d3471dcadb27db6bdc	413	4040	4464	400
METHOD_ENTRY	org.springframework.asm.Frame#getInitializedType(SymbolTable,int):int	7ff988307aa5d135b245	413	4160	4584	325
METHOD_ENTRY	org.springframework.asm.Frame#execute(int,int,Symbol,SymbolTable):void	96935fc265659d4a1344	413	6943	7367	186
METHOD_ENTRY	org.springframework.asm.Frame#pop(String):void	b43ce0f523270cec634a	413	3983	4407	367
METHOD_EXIT	org.springframework.asm.Frame#execute(int,int,Symbol,SymbolTable):void	557b8a36e2e7554283cc	455	6954	7420	590
METHOD_ENTRY	org.springframework.asm.Frame#getConcreteOutputType(int,int):int	f280f083791c87dca407	413	4229	4653	390
METHOD_ENTRY	org.springframework.asm.Frame#merge(SymbolTable,Frame,int):boolean	8457996e29fb222a2f99	413	4910	5334	297
METHOD_EXIT	org.springframework.asm.Frame#getConcreteOutputType(int,int):int	1fd06a2c56c2fac4f191	455	4306	4772	425
METHOD_EXIT	org.springframework.asm.Frame#getInitializedType(SymbolTable,int):int	23478b32bb309089310d	455	4237	4703	418
METHOD_ENTRY	org.springframework.asm.Frame#merge(SymbolTable,int,int[],int):boolean	22d283522482f331e97a	413	4811	5235	294
METHOD_EXIT	org.springframework.asm.Frame#merge(SymbolTable,Frame,int):boolean	8b08b1ef2012e206430e	455	4987	5453	405
METHOD_EXIT	org.springframework.asm.ByteVector#size():int	5b5df6e88dab406f4328	455	1228	1694	141
METHOD_ENTRY	org.springframework.asm.ByteVector#putByte(int):ByteVector	90d3cdeb7ae0b6463edd	413	1211	1635	163
METHOD_ENTRY	org.springframework.asm.ByteVector#size():int	5faedd0eec9d00fb0f5b	413	1154	1578	167
METHOD_EXIT	org.springframework.asm.Frame#accept(MethodWriter):void	d2dc3cdf64f11d5e606c	455	4313	4779	247
METHOD_EXIT	org.springframework.asm.ByteVector#putByte(int):ByteVector	7b9b36c862d026e1e60d	455	1289	1755	291
METHOD_ENTRY	org.springframework.asm.ByteVector#put11(int,int):ByteVector	6462941d6dc99199b024	413	1251	1675	178
METHOD_EXIT	org.springframework.asm.Frame#putAbstractType(SymbolTable,int,ByteVector):void	1d5005e4d10a5dff263b	455	4437	4903	483
METHOD_ENTRY	org.springframework.asm.Frame#putAbstractType(SymbolTable,int,ByteVector):void	ed560ac5940fed8377e5	413	4426	4850	330
METHOD_ENTRY	org.springframework.asm.ByteVector#putShort(int):ByteVector	d6a7a3ff14acb533a474	413	1237	1661	76
METHOD_EXIT	org.springframework.asm.ByteVector#putShort(int):ByteVector	b087434726f9533a93d9	455	1315	1781	276
METHOD_ENTRY	org.springframework.asm.Frame#accept(MethodWriter):void	8d1486cb8b295f787de9	413	4302	4726	217
METHOD_EXIT	org.springframework.asm.ByteVector#put11(int,int):ByteVector	9700990d5b799c0fbd9a	455	1329	1795	323
METHOD_EXIT	org.springframework.asm.ByteVector#put12(int,int):ByteVector	f5e7ba7b5f5d5869f42d	455	1340	1806	289
METHOD_ENTRY	org.springframework.asm.ByteVector#put112(int,int,int):ByteVector	559469acf5f11338abfd	413	1293	1717	283
METHOD_ENTRY	org.springframework.asm.ByteVector#put12(int,int):ByteVector	7765682bbc08d9e83f90	413	1262	1686	245
METHOD_EXIT	org.springframework.asm.ByteVector#put112(int,int,int):ByteVector	77709b623755ccd225d9	455	1371	1837	269
METHOD_ENTRY	org.springframework.asm.ByteVector#putInt(int):ByteVector	686659a5d800d94b75c6	413	1271	1695	322
METHOD_EXIT	org.springframework.asm.ByteVector#put122(int,int,int):ByteVector	8dbd477f7cf11176f483	455	1390	1856	314
METHOD_ENTRY	org.springframework.asm.ByteVector#putLong(long):ByteVector	35d561483e6b7e04d7ff	413	1360	1784	60
METHOD_EXIT	org.springframework.asm.ByteVector#putInt(int):ByteVector	439b9e60c7d7d805ff0e	455	1349	1815	213
METHOD_EXIT	org.springframework.asm.Frame#merge(SymbolTable,int,int[],int):boolean	d85126d235c18c4c467c	455	4888	5354	417
METHOD_EXIT	org.springframework.asm.ByteVector#putLong(long):ByteVector	0bc24865b59d734540e6	455	1438	1904	413
METHOD_ENTRY	org.springframework.asm.ByteVector#putUTF8(String):ByteVector	87604db91bca05efa986	413	1452	1876	305
METHOD_EXIT	org.springframework.asm.ByteVector#putUTF8(String):ByteVector	1e07087e57717c7ac1a4	455	1530	1996	296
METHOD_EXIT	org.springframework.asm.ByteVector#encodeUtf8(String,int,int):ByteVector	5de8c1e9d3c9e41f4adb	455	1732	2198	248
METHOD_ENTRY	org.springframework.asm.ByteVector#put122(int,int,int):ByteVector	25e29e97051c5f18f6d4	413	1312	1736	354
METHOD_ENTRY	org.springframework.asm.ByteVector#enlarge(int):void	9fffa8e487e81209ee1c	413	1240	1664	131
METHOD_EXIT	org.springframework.asm.ByteVector#enlarge(int):void	8e1b209b8a03e66833c1	455	1251	1717	269
METHOD_ENTRY	org.springframework.asm.ByteVector#putByteArray(byte[],int,int):ByteVector	cca534af8ef31a830518	413	1252	1676	224
METHOD_EXIT	org.springframework.asm.RecordComponentVisitor#getDelegate():RecordComponentVisitor	2a387c0ef0bd5934d328	455	928	1394	281
METHOD_ENTRY	org.springframework.asm.ByteVector#encodeUtf8(String,int,int):ByteVector	a7c8bd938bb2f3705f56	413	1654	2078	215
METHOD_ENTRY	org.springframework.asm.RecordComponentVisitor#getDelegate():RecordComponentVisitor	be4f61c6fa0b93146443	413	852	1276	63
METHOD_EXIT	org.springframework.asm.ByteVector#putByteArray(byte[],int,int):ByteVector	c55e8b11e19d24d836ca	455	1330	1796	261
METHOD_ENTRY	org.springframework.asm.RecordComponentVisitor#visitAnnotation(String,boolean):AnnotationVisitor	68caf32afb102400ecb0	413	888	1312	200
METHOD_EXIT	org.springframework.asm.RecordComponentVisitor#visitAnnotation(String,boolean):AnnotationVisitor	a4b8873dbda62cf248b7	455	966	1432	218
METHOD_ENTRY	org.springframework.asm.RecordComponentVisitor#visitTypeAnnotation(int,TypePath,String,boolean):AnnotationVisitor	a4f9829a2ec06eeb8179	413	926	1350	281
METHOD_EXIT	org.springframework.asm.RecordComponentVisitor#visitAttribute(Attribute):void	5bcd6261b7abfc838bd1	455	878	1344	208
METHOD_EXIT	org.springframework.asm.RecordComponentVisitor#visitEnd():void	1e62006f15b7ba187a2e	455	871	1337	225
METHOD_ENTRY	org.springframework.asm.RecordComponentVisitor#visitAttribute(Attribute):void	eb36cdf1c46f28c039f9	413	867	1291	227
METHOD_ENTRY	org.springframework.asm.RecordComponentVisitor#visitEnd():void	7847456857a8abdcd46a	413	860	1284	39
METHOD_EXIT	org.springframework.asm.RecordComponentVisitor#visitTypeAnnotation(int,TypePath,String,boolean):AnnotationVisitor	c114b6a0b4fcab334688	455	1004	1470	306
METHOD_ENTRY	org.springframework.asm.Attribute#isUnknown():boolean	84d8a42338298b2b130c	413	3380	3804	56
METHOD_ENTRY	org.springframework.asm.Attribute#isCodeAttribute():boolean	64b73903463d1bb94a0d	413	3382	3806	193
METHOD_EXIT	org.springframework.asm.Attribute#isUnknown():boolean	dba480791b186f4ba107	455	3454	3920	44
METHOD_EXIT	org.springframework.asm.Attribute#getLabels():Label[]	a14c98861e7e5abcaf27	455	3466	3932	163
METHOD_ENTRY	org.springframework.asm.Attribute#read(ClassReader,int,int,char[],int,Label[]):Attribute	0e0d57d6878de75b6fd9	413	3480	3904	240
METHOD_EXIT	org.springframework.asm.Attribute#read(ClassReader,int,int,char[],int,Label[]):Attribute	2021fbd788aaee9892c8	455	3557	4023	275
METHOD_EXIT	org.springframework.asm.Attribute#read(Attribute,ClassReader,int,int,char[],int,Label[]):Attribute	73eeea5bddcfd6940ba9	455	3562	4028	281
METHOD_ENTRY	org.springframework.asm.Attribute#getLabels():Label[]	3ca6d53b28f659643cbe	413	3392	3816	69
METHOD_EXIT	org.springframework.asm.Attribute#readLabel(ClassReader,int,Label[]):Label	a94abd3f5c1c4f77be1a	455	3505	3971	276
METHOD_ENTRY	org.springframework.asm.Attribute#read(Attribute,ClassReader,int,int,char[],int,Label[]):Attribute	f43eef8cc120c865e300	413	3485	3909	236
METHOD_ENTRY	org.springframework.asm.Attribute#readLabel(ClassReader,int,Label[]):Label	90c0699b3de507ba500a	413	3428	3852	160
METHOD_ENTRY	org.springframework.asm.Attribute#maybeWrite(ClassWriter,byte[],int,int,int):ByteVector	6e0d93e8b74c6db9d5c9	413	3482	3906	336
METHOD_EXIT	org.springframework.asm.Attribute#isCodeAttribute():boolean	fe0af93bc54356a22ae2	455	3456	3922	42
METHOD_ENTRY	org.springframework.asm.Attribute#write(ClassWriter,byte[],int,int,int):ByteVector	c391ac9f6b962a685ba2	413	3449	3873	308
METHOD_ENTRY	org.springframework.asm.Attribute#getAttributeCount():int	99e295f0c35b9fbb6860	413	3417	3841	215
METHOD_ENTRY	org.springframework.asm.Attribute#write(Attribute,ClassWriter,byte[],int,int,int):byte[]	047cdc9ee90f53c6e330	413	3513	3937	304
METHOD_EXIT	org.springframework.asm.Attribute#write(Attribute,ClassWriter,byte[],int,int,int):byte[]	93669bf59fb14f6b8048	455	3590	4056	232
METHOD_EXIT	org.springframework.asm.Attribute#maybeWrite(ClassWriter,byte[],int,int,int):ByteVector	fdf823cd708cc20d86a9	455	3560	4026	199
METHOD_EXIT	org.springframework.asm.Attribute#write(ClassWriter,byte[],int,int,int):ByteVector	be33ece936a88229be8e	455	3527	3993	211
METHOD_EXIT	org.springframework.asm.Attribute#getAttributeCount():int	9a574dca7cf99bc5a92c	455	3491	3957	285
METHOD_ENTRY	org.springframework.asm.Attribute#computeAttributesSize(SymbolTable,byte[],int,int,int):int	dade8b88dd94ddc10b0b	413	3529	3953	273
METHOD_EXIT	org.springframework.asm.Attribute#computeAttributesSize(SymbolTable,byte[],int,int,int):int	84559c79d3b14e0b099e	455	3606	4072	244
METHOD_EXIT	org.springframework.asm.Attribute#computeAttributesSize(SymbolTable):int	7a4bdc1f9155d6ddd50b	455	3522	3988	234
METHOD_ENTRY	org.springframework.asm.Attribute#computeAttributesSize(SymbolTable,int,int):int	85a4943cca5d04fe6c50	413	3618	4042	317
METHOD_EXIT	org.springframework.asm.Attribute#putAttributes(SymbolTable,ByteVector):void	eb9160b7338e2c14fcd1	455	3468	3934	233
METHOD_ENTRY	org.springframework.asm.Attribute#computeAttributesSize(SymbolTable):int	357903f76308f2f1f628	413	3445	3869	198
METHOD_EXIT	org.springframework.asm.Attribute#computeAttributesSize(SymbolTable,int,int):int	bf5ddf0609b03f06bc9c	455	3695	4161	422
METHOD_ENTRY	org.springframework.asm.Attribute#putAttributes(SymbolTable,byte[],int,int,int,ByteVector):void	046a3239385f99d2c2c4	413	3565	3989	253
METHOD_ENTRY	org.springframework.asm.Attribute#putAttributes(SymbolTable,int,int,ByteVector):void	512b1311dc61f8d8c2f2	413	3591	4015	298
METHOD_EXIT	org.springframework.asm.Attribute#putAttributes(SymbolTable,byte[],int,int,int,ByteVector):void	5aff3c4d191bf48d23d9	455	3576	4042	237
METHOD_EXIT	org.springframework.asm.Attribute#putAttributes(SymbolTable,int,int,ByteVector):void	2d0e606038c66f3f6cf3	455	3602	4068	261
METHOD_ENTRY	org.springframework.asm.Attribute#addAttributes(Attribute):void	353918dc746047500461	413	3420	3844	299
METHOD_ENTRY	org.springframework.asm.Attribute#putAttributes(SymbolTable,ByteVector):void	d3b68373169e70bb21e3	413	3457	3881	228
METHOD_EXIT	org.springframework.asm.Attribute#toArray():Attribute[]	ed26b05c7bc44890bce2	455	3479	3945	290
METHOD_ENTRY	org.springframework.asm.Attribute#contains(Attribute):boolean	909674d728dfd92b4703	413	3421	3845	216
METHOD_EXIT	org.springframework.asm.Attribute#contains(Attribute):boolean	339e0f439f8d0607ff85	455	3498	3964	308
METHOD_EXIT	org.springframework.asm.Attribute#addAttributes(Attribute):void	e2cda41bd4f1a3bee13b	455	3431	3897	314
METHOD_ENTRY	org.springframework.asm.Attribute#toArray():Attribute[]	2cf62130e31b61f7547e	413	3405	3829	163
METHOD_ENTRY	org.springframework.asm.Attribute#add(Attribute):void	38f63887f2041e29d8ab	413	3434	3858	253
METHOD_EXIT	org.springframework.asm.Attribute#add(Attribute):void	fcb21631bfc92934397b	455	3445	3911	175
METHOD_ENTRY	org.springframework.asm.Set#toArray():Attribute[]	d2e736952c79879c7c4a	413	402	826	125
METHOD_EXIT	org.springframework.asm.Set#toArray():Attribute[]	9732d7d057564667855b	455	476	942	265
METHOD_EXIT	org.springframework.asm.Set#addAttributes(Attribute):void	f3dc6a7f0bd7fd0fa25c	455	428	894	251
METHOD_ENTRY	org.springframework.asm.Set#addAttributes(Attribute):void	bcc01dd292499fa04c66	413	417	841	287
METHOD_ENTRY	org.springframework.asm.Set#add(Attribute):void	adaeb773b0a931cc65cc	413	431	855	192
METHOD_ENTRY	org.springframework.asm.Handler#removeRange(Handler,Label,Label):Handler	b239d2adb283f5d793a2	413	1249	1673	291
METHOD_EXIT	org.springframework.asm.Set#add(Attribute):void	f0355c0b5dd4825f8a4f	455	442	908	306
METHOD_ENTRY	org.springframework.asm.Handler#getExceptionTableLength(Handler):int	ba33a97080a2be72cbf0	413	910	1334	275
METHOD_ENTRY	org.springframework.asm.Set#contains(Attribute):boolean	a79fc6e38bc0e1cf23fa	413	418	842	201
METHOD_EXIT	org.springframework.asm.Handler#getExceptionTableLength(Handler):int	79ecdc867617fbac5f84	455	987	1453	281
METHOD_EXIT	org.springframework.asm.Handler#removeRange(Handler,Label,Label):Handler	9d1ee5a8f0144c30a8b0	455	1326	1792	329
METHOD_EXIT	org.springframework.asm.Set#contains(Attribute):boolean	38a31d75ea71cfc2be28	455	495	961	280
METHOD_ENTRY	org.springframework.asm.Handler#getExceptionTableSize(Handler):int	6f51d865bdb7db8ac60e	413	887	1311	322
METHOD_EXIT	org.springframework.asm.Handler#getExceptionTableSize(Handler):int	4eb8d6bb45ac89c41b6d	455	964	1430	382
METHOD_EXIT	org.springframework.asm.Handler#putExceptionTable(Handler,ByteVector):void	6b942fa5944a0368d6cf	455	975	1441	263
METHOD_EXIT	org.springframework.asm.RecordComponentWriter#visitAnnotation(String,boolean):AnnotationVisitor	9b410e6facd0bceef6c0	455	827	1293	158
METHOD_ENTRY	org.springframework.asm.Handler#putExceptionTable(Handler,ByteVector):void	78477221a7a1bd0d614e	413	964	1388	267
METHOD_ENTRY	org.springframework.asm.RecordComponentWriter#visitTypeAnnotation(int,TypePath,String,boolean):AnnotationVisitor	2f3a294e14a9d9421582	413	801	1225	278
METHOD_ENTRY	org.springframework.asm.RecordComponentWriter#visitAnnotation(String,boolean):AnnotationVisitor	8d1e3f0a9b71939e721d	413	749	1173	243
METHOD_EXIT	org.springframework.asm.RecordComponentWriter#visitAttribute(Attribute):void	c5e39106c5778f0cb28d	455	729	1195	284
METHOD_ENTRY	org.springframework.asm.RecordComponentWriter#visitAttribute(Attribute):void	b369da27a7aec9473ff1	413	718	1142	232
METHOD_EXIT	org.springframework.asm.RecordComponentWriter#visitTypeAnnotation(int,TypePath,String,boolean):AnnotationVisitor	a554fc183f18f9e06cd4	455	879	1345	265
METHOD_EXIT	org.springframework.asm.RecordComponentWriter#visitEnd():void	15eed1aed724f160f28a	455	693	1159	5
METHOD_ENTRY	org.springframework.asm.RecordComponentWriter#visitEnd():void	79bfbcddba1d6a932ed3	413	682	1106	203
METHOD_EXIT	org.springframework.asm.RecordComponentWriter#computeRecordComponentInfoSize():int	a68cf0a66459e84342a5	455	854	1320	382
METHOD_ENTRY	org.springframework.asm.RecordComponentWriter#computeRecordComponentInfoSize():int	c785adcca41193dbec14	413	780	1204	223
METHOD_EXIT	org.springframework.asm.RecordComponentWriter#putRecordComponentInfo(ByteVector):void	a75378939ce8da6a4e1e	455	947	1413	267
METHOD_ENTRY	org.springframework.asm.RecordComponentWriter#collectAttributePrototypes(Attribute.Set):void	866ec1235a8c446753c5	413	699	1123	283
METHOD_ENTRY	org.springframework.asm.RecordComponentWriter#putRecordComponentInfo(ByteVector):void	f97ded185049ca9d3b23	413	936	1360	260
METHOD_EXIT	org.springframework.asm.RecordComponentWriter#collectAttributePrototypes(Attribute.Set):void	bcde4d9283a5c6f61203	455	710	1176	288
METHOD_ENTRY	org.springframework.asm.AnnotationWriter#create(SymbolTable,String,AnnotationWriter):AnnotationWriter	3e2293f7816b996e310c	413	2351	2775	257
METHOD_ENTRY	org.springframework.asm.AnnotationWriter#create(SymbolTable,int,TypePath,String,AnnotationWriter):AnnotationWriter	f5ed3630941738ef29b9	413	2419	2843	230
METHOD_EXIT	org.springframework.asm.AnnotationWriter#create(SymbolTable,String,AnnotationWriter):AnnotationWriter	50102712b0ec0c0b3c04	455	2429	2895	266
METHOD_EXIT	org.springframework.asm.AnnotationWriter#visit(String,Object):void	edcf051d07c45220f8b0	455	3039	3505	364
METHOD_EXIT	org.springframework.asm.AnnotationWriter#create(SymbolTable,int,TypePath,String,AnnotationWriter):AnnotationWriter	da66875f58c13f5d0713	455	2497	2963	162
METHOD_ENTRY	org.springframework.asm.AnnotationWriter#visitEnum(String,String,String):void	ce8d37084859af493b3a	413	2336	2760	242
METHOD_EXIT	org.springframework.asm.AnnotationWriter#visitAnnotation(String,String):AnnotationVisitor	a5c6d6ae045613ea35d5	455	2433	2899	315
METHOD_EXIT	org.springframework.asm.AnnotationWriter#visitEnum(String,String,String):void	e4c58affe84fd126f910	455	2347	2813	331
METHOD_ENTRY	org.springframework.asm.AnnotationWriter#visitArray(String):AnnotationVisitor	141af91a996745c3d8cb	413	2453	2877	298
METHOD_ENTRY	org.springframework.asm.AnnotationWriter#visit(String,Object):void	5afcb47b6459c3a547f8	413	3028	3452	329
METHOD_EXIT	org.springframework.asm.AnnotationWriter#visitEnd():void	eba1eaa1365babfaf76d	455	2275	2741	350
METHOD_EXIT	org.springframework.asm.AnnotationWriter#visitArray(String):AnnotationVisitor	c9cbd3dce3199b801d73	455	2531	2997	263
METHOD_ENTRY	org.springframework.asm.AnnotationWriter#visitEnd():void	7b88a6dde0c50f158c8d	413	2264	2688	307
METHOD_ENTRY	org.springframework.asm.AnnotationWriter#visitAnnotation(String,String):AnnotationVisitor	114a7bd4b62d5dfd4557	413	2355	2779	345
METHOD_ENTRY	org.springframework.asm.AnnotationWriter#computeAnnotationsSize(String):int	c1e4410b34d2b21ae400	413	2295	2719	249
METHOD_ENTRY	org.springframework.asm.AnnotationWriter#computeAnnotationsSize(AnnotationWriter,AnnotationWriter,AnnotationWriter,AnnotationWriter):int	c19a164cff1350dd24ef	413	2439	2863	368
METHOD_ENTRY	org.springframework.asm.AnnotationWriter#putAnnotations(int,ByteVector):void	8807866987ecf4a8c005	413	2382	2806	220
METHOD_EXIT	org.springframework.asm.AnnotationWriter#putAnnotations(int,ByteVector):void	bfb4ff35c5011fb23f01	455	2393	2859	234
METHOD_EXIT	org.springframework.asm.AnnotationWriter#computeAnnotationsSize(String):int	2b43f0e2b595f20f50a7	455	2372	2838	315
METHOD_ENTRY	org.springframework.asm.AnnotationWriter#putAnnotations(SymbolTable,AnnotationWriter,AnnotationWriter,AnnotationWriter,AnnotationWriter,ByteVector):void	6376620557e023a410f9	413	2469	2893	321
METHOD_ENTRY	org.springframework.asm.AnnotationVisitor#getDelegate():AnnotationVisitor	7e8227013422ff03a5f3	413	975	1399	50
METHOD_ENTRY	org.springframework.asm.AnnotationWriter#computeParameterAnnotationsSize(String,AnnotationWriter[],int):int	6376d7e227a6fb300331	413	2429	2853	327
METHOD_EXIT	org.springframework.asm.AnnotationVisitor#getDelegate():AnnotationVisitor	51b7f610451a203085c8	455	1050	1516	119
METHOD_EXIT	org.springframework.asm.AnnotationWriter#computeParameterAnnotationsSize(String,AnnotationWriter[],int):int	dbbc418916866d89e14e	455	2506	2972	330
METHOD_EXIT	org.springframework.asm.AnnotationVisitor#visit(String,Object):void	e7f5015e13f3d7c8d0db	455	1012	1478	378
METHOD_EXIT	org.springframework.asm.AnnotationWriter#computeAnnotationsSize(AnnotationWriter,AnnotationWriter,AnnotationWriter,AnnotationWriter):int	84ae12fec0695e9fe599	455	2516	2982	319
METHOD_ENTRY	org.springframework.asm.AnnotationVisitor#visitEnum(String,String,String):void	f790ed59300080b9df48	413	1016	1440	1023
METHOD_ENTRY	org.springframework.asm.AnnotationVisitor#visit(String,Object):void	4b4bb0cd269f08b1d0d7	413	1001	1425	357
METHOD_EXIT	org.springframework.asm.AnnotationWriter#putAnnotations(SymbolTable,AnnotationWriter,AnnotationWriter,AnnotationWriter,AnnotationWriter,ByteVector):void	fd9bf9b3fb42ed31e25d	455	2480	2946	360
METHOD_EXIT	org.springframework.asm.AnnotationVisitor#visitEnum(String,String,String):void	b9b1ebc6414311be3ff5	455	1027	1493	272
METHOD_ENTRY	org.springframework.asm.AnnotationVisitor#visitAnnotation(String,String):AnnotationVisitor	279e1d693fb0d37f87c6	413	1011	1435	325
METHOD_ENTRY	org.springframework.asm.AnnotationWriter#putParameterAnnotations(int,AnnotationWriter[],int,ByteVector):void	71052d1b764ac7c9af59	413	2547	2971	241
METHOD_ENTRY	org.springframework.asm.AnnotationVisitor#visitArray(String):AnnotationVisitor	8715db6f83c082d04756	413	999	1423	269
METHOD_EXIT	org.springframework.asm.AnnotationVisitor#visitArray(String):AnnotationVisitor	fee38e314e96c040ae29	455	1077	1543	285
METHOD_ENTRY	org.springframework.asm.AnnotationVisitor#visitEnd():void	6453125ae48326ad8690	413	985	1409	141
METHOD_EXIT	org.springframework.asm.AnnotationVisitor#visitEnd():void	4ef56b83fd03654c176f	455	996	1462	170
METHOD_EXIT	org.springframework.asm.AnnotationWriter#putParameterAnnotations(int,AnnotationWriter[],int,ByteVector):void	3f04b4c4779e76d85509	455	2558	3024	334
METHOD_ENTRY	org.springframework.asm.ModuleWriter#visitMainClass(String):void	bb48af5265ecad726953	413	1000	1424	242
METHOD_EXIT	org.springframework.asm.ModuleWriter#visitMainClass(String):void	454ed9ab5564ee303bbf	455	1011	1477	241
METHOD_ENTRY	org.springframework.asm.ModuleWriter#visitPackage(String):void	cbdecf6c9bcd32c40ce8	413	1001	1425	249
METHOD_ENTRY	org.springframework.asm.ModuleWriter#visitRequire(String,int,String):void	5acdeeb4e001c7302f67	413	1045	1469	226
METHOD_EXIT	org.springframework.asm.AnnotationVisitor#visitAnnotation(String,String):AnnotationVisitor	eff47dfef8a093850616	455	1089	1555	261
METHOD_EXIT	org.springframework.asm.ModuleWriter#visitRequire(String,int,String):void	0c22f37c75cc2c927cce	455	1056	1522	249
METHOD_EXIT	org.springframework.asm.ModuleWriter#visitPackage(String):void	936ea2bfd9e3e8fc1ec8	455	1012	1478	239
METHOD_ENTRY	org.springframework.asm.ModuleWriter#visitOpen(String,int,String):void	78fe2559fb6265caf880	413	1078	1502	268
METHOD_EXIT	org.springframework.asm.ModuleWriter#visitExport(String,int,String):void	f46d2087e2fb2652d27e	455	1089	1555	284
METHOD_EXIT	org.springframework.asm.ModuleWriter#visitOpen(String,int,String):void	1a049df9a54bee2642c7	455	1089	1555	290
METHOD_ENTRY	org.springframework.asm.ModuleWriter#visitUse(String):void	0fcc30f26582a71d239b	413	998	1422	293
METHOD_ENTRY	org.springframework.asm.ModuleWriter#visitExport(String,int,String):void	fc02fb198b182bcc0145	413	1078	1502	220
METHOD_ENTRY	org.springframework.asm.ModuleWriter#visitProvide(String,String):void	b2fbdc6797800bbc9eea	413	1040	1464	208
METHOD_ENTRY	org.springframework.asm.ModuleWriter#visitEnd():void	8a53ca55131cd172c1e0	413	980	1404	193
METHOD_EXIT	org.springframework.asm.ModuleWriter#visitProvide(String,String):void	d26559dc312c60c6e668	455	1051	1517	247
METHOD_EXIT	org.springframework.asm.ModuleWriter#getAttributeCount():int	aa62f03cc588f00537b2	455	1078	1544	323
METHOD_ENTRY	org.springframework.asm.ModuleWriter#getAttributeCount():int	09cf53ec06a0a024f471	413	1004	1428	262
METHOD_EXIT	org.springframework.asm.ModuleWriter#visitEnd():void	7367e1211f99d1ecd499	455	991	1457	5
METHOD_EXIT	org.springframework.asm.ModuleWriter#visitUse(String):void	8b213c3e8918237ae7c1	455	1009	1475	293
METHOD_ENTRY	org.springframework.asm.MethodTooLargeException#getClassName():String	1fb6b2f9d168662ff56c	413	584	1008	202
METHOD_ENTRY	org.springframework.asm.MethodTooLargeException#getMethodName():String	c1e716930c3b0026eb5a	413	584	1008	222
METHOD_EXIT	org.springframework.asm.MethodTooLargeException#getClassName():String	82f9e17ccc6180b113b8	455	658	1124	246
METHOD_EXIT	org.springframework.asm.ModuleWriter#computeAttributesSize():int	658365d4bf4aad91d0e4	455	1213	1679	363
METHOD_ENTRY	org.springframework.asm.ModuleWriter#putAttributes(ByteVector):void	83395893ea798ac58430	413	1304	1728	238
METHOD_EXIT	org.springframework.asm.MethodTooLargeException#getMethodName():String	a26c5c377acec471576c	455	658	1124	239
METHOD_ENTRY	org.springframework.asm.MethodTooLargeException#getDescriptor():String	ec078a8da60849346566	413	581	1005	185
METHOD_EXIT	org.springframework.asm.MethodTooLargeException#getDescriptor():String	9c1d67fa535f67ed9ca2	455	655	1121	310
METHOD_ENTRY	org.springframework.asm.MethodTooLargeException#getCodeSize():int	ff86306e46b4d5356804	413	584	1008	153
METHOD_EXIT	org.springframework.asm.MethodTooLargeException#getCodeSize():int	1815945ba82f7e745958	455	658	1124	106
METHOD_ENTRY	org.springframework.asm.ModuleWriter#computeAttributesSize():int	2962251bb6ef88bbca9b	413	1139	1563	197
METHOD_EXIT	org.springframework.asm.ModuleWriter#putAttributes(ByteVector):void	312a68f1c291d0b3418e	455	1315	1781	221
METHOD_EXIT	org.springframework.asm.TypePath#getStep(int):int	4a727839e40542e081c7	455	985	1451	348
METHOD_ENTRY	org.springframework.asm.TypePath#getLength():int	ae11cb22ba8a2dea2eab	413	893	1317	163
METHOD_ENTRY	org.springframework.asm.TypePath#getStepArgument(int):int	99f9978f268d55a29464	413	910	1334	133
METHOD_EXIT	org.springframework.asm.TypePath#getStepArgument(int):int	4a24871141b7cd3a1e12	455	987	1453	295
METHOD_ENTRY	org.springframework.asm.TypePath#getStep(int):int	ab58ed5d172a2d063638	413	908	1332	274
METHOD_ENTRY	org.springframework.asm.ConstantDynamic#getName():String	4eb11796e4241819e257	413	795	1219	91
METHOD_EXIT	org.springframework.asm.TypePath#getLength():int	d34d8f852215070cebce	455	967	1433	209
METHOD_ENTRY	org.springframework.asm.TypePath#toString():String	b9e74ca4bac48e99a068	413	998	1422	286
METHOD_EXIT	org.springframework.asm.TypePath#put(TypePath,ByteVector):void	d19c6fb682629b91be7a	455	967	1433	458
METHOD_ENTRY	org.springframework.asm.TypePath#put(TypePath,ByteVector):void	1e20ea74aadda0b82134	413	956	1380	340
METHOD_EXIT	org.springframework.asm.TypePath#toString():String	c50ec8d37a49cd5f5462	455	1072	1538	366
METHOD_EXIT	org.springframework.asm.TypePath#fromString(String):TypePath	9844cd29f475e0b85df0	455	1266	1732	389
METHOD_EXIT	org.springframework.asm.ConstantDynamic#getName():String	beb559001448789e65f6	455	869	1335	270
METHOD_EXIT	org.springframework.asm.ConstantDynamic#getDescriptor():String	fa69cdc516c466ce32a2	455	869	1335	448
METHOD_ENTRY	org.springframework.asm.ConstantDynamic#getDescriptor():String	c3136e49604859acf032	413	795	1219	186
METHOD_ENTRY	org.springframework.asm.ConstantDynamic#getBootstrapMethod():Handle	a5bc94df9d439c739a79	413	798	1222	217
METHOD_EXIT	org.springframework.asm.ConstantDynamic#getBootstrapMethod():Handle	6109acba8748ddb7f826	455	872	1338	326
METHOD_ENTRY	org.springframework.asm.ConstantDynamic#getBootstrapMethodArgumentCount():int	c9422b4bcc019043d208	413	804	1228	78
METHOD_ENTRY	org.springframework.asm.ConstantDynamic#getBootstrapMethodArgument(int):Object	ea38ebcd9d17ee89a0e4	413	808	1232	183
METHOD_EXIT	org.springframework.asm.ConstantDynamic#getBootstrapMethodArgument(int):Object	90b93f4ba1bbf9204359	455	885	1351	250
METHOD_ENTRY	org.springframework.asm.TypePath#fromString(String):TypePath	d82b754b8e10187c0acf	413	1188	1612	248
METHOD_EXIT	org.springframework.asm.ConstantDynamic#getBootstrapMethodArgumentsUnsafe():Object[]	033b6b5d8b86e600cf83	455	878	1344	183
METHOD_EXIT	org.springframework.asm.ConstantDynamic#getBootstrapMethodArgumentCount():int	d5a56528e52fc9552c71	455	878	1344	50
METHOD_ENTRY	org.springframework.asm.ConstantDynamic#getSize():int	c4cb6c37f4ebea0c3415	413	831	1255	317
METHOD_EXIT	org.springframework.asm.ConstantDynamic#getSize():int	ff35ae3e6343ffde4c62	455	905	1371	236
METHOD_ENTRY	org.springframework.asm.ConstantDynamic#getBootstrapMethodArgumentsUnsafe():Object[]	cce8fef49cf2a4260725	413	804	1228	204
METHOD_EXIT	org.springframework.asm.ConstantDynamic#equals(Object):boolean	7f6620bd027a5c896358	455	962	1428	306
METHOD_ENTRY	org.springframework.asm.ConstantDynamic#hashCode():int	22c2e056ae0a134f8516	413	844	1268	207
METHOD_EXIT	org.springframework.asm.ConstantDynamic#hashCode():int	7eb086e77d2cebab2fb6	455	918	1384	388
METHOD_EXIT	org.springframework.asm.ConstantDynamic#toString():String	f61bbcacb6aedbcfd325	455	905	1371	267
METHOD_ENTRY	org.springframework.asm.ClassTooLargeException#getClassName():String	0b7d0a1800c10c211ff0	413	521	945	134
METHOD_ENTRY	org.springframework.asm.Symbol#getArgumentsAndReturnSizes():int	ad3bddc9163b920f59d0	413	916	1340	247
METHOD_EXIT	org.springframework.asm.ClassTooLargeException#getClassName():String	f7314fef30fa1ac4b615	455	595	1061	262
METHOD_ENTRY	org.springframework.asm.ClassTooLargeException#getConstantPoolCount():int	597fcd6452d3207d1670	413	524	948	104
METHOD_ENTRY	org.springframework.asm.ConstantDynamic#equals(Object):boolean	0cbe151e702e19f4d13c	413	885	1309	215
METHOD_EXIT	org.springframework.asm.ClassTooLargeException#getConstantPoolCount():int	7954f80f52c0e837f898	455	598	1064	109
METHOD_ENTRY	org.springframework.asm.ConstantDynamic#toString():String	4c5da52e1b38f95f89db	413	831	1255	258
METHOD_ENTRY	org.springframework.asm.ModuleVisitor#visitMainClass(String):void	c4e76b11a899168c2fa7	413	1000	1424	233
METHOD_EXIT	org.springframework.asm.ModuleVisitor#visitMainClass(String):void	6630e4125c3a39587ffb	455	1011	1477	225
METHOD_EXIT	org.springframework.asm.ModuleVisitor#visitPackage(String):void	8176f55b7a9f9980ae2c	455	1008	1474	276
METHOD_ENTRY	org.springframework.asm.ModuleVisitor#visitPackage(String):void	d6c29d490c1f07af3c8e	413	997	1421	245
METHOD_EXIT	org.springframework.asm.Symbol#getArgumentsAndReturnSizes():int	bf637a510b6289a90ae1	455	990	1456	312
METHOD_EXIT	org.springframework.asm.ModuleVisitor#visitRequire(String,int,String):void	2bb6b66cd42583772cea	455	1029	1495	337
METHOD_EXIT	org.springframework.asm.ModuleVisitor#visitExport(String,int,String):void	22ab61d3f2792d3d473b	455	1033	1499	345
METHOD_ENTRY	org.springframework.asm.ModuleVisitor#visitOpen(String,int,String):void	5b665fde6d1b00983cdb	413	1022	1446	269
METHOD_EXIT	org.springframework.asm.ModuleVisitor#visitOpen(String,int,String):void	004d202b196a971a1d5b	455	1033	1499	335
METHOD_ENTRY	org.springframework.asm.ModuleVisitor#visitRequire(String,int,String):void	e8435762b3598eba6e3b	413	1018	1442	289
METHOD_ENTRY	org.springframework.asm.ModuleVisitor#visitUse(String):void	cf509bf6f514643314f2	413	994	1418	275
METHOD_ENTRY	org.springframework.asm.ModuleVisitor#visitExport(String,int,String):void	14887b588e2a52d5c96f	413	1022	1446	331
METHOD_ENTRY	org.springframework.asm.ModuleVisitor#visitProvide(String,String):void	6a1e984829b679402831	413	1007	1431	259
METHOD_ENTRY	org.springframework.asm.ModuleVisitor#visitEnd():void	bcd5dbaf039908546d5c	413	987	1411	101
METHOD_EXIT	org.springframework.asm.ModuleVisitor#visitEnd():void	9ab28ebbcce2a0c6ed9b	455	998	1464	161
METHOD_EXIT	org.springframework.asm.ModuleVisitor#visitProvide(String,String):void	377f174a7504b5bbc5e4	455	1018	1484	281
METHOD_EXIT	org.springframework.asm.ModuleVisitor#visitUse(String):void	1aed863aff4da466e062	455	1005	1471	258
METHOD_EXIT	org.springframework.asm.MethodVisitor#getDelegate():MethodVisitor	cfba4e590583df9568aa	455	6121	6587	163
METHOD_ENTRY	org.springframework.asm.MethodVisitor#visitAnnotationDefault():AnnotationVisitor	e666aa7a4b9f1f5c3c52	413	6066	6490	81
METHOD_EXIT	org.springframework.asm.MethodVisitor#visitParameter(String,int):void	e191962f0cd9e6c9a31e	455	6113	6579	241
METHOD_EXIT	org.springframework.asm.MethodVisitor#visitAnnotationDefault():AnnotationVisitor	8ed9c1ece1cd7e1a1999	455	6141	6607	326
METHOD_ENTRY	org.springframework.asm.MethodVisitor#visitAnnotation(String,boolean):AnnotationVisitor	c5af92fb0b5dbc455a5d	413	6084	6508	239
METHOD_ENTRY	org.springframework.asm.MethodVisitor#visitParameter(String,int):void	87bbe7de27bd246195b7	413	6102	6526	312
METHOD_EXIT	org.springframework.asm.MethodVisitor#visitAnnotation(String,boolean):AnnotationVisitor	d5ebcc23d750dd11d1ab	455	6162	6628	276
METHOD_EXIT	org.springframework.asm.MethodVisitor#visitTypeAnnotation(int,TypePath,String,boolean):AnnotationVisitor	b2e62f0c27a289c568dd	455	6227	6693	288
METHOD_ENTRY	org.springframework.asm.MethodVisitor#visitTypeAnnotation(int,TypePath,String,boolean):AnnotationVisitor	8df831b03f8be27f18dc	413	6149	6573	245
METHOD_EXIT	org.springframework.asm.MethodVisitor#visitAnnotableParameterCount(int,boolean):void	6d2c5aee54b49a8f8074	455	6099	6565	255
METHOD_ENTRY	org.springframework.asm.MethodVisitor#visitParameterAnnotation(int,String,boolean):AnnotationVisitor	eadfd29ecb1f1f337e98	413	6100	6524	251
METHOD_ENTRY	org.springframework.asm.MethodVisitor#visitAnnotableParameterCount(int,boolean):void	53228ec60fbcda0af029	413	6088	6512	185
METHOD_ENTRY	org.springframework.asm.MethodVisitor#getDelegate():MethodVisitor	c2f971e579aad301c1d0	413	6046	6470	74
METHOD_EXIT	org.springframework.asm.MethodVisitor#visitAttribute(Attribute):void	15c881a75372653f3255	455	6074	6540	272
METHOD_EXIT	org.springframework.asm.MethodVisitor#visitCode():void	8251ab93fd78bd979650	455	6067	6533	120
METHOD_ENTRY	org.springframework.asm.MethodVisitor#visitFrame(int,int,Object[],int,Object[]):void	cabe5d0fabb36cd7b411	413	6126	6550	273
METHOD_ENTRY	org.springframework.asm.MethodVisitor#visitCode():void	96522207a455de97f815	413	6056	6480	138
METHOD_EXIT	org.springframework.asm.MethodVisitor#visitFrame(int,int,Object[],int,Object[]):void	9b543f5d7da76381d8a5	455	6137	6603	482
METHOD_EXIT	org.springframework.asm.MethodVisitor#visitParameterAnnotation(int,String,boolean):AnnotationVisitor	9d624a16bf62de58f246	455	6178	6644	247
METHOD_ENTRY	org.springframework.asm.MethodVisitor#visitInsn(int):void	27ece3e78f7c28034d70	413	6064	6488	228
METHOD_EXIT	org.springframework.asm.MethodVisitor#visitInsn(int):void	f436e772ec8929088a45	455	6075	6541	282
METHOD_ENTRY	org.springframework.asm.MethodVisitor#visitIntInsn(int,int):void	16e4f4549e9bfe16b305	413	6079	6503	450
METHOD_EXIT	org.springframework.asm.MethodVisitor#visitIntInsn(int,int):void	7f736494786be621c366	455	6090	6556	317
METHOD_ENTRY	org.springframework.asm.MethodVisitor#visitVarInsn(int,int):void	4d24f222afeb4203cea2	413	6082	6506	287
METHOD_EXIT	org.springframework.asm.MethodVisitor#visitVarInsn(int,int):void	766111536cd0920e8d03	455	6093	6559	299
METHOD_ENTRY	org.springframework.asm.MethodVisitor#visitAttribute(Attribute):void	1fb448df0738ed05d361	413	6063	6487	263
METHOD_EXIT	org.springframework.asm.MethodVisitor#visitFieldInsn(int,String,String,String):void	d916cdef252cfe15da29	455	6116	6582	323
METHOD_ENTRY	org.springframework.asm.MethodVisitor#visitMethodInsn(int,String,String,String):void	31582b7ca092744a2687	413	6141	6565	299
METHOD_ENTRY	org.springframework.asm.MethodVisitor#visitFieldInsn(int,String,String,String):void	4d17e2c524200a39d30d	413	6105	6529	266
METHOD_EXIT	org.springframework.asm.MethodVisitor#visitMethodInsn(int,String,String,String):void	b056e6d9cd953e619687	455	6152	6618	325
METHOD_ENTRY	org.springframework.asm.MethodVisitor#visitMethodInsn(int,String,String,String,boolean):void	06372d0833fd66fb61b9	413	6215	6639	287
METHOD_ENTRY	org.springframework.asm.MethodVisitor#visitTypeInsn(int,String):void	300523d028e3a6808acc	413	6079	6503	320
METHOD_EXIT	org.springframework.asm.MethodVisitor#visitTypeInsn(int,String):void	e2db4c39b8d08536538c	455	6090	6556	309
METHOD_EXIT	org.springframework.asm.MethodVisitor#visitInvokeDynamicInsn(String,String,Handle,Object):void	494126d432c0b65bc1c3	455	6162	6628	310
METHOD_ENTRY	org.springframework.asm.MethodVisitor#visitJumpInsn(int,Label):void	7591210a25d9feed5996	413	6080	6504	269
METHOD_ENTRY	org.springframework.asm.MethodVisitor#visitInvokeDynamicInsn(String,String,Handle,Object):void	a32df706839573f20232	413	6151	6575	251
METHOD_EXIT	org.springframework.asm.MethodVisitor#visitMethodInsn(int,String,String,String,boolean):void	fb944cd0cdc2e95c4667	455	6226	6692	250
METHOD_EXIT	org.springframework.asm.MethodVisitor#visitJumpInsn(int,Label):void	eb9921f8f1aa1a01f1d0	455	6091	6557	351
METHOD_ENTRY	org.springframework.asm.MethodVisitor#visitLabel(Label):void	e4ce493e9497dcbdc452	413	6063	6487	1254
METHOD_ENTRY	org.springframework.asm.MethodVisitor#visitIincInsn(int,int):void	e1678f2a92e8d25f2fd4	413	6084	6508	230
METHOD_EXIT	org.springframework.asm.MethodVisitor#visitLdcInsn(Object):void	70630a5e01ccaf15de8b	455	6166	6632	343
METHOD_EXIT	org.springframework.asm.MethodVisitor#visitIincInsn(int,int):void	828e308d02d6b3e019e3	455	6095	6561	258
METHOD_EXIT	org.springframework.asm.MethodVisitor#visitLabel(Label):void	5c53990eecb08c088c54	455	6074	6540	136
METHOD_EXIT	org.springframework.asm.MethodVisitor#visitTableSwitchInsn(int,int,Label,Label):void	17873366b3a6310ddb69	455	6124	6590	328
METHOD_ENTRY	org.springframework.asm.MethodVisitor#visitLdcInsn(Object):void	d4117f9280add295fc12	413	6155	6579	348
METHOD_EXIT	org.springframework.asm.MethodVisitor#visitLookupSwitchInsn(Label,int[],Label[]):void	92d032616b4f9b1b1102	455	6110	6576	192
METHOD_ENTRY	org.springframework.asm.MethodVisitor#visitMultiANewArrayInsn(String,int):void	7d33354b2ef67acff769	413	6091	6515	163
METHOD_ENTRY	org.springframework.asm.MethodVisitor#visitTableSwitchInsn(int,int,Label,Label):void	fdfc69e4f839f1ea6976	413	6113	6537	265
METHOD_EXIT	org.springframework.asm.MethodVisitor#visitMultiANewArrayInsn(String,int):void	e6bb3288a0c24cfc52d6	455	6102	6568	220
METHOD_ENTRY	org.springframework.asm.MethodVisitor#visitLookupSwitchInsn(Label,int[],Label[]):void	aa7fb7fbda45daea18ba	413	6099	6523	206
METHOD_EXIT	org.springframework.asm.MethodVisitor#visitInsnAnnotation(int,TypePath,String,boolean):AnnotationVisitor	f6336dab087fa0be5201	455	6227	6693	276
METHOD_EXIT	org.springframework.asm.MethodVisitor#visitTryCatchBlock(Label,Label,Label,String):void	3ccc612a913617aba3cd	455	6120	6586	231
METHOD_ENTRY	org.springframework.asm.MethodVisitor#visitInsnAnnotation(int,TypePath,String,boolean):AnnotationVisitor	4ff38e2663261c3e127f	413	6149	6573	188
METHOD_ENTRY	org.springframework.asm.MethodVisitor#visitTryCatchAnnotation(int,TypePath,String,boolean):AnnotationVisitor	eb35fe24ed718be18de0	413	6152	6576	260
METHOD_ENTRY	org.springframework.asm.MethodVisitor#visitLocalVariable(String,String,String,Label,Label,int):void	d1d990d5bf447f220dcd	413	6135	6559	146
METHOD_EXIT	org.springframework.asm.MethodVisitor#visitLocalVariable(String,String,String,Label,Label,int):void	0c8c3c9fcc1128a34fcd	455	6146	6612	354
METHOD_ENTRY	org.springframework.asm.MethodVisitor#visitTryCatchBlock(Label,Label,Label,String):void	78e4361bbdbc7de280e2	413	6109	6533	300
METHOD_ENTRY	org.springframework.asm.MethodVisitor#visitLocalVariableAnnotation(int,TypePath,Label[],Label[],int[],String,boolean):AnnotationVisitor	5bceed9a4805a8934c1b	413	6203	6627	212
METHOD_EXIT	org.springframework.asm.MethodVisitor#visitLocalVariableAnnotation(int,TypePath,Label[],Label[],int[],String,boolean):AnnotationVisitor	dad3555a52d000bd7aaf	455	6281	6747	374
METHOD_ENTRY	org.springframework.asm.Handle#getTag():int	bbf2a2700dc3f8af8468	413	826	1250	294
METHOD_ENTRY	org.springframework.asm.MethodVisitor#visitMaxs(int,int):void	4131fec1bfc6cba54040	413	6087	6511	95
METHOD_EXIT	org.springframework.asm.MethodVisitor#visitTryCatchAnnotation(int,TypePath,String,boolean):AnnotationVisitor	0ee44ff701819ce70325	455	6230	6696	362
METHOD_EXIT	org.springframework.asm.Handle#getTag():int	ddc5fa47d0bec67c9c0b	455	900	1366	263
METHOD_EXIT	org.springframework.asm.MethodVisitor#visitLineNumber(int,Label):void	96e056d76571e3c20e01	455	6090	6556	267
METHOD_ENTRY	org.springframework.asm.Handle#getOwner():String	d8f4655045670511092f	413	826	1250	178
METHOD_EXIT	org.springframework.asm.MethodVisitor#visitMaxs(int,int):void	d41062d92cc9c7420827	455	6098	6564	242
METHOD_ENTRY	org.springframework.asm.Handle#getName():String	8555ed28d8b8ee9b6f62	413	826	1250	375
METHOD_EXIT	org.springframework.asm.Handle#getName():String	aeedd7eb4fd7764496b1	455	900	1366	282
METHOD_EXIT	org.springframework.asm.MethodVisitor#visitEnd():void	e0ba54462d208c5877f4	455	6067	6533	187
METHOD_ENTRY	org.springframework.asm.MethodVisitor#visitLineNumber(int,Label):void	77c7d97465d7ce833518	413	6079	6503	106
METHOD_ENTRY	org.springframework.asm.Handle#getDesc():String	45205134457cdceb6b0b	413	826	1250	198
METHOD_EXIT	org.springframework.asm.Handle#getDesc():String	30c5fe8c9d1e46189d19	455	900	1366	288
METHOD_ENTRY	org.springframework.asm.Handle#isInterface():boolean	fe9c62f009b8ddfc5ac1	413	828	1252	211
METHOD_EXIT	org.springframework.asm.Handle#isInterface():boolean	faa5afcd41c5d439b590	455	902	1368	239
METHOD_EXIT	org.springframework.asm.Handle#getOwner():String	1ac537debbd56012bbfa	455	900	1366	259
METHOD_ENTRY	org.springframework.asm.Handle#equals(Object):boolean	e1a1a1ccbf17217f8811	413	905	1329	263
METHOD_ENTRY	org.springframework.asm.Handle#hashCode():int	ae89b88d1d2684a56803	413	858	1282	261
METHOD_ENTRY	org.springframework.asm.Handle#toString():String	c66d4c46390c2d6ee1c0	413	854	1278	281
METHOD_EXIT	org.springframework.asm.Handle#toString():String	c4cf2d8228635a252b66	455	928	1394	271
METHOD_EXIT	org.springframework.asm.Handle#hashCode():int	18c60c074752d743002b	455	932	1398	339
METHOD_EXIT	org.springframework.asm.Handle#equals(Object):boolean	9b611d228bbec482157c	455	982	1448	322
METHOD_ENTRY	org.springframework.asm.MethodVisitor#visitEnd():void	6d434a60230572b9a732	413	6056	6480	209
METHOD_ENTRY	org.springframework.asm.ClassWriter#visit(int,int,String,String,String,String[]):void	71025e8d5fecb1a9882b	413	3596	4020	264
METHOD_EXIT	org.springframework.asm.ClassWriter#hasFlags(int):boolean	719aa19bb9892064cbe4	455	3421	3887	330
METHOD_ENTRY	org.springframework.asm.ClassWriter#visitSource(String,String):void	f921bbaf849d8d279b7d	413	3400	3824	267
METHOD_EXIT	org.springframework.asm.ClassWriter#visit(int,int,String,String,String,String[]):void	b8fdb0fb6d39c55f21f5	455	3607	4073	391
METHOD_EXIT	org.springframework.asm.ClassWriter#visitSource(String,String):void	eebad85e69c83f4dcfdd	455	3411	3877	295
METHOD_ENTRY	org.springframework.asm.ClassWriter#hasFlags(int):boolean	a2a6c96ce36ba3fdafe6	413	3344	3768	310
METHOD_ENTRY	org.springframework.asm.ClassWriter#visitNestHost(String):void	2ac2abde725a095f6e82	413	3358	3782	206
METHOD_ENTRY	org.springframework.asm.ClassWriter#visitModule(String,int,String):ModuleVisitor	5a2d35c8c4487c189190	413	3404	3828	293
METHOD_EXIT	org.springframework.asm.ClassWriter#visitOuterClass(String,String,String):void	47e4ec5fa46bc06d5f96	455	3416	3882	274
METHOD_ENTRY	org.springframework.asm.ClassWriter#visitOuterClass(String,String,String):void	ed2b475a4ede47a0f821	413	3405	3829	275
METHOD_EXIT	org.springframework.asm.ClassWriter#visitNestHost(String):void	f491423f29b22629861d	455	3369	3835	306
METHOD_ENTRY	org.springframework.asm.ClassWriter#visitAnnotation(String,boolean):AnnotationVisitor	45f91fdf591492309bac	413	3404	3828	295
METHOD_EXIT	org.springframework.asm.ClassWriter#visitModule(String,int,String):ModuleVisitor	2ba81feb6408eccf3573	455	3482	3948	349
METHOD_ENTRY	org.springframework.asm.ClassWriter#visitTypeAnnotation(int,TypePath,String,boolean):AnnotationVisitor	0945be340c5633a412cb	413	3456	3880	212
METHOD_EXIT	org.springframework.asm.ClassWriter#visitAttribute(Attribute):void	fe58414004c2897e5174	455	3384	3850	295
METHOD_ENTRY	org.springframework.asm.ClassWriter#visitAttribute(Attribute):void	c2af9e30f7a2133884b9	413	3373	3797	276
METHOD_ENTRY	org.springframework.asm.ClassWriter#visitNestMember(String):void	af0ee170dbc896bceb34	413	3387	3811	243
METHOD_ENTRY	org.springframework.asm.ClassWriter#visitPermittedSubclass(String):void	7c783044a7feebef7fc6	413	3391	3815	293
METHOD_EXIT	org.springframework.asm.ClassWriter#visitAnnotation(String,boolean):AnnotationVisitor	3f4f8a765ab8f2002b25	455	3482	3948	291
METHOD_EXIT	org.springframework.asm.ClassWriter#visitTypeAnnotation(int,TypePath,String,boolean):AnnotationVisitor	2ffa4c920378e9bb86b6	455	3534	4000	329
METHOD_EXIT	org.springframework.asm.ClassWriter#visitPermittedSubclass(String):void	7b070b7d192adae6f43b	455	3402	3868	287
METHOD_EXIT	org.springframework.asm.ClassWriter#visitInnerClass(String,String,String,int):void	f77df7ad04b213200d9a	455	3673	4139	301
METHOD_ENTRY	org.springframework.asm.ClassWriter#visitInnerClass(String,String,String,int):void	5ed868b95f6e0cbe71eb	413	3662	4086	299
METHOD_EXIT	org.springframework.asm.ClassWriter#visitRecordComponent(String,String,String):RecordComponentVisitor	f93f3ede8509a90e0a4c	455	3511	3977	262
METHOD_ENTRY	org.springframework.asm.ClassWriter#visitRecordComponent(String,String,String):RecordComponentVisitor	4fd6785005b21dd43e56	413	3432	3856	172
METHOD_EXIT	org.springframework.asm.ClassWriter#visitNestMember(String):void	c7e24b92b7e7f680626e	455	3398	3864	324
METHOD_ENTRY	org.springframework.asm.ClassWriter#visitMethod(int,String,String,String,String[]):MethodVisitor	0cf2c5d754ecef46fbcf	413	3449	3873	333
METHOD_ENTRY	org.springframework.asm.ClassWriter#visitEnd():void	e4ba0a04eab8e40df3a0	413	3337	3761	256
METHOD_EXIT	org.springframework.asm.ClassWriter#visitMethod(int,String,String,String,String[]):MethodVisitor	61acdfdb72126582926f	455	3527	3993	279
METHOD_EXIT	org.springframework.asm.ClassWriter#visitEnd():void	f9fef18aa0c713dd44b3	455	3348	3814	213
METHOD_ENTRY	org.springframework.asm.ClassWriter#toByteArray():byte[]	787fa31f8bdb0e3012bf	413	5584	6008	328
METHOD_EXIT	org.springframework.asm.ClassWriter#visitField(int,String,String,String,Object):FieldVisitor	5e5a2143ecd5abd491ab	455	3525	3991	334
METHOD_ENTRY	org.springframework.asm.ClassWriter#replaceAsmInstructions(byte[],boolean):byte[]	499b4c98393af8a01f20	413	3577	4001	282
METHOD_ENTRY	org.springframework.asm.ClassWriter#visitField(int,String,String,String,Object):FieldVisitor	df266eeb0999fcf2d633	413	3447	3871	258
METHOD_ENTRY	org.springframework.asm.ClassWriter#getAttributePrototypes():Attribute[]	a1f2b5f1748b1a7ca66d	413	3498	3922	222
METHOD_EXIT	org.springframework.asm.ClassWriter#replaceAsmInstructions(byte[],boolean):byte[]	c28230b0a4605485fc01	455	3654	4120	310
METHOD_EXIT	org.springframework.asm.ClassWriter#getAttributePrototypes():Attribute[]	6ca36c7dd755bd9ebf50	455	3572	4038	285
METHOD_ENTRY	org.springframework.asm.ClassWriter#newConst(Object):int	c938ce2c531c721d181f	413	3343	3767	138
METHOD_EXIT	org.springframework.asm.ClassWriter#toByteArray():byte[]	7444d5aa6ebe606146df	455	5658	6124	361
METHOD_ENTRY	org.springframework.asm.ClassWriter#newUTF8(String):int	cd92362a982acca208ff	413	3345	3769	179
METHOD_EXIT	org.springframework.asm.ClassWriter#newClass(String):int	a861bc33a39e3a282bc6	455	3421	3887	245
METHOD_ENTRY	org.springframework.asm.ClassWriter#newClass(String):int	8d6bbd225da35d9ea144	413	3344	3768	196
METHOD_ENTRY	org.springframework.asm.ClassWriter#newModule(String):int	91b780ea82387ce77eb5	413	3347	3771	115
METHOD_EXIT	org.springframework.asm.ClassWriter#newMethodType(String):int	46bdf8cb09b8b6cf4abe	455	3427	3893	239
METHOD_ENTRY	org.springframework.asm.ClassWriter#newMethodType(String):int	6e9cfcfcd5c061d64fc9	413	3350	3774	225
METHOD_EXIT	org.springframework.asm.ClassWriter#newConst(Object):int	47100e72c59a0eaecee9	455	3420	3886	276
METHOD_EXIT	org.springframework.asm.ClassWriter#newModule(String):int	bb600b2acd017f9f0248	455	3424	3890	227
METHOD_EXIT	org.springframework.asm.ClassWriter#newPackage(String):int	c7ec69259ebf9dca95d3	455	3424	3890	205
METHOD_ENTRY	org.springframework.asm.ClassWriter#newPackage(String):int	55da30b8465bf413b0f0	413	3347	3771	300
METHOD_EXIT	org.springframework.asm.ClassWriter#newUTF8(String):int	69a4ea49450ed45cfe13	455	3422	3888	316
METHOD_ENTRY	org.springframework.asm.ClassWriter#newHandle(int,String,String,String):int	19cc08862af95b33795f	413	3396	3820	266
METHOD_EXIT	org.springframework.asm.ClassWriter#newHandle(int,String,String,String):int	028ff872bb8992bba369	455	3473	3939	282
METHOD_ENTRY	org.springframework.asm.ClassWriter#newHandle(int,String,String,String,boolean):int	6c5686fe1bcd0fcc3b63	413	3403	3827	274
METHOD_ENTRY	org.springframework.asm.ClassWriter#newConstantDynamic(String,String,Handle,Object):int	777651be8bdc4327957d	413	3405	3829	251
METHOD_EXIT	org.springframework.asm.ClassWriter#newConstantDynamic(String,String,Handle,Object):int	9af7f87a9bd6d7ab0e98	455	3482	3948	226
METHOD_ENTRY	org.springframework.asm.ClassWriter#newInvokeDynamic(String,String,Handle,Object):int	1cc1f7c352c46d166ac2	413	3406	3830	238
METHOD_ENTRY	org.springframework.asm.ClassWriter#newField(String,String,String):int	ff0717c52848ca5a2d5e	413	3369	3793	229
METHOD_EXIT	org.springframework.asm.ClassWriter#newField(String,String,String):int	7ee10bb2b134719d51b4	455	3446	3912	169
METHOD_ENTRY	org.springframework.asm.ClassWriter#newMethod(String,String,String,boolean):int	cdd2bf21245f93ebd981	413	3387	3811	215
METHOD_EXIT	org.springframework.asm.ClassWriter#newMethod(String,String,String,boolean):int	d211778296afd3046c21	455	3464	3930	266
METHOD_ENTRY	org.springframework.asm.ClassWriter#newNameType(String,String):int	c709447ae65b152f762c	413	3358	3782	267
METHOD_EXIT	org.springframework.asm.ClassWriter#newNameType(String,String):int	7b2d1ac80a950c00633e	455	3435	3901	312
METHOD_ENTRY	org.springframework.asm.ClassWriter#setFlags(int):void	84c5d56dff49d7150516	413	3413	3837	208
METHOD_EXIT	org.springframework.asm.ClassWriter#setFlags(int):void	8d22c349a19849b466e4	455	3424	3890	395
METHOD_ENTRY	org.springframework.asm.ClassWriter#getCommonSuperClass(String,String):String	e4aa69d6368e88a1f459	413	3565	3989	246
METHOD_ENTRY	org.springframework.asm.FieldWriter#visitAnnotation(String,boolean):AnnotationVisitor	64fa322ecf3912b37450	413	837	1261	266
METHOD_EXIT	org.springframework.asm.ClassWriter#getCommonSuperClass(String,String):String	174e2e142ebf120df15d	455	3642	4108	348
METHOD_EXIT	org.springframework.asm.FieldWriter#visitAnnotation(String,boolean):AnnotationVisitor	2e7ed9946b6c0150ccb8	455	915	1381	246
METHOD_ENTRY	org.springframework.asm.FieldWriter#visitTypeAnnotation(int,TypePath,String,boolean):AnnotationVisitor	051d3b6f9e49932f6089	413	889	1313	230
METHOD_EXIT	org.springframework.asm.ClassWriter#getClassLoader():ClassLoader	cbae27e25edd71bd3443	455	3484	3950	324
METHOD_ENTRY	org.springframework.asm.ClassWriter#getClassLoader():ClassLoader	ba2ef602f0fd6a8dac1b	413	3409	3833	227
METHOD_EXIT	org.springframework.asm.FieldWriter#visitTypeAnnotation(int,TypePath,String,boolean):AnnotationVisitor	becf999c713c9ccd821c	455	967	1433	318
METHOD_ENTRY	org.springframework.asm.FieldWriter#visitAttribute(Attribute):void	c320a7f229157fdf4cf4	413	806	1230	158
METHOD_EXIT	org.springframework.asm.FieldWriter#visitAttribute(Attribute):void	d4230a9bb8e7df0d8741	455	817	1283	266
METHOD_EXIT	org.springframework.asm.ClassWriter#newHandle(int,String,String,String,boolean):int	dc4c39d22bc3a6bff7a5	455	3480	3946	293
METHOD_ENTRY	org.springframework.asm.FieldWriter#visitEnd():void	8d38829c506b71a7c574	413	770	1194	188
METHOD_EXIT	org.springframework.asm.FieldWriter#visitEnd():void	0464168174a9f6dd699d	455	781	1247	62
METHOD_ENTRY	org.springframework.asm.FieldWriter#computeFieldInfoSize():int	c51af12c0f4d5c20957c	413	938	1362	293
METHOD_EXIT	org.springframework.asm.FieldWriter#computeFieldInfoSize():int	642ac07d56bc34dc6634	455	1012	1478	392
METHOD_ENTRY	org.springframework.asm.FieldWriter#putFieldInfo(ByteVector):void	28d3169219ab176f037d	413	1236	1660	243
METHOD_EXIT	org.springframework.asm.FieldWriter#putFieldInfo(ByteVector):void	7982498c2eff2e784ebc	455	1247	1713	301
METHOD_ENTRY	org.springframework.objenesis.SpringObjenesis#isWorthTrying():boolean	8d2c97ebadf23680d93b	413	756	1180	179
METHOD_EXIT	org.springframework.objenesis.SpringObjenesis#isWorthTrying():boolean	b9c0a8e7c56067359d49	455	830	1296	110
METHOD_EXIT	org.springframework.asm.FieldWriter#collectAttributePrototypes(Attribute.Set):void	4a694795fb994a1048d4	455	798	1264	228
METHOD_EXIT	org.springframework.objenesis.SpringObjenesis#newInstance(Class<T>,boolean):T	0c01c079228e818b7777	455	878	1344	235
METHOD_ENTRY	org.springframework.objenesis.SpringObjenesis#newInstance(Class<T>,boolean):T	66b9b3250cb9d6ef4a01	413	801	1225	186
METHOD_EXIT	org.springframework.asm.ClassWriter#newInvokeDynamic(String,String,Handle,Object):int	98c52ad1f9118c000fa2	455	3483	3949	235
METHOD_EXIT	org.springframework.objenesis.SpringObjenesis#newInstance(Class<T>):T	72ca1ca7a1d7a738a004	455	846	1312	249
METHOD_ENTRY	org.springframework.objenesis.SpringObjenesis#getInstantiatorOf(Class<T>):ObjectInstantiator<T>	df0f14965af6e10975bb	413	878	1302	278
METHOD_ENTRY	org.springframework.objenesis.SpringObjenesis#newInstance(Class<T>):T	bc29a4491632646433ff	413	769	1193	224
METHOD_EXIT	org.springframework.objenesis.SpringObjenesis#getInstantiatorOf(Class<T>):ObjectInstantiator<T>	e05cbbd2592cd893bf36	455	959	1425	269
METHOD_ENTRY	org.springframework.objenesis.SpringObjenesis#newInstantiatorOf(Class<T>):ObjectInstantiator<T>	a09f505295d2f55793d9	413	1034	1458	247
METHOD_EXIT	org.springframework.objenesis.SpringObjenesis#newInstantiatorOf(Class<T>):ObjectInstantiator<T>	d36e5462204e46519fdc	455	1115	1581	330
METHOD_ENTRY	org.springframework.asm.FieldWriter#collectAttributePrototypes(Attribute.Set):void	05b9a8422865580c341d	413	787	1211	239
