project	daikon_method	candidate_order	program_point	original_expression	status	java_expression
apollo	com.ctrip.framework.apollo.biz.registry.configuration.support.ApolloServiceRegistryClearApplicationRunner.run(org.springframework.boot.ApplicationArguments)	1	com.ctrip.framework.apollo.biz.registry.configuration.support.ApolloServiceRegistryClearApplicationRunner.run(org.springframework.boot.ApplicationArguments):::ENTER	args.getClass().getName() == org.springframework.boot.DefaultApplicationArguments.class	VALID	args.getClass() == org.springframework.boot.DefaultApplicationArguments.class
apollo	com.ctrip.framework.apollo.biz.registry.configuration.support.ApolloServiceRegistryClearApplicationRunner.run(org.springframework.boot.ApplicationArguments)	2	com.ctrip.framework.apollo.biz.registry.configuration.support.ApolloServiceRegistryClearApplicationRunner.run(org.springframework.boot.ApplicationArguments):::EXIT	com.ctrip.framework.apollo.biz.registry.configuration.support.ApolloServiceRegistryClearApplicationRunner.log == orig(com.ctrip.framework.apollo.biz.registry.configuration.support.ApolloServiceRegistryClearApplicationRunner.log)	INVALID	
apollo	com.ctrip.framework.apollo.biz.registry.configuration.support.ApolloServiceRegistryClearApplicationRunner.run(org.springframework.boot.ApplicationArguments)	3	com.ctrip.framework.apollo.biz.registry.configuration.support.ApolloServiceRegistryClearApplicationRunner.run(org.springframework.boot.ApplicationArguments):::EXIT	com.ctrip.framework.apollo.biz.registry.configuration.support.ApolloServiceRegistryClearApplicationRunner.log.getClass().getName() == orig(com.ctrip.framework.apollo.biz.registry.configuration.support.ApolloServiceRegistryClearApplicationRunner.log.getClass().getName())	INVALID	
apollo	com.ctrip.framework.apollo.biz.registry.configuration.support.ApolloServiceRegistryClearApplicationRunner.run(org.springframework.boot.ApplicationArguments)	4	com.ctrip.framework.apollo.biz.registry.configuration.support.ApolloServiceRegistryClearApplicationRunner.run(org.springframework.boot.ApplicationArguments):::EXIT	this.instanceClearScheduledExecutorService == orig(this.instanceClearScheduledExecutorService)	INVALID	
apollo	com.ctrip.framework.apollo.biz.registry.configuration.support.ApolloServiceRegistryClearApplicationRunner.run(org.springframework.boot.ApplicationArguments)	5	com.ctrip.framework.apollo.biz.registry.configuration.support.ApolloServiceRegistryClearApplicationRunner.run(org.springframework.boot.ApplicationArguments):::EXIT	this.instanceClearScheduledExecutorService.getClass().getName() == orig(this.instanceClearScheduledExecutorService.getClass().getName())	INVALID	
apollo	com.ctrip.framework.apollo.biz.registry.configuration.support.ApolloServiceRegistryClearApplicationRunner.run(org.springframework.boot.ApplicationArguments)	6	com.ctrip.framework.apollo.biz.registry.configuration.support.ApolloServiceRegistryClearApplicationRunner.run(org.springframework.boot.ApplicationArguments):::EXIT	this.serviceRegistryService == orig(this.serviceRegistryService)	INVALID	
apollo	com.ctrip.framework.apollo.biz.registry.configuration.support.ApolloServiceRegistryClearApplicationRunner.run(org.springframework.boot.ApplicationArguments)	7	com.ctrip.framework.apollo.biz.registry.configuration.support.ApolloServiceRegistryClearApplicationRunner.run(org.springframework.boot.ApplicationArguments):::EXIT	this.serviceRegistryService.repository == orig(this.serviceRegistryService.repository)	INVALID	
apollo	com.ctrip.framework.apollo.biz.service.InstanceService.findActiveInstanceConfigsByReleaseKey(java.lang.String, org.springframework.data.domain.Pageable)	1	com.ctrip.framework.apollo.biz.service.InstanceService.findActiveInstanceConfigsByReleaseKey(java.lang.String, org.springframework.data.domain.Pageable):::ENTER	this has only one value	INVALID	
apollo	com.ctrip.framework.apollo.biz.service.InstanceService.findActiveInstanceConfigsByReleaseKey(java.lang.String, org.springframework.data.domain.Pageable)	2	com.ctrip.framework.apollo.biz.service.InstanceService.findActiveInstanceConfigsByReleaseKey(java.lang.String, org.springframework.data.domain.Pageable):::ENTER	this.instanceRepository has only one value	INVALID	
apollo	com.ctrip.framework.apollo.biz.service.InstanceService.findActiveInstanceConfigsByReleaseKey(java.lang.String, org.springframework.data.domain.Pageable)	3	com.ctrip.framework.apollo.biz.service.InstanceService.findActiveInstanceConfigsByReleaseKey(java.lang.String, org.springframework.data.domain.Pageable):::ENTER	this.instanceConfigRepository has only one value	INVALID	
apollo	com.ctrip.framework.apollo.biz.service.InstanceService.findActiveInstanceConfigsByReleaseKey(java.lang.String, org.springframework.data.domain.Pageable)	4	com.ctrip.framework.apollo.biz.service.InstanceService.findActiveInstanceConfigsByReleaseKey(java.lang.String, org.springframework.data.domain.Pageable):::ENTER	releaseKey has only one value	INVALID	
apollo	com.ctrip.framework.apollo.biz.service.InstanceService.findActiveInstanceConfigsByReleaseKey(java.lang.String, org.springframework.data.domain.Pageable)	5	com.ctrip.framework.apollo.biz.service.InstanceService.findActiveInstanceConfigsByReleaseKey(java.lang.String, org.springframework.data.domain.Pageable):::ENTER	"releaseKey.toString == ""someReleaseKey"""	VALID	"releaseKey.toString().equals(""someReleaseKey"")"
apollo	com.ctrip.framework.apollo.biz.service.InstanceService.findActiveInstanceConfigsByReleaseKey(java.lang.String, org.springframework.data.domain.Pageable)	6	com.ctrip.framework.apollo.biz.service.InstanceService.findActiveInstanceConfigsByReleaseKey(java.lang.String, org.springframework.data.domain.Pageable):::ENTER	pageable has only one value	INVALID	
apollo	com.ctrip.framework.apollo.biz.service.InstanceService.findActiveInstanceConfigsByReleaseKey(java.lang.String, org.springframework.data.domain.Pageable)	7	com.ctrip.framework.apollo.biz.service.InstanceService.findActiveInstanceConfigsByReleaseKey(java.lang.String, org.springframework.data.domain.Pageable):::ENTER	pageable.getClass().getName() == org.springframework.data.domain.PageRequest.class	VALID	pageable.getClass() == org.springframework.data.domain.PageRequest.class
apollo	com.ctrip.framework.apollo.biz.service.InstanceService.findActiveInstanceConfigsByReleaseKey(java.lang.String, org.springframework.data.domain.Pageable)	8	com.ctrip.framework.apollo.biz.service.InstanceService.findActiveInstanceConfigsByReleaseKey(java.lang.String, org.springframework.data.domain.Pageable):::EXIT	this.instanceRepository == orig(this.instanceRepository)	INVALID	
apollo	com.ctrip.framework.apollo.biz.service.InstanceService.findActiveInstanceConfigsByReleaseKey(java.lang.String, org.springframework.data.domain.Pageable)	9	com.ctrip.framework.apollo.biz.service.InstanceService.findActiveInstanceConfigsByReleaseKey(java.lang.String, org.springframework.data.domain.Pageable):::EXIT	this.instanceRepository.getClass().getName() == orig(this.instanceRepository.getClass().getName())	INVALID	
apollo	com.ctrip.framework.apollo.biz.service.InstanceService.findActiveInstanceConfigsByReleaseKey(java.lang.String, org.springframework.data.domain.Pageable)	10	com.ctrip.framework.apollo.biz.service.InstanceService.findActiveInstanceConfigsByReleaseKey(java.lang.String, org.springframework.data.domain.Pageable):::EXIT	this.instanceConfigRepository == orig(this.instanceConfigRepository)	INVALID	
apollo	com.ctrip.framework.apollo.biz.service.InstanceService.findActiveInstanceConfigsByReleaseKey(java.lang.String, org.springframework.data.domain.Pageable)	11	com.ctrip.framework.apollo.biz.service.InstanceService.findActiveInstanceConfigsByReleaseKey(java.lang.String, org.springframework.data.domain.Pageable):::EXIT	this.instanceConfigRepository.getClass().getName() == orig(this.instanceConfigRepository.getClass().getName())	INVALID	
apollo	com.ctrip.framework.apollo.biz.service.InstanceService.findActiveInstanceConfigsByReleaseKey(java.lang.String, org.springframework.data.domain.Pageable)	12	com.ctrip.framework.apollo.biz.service.InstanceService.findActiveInstanceConfigsByReleaseKey(java.lang.String, org.springframework.data.domain.Pageable):::EXIT	releaseKey.toString == orig(releaseKey.toString)	INVALID	
apollo	com.ctrip.framework.apollo.biz.service.InstanceService.findActiveInstanceConfigsByReleaseKey(java.lang.String, org.springframework.data.domain.Pageable)	13	com.ctrip.framework.apollo.biz.service.InstanceService.findActiveInstanceConfigsByReleaseKey(java.lang.String, org.springframework.data.domain.Pageable):::EXIT	this.instanceRepository has only one value	INVALID	
apollo	com.ctrip.framework.apollo.biz.service.InstanceService.findActiveInstanceConfigsByReleaseKey(java.lang.String, org.springframework.data.domain.Pageable)	14	com.ctrip.framework.apollo.biz.service.InstanceService.findActiveInstanceConfigsByReleaseKey(java.lang.String, org.springframework.data.domain.Pageable):::EXIT	this.instanceConfigRepository has only one value	INVALID	
apollo	com.ctrip.framework.apollo.biz.service.InstanceService.findActiveInstanceConfigsByReleaseKey(java.lang.String, org.springframework.data.domain.Pageable)	15	com.ctrip.framework.apollo.biz.service.InstanceService.findActiveInstanceConfigsByReleaseKey(java.lang.String, org.springframework.data.domain.Pageable):::EXIT	"releaseKey.toString == ""someReleaseKey"""	VALID	"releaseKey.toString().equals(""someReleaseKey"")"
apollo	com.ctrip.framework.apollo.biz.service.InstanceService.findActiveInstanceConfigsByReleaseKey(java.lang.String, org.springframework.data.domain.Pageable)	16	com.ctrip.framework.apollo.biz.service.InstanceService.findActiveInstanceConfigsByReleaseKey(java.lang.String, org.springframework.data.domain.Pageable):::EXIT	return has only one value	INVALID	
apollo	com.ctrip.framework.apollo.biz.service.InstanceService.findActiveInstanceConfigsByReleaseKey(java.lang.String, org.springframework.data.domain.Pageable)	17	com.ctrip.framework.apollo.biz.service.InstanceService.findActiveInstanceConfigsByReleaseKey(java.lang.String, org.springframework.data.domain.Pageable):::EXIT	return.getClass().getName() == org.springframework.data.domain.PageImpl.class	VALID	result.getClass() == org.springframework.data.domain.PageImpl.class
apollo	com.ctrip.framework.apollo.biz.entity.ReleaseHistory.getOperationContext()	1	com.ctrip.framework.apollo.biz.entity.ReleaseHistory.getOperationContext():::ENTER	this.appId != null	VALID	this.appId != null
apollo	com.ctrip.framework.apollo.biz.entity.ReleaseHistory.getOperationContext()	2	com.ctrip.framework.apollo.biz.entity.ReleaseHistory.getOperationContext():::ENTER	"this.appId.toString == ""test"""	VALID	"this.appId.toString().equals(""test"")"
apollo	com.ctrip.framework.apollo.biz.entity.ReleaseHistory.getOperationContext()	3	com.ctrip.framework.apollo.biz.entity.ReleaseHistory.getOperationContext():::ENTER	this.clusterName != null	VALID	this.clusterName != null
apollo	com.ctrip.framework.apollo.biz.entity.ReleaseHistory.getOperationContext()	4	com.ctrip.framework.apollo.biz.entity.ReleaseHistory.getOperationContext():::ENTER	this.namespaceName has only one value	INVALID	
apollo	com.ctrip.framework.apollo.biz.entity.ReleaseHistory.getOperationContext()	5	com.ctrip.framework.apollo.biz.entity.ReleaseHistory.getOperationContext():::ENTER	this.namespaceName != null	VALID	this.namespaceName != null
apollo	com.ctrip.framework.apollo.biz.entity.ReleaseHistory.getOperationContext()	6	com.ctrip.framework.apollo.biz.entity.ReleaseHistory.getOperationContext():::ENTER	this.branchName != null	VALID	this.branchName != null
apollo	com.ctrip.framework.apollo.biz.entity.ReleaseHistory.getOperationContext()	7	com.ctrip.framework.apollo.biz.entity.ReleaseHistory.getOperationContext():::ENTER	this.operationContext != null	VALID	this.operationContext != null
apollo	com.ctrip.framework.apollo.biz.entity.ReleaseHistory.getOperationContext()	8	com.ctrip.framework.apollo.biz.entity.ReleaseHistory.getOperationContext():::ENTER	this.dataChangeCreatedTime != null	VALID	this.dataChangeCreatedTime != null
apollo	com.ctrip.framework.apollo.biz.entity.ReleaseHistory.getOperationContext()	9	com.ctrip.framework.apollo.biz.entity.ReleaseHistory.getOperationContext():::ENTER	this.dataChangeLastModifiedTime != null	VALID	this.dataChangeLastModifiedTime != null
apollo	com.ctrip.framework.apollo.biz.entity.ReleaseHistory.getOperationContext()	10	com.ctrip.framework.apollo.biz.entity.ReleaseHistory.getOperationContext():::ENTER	this.clusterName.toString > this.branchName.toString	VALID	this.clusterName.toString().compareTo(this.branchName.toString()) > 0
apollo	com.ctrip.framework.apollo.biz.entity.ReleaseHistory.getOperationContext()	11	com.ctrip.framework.apollo.biz.entity.ReleaseHistory.getOperationContext():::ENTER	this.releaseId >= this.previousReleaseId	VALID	this.releaseId >= this.previousReleaseId
apollo	com.ctrip.framework.apollo.biz.entity.ReleaseHistory.getOperationContext()	12	com.ctrip.framework.apollo.biz.entity.ReleaseHistory.getOperationContext():::ENTER	this.releaseId != this.operation	VALID	this.releaseId != this.operation
apollo	com.ctrip.framework.apollo.biz.entity.ReleaseHistory.getOperationContext()	13	com.ctrip.framework.apollo.biz.entity.ReleaseHistory.getOperationContext():::ENTER	this.releaseId < this.id	VALID	this.releaseId < this.id
apollo	com.ctrip.framework.apollo.biz.entity.ReleaseHistory.getOperationContext()	14	com.ctrip.framework.apollo.biz.entity.ReleaseHistory.getOperationContext():::ENTER	this.previousReleaseId != this.operation	VALID	this.previousReleaseId != this.operation
apollo	com.ctrip.framework.apollo.biz.entity.ReleaseHistory.getOperationContext()	15	com.ctrip.framework.apollo.biz.entity.ReleaseHistory.getOperationContext():::ENTER	this.previousReleaseId < this.id	VALID	this.previousReleaseId < this.id
apollo	com.ctrip.framework.apollo.biz.entity.ReleaseHistory.getOperationContext()	16	com.ctrip.framework.apollo.biz.entity.ReleaseHistory.getOperationContext():::ENTER	this.operation < this.id	VALID	this.operation < this.id
apollo	com.ctrip.framework.apollo.biz.entity.ReleaseHistory.getOperationContext()	17	com.ctrip.framework.apollo.biz.entity.ReleaseHistory.getOperationContext():::ENTER	this.operation > this.deletedAt	VALID	this.operation > this.deletedAt
apollo	com.ctrip.framework.apollo.biz.entity.ReleaseHistory.getOperationContext()	18	com.ctrip.framework.apollo.biz.entity.ReleaseHistory.getOperationContext():::ENTER	this.id > this.deletedAt	VALID	this.id > this.deletedAt
apollo	com.ctrip.framework.apollo.biz.entity.ReleaseHistory.getOperationContext()	19	com.ctrip.framework.apollo.biz.entity.ReleaseHistory.getOperationContext():::EXIT	this.appId == orig(this.appId)	INVALID	
apollo	com.ctrip.framework.apollo.biz.entity.ReleaseHistory.getOperationContext()	20	com.ctrip.framework.apollo.biz.entity.ReleaseHistory.getOperationContext():::EXIT	this.appId.toString == orig(this.appId.toString)	INVALID	
apollo	com.ctrip.framework.apollo.biz.entity.ReleaseHistory.getOperationContext()	21	com.ctrip.framework.apollo.biz.entity.ReleaseHistory.getOperationContext():::EXIT	this.clusterName == orig(this.clusterName)	INVALID	
apollo	com.ctrip.framework.apollo.biz.entity.ReleaseHistory.getOperationContext()	22	com.ctrip.framework.apollo.biz.entity.ReleaseHistory.getOperationContext():::EXIT	this.clusterName.toString == orig(this.clusterName.toString)	INVALID	
apollo	com.ctrip.framework.apollo.biz.entity.ReleaseHistory.getOperationContext()	23	com.ctrip.framework.apollo.biz.entity.ReleaseHistory.getOperationContext():::EXIT	this.namespaceName == orig(this.namespaceName)	INVALID	
apollo	com.ctrip.framework.apollo.biz.entity.ReleaseHistory.getOperationContext()	24	com.ctrip.framework.apollo.biz.entity.ReleaseHistory.getOperationContext():::EXIT	this.namespaceName.toString == orig(this.namespaceName.toString)	INVALID	
apollo	com.ctrip.framework.apollo.biz.entity.ReleaseHistory.getOperationContext()	25	com.ctrip.framework.apollo.biz.entity.ReleaseHistory.getOperationContext():::EXIT	this.branchName == orig(this.branchName)	INVALID	
apollo	com.ctrip.framework.apollo.biz.entity.ReleaseHistory.getOperationContext()	26	com.ctrip.framework.apollo.biz.entity.ReleaseHistory.getOperationContext():::EXIT	this.branchName.toString == orig(this.branchName.toString)	INVALID	
apollo	com.ctrip.framework.apollo.biz.entity.ReleaseHistory.getOperationContext()	27	com.ctrip.framework.apollo.biz.entity.ReleaseHistory.getOperationContext():::EXIT	this.releaseId == orig(this.releaseId)	INVALID	
apollo	com.ctrip.framework.apollo.biz.entity.ReleaseHistory.getOperationContext()	28	com.ctrip.framework.apollo.biz.entity.ReleaseHistory.getOperationContext():::EXIT	this.previousReleaseId == orig(this.previousReleaseId)	INVALID	
apollo	com.ctrip.framework.apollo.biz.entity.ReleaseHistory.getOperationContext()	29	com.ctrip.framework.apollo.biz.entity.ReleaseHistory.getOperationContext():::EXIT	this.operation == orig(this.operation)	INVALID	
apollo	com.ctrip.framework.apollo.biz.entity.ReleaseHistory.getOperationContext()	30	com.ctrip.framework.apollo.biz.entity.ReleaseHistory.getOperationContext():::EXIT	this.operationContext == return	VALID	this.operationContext == result
apollo	com.ctrip.framework.apollo.biz.entity.ReleaseHistory.getOperationContext()	31	com.ctrip.framework.apollo.biz.entity.ReleaseHistory.getOperationContext():::EXIT	this.operationContext.toString == return.toString	VALID	this.operationContext.toString().equals(result.toString())
apollo	com.ctrip.framework.apollo.biz.entity.ReleaseHistory.getOperationContext()	32	com.ctrip.framework.apollo.biz.entity.ReleaseHistory.getOperationContext():::EXIT	this.id == orig(this.id)	INVALID	
apollo	com.ctrip.framework.apollo.biz.entity.ReleaseHistory.getOperationContext()	33	com.ctrip.framework.apollo.biz.entity.ReleaseHistory.getOperationContext():::EXIT	this.isDeleted == orig(this.isDeleted)	INVALID	
apollo	com.ctrip.framework.apollo.biz.entity.ReleaseHistory.getOperationContext()	34	com.ctrip.framework.apollo.biz.entity.ReleaseHistory.getOperationContext():::EXIT	this.deletedAt == orig(this.deletedAt)	INVALID	
apollo	com.ctrip.framework.apollo.biz.entity.ReleaseHistory.getOperationContext()	35	com.ctrip.framework.apollo.biz.entity.ReleaseHistory.getOperationContext():::EXIT	this.dataChangeCreatedBy == orig(this.dataChangeCreatedBy)	INVALID	
apollo	com.ctrip.framework.apollo.biz.entity.ReleaseHistory.getOperationContext()	36	com.ctrip.framework.apollo.biz.entity.ReleaseHistory.getOperationContext():::EXIT	this.dataChangeCreatedBy == orig(this.dataChangeLastModifiedBy)	INVALID	
apollo	com.ctrip.framework.apollo.biz.entity.ReleaseHistory.getOperationContext()	37	com.ctrip.framework.apollo.biz.entity.ReleaseHistory.getOperationContext():::EXIT	this.dataChangeCreatedBy.toString == orig(this.dataChangeCreatedBy.toString)	INVALID	
apollo	com.ctrip.framework.apollo.biz.entity.ReleaseHistory.getOperationContext()	38	com.ctrip.framework.apollo.biz.entity.ReleaseHistory.getOperationContext():::EXIT	this.dataChangeCreatedBy.toString == orig(this.dataChangeLastModifiedBy.toString)	INVALID	
apollo	com.ctrip.framework.apollo.biz.entity.ReleaseHistory.getOperationContext()	39	com.ctrip.framework.apollo.biz.entity.ReleaseHistory.getOperationContext():::EXIT	this.dataChangeCreatedTime == orig(this.dataChangeCreatedTime)	INVALID	
apollo	com.ctrip.framework.apollo.biz.entity.ReleaseHistory.getOperationContext()	40	com.ctrip.framework.apollo.biz.entity.ReleaseHistory.getOperationContext():::EXIT	this.dataChangeLastModifiedTime == orig(this.dataChangeLastModifiedTime)	INVALID	
apollo	com.ctrip.framework.apollo.biz.entity.ReleaseHistory.getOperationContext()	41	com.ctrip.framework.apollo.biz.entity.ReleaseHistory.getOperationContext():::EXIT	return == orig(this.operationContext)	INVALID	
apollo	com.ctrip.framework.apollo.biz.entity.ReleaseHistory.getOperationContext()	42	com.ctrip.framework.apollo.biz.entity.ReleaseHistory.getOperationContext():::EXIT	return.toString == orig(this.operationContext.toString)	INVALID	
apollo	com.ctrip.framework.apollo.biz.entity.ReleaseHistory.getOperationContext()	43	com.ctrip.framework.apollo.biz.entity.ReleaseHistory.getOperationContext():::EXIT	this.appId != null	VALID	this.appId != null
apollo	com.ctrip.framework.apollo.biz.entity.ReleaseHistory.getOperationContext()	44	com.ctrip.framework.apollo.biz.entity.ReleaseHistory.getOperationContext():::EXIT	"this.appId.toString == ""test"""	VALID	"this.appId.toString().equals(""test"")"
apollo	com.ctrip.framework.apollo.biz.entity.ReleaseHistory.getOperationContext()	45	com.ctrip.framework.apollo.biz.entity.ReleaseHistory.getOperationContext():::EXIT	this.clusterName != null	VALID	this.clusterName != null
apollo	com.ctrip.framework.apollo.biz.entity.ReleaseHistory.getOperationContext()	46	com.ctrip.framework.apollo.biz.entity.ReleaseHistory.getOperationContext():::EXIT	this.namespaceName has only one value	INVALID	
apollo	com.ctrip.framework.apollo.biz.entity.ReleaseHistory.getOperationContext()	47	com.ctrip.framework.apollo.biz.entity.ReleaseHistory.getOperationContext():::EXIT	this.namespaceName != null	VALID	this.namespaceName != null
apollo	com.ctrip.framework.apollo.biz.entity.ReleaseHistory.getOperationContext()	48	com.ctrip.framework.apollo.biz.entity.ReleaseHistory.getOperationContext():::EXIT	this.branchName != null	VALID	this.branchName != null
apollo	com.ctrip.framework.apollo.biz.entity.ReleaseHistory.getOperationContext()	49	com.ctrip.framework.apollo.biz.entity.ReleaseHistory.getOperationContext():::EXIT	this.dataChangeCreatedTime != null	VALID	this.dataChangeCreatedTime != null
apollo	com.ctrip.framework.apollo.biz.entity.ReleaseHistory.getOperationContext()	50	com.ctrip.framework.apollo.biz.entity.ReleaseHistory.getOperationContext():::EXIT	this.dataChangeLastModifiedTime != null	VALID	this.dataChangeLastModifiedTime != null
apollo	com.ctrip.framework.apollo.biz.entity.ReleaseHistory.getOperationContext()	51	com.ctrip.framework.apollo.biz.entity.ReleaseHistory.getOperationContext():::EXIT	return != null	VALID	result != null
apollo	com.ctrip.framework.apollo.biz.entity.ReleaseHistory.getOperationContext()	52	com.ctrip.framework.apollo.biz.entity.ReleaseHistory.getOperationContext():::EXIT	this.appId.toString < return.toString	VALID	this.appId.toString().compareTo(result.toString()) < 0
apollo	com.ctrip.framework.apollo.biz.entity.ReleaseHistory.getOperationContext()	53	com.ctrip.framework.apollo.biz.entity.ReleaseHistory.getOperationContext():::EXIT	this.clusterName.toString > this.branchName.toString	VALID	this.clusterName.toString().compareTo(this.branchName.toString()) > 0
apollo	com.ctrip.framework.apollo.biz.entity.ReleaseHistory.getOperationContext()	54	com.ctrip.framework.apollo.biz.entity.ReleaseHistory.getOperationContext():::EXIT	this.clusterName.toString < return.toString	VALID	this.clusterName.toString().compareTo(result.toString()) < 0
apollo	com.ctrip.framework.apollo.biz.entity.ReleaseHistory.getOperationContext()	55	com.ctrip.framework.apollo.biz.entity.ReleaseHistory.getOperationContext():::EXIT	this.namespaceName.toString < return.toString	VALID	this.namespaceName.toString().compareTo(result.toString()) < 0
apollo	com.ctrip.framework.apollo.biz.entity.ReleaseHistory.getOperationContext()	56	com.ctrip.framework.apollo.biz.entity.ReleaseHistory.getOperationContext():::EXIT	this.branchName.toString < return.toString	VALID	this.branchName.toString().compareTo(result.toString()) < 0
apollo	com.ctrip.framework.apollo.biz.entity.ReleaseHistory.getOperationContext()	57	com.ctrip.framework.apollo.biz.entity.ReleaseHistory.getOperationContext():::EXIT	this.releaseId >= this.previousReleaseId	VALID	this.releaseId >= this.previousReleaseId
apollo	com.ctrip.framework.apollo.biz.entity.ReleaseHistory.getOperationContext()	58	com.ctrip.framework.apollo.biz.entity.ReleaseHistory.getOperationContext():::EXIT	this.releaseId != this.operation	VALID	this.releaseId != this.operation
apollo	com.ctrip.framework.apollo.biz.entity.ReleaseHistory.getOperationContext()	59	com.ctrip.framework.apollo.biz.entity.ReleaseHistory.getOperationContext():::EXIT	this.releaseId < this.id	VALID	this.releaseId < this.id
apollo	com.ctrip.framework.apollo.biz.entity.ReleaseHistory.getOperationContext()	60	com.ctrip.framework.apollo.biz.entity.ReleaseHistory.getOperationContext():::EXIT	this.previousReleaseId != this.operation	VALID	this.previousReleaseId != this.operation
apollo	com.ctrip.framework.apollo.biz.entity.ReleaseHistory.getOperationContext()	61	com.ctrip.framework.apollo.biz.entity.ReleaseHistory.getOperationContext():::EXIT	this.previousReleaseId < this.id	VALID	this.previousReleaseId < this.id
apollo	com.ctrip.framework.apollo.biz.entity.ReleaseHistory.getOperationContext()	62	com.ctrip.framework.apollo.biz.entity.ReleaseHistory.getOperationContext():::EXIT	this.operation < this.id	VALID	this.operation < this.id
apollo	com.ctrip.framework.apollo.biz.entity.ReleaseHistory.getOperationContext()	63	com.ctrip.framework.apollo.biz.entity.ReleaseHistory.getOperationContext():::EXIT	this.operation > this.deletedAt	VALID	this.operation > this.deletedAt
apollo	com.ctrip.framework.apollo.biz.entity.ReleaseHistory.getOperationContext()	64	com.ctrip.framework.apollo.biz.entity.ReleaseHistory.getOperationContext():::EXIT	this.id > this.deletedAt	VALID	this.id > this.deletedAt
apollo	com.ctrip.framework.apollo.biz.entity.ReleaseHistory.getOperationContext()	65	com.ctrip.framework.apollo.biz.entity.ReleaseHistory.getOperationContext():::EXIT	this.dataChangeCreatedBy.toString < return.toString	VALID	this.dataChangeCreatedBy.toString().compareTo(result.toString()) < 0
apollo	com.ctrip.framework.apollo.biz.entity.Item.setLineNum(java.lang.Integer)	1	com.ctrip.framework.apollo.biz.entity.Item.setLineNum(java.lang.Integer):::ENTER	this.namespaceId one of { 0, 1 }	VALID	this.namespaceId == 0 || this.namespaceId == 1
apollo	com.ctrip.framework.apollo.biz.entity.Item.setLineNum(java.lang.Integer)	2	com.ctrip.framework.apollo.biz.entity.Item.setLineNum(java.lang.Integer):::ENTER	this.key != null	VALID	this.key != null
apollo	com.ctrip.framework.apollo.biz.entity.Item.setLineNum(java.lang.Integer)	3	com.ctrip.framework.apollo.biz.entity.Item.setLineNum(java.lang.Integer):::ENTER	this.deletedAt one of { 0, 1789082188065L }	VALID	this.deletedAt == 0 || this.deletedAt == 1789082188065L
apollo	com.ctrip.framework.apollo.biz.entity.Item.setLineNum(java.lang.Integer)	4	com.ctrip.framework.apollo.biz.entity.Item.setLineNum(java.lang.Integer):::ENTER	this.dataChangeCreatedBy == null	VALID	this.dataChangeCreatedBy == null
apollo	com.ctrip.framework.apollo.biz.entity.Item.setLineNum(java.lang.Integer)	5	com.ctrip.framework.apollo.biz.entity.Item.setLineNum(java.lang.Integer):::EXIT	this.namespaceId == orig(this.namespaceId)	INVALID	
apollo	com.ctrip.framework.apollo.biz.entity.Item.setLineNum(java.lang.Integer)	6	com.ctrip.framework.apollo.biz.entity.Item.setLineNum(java.lang.Integer):::EXIT	this.key == orig(this.key)	INVALID	
apollo	com.ctrip.framework.apollo.biz.entity.Item.setLineNum(java.lang.Integer)	7	com.ctrip.framework.apollo.biz.entity.Item.setLineNum(java.lang.Integer):::EXIT	this.key.toString == orig(this.key.toString)	INVALID	
apollo	com.ctrip.framework.apollo.biz.entity.Item.setLineNum(java.lang.Integer)	8	com.ctrip.framework.apollo.biz.entity.Item.setLineNum(java.lang.Integer):::EXIT	this.type == orig(this.type)	INVALID	
apollo	com.ctrip.framework.apollo.biz.entity.Item.setLineNum(java.lang.Integer)	9	com.ctrip.framework.apollo.biz.entity.Item.setLineNum(java.lang.Integer):::EXIT	this.value == orig(this.value)	INVALID	
apollo	com.ctrip.framework.apollo.biz.entity.Item.setLineNum(java.lang.Integer)	10	com.ctrip.framework.apollo.biz.entity.Item.setLineNum(java.lang.Integer):::EXIT	this.value.toString == orig(this.value.toString)	INVALID	
apollo	com.ctrip.framework.apollo.biz.entity.Item.setLineNum(java.lang.Integer)	11	com.ctrip.framework.apollo.biz.entity.Item.setLineNum(java.lang.Integer):::EXIT	this.comment == orig(this.comment)	INVALID	
apollo	com.ctrip.framework.apollo.biz.entity.Item.setLineNum(java.lang.Integer)	12	com.ctrip.framework.apollo.biz.entity.Item.setLineNum(java.lang.Integer):::EXIT	this.comment.toString == orig(this.comment.toString)	INVALID	
apollo	com.ctrip.framework.apollo.biz.entity.Item.setLineNum(java.lang.Integer)	13	com.ctrip.framework.apollo.biz.entity.Item.setLineNum(java.lang.Integer):::EXIT	this.lineNum == orig(lineNum)	INVALID	
apollo	com.ctrip.framework.apollo.biz.entity.Item.setLineNum(java.lang.Integer)	14	com.ctrip.framework.apollo.biz.entity.Item.setLineNum(java.lang.Integer):::EXIT	this.id == orig(this.id)	INVALID	
apollo	com.ctrip.framework.apollo.biz.entity.Item.setLineNum(java.lang.Integer)	15	com.ctrip.framework.apollo.biz.entity.Item.setLineNum(java.lang.Integer):::EXIT	this.isDeleted == orig(this.isDeleted)	INVALID	
apollo	com.ctrip.framework.apollo.biz.entity.Item.setLineNum(java.lang.Integer)	16	com.ctrip.framework.apollo.biz.entity.Item.setLineNum(java.lang.Integer):::EXIT	this.deletedAt == orig(this.deletedAt)	INVALID	
apollo	com.ctrip.framework.apollo.biz.entity.Item.setLineNum(java.lang.Integer)	17	com.ctrip.framework.apollo.biz.entity.Item.setLineNum(java.lang.Integer):::EXIT	this.dataChangeCreatedBy == orig(this.dataChangeCreatedBy)	INVALID	
apollo	com.ctrip.framework.apollo.biz.entity.Item.setLineNum(java.lang.Integer)	18	com.ctrip.framework.apollo.biz.entity.Item.setLineNum(java.lang.Integer):::EXIT	this.dataChangeCreatedBy == orig(this.dataChangeLastModifiedBy)	INVALID	
apollo	com.ctrip.framework.apollo.biz.entity.Item.setLineNum(java.lang.Integer)	19	com.ctrip.framework.apollo.biz.entity.Item.setLineNum(java.lang.Integer):::EXIT	this.dataChangeCreatedTime == orig(this.dataChangeCreatedTime)	INVALID	
apollo	com.ctrip.framework.apollo.biz.entity.Item.setLineNum(java.lang.Integer)	20	com.ctrip.framework.apollo.biz.entity.Item.setLineNum(java.lang.Integer):::EXIT	this.dataChangeLastModifiedTime == orig(this.dataChangeLastModifiedTime)	INVALID	
apollo	com.ctrip.framework.apollo.biz.entity.Item.setLineNum(java.lang.Integer)	21	com.ctrip.framework.apollo.biz.entity.Item.setLineNum(java.lang.Integer):::EXIT	this.namespaceId one of { 0, 1 }	VALID	this.namespaceId == 0 || this.namespaceId == 1
apollo	com.ctrip.framework.apollo.biz.entity.Item.setLineNum(java.lang.Integer)	22	com.ctrip.framework.apollo.biz.entity.Item.setLineNum(java.lang.Integer):::EXIT	this.key != null	VALID	this.key != null
apollo	com.ctrip.framework.apollo.biz.entity.Item.setLineNum(java.lang.Integer)	23	com.ctrip.framework.apollo.biz.entity.Item.setLineNum(java.lang.Integer):::EXIT	this.deletedAt one of { 0, 1789082188065L }	VALID	this.deletedAt == 0 || this.deletedAt == 1789082188065L
apollo	com.ctrip.framework.apollo.biz.entity.Item.setLineNum(java.lang.Integer)	24	com.ctrip.framework.apollo.biz.entity.Item.setLineNum(java.lang.Integer):::EXIT	this.dataChangeCreatedBy == null	VALID	this.dataChangeCreatedBy == null
apollo	com.ctrip.framework.apollo.biz.service.ItemService.checkItemKeyLength(java.lang.String)	1	com.ctrip.framework.apollo.biz.service.ItemService.checkItemKeyLength(java.lang.String):::ENTER	com.ctrip.framework.apollo.biz.service.AppNamespaceService.logger.getClass().getName() == com.ctrip.framework.apollo.common.config.RefreshableConfig.logger.getClass().getName()	INVALID	
apollo	com.ctrip.framework.apollo.biz.service.ItemService.checkItemKeyLength(java.lang.String)	2	com.ctrip.framework.apollo.biz.service.ItemService.checkItemKeyLength(java.lang.String):::ENTER	com.ctrip.framework.apollo.biz.service.ReleaseService.OPERATION_CONTEXT_TYPE_REFERENCE.getClass().getName() == com.ctrip.framework.apollo.biz.config.BizConfig.namespaceValueLengthOverrideTypeReference.getClass().getName()	INVALID	
apollo	com.ctrip.framework.apollo.biz.service.ItemService.checkItemKeyLength(java.lang.String)	3	com.ctrip.framework.apollo.biz.service.ItemService.checkItemKeyLength(java.lang.String):::ENTER	com.ctrip.framework.apollo.biz.service.ReleaseService.OPERATION_CONTEXT_TYPE_REFERENCE.getClass().getName() == com.ctrip.framework.apollo.biz.config.BizConfig.releaseHistoryRetentionSizeOverrideTypeReference.getClass().getName()	INVALID	
apollo	com.ctrip.framework.apollo.biz.service.ItemService.checkItemKeyLength(java.lang.String)	4	com.ctrip.framework.apollo.biz.service.ItemService.checkItemKeyLength(java.lang.String):::ENTER	this.itemRepository.getClass().getName() == jdk.proxy2.$Proxy258.class	VALID	"""jdk.proxy2.$Proxy258"".equals(this.itemRepository.getClass().getName())"
apollo	com.ctrip.framework.apollo.biz.service.ItemService.checkItemKeyLength(java.lang.String)	5	com.ctrip.framework.apollo.biz.service.ItemService.checkItemKeyLength(java.lang.String):::ENTER	this.bizConfig.propertySource.serverConfigRepository has only one value	INVALID	
apollo	com.ctrip.framework.apollo.biz.service.ItemService.checkItemKeyLength(java.lang.String)	6	com.ctrip.framework.apollo.biz.service.ItemService.checkItemKeyLength(java.lang.String):::ENTER	this.bizConfig.propertySource.dataSource has only one value	INVALID	
apollo	com.ctrip.framework.apollo.biz.service.ItemService.checkItemKeyLength(java.lang.String)	7	com.ctrip.framework.apollo.biz.service.ItemService.checkItemKeyLength(java.lang.String):::ENTER	this.bizConfig.propertySource.env has only one value	INVALID	
apollo	com.ctrip.framework.apollo.biz.service.ItemService.checkItemKeyLength(java.lang.String)	8	com.ctrip.framework.apollo.biz.service.ItemService.checkItemKeyLength(java.lang.String):::ENTER	this.bizConfig.propertySources[] contains no nulls and has only one value, of length 1	INVALID	
apollo	com.ctrip.framework.apollo.biz.service.ItemService.checkItemKeyLength(java.lang.String)	9	com.ctrip.framework.apollo.biz.service.ItemService.checkItemKeyLength(java.lang.String):::ENTER	this.bizConfig.propertySources[] elements has only one value	INVALID	
apollo	com.ctrip.framework.apollo.biz.service.ItemService.checkItemKeyLength(java.lang.String)	10	com.ctrip.framework.apollo.biz.service.ItemService.checkItemKeyLength(java.lang.String):::ENTER	"key.toString one of { ""k3"", ""k6"", ""k7"" }"	VALID	"""k3"".equals(key.toString()) || ""k6"".equals(key.toString()) || ""k7"".equals(key.toString())"
apollo	com.ctrip.framework.apollo.biz.service.ItemService.checkItemKeyLength(java.lang.String)	11	com.ctrip.framework.apollo.biz.service.ItemService.checkItemKeyLength(java.lang.String):::ENTER	com.ctrip.framework.apollo.common.config.RefreshableConfig.LIST_SEPARATOR.toString < key.toString	INVALID	
apollo	com.ctrip.framework.apollo.biz.service.ItemService.checkItemKeyLength(java.lang.String)	12	com.ctrip.framework.apollo.biz.service.ItemService.checkItemKeyLength(java.lang.String):::EXIT	com.ctrip.framework.apollo.biz.service.ItemService.clusterPattern == orig(com.ctrip.framework.apollo.biz.service.ItemService.clusterPattern)	INVALID	
apollo	com.ctrip.framework.apollo.biz.service.ItemService.checkItemKeyLength(java.lang.String)	13	com.ctrip.framework.apollo.biz.service.ItemService.checkItemKeyLength(java.lang.String):::EXIT	this.itemRepository == orig(this.itemRepository)	INVALID	
apollo	com.ctrip.framework.apollo.biz.service.ItemService.checkItemKeyLength(java.lang.String)	14	com.ctrip.framework.apollo.biz.service.ItemService.checkItemKeyLength(java.lang.String):::EXIT	this.itemRepository.getClass().getName() == orig(this.itemRepository.getClass().getName())	INVALID	
apollo	com.ctrip.framework.apollo.biz.service.ItemService.checkItemKeyLength(java.lang.String)	15	com.ctrip.framework.apollo.biz.service.ItemService.checkItemKeyLength(java.lang.String):::EXIT	this.namespaceService == orig(this.namespaceService)	INVALID	
apollo	com.ctrip.framework.apollo.biz.service.ItemService.checkItemKeyLength(java.lang.String)	16	com.ctrip.framework.apollo.biz.service.ItemService.checkItemKeyLength(java.lang.String):::EXIT	com.ctrip.framework.apollo.biz.service.NamespaceService.GSON == orig(com.ctrip.framework.apollo.biz.service.NamespaceService.GSON)	INVALID	
apollo	com.ctrip.framework.apollo.biz.service.ItemService.checkItemKeyLength(java.lang.String)	17	com.ctrip.framework.apollo.biz.service.ItemService.checkItemKeyLength(java.lang.String):::EXIT	this.namespaceService.namespaceRepository == orig(this.namespaceService.namespaceRepository)	INVALID	
apollo	com.ctrip.framework.apollo.biz.service.ItemService.checkItemKeyLength(java.lang.String)	18	com.ctrip.framework.apollo.biz.service.ItemService.checkItemKeyLength(java.lang.String):::EXIT	this.namespaceService.auditService == orig(this.namespaceService.auditService)	INVALID	
apollo	com.ctrip.framework.apollo.biz.service.ItemService.checkItemKeyLength(java.lang.String)	19	com.ctrip.framework.apollo.biz.service.ItemService.checkItemKeyLength(java.lang.String):::EXIT	this.namespaceService.appNamespaceService == orig(this.namespaceService.appNamespaceService)	INVALID	
apollo	com.ctrip.framework.apollo.biz.service.ItemService.checkItemKeyLength(java.lang.String)	20	com.ctrip.framework.apollo.biz.service.ItemService.checkItemKeyLength(java.lang.String):::EXIT	com.ctrip.framework.apollo.biz.service.AppNamespaceService.logger == orig(com.ctrip.framework.apollo.biz.service.AppNamespaceService.logger)	INVALID	
apollo	com.ctrip.framework.apollo.biz.service.ItemService.checkItemKeyLength(java.lang.String)	21	com.ctrip.framework.apollo.biz.service.ItemService.checkItemKeyLength(java.lang.String):::EXIT	com.ctrip.framework.apollo.biz.service.AppNamespaceService.logger.getClass().getName() == com.ctrip.framework.apollo.common.config.RefreshableConfig.logger.getClass().getName()	INVALID	
apollo	com.ctrip.framework.apollo.biz.service.ItemService.checkItemKeyLength(java.lang.String)	22	com.ctrip.framework.apollo.biz.service.ItemService.checkItemKeyLength(java.lang.String):::EXIT	com.ctrip.framework.apollo.biz.service.AppNamespaceService.logger.getClass().getName() == orig(com.ctrip.framework.apollo.biz.service.AppNamespaceService.logger.getClass().getName())	INVALID	
apollo	com.ctrip.framework.apollo.biz.service.ItemService.checkItemKeyLength(java.lang.String)	23	com.ctrip.framework.apollo.biz.service.ItemService.checkItemKeyLength(java.lang.String):::EXIT	com.ctrip.framework.apollo.biz.service.AppNamespaceService.logger.getClass().getName() == orig(com.ctrip.framework.apollo.biz.service.ReleaseHistoryService.logger.getClass().getName())	INVALID	
apollo	com.ctrip.framework.apollo.biz.service.ItemService.checkItemKeyLength(java.lang.String)	24	com.ctrip.framework.apollo.biz.service.ItemService.checkItemKeyLength(java.lang.String):::EXIT	com.ctrip.framework.apollo.biz.service.AppNamespaceService.logger.getClass().getName() == orig(com.ctrip.framework.apollo.biz.config.BizConfig.logger.getClass().getName())	INVALID	
apollo	com.ctrip.framework.apollo.biz.service.ItemService.checkItemKeyLength(java.lang.String)	25	com.ctrip.framework.apollo.biz.service.ItemService.checkItemKeyLength(java.lang.String):::EXIT	com.ctrip.framework.apollo.biz.service.AppNamespaceService.logger.getClass().getName() == orig(com.ctrip.framework.apollo.common.config.RefreshableConfig.logger.getClass().getName())	INVALID	
apollo	com.ctrip.framework.apollo.biz.service.ItemService.checkItemKeyLength(java.lang.String)	26	com.ctrip.framework.apollo.biz.service.ItemService.checkItemKeyLength(java.lang.String):::EXIT	com.ctrip.framework.apollo.biz.service.AppNamespaceService.logger.getClass().getName() == orig(com.ctrip.framework.apollo.biz.service.BizDBPropertySource.logger.getClass().getName())	INVALID	
apollo	com.ctrip.framework.apollo.biz.service.ItemService.checkItemKeyLength(java.lang.String)	27	com.ctrip.framework.apollo.biz.service.ItemService.checkItemKeyLength(java.lang.String):::EXIT	this.namespaceService.itemService == orig(this.namespaceService.itemService)	INVALID	
apollo	com.ctrip.framework.apollo.biz.service.ItemService.checkItemKeyLength(java.lang.String)	28	com.ctrip.framework.apollo.biz.service.ItemService.checkItemKeyLength(java.lang.String):::EXIT	this.namespaceService.commitService == orig(this.namespaceService.commitService)	INVALID	
apollo	com.ctrip.framework.apollo.biz.service.ItemService.checkItemKeyLength(java.lang.String)	29	com.ctrip.framework.apollo.biz.service.ItemService.checkItemKeyLength(java.lang.String):::EXIT	this.namespaceService.releaseService == orig(this.namespaceService.releaseService)	INVALID	
apollo	com.ctrip.framework.apollo.biz.service.ItemService.checkItemKeyLength(java.lang.String)	30	com.ctrip.framework.apollo.biz.service.ItemService.checkItemKeyLength(java.lang.String):::EXIT	com.ctrip.framework.apollo.biz.service.ReleaseService.TIMESTAMP_FORMAT == orig(com.ctrip.framework.apollo.biz.service.ReleaseService.TIMESTAMP_FORMAT)	INVALID	
apollo	com.ctrip.framework.apollo.biz.service.ItemService.checkItemKeyLength(java.lang.String)	31	com.ctrip.framework.apollo.biz.service.ItemService.checkItemKeyLength(java.lang.String):::EXIT	com.ctrip.framework.apollo.biz.service.ReleaseService.GSON == orig(com.ctrip.framework.apollo.biz.service.ReleaseService.GSON)	INVALID	
apollo	com.ctrip.framework.apollo.biz.service.ItemService.checkItemKeyLength(java.lang.String)	32	com.ctrip.framework.apollo.biz.service.ItemService.checkItemKeyLength(java.lang.String):::EXIT	com.ctrip.framework.apollo.biz.service.ReleaseService.BRANCH_RELEASE_OPERATIONS == orig(com.ctrip.framework.apollo.biz.service.ReleaseService.BRANCH_RELEASE_OPERATIONS)	INVALID	
apollo	com.ctrip.framework.apollo.biz.service.ItemService.checkItemKeyLength(java.lang.String)	33	com.ctrip.framework.apollo.biz.service.ItemService.checkItemKeyLength(java.lang.String):::EXIT	com.ctrip.framework.apollo.biz.service.ReleaseService.BRANCH_RELEASE_OPERATIONS.getClass().getName() == orig(com.ctrip.framework.apollo.biz.service.ReleaseService.BRANCH_RELEASE_OPERATIONS.getClass().getName())	INVALID	
apollo	com.ctrip.framework.apollo.biz.service.ItemService.checkItemKeyLength(java.lang.String)	34	com.ctrip.framework.apollo.biz.service.ItemService.checkItemKeyLength(java.lang.String):::EXIT	com.ctrip.framework.apollo.biz.service.ReleaseService.FIRST_ITEM == orig(com.ctrip.framework.apollo.biz.service.ReleaseService.FIRST_ITEM)	INVALID	
apollo	com.ctrip.framework.apollo.biz.service.ItemService.checkItemKeyLength(java.lang.String)	35	com.ctrip.framework.apollo.biz.service.ItemService.checkItemKeyLength(java.lang.String):::EXIT	com.ctrip.framework.apollo.biz.service.ReleaseService.FIRST_ITEM.getClass().getName() == orig(com.ctrip.framework.apollo.biz.service.ReleaseService.FIRST_ITEM.getClass().getName())	INVALID	
apollo	com.ctrip.framework.apollo.biz.service.ItemService.checkItemKeyLength(java.lang.String)	36	com.ctrip.framework.apollo.biz.service.ItemService.checkItemKeyLength(java.lang.String):::EXIT	com.ctrip.framework.apollo.biz.service.ReleaseService.OPERATION_CONTEXT_TYPE_REFERENCE == orig(com.ctrip.framework.apollo.biz.service.ReleaseService.OPERATION_CONTEXT_TYPE_REFERENCE)	INVALID	
apollo	com.ctrip.framework.apollo.biz.service.ItemService.checkItemKeyLength(java.lang.String)	37	com.ctrip.framework.apollo.biz.service.ItemService.checkItemKeyLength(java.lang.String):::EXIT	com.ctrip.framework.apollo.biz.service.ReleaseService.OPERATION_CONTEXT_TYPE_REFERENCE.getClass().getName() == com.ctrip.framework.apollo.biz.config.BizConfig.namespaceValueLengthOverrideTypeReference.getClass().getName()	INVALID	
apollo	com.ctrip.framework.apollo.biz.service.ItemService.checkItemKeyLength(java.lang.String)	38	com.ctrip.framework.apollo.biz.service.ItemService.checkItemKeyLength(java.lang.String):::EXIT	com.ctrip.framework.apollo.biz.service.ReleaseService.OPERATION_CONTEXT_TYPE_REFERENCE.getClass().getName() == com.ctrip.framework.apollo.biz.config.BizConfig.releaseHistoryRetentionSizeOverrideTypeReference.getClass().getName()	INVALID	
apollo	com.ctrip.framework.apollo.biz.service.ItemService.checkItemKeyLength(java.lang.String)	39	com.ctrip.framework.apollo.biz.service.ItemService.checkItemKeyLength(java.lang.String):::EXIT	com.ctrip.framework.apollo.biz.service.ReleaseService.OPERATION_CONTEXT_TYPE_REFERENCE.getClass().getName() == orig(com.ctrip.framework.apollo.biz.service.ReleaseService.OPERATION_CONTEXT_TYPE_REFERENCE.getClass().getName())	INVALID	
apollo	com.ctrip.framework.apollo.biz.service.ItemService.checkItemKeyLength(java.lang.String)	40	com.ctrip.framework.apollo.biz.service.ItemService.checkItemKeyLength(java.lang.String):::EXIT	com.ctrip.framework.apollo.biz.service.ReleaseService.OPERATION_CONTEXT_TYPE_REFERENCE.getClass().getName() == orig(com.ctrip.framework.apollo.biz.config.BizConfig.appIdValueLengthOverrideTypeReference.getClass().getName())	INVALID	
apollo	com.ctrip.framework.apollo.biz.service.ItemService.checkItemKeyLength(java.lang.String)	41	com.ctrip.framework.apollo.biz.service.ItemService.checkItemKeyLength(java.lang.String):::EXIT	com.ctrip.framework.apollo.biz.service.ReleaseService.OPERATION_CONTEXT_TYPE_REFERENCE.getClass().getName() == orig(com.ctrip.framework.apollo.biz.config.BizConfig.namespaceValueLengthOverrideTypeReference.getClass().getName())	INVALID	
apollo	com.ctrip.framework.apollo.biz.service.ItemService.checkItemKeyLength(java.lang.String)	42	com.ctrip.framework.apollo.biz.service.ItemService.checkItemKeyLength(java.lang.String):::EXIT	com.ctrip.framework.apollo.biz.service.ReleaseService.OPERATION_CONTEXT_TYPE_REFERENCE.getClass().getName() == orig(com.ctrip.framework.apollo.biz.config.BizConfig.releaseHistoryRetentionSizeOverrideTypeReference.getClass().getName())	INVALID	
apollo	com.ctrip.framework.apollo.biz.service.ItemService.checkItemKeyLength(java.lang.String)	43	com.ctrip.framework.apollo.biz.service.ItemService.checkItemKeyLength(java.lang.String):::EXIT	this.namespaceService.clusterService == orig(this.namespaceService.clusterService)	INVALID	
apollo	com.ctrip.framework.apollo.biz.service.ItemService.checkItemKeyLength(java.lang.String)	44	com.ctrip.framework.apollo.biz.service.ItemService.checkItemKeyLength(java.lang.String):::EXIT	this.namespaceService.namespaceBranchService == orig(this.namespaceService.namespaceBranchService)	INVALID	
apollo	com.ctrip.framework.apollo.biz.service.ItemService.checkItemKeyLength(java.lang.String)	45	com.ctrip.framework.apollo.biz.service.ItemService.checkItemKeyLength(java.lang.String):::EXIT	this.namespaceService.releaseHistoryService == orig(this.namespaceService.releaseHistoryService)	INVALID	
apollo	com.ctrip.framework.apollo.biz.service.ItemService.checkItemKeyLength(java.lang.String)	46	com.ctrip.framework.apollo.biz.service.ItemService.checkItemKeyLength(java.lang.String):::EXIT	com.ctrip.framework.apollo.biz.service.ReleaseHistoryService.logger == orig(com.ctrip.framework.apollo.biz.service.ReleaseHistoryService.logger)	INVALID	
apollo	com.ctrip.framework.apollo.biz.service.ItemService.checkItemKeyLength(java.lang.String)	47	com.ctrip.framework.apollo.biz.service.ItemService.checkItemKeyLength(java.lang.String):::EXIT	com.ctrip.framework.apollo.biz.service.ReleaseHistoryService.GSON == orig(com.ctrip.framework.apollo.biz.service.ReleaseHistoryService.GSON)	INVALID	
apollo	com.ctrip.framework.apollo.biz.service.ItemService.checkItemKeyLength(java.lang.String)	48	com.ctrip.framework.apollo.biz.service.ItemService.checkItemKeyLength(java.lang.String):::EXIT	this.namespaceService.namespaceLockService == orig(this.namespaceService.namespaceLockService)	INVALID	
apollo	com.ctrip.framework.apollo.biz.service.ItemService.checkItemKeyLength(java.lang.String)	49	com.ctrip.framework.apollo.biz.service.ItemService.checkItemKeyLength(java.lang.String):::EXIT	this.namespaceService.instanceService == orig(this.namespaceService.instanceService)	INVALID	
apollo	com.ctrip.framework.apollo.biz.service.ItemService.checkItemKeyLength(java.lang.String)	50	com.ctrip.framework.apollo.biz.service.ItemService.checkItemKeyLength(java.lang.String):::EXIT	this.namespaceService.messageSender == orig(this.namespaceService.messageSender)	INVALID	
apollo	com.ctrip.framework.apollo.biz.service.ItemService.checkItemKeyLength(java.lang.String)	51	com.ctrip.framework.apollo.biz.service.ItemService.checkItemKeyLength(java.lang.String):::EXIT	this.namespaceService.bizConfig == orig(this.namespaceService.bizConfig)	INVALID	
apollo	com.ctrip.framework.apollo.biz.service.ItemService.checkItemKeyLength(java.lang.String)	52	com.ctrip.framework.apollo.biz.service.ItemService.checkItemKeyLength(java.lang.String):::EXIT	com.ctrip.framework.apollo.biz.config.BizConfig.logger == orig(com.ctrip.framework.apollo.biz.config.BizConfig.logger)	INVALID	
apollo	com.ctrip.framework.apollo.biz.service.ItemService.checkItemKeyLength(java.lang.String)	53	com.ctrip.framework.apollo.biz.service.ItemService.checkItemKeyLength(java.lang.String):::EXIT	com.ctrip.framework.apollo.biz.config.BizConfig.GSON == orig(com.ctrip.framework.apollo.biz.config.BizConfig.GSON)	INVALID	
apollo	com.ctrip.framework.apollo.biz.service.ItemService.checkItemKeyLength(java.lang.String)	54	com.ctrip.framework.apollo.biz.service.ItemService.checkItemKeyLength(java.lang.String):::EXIT	com.ctrip.framework.apollo.biz.config.BizConfig.INTERVAL_TIME_UNIT == orig(com.ctrip.framework.apollo.biz.config.BizConfig.INTERVAL_TIME_UNIT)	INVALID	
apollo	com.ctrip.framework.apollo.biz.service.ItemService.checkItemKeyLength(java.lang.String)	55	com.ctrip.framework.apollo.biz.service.ItemService.checkItemKeyLength(java.lang.String):::EXIT	com.ctrip.framework.apollo.biz.config.BizConfig.appIdValueLengthOverrideTypeReference == orig(com.ctrip.framework.apollo.biz.config.BizConfig.appIdValueLengthOverrideTypeReference)	INVALID	
apollo	com.ctrip.framework.apollo.biz.service.ItemService.checkItemKeyLength(java.lang.String)	56	com.ctrip.framework.apollo.biz.service.ItemService.checkItemKeyLength(java.lang.String):::EXIT	com.ctrip.framework.apollo.biz.config.BizConfig.namespaceValueLengthOverrideTypeReference == orig(com.ctrip.framework.apollo.biz.config.BizConfig.namespaceValueLengthOverrideTypeReference)	INVALID	
apollo	com.ctrip.framework.apollo.biz.service.ItemService.checkItemKeyLength(java.lang.String)	57	com.ctrip.framework.apollo.biz.service.ItemService.checkItemKeyLength(java.lang.String):::EXIT	com.ctrip.framework.apollo.biz.config.BizConfig.releaseHistoryRetentionSizeOverrideTypeReference == orig(com.ctrip.framework.apollo.biz.config.BizConfig.releaseHistoryRetentionSizeOverrideTypeReference)	INVALID	
apollo	com.ctrip.framework.apollo.biz.service.ItemService.checkItemKeyLength(java.lang.String)	58	com.ctrip.framework.apollo.biz.service.ItemService.checkItemKeyLength(java.lang.String):::EXIT	com.ctrip.framework.apollo.common.config.RefreshableConfig.logger == orig(com.ctrip.framework.apollo.common.config.RefreshableConfig.logger)	INVALID	
apollo	com.ctrip.framework.apollo.biz.service.ItemService.checkItemKeyLength(java.lang.String)	59	com.ctrip.framework.apollo.biz.service.ItemService.checkItemKeyLength(java.lang.String):::EXIT	com.ctrip.framework.apollo.common.config.RefreshableConfig.LIST_SEPARATOR == orig(com.ctrip.framework.apollo.common.config.RefreshableConfig.LIST_SEPARATOR)	INVALID	
apollo	com.ctrip.framework.apollo.biz.service.ItemService.checkItemKeyLength(java.lang.String)	60	com.ctrip.framework.apollo.biz.service.ItemService.checkItemKeyLength(java.lang.String):::EXIT	com.ctrip.framework.apollo.common.config.RefreshableConfig.LIST_SEPARATOR.toString == orig(com.ctrip.framework.apollo.common.config.RefreshableConfig.LIST_SEPARATOR.toString)	INVALID	
apollo	com.ctrip.framework.apollo.biz.service.ItemService.checkItemKeyLength(java.lang.String)	61	com.ctrip.framework.apollo.biz.service.ItemService.checkItemKeyLength(java.lang.String):::EXIT	com.ctrip.framework.apollo.common.config.RefreshableConfig.EMPTY_STRING_ARRAY == orig(com.ctrip.framework.apollo.common.config.RefreshableConfig.EMPTY_STRING_ARRAY)	INVALID	
apollo	com.ctrip.framework.apollo.biz.service.ItemService.checkItemKeyLength(java.lang.String)	62	com.ctrip.framework.apollo.biz.service.ItemService.checkItemKeyLength(java.lang.String):::EXIT	com.ctrip.framework.apollo.common.config.RefreshableConfig.EMPTY_STRING_ARRAY.getClass().getName() == orig(com.ctrip.framework.apollo.common.config.RefreshableConfig.EMPTY_STRING_ARRAY.getClass().getName())	INVALID	
apollo	com.ctrip.framework.apollo.biz.service.ItemService.checkItemKeyLength(java.lang.String)	63	com.ctrip.framework.apollo.biz.service.ItemService.checkItemKeyLength(java.lang.String):::EXIT	com.ctrip.framework.apollo.common.config.RefreshableConfig.EMPTY_STRING_ARRAY[] == orig(com.ctrip.framework.apollo.common.config.RefreshableConfig.EMPTY_STRING_ARRAY[])	INVALID	
apollo	com.ctrip.framework.apollo.biz.service.ItemService.checkItemKeyLength(java.lang.String)	64	com.ctrip.framework.apollo.biz.service.ItemService.checkItemKeyLength(java.lang.String):::EXIT	this.auditService == orig(this.auditService)	INVALID	
apollo	com.ctrip.framework.apollo.biz.service.ItemService.checkItemKeyLength(java.lang.String)	65	com.ctrip.framework.apollo.biz.service.ItemService.checkItemKeyLength(java.lang.String):::EXIT	this.auditService.auditRepository == orig(this.auditService.auditRepository)	INVALID	
apollo	com.ctrip.framework.apollo.biz.service.ItemService.checkItemKeyLength(java.lang.String)	66	com.ctrip.framework.apollo.biz.service.ItemService.checkItemKeyLength(java.lang.String):::EXIT	this.bizConfig == orig(this.bizConfig)	INVALID	
apollo	com.ctrip.framework.apollo.biz.service.ItemService.checkItemKeyLength(java.lang.String)	67	com.ctrip.framework.apollo.biz.service.ItemService.checkItemKeyLength(java.lang.String):::EXIT	this.bizConfig.propertySource == orig(this.bizConfig.propertySource)	INVALID	
apollo	com.ctrip.framework.apollo.biz.service.ItemService.checkItemKeyLength(java.lang.String)	68	com.ctrip.framework.apollo.biz.service.ItemService.checkItemKeyLength(java.lang.String):::EXIT	com.ctrip.framework.apollo.biz.service.BizDBPropertySource.logger == orig(com.ctrip.framework.apollo.biz.service.BizDBPropertySource.logger)	INVALID	
apollo	com.ctrip.framework.apollo.biz.service.ItemService.checkItemKeyLength(java.lang.String)	69	com.ctrip.framework.apollo.biz.service.ItemService.checkItemKeyLength(java.lang.String):::EXIT	this.bizConfig.propertySource.serverConfigRepository == orig(this.bizConfig.propertySource.serverConfigRepository)	INVALID	
apollo	com.ctrip.framework.apollo.biz.service.ItemService.checkItemKeyLength(java.lang.String)	70	com.ctrip.framework.apollo.biz.service.ItemService.checkItemKeyLength(java.lang.String):::EXIT	this.bizConfig.propertySource.serverConfigRepository.getClass().getName() == orig(this.bizConfig.propertySource.serverConfigRepository.getClass().getName())	INVALID	
apollo	com.ctrip.framework.apollo.biz.service.ItemService.checkItemKeyLength(java.lang.String)	71	com.ctrip.framework.apollo.biz.service.ItemService.checkItemKeyLength(java.lang.String):::EXIT	this.bizConfig.propertySource.dataSource == orig(this.bizConfig.propertySource.dataSource)	INVALID	
apollo	com.ctrip.framework.apollo.biz.service.ItemService.checkItemKeyLength(java.lang.String)	72	com.ctrip.framework.apollo.biz.service.ItemService.checkItemKeyLength(java.lang.String):::EXIT	this.bizConfig.propertySource.dataSource.getClass().getName() == orig(this.bizConfig.propertySource.dataSource.getClass().getName())	INVALID	
apollo	com.ctrip.framework.apollo.biz.service.ItemService.checkItemKeyLength(java.lang.String)	73	com.ctrip.framework.apollo.biz.service.ItemService.checkItemKeyLength(java.lang.String):::EXIT	this.bizConfig.propertySource.env == orig(this.bizConfig.propertySource.env)	INVALID	
apollo	com.ctrip.framework.apollo.biz.service.ItemService.checkItemKeyLength(java.lang.String)	74	com.ctrip.framework.apollo.biz.service.ItemService.checkItemKeyLength(java.lang.String):::EXIT	this.bizConfig.splitter == orig(this.bizConfig.splitter)	INVALID	
apollo	com.ctrip.framework.apollo.biz.service.ItemService.checkItemKeyLength(java.lang.String)	75	com.ctrip.framework.apollo.biz.service.ItemService.checkItemKeyLength(java.lang.String):::EXIT	this.bizConfig.environment == orig(this.bizConfig.environment)	INVALID	
apollo	com.ctrip.framework.apollo.biz.service.ItemService.checkItemKeyLength(java.lang.String)	76	com.ctrip.framework.apollo.biz.service.ItemService.checkItemKeyLength(java.lang.String):::EXIT	this.bizConfig.environment.getClass().getName() == orig(this.bizConfig.propertySource.env.getClass().getName())	INVALID	
apollo	com.ctrip.framework.apollo.biz.service.ItemService.checkItemKeyLength(java.lang.String)	77	com.ctrip.framework.apollo.biz.service.ItemService.checkItemKeyLength(java.lang.String):::EXIT	this.bizConfig.environment.getClass().getName() == orig(this.bizConfig.environment.getClass().getName())	INVALID	
apollo	com.ctrip.framework.apollo.biz.service.ItemService.checkItemKeyLength(java.lang.String)	78	com.ctrip.framework.apollo.biz.service.ItemService.checkItemKeyLength(java.lang.String):::EXIT	this.bizConfig.propertySources == orig(this.bizConfig.propertySources)	INVALID	
apollo	com.ctrip.framework.apollo.biz.service.ItemService.checkItemKeyLength(java.lang.String)	79	com.ctrip.framework.apollo.biz.service.ItemService.checkItemKeyLength(java.lang.String):::EXIT	this.bizConfig.propertySources[] == orig(this.bizConfig.propertySources[])	INVALID	
apollo	com.ctrip.framework.apollo.biz.service.ItemService.checkItemKeyLength(java.lang.String)	80	com.ctrip.framework.apollo.biz.service.ItemService.checkItemKeyLength(java.lang.String):::EXIT	this.bizConfig.propertySources.getClass().getName() == orig(this.bizConfig.propertySources.getClass().getName())	INVALID	
apollo	com.ctrip.framework.apollo.biz.service.ItemService.checkItemKeyLength(java.lang.String)	81	com.ctrip.framework.apollo.biz.service.ItemService.checkItemKeyLength(java.lang.String):::EXIT	this.bizConfig.executorService == orig(this.bizConfig.executorService)	INVALID	
apollo	com.ctrip.framework.apollo.biz.service.ItemService.checkItemKeyLength(java.lang.String)	82	com.ctrip.framework.apollo.biz.service.ItemService.checkItemKeyLength(java.lang.String):::EXIT	this.bizConfig.executorService.getClass().getName() == orig(this.bizConfig.executorService.getClass().getName())	INVALID	
apollo	com.ctrip.framework.apollo.biz.service.ItemService.checkItemKeyLength(java.lang.String)	83	com.ctrip.framework.apollo.biz.service.ItemService.checkItemKeyLength(java.lang.String):::EXIT	key.toString == orig(key.toString)	INVALID	
apollo	com.ctrip.framework.apollo.biz.service.ItemService.checkItemKeyLength(java.lang.String)	84	com.ctrip.framework.apollo.biz.service.ItemService.checkItemKeyLength(java.lang.String):::EXIT	this.itemRepository.getClass().getName() == jdk.proxy2.$Proxy258.class	VALID	"""jdk.proxy2.$Proxy258"".equals(this.itemRepository.getClass().getName())"
apollo	com.ctrip.framework.apollo.biz.service.ItemService.checkItemKeyLength(java.lang.String)	85	com.ctrip.framework.apollo.biz.service.ItemService.checkItemKeyLength(java.lang.String):::EXIT	this.bizConfig.propertySource.serverConfigRepository has only one value	INVALID	
apollo	com.ctrip.framework.apollo.biz.service.ItemService.checkItemKeyLength(java.lang.String)	86	com.ctrip.framework.apollo.biz.service.ItemService.checkItemKeyLength(java.lang.String):::EXIT	this.bizConfig.propertySource.dataSource has only one value	INVALID	
apollo	com.ctrip.framework.apollo.biz.service.ItemService.checkItemKeyLength(java.lang.String)	87	com.ctrip.framework.apollo.biz.service.ItemService.checkItemKeyLength(java.lang.String):::EXIT	this.bizConfig.propertySource.env has only one value	INVALID	
apollo	com.ctrip.framework.apollo.biz.service.ItemService.checkItemKeyLength(java.lang.String)	88	com.ctrip.framework.apollo.biz.service.ItemService.checkItemKeyLength(java.lang.String):::EXIT	this.bizConfig.propertySources[] contains no nulls and has only one value, of length 1	INVALID	
apollo	com.ctrip.framework.apollo.biz.service.ItemService.checkItemKeyLength(java.lang.String)	89	com.ctrip.framework.apollo.biz.service.ItemService.checkItemKeyLength(java.lang.String):::EXIT	this.bizConfig.propertySources[] elements has only one value	INVALID	
apollo	com.ctrip.framework.apollo.biz.service.ItemService.checkItemKeyLength(java.lang.String)	90	com.ctrip.framework.apollo.biz.service.ItemService.checkItemKeyLength(java.lang.String):::EXIT	"key.toString one of { ""k3"", ""k6"", ""k7"" }"	VALID	"""k3"".equals(key.toString()) || ""k6"".equals(key.toString()) || ""k7"".equals(key.toString())"
apollo	com.ctrip.framework.apollo.biz.service.ItemService.checkItemKeyLength(java.lang.String)	91	com.ctrip.framework.apollo.biz.service.ItemService.checkItemKeyLength(java.lang.String):::EXIT	return == true	VALID	result == true
apollo	com.ctrip.framework.apollo.biz.service.ItemService.checkItemKeyLength(java.lang.String)	92	com.ctrip.framework.apollo.biz.service.ItemService.checkItemKeyLength(java.lang.String):::EXIT	com.ctrip.framework.apollo.common.config.RefreshableConfig.LIST_SEPARATOR.toString < key.toString	INVALID	
apollo	com.ctrip.framework.apollo.biz.registry.configuration.support.ApolloServiceDiscoveryProperties.getHealthCheckIntervalInSecond()	1	com.ctrip.framework.apollo.biz.registry.configuration.support.ApolloServiceDiscoveryProperties.getHealthCheckIntervalInSecond():::EXIT	this.healthCheckIntervalInSecond == return	VALID	this.healthCheckIntervalInSecond == result
apollo	com.ctrip.framework.apollo.biz.registry.configuration.ApolloServiceDiscoveryAutoConfiguration.wrapMemoryCache(com.ctrip.framework.apollo.biz.registry.DatabaseDiscoveryClient)	1	com.ctrip.framework.apollo.biz.registry.configuration.ApolloServiceDiscoveryAutoConfiguration.wrapMemoryCache(com.ctrip.framework.apollo.biz.registry.DatabaseDiscoveryClient):::ENTER	discoveryClient has only one value	INVALID	
apollo	com.ctrip.framework.apollo.biz.registry.configuration.ApolloServiceDiscoveryAutoConfiguration.wrapMemoryCache(com.ctrip.framework.apollo.biz.registry.DatabaseDiscoveryClient)	2	com.ctrip.framework.apollo.biz.registry.configuration.ApolloServiceDiscoveryAutoConfiguration.wrapMemoryCache(com.ctrip.framework.apollo.biz.registry.DatabaseDiscoveryClient):::ENTER	discoveryClient.getClass().getName() == com.ctrip.framework.apollo.biz.registry.DatabaseDiscoveryClientAlwaysAddSelfInstanceDecoratorImpl.class	VALID	discoveryClient.getClass() == com.ctrip.framework.apollo.biz.registry.DatabaseDiscoveryClientAlwaysAddSelfInstanceDecoratorImpl.class
apollo	com.ctrip.framework.apollo.biz.registry.configuration.ApolloServiceDiscoveryAutoConfiguration.wrapMemoryCache(com.ctrip.framework.apollo.biz.registry.DatabaseDiscoveryClient)	3	com.ctrip.framework.apollo.biz.registry.configuration.ApolloServiceDiscoveryAutoConfiguration.wrapMemoryCache(com.ctrip.framework.apollo.biz.registry.DatabaseDiscoveryClient):::EXIT	return has only one value	INVALID	
apollo	com.ctrip.framework.apollo.biz.registry.configuration.ApolloServiceDiscoveryAutoConfiguration.wrapMemoryCache(com.ctrip.framework.apollo.biz.registry.DatabaseDiscoveryClient)	4	com.ctrip.framework.apollo.biz.registry.configuration.ApolloServiceDiscoveryAutoConfiguration.wrapMemoryCache(com.ctrip.framework.apollo.biz.registry.DatabaseDiscoveryClient):::EXIT	return.getClass().getName() == com.ctrip.framework.apollo.biz.registry.DatabaseDiscoveryClientMemoryCacheDecoratorImpl.class	VALID	result.getClass() == com.ctrip.framework.apollo.biz.registry.DatabaseDiscoveryClientMemoryCacheDecoratorImpl.class
apollo	com.ctrip.framework.apollo.biz.service.ItemSetService.updateSet(java.lang.String, java.lang.String, java.lang.String, com.ctrip.framework.apollo.common.dto.ItemChangeSets)	1	com.ctrip.framework.apollo.biz.service.ItemSetService.updateSet(java.lang.String, java.lang.String, java.lang.String, com.ctrip.framework.apollo.common.dto.ItemChangeSets):::ENTER	changeSet.createItems.getClass().getName() == changeSet.updateItems.getClass().getName()	VALID	changeSet.createItems.getClass().getName().equals(changeSet.updateItems.getClass().getName())
apollo	com.ctrip.framework.apollo.biz.service.ItemSetService.updateSet(java.lang.String, java.lang.String, java.lang.String, com.ctrip.framework.apollo.common.dto.ItemChangeSets)	2	com.ctrip.framework.apollo.biz.service.ItemSetService.updateSet(java.lang.String, java.lang.String, java.lang.String, com.ctrip.framework.apollo.common.dto.ItemChangeSets):::ENTER	changeSet.createItems.getClass().getName() == changeSet.deleteItems.getClass().getName()	VALID	changeSet.createItems.getClass().getName().equals(changeSet.deleteItems.getClass().getName())
apollo	com.ctrip.framework.apollo.biz.service.ItemSetService.updateSet(java.lang.String, java.lang.String, java.lang.String, com.ctrip.framework.apollo.common.dto.ItemChangeSets)	3	com.ctrip.framework.apollo.biz.service.ItemSetService.updateSet(java.lang.String, java.lang.String, java.lang.String, com.ctrip.framework.apollo.common.dto.ItemChangeSets):::ENTER	changeSet.dataChangeCreatedBy == changeSet.dataChangeLastModifiedBy	VALID	java.util.Objects.equals(changeSet.dataChangeCreatedBy, changeSet.dataChangeLastModifiedBy)
apollo	com.ctrip.framework.apollo.biz.service.ItemSetService.updateSet(java.lang.String, java.lang.String, java.lang.String, com.ctrip.framework.apollo.common.dto.ItemChangeSets)	4	com.ctrip.framework.apollo.biz.service.ItemSetService.updateSet(java.lang.String, java.lang.String, java.lang.String, com.ctrip.framework.apollo.common.dto.ItemChangeSets):::ENTER	changeSet.dataChangeCreatedBy == changeSet.dataChangeCreatedByDisplayName	VALID	java.util.Objects.equals(changeSet.dataChangeCreatedBy, changeSet.dataChangeCreatedByDisplayName)
apollo	com.ctrip.framework.apollo.biz.service.ItemSetService.updateSet(java.lang.String, java.lang.String, java.lang.String, com.ctrip.framework.apollo.common.dto.ItemChangeSets)	5	com.ctrip.framework.apollo.biz.service.ItemSetService.updateSet(java.lang.String, java.lang.String, java.lang.String, com.ctrip.framework.apollo.common.dto.ItemChangeSets):::ENTER	changeSet.dataChangeCreatedBy == changeSet.dataChangeLastModifiedByDisplayName	VALID	java.util.Objects.equals(changeSet.dataChangeCreatedBy, changeSet.dataChangeLastModifiedByDisplayName)
apollo	com.ctrip.framework.apollo.biz.service.ItemSetService.updateSet(java.lang.String, java.lang.String, java.lang.String, com.ctrip.framework.apollo.common.dto.ItemChangeSets)	6	com.ctrip.framework.apollo.biz.service.ItemSetService.updateSet(java.lang.String, java.lang.String, java.lang.String, com.ctrip.framework.apollo.common.dto.ItemChangeSets):::ENTER	changeSet.dataChangeCreatedTime == changeSet.dataChangeLastModifiedTime	VALID	changeSet.dataChangeCreatedTime == changeSet.dataChangeLastModifiedTime
apollo	com.ctrip.framework.apollo.biz.service.ItemSetService.updateSet(java.lang.String, java.lang.String, java.lang.String, com.ctrip.framework.apollo.common.dto.ItemChangeSets)	7	com.ctrip.framework.apollo.biz.service.ItemSetService.updateSet(java.lang.String, java.lang.String, java.lang.String, com.ctrip.framework.apollo.common.dto.ItemChangeSets):::ENTER	size(changeSet.updateItems[]) == size(changeSet.deleteItems[])	VALID	changeSet.updateItems.size() == changeSet.deleteItems.size()
apollo	com.ctrip.framework.apollo.biz.service.ItemSetService.updateSet(java.lang.String, java.lang.String, java.lang.String, com.ctrip.framework.apollo.common.dto.ItemChangeSets)	8	com.ctrip.framework.apollo.biz.service.ItemSetService.updateSet(java.lang.String, java.lang.String, java.lang.String, com.ctrip.framework.apollo.common.dto.ItemChangeSets):::ENTER	this has only one value	INVALID	
apollo	com.ctrip.framework.apollo.biz.service.ItemSetService.updateSet(java.lang.String, java.lang.String, java.lang.String, com.ctrip.framework.apollo.common.dto.ItemChangeSets)	9	com.ctrip.framework.apollo.biz.service.ItemSetService.updateSet(java.lang.String, java.lang.String, java.lang.String, com.ctrip.framework.apollo.common.dto.ItemChangeSets):::ENTER	this.auditService has only one value	INVALID	
apollo	com.ctrip.framework.apollo.biz.service.ItemSetService.updateSet(java.lang.String, java.lang.String, java.lang.String, com.ctrip.framework.apollo.common.dto.ItemChangeSets)	10	com.ctrip.framework.apollo.biz.service.ItemSetService.updateSet(java.lang.String, java.lang.String, java.lang.String, com.ctrip.framework.apollo.common.dto.ItemChangeSets):::ENTER	this.commitService has only one value	INVALID	
apollo	com.ctrip.framework.apollo.biz.service.ItemSetService.updateSet(java.lang.String, java.lang.String, java.lang.String, com.ctrip.framework.apollo.common.dto.ItemChangeSets)	11	com.ctrip.framework.apollo.biz.service.ItemSetService.updateSet(java.lang.String, java.lang.String, java.lang.String, com.ctrip.framework.apollo.common.dto.ItemChangeSets):::ENTER	this.itemService has only one value	INVALID	
apollo	com.ctrip.framework.apollo.biz.service.ItemSetService.updateSet(java.lang.String, java.lang.String, java.lang.String, com.ctrip.framework.apollo.common.dto.ItemChangeSets)	12	com.ctrip.framework.apollo.biz.service.ItemSetService.updateSet(java.lang.String, java.lang.String, java.lang.String, com.ctrip.framework.apollo.common.dto.ItemChangeSets):::ENTER	this.namespaceService has only one value	INVALID	
apollo	com.ctrip.framework.apollo.biz.service.ItemSetService.updateSet(java.lang.String, java.lang.String, java.lang.String, com.ctrip.framework.apollo.common.dto.ItemChangeSets)	13	com.ctrip.framework.apollo.biz.service.ItemSetService.updateSet(java.lang.String, java.lang.String, java.lang.String, com.ctrip.framework.apollo.common.dto.ItemChangeSets):::ENTER	this.bizConfig has only one value	INVALID	
apollo	com.ctrip.framework.apollo.biz.service.ItemSetService.updateSet(java.lang.String, java.lang.String, java.lang.String, com.ctrip.framework.apollo.common.dto.ItemChangeSets)	14	com.ctrip.framework.apollo.biz.service.ItemSetService.updateSet(java.lang.String, java.lang.String, java.lang.String, com.ctrip.framework.apollo.common.dto.ItemChangeSets):::ENTER	this.bizConfig.propertySource == null	VALID	this.bizConfig.propertySource == null
apollo	com.ctrip.framework.apollo.biz.service.ItemSetService.updateSet(java.lang.String, java.lang.String, java.lang.String, com.ctrip.framework.apollo.common.dto.ItemChangeSets)	15	com.ctrip.framework.apollo.biz.service.ItemSetService.updateSet(java.lang.String, java.lang.String, java.lang.String, com.ctrip.framework.apollo.common.dto.ItemChangeSets):::ENTER	this.bizConfig.splitter == null	VALID	this.bizConfig.splitter == null
apollo	com.ctrip.framework.apollo.biz.service.ItemSetService.updateSet(java.lang.String, java.lang.String, java.lang.String, com.ctrip.framework.apollo.common.dto.ItemChangeSets)	16	com.ctrip.framework.apollo.biz.service.ItemSetService.updateSet(java.lang.String, java.lang.String, java.lang.String, com.ctrip.framework.apollo.common.dto.ItemChangeSets):::ENTER	this.bizConfig.environment == null	VALID	this.bizConfig.environment == null
apollo	com.ctrip.framework.apollo.biz.service.ItemSetService.updateSet(java.lang.String, java.lang.String, java.lang.String, com.ctrip.framework.apollo.common.dto.ItemChangeSets)	17	com.ctrip.framework.apollo.biz.service.ItemSetService.updateSet(java.lang.String, java.lang.String, java.lang.String, com.ctrip.framework.apollo.common.dto.ItemChangeSets):::ENTER	this.bizConfig.propertySources == null	VALID	this.bizConfig.propertySources == null
apollo	com.ctrip.framework.apollo.biz.service.ItemSetService.updateSet(java.lang.String, java.lang.String, java.lang.String, com.ctrip.framework.apollo.common.dto.ItemChangeSets)	18	com.ctrip.framework.apollo.biz.service.ItemSetService.updateSet(java.lang.String, java.lang.String, java.lang.String, com.ctrip.framework.apollo.common.dto.ItemChangeSets):::ENTER	this.bizConfig.executorService == null	VALID	this.bizConfig.executorService == null
apollo	com.ctrip.framework.apollo.biz.service.ItemSetService.updateSet(java.lang.String, java.lang.String, java.lang.String, com.ctrip.framework.apollo.common.dto.ItemChangeSets)	19	com.ctrip.framework.apollo.biz.service.ItemSetService.updateSet(java.lang.String, java.lang.String, java.lang.String, com.ctrip.framework.apollo.common.dto.ItemChangeSets):::ENTER	appId has only one value	INVALID	
apollo	com.ctrip.framework.apollo.biz.service.ItemSetService.updateSet(java.lang.String, java.lang.String, java.lang.String, com.ctrip.framework.apollo.common.dto.ItemChangeSets)	20	com.ctrip.framework.apollo.biz.service.ItemSetService.updateSet(java.lang.String, java.lang.String, java.lang.String, com.ctrip.framework.apollo.common.dto.ItemChangeSets):::ENTER	"appId.toString == ""testApp"""	VALID	"""testApp"".equals(appId)"
apollo	com.ctrip.framework.apollo.biz.service.ItemSetService.updateSet(java.lang.String, java.lang.String, java.lang.String, com.ctrip.framework.apollo.common.dto.ItemChangeSets)	21	com.ctrip.framework.apollo.biz.service.ItemSetService.updateSet(java.lang.String, java.lang.String, java.lang.String, com.ctrip.framework.apollo.common.dto.ItemChangeSets):::ENTER	clusterName has only one value	INVALID	
apollo	com.ctrip.framework.apollo.biz.service.ItemSetService.updateSet(java.lang.String, java.lang.String, java.lang.String, com.ctrip.framework.apollo.common.dto.ItemChangeSets)	22	com.ctrip.framework.apollo.biz.service.ItemSetService.updateSet(java.lang.String, java.lang.String, java.lang.String, com.ctrip.framework.apollo.common.dto.ItemChangeSets):::ENTER	"clusterName.toString == ""default"""	VALID	"""default"".equals(clusterName)"
apollo	com.ctrip.framework.apollo.biz.service.ItemSetService.updateSet(java.lang.String, java.lang.String, java.lang.String, com.ctrip.framework.apollo.common.dto.ItemChangeSets)	23	com.ctrip.framework.apollo.biz.service.ItemSetService.updateSet(java.lang.String, java.lang.String, java.lang.String, com.ctrip.framework.apollo.common.dto.ItemChangeSets):::ENTER	namespaceName has only one value	INVALID	
apollo	com.ctrip.framework.apollo.biz.service.ItemSetService.updateSet(java.lang.String, java.lang.String, java.lang.String, com.ctrip.framework.apollo.common.dto.ItemChangeSets)	24	com.ctrip.framework.apollo.biz.service.ItemSetService.updateSet(java.lang.String, java.lang.String, java.lang.String, com.ctrip.framework.apollo.common.dto.ItemChangeSets):::ENTER	"namespaceName.toString == ""application"""	VALID	"""application"".equals(namespaceName)"
apollo	com.ctrip.framework.apollo.biz.service.ItemSetService.updateSet(java.lang.String, java.lang.String, java.lang.String, com.ctrip.framework.apollo.common.dto.ItemChangeSets)	25	com.ctrip.framework.apollo.biz.service.ItemSetService.updateSet(java.lang.String, java.lang.String, java.lang.String, com.ctrip.framework.apollo.common.dto.ItemChangeSets):::ENTER	changeSet.createItems[].getClass().getName() elements == com.ctrip.framework.apollo.common.dto.ItemDTO.class	VALID	changeSet.createItems.stream().allMatch(item -> item.getClass() == com.ctrip.framework.apollo.common.dto.ItemDTO.class)
apollo	com.ctrip.framework.apollo.biz.service.ItemSetService.updateSet(java.lang.String, java.lang.String, java.lang.String, com.ctrip.framework.apollo.common.dto.ItemChangeSets)	26	com.ctrip.framework.apollo.biz.service.ItemSetService.updateSet(java.lang.String, java.lang.String, java.lang.String, com.ctrip.framework.apollo.common.dto.ItemChangeSets):::ENTER	changeSet.createItems[].getClass().getName() one of { [com.ctrip.framework.apollo.common.dto.ItemDTO], [com.ctrip.framework.apollo.common.dto.ItemDTO, com.ctrip.framework.apollo.common.dto.ItemDTO] }	VALID	(changeSet.createItems.size() == 1 && changeSet.createItems.get(0).getClass() == com.ctrip.framework.apollo.common.dto.ItemDTO.class) || (changeSet.createItems.size() == 2 && changeSet.createItems.get(0).getClass() == com.ctrip.framework.apollo.common.dto.ItemDTO.class && changeSet.createItems.get(1).getClass() == com.ctrip.framework.apollo.common.dto.ItemDTO.class)
apollo	com.ctrip.framework.apollo.biz.service.ItemSetService.updateSet(java.lang.String, java.lang.String, java.lang.String, com.ctrip.framework.apollo.common.dto.ItemChangeSets)	27	com.ctrip.framework.apollo.biz.service.ItemSetService.updateSet(java.lang.String, java.lang.String, java.lang.String, com.ctrip.framework.apollo.common.dto.ItemChangeSets):::ENTER	changeSet.createItems.getClass().getName() == java.util.LinkedList.class	VALID	changeSet.createItems.getClass() == java.util.LinkedList.class
apollo	com.ctrip.framework.apollo.biz.service.ItemSetService.updateSet(java.lang.String, java.lang.String, java.lang.String, com.ctrip.framework.apollo.common.dto.ItemChangeSets)	28	com.ctrip.framework.apollo.biz.service.ItemSetService.updateSet(java.lang.String, java.lang.String, java.lang.String, com.ctrip.framework.apollo.common.dto.ItemChangeSets):::ENTER	changeSet.updateItems[] elements has only one value	INVALID	
apollo	com.ctrip.framework.apollo.biz.service.ItemSetService.updateSet(java.lang.String, java.lang.String, java.lang.String, com.ctrip.framework.apollo.common.dto.ItemChangeSets)	29	com.ctrip.framework.apollo.biz.service.ItemSetService.updateSet(java.lang.String, java.lang.String, java.lang.String, com.ctrip.framework.apollo.common.dto.ItemChangeSets):::ENTER	changeSet.updateItems[].getClass().getName() elements == com.ctrip.framework.apollo.common.dto.ItemDTO.class	VALID	changeSet.updateItems.stream().allMatch(item -> item.getClass() == com.ctrip.framework.apollo.common.dto.ItemDTO.class)
apollo	com.ctrip.framework.apollo.biz.service.ItemSetService.updateSet(java.lang.String, java.lang.String, java.lang.String, com.ctrip.framework.apollo.common.dto.ItemChangeSets)	30	com.ctrip.framework.apollo.biz.service.ItemSetService.updateSet(java.lang.String, java.lang.String, java.lang.String, com.ctrip.framework.apollo.common.dto.ItemChangeSets):::ENTER	changeSet.updateItems[].getClass().getName() one of { [], [com.ctrip.framework.apollo.common.dto.ItemDTO] }	VALID	changeSet.updateItems.isEmpty() || (changeSet.updateItems.size() == 1 && changeSet.updateItems.get(0).getClass() == com.ctrip.framework.apollo.common.dto.ItemDTO.class)
apollo	com.ctrip.framework.apollo.biz.service.ItemSetService.updateSet(java.lang.String, java.lang.String, java.lang.String, com.ctrip.framework.apollo.common.dto.ItemChangeSets)	31	com.ctrip.framework.apollo.biz.service.ItemSetService.updateSet(java.lang.String, java.lang.String, java.lang.String, com.ctrip.framework.apollo.common.dto.ItemChangeSets):::ENTER	changeSet.deleteItems[] elements has only one value	INVALID	
apollo	com.ctrip.framework.apollo.biz.service.ItemSetService.updateSet(java.lang.String, java.lang.String, java.lang.String, com.ctrip.framework.apollo.common.dto.ItemChangeSets)	32	com.ctrip.framework.apollo.biz.service.ItemSetService.updateSet(java.lang.String, java.lang.String, java.lang.String, com.ctrip.framework.apollo.common.dto.ItemChangeSets):::ENTER	changeSet.dataChangeCreatedBy == null	VALID	changeSet.dataChangeCreatedBy == null
apollo	com.ctrip.framework.apollo.biz.service.ItemSetService.updateSet(java.lang.String, java.lang.String, java.lang.String, com.ctrip.framework.apollo.common.dto.ItemChangeSets)	33	com.ctrip.framework.apollo.biz.service.ItemSetService.updateSet(java.lang.String, java.lang.String, java.lang.String, com.ctrip.framework.apollo.common.dto.ItemChangeSets):::ENTER	changeSet.dataChangeCreatedTime == null	VALID	changeSet.dataChangeCreatedTime == null
apollo	com.ctrip.framework.apollo.biz.service.ItemSetService.updateSet(java.lang.String, java.lang.String, java.lang.String, com.ctrip.framework.apollo.common.dto.ItemChangeSets)	34	com.ctrip.framework.apollo.biz.service.ItemSetService.updateSet(java.lang.String, java.lang.String, java.lang.String, com.ctrip.framework.apollo.common.dto.ItemChangeSets):::ENTER	size(changeSet.createItems[]) one of { 1, 2 }	VALID	changeSet.createItems.size() == 1 || changeSet.createItems.size() == 2
apollo	com.ctrip.framework.apollo.biz.service.ItemSetService.updateSet(java.lang.String, java.lang.String, java.lang.String, com.ctrip.framework.apollo.common.dto.ItemChangeSets)	35	com.ctrip.framework.apollo.biz.service.ItemSetService.updateSet(java.lang.String, java.lang.String, java.lang.String, com.ctrip.framework.apollo.common.dto.ItemChangeSets):::ENTER	size(changeSet.updateItems[]) one of { 0, 1 }	VALID	changeSet.updateItems.size() == 0 || changeSet.updateItems.size() == 1
apollo	com.ctrip.framework.apollo.biz.service.ItemSetService.updateSet(java.lang.String, java.lang.String, java.lang.String, com.ctrip.framework.apollo.common.dto.ItemChangeSets)	36	com.ctrip.framework.apollo.biz.service.ItemSetService.updateSet(java.lang.String, java.lang.String, java.lang.String, com.ctrip.framework.apollo.common.dto.ItemChangeSets):::EXIT	this.auditService == orig(this.auditService)	INVALID	
apollo	com.ctrip.framework.apollo.biz.service.ItemSetService.updateSet(java.lang.String, java.lang.String, java.lang.String, com.ctrip.framework.apollo.common.dto.ItemChangeSets)	37	com.ctrip.framework.apollo.biz.service.ItemSetService.updateSet(java.lang.String, java.lang.String, java.lang.String, com.ctrip.framework.apollo.common.dto.ItemChangeSets):::EXIT	this.auditService.auditRepository == orig(this.auditService.auditRepository)	INVALID	
apollo	com.ctrip.framework.apollo.biz.service.ItemSetService.updateSet(java.lang.String, java.lang.String, java.lang.String, com.ctrip.framework.apollo.common.dto.ItemChangeSets)	38	com.ctrip.framework.apollo.biz.service.ItemSetService.updateSet(java.lang.String, java.lang.String, java.lang.String, com.ctrip.framework.apollo.common.dto.ItemChangeSets):::EXIT	this.commitService == orig(this.commitService)	INVALID	
apollo	com.ctrip.framework.apollo.biz.service.ItemSetService.updateSet(java.lang.String, java.lang.String, java.lang.String, com.ctrip.framework.apollo.common.dto.ItemChangeSets)	39	com.ctrip.framework.apollo.biz.service.ItemSetService.updateSet(java.lang.String, java.lang.String, java.lang.String, com.ctrip.framework.apollo.common.dto.ItemChangeSets):::EXIT	this.commitService.commitRepository == orig(this.commitService.commitRepository)	INVALID	
apollo	com.ctrip.framework.apollo.biz.service.ItemSetService.updateSet(java.lang.String, java.lang.String, java.lang.String, com.ctrip.framework.apollo.common.dto.ItemChangeSets)	40	com.ctrip.framework.apollo.biz.service.ItemSetService.updateSet(java.lang.String, java.lang.String, java.lang.String, com.ctrip.framework.apollo.common.dto.ItemChangeSets):::EXIT	this.itemService == orig(this.itemService)	INVALID	
apollo	com.ctrip.framework.apollo.biz.service.ItemSetService.updateSet(java.lang.String, java.lang.String, java.lang.String, com.ctrip.framework.apollo.common.dto.ItemChangeSets)	41	com.ctrip.framework.apollo.biz.service.ItemSetService.updateSet(java.lang.String, java.lang.String, java.lang.String, com.ctrip.framework.apollo.common.dto.ItemChangeSets):::EXIT	com.ctrip.framework.apollo.biz.service.ItemService.clusterPattern == orig(com.ctrip.framework.apollo.biz.service.ItemService.clusterPattern)	INVALID	
apollo	com.ctrip.framework.apollo.biz.service.ItemSetService.updateSet(java.lang.String, java.lang.String, java.lang.String, com.ctrip.framework.apollo.common.dto.ItemChangeSets)	42	com.ctrip.framework.apollo.biz.service.ItemSetService.updateSet(java.lang.String, java.lang.String, java.lang.String, com.ctrip.framework.apollo.common.dto.ItemChangeSets):::EXIT	this.itemService.itemRepository == orig(this.itemService.itemRepository)	INVALID	
apollo	com.ctrip.framework.apollo.biz.service.ItemSetService.updateSet(java.lang.String, java.lang.String, java.lang.String, com.ctrip.framework.apollo.common.dto.ItemChangeSets)	43	com.ctrip.framework.apollo.biz.service.ItemSetService.updateSet(java.lang.String, java.lang.String, java.lang.String, com.ctrip.framework.apollo.common.dto.ItemChangeSets):::EXIT	this.itemService.namespaceService == orig(this.itemService.namespaceService)	INVALID	
apollo	com.ctrip.framework.apollo.biz.service.ItemSetService.updateSet(java.lang.String, java.lang.String, java.lang.String, com.ctrip.framework.apollo.common.dto.ItemChangeSets)	44	com.ctrip.framework.apollo.biz.service.ItemSetService.updateSet(java.lang.String, java.lang.String, java.lang.String, com.ctrip.framework.apollo.common.dto.ItemChangeSets):::EXIT	com.ctrip.framework.apollo.biz.service.NamespaceService.GSON == orig(com.ctrip.framework.apollo.biz.service.NamespaceService.GSON)	INVALID	
apollo	com.ctrip.framework.apollo.biz.service.ItemSetService.updateSet(java.lang.String, java.lang.String, java.lang.String, com.ctrip.framework.apollo.common.dto.ItemChangeSets)	45	com.ctrip.framework.apollo.biz.service.ItemSetService.updateSet(java.lang.String, java.lang.String, java.lang.String, com.ctrip.framework.apollo.common.dto.ItemChangeSets):::EXIT	this.itemService.auditService == orig(this.itemService.auditService)	INVALID	
apollo	com.ctrip.framework.apollo.biz.service.ItemSetService.updateSet(java.lang.String, java.lang.String, java.lang.String, com.ctrip.framework.apollo.common.dto.ItemChangeSets)	46	com.ctrip.framework.apollo.biz.service.ItemSetService.updateSet(java.lang.String, java.lang.String, java.lang.String, com.ctrip.framework.apollo.common.dto.ItemChangeSets):::EXIT	this.itemService.auditService == orig(this.namespaceService.auditService)	INVALID	
apollo	com.ctrip.framework.apollo.biz.service.ItemSetService.updateSet(java.lang.String, java.lang.String, java.lang.String, com.ctrip.framework.apollo.common.dto.ItemChangeSets)	47	com.ctrip.framework.apollo.biz.service.ItemSetService.updateSet(java.lang.String, java.lang.String, java.lang.String, com.ctrip.framework.apollo.common.dto.ItemChangeSets):::EXIT	this.itemService.bizConfig == orig(this.itemService.bizConfig)	INVALID	
apollo	com.ctrip.framework.apollo.biz.service.ItemSetService.updateSet(java.lang.String, java.lang.String, java.lang.String, com.ctrip.framework.apollo.common.dto.ItemChangeSets)	48	com.ctrip.framework.apollo.biz.service.ItemSetService.updateSet(java.lang.String, java.lang.String, java.lang.String, com.ctrip.framework.apollo.common.dto.ItemChangeSets):::EXIT	this.itemService.bizConfig == orig(this.namespaceService.bizConfig)	INVALID	
apollo	com.ctrip.framework.apollo.biz.service.ItemSetService.updateSet(java.lang.String, java.lang.String, java.lang.String, com.ctrip.framework.apollo.common.dto.ItemChangeSets)	49	com.ctrip.framework.apollo.biz.service.ItemSetService.updateSet(java.lang.String, java.lang.String, java.lang.String, com.ctrip.framework.apollo.common.dto.ItemChangeSets):::EXIT	com.ctrip.framework.apollo.biz.config.BizConfig.logger == orig(com.ctrip.framework.apollo.biz.config.BizConfig.logger)	INVALID	
apollo	com.ctrip.framework.apollo.biz.service.ItemSetService.updateSet(java.lang.String, java.lang.String, java.lang.String, com.ctrip.framework.apollo.common.dto.ItemChangeSets)	50	com.ctrip.framework.apollo.biz.service.ItemSetService.updateSet(java.lang.String, java.lang.String, java.lang.String, com.ctrip.framework.apollo.common.dto.ItemChangeSets):::EXIT	com.ctrip.framework.apollo.biz.config.BizConfig.logger.getClass().getName() == orig(com.ctrip.framework.apollo.biz.config.BizConfig.logger.getClass().getName())	INVALID	
apollo	com.ctrip.framework.apollo.biz.service.ItemSetService.updateSet(java.lang.String, java.lang.String, java.lang.String, com.ctrip.framework.apollo.common.dto.ItemChangeSets)	51	com.ctrip.framework.apollo.biz.service.ItemSetService.updateSet(java.lang.String, java.lang.String, java.lang.String, com.ctrip.framework.apollo.common.dto.ItemChangeSets):::EXIT	com.ctrip.framework.apollo.biz.config.BizConfig.logger.getClass().getName() == orig(com.ctrip.framework.apollo.common.config.RefreshableConfig.logger.getClass().getName())	INVALID	
apollo	com.ctrip.framework.apollo.biz.service.ItemSetService.updateSet(java.lang.String, java.lang.String, java.lang.String, com.ctrip.framework.apollo.common.dto.ItemChangeSets)	52	com.ctrip.framework.apollo.biz.service.ItemSetService.updateSet(java.lang.String, java.lang.String, java.lang.String, com.ctrip.framework.apollo.common.dto.ItemChangeSets):::EXIT	com.ctrip.framework.apollo.biz.config.BizConfig.logger.getClass().getName() == orig(com.ctrip.framework.apollo.biz.service.AppNamespaceService.logger.getClass().getName())	INVALID	
apollo	com.ctrip.framework.apollo.biz.service.ItemSetService.updateSet(java.lang.String, java.lang.String, java.lang.String, com.ctrip.framework.apollo.common.dto.ItemChangeSets)	53	com.ctrip.framework.apollo.biz.service.ItemSetService.updateSet(java.lang.String, java.lang.String, java.lang.String, com.ctrip.framework.apollo.common.dto.ItemChangeSets):::EXIT	com.ctrip.framework.apollo.biz.config.BizConfig.logger.getClass().getName() == orig(com.ctrip.framework.apollo.biz.service.ReleaseHistoryService.logger.getClass().getName())	INVALID	
apollo	com.ctrip.framework.apollo.biz.service.ItemSetService.updateSet(java.lang.String, java.lang.String, java.lang.String, com.ctrip.framework.apollo.common.dto.ItemChangeSets)	54	com.ctrip.framework.apollo.biz.service.ItemSetService.updateSet(java.lang.String, java.lang.String, java.lang.String, com.ctrip.framework.apollo.common.dto.ItemChangeSets):::EXIT	com.ctrip.framework.apollo.biz.config.BizConfig.logger.getClass().getName() == orig(com.ctrip.framework.apollo.biz.service.BizDBPropertySource.logger.getClass().getName())	INVALID	
apollo	com.ctrip.framework.apollo.biz.service.ItemSetService.updateSet(java.lang.String, java.lang.String, java.lang.String, com.ctrip.framework.apollo.common.dto.ItemChangeSets)	55	com.ctrip.framework.apollo.biz.service.ItemSetService.updateSet(java.lang.String, java.lang.String, java.lang.String, com.ctrip.framework.apollo.common.dto.ItemChangeSets):::EXIT	com.ctrip.framework.apollo.biz.config.BizConfig.GSON == orig(com.ctrip.framework.apollo.biz.config.BizConfig.GSON)	INVALID	
apollo	com.ctrip.framework.apollo.biz.service.ItemSetService.updateSet(java.lang.String, java.lang.String, java.lang.String, com.ctrip.framework.apollo.common.dto.ItemChangeSets)	56	com.ctrip.framework.apollo.biz.service.ItemSetService.updateSet(java.lang.String, java.lang.String, java.lang.String, com.ctrip.framework.apollo.common.dto.ItemChangeSets):::EXIT	com.ctrip.framework.apollo.biz.config.BizConfig.INTERVAL_TIME_UNIT == orig(com.ctrip.framework.apollo.biz.config.BizConfig.INTERVAL_TIME_UNIT)	INVALID	
apollo	com.ctrip.framework.apollo.biz.service.ItemSetService.updateSet(java.lang.String, java.lang.String, java.lang.String, com.ctrip.framework.apollo.common.dto.ItemChangeSets)	57	com.ctrip.framework.apollo.biz.service.ItemSetService.updateSet(java.lang.String, java.lang.String, java.lang.String, com.ctrip.framework.apollo.common.dto.ItemChangeSets):::EXIT	com.ctrip.framework.apollo.biz.config.BizConfig.appIdValueLengthOverrideTypeReference == orig(com.ctrip.framework.apollo.biz.config.BizConfig.appIdValueLengthOverrideTypeReference)	INVALID	
apollo	com.ctrip.framework.apollo.biz.service.ItemSetService.updateSet(java.lang.String, java.lang.String, java.lang.String, com.ctrip.framework.apollo.common.dto.ItemChangeSets)	58	com.ctrip.framework.apollo.biz.service.ItemSetService.updateSet(java.lang.String, java.lang.String, java.lang.String, com.ctrip.framework.apollo.common.dto.ItemChangeSets):::EXIT	com.ctrip.framework.apollo.biz.config.BizConfig.appIdValueLengthOverrideTypeReference.getClass().getName() == orig(com.ctrip.framework.apollo.biz.config.BizConfig.appIdValueLengthOverrideTypeReference.getClass().getName())	INVALID	
apollo	com.ctrip.framework.apollo.biz.service.ItemSetService.updateSet(java.lang.String, java.lang.String, java.lang.String, com.ctrip.framework.apollo.common.dto.ItemChangeSets)	59	com.ctrip.framework.apollo.biz.service.ItemSetService.updateSet(java.lang.String, java.lang.String, java.lang.String, com.ctrip.framework.apollo.common.dto.ItemChangeSets):::EXIT	com.ctrip.framework.apollo.biz.config.BizConfig.appIdValueLengthOverrideTypeReference.getClass().getName() == orig(com.ctrip.framework.apollo.biz.config.BizConfig.namespaceValueLengthOverrideTypeReference.getClass().getName())	INVALID	
apollo	com.ctrip.framework.apollo.biz.service.ItemSetService.updateSet(java.lang.String, java.lang.String, java.lang.String, com.ctrip.framework.apollo.common.dto.ItemChangeSets)	60	com.ctrip.framework.apollo.biz.service.ItemSetService.updateSet(java.lang.String, java.lang.String, java.lang.String, com.ctrip.framework.apollo.common.dto.ItemChangeSets):::EXIT	com.ctrip.framework.apollo.biz.config.BizConfig.appIdValueLengthOverrideTypeReference.getClass().getName() == orig(com.ctrip.framework.apollo.biz.config.BizConfig.releaseHistoryRetentionSizeOverrideTypeReference.getClass().getName())	INVALID	
apollo	com.ctrip.framework.apollo.biz.service.ItemSetService.updateSet(java.lang.String, java.lang.String, java.lang.String, com.ctrip.framework.apollo.common.dto.ItemChangeSets)	61	com.ctrip.framework.apollo.biz.service.ItemSetService.updateSet(java.lang.String, java.lang.String, java.lang.String, com.ctrip.framework.apollo.common.dto.ItemChangeSets):::EXIT	com.ctrip.framework.apollo.biz.config.BizConfig.appIdValueLengthOverrideTypeReference.getClass().getName() == orig(com.ctrip.framework.apollo.biz.service.ReleaseService.OPERATION_CONTEXT_TYPE_REFERENCE.getClass().getName())	INVALID	
apollo	com.ctrip.framework.apollo.biz.service.ItemSetService.updateSet(java.lang.String, java.lang.String, java.lang.String, com.ctrip.framework.apollo.common.dto.ItemChangeSets)	62	com.ctrip.framework.apollo.biz.service.ItemSetService.updateSet(java.lang.String, java.lang.String, java.lang.String, com.ctrip.framework.apollo.common.dto.ItemChangeSets):::EXIT	com.ctrip.framework.apollo.biz.config.BizConfig.namespaceValueLengthOverrideTypeReference == orig(com.ctrip.framework.apollo.biz.config.BizConfig.namespaceValueLengthOverrideTypeReference)	INVALID	
apollo	com.ctrip.framework.apollo.biz.service.ItemSetService.updateSet(java.lang.String, java.lang.String, java.lang.String, com.ctrip.framework.apollo.common.dto.ItemChangeSets)	63	com.ctrip.framework.apollo.biz.service.ItemSetService.updateSet(java.lang.String, java.lang.String, java.lang.String, com.ctrip.framework.apollo.common.dto.ItemChangeSets):::EXIT	com.ctrip.framework.apollo.biz.config.BizConfig.releaseHistoryRetentionSizeOverrideTypeReference == orig(com.ctrip.framework.apollo.biz.config.BizConfig.releaseHistoryRetentionSizeOverrideTypeReference)	INVALID	
apollo	com.ctrip.framework.apollo.biz.service.ItemSetService.updateSet(java.lang.String, java.lang.String, java.lang.String, com.ctrip.framework.apollo.common.dto.ItemChangeSets)	64	com.ctrip.framework.apollo.biz.service.ItemSetService.updateSet(java.lang.String, java.lang.String, java.lang.String, com.ctrip.framework.apollo.common.dto.ItemChangeSets):::EXIT	com.ctrip.framework.apollo.common.config.RefreshableConfig.logger == orig(com.ctrip.framework.apollo.common.config.RefreshableConfig.logger)	INVALID	
apollo	com.ctrip.framework.apollo.biz.service.ItemSetService.updateSet(java.lang.String, java.lang.String, java.lang.String, com.ctrip.framework.apollo.common.dto.ItemChangeSets)	65	com.ctrip.framework.apollo.biz.service.ItemSetService.updateSet(java.lang.String, java.lang.String, java.lang.String, com.ctrip.framework.apollo.common.dto.ItemChangeSets):::EXIT	com.ctrip.framework.apollo.common.config.RefreshableConfig.LIST_SEPARATOR == orig(com.ctrip.framework.apollo.common.config.RefreshableConfig.LIST_SEPARATOR)	INVALID	
apollo	com.ctrip.framework.apollo.biz.service.ItemSetService.updateSet(java.lang.String, java.lang.String, java.lang.String, com.ctrip.framework.apollo.common.dto.ItemChangeSets)	66	com.ctrip.framework.apollo.biz.service.ItemSetService.updateSet(java.lang.String, java.lang.String, java.lang.String, com.ctrip.framework.apollo.common.dto.ItemChangeSets):::EXIT	com.ctrip.framework.apollo.common.config.RefreshableConfig.LIST_SEPARATOR.toString == orig(com.ctrip.framework.apollo.common.config.RefreshableConfig.LIST_SEPARATOR.toString)	INVALID	
apollo	com.ctrip.framework.apollo.biz.service.ItemSetService.updateSet(java.lang.String, java.lang.String, java.lang.String, com.ctrip.framework.apollo.common.dto.ItemChangeSets)	67	com.ctrip.framework.apollo.biz.service.ItemSetService.updateSet(java.lang.String, java.lang.String, java.lang.String, com.ctrip.framework.apollo.common.dto.ItemChangeSets):::EXIT	com.ctrip.framework.apollo.common.config.RefreshableConfig.EMPTY_STRING_ARRAY == orig(com.ctrip.framework.apollo.common.config.RefreshableConfig.EMPTY_STRING_ARRAY)	INVALID	
apollo	com.ctrip.framework.apollo.biz.service.ItemSetService.updateSet(java.lang.String, java.lang.String, java.lang.String, com.ctrip.framework.apollo.common.dto.ItemChangeSets)	68	com.ctrip.framework.apollo.biz.service.ItemSetService.updateSet(java.lang.String, java.lang.String, java.lang.String, com.ctrip.framework.apollo.common.dto.ItemChangeSets):::EXIT	com.ctrip.framework.apollo.common.config.RefreshableConfig.EMPTY_STRING_ARRAY.getClass().getName() == orig(com.ctrip.framework.apollo.common.config.RefreshableConfig.EMPTY_STRING_ARRAY.getClass().getName())	INVALID	
apollo	com.ctrip.framework.apollo.biz.service.ItemSetService.updateSet(java.lang.String, java.lang.String, java.lang.String, com.ctrip.framework.apollo.common.dto.ItemChangeSets)	69	com.ctrip.framework.apollo.biz.service.ItemSetService.updateSet(java.lang.String, java.lang.String, java.lang.String, com.ctrip.framework.apollo.common.dto.ItemChangeSets):::EXIT	com.ctrip.framework.apollo.common.config.RefreshableConfig.EMPTY_STRING_ARRAY[] == orig(com.ctrip.framework.apollo.common.config.RefreshableConfig.EMPTY_STRING_ARRAY[])	INVALID	
apollo	com.ctrip.framework.apollo.biz.service.ItemSetService.updateSet(java.lang.String, java.lang.String, java.lang.String, com.ctrip.framework.apollo.common.dto.ItemChangeSets)	70	com.ctrip.framework.apollo.biz.service.ItemSetService.updateSet(java.lang.String, java.lang.String, java.lang.String, com.ctrip.framework.apollo.common.dto.ItemChangeSets):::EXIT	this.namespaceService == orig(this.namespaceService)	INVALID	
apollo	com.ctrip.framework.apollo.biz.service.ItemSetService.updateSet(java.lang.String, java.lang.String, java.lang.String, com.ctrip.framework.apollo.common.dto.ItemChangeSets)	71	com.ctrip.framework.apollo.biz.service.ItemSetService.updateSet(java.lang.String, java.lang.String, java.lang.String, com.ctrip.framework.apollo.common.dto.ItemChangeSets):::EXIT	this.namespaceService.namespaceRepository == orig(this.namespaceService.namespaceRepository)	INVALID	
apollo	com.ctrip.framework.apollo.biz.service.ItemSetService.updateSet(java.lang.String, java.lang.String, java.lang.String, com.ctrip.framework.apollo.common.dto.ItemChangeSets)	72	com.ctrip.framework.apollo.biz.service.ItemSetService.updateSet(java.lang.String, java.lang.String, java.lang.String, com.ctrip.framework.apollo.common.dto.ItemChangeSets):::EXIT	this.namespaceService.appNamespaceService == orig(this.namespaceService.appNamespaceService)	INVALID	
apollo	com.ctrip.framework.apollo.biz.service.ItemSetService.updateSet(java.lang.String, java.lang.String, java.lang.String, com.ctrip.framework.apollo.common.dto.ItemChangeSets)	73	com.ctrip.framework.apollo.biz.service.ItemSetService.updateSet(java.lang.String, java.lang.String, java.lang.String, com.ctrip.framework.apollo.common.dto.ItemChangeSets):::EXIT	com.ctrip.framework.apollo.biz.service.AppNamespaceService.logger == orig(com.ctrip.framework.apollo.biz.service.AppNamespaceService.logger)	INVALID	
apollo	com.ctrip.framework.apollo.biz.service.ItemSetService.updateSet(java.lang.String, java.lang.String, java.lang.String, com.ctrip.framework.apollo.common.dto.ItemChangeSets)	74	com.ctrip.framework.apollo.biz.service.ItemSetService.updateSet(java.lang.String, java.lang.String, java.lang.String, com.ctrip.framework.apollo.common.dto.ItemChangeSets):::EXIT	this.namespaceService.itemService == orig(this.namespaceService.itemService)	INVALID	
apollo	com.ctrip.framework.apollo.biz.service.ItemSetService.updateSet(java.lang.String, java.lang.String, java.lang.String, com.ctrip.framework.apollo.common.dto.ItemChangeSets)	75	com.ctrip.framework.apollo.biz.service.ItemSetService.updateSet(java.lang.String, java.lang.String, java.lang.String, com.ctrip.framework.apollo.common.dto.ItemChangeSets):::EXIT	this.namespaceService.commitService == orig(this.namespaceService.commitService)	INVALID	
apollo	com.ctrip.framework.apollo.biz.service.ItemSetService.updateSet(java.lang.String, java.lang.String, java.lang.String, com.ctrip.framework.apollo.common.dto.ItemChangeSets)	76	com.ctrip.framework.apollo.biz.service.ItemSetService.updateSet(java.lang.String, java.lang.String, java.lang.String, com.ctrip.framework.apollo.common.dto.ItemChangeSets):::EXIT	this.namespaceService.releaseService == orig(this.namespaceService.releaseService)	INVALID	
apollo	com.ctrip.framework.apollo.biz.service.ItemSetService.updateSet(java.lang.String, java.lang.String, java.lang.String, com.ctrip.framework.apollo.common.dto.ItemChangeSets)	77	com.ctrip.framework.apollo.biz.service.ItemSetService.updateSet(java.lang.String, java.lang.String, java.lang.String, com.ctrip.framework.apollo.common.dto.ItemChangeSets):::EXIT	com.ctrip.framework.apollo.biz.service.ReleaseService.TIMESTAMP_FORMAT == orig(com.ctrip.framework.apollo.biz.service.ReleaseService.TIMESTAMP_FORMAT)	INVALID	
apollo	com.ctrip.framework.apollo.biz.service.ItemSetService.updateSet(java.lang.String, java.lang.String, java.lang.String, com.ctrip.framework.apollo.common.dto.ItemChangeSets)	78	com.ctrip.framework.apollo.biz.service.ItemSetService.updateSet(java.lang.String, java.lang.String, java.lang.String, com.ctrip.framework.apollo.common.dto.ItemChangeSets):::EXIT	com.ctrip.framework.apollo.biz.service.ReleaseService.GSON == orig(com.ctrip.framework.apollo.biz.service.ReleaseService.GSON)	INVALID	
apollo	com.ctrip.framework.apollo.biz.service.ItemSetService.updateSet(java.lang.String, java.lang.String, java.lang.String, com.ctrip.framework.apollo.common.dto.ItemChangeSets)	79	com.ctrip.framework.apollo.biz.service.ItemSetService.updateSet(java.lang.String, java.lang.String, java.lang.String, com.ctrip.framework.apollo.common.dto.ItemChangeSets):::EXIT	com.ctrip.framework.apollo.biz.service.ReleaseService.BRANCH_RELEASE_OPERATIONS == orig(com.ctrip.framework.apollo.biz.service.ReleaseService.BRANCH_RELEASE_OPERATIONS)	INVALID	
apollo	com.ctrip.framework.apollo.biz.service.ItemSetService.updateSet(java.lang.String, java.lang.String, java.lang.String, com.ctrip.framework.apollo.common.dto.ItemChangeSets)	80	com.ctrip.framework.apollo.biz.service.ItemSetService.updateSet(java.lang.String, java.lang.String, java.lang.String, com.ctrip.framework.apollo.common.dto.ItemChangeSets):::EXIT	com.ctrip.framework.apollo.biz.service.ReleaseService.BRANCH_RELEASE_OPERATIONS.getClass().getName() == orig(com.ctrip.framework.apollo.biz.service.ReleaseService.BRANCH_RELEASE_OPERATIONS.getClass().getName())	INVALID	
apollo	com.ctrip.framework.apollo.biz.service.ItemSetService.updateSet(java.lang.String, java.lang.String, java.lang.String, com.ctrip.framework.apollo.common.dto.ItemChangeSets)	81	com.ctrip.framework.apollo.biz.service.ItemSetService.updateSet(java.lang.String, java.lang.String, java.lang.String, com.ctrip.framework.apollo.common.dto.ItemChangeSets):::EXIT	com.ctrip.framework.apollo.biz.service.ReleaseService.FIRST_ITEM == orig(com.ctrip.framework.apollo.biz.service.ReleaseService.FIRST_ITEM)	INVALID	
apollo	com.ctrip.framework.apollo.biz.service.ItemSetService.updateSet(java.lang.String, java.lang.String, java.lang.String, com.ctrip.framework.apollo.common.dto.ItemChangeSets)	82	com.ctrip.framework.apollo.biz.service.ItemSetService.updateSet(java.lang.String, java.lang.String, java.lang.String, com.ctrip.framework.apollo.common.dto.ItemChangeSets):::EXIT	com.ctrip.framework.apollo.biz.service.ReleaseService.FIRST_ITEM.getClass().getName() == orig(com.ctrip.framework.apollo.biz.service.ReleaseService.FIRST_ITEM.getClass().getName())	INVALID	
apollo	com.ctrip.framework.apollo.biz.service.ItemSetService.updateSet(java.lang.String, java.lang.String, java.lang.String, com.ctrip.framework.apollo.common.dto.ItemChangeSets)	83	com.ctrip.framework.apollo.biz.service.ItemSetService.updateSet(java.lang.String, java.lang.String, java.lang.String, com.ctrip.framework.apollo.common.dto.ItemChangeSets):::EXIT	com.ctrip.framework.apollo.biz.service.ReleaseService.OPERATION_CONTEXT_TYPE_REFERENCE == orig(com.ctrip.framework.apollo.biz.service.ReleaseService.OPERATION_CONTEXT_TYPE_REFERENCE)	INVALID	
apollo	com.ctrip.framework.apollo.biz.service.ItemSetService.updateSet(java.lang.String, java.lang.String, java.lang.String, com.ctrip.framework.apollo.common.dto.ItemChangeSets)	84	com.ctrip.framework.apollo.biz.service.ItemSetService.updateSet(java.lang.String, java.lang.String, java.lang.String, com.ctrip.framework.apollo.common.dto.ItemChangeSets):::EXIT	this.namespaceService.clusterService == orig(this.namespaceService.clusterService)	INVALID	
apollo	com.ctrip.framework.apollo.biz.service.ItemSetService.updateSet(java.lang.String, java.lang.String, java.lang.String, com.ctrip.framework.apollo.common.dto.ItemChangeSets)	85	com.ctrip.framework.apollo.biz.service.ItemSetService.updateSet(java.lang.String, java.lang.String, java.lang.String, com.ctrip.framework.apollo.common.dto.ItemChangeSets):::EXIT	this.namespaceService.namespaceBranchService == orig(this.namespaceService.namespaceBranchService)	INVALID	
apollo	com.ctrip.framework.apollo.biz.service.ItemSetService.updateSet(java.lang.String, java.lang.String, java.lang.String, com.ctrip.framework.apollo.common.dto.ItemChangeSets)	86	com.ctrip.framework.apollo.biz.service.ItemSetService.updateSet(java.lang.String, java.lang.String, java.lang.String, com.ctrip.framework.apollo.common.dto.ItemChangeSets):::EXIT	this.namespaceService.releaseHistoryService == orig(this.namespaceService.releaseHistoryService)	INVALID	
apollo	com.ctrip.framework.apollo.biz.service.ItemSetService.updateSet(java.lang.String, java.lang.String, java.lang.String, com.ctrip.framework.apollo.common.dto.ItemChangeSets)	87	com.ctrip.framework.apollo.biz.service.ItemSetService.updateSet(java.lang.String, java.lang.String, java.lang.String, com.ctrip.framework.apollo.common.dto.ItemChangeSets):::EXIT	com.ctrip.framework.apollo.biz.service.ReleaseHistoryService.logger == orig(com.ctrip.framework.apollo.biz.service.ReleaseHistoryService.logger)	INVALID	
apollo	com.ctrip.framework.apollo.biz.service.ItemSetService.updateSet(java.lang.String, java.lang.String, java.lang.String, com.ctrip.framework.apollo.common.dto.ItemChangeSets)	88	com.ctrip.framework.apollo.biz.service.ItemSetService.updateSet(java.lang.String, java.lang.String, java.lang.String, com.ctrip.framework.apollo.common.dto.ItemChangeSets):::EXIT	com.ctrip.framework.apollo.biz.service.ReleaseHistoryService.GSON == orig(com.ctrip.framework.apollo.biz.service.ReleaseHistoryService.GSON)	INVALID	
apollo	com.ctrip.framework.apollo.biz.service.ItemSetService.updateSet(java.lang.String, java.lang.String, java.lang.String, com.ctrip.framework.apollo.common.dto.ItemChangeSets)	89	com.ctrip.framework.apollo.biz.service.ItemSetService.updateSet(java.lang.String, java.lang.String, java.lang.String, com.ctrip.framework.apollo.common.dto.ItemChangeSets):::EXIT	this.namespaceService.namespaceLockService == orig(this.namespaceService.namespaceLockService)	INVALID	
apollo	com.ctrip.framework.apollo.biz.service.ItemSetService.updateSet(java.lang.String, java.lang.String, java.lang.String, com.ctrip.framework.apollo.common.dto.ItemChangeSets)	90	com.ctrip.framework.apollo.biz.service.ItemSetService.updateSet(java.lang.String, java.lang.String, java.lang.String, com.ctrip.framework.apollo.common.dto.ItemChangeSets):::EXIT	this.namespaceService.instanceService == orig(this.namespaceService.instanceService)	INVALID	
apollo	com.ctrip.framework.apollo.biz.service.ItemSetService.updateSet(java.lang.String, java.lang.String, java.lang.String, com.ctrip.framework.apollo.common.dto.ItemChangeSets)	91	com.ctrip.framework.apollo.biz.service.ItemSetService.updateSet(java.lang.String, java.lang.String, java.lang.String, com.ctrip.framework.apollo.common.dto.ItemChangeSets):::EXIT	this.namespaceService.messageSender == orig(this.namespaceService.messageSender)	INVALID	
apollo	com.ctrip.framework.apollo.biz.service.ItemSetService.updateSet(java.lang.String, java.lang.String, java.lang.String, com.ctrip.framework.apollo.common.dto.ItemChangeSets)	92	com.ctrip.framework.apollo.biz.service.ItemSetService.updateSet(java.lang.String, java.lang.String, java.lang.String, com.ctrip.framework.apollo.common.dto.ItemChangeSets):::EXIT	this.bizConfig == orig(this.bizConfig)	INVALID	
apollo	com.ctrip.framework.apollo.biz.service.ItemSetService.updateSet(java.lang.String, java.lang.String, java.lang.String, com.ctrip.framework.apollo.common.dto.ItemChangeSets)	93	com.ctrip.framework.apollo.biz.service.ItemSetService.updateSet(java.lang.String, java.lang.String, java.lang.String, com.ctrip.framework.apollo.common.dto.ItemChangeSets):::EXIT	this.bizConfig.propertySource == orig(this.bizConfig.propertySource)	INVALID	
apollo	com.ctrip.framework.apollo.biz.service.ItemSetService.updateSet(java.lang.String, java.lang.String, java.lang.String, com.ctrip.framework.apollo.common.dto.ItemChangeSets)	94	com.ctrip.framework.apollo.biz.service.ItemSetService.updateSet(java.lang.String, java.lang.String, java.lang.String, com.ctrip.framework.apollo.common.dto.ItemChangeSets):::EXIT	com.ctrip.framework.apollo.biz.service.BizDBPropertySource.logger == orig(com.ctrip.framework.apollo.biz.service.BizDBPropertySource.logger)	INVALID	
apollo	com.ctrip.framework.apollo.biz.service.ItemSetService.updateSet(java.lang.String, java.lang.String, java.lang.String, com.ctrip.framework.apollo.common.dto.ItemChangeSets)	95	com.ctrip.framework.apollo.biz.service.ItemSetService.updateSet(java.lang.String, java.lang.String, java.lang.String, com.ctrip.framework.apollo.common.dto.ItemChangeSets):::EXIT	this.bizConfig.splitter == orig(this.bizConfig.splitter)	INVALID	
apollo	com.ctrip.framework.apollo.biz.service.ItemSetService.updateSet(java.lang.String, java.lang.String, java.lang.String, com.ctrip.framework.apollo.common.dto.ItemChangeSets)	96	com.ctrip.framework.apollo.biz.service.ItemSetService.updateSet(java.lang.String, java.lang.String, java.lang.String, com.ctrip.framework.apollo.common.dto.ItemChangeSets):::EXIT	this.bizConfig.environment == orig(this.bizConfig.environment)	INVALID	
apollo	com.ctrip.framework.apollo.biz.service.ItemSetService.updateSet(java.lang.String, java.lang.String, java.lang.String, com.ctrip.framework.apollo.common.dto.ItemChangeSets)	97	com.ctrip.framework.apollo.biz.service.ItemSetService.updateSet(java.lang.String, java.lang.String, java.lang.String, com.ctrip.framework.apollo.common.dto.ItemChangeSets):::EXIT	this.bizConfig.propertySources == orig(this.bizConfig.propertySources)	INVALID	
apollo	com.ctrip.framework.apollo.biz.service.ItemSetService.updateSet(java.lang.String, java.lang.String, java.lang.String, com.ctrip.framework.apollo.common.dto.ItemChangeSets)	98	com.ctrip.framework.apollo.biz.service.ItemSetService.updateSet(java.lang.String, java.lang.String, java.lang.String, com.ctrip.framework.apollo.common.dto.ItemChangeSets):::EXIT	this.bizConfig.executorService == orig(this.bizConfig.executorService)	INVALID	
apollo	com.ctrip.framework.apollo.biz.service.ItemSetService.updateSet(java.lang.String, java.lang.String, java.lang.String, com.ctrip.framework.apollo.common.dto.ItemChangeSets)	99	com.ctrip.framework.apollo.biz.service.ItemSetService.updateSet(java.lang.String, java.lang.String, java.lang.String, com.ctrip.framework.apollo.common.dto.ItemChangeSets):::EXIT	appId.toString == orig(appId.toString)	INVALID	
apollo	com.ctrip.framework.apollo.biz.service.ItemSetService.updateSet(java.lang.String, java.lang.String, java.lang.String, com.ctrip.framework.apollo.common.dto.ItemChangeSets)	100	com.ctrip.framework.apollo.biz.service.ItemSetService.updateSet(java.lang.String, java.lang.String, java.lang.String, com.ctrip.framework.apollo.common.dto.ItemChangeSets):::EXIT	clusterName.toString == orig(clusterName.toString)	INVALID	
apollo	com.ctrip.framework.apollo.biz.service.ItemSetService.updateSet(java.lang.String, java.lang.String, java.lang.String, com.ctrip.framework.apollo.common.dto.ItemChangeSets)	101	com.ctrip.framework.apollo.biz.service.ItemSetService.updateSet(java.lang.String, java.lang.String, java.lang.String, com.ctrip.framework.apollo.common.dto.ItemChangeSets):::EXIT	namespaceName.toString == orig(namespaceName.toString)	INVALID	
apollo	com.ctrip.framework.apollo.biz.service.ItemSetService.updateSet(java.lang.String, java.lang.String, java.lang.String, com.ctrip.framework.apollo.common.dto.ItemChangeSets)	102	com.ctrip.framework.apollo.biz.service.ItemSetService.updateSet(java.lang.String, java.lang.String, java.lang.String, com.ctrip.framework.apollo.common.dto.ItemChangeSets):::EXIT	changeSet.createItems == return.createItems	VALID	changeSet.createItems == result.createItems
apollo	com.ctrip.framework.apollo.biz.service.ItemSetService.updateSet(java.lang.String, java.lang.String, java.lang.String, com.ctrip.framework.apollo.common.dto.ItemChangeSets)	103	com.ctrip.framework.apollo.biz.service.ItemSetService.updateSet(java.lang.String, java.lang.String, java.lang.String, com.ctrip.framework.apollo.common.dto.ItemChangeSets):::EXIT	changeSet.createItems == orig(changeSet.createItems)	INVALID	
apollo	com.ctrip.framework.apollo.biz.service.ItemSetService.updateSet(java.lang.String, java.lang.String, java.lang.String, com.ctrip.framework.apollo.common.dto.ItemChangeSets)	104	com.ctrip.framework.apollo.biz.service.ItemSetService.updateSet(java.lang.String, java.lang.String, java.lang.String, com.ctrip.framework.apollo.common.dto.ItemChangeSets):::EXIT	changeSet.createItems[] == return.createItems[]	VALID	changeSet.createItems.size() == result.createItems.size() && java.util.stream.IntStream.range(0, changeSet.createItems.size()).allMatch(i -> changeSet.createItems.get(i) == result.createItems.get(i))
apollo	com.ctrip.framework.apollo.biz.service.ItemSetService.updateSet(java.lang.String, java.lang.String, java.lang.String, com.ctrip.framework.apollo.common.dto.ItemChangeSets)	105	com.ctrip.framework.apollo.biz.service.ItemSetService.updateSet(java.lang.String, java.lang.String, java.lang.String, com.ctrip.framework.apollo.common.dto.ItemChangeSets):::EXIT	changeSet.createItems[] == orig(changeSet.createItems[])	INVALID	
apollo	com.ctrip.framework.apollo.biz.service.ItemSetService.updateSet(java.lang.String, java.lang.String, java.lang.String, com.ctrip.framework.apollo.common.dto.ItemChangeSets)	106	com.ctrip.framework.apollo.biz.service.ItemSetService.updateSet(java.lang.String, java.lang.String, java.lang.String, com.ctrip.framework.apollo.common.dto.ItemChangeSets):::EXIT	changeSet.createItems.getClass().getName() == changeSet.updateItems.getClass().getName()	VALID	changeSet.createItems.getClass().getName().equals(changeSet.updateItems.getClass().getName())
apollo	com.ctrip.framework.apollo.biz.service.ItemSetService.updateSet(java.lang.String, java.lang.String, java.lang.String, com.ctrip.framework.apollo.common.dto.ItemChangeSets)	107	com.ctrip.framework.apollo.biz.service.ItemSetService.updateSet(java.lang.String, java.lang.String, java.lang.String, com.ctrip.framework.apollo.common.dto.ItemChangeSets):::EXIT	changeSet.createItems.getClass().getName() == changeSet.deleteItems.getClass().getName()	VALID	changeSet.createItems.getClass().getName().equals(changeSet.deleteItems.getClass().getName())
apollo	com.ctrip.framework.apollo.biz.service.ItemSetService.updateSet(java.lang.String, java.lang.String, java.lang.String, com.ctrip.framework.apollo.common.dto.ItemChangeSets)	108	com.ctrip.framework.apollo.biz.service.ItemSetService.updateSet(java.lang.String, java.lang.String, java.lang.String, com.ctrip.framework.apollo.common.dto.ItemChangeSets):::EXIT	changeSet.createItems.getClass().getName() == return.createItems.getClass().getName()	VALID	changeSet.createItems.getClass().getName().equals(result.createItems.getClass().getName())
apollo	com.ctrip.framework.apollo.biz.service.ItemSetService.updateSet(java.lang.String, java.lang.String, java.lang.String, com.ctrip.framework.apollo.common.dto.ItemChangeSets)	109	com.ctrip.framework.apollo.biz.service.ItemSetService.updateSet(java.lang.String, java.lang.String, java.lang.String, com.ctrip.framework.apollo.common.dto.ItemChangeSets):::EXIT	changeSet.createItems.getClass().getName() == return.updateItems.getClass().getName()	VALID	changeSet.createItems.getClass().getName().equals(result.updateItems.getClass().getName())
apollo	com.ctrip.framework.apollo.biz.service.ItemSetService.updateSet(java.lang.String, java.lang.String, java.lang.String, com.ctrip.framework.apollo.common.dto.ItemChangeSets)	110	com.ctrip.framework.apollo.biz.service.ItemSetService.updateSet(java.lang.String, java.lang.String, java.lang.String, com.ctrip.framework.apollo.common.dto.ItemChangeSets):::EXIT	changeSet.createItems.getClass().getName() == return.deleteItems.getClass().getName()	VALID	changeSet.createItems.getClass().getName().equals(result.deleteItems.getClass().getName())
apollo	com.ctrip.framework.apollo.biz.service.ItemSetService.updateSet(java.lang.String, java.lang.String, java.lang.String, com.ctrip.framework.apollo.common.dto.ItemChangeSets)	111	com.ctrip.framework.apollo.biz.service.ItemSetService.updateSet(java.lang.String, java.lang.String, java.lang.String, com.ctrip.framework.apollo.common.dto.ItemChangeSets):::EXIT	changeSet.createItems.getClass().getName() == orig(changeSet.createItems.getClass().getName())	INVALID	
apollo	com.ctrip.framework.apollo.biz.service.ItemSetService.updateSet(java.lang.String, java.lang.String, java.lang.String, com.ctrip.framework.apollo.common.dto.ItemChangeSets)	112	com.ctrip.framework.apollo.biz.service.ItemSetService.updateSet(java.lang.String, java.lang.String, java.lang.String, com.ctrip.framework.apollo.common.dto.ItemChangeSets):::EXIT	changeSet.createItems.getClass().getName() == orig(changeSet.updateItems.getClass().getName())	INVALID	
apollo	com.ctrip.framework.apollo.biz.service.ItemSetService.updateSet(java.lang.String, java.lang.String, java.lang.String, com.ctrip.framework.apollo.common.dto.ItemChangeSets)	113	com.ctrip.framework.apollo.biz.service.ItemSetService.updateSet(java.lang.String, java.lang.String, java.lang.String, com.ctrip.framework.apollo.common.dto.ItemChangeSets):::EXIT	changeSet.createItems.getClass().getName() == orig(changeSet.deleteItems.getClass().getName())	INVALID	
apollo	com.ctrip.framework.apollo.biz.service.ItemSetService.updateSet(java.lang.String, java.lang.String, java.lang.String, com.ctrip.framework.apollo.common.dto.ItemChangeSets)	114	com.ctrip.framework.apollo.biz.service.ItemSetService.updateSet(java.lang.String, java.lang.String, java.lang.String, com.ctrip.framework.apollo.common.dto.ItemChangeSets):::EXIT	changeSet.updateItems == return.updateItems	VALID	changeSet.updateItems == result.updateItems
apollo	com.ctrip.framework.apollo.biz.service.ItemSetService.updateSet(java.lang.String, java.lang.String, java.lang.String, com.ctrip.framework.apollo.common.dto.ItemChangeSets)	115	com.ctrip.framework.apollo.biz.service.ItemSetService.updateSet(java.lang.String, java.lang.String, java.lang.String, com.ctrip.framework.apollo.common.dto.ItemChangeSets):::EXIT	changeSet.updateItems == orig(changeSet.updateItems)	INVALID	
apollo	com.ctrip.framework.apollo.biz.service.ItemSetService.updateSet(java.lang.String, java.lang.String, java.lang.String, com.ctrip.framework.apollo.common.dto.ItemChangeSets)	116	com.ctrip.framework.apollo.biz.service.ItemSetService.updateSet(java.lang.String, java.lang.String, java.lang.String, com.ctrip.framework.apollo.common.dto.ItemChangeSets):::EXIT	changeSet.updateItems[] == return.updateItems[]	VALID	changeSet.updateItems.size() == result.updateItems.size() && java.util.stream.IntStream.range(0, changeSet.updateItems.size()).allMatch(i -> changeSet.updateItems.get(i) == result.updateItems.get(i))
apollo	com.ctrip.framework.apollo.biz.service.ItemSetService.updateSet(java.lang.String, java.lang.String, java.lang.String, com.ctrip.framework.apollo.common.dto.ItemChangeSets)	117	com.ctrip.framework.apollo.biz.service.ItemSetService.updateSet(java.lang.String, java.lang.String, java.lang.String, com.ctrip.framework.apollo.common.dto.ItemChangeSets):::EXIT	changeSet.updateItems[] == orig(changeSet.updateItems[])	INVALID	
apollo	com.ctrip.framework.apollo.biz.service.ItemSetService.updateSet(java.lang.String, java.lang.String, java.lang.String, com.ctrip.framework.apollo.common.dto.ItemChangeSets)	118	com.ctrip.framework.apollo.biz.service.ItemSetService.updateSet(java.lang.String, java.lang.String, java.lang.String, com.ctrip.framework.apollo.common.dto.ItemChangeSets):::EXIT	changeSet.deleteItems == return.deleteItems	VALID	changeSet.deleteItems == result.deleteItems
apollo	com.ctrip.framework.apollo.biz.service.ItemSetService.updateSet(java.lang.String, java.lang.String, java.lang.String, com.ctrip.framework.apollo.common.dto.ItemChangeSets)	119	com.ctrip.framework.apollo.biz.service.ItemSetService.updateSet(java.lang.String, java.lang.String, java.lang.String, com.ctrip.framework.apollo.common.dto.ItemChangeSets):::EXIT	changeSet.deleteItems == orig(changeSet.deleteItems)	INVALID	
apollo	com.ctrip.framework.apollo.biz.service.ItemSetService.updateSet(java.lang.String, java.lang.String, java.lang.String, com.ctrip.framework.apollo.common.dto.ItemChangeSets)	120	com.ctrip.framework.apollo.biz.service.ItemSetService.updateSet(java.lang.String, java.lang.String, java.lang.String, com.ctrip.framework.apollo.common.dto.ItemChangeSets):::EXIT	changeSet.deleteItems[] == return.deleteItems[]	VALID	changeSet.deleteItems.size() == result.deleteItems.size() && java.util.stream.IntStream.range(0, changeSet.deleteItems.size()).allMatch(i -> changeSet.deleteItems.get(i) == result.deleteItems.get(i))
apollo	com.ctrip.framework.apollo.biz.service.ItemSetService.updateSet(java.lang.String, java.lang.String, java.lang.String, com.ctrip.framework.apollo.common.dto.ItemChangeSets)	121	com.ctrip.framework.apollo.biz.service.ItemSetService.updateSet(java.lang.String, java.lang.String, java.lang.String, com.ctrip.framework.apollo.common.dto.ItemChangeSets):::EXIT	changeSet.deleteItems[] == orig(changeSet.deleteItems[])	INVALID	
apollo	com.ctrip.framework.apollo.biz.service.ItemSetService.updateSet(java.lang.String, java.lang.String, java.lang.String, com.ctrip.framework.apollo.common.dto.ItemChangeSets)	122	com.ctrip.framework.apollo.biz.service.ItemSetService.updateSet(java.lang.String, java.lang.String, java.lang.String, com.ctrip.framework.apollo.common.dto.ItemChangeSets):::EXIT	changeSet.dataChangeCreatedBy == changeSet.dataChangeLastModifiedBy	VALID	java.util.Objects.equals(changeSet.dataChangeCreatedBy, changeSet.dataChangeLastModifiedBy)
apollo	com.ctrip.framework.apollo.biz.service.ItemSetService.updateSet(java.lang.String, java.lang.String, java.lang.String, com.ctrip.framework.apollo.common.dto.ItemChangeSets)	123	com.ctrip.framework.apollo.biz.service.ItemSetService.updateSet(java.lang.String, java.lang.String, java.lang.String, com.ctrip.framework.apollo.common.dto.ItemChangeSets):::EXIT	changeSet.dataChangeCreatedBy == changeSet.dataChangeCreatedByDisplayName	VALID	java.util.Objects.equals(changeSet.dataChangeCreatedBy, changeSet.dataChangeCreatedByDisplayName)
apollo	com.ctrip.framework.apollo.biz.service.ItemSetService.updateSet(java.lang.String, java.lang.String, java.lang.String, com.ctrip.framework.apollo.common.dto.ItemChangeSets)	124	com.ctrip.framework.apollo.biz.service.ItemSetService.updateSet(java.lang.String, java.lang.String, java.lang.String, com.ctrip.framework.apollo.common.dto.ItemChangeSets):::EXIT	changeSet.dataChangeCreatedBy == changeSet.dataChangeLastModifiedByDisplayName	VALID	java.util.Objects.equals(changeSet.dataChangeCreatedBy, changeSet.dataChangeLastModifiedByDisplayName)
apollo	com.ctrip.framework.apollo.biz.service.ItemSetService.updateSet(java.lang.String, java.lang.String, java.lang.String, com.ctrip.framework.apollo.common.dto.ItemChangeSets)	125	com.ctrip.framework.apollo.biz.service.ItemSetService.updateSet(java.lang.String, java.lang.String, java.lang.String, com.ctrip.framework.apollo.common.dto.ItemChangeSets):::EXIT	changeSet.dataChangeCreatedBy == return.dataChangeCreatedBy	VALID	java.util.Objects.equals(changeSet.dataChangeCreatedBy, result.dataChangeCreatedBy)
apollo	com.ctrip.framework.apollo.biz.service.ItemSetService.updateSet(java.lang.String, java.lang.String, java.lang.String, com.ctrip.framework.apollo.common.dto.ItemChangeSets)	126	com.ctrip.framework.apollo.biz.service.ItemSetService.updateSet(java.lang.String, java.lang.String, java.lang.String, com.ctrip.framework.apollo.common.dto.ItemChangeSets):::EXIT	changeSet.dataChangeCreatedBy == return.dataChangeLastModifiedBy	VALID	java.util.Objects.equals(changeSet.dataChangeCreatedBy, result.dataChangeLastModifiedBy)
apollo	com.ctrip.framework.apollo.biz.service.ItemSetService.updateSet(java.lang.String, java.lang.String, java.lang.String, com.ctrip.framework.apollo.common.dto.ItemChangeSets)	127	com.ctrip.framework.apollo.biz.service.ItemSetService.updateSet(java.lang.String, java.lang.String, java.lang.String, com.ctrip.framework.apollo.common.dto.ItemChangeSets):::EXIT	changeSet.dataChangeCreatedBy == return.dataChangeCreatedByDisplayName	VALID	java.util.Objects.equals(changeSet.dataChangeCreatedBy, result.dataChangeCreatedByDisplayName)
apollo	com.ctrip.framework.apollo.biz.service.ItemSetService.updateSet(java.lang.String, java.lang.String, java.lang.String, com.ctrip.framework.apollo.common.dto.ItemChangeSets)	128	com.ctrip.framework.apollo.biz.service.ItemSetService.updateSet(java.lang.String, java.lang.String, java.lang.String, com.ctrip.framework.apollo.common.dto.ItemChangeSets):::EXIT	changeSet.dataChangeCreatedBy == return.dataChangeLastModifiedByDisplayName	VALID	java.util.Objects.equals(changeSet.dataChangeCreatedBy, result.dataChangeLastModifiedByDisplayName)
apollo	com.ctrip.framework.apollo.biz.service.ItemSetService.updateSet(java.lang.String, java.lang.String, java.lang.String, com.ctrip.framework.apollo.common.dto.ItemChangeSets)	129	com.ctrip.framework.apollo.biz.service.ItemSetService.updateSet(java.lang.String, java.lang.String, java.lang.String, com.ctrip.framework.apollo.common.dto.ItemChangeSets):::EXIT	changeSet.dataChangeCreatedBy == orig(changeSet.dataChangeCreatedBy)	INVALID	
apollo	com.ctrip.framework.apollo.biz.service.ItemSetService.updateSet(java.lang.String, java.lang.String, java.lang.String, com.ctrip.framework.apollo.common.dto.ItemChangeSets)	130	com.ctrip.framework.apollo.biz.service.ItemSetService.updateSet(java.lang.String, java.lang.String, java.lang.String, com.ctrip.framework.apollo.common.dto.ItemChangeSets):::EXIT	changeSet.dataChangeCreatedBy == orig(changeSet.dataChangeLastModifiedBy)	INVALID	
apollo	com.ctrip.framework.apollo.biz.service.ItemSetService.updateSet(java.lang.String, java.lang.String, java.lang.String, com.ctrip.framework.apollo.common.dto.ItemChangeSets)	131	com.ctrip.framework.apollo.biz.service.ItemSetService.updateSet(java.lang.String, java.lang.String, java.lang.String, com.ctrip.framework.apollo.common.dto.ItemChangeSets):::EXIT	changeSet.dataChangeCreatedBy == orig(changeSet.dataChangeCreatedByDisplayName)	INVALID	
apollo	com.ctrip.framework.apollo.biz.service.ItemSetService.updateSet(java.lang.String, java.lang.String, java.lang.String, com.ctrip.framework.apollo.common.dto.ItemChangeSets)	132	com.ctrip.framework.apollo.biz.service.ItemSetService.updateSet(java.lang.String, java.lang.String, java.lang.String, com.ctrip.framework.apollo.common.dto.ItemChangeSets):::EXIT	changeSet.dataChangeCreatedBy == orig(changeSet.dataChangeLastModifiedByDisplayName)	INVALID	
apollo	com.ctrip.framework.apollo.biz.service.ItemSetService.updateSet(java.lang.String, java.lang.String, java.lang.String, com.ctrip.framework.apollo.common.dto.ItemChangeSets)	133	com.ctrip.framework.apollo.biz.service.ItemSetService.updateSet(java.lang.String, java.lang.String, java.lang.String, com.ctrip.framework.apollo.common.dto.ItemChangeSets):::EXIT	changeSet.dataChangeCreatedTime == changeSet.dataChangeLastModifiedTime	VALID	changeSet.dataChangeCreatedTime == changeSet.dataChangeLastModifiedTime
apollo	com.ctrip.framework.apollo.biz.service.ItemSetService.updateSet(java.lang.String, java.lang.String, java.lang.String, com.ctrip.framework.apollo.common.dto.ItemChangeSets)	134	com.ctrip.framework.apollo.biz.service.ItemSetService.updateSet(java.lang.String, java.lang.String, java.lang.String, com.ctrip.framework.apollo.common.dto.ItemChangeSets):::EXIT	changeSet.dataChangeCreatedTime == return.dataChangeCreatedTime	VALID	changeSet.dataChangeCreatedTime == result.dataChangeCreatedTime
apollo	com.ctrip.framework.apollo.biz.service.ItemSetService.updateSet(java.lang.String, java.lang.String, java.lang.String, com.ctrip.framework.apollo.common.dto.ItemChangeSets)	135	com.ctrip.framework.apollo.biz.service.ItemSetService.updateSet(java.lang.String, java.lang.String, java.lang.String, com.ctrip.framework.apollo.common.dto.ItemChangeSets):::EXIT	changeSet.dataChangeCreatedTime == return.dataChangeLastModifiedTime	VALID	changeSet.dataChangeCreatedTime == result.dataChangeLastModifiedTime
apollo	com.ctrip.framework.apollo.biz.service.ItemSetService.updateSet(java.lang.String, java.lang.String, java.lang.String, com.ctrip.framework.apollo.common.dto.ItemChangeSets)	136	com.ctrip.framework.apollo.biz.service.ItemSetService.updateSet(java.lang.String, java.lang.String, java.lang.String, com.ctrip.framework.apollo.common.dto.ItemChangeSets):::EXIT	changeSet.dataChangeCreatedTime == orig(changeSet.dataChangeCreatedTime)	INVALID	
apollo	com.ctrip.framework.apollo.biz.service.ItemSetService.updateSet(java.lang.String, java.lang.String, java.lang.String, com.ctrip.framework.apollo.common.dto.ItemChangeSets)	137	com.ctrip.framework.apollo.biz.service.ItemSetService.updateSet(java.lang.String, java.lang.String, java.lang.String, com.ctrip.framework.apollo.common.dto.ItemChangeSets):::EXIT	changeSet.dataChangeCreatedTime == orig(changeSet.dataChangeLastModifiedTime)	INVALID	
apollo	com.ctrip.framework.apollo.biz.service.ItemSetService.updateSet(java.lang.String, java.lang.String, java.lang.String, com.ctrip.framework.apollo.common.dto.ItemChangeSets)	138	com.ctrip.framework.apollo.biz.service.ItemSetService.updateSet(java.lang.String, java.lang.String, java.lang.String, com.ctrip.framework.apollo.common.dto.ItemChangeSets):::EXIT	return == orig(changeSet)	INVALID	
apollo	com.ctrip.framework.apollo.biz.service.ItemSetService.updateSet(java.lang.String, java.lang.String, java.lang.String, com.ctrip.framework.apollo.common.dto.ItemChangeSets)	139	com.ctrip.framework.apollo.biz.service.ItemSetService.updateSet(java.lang.String, java.lang.String, java.lang.String, com.ctrip.framework.apollo.common.dto.ItemChangeSets):::EXIT	size(changeSet.updateItems[]) == size(changeSet.deleteItems[])	VALID	changeSet.updateItems.size() == changeSet.deleteItems.size()
apollo	com.ctrip.framework.apollo.biz.service.ItemSetService.updateSet(java.lang.String, java.lang.String, java.lang.String, com.ctrip.framework.apollo.common.dto.ItemChangeSets)	140	com.ctrip.framework.apollo.biz.service.ItemSetService.updateSet(java.lang.String, java.lang.String, java.lang.String, com.ctrip.framework.apollo.common.dto.ItemChangeSets):::EXIT	size(changeSet.updateItems[]) == size(return.deleteItems[])	VALID	changeSet.updateItems.size() == result.deleteItems.size()
apollo	com.ctrip.framework.apollo.biz.service.ItemSetService.updateSet(java.lang.String, java.lang.String, java.lang.String, com.ctrip.framework.apollo.common.dto.ItemChangeSets)	141	com.ctrip.framework.apollo.biz.service.ItemSetService.updateSet(java.lang.String, java.lang.String, java.lang.String, com.ctrip.framework.apollo.common.dto.ItemChangeSets):::EXIT	size(changeSet.updateItems[]) == orig(size(changeSet.deleteItems[]))	INVALID	
apollo	com.ctrip.framework.apollo.biz.service.ItemSetService.updateSet(java.lang.String, java.lang.String, java.lang.String, com.ctrip.framework.apollo.common.dto.ItemChangeSets)	142	com.ctrip.framework.apollo.biz.service.ItemSetService.updateSet(java.lang.String, java.lang.String, java.lang.String, com.ctrip.framework.apollo.common.dto.ItemChangeSets):::EXIT	this.auditService has only one value	INVALID	
apollo	com.ctrip.framework.apollo.biz.service.ItemSetService.updateSet(java.lang.String, java.lang.String, java.lang.String, com.ctrip.framework.apollo.common.dto.ItemChangeSets)	143	com.ctrip.framework.apollo.biz.service.ItemSetService.updateSet(java.lang.String, java.lang.String, java.lang.String, com.ctrip.framework.apollo.common.dto.ItemChangeSets):::EXIT	this.commitService has only one value	INVALID	
apollo	com.ctrip.framework.apollo.biz.service.ItemSetService.updateSet(java.lang.String, java.lang.String, java.lang.String, com.ctrip.framework.apollo.common.dto.ItemChangeSets)	144	com.ctrip.framework.apollo.biz.service.ItemSetService.updateSet(java.lang.String, java.lang.String, java.lang.String, com.ctrip.framework.apollo.common.dto.ItemChangeSets):::EXIT	this.itemService has only one value	INVALID	
apollo	com.ctrip.framework.apollo.biz.service.ItemSetService.updateSet(java.lang.String, java.lang.String, java.lang.String, com.ctrip.framework.apollo.common.dto.ItemChangeSets)	145	com.ctrip.framework.apollo.biz.service.ItemSetService.updateSet(java.lang.String, java.lang.String, java.lang.String, com.ctrip.framework.apollo.common.dto.ItemChangeSets):::EXIT	this.namespaceService has only one value	INVALID	
apollo	com.ctrip.framework.apollo.biz.service.ItemSetService.updateSet(java.lang.String, java.lang.String, java.lang.String, com.ctrip.framework.apollo.common.dto.ItemChangeSets)	146	com.ctrip.framework.apollo.biz.service.ItemSetService.updateSet(java.lang.String, java.lang.String, java.lang.String, com.ctrip.framework.apollo.common.dto.ItemChangeSets):::EXIT	this.bizConfig has only one value	INVALID	
apollo	com.ctrip.framework.apollo.biz.service.ItemSetService.updateSet(java.lang.String, java.lang.String, java.lang.String, com.ctrip.framework.apollo.common.dto.ItemChangeSets)	147	com.ctrip.framework.apollo.biz.service.ItemSetService.updateSet(java.lang.String, java.lang.String, java.lang.String, com.ctrip.framework.apollo.common.dto.ItemChangeSets):::EXIT	this.bizConfig.propertySource == null	VALID	this.bizConfig.propertySource == null
apollo	com.ctrip.framework.apollo.biz.service.ItemSetService.updateSet(java.lang.String, java.lang.String, java.lang.String, com.ctrip.framework.apollo.common.dto.ItemChangeSets)	148	com.ctrip.framework.apollo.biz.service.ItemSetService.updateSet(java.lang.String, java.lang.String, java.lang.String, com.ctrip.framework.apollo.common.dto.ItemChangeSets):::EXIT	this.bizConfig.splitter == null	VALID	this.bizConfig.splitter == null
apollo	com.ctrip.framework.apollo.biz.service.ItemSetService.updateSet(java.lang.String, java.lang.String, java.lang.String, com.ctrip.framework.apollo.common.dto.ItemChangeSets)	149	com.ctrip.framework.apollo.biz.service.ItemSetService.updateSet(java.lang.String, java.lang.String, java.lang.String, com.ctrip.framework.apollo.common.dto.ItemChangeSets):::EXIT	this.bizConfig.environment == null	VALID	this.bizConfig.environment == null
apollo	com.ctrip.framework.apollo.biz.service.ItemSetService.updateSet(java.lang.String, java.lang.String, java.lang.String, com.ctrip.framework.apollo.common.dto.ItemChangeSets)	150	com.ctrip.framework.apollo.biz.service.ItemSetService.updateSet(java.lang.String, java.lang.String, java.lang.String, com.ctrip.framework.apollo.common.dto.ItemChangeSets):::EXIT	this.bizConfig.propertySources == null	VALID	this.bizConfig.propertySources == null
apollo	com.ctrip.framework.apollo.biz.service.ItemSetService.updateSet(java.lang.String, java.lang.String, java.lang.String, com.ctrip.framework.apollo.common.dto.ItemChangeSets)	151	com.ctrip.framework.apollo.biz.service.ItemSetService.updateSet(java.lang.String, java.lang.String, java.lang.String, com.ctrip.framework.apollo.common.dto.ItemChangeSets):::EXIT	this.bizConfig.executorService == null	VALID	this.bizConfig.executorService == null
apollo	com.ctrip.framework.apollo.biz.service.ItemSetService.updateSet(java.lang.String, java.lang.String, java.lang.String, com.ctrip.framework.apollo.common.dto.ItemChangeSets)	152	com.ctrip.framework.apollo.biz.service.ItemSetService.updateSet(java.lang.String, java.lang.String, java.lang.String, com.ctrip.framework.apollo.common.dto.ItemChangeSets):::EXIT	"appId.toString == ""testApp"""	VALID	"""testApp"".equals(appId)"
apollo	com.ctrip.framework.apollo.biz.service.ItemSetService.updateSet(java.lang.String, java.lang.String, java.lang.String, com.ctrip.framework.apollo.common.dto.ItemChangeSets)	153	com.ctrip.framework.apollo.biz.service.ItemSetService.updateSet(java.lang.String, java.lang.String, java.lang.String, com.ctrip.framework.apollo.common.dto.ItemChangeSets):::EXIT	"clusterName.toString == ""default"""	VALID	"""default"".equals(clusterName)"
apollo	com.ctrip.framework.apollo.biz.service.ItemSetService.updateSet(java.lang.String, java.lang.String, java.lang.String, com.ctrip.framework.apollo.common.dto.ItemChangeSets)	154	com.ctrip.framework.apollo.biz.service.ItemSetService.updateSet(java.lang.String, java.lang.String, java.lang.String, com.ctrip.framework.apollo.common.dto.ItemChangeSets):::EXIT	"namespaceName.toString == ""application"""	VALID	"""application"".equals(namespaceName)"
apollo	com.ctrip.framework.apollo.biz.service.ItemSetService.updateSet(java.lang.String, java.lang.String, java.lang.String, com.ctrip.framework.apollo.common.dto.ItemChangeSets)	155	com.ctrip.framework.apollo.biz.service.ItemSetService.updateSet(java.lang.String, java.lang.String, java.lang.String, com.ctrip.framework.apollo.common.dto.ItemChangeSets):::EXIT	changeSet.createItems[].getClass().getName() elements == com.ctrip.framework.apollo.common.dto.ItemDTO.class	VALID	changeSet.createItems.stream().allMatch(item -> item.getClass() == com.ctrip.framework.apollo.common.dto.ItemDTO.class)
apollo	com.ctrip.framework.apollo.biz.service.ItemSetService.updateSet(java.lang.String, java.lang.String, java.lang.String, com.ctrip.framework.apollo.common.dto.ItemChangeSets)	156	com.ctrip.framework.apollo.biz.service.ItemSetService.updateSet(java.lang.String, java.lang.String, java.lang.String, com.ctrip.framework.apollo.common.dto.ItemChangeSets):::EXIT	changeSet.createItems[].getClass().getName() one of { [com.ctrip.framework.apollo.common.dto.ItemDTO], [com.ctrip.framework.apollo.common.dto.ItemDTO, com.ctrip.framework.apollo.common.dto.ItemDTO] }	VALID	(changeSet.createItems.size() == 1 && changeSet.createItems.get(0).getClass() == com.ctrip.framework.apollo.common.dto.ItemDTO.class) || (changeSet.createItems.size() == 2 && changeSet.createItems.get(0).getClass() == com.ctrip.framework.apollo.common.dto.ItemDTO.class && changeSet.createItems.get(1).getClass() == com.ctrip.framework.apollo.common.dto.ItemDTO.class)
apollo	com.ctrip.framework.apollo.biz.service.ItemSetService.updateSet(java.lang.String, java.lang.String, java.lang.String, com.ctrip.framework.apollo.common.dto.ItemChangeSets)	157	com.ctrip.framework.apollo.biz.service.ItemSetService.updateSet(java.lang.String, java.lang.String, java.lang.String, com.ctrip.framework.apollo.common.dto.ItemChangeSets):::EXIT	changeSet.createItems.getClass().getName() == java.util.LinkedList.class	VALID	changeSet.createItems.getClass() == java.util.LinkedList.class
apollo	com.ctrip.framework.apollo.biz.service.ItemSetService.updateSet(java.lang.String, java.lang.String, java.lang.String, com.ctrip.framework.apollo.common.dto.ItemChangeSets)	158	com.ctrip.framework.apollo.biz.service.ItemSetService.updateSet(java.lang.String, java.lang.String, java.lang.String, com.ctrip.framework.apollo.common.dto.ItemChangeSets):::EXIT	changeSet.updateItems[] elements has only one value	INVALID	
apollo	com.ctrip.framework.apollo.biz.service.ItemSetService.updateSet(java.lang.String, java.lang.String, java.lang.String, com.ctrip.framework.apollo.common.dto.ItemChangeSets)	159	com.ctrip.framework.apollo.biz.service.ItemSetService.updateSet(java.lang.String, java.lang.String, java.lang.String, com.ctrip.framework.apollo.common.dto.ItemChangeSets):::EXIT	changeSet.updateItems[].getClass().getName() elements == com.ctrip.framework.apollo.common.dto.ItemDTO.class	VALID	changeSet.updateItems.stream().allMatch(item -> item.getClass() == com.ctrip.framework.apollo.common.dto.ItemDTO.class)
apollo	com.ctrip.framework.apollo.biz.service.ItemSetService.updateSet(java.lang.String, java.lang.String, java.lang.String, com.ctrip.framework.apollo.common.dto.ItemChangeSets)	160	com.ctrip.framework.apollo.biz.service.ItemSetService.updateSet(java.lang.String, java.lang.String, java.lang.String, com.ctrip.framework.apollo.common.dto.ItemChangeSets):::EXIT	changeSet.updateItems[].getClass().getName() one of { [], [com.ctrip.framework.apollo.common.dto.ItemDTO] }	VALID	changeSet.updateItems.isEmpty() || (changeSet.updateItems.size() == 1 && changeSet.updateItems.get(0).getClass() == com.ctrip.framework.apollo.common.dto.ItemDTO.class)
apollo	com.ctrip.framework.apollo.biz.service.ItemSetService.updateSet(java.lang.String, java.lang.String, java.lang.String, com.ctrip.framework.apollo.common.dto.ItemChangeSets)	161	com.ctrip.framework.apollo.biz.service.ItemSetService.updateSet(java.lang.String, java.lang.String, java.lang.String, com.ctrip.framework.apollo.common.dto.ItemChangeSets):::EXIT	changeSet.deleteItems[] elements has only one value	INVALID	
apollo	com.ctrip.framework.apollo.biz.service.ItemSetService.updateSet(java.lang.String, java.lang.String, java.lang.String, com.ctrip.framework.apollo.common.dto.ItemChangeSets)	162	com.ctrip.framework.apollo.biz.service.ItemSetService.updateSet(java.lang.String, java.lang.String, java.lang.String, com.ctrip.framework.apollo.common.dto.ItemChangeSets):::EXIT	changeSet.dataChangeCreatedBy == null	VALID	changeSet.dataChangeCreatedBy == null
apollo	com.ctrip.framework.apollo.biz.service.ItemSetService.updateSet(java.lang.String, java.lang.String, java.lang.String, com.ctrip.framework.apollo.common.dto.ItemChangeSets)	163	com.ctrip.framework.apollo.biz.service.ItemSetService.updateSet(java.lang.String, java.lang.String, java.lang.String, com.ctrip.framework.apollo.common.dto.ItemChangeSets):::EXIT	changeSet.dataChangeCreatedTime == null	VALID	changeSet.dataChangeCreatedTime == null
apollo	com.ctrip.framework.apollo.biz.service.ItemSetService.updateSet(java.lang.String, java.lang.String, java.lang.String, com.ctrip.framework.apollo.common.dto.ItemChangeSets)	164	com.ctrip.framework.apollo.biz.service.ItemSetService.updateSet(java.lang.String, java.lang.String, java.lang.String, com.ctrip.framework.apollo.common.dto.ItemChangeSets):::EXIT	size(changeSet.createItems[]) one of { 1, 2 }	VALID	changeSet.createItems.size() == 1 || changeSet.createItems.size() == 2
apollo	com.ctrip.framework.apollo.biz.service.ItemSetService.updateSet(java.lang.String, java.lang.String, java.lang.String, com.ctrip.framework.apollo.common.dto.ItemChangeSets)	165	com.ctrip.framework.apollo.biz.service.ItemSetService.updateSet(java.lang.String, java.lang.String, java.lang.String, com.ctrip.framework.apollo.common.dto.ItemChangeSets):::EXIT	size(changeSet.updateItems[]) one of { 0, 1 }	VALID	changeSet.updateItems.size() == 0 || changeSet.updateItems.size() == 1
apollo	com.ctrip.framework.apollo.biz.service.ItemService.getItemInfoBySearch(java.lang.String, java.lang.String, org.springframework.data.domain.Pageable)	1	com.ctrip.framework.apollo.biz.service.ItemService.getItemInfoBySearch(java.lang.String, java.lang.String, org.springframework.data.domain.Pageable):::ENTER	com.ctrip.framework.apollo.biz.service.AppNamespaceService.logger.getClass().getName() == com.ctrip.framework.apollo.common.config.RefreshableConfig.logger.getClass().getName()	INVALID	
apollo	com.ctrip.framework.apollo.biz.service.ItemService.getItemInfoBySearch(java.lang.String, java.lang.String, org.springframework.data.domain.Pageable)	2	com.ctrip.framework.apollo.biz.service.ItemService.getItemInfoBySearch(java.lang.String, java.lang.String, org.springframework.data.domain.Pageable):::ENTER	com.ctrip.framework.apollo.biz.service.ReleaseService.FIRST_ITEM.getClass().getName() == limit.getClass().getName()	INVALID	
apollo	com.ctrip.framework.apollo.biz.service.ItemService.getItemInfoBySearch(java.lang.String, java.lang.String, org.springframework.data.domain.Pageable)	3	com.ctrip.framework.apollo.biz.service.ItemService.getItemInfoBySearch(java.lang.String, java.lang.String, org.springframework.data.domain.Pageable):::ENTER	com.ctrip.framework.apollo.biz.service.ReleaseService.OPERATION_CONTEXT_TYPE_REFERENCE.getClass().getName() == com.ctrip.framework.apollo.biz.config.BizConfig.namespaceValueLengthOverrideTypeReference.getClass().getName()	INVALID	
apollo	com.ctrip.framework.apollo.biz.service.ItemService.getItemInfoBySearch(java.lang.String, java.lang.String, org.springframework.data.domain.Pageable)	4	com.ctrip.framework.apollo.biz.service.ItemService.getItemInfoBySearch(java.lang.String, java.lang.String, org.springframework.data.domain.Pageable):::ENTER	com.ctrip.framework.apollo.biz.service.ReleaseService.OPERATION_CONTEXT_TYPE_REFERENCE.getClass().getName() == com.ctrip.framework.apollo.biz.config.BizConfig.releaseHistoryRetentionSizeOverrideTypeReference.getClass().getName()	INVALID	
apollo	com.ctrip.framework.apollo.biz.service.ItemService.getItemInfoBySearch(java.lang.String, java.lang.String, org.springframework.data.domain.Pageable)	5	com.ctrip.framework.apollo.biz.service.ItemService.getItemInfoBySearch(java.lang.String, java.lang.String, org.springframework.data.domain.Pageable):::ENTER	this has only one value	INVALID	
apollo	com.ctrip.framework.apollo.biz.service.ItemService.getItemInfoBySearch(java.lang.String, java.lang.String, org.springframework.data.domain.Pageable)	6	com.ctrip.framework.apollo.biz.service.ItemService.getItemInfoBySearch(java.lang.String, java.lang.String, org.springframework.data.domain.Pageable):::ENTER	this.itemRepository has only one value	INVALID	
apollo	com.ctrip.framework.apollo.biz.service.ItemService.getItemInfoBySearch(java.lang.String, java.lang.String, org.springframework.data.domain.Pageable)	7	com.ctrip.framework.apollo.biz.service.ItemService.getItemInfoBySearch(java.lang.String, java.lang.String, org.springframework.data.domain.Pageable):::ENTER	this.itemRepository.getClass().getName() == jdk.proxy2.$Proxy258.class	VALID	"this.itemRepository.getClass().getName().equals(""jdk.proxy2.$Proxy258"")"
apollo	com.ctrip.framework.apollo.biz.service.ItemService.getItemInfoBySearch(java.lang.String, java.lang.String, org.springframework.data.domain.Pageable)	8	com.ctrip.framework.apollo.biz.service.ItemService.getItemInfoBySearch(java.lang.String, java.lang.String, org.springframework.data.domain.Pageable):::ENTER	this.namespaceService has only one value	INVALID	
apollo	com.ctrip.framework.apollo.biz.service.ItemService.getItemInfoBySearch(java.lang.String, java.lang.String, org.springframework.data.domain.Pageable)	9	com.ctrip.framework.apollo.biz.service.ItemService.getItemInfoBySearch(java.lang.String, java.lang.String, org.springframework.data.domain.Pageable):::ENTER	this.auditService has only one value	INVALID	
apollo	com.ctrip.framework.apollo.biz.service.ItemService.getItemInfoBySearch(java.lang.String, java.lang.String, org.springframework.data.domain.Pageable)	10	com.ctrip.framework.apollo.biz.service.ItemService.getItemInfoBySearch(java.lang.String, java.lang.String, org.springframework.data.domain.Pageable):::ENTER	this.bizConfig has only one value	INVALID	
apollo	com.ctrip.framework.apollo.biz.service.ItemService.getItemInfoBySearch(java.lang.String, java.lang.String, org.springframework.data.domain.Pageable)	11	com.ctrip.framework.apollo.biz.service.ItemService.getItemInfoBySearch(java.lang.String, java.lang.String, org.springframework.data.domain.Pageable):::ENTER	this.bizConfig.propertySource has only one value	INVALID	
apollo	com.ctrip.framework.apollo.biz.service.ItemService.getItemInfoBySearch(java.lang.String, java.lang.String, org.springframework.data.domain.Pageable)	12	com.ctrip.framework.apollo.biz.service.ItemService.getItemInfoBySearch(java.lang.String, java.lang.String, org.springframework.data.domain.Pageable):::ENTER	this.bizConfig.propertySource.serverConfigRepository has only one value	INVALID	
apollo	com.ctrip.framework.apollo.biz.service.ItemService.getItemInfoBySearch(java.lang.String, java.lang.String, org.springframework.data.domain.Pageable)	13	com.ctrip.framework.apollo.biz.service.ItemService.getItemInfoBySearch(java.lang.String, java.lang.String, org.springframework.data.domain.Pageable):::ENTER	this.bizConfig.propertySource.dataSource has only one value	INVALID	
apollo	com.ctrip.framework.apollo.biz.service.ItemService.getItemInfoBySearch(java.lang.String, java.lang.String, org.springframework.data.domain.Pageable)	14	com.ctrip.framework.apollo.biz.service.ItemService.getItemInfoBySearch(java.lang.String, java.lang.String, org.springframework.data.domain.Pageable):::ENTER	this.bizConfig.propertySource.env has only one value	INVALID	
apollo	com.ctrip.framework.apollo.biz.service.ItemService.getItemInfoBySearch(java.lang.String, java.lang.String, org.springframework.data.domain.Pageable)	15	com.ctrip.framework.apollo.biz.service.ItemService.getItemInfoBySearch(java.lang.String, java.lang.String, org.springframework.data.domain.Pageable):::ENTER	this.bizConfig.splitter has only one value	INVALID	
apollo	com.ctrip.framework.apollo.biz.service.ItemService.getItemInfoBySearch(java.lang.String, java.lang.String, org.springframework.data.domain.Pageable)	16	com.ctrip.framework.apollo.biz.service.ItemService.getItemInfoBySearch(java.lang.String, java.lang.String, org.springframework.data.domain.Pageable):::ENTER	this.bizConfig.environment has only one value	INVALID	
apollo	com.ctrip.framework.apollo.biz.service.ItemService.getItemInfoBySearch(java.lang.String, java.lang.String, org.springframework.data.domain.Pageable)	17	com.ctrip.framework.apollo.biz.service.ItemService.getItemInfoBySearch(java.lang.String, java.lang.String, org.springframework.data.domain.Pageable):::ENTER	this.bizConfig.propertySources has only one value	INVALID	
apollo	com.ctrip.framework.apollo.biz.service.ItemService.getItemInfoBySearch(java.lang.String, java.lang.String, org.springframework.data.domain.Pageable)	18	com.ctrip.framework.apollo.biz.service.ItemService.getItemInfoBySearch(java.lang.String, java.lang.String, org.springframework.data.domain.Pageable):::ENTER	this.bizConfig.propertySources[] contains no nulls and has only one value, of length 1	INVALID	
apollo	com.ctrip.framework.apollo.biz.service.ItemService.getItemInfoBySearch(java.lang.String, java.lang.String, org.springframework.data.domain.Pageable)	19	com.ctrip.framework.apollo.biz.service.ItemService.getItemInfoBySearch(java.lang.String, java.lang.String, org.springframework.data.domain.Pageable):::ENTER	this.bizConfig.propertySources[] elements has only one value	INVALID	
apollo	com.ctrip.framework.apollo.biz.service.ItemService.getItemInfoBySearch(java.lang.String, java.lang.String, org.springframework.data.domain.Pageable)	20	com.ctrip.framework.apollo.biz.service.ItemService.getItemInfoBySearch(java.lang.String, java.lang.String, org.springframework.data.domain.Pageable):::ENTER	this.bizConfig.executorService has only one value	INVALID	
apollo	com.ctrip.framework.apollo.biz.service.ItemService.getItemInfoBySearch(java.lang.String, java.lang.String, org.springframework.data.domain.Pageable)	21	com.ctrip.framework.apollo.biz.service.ItemService.getItemInfoBySearch(java.lang.String, java.lang.String, org.springframework.data.domain.Pageable):::ENTER	"key.toString one of { """", ""k1"" }"	VALID	""""".equals(key) || ""k1"".equals(key)"
apollo	com.ctrip.framework.apollo.biz.service.ItemService.getItemInfoBySearch(java.lang.String, java.lang.String, org.springframework.data.domain.Pageable)	22	com.ctrip.framework.apollo.biz.service.ItemService.getItemInfoBySearch(java.lang.String, java.lang.String, org.springframework.data.domain.Pageable):::ENTER	"value.toString one of { """", ""v1"" }"	VALID	""""".equals(value) || ""v1"".equals(value)"
apollo	com.ctrip.framework.apollo.biz.service.ItemService.getItemInfoBySearch(java.lang.String, java.lang.String, org.springframework.data.domain.Pageable)	23	com.ctrip.framework.apollo.biz.service.ItemService.getItemInfoBySearch(java.lang.String, java.lang.String, org.springframework.data.domain.Pageable):::EXIT	com.ctrip.framework.apollo.biz.service.ItemService.clusterPattern == orig(com.ctrip.framework.apollo.biz.service.ItemService.clusterPattern)	INVALID	
apollo	com.ctrip.framework.apollo.biz.service.ItemService.getItemInfoBySearch(java.lang.String, java.lang.String, org.springframework.data.domain.Pageable)	24	com.ctrip.framework.apollo.biz.service.ItemService.getItemInfoBySearch(java.lang.String, java.lang.String, org.springframework.data.domain.Pageable):::EXIT	this.itemRepository == orig(this.itemRepository)	INVALID	
apollo	com.ctrip.framework.apollo.biz.service.ItemService.getItemInfoBySearch(java.lang.String, java.lang.String, org.springframework.data.domain.Pageable)	25	com.ctrip.framework.apollo.biz.service.ItemService.getItemInfoBySearch(java.lang.String, java.lang.String, org.springframework.data.domain.Pageable):::EXIT	this.itemRepository.getClass().getName() == orig(this.itemRepository.getClass().getName())	INVALID	
apollo	com.ctrip.framework.apollo.biz.service.ItemService.getItemInfoBySearch(java.lang.String, java.lang.String, org.springframework.data.domain.Pageable)	26	com.ctrip.framework.apollo.biz.service.ItemService.getItemInfoBySearch(java.lang.String, java.lang.String, org.springframework.data.domain.Pageable):::EXIT	this.namespaceService == orig(this.namespaceService)	INVALID	
apollo	com.ctrip.framework.apollo.biz.service.ItemService.getItemInfoBySearch(java.lang.String, java.lang.String, org.springframework.data.domain.Pageable)	27	com.ctrip.framework.apollo.biz.service.ItemService.getItemInfoBySearch(java.lang.String, java.lang.String, org.springframework.data.domain.Pageable):::EXIT	com.ctrip.framework.apollo.biz.service.NamespaceService.GSON == orig(com.ctrip.framework.apollo.biz.service.NamespaceService.GSON)	INVALID	
apollo	com.ctrip.framework.apollo.biz.service.ItemService.getItemInfoBySearch(java.lang.String, java.lang.String, org.springframework.data.domain.Pageable)	28	com.ctrip.framework.apollo.biz.service.ItemService.getItemInfoBySearch(java.lang.String, java.lang.String, org.springframework.data.domain.Pageable):::EXIT	this.namespaceService.namespaceRepository == orig(this.namespaceService.namespaceRepository)	INVALID	
apollo	com.ctrip.framework.apollo.biz.service.ItemService.getItemInfoBySearch(java.lang.String, java.lang.String, org.springframework.data.domain.Pageable)	29	com.ctrip.framework.apollo.biz.service.ItemService.getItemInfoBySearch(java.lang.String, java.lang.String, org.springframework.data.domain.Pageable):::EXIT	this.namespaceService.auditService == orig(this.namespaceService.auditService)	INVALID	
apollo	com.ctrip.framework.apollo.biz.service.ItemService.getItemInfoBySearch(java.lang.String, java.lang.String, org.springframework.data.domain.Pageable)	30	com.ctrip.framework.apollo.biz.service.ItemService.getItemInfoBySearch(java.lang.String, java.lang.String, org.springframework.data.domain.Pageable):::EXIT	this.namespaceService.appNamespaceService == orig(this.namespaceService.appNamespaceService)	INVALID	
apollo	com.ctrip.framework.apollo.biz.service.ItemService.getItemInfoBySearch(java.lang.String, java.lang.String, org.springframework.data.domain.Pageable)	31	com.ctrip.framework.apollo.biz.service.ItemService.getItemInfoBySearch(java.lang.String, java.lang.String, org.springframework.data.domain.Pageable):::EXIT	com.ctrip.framework.apollo.biz.service.AppNamespaceService.logger == orig(com.ctrip.framework.apollo.biz.service.AppNamespaceService.logger)	INVALID	
apollo	com.ctrip.framework.apollo.biz.service.ItemService.getItemInfoBySearch(java.lang.String, java.lang.String, org.springframework.data.domain.Pageable)	32	com.ctrip.framework.apollo.biz.service.ItemService.getItemInfoBySearch(java.lang.String, java.lang.String, org.springframework.data.domain.Pageable):::EXIT	com.ctrip.framework.apollo.biz.service.AppNamespaceService.logger.getClass().getName() == com.ctrip.framework.apollo.common.config.RefreshableConfig.logger.getClass().getName()	INVALID	
apollo	com.ctrip.framework.apollo.biz.service.ItemService.getItemInfoBySearch(java.lang.String, java.lang.String, org.springframework.data.domain.Pageable)	33	com.ctrip.framework.apollo.biz.service.ItemService.getItemInfoBySearch(java.lang.String, java.lang.String, org.springframework.data.domain.Pageable):::EXIT	com.ctrip.framework.apollo.biz.service.AppNamespaceService.logger.getClass().getName() == orig(com.ctrip.framework.apollo.biz.service.AppNamespaceService.logger.getClass().getName())	INVALID	
apollo	com.ctrip.framework.apollo.biz.service.ItemService.getItemInfoBySearch(java.lang.String, java.lang.String, org.springframework.data.domain.Pageable)	34	com.ctrip.framework.apollo.biz.service.ItemService.getItemInfoBySearch(java.lang.String, java.lang.String, org.springframework.data.domain.Pageable):::EXIT	com.ctrip.framework.apollo.biz.service.AppNamespaceService.logger.getClass().getName() == orig(com.ctrip.framework.apollo.biz.service.ReleaseHistoryService.logger.getClass().getName())	INVALID	
apollo	com.ctrip.framework.apollo.biz.service.ItemService.getItemInfoBySearch(java.lang.String, java.lang.String, org.springframework.data.domain.Pageable)	35	com.ctrip.framework.apollo.biz.service.ItemService.getItemInfoBySearch(java.lang.String, java.lang.String, org.springframework.data.domain.Pageable):::EXIT	com.ctrip.framework.apollo.biz.service.AppNamespaceService.logger.getClass().getName() == orig(com.ctrip.framework.apollo.biz.config.BizConfig.logger.getClass().getName())	INVALID	
apollo	com.ctrip.framework.apollo.biz.service.ItemService.getItemInfoBySearch(java.lang.String, java.lang.String, org.springframework.data.domain.Pageable)	36	com.ctrip.framework.apollo.biz.service.ItemService.getItemInfoBySearch(java.lang.String, java.lang.String, org.springframework.data.domain.Pageable):::EXIT	com.ctrip.framework.apollo.biz.service.AppNamespaceService.logger.getClass().getName() == orig(com.ctrip.framework.apollo.common.config.RefreshableConfig.logger.getClass().getName())	INVALID	
apollo	com.ctrip.framework.apollo.biz.service.ItemService.getItemInfoBySearch(java.lang.String, java.lang.String, org.springframework.data.domain.Pageable)	37	com.ctrip.framework.apollo.biz.service.ItemService.getItemInfoBySearch(java.lang.String, java.lang.String, org.springframework.data.domain.Pageable):::EXIT	com.ctrip.framework.apollo.biz.service.AppNamespaceService.logger.getClass().getName() == orig(com.ctrip.framework.apollo.biz.service.BizDBPropertySource.logger.getClass().getName())	INVALID	
apollo	com.ctrip.framework.apollo.biz.service.ItemService.getItemInfoBySearch(java.lang.String, java.lang.String, org.springframework.data.domain.Pageable)	38	com.ctrip.framework.apollo.biz.service.ItemService.getItemInfoBySearch(java.lang.String, java.lang.String, org.springframework.data.domain.Pageable):::EXIT	this.namespaceService.itemService == orig(this.namespaceService.itemService)	INVALID	
apollo	com.ctrip.framework.apollo.biz.service.ItemService.getItemInfoBySearch(java.lang.String, java.lang.String, org.springframework.data.domain.Pageable)	39	com.ctrip.framework.apollo.biz.service.ItemService.getItemInfoBySearch(java.lang.String, java.lang.String, org.springframework.data.domain.Pageable):::EXIT	this.namespaceService.commitService == orig(this.namespaceService.commitService)	INVALID	
apollo	com.ctrip.framework.apollo.biz.service.ItemService.getItemInfoBySearch(java.lang.String, java.lang.String, org.springframework.data.domain.Pageable)	40	com.ctrip.framework.apollo.biz.service.ItemService.getItemInfoBySearch(java.lang.String, java.lang.String, org.springframework.data.domain.Pageable):::EXIT	this.namespaceService.releaseService == orig(this.namespaceService.releaseService)	INVALID	
apollo	com.ctrip.framework.apollo.biz.service.ItemService.getItemInfoBySearch(java.lang.String, java.lang.String, org.springframework.data.domain.Pageable)	41	com.ctrip.framework.apollo.biz.service.ItemService.getItemInfoBySearch(java.lang.String, java.lang.String, org.springframework.data.domain.Pageable):::EXIT	com.ctrip.framework.apollo.biz.service.ReleaseService.TIMESTAMP_FORMAT == orig(com.ctrip.framework.apollo.biz.service.ReleaseService.TIMESTAMP_FORMAT)	INVALID	
apollo	com.ctrip.framework.apollo.biz.service.ItemService.getItemInfoBySearch(java.lang.String, java.lang.String, org.springframework.data.domain.Pageable)	42	com.ctrip.framework.apollo.biz.service.ItemService.getItemInfoBySearch(java.lang.String, java.lang.String, org.springframework.data.domain.Pageable):::EXIT	com.ctrip.framework.apollo.biz.service.ReleaseService.GSON == orig(com.ctrip.framework.apollo.biz.service.ReleaseService.GSON)	INVALID	
apollo	com.ctrip.framework.apollo.biz.service.ItemService.getItemInfoBySearch(java.lang.String, java.lang.String, org.springframework.data.domain.Pageable)	43	com.ctrip.framework.apollo.biz.service.ItemService.getItemInfoBySearch(java.lang.String, java.lang.String, org.springframework.data.domain.Pageable):::EXIT	com.ctrip.framework.apollo.biz.service.ReleaseService.BRANCH_RELEASE_OPERATIONS == orig(com.ctrip.framework.apollo.biz.service.ReleaseService.BRANCH_RELEASE_OPERATIONS)	INVALID	
apollo	com.ctrip.framework.apollo.biz.service.ItemService.getItemInfoBySearch(java.lang.String, java.lang.String, org.springframework.data.domain.Pageable)	44	com.ctrip.framework.apollo.biz.service.ItemService.getItemInfoBySearch(java.lang.String, java.lang.String, org.springframework.data.domain.Pageable):::EXIT	com.ctrip.framework.apollo.biz.service.ReleaseService.BRANCH_RELEASE_OPERATIONS.getClass().getName() == orig(com.ctrip.framework.apollo.biz.service.ReleaseService.BRANCH_RELEASE_OPERATIONS.getClass().getName())	INVALID	
apollo	com.ctrip.framework.apollo.biz.service.ItemService.getItemInfoBySearch(java.lang.String, java.lang.String, org.springframework.data.domain.Pageable)	45	com.ctrip.framework.apollo.biz.service.ItemService.getItemInfoBySearch(java.lang.String, java.lang.String, org.springframework.data.domain.Pageable):::EXIT	com.ctrip.framework.apollo.biz.service.ReleaseService.FIRST_ITEM == orig(com.ctrip.framework.apollo.biz.service.ReleaseService.FIRST_ITEM)	INVALID	
apollo	com.ctrip.framework.apollo.biz.service.ItemService.getItemInfoBySearch(java.lang.String, java.lang.String, org.springframework.data.domain.Pageable)	46	com.ctrip.framework.apollo.biz.service.ItemService.getItemInfoBySearch(java.lang.String, java.lang.String, org.springframework.data.domain.Pageable):::EXIT	com.ctrip.framework.apollo.biz.service.ReleaseService.FIRST_ITEM.getClass().getName() == orig(com.ctrip.framework.apollo.biz.service.ReleaseService.FIRST_ITEM.getClass().getName())	INVALID	
apollo	com.ctrip.framework.apollo.biz.service.ItemService.getItemInfoBySearch(java.lang.String, java.lang.String, org.springframework.data.domain.Pageable)	47	com.ctrip.framework.apollo.biz.service.ItemService.getItemInfoBySearch(java.lang.String, java.lang.String, org.springframework.data.domain.Pageable):::EXIT	com.ctrip.framework.apollo.biz.service.ReleaseService.FIRST_ITEM.getClass().getName() == orig(limit.getClass().getName())	INVALID	
apollo	com.ctrip.framework.apollo.biz.service.ItemService.getItemInfoBySearch(java.lang.String, java.lang.String, org.springframework.data.domain.Pageable)	48	com.ctrip.framework.apollo.biz.service.ItemService.getItemInfoBySearch(java.lang.String, java.lang.String, org.springframework.data.domain.Pageable):::EXIT	com.ctrip.framework.apollo.biz.service.ReleaseService.OPERATION_CONTEXT_TYPE_REFERENCE == orig(com.ctrip.framework.apollo.biz.service.ReleaseService.OPERATION_CONTEXT_TYPE_REFERENCE)	INVALID	
apollo	com.ctrip.framework.apollo.biz.service.ItemService.getItemInfoBySearch(java.lang.String, java.lang.String, org.springframework.data.domain.Pageable)	49	com.ctrip.framework.apollo.biz.service.ItemService.getItemInfoBySearch(java.lang.String, java.lang.String, org.springframework.data.domain.Pageable):::EXIT	com.ctrip.framework.apollo.biz.service.ReleaseService.OPERATION_CONTEXT_TYPE_REFERENCE.getClass().getName() == com.ctrip.framework.apollo.biz.config.BizConfig.namespaceValueLengthOverrideTypeReference.getClass().getName()	INVALID	
apollo	com.ctrip.framework.apollo.biz.service.ItemService.getItemInfoBySearch(java.lang.String, java.lang.String, org.springframework.data.domain.Pageable)	50	com.ctrip.framework.apollo.biz.service.ItemService.getItemInfoBySearch(java.lang.String, java.lang.String, org.springframework.data.domain.Pageable):::EXIT	com.ctrip.framework.apollo.biz.service.ReleaseService.OPERATION_CONTEXT_TYPE_REFERENCE.getClass().getName() == com.ctrip.framework.apollo.biz.config.BizConfig.releaseHistoryRetentionSizeOverrideTypeReference.getClass().getName()	INVALID	
apollo	com.ctrip.framework.apollo.biz.service.ItemService.getItemInfoBySearch(java.lang.String, java.lang.String, org.springframework.data.domain.Pageable)	51	com.ctrip.framework.apollo.biz.service.ItemService.getItemInfoBySearch(java.lang.String, java.lang.String, org.springframework.data.domain.Pageable):::EXIT	com.ctrip.framework.apollo.biz.service.ReleaseService.OPERATION_CONTEXT_TYPE_REFERENCE.getClass().getName() == orig(com.ctrip.framework.apollo.biz.service.ReleaseService.OPERATION_CONTEXT_TYPE_REFERENCE.getClass().getName())	INVALID	
apollo	com.ctrip.framework.apollo.biz.service.ItemService.getItemInfoBySearch(java.lang.String, java.lang.String, org.springframework.data.domain.Pageable)	52	com.ctrip.framework.apollo.biz.service.ItemService.getItemInfoBySearch(java.lang.String, java.lang.String, org.springframework.data.domain.Pageable):::EXIT	com.ctrip.framework.apollo.biz.service.ReleaseService.OPERATION_CONTEXT_TYPE_REFERENCE.getClass().getName() == orig(com.ctrip.framework.apollo.biz.config.BizConfig.appIdValueLengthOverrideTypeReference.getClass().getName())	INVALID	
apollo	com.ctrip.framework.apollo.biz.service.ItemService.getItemInfoBySearch(java.lang.String, java.lang.String, org.springframework.data.domain.Pageable)	53	com.ctrip.framework.apollo.biz.service.ItemService.getItemInfoBySearch(java.lang.String, java.lang.String, org.springframework.data.domain.Pageable):::EXIT	com.ctrip.framework.apollo.biz.service.ReleaseService.OPERATION_CONTEXT_TYPE_REFERENCE.getClass().getName() == orig(com.ctrip.framework.apollo.biz.config.BizConfig.namespaceValueLengthOverrideTypeReference.getClass().getName())	INVALID	
apollo	com.ctrip.framework.apollo.biz.service.ItemService.getItemInfoBySearch(java.lang.String, java.lang.String, org.springframework.data.domain.Pageable)	54	com.ctrip.framework.apollo.biz.service.ItemService.getItemInfoBySearch(java.lang.String, java.lang.String, org.springframework.data.domain.Pageable):::EXIT	com.ctrip.framework.apollo.biz.service.ReleaseService.OPERATION_CONTEXT_TYPE_REFERENCE.getClass().getName() == orig(com.ctrip.framework.apollo.biz.config.BizConfig.releaseHistoryRetentionSizeOverrideTypeReference.getClass().getName())	INVALID	
apollo	com.ctrip.framework.apollo.biz.service.ItemService.getItemInfoBySearch(java.lang.String, java.lang.String, org.springframework.data.domain.Pageable)	55	com.ctrip.framework.apollo.biz.service.ItemService.getItemInfoBySearch(java.lang.String, java.lang.String, org.springframework.data.domain.Pageable):::EXIT	this.namespaceService.clusterService == orig(this.namespaceService.clusterService)	INVALID	
apollo	com.ctrip.framework.apollo.biz.service.ItemService.getItemInfoBySearch(java.lang.String, java.lang.String, org.springframework.data.domain.Pageable)	56	com.ctrip.framework.apollo.biz.service.ItemService.getItemInfoBySearch(java.lang.String, java.lang.String, org.springframework.data.domain.Pageable):::EXIT	this.namespaceService.namespaceBranchService == orig(this.namespaceService.namespaceBranchService)	INVALID	
apollo	com.ctrip.framework.apollo.biz.service.ItemService.getItemInfoBySearch(java.lang.String, java.lang.String, org.springframework.data.domain.Pageable)	57	com.ctrip.framework.apollo.biz.service.ItemService.getItemInfoBySearch(java.lang.String, java.lang.String, org.springframework.data.domain.Pageable):::EXIT	this.namespaceService.releaseHistoryService == orig(this.namespaceService.releaseHistoryService)	INVALID	
apollo	com.ctrip.framework.apollo.biz.service.ItemService.getItemInfoBySearch(java.lang.String, java.lang.String, org.springframework.data.domain.Pageable)	58	com.ctrip.framework.apollo.biz.service.ItemService.getItemInfoBySearch(java.lang.String, java.lang.String, org.springframework.data.domain.Pageable):::EXIT	com.ctrip.framework.apollo.biz.service.ReleaseHistoryService.logger == orig(com.ctrip.framework.apollo.biz.service.ReleaseHistoryService.logger)	INVALID	
apollo	com.ctrip.framework.apollo.biz.service.ItemService.getItemInfoBySearch(java.lang.String, java.lang.String, org.springframework.data.domain.Pageable)	59	com.ctrip.framework.apollo.biz.service.ItemService.getItemInfoBySearch(java.lang.String, java.lang.String, org.springframework.data.domain.Pageable):::EXIT	com.ctrip.framework.apollo.biz.service.ReleaseHistoryService.GSON == orig(com.ctrip.framework.apollo.biz.service.ReleaseHistoryService.GSON)	INVALID	
apollo	com.ctrip.framework.apollo.biz.service.ItemService.getItemInfoBySearch(java.lang.String, java.lang.String, org.springframework.data.domain.Pageable)	60	com.ctrip.framework.apollo.biz.service.ItemService.getItemInfoBySearch(java.lang.String, java.lang.String, org.springframework.data.domain.Pageable):::EXIT	this.namespaceService.namespaceLockService == orig(this.namespaceService.namespaceLockService)	INVALID	
apollo	com.ctrip.framework.apollo.biz.service.ItemService.getItemInfoBySearch(java.lang.String, java.lang.String, org.springframework.data.domain.Pageable)	61	com.ctrip.framework.apollo.biz.service.ItemService.getItemInfoBySearch(java.lang.String, java.lang.String, org.springframework.data.domain.Pageable):::EXIT	this.namespaceService.instanceService == orig(this.namespaceService.instanceService)	INVALID	
apollo	com.ctrip.framework.apollo.biz.service.ItemService.getItemInfoBySearch(java.lang.String, java.lang.String, org.springframework.data.domain.Pageable)	62	com.ctrip.framework.apollo.biz.service.ItemService.getItemInfoBySearch(java.lang.String, java.lang.String, org.springframework.data.domain.Pageable):::EXIT	this.namespaceService.messageSender == orig(this.namespaceService.messageSender)	INVALID	
apollo	com.ctrip.framework.apollo.biz.service.ItemService.getItemInfoBySearch(java.lang.String, java.lang.String, org.springframework.data.domain.Pageable)	63	com.ctrip.framework.apollo.biz.service.ItemService.getItemInfoBySearch(java.lang.String, java.lang.String, org.springframework.data.domain.Pageable):::EXIT	this.namespaceService.bizConfig == orig(this.namespaceService.bizConfig)	INVALID	
apollo	com.ctrip.framework.apollo.biz.service.ItemService.getItemInfoBySearch(java.lang.String, java.lang.String, org.springframework.data.domain.Pageable)	64	com.ctrip.framework.apollo.biz.service.ItemService.getItemInfoBySearch(java.lang.String, java.lang.String, org.springframework.data.domain.Pageable):::EXIT	com.ctrip.framework.apollo.biz.config.BizConfig.logger == orig(com.ctrip.framework.apollo.biz.config.BizConfig.logger)	INVALID	
apollo	com.ctrip.framework.apollo.biz.service.ItemService.getItemInfoBySearch(java.lang.String, java.lang.String, org.springframework.data.domain.Pageable)	65	com.ctrip.framework.apollo.biz.service.ItemService.getItemInfoBySearch(java.lang.String, java.lang.String, org.springframework.data.domain.Pageable):::EXIT	com.ctrip.framework.apollo.biz.config.BizConfig.GSON == orig(com.ctrip.framework.apollo.biz.config.BizConfig.GSON)	INVALID	
apollo	com.ctrip.framework.apollo.biz.service.ItemService.getItemInfoBySearch(java.lang.String, java.lang.String, org.springframework.data.domain.Pageable)	66	com.ctrip.framework.apollo.biz.service.ItemService.getItemInfoBySearch(java.lang.String, java.lang.String, org.springframework.data.domain.Pageable):::EXIT	com.ctrip.framework.apollo.biz.config.BizConfig.INTERVAL_TIME_UNIT == orig(com.ctrip.framework.apollo.biz.config.BizConfig.INTERVAL_TIME_UNIT)	INVALID	
apollo	com.ctrip.framework.apollo.biz.service.ItemService.getItemInfoBySearch(java.lang.String, java.lang.String, org.springframework.data.domain.Pageable)	67	com.ctrip.framework.apollo.biz.service.ItemService.getItemInfoBySearch(java.lang.String, java.lang.String, org.springframework.data.domain.Pageable):::EXIT	com.ctrip.framework.apollo.biz.config.BizConfig.appIdValueLengthOverrideTypeReference == orig(com.ctrip.framework.apollo.biz.config.BizConfig.appIdValueLengthOverrideTypeReference)	INVALID	
apollo	com.ctrip.framework.apollo.biz.service.ItemService.getItemInfoBySearch(java.lang.String, java.lang.String, org.springframework.data.domain.Pageable)	68	com.ctrip.framework.apollo.biz.service.ItemService.getItemInfoBySearch(java.lang.String, java.lang.String, org.springframework.data.domain.Pageable):::EXIT	com.ctrip.framework.apollo.biz.config.BizConfig.namespaceValueLengthOverrideTypeReference == orig(com.ctrip.framework.apollo.biz.config.BizConfig.namespaceValueLengthOverrideTypeReference)	INVALID	
apollo	com.ctrip.framework.apollo.biz.service.ItemService.getItemInfoBySearch(java.lang.String, java.lang.String, org.springframework.data.domain.Pageable)	69	com.ctrip.framework.apollo.biz.service.ItemService.getItemInfoBySearch(java.lang.String, java.lang.String, org.springframework.data.domain.Pageable):::EXIT	com.ctrip.framework.apollo.biz.config.BizConfig.releaseHistoryRetentionSizeOverrideTypeReference == orig(com.ctrip.framework.apollo.biz.config.BizConfig.releaseHistoryRetentionSizeOverrideTypeReference)	INVALID	
apollo	com.ctrip.framework.apollo.biz.service.ItemService.getItemInfoBySearch(java.lang.String, java.lang.String, org.springframework.data.domain.Pageable)	70	com.ctrip.framework.apollo.biz.service.ItemService.getItemInfoBySearch(java.lang.String, java.lang.String, org.springframework.data.domain.Pageable):::EXIT	com.ctrip.framework.apollo.common.config.RefreshableConfig.logger == orig(com.ctrip.framework.apollo.common.config.RefreshableConfig.logger)	INVALID	
apollo	com.ctrip.framework.apollo.biz.service.ItemService.getItemInfoBySearch(java.lang.String, java.lang.String, org.springframework.data.domain.Pageable)	71	com.ctrip.framework.apollo.biz.service.ItemService.getItemInfoBySearch(java.lang.String, java.lang.String, org.springframework.data.domain.Pageable):::EXIT	com.ctrip.framework.apollo.common.config.RefreshableConfig.LIST_SEPARATOR == orig(com.ctrip.framework.apollo.common.config.RefreshableConfig.LIST_SEPARATOR)	INVALID	
apollo	com.ctrip.framework.apollo.biz.service.ItemService.getItemInfoBySearch(java.lang.String, java.lang.String, org.springframework.data.domain.Pageable)	72	com.ctrip.framework.apollo.biz.service.ItemService.getItemInfoBySearch(java.lang.String, java.lang.String, org.springframework.data.domain.Pageable):::EXIT	com.ctrip.framework.apollo.common.config.RefreshableConfig.LIST_SEPARATOR.toString == orig(com.ctrip.framework.apollo.common.config.RefreshableConfig.LIST_SEPARATOR.toString)	INVALID	
apollo	com.ctrip.framework.apollo.biz.service.ItemService.getItemInfoBySearch(java.lang.String, java.lang.String, org.springframework.data.domain.Pageable)	73	com.ctrip.framework.apollo.biz.service.ItemService.getItemInfoBySearch(java.lang.String, java.lang.String, org.springframework.data.domain.Pageable):::EXIT	com.ctrip.framework.apollo.common.config.RefreshableConfig.EMPTY_STRING_ARRAY == orig(com.ctrip.framework.apollo.common.config.RefreshableConfig.EMPTY_STRING_ARRAY)	INVALID	
apollo	com.ctrip.framework.apollo.biz.service.ItemService.getItemInfoBySearch(java.lang.String, java.lang.String, org.springframework.data.domain.Pageable)	74	com.ctrip.framework.apollo.biz.service.ItemService.getItemInfoBySearch(java.lang.String, java.lang.String, org.springframework.data.domain.Pageable):::EXIT	com.ctrip.framework.apollo.common.config.RefreshableConfig.EMPTY_STRING_ARRAY.getClass().getName() == orig(com.ctrip.framework.apollo.common.config.RefreshableConfig.EMPTY_STRING_ARRAY.getClass().getName())	INVALID	
apollo	com.ctrip.framework.apollo.biz.service.ItemService.getItemInfoBySearch(java.lang.String, java.lang.String, org.springframework.data.domain.Pageable)	75	com.ctrip.framework.apollo.biz.service.ItemService.getItemInfoBySearch(java.lang.String, java.lang.String, org.springframework.data.domain.Pageable):::EXIT	com.ctrip.framework.apollo.common.config.RefreshableConfig.EMPTY_STRING_ARRAY[] == orig(com.ctrip.framework.apollo.common.config.RefreshableConfig.EMPTY_STRING_ARRAY[])	INVALID	
apollo	com.ctrip.framework.apollo.biz.service.ItemService.getItemInfoBySearch(java.lang.String, java.lang.String, org.springframework.data.domain.Pageable)	76	com.ctrip.framework.apollo.biz.service.ItemService.getItemInfoBySearch(java.lang.String, java.lang.String, org.springframework.data.domain.Pageable):::EXIT	this.auditService == orig(this.auditService)	INVALID	
apollo	com.ctrip.framework.apollo.biz.service.ItemService.getItemInfoBySearch(java.lang.String, java.lang.String, org.springframework.data.domain.Pageable)	77	com.ctrip.framework.apollo.biz.service.ItemService.getItemInfoBySearch(java.lang.String, java.lang.String, org.springframework.data.domain.Pageable):::EXIT	this.auditService.auditRepository == orig(this.auditService.auditRepository)	INVALID	
apollo	com.ctrip.framework.apollo.biz.service.ItemService.getItemInfoBySearch(java.lang.String, java.lang.String, org.springframework.data.domain.Pageable)	78	com.ctrip.framework.apollo.biz.service.ItemService.getItemInfoBySearch(java.lang.String, java.lang.String, org.springframework.data.domain.Pageable):::EXIT	this.bizConfig == orig(this.bizConfig)	INVALID	
apollo	com.ctrip.framework.apollo.biz.service.ItemService.getItemInfoBySearch(java.lang.String, java.lang.String, org.springframework.data.domain.Pageable)	79	com.ctrip.framework.apollo.biz.service.ItemService.getItemInfoBySearch(java.lang.String, java.lang.String, org.springframework.data.domain.Pageable):::EXIT	this.bizConfig.propertySource == orig(this.bizConfig.propertySource)	INVALID	
apollo	com.ctrip.framework.apollo.biz.service.ItemService.getItemInfoBySearch(java.lang.String, java.lang.String, org.springframework.data.domain.Pageable)	80	com.ctrip.framework.apollo.biz.service.ItemService.getItemInfoBySearch(java.lang.String, java.lang.String, org.springframework.data.domain.Pageable):::EXIT	com.ctrip.framework.apollo.biz.service.BizDBPropertySource.logger == orig(com.ctrip.framework.apollo.biz.service.BizDBPropertySource.logger)	INVALID	
apollo	com.ctrip.framework.apollo.biz.service.ItemService.getItemInfoBySearch(java.lang.String, java.lang.String, org.springframework.data.domain.Pageable)	81	com.ctrip.framework.apollo.biz.service.ItemService.getItemInfoBySearch(java.lang.String, java.lang.String, org.springframework.data.domain.Pageable):::EXIT	this.bizConfig.propertySource.serverConfigRepository == orig(this.bizConfig.propertySource.serverConfigRepository)	INVALID	
apollo	com.ctrip.framework.apollo.biz.service.ItemService.getItemInfoBySearch(java.lang.String, java.lang.String, org.springframework.data.domain.Pageable)	82	com.ctrip.framework.apollo.biz.service.ItemService.getItemInfoBySearch(java.lang.String, java.lang.String, org.springframework.data.domain.Pageable):::EXIT	this.bizConfig.propertySource.serverConfigRepository.getClass().getName() == orig(this.bizConfig.propertySource.serverConfigRepository.getClass().getName())	INVALID	
apollo	com.ctrip.framework.apollo.biz.service.ItemService.getItemInfoBySearch(java.lang.String, java.lang.String, org.springframework.data.domain.Pageable)	83	com.ctrip.framework.apollo.biz.service.ItemService.getItemInfoBySearch(java.lang.String, java.lang.String, org.springframework.data.domain.Pageable):::EXIT	this.bizConfig.propertySource.dataSource == orig(this.bizConfig.propertySource.dataSource)	INVALID	
apollo	com.ctrip.framework.apollo.biz.service.ItemService.getItemInfoBySearch(java.lang.String, java.lang.String, org.springframework.data.domain.Pageable)	84	com.ctrip.framework.apollo.biz.service.ItemService.getItemInfoBySearch(java.lang.String, java.lang.String, org.springframework.data.domain.Pageable):::EXIT	this.bizConfig.propertySource.dataSource.getClass().getName() == orig(this.bizConfig.propertySource.dataSource.getClass().getName())	INVALID	
apollo	com.ctrip.framework.apollo.biz.service.ItemService.getItemInfoBySearch(java.lang.String, java.lang.String, org.springframework.data.domain.Pageable)	85	com.ctrip.framework.apollo.biz.service.ItemService.getItemInfoBySearch(java.lang.String, java.lang.String, org.springframework.data.domain.Pageable):::EXIT	this.bizConfig.propertySource.env == orig(this.bizConfig.propertySource.env)	INVALID	
apollo	com.ctrip.framework.apollo.biz.service.ItemService.getItemInfoBySearch(java.lang.String, java.lang.String, org.springframework.data.domain.Pageable)	86	com.ctrip.framework.apollo.biz.service.ItemService.getItemInfoBySearch(java.lang.String, java.lang.String, org.springframework.data.domain.Pageable):::EXIT	this.bizConfig.splitter == orig(this.bizConfig.splitter)	INVALID	
apollo	com.ctrip.framework.apollo.biz.service.ItemService.getItemInfoBySearch(java.lang.String, java.lang.String, org.springframework.data.domain.Pageable)	87	com.ctrip.framework.apollo.biz.service.ItemService.getItemInfoBySearch(java.lang.String, java.lang.String, org.springframework.data.domain.Pageable):::EXIT	this.bizConfig.environment == orig(this.bizConfig.environment)	INVALID	
apollo	com.ctrip.framework.apollo.biz.service.ItemService.getItemInfoBySearch(java.lang.String, java.lang.String, org.springframework.data.domain.Pageable)	88	com.ctrip.framework.apollo.biz.service.ItemService.getItemInfoBySearch(java.lang.String, java.lang.String, org.springframework.data.domain.Pageable):::EXIT	this.bizConfig.environment.getClass().getName() == orig(this.bizConfig.propertySource.env.getClass().getName())	INVALID	
apollo	com.ctrip.framework.apollo.biz.service.ItemService.getItemInfoBySearch(java.lang.String, java.lang.String, org.springframework.data.domain.Pageable)	89	com.ctrip.framework.apollo.biz.service.ItemService.getItemInfoBySearch(java.lang.String, java.lang.String, org.springframework.data.domain.Pageable):::EXIT	this.bizConfig.environment.getClass().getName() == orig(this.bizConfig.environment.getClass().getName())	INVALID	
apollo	com.ctrip.framework.apollo.biz.service.ItemService.getItemInfoBySearch(java.lang.String, java.lang.String, org.springframework.data.domain.Pageable)	90	com.ctrip.framework.apollo.biz.service.ItemService.getItemInfoBySearch(java.lang.String, java.lang.String, org.springframework.data.domain.Pageable):::EXIT	this.bizConfig.propertySources == orig(this.bizConfig.propertySources)	INVALID	
apollo	com.ctrip.framework.apollo.biz.service.ItemService.getItemInfoBySearch(java.lang.String, java.lang.String, org.springframework.data.domain.Pageable)	91	com.ctrip.framework.apollo.biz.service.ItemService.getItemInfoBySearch(java.lang.String, java.lang.String, org.springframework.data.domain.Pageable):::EXIT	this.bizConfig.propertySources[] == orig(this.bizConfig.propertySources[])	INVALID	
apollo	com.ctrip.framework.apollo.biz.service.ItemService.getItemInfoBySearch(java.lang.String, java.lang.String, org.springframework.data.domain.Pageable)	92	com.ctrip.framework.apollo.biz.service.ItemService.getItemInfoBySearch(java.lang.String, java.lang.String, org.springframework.data.domain.Pageable):::EXIT	this.bizConfig.propertySources.getClass().getName() == orig(this.bizConfig.propertySources.getClass().getName())	INVALID	
apollo	com.ctrip.framework.apollo.biz.service.ItemService.getItemInfoBySearch(java.lang.String, java.lang.String, org.springframework.data.domain.Pageable)	93	com.ctrip.framework.apollo.biz.service.ItemService.getItemInfoBySearch(java.lang.String, java.lang.String, org.springframework.data.domain.Pageable):::EXIT	this.bizConfig.executorService == orig(this.bizConfig.executorService)	INVALID	
apollo	com.ctrip.framework.apollo.biz.service.ItemService.getItemInfoBySearch(java.lang.String, java.lang.String, org.springframework.data.domain.Pageable)	94	com.ctrip.framework.apollo.biz.service.ItemService.getItemInfoBySearch(java.lang.String, java.lang.String, org.springframework.data.domain.Pageable):::EXIT	this.bizConfig.executorService.getClass().getName() == orig(this.bizConfig.executorService.getClass().getName())	INVALID	
apollo	com.ctrip.framework.apollo.biz.service.ItemService.getItemInfoBySearch(java.lang.String, java.lang.String, org.springframework.data.domain.Pageable)	95	com.ctrip.framework.apollo.biz.service.ItemService.getItemInfoBySearch(java.lang.String, java.lang.String, org.springframework.data.domain.Pageable):::EXIT	key.toString == orig(key.toString)	INVALID	
apollo	com.ctrip.framework.apollo.biz.service.ItemService.getItemInfoBySearch(java.lang.String, java.lang.String, org.springframework.data.domain.Pageable)	96	com.ctrip.framework.apollo.biz.service.ItemService.getItemInfoBySearch(java.lang.String, java.lang.String, org.springframework.data.domain.Pageable):::EXIT	value.toString == orig(value.toString)	INVALID	
apollo	com.ctrip.framework.apollo.biz.service.ItemService.getItemInfoBySearch(java.lang.String, java.lang.String, org.springframework.data.domain.Pageable)	97	com.ctrip.framework.apollo.biz.service.ItemService.getItemInfoBySearch(java.lang.String, java.lang.String, org.springframework.data.domain.Pageable):::EXIT	size(com.ctrip.framework.apollo.common.config.RefreshableConfig.EMPTY_STRING_ARRAY[]) == orig(size(this.bizConfig.propertySources[]))-1	INVALID	
apollo	com.ctrip.framework.apollo.biz.service.ItemService.getItemInfoBySearch(java.lang.String, java.lang.String, org.springframework.data.domain.Pageable)	98	com.ctrip.framework.apollo.biz.service.ItemService.getItemInfoBySearch(java.lang.String, java.lang.String, org.springframework.data.domain.Pageable):::EXIT	this.itemRepository has only one value	INVALID	
apollo	com.ctrip.framework.apollo.biz.service.ItemService.getItemInfoBySearch(java.lang.String, java.lang.String, org.springframework.data.domain.Pageable)	99	com.ctrip.framework.apollo.biz.service.ItemService.getItemInfoBySearch(java.lang.String, java.lang.String, org.springframework.data.domain.Pageable):::EXIT	this.itemRepository.getClass().getName() == jdk.proxy2.$Proxy258.class	VALID	"this.itemRepository.getClass().getName().equals(""jdk.proxy2.$Proxy258"")"
apollo	com.ctrip.framework.apollo.biz.service.ItemService.getItemInfoBySearch(java.lang.String, java.lang.String, org.springframework.data.domain.Pageable)	100	com.ctrip.framework.apollo.biz.service.ItemService.getItemInfoBySearch(java.lang.String, java.lang.String, org.springframework.data.domain.Pageable):::EXIT	this.namespaceService has only one value	INVALID	
apollo	com.ctrip.framework.apollo.biz.service.ItemService.getItemInfoBySearch(java.lang.String, java.lang.String, org.springframework.data.domain.Pageable)	101	com.ctrip.framework.apollo.biz.service.ItemService.getItemInfoBySearch(java.lang.String, java.lang.String, org.springframework.data.domain.Pageable):::EXIT	this.auditService has only one value	INVALID	
apollo	com.ctrip.framework.apollo.biz.service.ItemService.getItemInfoBySearch(java.lang.String, java.lang.String, org.springframework.data.domain.Pageable)	102	com.ctrip.framework.apollo.biz.service.ItemService.getItemInfoBySearch(java.lang.String, java.lang.String, org.springframework.data.domain.Pageable):::EXIT	this.bizConfig has only one value	INVALID	
apollo	com.ctrip.framework.apollo.biz.service.ItemService.getItemInfoBySearch(java.lang.String, java.lang.String, org.springframework.data.domain.Pageable)	103	com.ctrip.framework.apollo.biz.service.ItemService.getItemInfoBySearch(java.lang.String, java.lang.String, org.springframework.data.domain.Pageable):::EXIT	this.bizConfig.propertySource has only one value	INVALID	
apollo	com.ctrip.framework.apollo.biz.service.ItemService.getItemInfoBySearch(java.lang.String, java.lang.String, org.springframework.data.domain.Pageable)	104	com.ctrip.framework.apollo.biz.service.ItemService.getItemInfoBySearch(java.lang.String, java.lang.String, org.springframework.data.domain.Pageable):::EXIT	this.bizConfig.propertySource.serverConfigRepository has only one value	INVALID	
apollo	com.ctrip.framework.apollo.biz.service.ItemService.getItemInfoBySearch(java.lang.String, java.lang.String, org.springframework.data.domain.Pageable)	105	com.ctrip.framework.apollo.biz.service.ItemService.getItemInfoBySearch(java.lang.String, java.lang.String, org.springframework.data.domain.Pageable):::EXIT	this.bizConfig.propertySource.dataSource has only one value	INVALID	
apollo	com.ctrip.framework.apollo.biz.service.ItemService.getItemInfoBySearch(java.lang.String, java.lang.String, org.springframework.data.domain.Pageable)	106	com.ctrip.framework.apollo.biz.service.ItemService.getItemInfoBySearch(java.lang.String, java.lang.String, org.springframework.data.domain.Pageable):::EXIT	this.bizConfig.propertySource.env has only one value	INVALID	
apollo	com.ctrip.framework.apollo.biz.service.ItemService.getItemInfoBySearch(java.lang.String, java.lang.String, org.springframework.data.domain.Pageable)	107	com.ctrip.framework.apollo.biz.service.ItemService.getItemInfoBySearch(java.lang.String, java.lang.String, org.springframework.data.domain.Pageable):::EXIT	this.bizConfig.splitter has only one value	INVALID	
apollo	com.ctrip.framework.apollo.biz.service.ItemService.getItemInfoBySearch(java.lang.String, java.lang.String, org.springframework.data.domain.Pageable)	108	com.ctrip.framework.apollo.biz.service.ItemService.getItemInfoBySearch(java.lang.String, java.lang.String, org.springframework.data.domain.Pageable):::EXIT	this.bizConfig.environment has only one value	INVALID	
apollo	com.ctrip.framework.apollo.biz.service.ItemService.getItemInfoBySearch(java.lang.String, java.lang.String, org.springframework.data.domain.Pageable)	109	com.ctrip.framework.apollo.biz.service.ItemService.getItemInfoBySearch(java.lang.String, java.lang.String, org.springframework.data.domain.Pageable):::EXIT	this.bizConfig.propertySources has only one value	INVALID	
apollo	com.ctrip.framework.apollo.biz.service.ItemService.getItemInfoBySearch(java.lang.String, java.lang.String, org.springframework.data.domain.Pageable)	110	com.ctrip.framework.apollo.biz.service.ItemService.getItemInfoBySearch(java.lang.String, java.lang.String, org.springframework.data.domain.Pageable):::EXIT	this.bizConfig.propertySources[] contains no nulls and has only one value, of length 1	INVALID	
apollo	com.ctrip.framework.apollo.biz.service.ItemService.getItemInfoBySearch(java.lang.String, java.lang.String, org.springframework.data.domain.Pageable)	111	com.ctrip.framework.apollo.biz.service.ItemService.getItemInfoBySearch(java.lang.String, java.lang.String, org.springframework.data.domain.Pageable):::EXIT	this.bizConfig.propertySources[] elements has only one value	INVALID	
apollo	com.ctrip.framework.apollo.biz.service.ItemService.getItemInfoBySearch(java.lang.String, java.lang.String, org.springframework.data.domain.Pageable)	112	com.ctrip.framework.apollo.biz.service.ItemService.getItemInfoBySearch(java.lang.String, java.lang.String, org.springframework.data.domain.Pageable):::EXIT	this.bizConfig.executorService has only one value	INVALID	
apollo	com.ctrip.framework.apollo.biz.service.ItemService.getItemInfoBySearch(java.lang.String, java.lang.String, org.springframework.data.domain.Pageable)	113	com.ctrip.framework.apollo.biz.service.ItemService.getItemInfoBySearch(java.lang.String, java.lang.String, org.springframework.data.domain.Pageable):::EXIT	"key.toString one of { """", ""k1"" }"	VALID	""""".equals(key) || ""k1"".equals(key)"
apollo	com.ctrip.framework.apollo.biz.service.ItemService.getItemInfoBySearch(java.lang.String, java.lang.String, org.springframework.data.domain.Pageable)	114	com.ctrip.framework.apollo.biz.service.ItemService.getItemInfoBySearch(java.lang.String, java.lang.String, org.springframework.data.domain.Pageable):::EXIT	"value.toString one of { """", ""v1"" }"	VALID	""""".equals(value) || ""v1"".equals(value)"
apollo	com.ctrip.framework.apollo.biz.service.ItemService.getItemInfoBySearch(java.lang.String, java.lang.String, org.springframework.data.domain.Pageable)	115	com.ctrip.framework.apollo.biz.service.ItemService.getItemInfoBySearch(java.lang.String, java.lang.String, org.springframework.data.domain.Pageable):::EXIT	return.getClass().getName() == org.springframework.data.domain.PageImpl.class	VALID	result.getClass() == org.springframework.data.domain.PageImpl.class
apollo	com.ctrip.framework.apollo.biz.entity.JpaMapFieldJsonConverter.convertToDatabaseColumn(java.util.Map)	1	com.ctrip.framework.apollo.biz.entity.JpaMapFieldJsonConverter.convertToDatabaseColumn(java.util.Map):::ENTER	com.ctrip.framework.apollo.biz.entity.JpaMapFieldJsonConverter.TYPE_TOKEN.getClass().getName() != attribute.getClass().getName()	VALID	!com.ctrip.framework.apollo.biz.entity.JpaMapFieldJsonConverter.TYPE_TOKEN.getClass().getName().equals(attribute.getClass().getName())
apollo	com.ctrip.framework.apollo.biz.entity.JpaMapFieldJsonConverter.convertToDatabaseColumn(java.util.Map)	2	com.ctrip.framework.apollo.biz.entity.JpaMapFieldJsonConverter.convertToDatabaseColumn(java.util.Map):::ENTER	com.ctrip.framework.apollo.biz.entity.JpaMapFieldJsonConverter.TYPE.getClass().getName() != attribute.getClass().getName()	VALID	!com.ctrip.framework.apollo.biz.entity.JpaMapFieldJsonConverter.TYPE.getClass().getName().equals(attribute.getClass().getName())
apollo	com.ctrip.framework.apollo.biz.entity.JpaMapFieldJsonConverter.convertToDatabaseColumn(java.util.Map)	3	com.ctrip.framework.apollo.biz.entity.JpaMapFieldJsonConverter.convertToDatabaseColumn(java.util.Map):::EXIT	com.ctrip.framework.apollo.biz.entity.JpaMapFieldJsonConverter.GSON == orig(com.ctrip.framework.apollo.biz.entity.JpaMapFieldJsonConverter.GSON)	INVALID	
apollo	com.ctrip.framework.apollo.biz.entity.JpaMapFieldJsonConverter.convertToDatabaseColumn(java.util.Map)	4	com.ctrip.framework.apollo.biz.entity.JpaMapFieldJsonConverter.convertToDatabaseColumn(java.util.Map):::EXIT	com.ctrip.framework.apollo.biz.entity.JpaMapFieldJsonConverter.TYPE_TOKEN == orig(com.ctrip.framework.apollo.biz.entity.JpaMapFieldJsonConverter.TYPE_TOKEN)	INVALID	
apollo	com.ctrip.framework.apollo.biz.entity.JpaMapFieldJsonConverter.convertToDatabaseColumn(java.util.Map)	5	com.ctrip.framework.apollo.biz.entity.JpaMapFieldJsonConverter.convertToDatabaseColumn(java.util.Map):::EXIT	com.ctrip.framework.apollo.biz.entity.JpaMapFieldJsonConverter.TYPE_TOKEN.getClass().getName() == orig(com.ctrip.framework.apollo.biz.entity.JpaMapFieldJsonConverter.TYPE_TOKEN.getClass().getName())	INVALID	
apollo	com.ctrip.framework.apollo.biz.entity.JpaMapFieldJsonConverter.convertToDatabaseColumn(java.util.Map)	6	com.ctrip.framework.apollo.biz.entity.JpaMapFieldJsonConverter.convertToDatabaseColumn(java.util.Map):::EXIT	com.ctrip.framework.apollo.biz.entity.JpaMapFieldJsonConverter.TYPE == orig(com.ctrip.framework.apollo.biz.entity.JpaMapFieldJsonConverter.TYPE)	INVALID	
apollo	com.ctrip.framework.apollo.biz.entity.JpaMapFieldJsonConverter.convertToDatabaseColumn(java.util.Map)	7	com.ctrip.framework.apollo.biz.entity.JpaMapFieldJsonConverter.convertToDatabaseColumn(java.util.Map):::EXIT	com.ctrip.framework.apollo.biz.entity.JpaMapFieldJsonConverter.TYPE.getClass().getName() == orig(com.ctrip.framework.apollo.biz.entity.JpaMapFieldJsonConverter.TYPE.getClass().getName())	INVALID	
apollo	com.ctrip.framework.apollo.biz.entity.JpaMapFieldJsonConverter.convertToDatabaseColumn(java.util.Map)	8	com.ctrip.framework.apollo.biz.entity.JpaMapFieldJsonConverter.convertToDatabaseColumn(java.util.Map):::EXIT	return != null	VALID	result != null
apollo	com.ctrip.framework.apollo.biz.entity.JpaMapFieldJsonConverter.convertToDatabaseColumn(java.util.Map)	9	com.ctrip.framework.apollo.biz.entity.JpaMapFieldJsonConverter.convertToDatabaseColumn(java.util.Map):::EXIT	com.ctrip.framework.apollo.biz.entity.JpaMapFieldJsonConverter.TYPE_TOKEN.getClass().getName() != orig(attribute.getClass().getName())	INVALID	
apollo	com.ctrip.framework.apollo.biz.entity.JpaMapFieldJsonConverter.convertToDatabaseColumn(java.util.Map)	10	com.ctrip.framework.apollo.biz.entity.JpaMapFieldJsonConverter.convertToDatabaseColumn(java.util.Map):::EXIT	com.ctrip.framework.apollo.biz.entity.JpaMapFieldJsonConverter.TYPE.getClass().getName() != orig(attribute.getClass().getName())	INVALID	
hudi	org.apache.hudi.table.action.commit.JavaUpsertPartitioner.getSmallFilesForPartitions(java.util.List, org.apache.hudi.common.engine.HoodieEngineContext)	1	org.apache.hudi.table.action.commit.JavaUpsertPartitioner.getSmallFilesForPartitions(java.util.List, org.apache.hudi.common.engine.HoodieEngineContext):::ENTER	this.smallFiles.getClass().getName() == partitionPaths.getClass().getName()	VALID	this.smallFiles.getClass().getName().equals(partitionPaths.getClass().getName())
hudi	org.apache.hudi.table.action.commit.JavaUpsertPartitioner.getSmallFilesForPartitions(java.util.List, org.apache.hudi.common.engine.HoodieEngineContext)	2	org.apache.hudi.table.action.commit.JavaUpsertPartitioner.getSmallFilesForPartitions(java.util.List, org.apache.hudi.common.engine.HoodieEngineContext):::ENTER	this.smallFiles[] == []	VALID	this.smallFiles.isEmpty()
hudi	org.apache.hudi.table.action.commit.JavaUpsertPartitioner.getSmallFilesForPartitions(java.util.List, org.apache.hudi.common.engine.HoodieEngineContext)	3	org.apache.hudi.table.action.commit.JavaUpsertPartitioner.getSmallFilesForPartitions(java.util.List, org.apache.hudi.common.engine.HoodieEngineContext):::ENTER	this.smallFiles[].getClass().getName() == []	VALID	this.smallFiles.isEmpty()
hudi	org.apache.hudi.table.action.commit.JavaUpsertPartitioner.getSmallFilesForPartitions(java.util.List, org.apache.hudi.common.engine.HoodieEngineContext)	4	org.apache.hudi.table.action.commit.JavaUpsertPartitioner.getSmallFilesForPartitions(java.util.List, org.apache.hudi.common.engine.HoodieEngineContext):::ENTER	partitionPaths != null	VALID	partitionPaths != null
hudi	org.apache.hudi.table.action.commit.JavaUpsertPartitioner.getSmallFilesForPartitions(java.util.List, org.apache.hudi.common.engine.HoodieEngineContext)	5	org.apache.hudi.table.action.commit.JavaUpsertPartitioner.getSmallFilesForPartitions(java.util.List, org.apache.hudi.common.engine.HoodieEngineContext):::ENTER	partitionPaths[] elements != null	VALID	partitionPaths.stream().allMatch(element -> element != null)
hudi	org.apache.hudi.table.action.commit.JavaUpsertPartitioner.getSmallFilesForPartitions(java.util.List, org.apache.hudi.common.engine.HoodieEngineContext)	6	org.apache.hudi.table.action.commit.JavaUpsertPartitioner.getSmallFilesForPartitions(java.util.List, org.apache.hudi.common.engine.HoodieEngineContext):::ENTER	partitionPaths[].getClass().getName() elements == java.lang.String.class	VALID	"partitionPaths.stream().allMatch(element -> element != null && element.getClass().getName().equals(""java.lang.String""))"
hudi	org.apache.hudi.table.action.commit.JavaUpsertPartitioner.getSmallFilesForPartitions(java.util.List, org.apache.hudi.common.engine.HoodieEngineContext)	7	org.apache.hudi.table.action.commit.JavaUpsertPartitioner.getSmallFilesForPartitions(java.util.List, org.apache.hudi.common.engine.HoodieEngineContext):::ENTER	context != null	VALID	context != null
hudi	org.apache.hudi.table.action.commit.JavaUpsertPartitioner.getSmallFilesForPartitions(java.util.List, org.apache.hudi.common.engine.HoodieEngineContext)	8	org.apache.hudi.table.action.commit.JavaUpsertPartitioner.getSmallFilesForPartitions(java.util.List, org.apache.hudi.common.engine.HoodieEngineContext):::ENTER	context.getClass().getName() == org.apache.hudi.client.common.HoodieJavaEngineContext.class	VALID	"context.getClass().getName().equals(""org.apache.hudi.client.common.HoodieJavaEngineContext"")"
hudi	org.apache.hudi.table.action.commit.JavaUpsertPartitioner.getSmallFilesForPartitions(java.util.List, org.apache.hudi.common.engine.HoodieEngineContext)	9	org.apache.hudi.table.action.commit.JavaUpsertPartitioner.getSmallFilesForPartitions(java.util.List, org.apache.hudi.common.engine.HoodieEngineContext):::ENTER	size(partitionPaths[]) one of { 1, 2, 3 }	VALID	partitionPaths.size() == 1 || partitionPaths.size() == 2 || partitionPaths.size() == 3
hudi	org.apache.hudi.table.action.commit.JavaUpsertPartitioner.getSmallFilesForPartitions(java.util.List, org.apache.hudi.common.engine.HoodieEngineContext)	10	org.apache.hudi.table.action.commit.JavaUpsertPartitioner.getSmallFilesForPartitions(java.util.List, org.apache.hudi.common.engine.HoodieEngineContext):::ENTER	org.apache.hudi.table.action.commit.JavaUpsertPartitioner.log.getClass().getName() != context.getClass().getName()	VALID	!org.apache.hudi.table.action.commit.JavaUpsertPartitioner.log.getClass().getName().equals(context.getClass().getName())
hudi	org.apache.hudi.table.action.commit.JavaUpsertPartitioner.getSmallFilesForPartitions(java.util.List, org.apache.hudi.common.engine.HoodieEngineContext)	11	org.apache.hudi.table.action.commit.JavaUpsertPartitioner.getSmallFilesForPartitions(java.util.List, org.apache.hudi.common.engine.HoodieEngineContext):::ENTER	this.smallFiles.getClass().getName() != context.getClass().getName()	VALID	!this.smallFiles.getClass().getName().equals(context.getClass().getName())
hudi	org.apache.hudi.table.action.commit.JavaUpsertPartitioner.getSmallFilesForPartitions(java.util.List, org.apache.hudi.common.engine.HoodieEngineContext)	12	org.apache.hudi.table.action.commit.JavaUpsertPartitioner.getSmallFilesForPartitions(java.util.List, org.apache.hudi.common.engine.HoodieEngineContext):::ENTER	this.table.getClass().getName() != context.getClass().getName()	VALID	!this.table.getClass().getName().equals(context.getClass().getName())
hudi	org.apache.hudi.table.action.commit.JavaUpsertPartitioner.getSmallFilesForPartitions(java.util.List, org.apache.hudi.common.engine.HoodieEngineContext)	13	org.apache.hudi.table.action.commit.JavaUpsertPartitioner.getSmallFilesForPartitions(java.util.List, org.apache.hudi.common.engine.HoodieEngineContext):::ENTER	size(this.smallFiles[]) <= size(partitionPaths[])-1	VALID	this.smallFiles.size() <= partitionPaths.size() - 1
hudi	org.apache.hudi.table.action.commit.JavaUpsertPartitioner.getSmallFilesForPartitions(java.util.List, org.apache.hudi.common.engine.HoodieEngineContext)	14	org.apache.hudi.table.action.commit.JavaUpsertPartitioner.getSmallFilesForPartitions(java.util.List, org.apache.hudi.common.engine.HoodieEngineContext):::EXIT	org.apache.hudi.table.action.commit.JavaUpsertPartitioner.log == orig(org.apache.hudi.table.action.commit.JavaUpsertPartitioner.log)	INVALID	
hudi	org.apache.hudi.table.action.commit.JavaUpsertPartitioner.getSmallFilesForPartitions(java.util.List, org.apache.hudi.common.engine.HoodieEngineContext)	15	org.apache.hudi.table.action.commit.JavaUpsertPartitioner.getSmallFilesForPartitions(java.util.List, org.apache.hudi.common.engine.HoodieEngineContext):::EXIT	org.apache.hudi.table.action.commit.JavaUpsertPartitioner.log.getClass().getName() == orig(org.apache.hudi.table.action.commit.JavaUpsertPartitioner.log.getClass().getName())	INVALID	
hudi	org.apache.hudi.table.action.commit.JavaUpsertPartitioner.getSmallFilesForPartitions(java.util.List, org.apache.hudi.common.engine.HoodieEngineContext)	16	org.apache.hudi.table.action.commit.JavaUpsertPartitioner.getSmallFilesForPartitions(java.util.List, org.apache.hudi.common.engine.HoodieEngineContext):::EXIT	this.smallFiles == orig(this.smallFiles)	INVALID	
hudi	org.apache.hudi.table.action.commit.JavaUpsertPartitioner.getSmallFilesForPartitions(java.util.List, org.apache.hudi.common.engine.HoodieEngineContext)	17	org.apache.hudi.table.action.commit.JavaUpsertPartitioner.getSmallFilesForPartitions(java.util.List, org.apache.hudi.common.engine.HoodieEngineContext):::EXIT	this.smallFiles[] == orig(this.smallFiles[])	INVALID	
hudi	org.apache.hudi.table.action.commit.JavaUpsertPartitioner.getSmallFilesForPartitions(java.util.List, org.apache.hudi.common.engine.HoodieEngineContext)	18	org.apache.hudi.table.action.commit.JavaUpsertPartitioner.getSmallFilesForPartitions(java.util.List, org.apache.hudi.common.engine.HoodieEngineContext):::EXIT	this.smallFiles.getClass().getName() == orig(this.smallFiles.getClass().getName())	INVALID	
hudi	org.apache.hudi.table.action.commit.JavaUpsertPartitioner.getSmallFilesForPartitions(java.util.List, org.apache.hudi.common.engine.HoodieEngineContext)	19	org.apache.hudi.table.action.commit.JavaUpsertPartitioner.getSmallFilesForPartitions(java.util.List, org.apache.hudi.common.engine.HoodieEngineContext):::EXIT	this.smallFiles.getClass().getName() == orig(partitionPaths.getClass().getName())	INVALID	
hudi	org.apache.hudi.table.action.commit.JavaUpsertPartitioner.getSmallFilesForPartitions(java.util.List, org.apache.hudi.common.engine.HoodieEngineContext)	20	org.apache.hudi.table.action.commit.JavaUpsertPartitioner.getSmallFilesForPartitions(java.util.List, org.apache.hudi.common.engine.HoodieEngineContext):::EXIT	this.totalBuckets == orig(this.totalBuckets)	INVALID	
hudi	org.apache.hudi.table.action.commit.JavaUpsertPartitioner.getSmallFilesForPartitions(java.util.List, org.apache.hudi.common.engine.HoodieEngineContext)	21	org.apache.hudi.table.action.commit.JavaUpsertPartitioner.getSmallFilesForPartitions(java.util.List, org.apache.hudi.common.engine.HoodieEngineContext):::EXIT	this.workloadProfile == orig(this.workloadProfile)	INVALID	
hudi	org.apache.hudi.table.action.commit.JavaUpsertPartitioner.getSmallFilesForPartitions(java.util.List, org.apache.hudi.common.engine.HoodieEngineContext)	22	org.apache.hudi.table.action.commit.JavaUpsertPartitioner.getSmallFilesForPartitions(java.util.List, org.apache.hudi.common.engine.HoodieEngineContext):::EXIT	this.updateLocationToBucket == orig(this.updateLocationToBucket)	INVALID	
hudi	org.apache.hudi.table.action.commit.JavaUpsertPartitioner.getSmallFilesForPartitions(java.util.List, org.apache.hudi.common.engine.HoodieEngineContext)	23	org.apache.hudi.table.action.commit.JavaUpsertPartitioner.getSmallFilesForPartitions(java.util.List, org.apache.hudi.common.engine.HoodieEngineContext):::EXIT	this.partitionPathToInsertBucketInfos == orig(this.partitionPathToInsertBucketInfos)	INVALID	
hudi	org.apache.hudi.table.action.commit.JavaUpsertPartitioner.getSmallFilesForPartitions(java.util.List, org.apache.hudi.common.engine.HoodieEngineContext)	24	org.apache.hudi.table.action.commit.JavaUpsertPartitioner.getSmallFilesForPartitions(java.util.List, org.apache.hudi.common.engine.HoodieEngineContext):::EXIT	this.bucketInfoMap == orig(this.bucketInfoMap)	INVALID	
hudi	org.apache.hudi.table.action.commit.JavaUpsertPartitioner.getSmallFilesForPartitions(java.util.List, org.apache.hudi.common.engine.HoodieEngineContext)	25	org.apache.hudi.table.action.commit.JavaUpsertPartitioner.getSmallFilesForPartitions(java.util.List, org.apache.hudi.common.engine.HoodieEngineContext):::EXIT	this.table == orig(this.table)	INVALID	
hudi	org.apache.hudi.table.action.commit.JavaUpsertPartitioner.getSmallFilesForPartitions(java.util.List, org.apache.hudi.common.engine.HoodieEngineContext)	26	org.apache.hudi.table.action.commit.JavaUpsertPartitioner.getSmallFilesForPartitions(java.util.List, org.apache.hudi.common.engine.HoodieEngineContext):::EXIT	this.table.getClass().getName() == orig(this.table.getClass().getName())	INVALID	
hudi	org.apache.hudi.table.action.commit.JavaUpsertPartitioner.getSmallFilesForPartitions(java.util.List, org.apache.hudi.common.engine.HoodieEngineContext)	27	org.apache.hudi.table.action.commit.JavaUpsertPartitioner.getSmallFilesForPartitions(java.util.List, org.apache.hudi.common.engine.HoodieEngineContext):::EXIT	this.config == orig(this.config)	INVALID	
hudi	org.apache.hudi.table.action.commit.JavaUpsertPartitioner.getSmallFilesForPartitions(java.util.List, org.apache.hudi.common.engine.HoodieEngineContext)	28	org.apache.hudi.table.action.commit.JavaUpsertPartitioner.getSmallFilesForPartitions(java.util.List, org.apache.hudi.common.engine.HoodieEngineContext):::EXIT	partitionPaths[] == orig(partitionPaths[])	INVALID	
hudi	org.apache.hudi.table.action.commit.JavaUpsertPartitioner.getSmallFilesForPartitions(java.util.List, org.apache.hudi.common.engine.HoodieEngineContext)	29	org.apache.hudi.table.action.commit.JavaUpsertPartitioner.getSmallFilesForPartitions(java.util.List, org.apache.hudi.common.engine.HoodieEngineContext):::EXIT	this.smallFiles[] == []	VALID	this.smallFiles.isEmpty()
hudi	org.apache.hudi.table.action.commit.JavaUpsertPartitioner.getSmallFilesForPartitions(java.util.List, org.apache.hudi.common.engine.HoodieEngineContext)	30	org.apache.hudi.table.action.commit.JavaUpsertPartitioner.getSmallFilesForPartitions(java.util.List, org.apache.hudi.common.engine.HoodieEngineContext):::EXIT	this.smallFiles[].getClass().getName() == []	VALID	this.smallFiles.isEmpty()
hudi	org.apache.hudi.table.action.commit.JavaUpsertPartitioner.getSmallFilesForPartitions(java.util.List, org.apache.hudi.common.engine.HoodieEngineContext)	31	org.apache.hudi.table.action.commit.JavaUpsertPartitioner.getSmallFilesForPartitions(java.util.List, org.apache.hudi.common.engine.HoodieEngineContext):::EXIT	partitionPaths[] elements != null	VALID	partitionPaths.stream().allMatch(element -> element != null)
hudi	org.apache.hudi.table.action.commit.JavaUpsertPartitioner.getSmallFilesForPartitions(java.util.List, org.apache.hudi.common.engine.HoodieEngineContext)	32	org.apache.hudi.table.action.commit.JavaUpsertPartitioner.getSmallFilesForPartitions(java.util.List, org.apache.hudi.common.engine.HoodieEngineContext):::EXIT	partitionPaths[].getClass().getName() elements == java.lang.String.class	VALID	"partitionPaths.stream().allMatch(element -> element != null && element.getClass().getName().equals(""java.lang.String""))"
hudi	org.apache.hudi.table.action.commit.JavaUpsertPartitioner.getSmallFilesForPartitions(java.util.List, org.apache.hudi.common.engine.HoodieEngineContext)	33	org.apache.hudi.table.action.commit.JavaUpsertPartitioner.getSmallFilesForPartitions(java.util.List, org.apache.hudi.common.engine.HoodieEngineContext):::EXIT	return != null	VALID	result != null
hudi	org.apache.hudi.table.action.commit.JavaUpsertPartitioner.getSmallFilesForPartitions(java.util.List, org.apache.hudi.common.engine.HoodieEngineContext)	34	org.apache.hudi.table.action.commit.JavaUpsertPartitioner.getSmallFilesForPartitions(java.util.List, org.apache.hudi.common.engine.HoodieEngineContext):::EXIT	return.getClass().getName() == java.util.HashMap.class	VALID	"result.getClass().getName().equals(""java.util.HashMap"")"
hudi	org.apache.hudi.table.action.commit.JavaUpsertPartitioner.getSmallFilesForPartitions(java.util.List, org.apache.hudi.common.engine.HoodieEngineContext)	35	org.apache.hudi.table.action.commit.JavaUpsertPartitioner.getSmallFilesForPartitions(java.util.List, org.apache.hudi.common.engine.HoodieEngineContext):::EXIT	org.apache.hudi.table.action.commit.JavaUpsertPartitioner.log.getClass().getName() != return.getClass().getName()	VALID	!org.apache.hudi.table.action.commit.JavaUpsertPartitioner.log.getClass().getName().equals(result.getClass().getName())
hudi	org.apache.hudi.table.action.commit.JavaUpsertPartitioner.getSmallFilesForPartitions(java.util.List, org.apache.hudi.common.engine.HoodieEngineContext)	36	org.apache.hudi.table.action.commit.JavaUpsertPartitioner.getSmallFilesForPartitions(java.util.List, org.apache.hudi.common.engine.HoodieEngineContext):::EXIT	org.apache.hudi.table.action.commit.JavaUpsertPartitioner.log.getClass().getName() != orig(context.getClass().getName())	INVALID	
hudi	org.apache.hudi.table.action.commit.JavaUpsertPartitioner.getSmallFilesForPartitions(java.util.List, org.apache.hudi.common.engine.HoodieEngineContext)	37	org.apache.hudi.table.action.commit.JavaUpsertPartitioner.getSmallFilesForPartitions(java.util.List, org.apache.hudi.common.engine.HoodieEngineContext):::EXIT	this.smallFiles.getClass().getName() != return.getClass().getName()	VALID	!this.smallFiles.getClass().getName().equals(result.getClass().getName())
hudi	org.apache.hudi.table.action.commit.JavaUpsertPartitioner.getSmallFilesForPartitions(java.util.List, org.apache.hudi.common.engine.HoodieEngineContext)	38	org.apache.hudi.table.action.commit.JavaUpsertPartitioner.getSmallFilesForPartitions(java.util.List, org.apache.hudi.common.engine.HoodieEngineContext):::EXIT	this.smallFiles.getClass().getName() != orig(context.getClass().getName())	INVALID	
hudi	org.apache.hudi.table.action.commit.JavaUpsertPartitioner.getSmallFilesForPartitions(java.util.List, org.apache.hudi.common.engine.HoodieEngineContext)	39	org.apache.hudi.table.action.commit.JavaUpsertPartitioner.getSmallFilesForPartitions(java.util.List, org.apache.hudi.common.engine.HoodieEngineContext):::EXIT	this.table.getClass().getName() != return.getClass().getName()	VALID	!this.table.getClass().getName().equals(result.getClass().getName())
hudi	org.apache.hudi.table.action.commit.JavaUpsertPartitioner.getSmallFilesForPartitions(java.util.List, org.apache.hudi.common.engine.HoodieEngineContext)	40	org.apache.hudi.table.action.commit.JavaUpsertPartitioner.getSmallFilesForPartitions(java.util.List, org.apache.hudi.common.engine.HoodieEngineContext):::EXIT	this.table.getClass().getName() != orig(context.getClass().getName())	INVALID	
hudi	org.apache.hudi.table.action.commit.JavaUpsertPartitioner.getSmallFilesForPartitions(java.util.List, org.apache.hudi.common.engine.HoodieEngineContext)	41	org.apache.hudi.table.action.commit.JavaUpsertPartitioner.getSmallFilesForPartitions(java.util.List, org.apache.hudi.common.engine.HoodieEngineContext):::EXIT	return.getClass().getName() != orig(context.getClass().getName())	INVALID	
hudi	org.apache.hudi.table.action.commit.JavaUpsertPartitioner.getSmallFilesForPartitions(java.util.List, org.apache.hudi.common.engine.HoodieEngineContext)	42	org.apache.hudi.table.action.commit.JavaUpsertPartitioner.getSmallFilesForPartitions(java.util.List, org.apache.hudi.common.engine.HoodieEngineContext):::EXIT	size(this.smallFiles[]) <= size(partitionPaths[])-1	VALID	this.smallFiles.size() <= partitionPaths.size() - 1
hudi	org.apache.hudi.table.HoodieJavaMergeOnReadTable.scheduleCompaction(org.apache.hudi.common.engine.HoodieEngineContext, java.lang.String, org.apache.hudi.common.util.Option)	1	org.apache.hudi.table.HoodieJavaMergeOnReadTable.scheduleCompaction(org.apache.hudi.common.engine.HoodieEngineContext, java.lang.String, org.apache.hudi.common.util.Option):::ENTER	this.context == context	VALID	this.context == context
hudi	org.apache.hudi.table.HoodieJavaMergeOnReadTable.scheduleCompaction(org.apache.hudi.common.engine.HoodieEngineContext, java.lang.String, org.apache.hudi.common.util.Option)	2	org.apache.hudi.table.HoodieJavaMergeOnReadTable.scheduleCompaction(org.apache.hudi.common.engine.HoodieEngineContext, java.lang.String, org.apache.hudi.common.util.Option):::ENTER	this.context.getClass().getName() == context.getClass().getName()	VALID	this.context.getClass().getName().equals(context.getClass().getName())
hudi	org.apache.hudi.table.HoodieJavaMergeOnReadTable.scheduleCompaction(org.apache.hudi.common.engine.HoodieEngineContext, java.lang.String, org.apache.hudi.common.util.Option)	3	org.apache.hudi.table.HoodieJavaMergeOnReadTable.scheduleCompaction(org.apache.hudi.common.engine.HoodieEngineContext, java.lang.String, org.apache.hudi.common.util.Option):::ENTER	this.isMetadataTableExists == false	VALID	this.isMetadataTableExists == false
hudi	org.apache.hudi.table.HoodieJavaMergeOnReadTable.scheduleCompaction(org.apache.hudi.common.engine.HoodieEngineContext, java.lang.String, org.apache.hudi.common.util.Option)	4	org.apache.hudi.table.HoodieJavaMergeOnReadTable.scheduleCompaction(org.apache.hudi.common.engine.HoodieEngineContext, java.lang.String, org.apache.hudi.common.util.Option):::ENTER	this.index == null	VALID	this.index == null
hudi	org.apache.hudi.table.HoodieJavaMergeOnReadTable.scheduleCompaction(org.apache.hudi.common.engine.HoodieEngineContext, java.lang.String, org.apache.hudi.common.util.Option)	5	org.apache.hudi.table.HoodieJavaMergeOnReadTable.scheduleCompaction(org.apache.hudi.common.engine.HoodieEngineContext, java.lang.String, org.apache.hudi.common.util.Option):::ENTER	this.metadata == null	VALID	this.metadata == null
hudi	org.apache.hudi.table.HoodieJavaMergeOnReadTable.scheduleCompaction(org.apache.hudi.common.engine.HoodieEngineContext, java.lang.String, org.apache.hudi.common.util.Option)	6	org.apache.hudi.table.HoodieJavaMergeOnReadTable.scheduleCompaction(org.apache.hudi.common.engine.HoodieEngineContext, java.lang.String, org.apache.hudi.common.util.Option):::ENTER	this.storageLayout == null	VALID	this.storageLayout == null
hudi	org.apache.hudi.table.HoodieJavaMergeOnReadTable.scheduleCompaction(org.apache.hudi.common.engine.HoodieEngineContext, java.lang.String, org.apache.hudi.common.util.Option)	7	org.apache.hudi.table.HoodieJavaMergeOnReadTable.scheduleCompaction(org.apache.hudi.common.engine.HoodieEngineContext, java.lang.String, org.apache.hudi.common.util.Option):::ENTER	instantTime != null	VALID	instantTime != null
hudi	org.apache.hudi.table.HoodieJavaMergeOnReadTable.scheduleCompaction(org.apache.hudi.common.engine.HoodieEngineContext, java.lang.String, org.apache.hudi.common.util.Option)	8	org.apache.hudi.table.HoodieJavaMergeOnReadTable.scheduleCompaction(org.apache.hudi.common.engine.HoodieEngineContext, java.lang.String, org.apache.hudi.common.util.Option):::ENTER	extraMetadata has only one value	INVALID	
hudi	org.apache.hudi.table.HoodieJavaMergeOnReadTable.scheduleCompaction(org.apache.hudi.common.engine.HoodieEngineContext, java.lang.String, org.apache.hudi.common.util.Option)	9	org.apache.hudi.table.HoodieJavaMergeOnReadTable.scheduleCompaction(org.apache.hudi.common.engine.HoodieEngineContext, java.lang.String, org.apache.hudi.common.util.Option):::ENTER	extraMetadata != null	VALID	extraMetadata != null
hudi	org.apache.hudi.table.HoodieJavaMergeOnReadTable.scheduleCompaction(org.apache.hudi.common.engine.HoodieEngineContext, java.lang.String, org.apache.hudi.common.util.Option)	10	org.apache.hudi.table.HoodieJavaMergeOnReadTable.scheduleCompaction(org.apache.hudi.common.engine.HoodieEngineContext, java.lang.String, org.apache.hudi.common.util.Option):::EXIT	org.apache.hudi.table.HoodieJavaCopyOnWriteTable.log == orig(org.apache.hudi.table.HoodieJavaCopyOnWriteTable.log)	INVALID	
hudi	org.apache.hudi.table.HoodieJavaMergeOnReadTable.scheduleCompaction(org.apache.hudi.common.engine.HoodieEngineContext, java.lang.String, org.apache.hudi.common.util.Option)	11	org.apache.hudi.table.HoodieJavaMergeOnReadTable.scheduleCompaction(org.apache.hudi.common.engine.HoodieEngineContext, java.lang.String, org.apache.hudi.common.util.Option):::EXIT	org.apache.hudi.table.HoodieJavaCopyOnWriteTable.log.getClass().getName() == orig(org.apache.hudi.table.HoodieJavaCopyOnWriteTable.log.getClass().getName())	INVALID	
hudi	org.apache.hudi.table.HoodieJavaMergeOnReadTable.scheduleCompaction(org.apache.hudi.common.engine.HoodieEngineContext, java.lang.String, org.apache.hudi.common.util.Option)	12	org.apache.hudi.table.HoodieJavaMergeOnReadTable.scheduleCompaction(org.apache.hudi.common.engine.HoodieEngineContext, java.lang.String, org.apache.hudi.common.util.Option):::EXIT	org.apache.hudi.table.HoodieJavaCopyOnWriteTable.log.getClass().getName() == orig(org.apache.hudi.table.HoodieTable.log.getClass().getName())	INVALID	
hudi	org.apache.hudi.table.HoodieJavaMergeOnReadTable.scheduleCompaction(org.apache.hudi.common.engine.HoodieEngineContext, java.lang.String, org.apache.hudi.common.util.Option)	13	org.apache.hudi.table.HoodieJavaMergeOnReadTable.scheduleCompaction(org.apache.hudi.common.engine.HoodieEngineContext, java.lang.String, org.apache.hudi.common.util.Option):::EXIT	this.isMetadataTableExists == orig(this.isMetadataTableExists)	INVALID	
hudi	org.apache.hudi.table.HoodieJavaMergeOnReadTable.scheduleCompaction(org.apache.hudi.common.engine.HoodieEngineContext, java.lang.String, org.apache.hudi.common.util.Option)	14	org.apache.hudi.table.HoodieJavaMergeOnReadTable.scheduleCompaction(org.apache.hudi.common.engine.HoodieEngineContext, java.lang.String, org.apache.hudi.common.util.Option):::EXIT	org.apache.hudi.table.HoodieTable.log == orig(org.apache.hudi.table.HoodieTable.log)	INVALID	
hudi	org.apache.hudi.table.HoodieJavaMergeOnReadTable.scheduleCompaction(org.apache.hudi.common.engine.HoodieEngineContext, java.lang.String, org.apache.hudi.common.util.Option)	15	org.apache.hudi.table.HoodieJavaMergeOnReadTable.scheduleCompaction(org.apache.hudi.common.engine.HoodieEngineContext, java.lang.String, org.apache.hudi.common.util.Option):::EXIT	this.config == orig(this.config)	INVALID	
hudi	org.apache.hudi.table.HoodieJavaMergeOnReadTable.scheduleCompaction(org.apache.hudi.common.engine.HoodieEngineContext, java.lang.String, org.apache.hudi.common.util.Option)	16	org.apache.hudi.table.HoodieJavaMergeOnReadTable.scheduleCompaction(org.apache.hudi.common.engine.HoodieEngineContext, java.lang.String, org.apache.hudi.common.util.Option):::EXIT	this.metaClient == orig(this.metaClient)	INVALID	
hudi	org.apache.hudi.table.HoodieJavaMergeOnReadTable.scheduleCompaction(org.apache.hudi.common.engine.HoodieEngineContext, java.lang.String, org.apache.hudi.common.util.Option)	17	org.apache.hudi.table.HoodieJavaMergeOnReadTable.scheduleCompaction(org.apache.hudi.common.engine.HoodieEngineContext, java.lang.String, org.apache.hudi.common.util.Option):::EXIT	this.index == orig(this.index)	INVALID	
hudi	org.apache.hudi.table.HoodieJavaMergeOnReadTable.scheduleCompaction(org.apache.hudi.common.engine.HoodieEngineContext, java.lang.String, org.apache.hudi.common.util.Option)	18	org.apache.hudi.table.HoodieJavaMergeOnReadTable.scheduleCompaction(org.apache.hudi.common.engine.HoodieEngineContext, java.lang.String, org.apache.hudi.common.util.Option):::EXIT	this.taskContextSupplier == orig(this.taskContextSupplier)	INVALID	
hudi	org.apache.hudi.table.HoodieJavaMergeOnReadTable.scheduleCompaction(org.apache.hudi.common.engine.HoodieEngineContext, java.lang.String, org.apache.hudi.common.util.Option)	19	org.apache.hudi.table.HoodieJavaMergeOnReadTable.scheduleCompaction(org.apache.hudi.common.engine.HoodieEngineContext, java.lang.String, org.apache.hudi.common.util.Option):::EXIT	this.taskContextSupplier.getClass().getName() == orig(this.taskContextSupplier.getClass().getName())	INVALID	
hudi	org.apache.hudi.table.HoodieJavaMergeOnReadTable.scheduleCompaction(org.apache.hudi.common.engine.HoodieEngineContext, java.lang.String, org.apache.hudi.common.util.Option)	20	org.apache.hudi.table.HoodieJavaMergeOnReadTable.scheduleCompaction(org.apache.hudi.common.engine.HoodieEngineContext, java.lang.String, org.apache.hudi.common.util.Option):::EXIT	this.storageLayout == orig(this.storageLayout)	INVALID	
hudi	org.apache.hudi.table.HoodieJavaMergeOnReadTable.scheduleCompaction(org.apache.hudi.common.engine.HoodieEngineContext, java.lang.String, org.apache.hudi.common.util.Option)	21	org.apache.hudi.table.HoodieJavaMergeOnReadTable.scheduleCompaction(org.apache.hudi.common.engine.HoodieEngineContext, java.lang.String, org.apache.hudi.common.util.Option):::EXIT	this.instantGenerator == orig(this.instantGenerator)	INVALID	
hudi	org.apache.hudi.table.HoodieJavaMergeOnReadTable.scheduleCompaction(org.apache.hudi.common.engine.HoodieEngineContext, java.lang.String, org.apache.hudi.common.util.Option)	22	org.apache.hudi.table.HoodieJavaMergeOnReadTable.scheduleCompaction(org.apache.hudi.common.engine.HoodieEngineContext, java.lang.String, org.apache.hudi.common.util.Option):::EXIT	this.instantGenerator.getClass().getName() == orig(this.instantGenerator.getClass().getName())	INVALID	
hudi	org.apache.hudi.table.HoodieJavaMergeOnReadTable.scheduleCompaction(org.apache.hudi.common.engine.HoodieEngineContext, java.lang.String, org.apache.hudi.common.util.Option)	23	org.apache.hudi.table.HoodieJavaMergeOnReadTable.scheduleCompaction(org.apache.hudi.common.engine.HoodieEngineContext, java.lang.String, org.apache.hudi.common.util.Option):::EXIT	this.instantFileNameGenerator == orig(this.instantFileNameGenerator)	INVALID	
hudi	org.apache.hudi.table.HoodieJavaMergeOnReadTable.scheduleCompaction(org.apache.hudi.common.engine.HoodieEngineContext, java.lang.String, org.apache.hudi.common.util.Option)	24	org.apache.hudi.table.HoodieJavaMergeOnReadTable.scheduleCompaction(org.apache.hudi.common.engine.HoodieEngineContext, java.lang.String, org.apache.hudi.common.util.Option):::EXIT	this.instantFileNameGenerator.getClass().getName() == orig(this.instantFileNameGenerator.getClass().getName())	INVALID	
hudi	org.apache.hudi.table.HoodieJavaMergeOnReadTable.scheduleCompaction(org.apache.hudi.common.engine.HoodieEngineContext, java.lang.String, org.apache.hudi.common.util.Option)	25	org.apache.hudi.table.HoodieJavaMergeOnReadTable.scheduleCompaction(org.apache.hudi.common.engine.HoodieEngineContext, java.lang.String, org.apache.hudi.common.util.Option):::EXIT	this.instantFileNameParser == orig(this.instantFileNameParser)	INVALID	
hudi	org.apache.hudi.table.HoodieJavaMergeOnReadTable.scheduleCompaction(org.apache.hudi.common.engine.HoodieEngineContext, java.lang.String, org.apache.hudi.common.util.Option)	26	org.apache.hudi.table.HoodieJavaMergeOnReadTable.scheduleCompaction(org.apache.hudi.common.engine.HoodieEngineContext, java.lang.String, org.apache.hudi.common.util.Option):::EXIT	this.instantFileNameParser.getClass().getName() == orig(this.instantFileNameParser.getClass().getName())	INVALID	
hudi	org.apache.hudi.table.HoodieJavaMergeOnReadTable.scheduleCompaction(org.apache.hudi.common.engine.HoodieEngineContext, java.lang.String, org.apache.hudi.common.util.Option)	27	org.apache.hudi.table.HoodieJavaMergeOnReadTable.scheduleCompaction(org.apache.hudi.common.engine.HoodieEngineContext, java.lang.String, org.apache.hudi.common.util.Option):::EXIT	this.isMetadataTable == orig(this.isMetadataTable)	INVALID	
hudi	org.apache.hudi.table.HoodieJavaMergeOnReadTable.scheduleCompaction(org.apache.hudi.common.engine.HoodieEngineContext, java.lang.String, org.apache.hudi.common.util.Option)	28	org.apache.hudi.table.HoodieJavaMergeOnReadTable.scheduleCompaction(org.apache.hudi.common.engine.HoodieEngineContext, java.lang.String, org.apache.hudi.common.util.Option):::EXIT	this.viewManager == orig(this.viewManager)	INVALID	
hudi	org.apache.hudi.table.HoodieJavaMergeOnReadTable.scheduleCompaction(org.apache.hudi.common.engine.HoodieEngineContext, java.lang.String, org.apache.hudi.common.util.Option)	29	org.apache.hudi.table.HoodieJavaMergeOnReadTable.scheduleCompaction(org.apache.hudi.common.engine.HoodieEngineContext, java.lang.String, org.apache.hudi.common.util.Option):::EXIT	this.context == orig(this.context)	INVALID	
hudi	org.apache.hudi.table.HoodieJavaMergeOnReadTable.scheduleCompaction(org.apache.hudi.common.engine.HoodieEngineContext, java.lang.String, org.apache.hudi.common.util.Option)	30	org.apache.hudi.table.HoodieJavaMergeOnReadTable.scheduleCompaction(org.apache.hudi.common.engine.HoodieEngineContext, java.lang.String, org.apache.hudi.common.util.Option):::EXIT	this.context == orig(context)	INVALID	
hudi	org.apache.hudi.table.HoodieJavaMergeOnReadTable.scheduleCompaction(org.apache.hudi.common.engine.HoodieEngineContext, java.lang.String, org.apache.hudi.common.util.Option)	31	org.apache.hudi.table.HoodieJavaMergeOnReadTable.scheduleCompaction(org.apache.hudi.common.engine.HoodieEngineContext, java.lang.String, org.apache.hudi.common.util.Option):::EXIT	this.context.getClass().getName() == orig(this.context.getClass().getName())	INVALID	
hudi	org.apache.hudi.table.HoodieJavaMergeOnReadTable.scheduleCompaction(org.apache.hudi.common.engine.HoodieEngineContext, java.lang.String, org.apache.hudi.common.util.Option)	32	org.apache.hudi.table.HoodieJavaMergeOnReadTable.scheduleCompaction(org.apache.hudi.common.engine.HoodieEngineContext, java.lang.String, org.apache.hudi.common.util.Option):::EXIT	this.context.getClass().getName() == orig(context.getClass().getName())	INVALID	
hudi	org.apache.hudi.table.HoodieJavaMergeOnReadTable.scheduleCompaction(org.apache.hudi.common.engine.HoodieEngineContext, java.lang.String, org.apache.hudi.common.util.Option)	33	org.apache.hudi.table.HoodieJavaMergeOnReadTable.scheduleCompaction(org.apache.hudi.common.engine.HoodieEngineContext, java.lang.String, org.apache.hudi.common.util.Option):::EXIT	instantTime.toString == orig(instantTime.toString)	INVALID	
hudi	org.apache.hudi.table.HoodieJavaMergeOnReadTable.scheduleCompaction(org.apache.hudi.common.engine.HoodieEngineContext, java.lang.String, org.apache.hudi.common.util.Option)	34	org.apache.hudi.table.HoodieJavaMergeOnReadTable.scheduleCompaction(org.apache.hudi.common.engine.HoodieEngineContext, java.lang.String, org.apache.hudi.common.util.Option):::EXIT	this.isMetadataTableExists == false	VALID	this.isMetadataTableExists == false
hudi	org.apache.hudi.table.HoodieJavaMergeOnReadTable.scheduleCompaction(org.apache.hudi.common.engine.HoodieEngineContext, java.lang.String, org.apache.hudi.common.util.Option)	35	org.apache.hudi.table.HoodieJavaMergeOnReadTable.scheduleCompaction(org.apache.hudi.common.engine.HoodieEngineContext, java.lang.String, org.apache.hudi.common.util.Option):::EXIT	this.index == null	VALID	this.index == null
hudi	org.apache.hudi.table.HoodieJavaMergeOnReadTable.scheduleCompaction(org.apache.hudi.common.engine.HoodieEngineContext, java.lang.String, org.apache.hudi.common.util.Option)	36	org.apache.hudi.table.HoodieJavaMergeOnReadTable.scheduleCompaction(org.apache.hudi.common.engine.HoodieEngineContext, java.lang.String, org.apache.hudi.common.util.Option):::EXIT	this.storageLayout == null	VALID	this.storageLayout == null
hudi	org.apache.hudi.table.HoodieJavaMergeOnReadTable.scheduleCompaction(org.apache.hudi.common.engine.HoodieEngineContext, java.lang.String, org.apache.hudi.common.util.Option)	37	org.apache.hudi.table.HoodieJavaMergeOnReadTable.scheduleCompaction(org.apache.hudi.common.engine.HoodieEngineContext, java.lang.String, org.apache.hudi.common.util.Option):::EXIT	return != null	VALID	result != null
hudi	org.apache.hudi.execution.JavaLazyInsertIterable.computeNext()	1	org.apache.hudi.execution.JavaLazyInsertIterable.computeNext():::ENTER	this.areRecordsSorted == this.startCalled	VALID	this.areRecordsSorted == this.startCalled
hudi	org.apache.hudi.execution.JavaLazyInsertIterable.computeNext()	2	org.apache.hudi.execution.JavaLazyInsertIterable.computeNext():::EXIT	this.hoodieConfig == orig(this.hoodieConfig)	INVALID	
hudi	org.apache.hudi.execution.JavaLazyInsertIterable.computeNext()	3	org.apache.hudi.execution.JavaLazyInsertIterable.computeNext():::EXIT	this.instantTime == orig(this.instantTime)	INVALID	
hudi	org.apache.hudi.execution.JavaLazyInsertIterable.computeNext()	4	org.apache.hudi.execution.JavaLazyInsertIterable.computeNext():::EXIT	this.instantTime.toString == orig(this.instantTime.toString)	INVALID	
hudi	org.apache.hudi.execution.JavaLazyInsertIterable.computeNext()	5	org.apache.hudi.execution.JavaLazyInsertIterable.computeNext():::EXIT	this.areRecordsSorted == this.startCalled	VALID	this.areRecordsSorted == this.startCalled
hudi	org.apache.hudi.execution.JavaLazyInsertIterable.computeNext()	6	org.apache.hudi.execution.JavaLazyInsertIterable.computeNext():::EXIT	this.areRecordsSorted == orig(this.areRecordsSorted)	INVALID	
hudi	org.apache.hudi.execution.JavaLazyInsertIterable.computeNext()	7	org.apache.hudi.execution.JavaLazyInsertIterable.computeNext():::EXIT	this.areRecordsSorted == orig(this.startCalled)	INVALID	
hudi	org.apache.hudi.execution.JavaLazyInsertIterable.computeNext()	8	org.apache.hudi.execution.JavaLazyInsertIterable.computeNext():::EXIT	this.hoodieTable == orig(this.hoodieTable)	INVALID	
hudi	org.apache.hudi.execution.JavaLazyInsertIterable.computeNext()	9	org.apache.hudi.execution.JavaLazyInsertIterable.computeNext():::EXIT	this.hoodieTable.getClass().getName() == orig(this.hoodieTable.getClass().getName())	INVALID	
hudi	org.apache.hudi.execution.JavaLazyInsertIterable.computeNext()	10	org.apache.hudi.execution.JavaLazyInsertIterable.computeNext():::EXIT	this.idPrefix == orig(this.idPrefix)	INVALID	
hudi	org.apache.hudi.execution.JavaLazyInsertIterable.computeNext()	11	org.apache.hudi.execution.JavaLazyInsertIterable.computeNext():::EXIT	this.idPrefix.toString == orig(this.idPrefix.toString)	INVALID	
hudi	org.apache.hudi.execution.JavaLazyInsertIterable.computeNext()	12	org.apache.hudi.execution.JavaLazyInsertIterable.computeNext():::EXIT	this.taskContextSupplier == orig(this.taskContextSupplier)	INVALID	
hudi	org.apache.hudi.execution.JavaLazyInsertIterable.computeNext()	13	org.apache.hudi.execution.JavaLazyInsertIterable.computeNext():::EXIT	this.taskContextSupplier.getClass().getName() == orig(this.taskContextSupplier.getClass().getName())	INVALID	
hudi	org.apache.hudi.execution.JavaLazyInsertIterable.computeNext()	14	org.apache.hudi.execution.JavaLazyInsertIterable.computeNext():::EXIT	this.writeHandleFactory == orig(this.writeHandleFactory)	INVALID	
hudi	org.apache.hudi.execution.JavaLazyInsertIterable.computeNext()	15	org.apache.hudi.execution.JavaLazyInsertIterable.computeNext():::EXIT	this.writeHandleFactory.getClass().getName() == orig(this.writeHandleFactory.getClass().getName())	INVALID	
hudi	org.apache.hudi.execution.JavaLazyInsertIterable.computeNext()	16	org.apache.hudi.execution.JavaLazyInsertIterable.computeNext():::EXIT	this.inputItr == orig(this.inputItr)	INVALID	
hudi	org.apache.hudi.execution.JavaLazyInsertIterable.computeNext()	17	org.apache.hudi.execution.JavaLazyInsertIterable.computeNext():::EXIT	this.inputItr.getClass().getName() == orig(this.inputItr.getClass().getName())	INVALID	
hudi	org.apache.hudi.execution.JavaLazyInsertIterable.computeNext()	18	org.apache.hudi.execution.JavaLazyInsertIterable.computeNext():::EXIT	this.consumed == orig(this.consumed)	INVALID	
hudi	org.apache.hudi.execution.JavaLazyInsertIterable.computeNext()	19	org.apache.hudi.execution.JavaLazyInsertIterable.computeNext():::EXIT	this.consumed == orig(this.endCalled)	INVALID	
hudi	org.apache.hudi.execution.JavaLazyInsertIterable.computeNext()	20	org.apache.hudi.execution.JavaLazyInsertIterable.computeNext():::EXIT	return != null	VALID	result != null
hudi	org.apache.hudi.execution.JavaLazyInsertIterable.computeNext()	21	org.apache.hudi.execution.JavaLazyInsertIterable.computeNext():::EXIT	return[] elements != null	VALID	result.stream().allMatch(element -> element != null)
hudi	org.apache.hudi.execution.JavaLazyInsertIterable.computeNext()	22	org.apache.hudi.execution.JavaLazyInsertIterable.computeNext():::EXIT	return.getClass().getName() == java.util.ArrayList.class	VALID	result.getClass() == java.util.ArrayList.class
hudi	org.apache.hudi.execution.JavaLazyInsertIterable.computeNext()	23	org.apache.hudi.execution.JavaLazyInsertIterable.computeNext():::EXIT	size(return[]) >= 1	VALID	result.size() >= 1
hudi	org.apache.hudi.execution.JavaLazyInsertIterable.computeNext()	24	org.apache.hudi.execution.JavaLazyInsertIterable.computeNext():::EXIT	this.hoodieTable.getClass().getName() != return.getClass().getName()	VALID	!this.hoodieTable.getClass().getName().equals(result.getClass().getName())
hudi	org.apache.hudi.execution.JavaLazyInsertIterable.computeNext()	25	org.apache.hudi.execution.JavaLazyInsertIterable.computeNext():::EXIT	this.taskContextSupplier.getClass().getName() != return.getClass().getName()	VALID	!this.taskContextSupplier.getClass().getName().equals(result.getClass().getName())
hudi	org.apache.hudi.execution.JavaLazyInsertIterable.computeNext()	26	org.apache.hudi.execution.JavaLazyInsertIterable.computeNext():::EXIT	this.writeHandleFactory.getClass().getName() != return.getClass().getName()	VALID	!this.writeHandleFactory.getClass().getName().equals(result.getClass().getName())
hudi	org.apache.hudi.execution.JavaLazyInsertIterable.computeNext()	27	org.apache.hudi.execution.JavaLazyInsertIterable.computeNext():::EXIT	this.inputItr.getClass().getName() != return.getClass().getName()	VALID	!this.inputItr.getClass().getName().equals(result.getClass().getName())
hudi	org.apache.hudi.table.action.commit.BaseJavaCommitActionExecutor.handleUpsertPartition(java.lang.String, java.lang.Integer, java.util.Iterator, org.apache.hudi.table.action.commit.Partitioner)	1	org.apache.hudi.table.action.commit.BaseJavaCommitActionExecutor.handleUpsertPartition(java.lang.String, java.lang.Integer, java.util.Iterator, org.apache.hudi.table.action.commit.Partitioner):::ENTER	this.instantTime == instantTime	VALID	this.instantTime == instantTime
hudi	org.apache.hudi.table.action.commit.BaseJavaCommitActionExecutor.handleUpsertPartition(java.lang.String, java.lang.Integer, java.util.Iterator, org.apache.hudi.table.action.commit.Partitioner)	2	org.apache.hudi.table.action.commit.BaseJavaCommitActionExecutor.handleUpsertPartition(java.lang.String, java.lang.Integer, java.util.Iterator, org.apache.hudi.table.action.commit.Partitioner):::ENTER	this.instantTime.toString == instantTime.toString	VALID	this.instantTime.toString().equals(instantTime.toString())
hudi	org.apache.hudi.table.action.commit.BaseJavaCommitActionExecutor.handleUpsertPartition(java.lang.String, java.lang.Integer, java.util.Iterator, org.apache.hudi.table.action.commit.Partitioner)	3	org.apache.hudi.table.action.commit.BaseJavaCommitActionExecutor.handleUpsertPartition(java.lang.String, java.lang.Integer, java.util.Iterator, org.apache.hudi.table.action.commit.Partitioner):::ENTER	this.taskContextSupplier.getClass().getName() == org.apache.hudi.testutils.HoodieJavaClientTestHarness$TestJavaTaskContextSupplier.class	VALID	"this.taskContextSupplier.getClass().getName().equals(""org.apache.hudi.testutils.HoodieJavaClientTestHarness$TestJavaTaskContextSupplier"")"
hudi	org.apache.hudi.table.action.commit.BaseJavaCommitActionExecutor.handleUpsertPartition(java.lang.String, java.lang.Integer, java.util.Iterator, org.apache.hudi.table.action.commit.Partitioner)	4	org.apache.hudi.table.action.commit.BaseJavaCommitActionExecutor.handleUpsertPartition(java.lang.String, java.lang.Integer, java.util.Iterator, org.apache.hudi.table.action.commit.Partitioner):::ENTER	this.instantGenerator has only one value	INVALID	
hudi	org.apache.hudi.table.action.commit.BaseJavaCommitActionExecutor.handleUpsertPartition(java.lang.String, java.lang.Integer, java.util.Iterator, org.apache.hudi.table.action.commit.Partitioner)	5	org.apache.hudi.table.action.commit.BaseJavaCommitActionExecutor.handleUpsertPartition(java.lang.String, java.lang.Integer, java.util.Iterator, org.apache.hudi.table.action.commit.Partitioner):::ENTER	this.instantGenerator.getClass().getName() == org.apache.hudi.common.table.timeline.versioning.v2.InstantGeneratorV2.class	VALID	"this.instantGenerator.getClass().getName().equals(""org.apache.hudi.common.table.timeline.versioning.v2.InstantGeneratorV2"")"
hudi	org.apache.hudi.table.action.commit.BaseJavaCommitActionExecutor.handleUpsertPartition(java.lang.String, java.lang.Integer, java.util.Iterator, org.apache.hudi.table.action.commit.Partitioner)	6	org.apache.hudi.table.action.commit.BaseJavaCommitActionExecutor.handleUpsertPartition(java.lang.String, java.lang.Integer, java.util.Iterator, org.apache.hudi.table.action.commit.Partitioner):::ENTER	this.instantFileNameParser has only one value	INVALID	
hudi	org.apache.hudi.table.action.commit.BaseJavaCommitActionExecutor.handleUpsertPartition(java.lang.String, java.lang.Integer, java.util.Iterator, org.apache.hudi.table.action.commit.Partitioner)	7	org.apache.hudi.table.action.commit.BaseJavaCommitActionExecutor.handleUpsertPartition(java.lang.String, java.lang.Integer, java.util.Iterator, org.apache.hudi.table.action.commit.Partitioner):::ENTER	this.instantFileNameGenerator has only one value	INVALID	
hudi	org.apache.hudi.table.action.commit.BaseJavaCommitActionExecutor.handleUpsertPartition(java.lang.String, java.lang.Integer, java.util.Iterator, org.apache.hudi.table.action.commit.Partitioner)	8	org.apache.hudi.table.action.commit.BaseJavaCommitActionExecutor.handleUpsertPartition(java.lang.String, java.lang.Integer, java.util.Iterator, org.apache.hudi.table.action.commit.Partitioner):::ENTER	this.instantFileNameGenerator.getClass().getName() == org.apache.hudi.common.table.timeline.versioning.v2.InstantFileNameGeneratorV2.class	VALID	"this.instantFileNameGenerator.getClass().getName().equals(""org.apache.hudi.common.table.timeline.versioning.v2.InstantFileNameGeneratorV2"")"
hudi	org.apache.hudi.table.action.commit.BaseJavaCommitActionExecutor.handleUpsertPartition(java.lang.String, java.lang.Integer, java.util.Iterator, org.apache.hudi.table.action.commit.Partitioner)	9	org.apache.hudi.table.action.commit.BaseJavaCommitActionExecutor.handleUpsertPartition(java.lang.String, java.lang.Integer, java.util.Iterator, org.apache.hudi.table.action.commit.Partitioner):::ENTER	partition != null	VALID	partition != null
hudi	org.apache.hudi.table.action.commit.BaseJavaCommitActionExecutor.handleUpsertPartition(java.lang.String, java.lang.Integer, java.util.Iterator, org.apache.hudi.table.action.commit.Partitioner)	10	org.apache.hudi.table.action.commit.BaseJavaCommitActionExecutor.handleUpsertPartition(java.lang.String, java.lang.Integer, java.util.Iterator, org.apache.hudi.table.action.commit.Partitioner):::ENTER	recordItr != null	VALID	recordItr != null
hudi	org.apache.hudi.table.action.commit.BaseJavaCommitActionExecutor.handleUpsertPartition(java.lang.String, java.lang.Integer, java.util.Iterator, org.apache.hudi.table.action.commit.Partitioner)	11	org.apache.hudi.table.action.commit.BaseJavaCommitActionExecutor.handleUpsertPartition(java.lang.String, java.lang.Integer, java.util.Iterator, org.apache.hudi.table.action.commit.Partitioner):::ENTER	recordItr.getClass().getName() == java.util.ArrayList$Itr.class	VALID	"recordItr.getClass().getName().equals(""java.util.ArrayList$Itr"")"
hudi	org.apache.hudi.table.action.commit.BaseJavaCommitActionExecutor.handleUpsertPartition(java.lang.String, java.lang.Integer, java.util.Iterator, org.apache.hudi.table.action.commit.Partitioner)	12	org.apache.hudi.table.action.commit.BaseJavaCommitActionExecutor.handleUpsertPartition(java.lang.String, java.lang.Integer, java.util.Iterator, org.apache.hudi.table.action.commit.Partitioner):::ENTER	partitioner != null	VALID	partitioner != null
hudi	org.apache.hudi.table.action.commit.BaseJavaCommitActionExecutor.handleUpsertPartition(java.lang.String, java.lang.Integer, java.util.Iterator, org.apache.hudi.table.action.commit.Partitioner)	13	org.apache.hudi.table.action.commit.BaseJavaCommitActionExecutor.handleUpsertPartition(java.lang.String, java.lang.Integer, java.util.Iterator, org.apache.hudi.table.action.commit.Partitioner):::ENTER	partitioner.getClass().getName() == org.apache.hudi.table.action.commit.JavaUpsertPartitioner.class	VALID	"partitioner.getClass().getName().equals(""org.apache.hudi.table.action.commit.JavaUpsertPartitioner"")"
hudi	org.apache.hudi.table.action.commit.BaseJavaCommitActionExecutor.handleUpsertPartition(java.lang.String, java.lang.Integer, java.util.Iterator, org.apache.hudi.table.action.commit.Partitioner)	14	org.apache.hudi.table.action.commit.BaseJavaCommitActionExecutor.handleUpsertPartition(java.lang.String, java.lang.Integer, java.util.Iterator, org.apache.hudi.table.action.commit.Partitioner):::ENTER	this.getClass().getName() != recordItr.getClass().getName()	VALID	!this.getClass().getName().equals(recordItr.getClass().getName())
hudi	org.apache.hudi.table.action.commit.BaseJavaCommitActionExecutor.handleUpsertPartition(java.lang.String, java.lang.Integer, java.util.Iterator, org.apache.hudi.table.action.commit.Partitioner)	15	org.apache.hudi.table.action.commit.BaseJavaCommitActionExecutor.handleUpsertPartition(java.lang.String, java.lang.Integer, java.util.Iterator, org.apache.hudi.table.action.commit.Partitioner):::ENTER	this.getClass().getName() != partitioner.getClass().getName()	VALID	!this.getClass().getName().equals(partitioner.getClass().getName())
hudi	org.apache.hudi.table.action.commit.BaseJavaCommitActionExecutor.handleUpsertPartition(java.lang.String, java.lang.Integer, java.util.Iterator, org.apache.hudi.table.action.commit.Partitioner)	16	org.apache.hudi.table.action.commit.BaseJavaCommitActionExecutor.handleUpsertPartition(java.lang.String, java.lang.Integer, java.util.Iterator, org.apache.hudi.table.action.commit.Partitioner):::ENTER	org.apache.hudi.table.action.commit.BaseJavaCommitActionExecutor.log.getClass().getName() != recordItr.getClass().getName()	VALID	!org.apache.hudi.table.action.commit.BaseJavaCommitActionExecutor.log.getClass().getName().equals(recordItr.getClass().getName())
hudi	org.apache.hudi.table.action.commit.BaseJavaCommitActionExecutor.handleUpsertPartition(java.lang.String, java.lang.Integer, java.util.Iterator, org.apache.hudi.table.action.commit.Partitioner)	17	org.apache.hudi.table.action.commit.BaseJavaCommitActionExecutor.handleUpsertPartition(java.lang.String, java.lang.Integer, java.util.Iterator, org.apache.hudi.table.action.commit.Partitioner):::ENTER	org.apache.hudi.table.action.commit.BaseJavaCommitActionExecutor.log.getClass().getName() != partitioner.getClass().getName()	VALID	!org.apache.hudi.table.action.commit.BaseJavaCommitActionExecutor.log.getClass().getName().equals(partitioner.getClass().getName())
hudi	org.apache.hudi.table.action.commit.BaseJavaCommitActionExecutor.handleUpsertPartition(java.lang.String, java.lang.Integer, java.util.Iterator, org.apache.hudi.table.action.commit.Partitioner)	18	org.apache.hudi.table.action.commit.BaseJavaCommitActionExecutor.handleUpsertPartition(java.lang.String, java.lang.Integer, java.util.Iterator, org.apache.hudi.table.action.commit.Partitioner):::ENTER	this.taskContextSupplier.getClass().getName() != recordItr.getClass().getName()	VALID	!this.taskContextSupplier.getClass().getName().equals(recordItr.getClass().getName())
hudi	org.apache.hudi.table.action.commit.BaseJavaCommitActionExecutor.handleUpsertPartition(java.lang.String, java.lang.Integer, java.util.Iterator, org.apache.hudi.table.action.commit.Partitioner)	19	org.apache.hudi.table.action.commit.BaseJavaCommitActionExecutor.handleUpsertPartition(java.lang.String, java.lang.Integer, java.util.Iterator, org.apache.hudi.table.action.commit.Partitioner):::ENTER	this.taskContextSupplier.getClass().getName() != partitioner.getClass().getName()	VALID	!this.taskContextSupplier.getClass().getName().equals(partitioner.getClass().getName())
hudi	org.apache.hudi.table.action.commit.BaseJavaCommitActionExecutor.handleUpsertPartition(java.lang.String, java.lang.Integer, java.util.Iterator, org.apache.hudi.table.action.commit.Partitioner)	20	org.apache.hudi.table.action.commit.BaseJavaCommitActionExecutor.handleUpsertPartition(java.lang.String, java.lang.Integer, java.util.Iterator, org.apache.hudi.table.action.commit.Partitioner):::ENTER	this.pendingInflightAndRequestedInstants.getClass().getName() != recordItr.getClass().getName()	VALID	!this.pendingInflightAndRequestedInstants.getClass().getName().equals(recordItr.getClass().getName())
hudi	org.apache.hudi.table.action.commit.BaseJavaCommitActionExecutor.handleUpsertPartition(java.lang.String, java.lang.Integer, java.util.Iterator, org.apache.hudi.table.action.commit.Partitioner)	21	org.apache.hudi.table.action.commit.BaseJavaCommitActionExecutor.handleUpsertPartition(java.lang.String, java.lang.Integer, java.util.Iterator, org.apache.hudi.table.action.commit.Partitioner):::ENTER	this.pendingInflightAndRequestedInstants.getClass().getName() != partitioner.getClass().getName()	VALID	!this.pendingInflightAndRequestedInstants.getClass().getName().equals(partitioner.getClass().getName())
hudi	org.apache.hudi.table.action.commit.BaseJavaCommitActionExecutor.handleUpsertPartition(java.lang.String, java.lang.Integer, java.util.Iterator, org.apache.hudi.table.action.commit.Partitioner)	22	org.apache.hudi.table.action.commit.BaseJavaCommitActionExecutor.handleUpsertPartition(java.lang.String, java.lang.Integer, java.util.Iterator, org.apache.hudi.table.action.commit.Partitioner):::ENTER	this.context.getClass().getName() != recordItr.getClass().getName()	VALID	!this.context.getClass().getName().equals(recordItr.getClass().getName())
hudi	org.apache.hudi.table.action.commit.BaseJavaCommitActionExecutor.handleUpsertPartition(java.lang.String, java.lang.Integer, java.util.Iterator, org.apache.hudi.table.action.commit.Partitioner)	23	org.apache.hudi.table.action.commit.BaseJavaCommitActionExecutor.handleUpsertPartition(java.lang.String, java.lang.Integer, java.util.Iterator, org.apache.hudi.table.action.commit.Partitioner):::ENTER	this.context.getClass().getName() != partitioner.getClass().getName()	VALID	!this.context.getClass().getName().equals(partitioner.getClass().getName())
hudi	org.apache.hudi.table.action.commit.BaseJavaCommitActionExecutor.handleUpsertPartition(java.lang.String, java.lang.Integer, java.util.Iterator, org.apache.hudi.table.action.commit.Partitioner)	24	org.apache.hudi.table.action.commit.BaseJavaCommitActionExecutor.handleUpsertPartition(java.lang.String, java.lang.Integer, java.util.Iterator, org.apache.hudi.table.action.commit.Partitioner):::ENTER	this.storageConf.getClass().getName() != recordItr.getClass().getName()	VALID	!this.storageConf.getClass().getName().equals(recordItr.getClass().getName())
hudi	org.apache.hudi.table.action.commit.BaseJavaCommitActionExecutor.handleUpsertPartition(java.lang.String, java.lang.Integer, java.util.Iterator, org.apache.hudi.table.action.commit.Partitioner)	25	org.apache.hudi.table.action.commit.BaseJavaCommitActionExecutor.handleUpsertPartition(java.lang.String, java.lang.Integer, java.util.Iterator, org.apache.hudi.table.action.commit.Partitioner):::ENTER	this.storageConf.getClass().getName() != partitioner.getClass().getName()	VALID	!this.storageConf.getClass().getName().equals(partitioner.getClass().getName())
hudi	org.apache.hudi.table.action.commit.BaseJavaCommitActionExecutor.handleUpsertPartition(java.lang.String, java.lang.Integer, java.util.Iterator, org.apache.hudi.table.action.commit.Partitioner)	26	org.apache.hudi.table.action.commit.BaseJavaCommitActionExecutor.handleUpsertPartition(java.lang.String, java.lang.Integer, java.util.Iterator, org.apache.hudi.table.action.commit.Partitioner):::ENTER	this.table.getClass().getName() != recordItr.getClass().getName()	VALID	!this.table.getClass().getName().equals(recordItr.getClass().getName())
hudi	org.apache.hudi.table.action.commit.BaseJavaCommitActionExecutor.handleUpsertPartition(java.lang.String, java.lang.Integer, java.util.Iterator, org.apache.hudi.table.action.commit.Partitioner)	27	org.apache.hudi.table.action.commit.BaseJavaCommitActionExecutor.handleUpsertPartition(java.lang.String, java.lang.Integer, java.util.Iterator, org.apache.hudi.table.action.commit.Partitioner):::ENTER	this.table.getClass().getName() != partitioner.getClass().getName()	VALID	!this.table.getClass().getName().equals(partitioner.getClass().getName())
hudi	org.apache.hudi.table.action.commit.BaseJavaCommitActionExecutor.handleUpsertPartition(java.lang.String, java.lang.Integer, java.util.Iterator, org.apache.hudi.table.action.commit.Partitioner)	28	org.apache.hudi.table.action.commit.BaseJavaCommitActionExecutor.handleUpsertPartition(java.lang.String, java.lang.Integer, java.util.Iterator, org.apache.hudi.table.action.commit.Partitioner):::ENTER	this.instantGenerator.getClass().getName() != recordItr.getClass().getName()	VALID	!this.instantGenerator.getClass().getName().equals(recordItr.getClass().getName())
hudi	org.apache.hudi.table.action.commit.BaseJavaCommitActionExecutor.handleUpsertPartition(java.lang.String, java.lang.Integer, java.util.Iterator, org.apache.hudi.table.action.commit.Partitioner)	29	org.apache.hudi.table.action.commit.BaseJavaCommitActionExecutor.handleUpsertPartition(java.lang.String, java.lang.Integer, java.util.Iterator, org.apache.hudi.table.action.commit.Partitioner):::ENTER	this.instantGenerator.getClass().getName() != partitioner.getClass().getName()	VALID	!this.instantGenerator.getClass().getName().equals(partitioner.getClass().getName())
hudi	org.apache.hudi.table.action.commit.BaseJavaCommitActionExecutor.handleUpsertPartition(java.lang.String, java.lang.Integer, java.util.Iterator, org.apache.hudi.table.action.commit.Partitioner)	30	org.apache.hudi.table.action.commit.BaseJavaCommitActionExecutor.handleUpsertPartition(java.lang.String, java.lang.Integer, java.util.Iterator, org.apache.hudi.table.action.commit.Partitioner):::ENTER	this.instantFileNameParser.getClass().getName() != recordItr.getClass().getName()	VALID	!this.instantFileNameParser.getClass().getName().equals(recordItr.getClass().getName())
hudi	org.apache.hudi.table.action.commit.BaseJavaCommitActionExecutor.handleUpsertPartition(java.lang.String, java.lang.Integer, java.util.Iterator, org.apache.hudi.table.action.commit.Partitioner)	31	org.apache.hudi.table.action.commit.BaseJavaCommitActionExecutor.handleUpsertPartition(java.lang.String, java.lang.Integer, java.util.Iterator, org.apache.hudi.table.action.commit.Partitioner):::ENTER	this.instantFileNameParser.getClass().getName() != partitioner.getClass().getName()	VALID	!this.instantFileNameParser.getClass().getName().equals(partitioner.getClass().getName())
hudi	org.apache.hudi.table.action.commit.BaseJavaCommitActionExecutor.handleUpsertPartition(java.lang.String, java.lang.Integer, java.util.Iterator, org.apache.hudi.table.action.commit.Partitioner)	32	org.apache.hudi.table.action.commit.BaseJavaCommitActionExecutor.handleUpsertPartition(java.lang.String, java.lang.Integer, java.util.Iterator, org.apache.hudi.table.action.commit.Partitioner):::ENTER	this.instantFileNameGenerator.getClass().getName() != recordItr.getClass().getName()	VALID	!this.instantFileNameGenerator.getClass().getName().equals(recordItr.getClass().getName())
hudi	org.apache.hudi.table.action.commit.BaseJavaCommitActionExecutor.handleUpsertPartition(java.lang.String, java.lang.Integer, java.util.Iterator, org.apache.hudi.table.action.commit.Partitioner)	33	org.apache.hudi.table.action.commit.BaseJavaCommitActionExecutor.handleUpsertPartition(java.lang.String, java.lang.Integer, java.util.Iterator, org.apache.hudi.table.action.commit.Partitioner):::ENTER	this.instantFileNameGenerator.getClass().getName() != partitioner.getClass().getName()	VALID	!this.instantFileNameGenerator.getClass().getName().equals(partitioner.getClass().getName())
hudi	org.apache.hudi.table.action.commit.BaseJavaCommitActionExecutor.handleUpsertPartition(java.lang.String, java.lang.Integer, java.util.Iterator, org.apache.hudi.table.action.commit.Partitioner)	34	org.apache.hudi.table.action.commit.BaseJavaCommitActionExecutor.handleUpsertPartition(java.lang.String, java.lang.Integer, java.util.Iterator, org.apache.hudi.table.action.commit.Partitioner):::ENTER	recordItr.getClass().getName() != partitioner.getClass().getName()	VALID	!recordItr.getClass().getName().equals(partitioner.getClass().getName())
hudi	org.apache.hudi.table.action.commit.BaseJavaCommitActionExecutor.handleUpsertPartition(java.lang.String, java.lang.Integer, java.util.Iterator, org.apache.hudi.table.action.commit.Partitioner)	35	org.apache.hudi.table.action.commit.BaseJavaCommitActionExecutor.handleUpsertPartition(java.lang.String, java.lang.Integer, java.util.Iterator, org.apache.hudi.table.action.commit.Partitioner):::EXIT215	this.operationType has only one value	INVALID	
hudi	org.apache.hudi.table.action.commit.BaseJavaCommitActionExecutor.handleUpsertPartition(java.lang.String, java.lang.Integer, java.util.Iterator, org.apache.hudi.table.action.commit.Partitioner)	36	org.apache.hudi.table.action.commit.BaseJavaCommitActionExecutor.handleUpsertPartition(java.lang.String, java.lang.Integer, java.util.Iterator, org.apache.hudi.table.action.commit.Partitioner):::EXIT215	"instantTime.toString one of { ""20260910231650466"", ""20260910232623113"" }"	VALID	"""20260910231650466"".equals(instantTime.toString()) || ""20260910232623113"".equals(instantTime.toString())"
hudi	org.apache.hudi.table.action.commit.BaseJavaCommitActionExecutor.handleUpsertPartition(java.lang.String, java.lang.Integer, java.util.Iterator, org.apache.hudi.table.action.commit.Partitioner)	37	org.apache.hudi.table.action.commit.BaseJavaCommitActionExecutor.handleUpsertPartition(java.lang.String, java.lang.Integer, java.util.Iterator, org.apache.hudi.table.action.commit.Partitioner):::EXIT215	return.getClass().getName() == org.apache.hudi.execution.JavaLazyInsertIterable.class	VALID	"result.getClass().getName().equals(""org.apache.hudi.execution.JavaLazyInsertIterable"")"
hudi	org.apache.hudi.table.action.commit.BaseJavaCommitActionExecutor.handleUpsertPartition(java.lang.String, java.lang.Integer, java.util.Iterator, org.apache.hudi.table.action.commit.Partitioner)	38	org.apache.hudi.table.action.commit.BaseJavaCommitActionExecutor.handleUpsertPartition(java.lang.String, java.lang.Integer, java.util.Iterator, org.apache.hudi.table.action.commit.Partitioner):::EXIT217	return.getClass().getName() == java.util.Collections$1.class	VALID	"result.getClass().getName().equals(""java.util.Collections$1"")"
hudi	org.apache.hudi.table.action.commit.BaseJavaCommitActionExecutor.handleUpsertPartition(java.lang.String, java.lang.Integer, java.util.Iterator, org.apache.hudi.table.action.commit.Partitioner)	39	org.apache.hudi.table.action.commit.BaseJavaCommitActionExecutor.handleUpsertPartition(java.lang.String, java.lang.Integer, java.util.Iterator, org.apache.hudi.table.action.commit.Partitioner):::EXIT	org.apache.hudi.table.action.commit.BaseJavaCommitActionExecutor.log == orig(org.apache.hudi.table.action.commit.BaseJavaCommitActionExecutor.log)	INVALID	
hudi	org.apache.hudi.table.action.commit.BaseJavaCommitActionExecutor.handleUpsertPartition(java.lang.String, java.lang.Integer, java.util.Iterator, org.apache.hudi.table.action.commit.Partitioner)	40	org.apache.hudi.table.action.commit.BaseJavaCommitActionExecutor.handleUpsertPartition(java.lang.String, java.lang.Integer, java.util.Iterator, org.apache.hudi.table.action.commit.Partitioner):::EXIT	org.apache.hudi.table.action.commit.BaseJavaCommitActionExecutor.log.getClass().getName() == orig(org.apache.hudi.table.action.commit.BaseJavaCommitActionExecutor.log.getClass().getName())	INVALID	
hudi	org.apache.hudi.table.action.commit.BaseJavaCommitActionExecutor.handleUpsertPartition(java.lang.String, java.lang.Integer, java.util.Iterator, org.apache.hudi.table.action.commit.Partitioner)	41	org.apache.hudi.table.action.commit.BaseJavaCommitActionExecutor.handleUpsertPartition(java.lang.String, java.lang.Integer, java.util.Iterator, org.apache.hudi.table.action.commit.Partitioner):::EXIT	org.apache.hudi.table.action.commit.BaseJavaCommitActionExecutor.log.getClass().getName() == orig(org.apache.hudi.table.action.commit.BaseCommitActionExecutor.log.getClass().getName())	INVALID	
hudi	org.apache.hudi.table.action.commit.BaseJavaCommitActionExecutor.handleUpsertPartition(java.lang.String, java.lang.Integer, java.util.Iterator, org.apache.hudi.table.action.commit.Partitioner)	42	org.apache.hudi.table.action.commit.BaseJavaCommitActionExecutor.handleUpsertPartition(java.lang.String, java.lang.Integer, java.util.Iterator, org.apache.hudi.table.action.commit.Partitioner):::EXIT	org.apache.hudi.table.action.commit.BaseCommitActionExecutor.log == orig(org.apache.hudi.table.action.commit.BaseCommitActionExecutor.log)	INVALID	
hudi	org.apache.hudi.table.action.commit.BaseJavaCommitActionExecutor.handleUpsertPartition(java.lang.String, java.lang.Integer, java.util.Iterator, org.apache.hudi.table.action.commit.Partitioner)	43	org.apache.hudi.table.action.commit.BaseJavaCommitActionExecutor.handleUpsertPartition(java.lang.String, java.lang.Integer, java.util.Iterator, org.apache.hudi.table.action.commit.Partitioner):::EXIT	this.extraMetadata == orig(this.extraMetadata)	INVALID	
hudi	org.apache.hudi.table.action.commit.BaseJavaCommitActionExecutor.handleUpsertPartition(java.lang.String, java.lang.Integer, java.util.Iterator, org.apache.hudi.table.action.commit.Partitioner)	44	org.apache.hudi.table.action.commit.BaseJavaCommitActionExecutor.handleUpsertPartition(java.lang.String, java.lang.Integer, java.util.Iterator, org.apache.hudi.table.action.commit.Partitioner):::EXIT	this.extraMetadata == orig(this.txnManagerOption)	INVALID	
hudi	org.apache.hudi.table.action.commit.BaseJavaCommitActionExecutor.handleUpsertPartition(java.lang.String, java.lang.Integer, java.util.Iterator, org.apache.hudi.table.action.commit.Partitioner)	45	org.apache.hudi.table.action.commit.BaseJavaCommitActionExecutor.handleUpsertPartition(java.lang.String, java.lang.Integer, java.util.Iterator, org.apache.hudi.table.action.commit.Partitioner):::EXIT	this.extraMetadata == orig(this.lastCompletedTxn)	INVALID	
hudi	org.apache.hudi.table.action.commit.BaseJavaCommitActionExecutor.handleUpsertPartition(java.lang.String, java.lang.Integer, java.util.Iterator, org.apache.hudi.table.action.commit.Partitioner)	46	org.apache.hudi.table.action.commit.BaseJavaCommitActionExecutor.handleUpsertPartition(java.lang.String, java.lang.Integer, java.util.Iterator, org.apache.hudi.table.action.commit.Partitioner):::EXIT	this.operationType == orig(this.operationType)	INVALID	
hudi	org.apache.hudi.table.action.commit.BaseJavaCommitActionExecutor.handleUpsertPartition(java.lang.String, java.lang.Integer, java.util.Iterator, org.apache.hudi.table.action.commit.Partitioner)	47	org.apache.hudi.table.action.commit.BaseJavaCommitActionExecutor.handleUpsertPartition(java.lang.String, java.lang.Integer, java.util.Iterator, org.apache.hudi.table.action.commit.Partitioner):::EXIT	this.taskContextSupplier == orig(this.taskContextSupplier)	INVALID	
hudi	org.apache.hudi.table.action.commit.BaseJavaCommitActionExecutor.handleUpsertPartition(java.lang.String, java.lang.Integer, java.util.Iterator, org.apache.hudi.table.action.commit.Partitioner)	48	org.apache.hudi.table.action.commit.BaseJavaCommitActionExecutor.handleUpsertPartition(java.lang.String, java.lang.Integer, java.util.Iterator, org.apache.hudi.table.action.commit.Partitioner):::EXIT	this.taskContextSupplier.getClass().getName() == orig(this.taskContextSupplier.getClass().getName())	INVALID	
hudi	org.apache.hudi.table.action.commit.BaseJavaCommitActionExecutor.handleUpsertPartition(java.lang.String, java.lang.Integer, java.util.Iterator, org.apache.hudi.table.action.commit.Partitioner)	49	org.apache.hudi.table.action.commit.BaseJavaCommitActionExecutor.handleUpsertPartition(java.lang.String, java.lang.Integer, java.util.Iterator, org.apache.hudi.table.action.commit.Partitioner):::EXIT	this.pendingInflightAndRequestedInstants == orig(this.pendingInflightAndRequestedInstants)	INVALID	
hudi	org.apache.hudi.table.action.commit.BaseJavaCommitActionExecutor.handleUpsertPartition(java.lang.String, java.lang.Integer, java.util.Iterator, org.apache.hudi.table.action.commit.Partitioner)	50	org.apache.hudi.table.action.commit.BaseJavaCommitActionExecutor.handleUpsertPartition(java.lang.String, java.lang.Integer, java.util.Iterator, org.apache.hudi.table.action.commit.Partitioner):::EXIT	this.pendingInflightAndRequestedInstants.getClass().getName() == orig(this.pendingInflightAndRequestedInstants.getClass().getName())	INVALID	
hudi	org.apache.hudi.table.action.commit.BaseJavaCommitActionExecutor.handleUpsertPartition(java.lang.String, java.lang.Integer, java.util.Iterator, org.apache.hudi.table.action.commit.Partitioner)	51	org.apache.hudi.table.action.commit.BaseJavaCommitActionExecutor.handleUpsertPartition(java.lang.String, java.lang.Integer, java.util.Iterator, org.apache.hudi.table.action.commit.Partitioner):::EXIT	this.context == orig(this.context)	INVALID	
hudi	org.apache.hudi.table.action.commit.BaseJavaCommitActionExecutor.handleUpsertPartition(java.lang.String, java.lang.Integer, java.util.Iterator, org.apache.hudi.table.action.commit.Partitioner)	52	org.apache.hudi.table.action.commit.BaseJavaCommitActionExecutor.handleUpsertPartition(java.lang.String, java.lang.Integer, java.util.Iterator, org.apache.hudi.table.action.commit.Partitioner):::EXIT	this.context.getClass().getName() == orig(this.context.getClass().getName())	INVALID	
hudi	org.apache.hudi.table.action.commit.BaseJavaCommitActionExecutor.handleUpsertPartition(java.lang.String, java.lang.Integer, java.util.Iterator, org.apache.hudi.table.action.commit.Partitioner)	53	org.apache.hudi.table.action.commit.BaseJavaCommitActionExecutor.handleUpsertPartition(java.lang.String, java.lang.Integer, java.util.Iterator, org.apache.hudi.table.action.commit.Partitioner):::EXIT	this.storageConf == orig(this.storageConf)	INVALID	
hudi	org.apache.hudi.table.action.commit.BaseJavaCommitActionExecutor.handleUpsertPartition(java.lang.String, java.lang.Integer, java.util.Iterator, org.apache.hudi.table.action.commit.Partitioner)	54	org.apache.hudi.table.action.commit.BaseJavaCommitActionExecutor.handleUpsertPartition(java.lang.String, java.lang.Integer, java.util.Iterator, org.apache.hudi.table.action.commit.Partitioner):::EXIT	this.storageConf.getClass().getName() == orig(this.storageConf.getClass().getName())	INVALID	
hudi	org.apache.hudi.table.action.commit.BaseJavaCommitActionExecutor.handleUpsertPartition(java.lang.String, java.lang.Integer, java.util.Iterator, org.apache.hudi.table.action.commit.Partitioner)	55	org.apache.hudi.table.action.commit.BaseJavaCommitActionExecutor.handleUpsertPartition(java.lang.String, java.lang.Integer, java.util.Iterator, org.apache.hudi.table.action.commit.Partitioner):::EXIT	this.config == orig(this.config)	INVALID	
hudi	org.apache.hudi.table.action.commit.BaseJavaCommitActionExecutor.handleUpsertPartition(java.lang.String, java.lang.Integer, java.util.Iterator, org.apache.hudi.table.action.commit.Partitioner)	56	org.apache.hudi.table.action.commit.BaseJavaCommitActionExecutor.handleUpsertPartition(java.lang.String, java.lang.Integer, java.util.Iterator, org.apache.hudi.table.action.commit.Partitioner):::EXIT	this.table == orig(this.table)	INVALID	
hudi	org.apache.hudi.table.action.commit.BaseJavaCommitActionExecutor.handleUpsertPartition(java.lang.String, java.lang.Integer, java.util.Iterator, org.apache.hudi.table.action.commit.Partitioner)	57	org.apache.hudi.table.action.commit.BaseJavaCommitActionExecutor.handleUpsertPartition(java.lang.String, java.lang.Integer, java.util.Iterator, org.apache.hudi.table.action.commit.Partitioner):::EXIT	this.table.getClass().getName() == orig(this.table.getClass().getName())	INVALID	
hudi	org.apache.hudi.table.action.commit.BaseJavaCommitActionExecutor.handleUpsertPartition(java.lang.String, java.lang.Integer, java.util.Iterator, org.apache.hudi.table.action.commit.Partitioner)	58	org.apache.hudi.table.action.commit.BaseJavaCommitActionExecutor.handleUpsertPartition(java.lang.String, java.lang.Integer, java.util.Iterator, org.apache.hudi.table.action.commit.Partitioner):::EXIT	this.instantGenerator == orig(this.instantGenerator)	INVALID	
hudi	org.apache.hudi.table.action.commit.BaseJavaCommitActionExecutor.handleUpsertPartition(java.lang.String, java.lang.Integer, java.util.Iterator, org.apache.hudi.table.action.commit.Partitioner)	59	org.apache.hudi.table.action.commit.BaseJavaCommitActionExecutor.handleUpsertPartition(java.lang.String, java.lang.Integer, java.util.Iterator, org.apache.hudi.table.action.commit.Partitioner):::EXIT	this.instantGenerator.getClass().getName() == orig(this.instantGenerator.getClass().getName())	INVALID	
hudi	org.apache.hudi.table.action.commit.BaseJavaCommitActionExecutor.handleUpsertPartition(java.lang.String, java.lang.Integer, java.util.Iterator, org.apache.hudi.table.action.commit.Partitioner)	60	org.apache.hudi.table.action.commit.BaseJavaCommitActionExecutor.handleUpsertPartition(java.lang.String, java.lang.Integer, java.util.Iterator, org.apache.hudi.table.action.commit.Partitioner):::EXIT	this.instantFileNameParser == orig(this.instantFileNameParser)	INVALID	
hudi	org.apache.hudi.table.action.commit.BaseJavaCommitActionExecutor.handleUpsertPartition(java.lang.String, java.lang.Integer, java.util.Iterator, org.apache.hudi.table.action.commit.Partitioner)	61	org.apache.hudi.table.action.commit.BaseJavaCommitActionExecutor.handleUpsertPartition(java.lang.String, java.lang.Integer, java.util.Iterator, org.apache.hudi.table.action.commit.Partitioner):::EXIT	this.instantFileNameParser.getClass().getName() == orig(this.instantFileNameParser.getClass().getName())	INVALID	
hudi	org.apache.hudi.table.action.commit.BaseJavaCommitActionExecutor.handleUpsertPartition(java.lang.String, java.lang.Integer, java.util.Iterator, org.apache.hudi.table.action.commit.Partitioner)	62	org.apache.hudi.table.action.commit.BaseJavaCommitActionExecutor.handleUpsertPartition(java.lang.String, java.lang.Integer, java.util.Iterator, org.apache.hudi.table.action.commit.Partitioner):::EXIT	this.instantFileNameGenerator == orig(this.instantFileNameGenerator)	INVALID	
hudi	org.apache.hudi.table.action.commit.BaseJavaCommitActionExecutor.handleUpsertPartition(java.lang.String, java.lang.Integer, java.util.Iterator, org.apache.hudi.table.action.commit.Partitioner)	63	org.apache.hudi.table.action.commit.BaseJavaCommitActionExecutor.handleUpsertPartition(java.lang.String, java.lang.Integer, java.util.Iterator, org.apache.hudi.table.action.commit.Partitioner):::EXIT	this.instantFileNameGenerator.getClass().getName() == orig(this.instantFileNameGenerator.getClass().getName())	INVALID	
hudi	org.apache.hudi.table.action.commit.BaseJavaCommitActionExecutor.handleUpsertPartition(java.lang.String, java.lang.Integer, java.util.Iterator, org.apache.hudi.table.action.commit.Partitioner)	64	org.apache.hudi.table.action.commit.BaseJavaCommitActionExecutor.handleUpsertPartition(java.lang.String, java.lang.Integer, java.util.Iterator, org.apache.hudi.table.action.commit.Partitioner):::EXIT	this.instantTime == orig(this.instantTime)	INVALID	
hudi	org.apache.hudi.table.action.commit.BaseJavaCommitActionExecutor.handleUpsertPartition(java.lang.String, java.lang.Integer, java.util.Iterator, org.apache.hudi.table.action.commit.Partitioner)	65	org.apache.hudi.table.action.commit.BaseJavaCommitActionExecutor.handleUpsertPartition(java.lang.String, java.lang.Integer, java.util.Iterator, org.apache.hudi.table.action.commit.Partitioner):::EXIT	this.instantTime == orig(instantTime)	INVALID	
hudi	org.apache.hudi.table.action.commit.BaseJavaCommitActionExecutor.handleUpsertPartition(java.lang.String, java.lang.Integer, java.util.Iterator, org.apache.hudi.table.action.commit.Partitioner)	66	org.apache.hudi.table.action.commit.BaseJavaCommitActionExecutor.handleUpsertPartition(java.lang.String, java.lang.Integer, java.util.Iterator, org.apache.hudi.table.action.commit.Partitioner):::EXIT	this.instantTime.toString == instantTime.toString	VALID	this.instantTime.toString().equals(instantTime.toString())
hudi	org.apache.hudi.table.action.commit.BaseJavaCommitActionExecutor.handleUpsertPartition(java.lang.String, java.lang.Integer, java.util.Iterator, org.apache.hudi.table.action.commit.Partitioner)	67	org.apache.hudi.table.action.commit.BaseJavaCommitActionExecutor.handleUpsertPartition(java.lang.String, java.lang.Integer, java.util.Iterator, org.apache.hudi.table.action.commit.Partitioner):::EXIT	instantTime.toString == orig(this.instantTime.toString)	INVALID	
hudi	org.apache.hudi.table.action.commit.BaseJavaCommitActionExecutor.handleUpsertPartition(java.lang.String, java.lang.Integer, java.util.Iterator, org.apache.hudi.table.action.commit.Partitioner)	68	org.apache.hudi.table.action.commit.BaseJavaCommitActionExecutor.handleUpsertPartition(java.lang.String, java.lang.Integer, java.util.Iterator, org.apache.hudi.table.action.commit.Partitioner):::EXIT	instantTime.toString == orig(instantTime.toString)	INVALID	
hudi	org.apache.hudi.table.action.commit.BaseJavaCommitActionExecutor.handleUpsertPartition(java.lang.String, java.lang.Integer, java.util.Iterator, org.apache.hudi.table.action.commit.Partitioner)	69	org.apache.hudi.table.action.commit.BaseJavaCommitActionExecutor.handleUpsertPartition(java.lang.String, java.lang.Integer, java.util.Iterator, org.apache.hudi.table.action.commit.Partitioner):::EXIT	"(return.getClass().getName() == org.apache.hudi.execution.JavaLazyInsertIterable.class)  ==>  (instantTime.toString one of { ""20260910231650466"", ""20260910232623113"" })"	VALID	"!result.getClass().getName().equals(""org.apache.hudi.execution.JavaLazyInsertIterable"") || ""20260910231650466"".equals(instantTime.toString()) || ""20260910232623113"".equals(instantTime.toString())"
hudi	org.apache.hudi.table.action.commit.BaseJavaCommitActionExecutor.handleUpsertPartition(java.lang.String, java.lang.Integer, java.util.Iterator, org.apache.hudi.table.action.commit.Partitioner)	70	org.apache.hudi.table.action.commit.BaseJavaCommitActionExecutor.handleUpsertPartition(java.lang.String, java.lang.Integer, java.util.Iterator, org.apache.hudi.table.action.commit.Partitioner):::EXIT	(return.getClass().getName() == org.apache.hudi.execution.JavaLazyInsertIterable.class)  ==>  (this.operationType has only one value)	INVALID	
hudi	org.apache.hudi.table.action.commit.BaseJavaCommitActionExecutor.handleUpsertPartition(java.lang.String, java.lang.Integer, java.util.Iterator, org.apache.hudi.table.action.commit.Partitioner)	71	org.apache.hudi.table.action.commit.BaseJavaCommitActionExecutor.handleUpsertPartition(java.lang.String, java.lang.Integer, java.util.Iterator, org.apache.hudi.table.action.commit.Partitioner):::EXIT	this.taskContextSupplier.getClass().getName() == org.apache.hudi.testutils.HoodieJavaClientTestHarness$TestJavaTaskContextSupplier.class	VALID	"this.taskContextSupplier.getClass().getName().equals(""org.apache.hudi.testutils.HoodieJavaClientTestHarness$TestJavaTaskContextSupplier"")"
hudi	org.apache.hudi.table.action.commit.BaseJavaCommitActionExecutor.handleUpsertPartition(java.lang.String, java.lang.Integer, java.util.Iterator, org.apache.hudi.table.action.commit.Partitioner)	72	org.apache.hudi.table.action.commit.BaseJavaCommitActionExecutor.handleUpsertPartition(java.lang.String, java.lang.Integer, java.util.Iterator, org.apache.hudi.table.action.commit.Partitioner):::EXIT	this.instantGenerator has only one value	INVALID	
hudi	org.apache.hudi.table.action.commit.BaseJavaCommitActionExecutor.handleUpsertPartition(java.lang.String, java.lang.Integer, java.util.Iterator, org.apache.hudi.table.action.commit.Partitioner)	73	org.apache.hudi.table.action.commit.BaseJavaCommitActionExecutor.handleUpsertPartition(java.lang.String, java.lang.Integer, java.util.Iterator, org.apache.hudi.table.action.commit.Partitioner):::EXIT	this.instantGenerator.getClass().getName() == org.apache.hudi.common.table.timeline.versioning.v2.InstantGeneratorV2.class	VALID	"this.instantGenerator.getClass().getName().equals(""org.apache.hudi.common.table.timeline.versioning.v2.InstantGeneratorV2"")"
hudi	org.apache.hudi.table.action.commit.BaseJavaCommitActionExecutor.handleUpsertPartition(java.lang.String, java.lang.Integer, java.util.Iterator, org.apache.hudi.table.action.commit.Partitioner)	74	org.apache.hudi.table.action.commit.BaseJavaCommitActionExecutor.handleUpsertPartition(java.lang.String, java.lang.Integer, java.util.Iterator, org.apache.hudi.table.action.commit.Partitioner):::EXIT	this.instantFileNameParser has only one value	INVALID	
hudi	org.apache.hudi.table.action.commit.BaseJavaCommitActionExecutor.handleUpsertPartition(java.lang.String, java.lang.Integer, java.util.Iterator, org.apache.hudi.table.action.commit.Partitioner)	75	org.apache.hudi.table.action.commit.BaseJavaCommitActionExecutor.handleUpsertPartition(java.lang.String, java.lang.Integer, java.util.Iterator, org.apache.hudi.table.action.commit.Partitioner):::EXIT	this.instantFileNameGenerator has only one value	INVALID	
hudi	org.apache.hudi.table.action.commit.BaseJavaCommitActionExecutor.handleUpsertPartition(java.lang.String, java.lang.Integer, java.util.Iterator, org.apache.hudi.table.action.commit.Partitioner)	76	org.apache.hudi.table.action.commit.BaseJavaCommitActionExecutor.handleUpsertPartition(java.lang.String, java.lang.Integer, java.util.Iterator, org.apache.hudi.table.action.commit.Partitioner):::EXIT	this.instantFileNameGenerator.getClass().getName() == org.apache.hudi.common.table.timeline.versioning.v2.InstantFileNameGeneratorV2.class	VALID	this.instantFileNameGenerator.getClass() == org.apache.hudi.common.table.timeline.versioning.v2.InstantFileNameGeneratorV2.class
hudi	org.apache.hudi.table.action.commit.BaseJavaCommitActionExecutor.handleUpsertPartition(java.lang.String, java.lang.Integer, java.util.Iterator, org.apache.hudi.table.action.commit.Partitioner)	77	org.apache.hudi.table.action.commit.BaseJavaCommitActionExecutor.handleUpsertPartition(java.lang.String, java.lang.Integer, java.util.Iterator, org.apache.hudi.table.action.commit.Partitioner):::EXIT	return != null	VALID	result != null
hudi	org.apache.hudi.table.action.commit.BaseJavaCommitActionExecutor.handleUpsertPartition(java.lang.String, java.lang.Integer, java.util.Iterator, org.apache.hudi.table.action.commit.Partitioner)	78	org.apache.hudi.table.action.commit.BaseJavaCommitActionExecutor.handleUpsertPartition(java.lang.String, java.lang.Integer, java.util.Iterator, org.apache.hudi.table.action.commit.Partitioner):::EXIT	org.apache.hudi.table.action.commit.BaseJavaCommitActionExecutor.log.getClass().getName() != return.getClass().getName()	VALID	!org.apache.hudi.table.action.commit.BaseJavaCommitActionExecutor.log.getClass().getName().equals(result.getClass().getName())
hudi	org.apache.hudi.table.action.commit.BaseJavaCommitActionExecutor.handleUpsertPartition(java.lang.String, java.lang.Integer, java.util.Iterator, org.apache.hudi.table.action.commit.Partitioner)	79	org.apache.hudi.table.action.commit.BaseJavaCommitActionExecutor.handleUpsertPartition(java.lang.String, java.lang.Integer, java.util.Iterator, org.apache.hudi.table.action.commit.Partitioner):::EXIT	org.apache.hudi.table.action.commit.BaseJavaCommitActionExecutor.log.getClass().getName() != orig(this.getClass().getName())	VALID	!org.apache.hudi.table.action.commit.BaseJavaCommitActionExecutor.log.getClass().getName().equals(this.getClass().getName())
hudi	org.apache.hudi.table.action.commit.BaseJavaCommitActionExecutor.handleUpsertPartition(java.lang.String, java.lang.Integer, java.util.Iterator, org.apache.hudi.table.action.commit.Partitioner)	80	org.apache.hudi.table.action.commit.BaseJavaCommitActionExecutor.handleUpsertPartition(java.lang.String, java.lang.Integer, java.util.Iterator, org.apache.hudi.table.action.commit.Partitioner):::EXIT	org.apache.hudi.table.action.commit.BaseJavaCommitActionExecutor.log.getClass().getName() != orig(recordItr.getClass().getName())	INVALID	
hudi	org.apache.hudi.table.action.commit.BaseJavaCommitActionExecutor.handleUpsertPartition(java.lang.String, java.lang.Integer, java.util.Iterator, org.apache.hudi.table.action.commit.Partitioner)	81	org.apache.hudi.table.action.commit.BaseJavaCommitActionExecutor.handleUpsertPartition(java.lang.String, java.lang.Integer, java.util.Iterator, org.apache.hudi.table.action.commit.Partitioner):::EXIT	org.apache.hudi.table.action.commit.BaseJavaCommitActionExecutor.log.getClass().getName() != orig(partitioner.getClass().getName())	INVALID	
hudi	org.apache.hudi.table.action.commit.BaseJavaCommitActionExecutor.handleUpsertPartition(java.lang.String, java.lang.Integer, java.util.Iterator, org.apache.hudi.table.action.commit.Partitioner)	82	org.apache.hudi.table.action.commit.BaseJavaCommitActionExecutor.handleUpsertPartition(java.lang.String, java.lang.Integer, java.util.Iterator, org.apache.hudi.table.action.commit.Partitioner):::EXIT	this.taskContextSupplier.getClass().getName() != return.getClass().getName()	VALID	!this.taskContextSupplier.getClass().getName().equals(result.getClass().getName())
hudi	org.apache.hudi.table.action.commit.BaseJavaCommitActionExecutor.handleUpsertPartition(java.lang.String, java.lang.Integer, java.util.Iterator, org.apache.hudi.table.action.commit.Partitioner)	83	org.apache.hudi.table.action.commit.BaseJavaCommitActionExecutor.handleUpsertPartition(java.lang.String, java.lang.Integer, java.util.Iterator, org.apache.hudi.table.action.commit.Partitioner):::EXIT	this.taskContextSupplier.getClass().getName() != orig(this.getClass().getName())	VALID	!this.taskContextSupplier.getClass().getName().equals(this.getClass().getName())
hudi	org.apache.hudi.table.action.commit.BaseJavaCommitActionExecutor.handleUpsertPartition(java.lang.String, java.lang.Integer, java.util.Iterator, org.apache.hudi.table.action.commit.Partitioner)	84	org.apache.hudi.table.action.commit.BaseJavaCommitActionExecutor.handleUpsertPartition(java.lang.String, java.lang.Integer, java.util.Iterator, org.apache.hudi.table.action.commit.Partitioner):::EXIT	this.taskContextSupplier.getClass().getName() != orig(recordItr.getClass().getName())	INVALID	
hudi	org.apache.hudi.table.action.commit.BaseJavaCommitActionExecutor.handleUpsertPartition(java.lang.String, java.lang.Integer, java.util.Iterator, org.apache.hudi.table.action.commit.Partitioner)	85	org.apache.hudi.table.action.commit.BaseJavaCommitActionExecutor.handleUpsertPartition(java.lang.String, java.lang.Integer, java.util.Iterator, org.apache.hudi.table.action.commit.Partitioner):::EXIT	this.taskContextSupplier.getClass().getName() != orig(partitioner.getClass().getName())	INVALID	
hudi	org.apache.hudi.table.action.commit.BaseJavaCommitActionExecutor.handleUpsertPartition(java.lang.String, java.lang.Integer, java.util.Iterator, org.apache.hudi.table.action.commit.Partitioner)	86	org.apache.hudi.table.action.commit.BaseJavaCommitActionExecutor.handleUpsertPartition(java.lang.String, java.lang.Integer, java.util.Iterator, org.apache.hudi.table.action.commit.Partitioner):::EXIT	this.pendingInflightAndRequestedInstants.getClass().getName() != return.getClass().getName()	VALID	!this.pendingInflightAndRequestedInstants.getClass().getName().equals(result.getClass().getName())
hudi	org.apache.hudi.table.action.commit.BaseJavaCommitActionExecutor.handleUpsertPartition(java.lang.String, java.lang.Integer, java.util.Iterator, org.apache.hudi.table.action.commit.Partitioner)	87	org.apache.hudi.table.action.commit.BaseJavaCommitActionExecutor.handleUpsertPartition(java.lang.String, java.lang.Integer, java.util.Iterator, org.apache.hudi.table.action.commit.Partitioner):::EXIT	this.pendingInflightAndRequestedInstants.getClass().getName() != orig(this.getClass().getName())	VALID	!this.pendingInflightAndRequestedInstants.getClass().getName().equals(this.getClass().getName())
hudi	org.apache.hudi.table.action.commit.BaseJavaCommitActionExecutor.handleUpsertPartition(java.lang.String, java.lang.Integer, java.util.Iterator, org.apache.hudi.table.action.commit.Partitioner)	88	org.apache.hudi.table.action.commit.BaseJavaCommitActionExecutor.handleUpsertPartition(java.lang.String, java.lang.Integer, java.util.Iterator, org.apache.hudi.table.action.commit.Partitioner):::EXIT	this.pendingInflightAndRequestedInstants.getClass().getName() != orig(recordItr.getClass().getName())	INVALID	
hudi	org.apache.hudi.table.action.commit.BaseJavaCommitActionExecutor.handleUpsertPartition(java.lang.String, java.lang.Integer, java.util.Iterator, org.apache.hudi.table.action.commit.Partitioner)	89	org.apache.hudi.table.action.commit.BaseJavaCommitActionExecutor.handleUpsertPartition(java.lang.String, java.lang.Integer, java.util.Iterator, org.apache.hudi.table.action.commit.Partitioner):::EXIT	this.pendingInflightAndRequestedInstants.getClass().getName() != orig(partitioner.getClass().getName())	INVALID	
hudi	org.apache.hudi.table.action.commit.BaseJavaCommitActionExecutor.handleUpsertPartition(java.lang.String, java.lang.Integer, java.util.Iterator, org.apache.hudi.table.action.commit.Partitioner)	90	org.apache.hudi.table.action.commit.BaseJavaCommitActionExecutor.handleUpsertPartition(java.lang.String, java.lang.Integer, java.util.Iterator, org.apache.hudi.table.action.commit.Partitioner):::EXIT	this.context.getClass().getName() != return.getClass().getName()	VALID	!this.context.getClass().getName().equals(result.getClass().getName())
hudi	org.apache.hudi.table.action.commit.BaseJavaCommitActionExecutor.handleUpsertPartition(java.lang.String, java.lang.Integer, java.util.Iterator, org.apache.hudi.table.action.commit.Partitioner)	91	org.apache.hudi.table.action.commit.BaseJavaCommitActionExecutor.handleUpsertPartition(java.lang.String, java.lang.Integer, java.util.Iterator, org.apache.hudi.table.action.commit.Partitioner):::EXIT	this.context.getClass().getName() != orig(this.getClass().getName())	VALID	!this.context.getClass().getName().equals(this.getClass().getName())
hudi	org.apache.hudi.table.action.commit.BaseJavaCommitActionExecutor.handleUpsertPartition(java.lang.String, java.lang.Integer, java.util.Iterator, org.apache.hudi.table.action.commit.Partitioner)	92	org.apache.hudi.table.action.commit.BaseJavaCommitActionExecutor.handleUpsertPartition(java.lang.String, java.lang.Integer, java.util.Iterator, org.apache.hudi.table.action.commit.Partitioner):::EXIT	this.context.getClass().getName() != orig(recordItr.getClass().getName())	INVALID	
hudi	org.apache.hudi.table.action.commit.BaseJavaCommitActionExecutor.handleUpsertPartition(java.lang.String, java.lang.Integer, java.util.Iterator, org.apache.hudi.table.action.commit.Partitioner)	93	org.apache.hudi.table.action.commit.BaseJavaCommitActionExecutor.handleUpsertPartition(java.lang.String, java.lang.Integer, java.util.Iterator, org.apache.hudi.table.action.commit.Partitioner):::EXIT	this.context.getClass().getName() != orig(partitioner.getClass().getName())	INVALID	
hudi	org.apache.hudi.table.action.commit.BaseJavaCommitActionExecutor.handleUpsertPartition(java.lang.String, java.lang.Integer, java.util.Iterator, org.apache.hudi.table.action.commit.Partitioner)	94	org.apache.hudi.table.action.commit.BaseJavaCommitActionExecutor.handleUpsertPartition(java.lang.String, java.lang.Integer, java.util.Iterator, org.apache.hudi.table.action.commit.Partitioner):::EXIT	this.storageConf.getClass().getName() != return.getClass().getName()	VALID	!this.storageConf.getClass().getName().equals(result.getClass().getName())
hudi	org.apache.hudi.table.action.commit.BaseJavaCommitActionExecutor.handleUpsertPartition(java.lang.String, java.lang.Integer, java.util.Iterator, org.apache.hudi.table.action.commit.Partitioner)	95	org.apache.hudi.table.action.commit.BaseJavaCommitActionExecutor.handleUpsertPartition(java.lang.String, java.lang.Integer, java.util.Iterator, org.apache.hudi.table.action.commit.Partitioner):::EXIT	this.storageConf.getClass().getName() != orig(this.getClass().getName())	VALID	!this.storageConf.getClass().getName().equals(this.getClass().getName())
hudi	org.apache.hudi.table.action.commit.BaseJavaCommitActionExecutor.handleUpsertPartition(java.lang.String, java.lang.Integer, java.util.Iterator, org.apache.hudi.table.action.commit.Partitioner)	96	org.apache.hudi.table.action.commit.BaseJavaCommitActionExecutor.handleUpsertPartition(java.lang.String, java.lang.Integer, java.util.Iterator, org.apache.hudi.table.action.commit.Partitioner):::EXIT	this.storageConf.getClass().getName() != orig(recordItr.getClass().getName())	INVALID	
hudi	org.apache.hudi.table.action.commit.BaseJavaCommitActionExecutor.handleUpsertPartition(java.lang.String, java.lang.Integer, java.util.Iterator, org.apache.hudi.table.action.commit.Partitioner)	97	org.apache.hudi.table.action.commit.BaseJavaCommitActionExecutor.handleUpsertPartition(java.lang.String, java.lang.Integer, java.util.Iterator, org.apache.hudi.table.action.commit.Partitioner):::EXIT	this.storageConf.getClass().getName() != orig(partitioner.getClass().getName())	INVALID	
hudi	org.apache.hudi.table.action.commit.BaseJavaCommitActionExecutor.handleUpsertPartition(java.lang.String, java.lang.Integer, java.util.Iterator, org.apache.hudi.table.action.commit.Partitioner)	98	org.apache.hudi.table.action.commit.BaseJavaCommitActionExecutor.handleUpsertPartition(java.lang.String, java.lang.Integer, java.util.Iterator, org.apache.hudi.table.action.commit.Partitioner):::EXIT	this.table.getClass().getName() != return.getClass().getName()	VALID	!this.table.getClass().getName().equals(result.getClass().getName())
hudi	org.apache.hudi.table.action.commit.BaseJavaCommitActionExecutor.handleUpsertPartition(java.lang.String, java.lang.Integer, java.util.Iterator, org.apache.hudi.table.action.commit.Partitioner)	99	org.apache.hudi.table.action.commit.BaseJavaCommitActionExecutor.handleUpsertPartition(java.lang.String, java.lang.Integer, java.util.Iterator, org.apache.hudi.table.action.commit.Partitioner):::EXIT	this.table.getClass().getName() != orig(this.getClass().getName())	VALID	!this.table.getClass().getName().equals(this.getClass().getName())
hudi	org.apache.hudi.table.action.commit.BaseJavaCommitActionExecutor.handleUpsertPartition(java.lang.String, java.lang.Integer, java.util.Iterator, org.apache.hudi.table.action.commit.Partitioner)	100	org.apache.hudi.table.action.commit.BaseJavaCommitActionExecutor.handleUpsertPartition(java.lang.String, java.lang.Integer, java.util.Iterator, org.apache.hudi.table.action.commit.Partitioner):::EXIT	this.table.getClass().getName() != orig(recordItr.getClass().getName())	INVALID	
hudi	org.apache.hudi.table.action.commit.BaseJavaCommitActionExecutor.handleUpsertPartition(java.lang.String, java.lang.Integer, java.util.Iterator, org.apache.hudi.table.action.commit.Partitioner)	101	org.apache.hudi.table.action.commit.BaseJavaCommitActionExecutor.handleUpsertPartition(java.lang.String, java.lang.Integer, java.util.Iterator, org.apache.hudi.table.action.commit.Partitioner):::EXIT	this.table.getClass().getName() != orig(partitioner.getClass().getName())	INVALID	
hudi	org.apache.hudi.table.action.commit.BaseJavaCommitActionExecutor.handleUpsertPartition(java.lang.String, java.lang.Integer, java.util.Iterator, org.apache.hudi.table.action.commit.Partitioner)	102	org.apache.hudi.table.action.commit.BaseJavaCommitActionExecutor.handleUpsertPartition(java.lang.String, java.lang.Integer, java.util.Iterator, org.apache.hudi.table.action.commit.Partitioner):::EXIT	this.instantGenerator.getClass().getName() != return.getClass().getName()	VALID	!this.instantGenerator.getClass().getName().equals(result.getClass().getName())
hudi	org.apache.hudi.table.action.commit.BaseJavaCommitActionExecutor.handleUpsertPartition(java.lang.String, java.lang.Integer, java.util.Iterator, org.apache.hudi.table.action.commit.Partitioner)	103	org.apache.hudi.table.action.commit.BaseJavaCommitActionExecutor.handleUpsertPartition(java.lang.String, java.lang.Integer, java.util.Iterator, org.apache.hudi.table.action.commit.Partitioner):::EXIT	this.instantGenerator.getClass().getName() != orig(this.getClass().getName())	VALID	!this.instantGenerator.getClass().getName().equals(this.getClass().getName())
hudi	org.apache.hudi.table.action.commit.BaseJavaCommitActionExecutor.handleUpsertPartition(java.lang.String, java.lang.Integer, java.util.Iterator, org.apache.hudi.table.action.commit.Partitioner)	104	org.apache.hudi.table.action.commit.BaseJavaCommitActionExecutor.handleUpsertPartition(java.lang.String, java.lang.Integer, java.util.Iterator, org.apache.hudi.table.action.commit.Partitioner):::EXIT	this.instantGenerator.getClass().getName() != orig(recordItr.getClass().getName())	INVALID	
hudi	org.apache.hudi.table.action.commit.BaseJavaCommitActionExecutor.handleUpsertPartition(java.lang.String, java.lang.Integer, java.util.Iterator, org.apache.hudi.table.action.commit.Partitioner)	105	org.apache.hudi.table.action.commit.BaseJavaCommitActionExecutor.handleUpsertPartition(java.lang.String, java.lang.Integer, java.util.Iterator, org.apache.hudi.table.action.commit.Partitioner):::EXIT	this.instantGenerator.getClass().getName() != orig(partitioner.getClass().getName())	INVALID	
hudi	org.apache.hudi.table.action.commit.BaseJavaCommitActionExecutor.handleUpsertPartition(java.lang.String, java.lang.Integer, java.util.Iterator, org.apache.hudi.table.action.commit.Partitioner)	106	org.apache.hudi.table.action.commit.BaseJavaCommitActionExecutor.handleUpsertPartition(java.lang.String, java.lang.Integer, java.util.Iterator, org.apache.hudi.table.action.commit.Partitioner):::EXIT	this.instantFileNameParser.getClass().getName() != return.getClass().getName()	VALID	!this.instantFileNameParser.getClass().getName().equals(result.getClass().getName())
hudi	org.apache.hudi.table.action.commit.BaseJavaCommitActionExecutor.handleUpsertPartition(java.lang.String, java.lang.Integer, java.util.Iterator, org.apache.hudi.table.action.commit.Partitioner)	107	org.apache.hudi.table.action.commit.BaseJavaCommitActionExecutor.handleUpsertPartition(java.lang.String, java.lang.Integer, java.util.Iterator, org.apache.hudi.table.action.commit.Partitioner):::EXIT	this.instantFileNameParser.getClass().getName() != orig(this.getClass().getName())	VALID	!this.instantFileNameParser.getClass().getName().equals(this.getClass().getName())
hudi	org.apache.hudi.table.action.commit.BaseJavaCommitActionExecutor.handleUpsertPartition(java.lang.String, java.lang.Integer, java.util.Iterator, org.apache.hudi.table.action.commit.Partitioner)	108	org.apache.hudi.table.action.commit.BaseJavaCommitActionExecutor.handleUpsertPartition(java.lang.String, java.lang.Integer, java.util.Iterator, org.apache.hudi.table.action.commit.Partitioner):::EXIT	this.instantFileNameParser.getClass().getName() != orig(recordItr.getClass().getName())	INVALID	
hudi	org.apache.hudi.table.action.commit.BaseJavaCommitActionExecutor.handleUpsertPartition(java.lang.String, java.lang.Integer, java.util.Iterator, org.apache.hudi.table.action.commit.Partitioner)	109	org.apache.hudi.table.action.commit.BaseJavaCommitActionExecutor.handleUpsertPartition(java.lang.String, java.lang.Integer, java.util.Iterator, org.apache.hudi.table.action.commit.Partitioner):::EXIT	this.instantFileNameParser.getClass().getName() != orig(partitioner.getClass().getName())	INVALID	
hudi	org.apache.hudi.table.action.commit.BaseJavaCommitActionExecutor.handleUpsertPartition(java.lang.String, java.lang.Integer, java.util.Iterator, org.apache.hudi.table.action.commit.Partitioner)	110	org.apache.hudi.table.action.commit.BaseJavaCommitActionExecutor.handleUpsertPartition(java.lang.String, java.lang.Integer, java.util.Iterator, org.apache.hudi.table.action.commit.Partitioner):::EXIT	this.instantFileNameGenerator.getClass().getName() != return.getClass().getName()	VALID	!this.instantFileNameGenerator.getClass().getName().equals(result.getClass().getName())
hudi	org.apache.hudi.table.action.commit.BaseJavaCommitActionExecutor.handleUpsertPartition(java.lang.String, java.lang.Integer, java.util.Iterator, org.apache.hudi.table.action.commit.Partitioner)	111	org.apache.hudi.table.action.commit.BaseJavaCommitActionExecutor.handleUpsertPartition(java.lang.String, java.lang.Integer, java.util.Iterator, org.apache.hudi.table.action.commit.Partitioner):::EXIT	this.instantFileNameGenerator.getClass().getName() != orig(this.getClass().getName())	VALID	!this.instantFileNameGenerator.getClass().getName().equals(this.getClass().getName())
hudi	org.apache.hudi.table.action.commit.BaseJavaCommitActionExecutor.handleUpsertPartition(java.lang.String, java.lang.Integer, java.util.Iterator, org.apache.hudi.table.action.commit.Partitioner)	112	org.apache.hudi.table.action.commit.BaseJavaCommitActionExecutor.handleUpsertPartition(java.lang.String, java.lang.Integer, java.util.Iterator, org.apache.hudi.table.action.commit.Partitioner):::EXIT	this.instantFileNameGenerator.getClass().getName() != orig(recordItr.getClass().getName())	INVALID	
hudi	org.apache.hudi.table.action.commit.BaseJavaCommitActionExecutor.handleUpsertPartition(java.lang.String, java.lang.Integer, java.util.Iterator, org.apache.hudi.table.action.commit.Partitioner)	113	org.apache.hudi.table.action.commit.BaseJavaCommitActionExecutor.handleUpsertPartition(java.lang.String, java.lang.Integer, java.util.Iterator, org.apache.hudi.table.action.commit.Partitioner):::EXIT	this.instantFileNameGenerator.getClass().getName() != orig(partitioner.getClass().getName())	INVALID	
hudi	org.apache.hudi.table.action.commit.BaseJavaCommitActionExecutor.handleUpsertPartition(java.lang.String, java.lang.Integer, java.util.Iterator, org.apache.hudi.table.action.commit.Partitioner)	114	org.apache.hudi.table.action.commit.BaseJavaCommitActionExecutor.handleUpsertPartition(java.lang.String, java.lang.Integer, java.util.Iterator, org.apache.hudi.table.action.commit.Partitioner):::EXIT	return.getClass().getName() != orig(this.getClass().getName())	VALID	!result.getClass().getName().equals(this.getClass().getName())
hudi	org.apache.hudi.table.action.commit.BaseJavaCommitActionExecutor.handleUpsertPartition(java.lang.String, java.lang.Integer, java.util.Iterator, org.apache.hudi.table.action.commit.Partitioner)	115	org.apache.hudi.table.action.commit.BaseJavaCommitActionExecutor.handleUpsertPartition(java.lang.String, java.lang.Integer, java.util.Iterator, org.apache.hudi.table.action.commit.Partitioner):::EXIT	return.getClass().getName() != orig(recordItr.getClass().getName())	INVALID	
hudi	org.apache.hudi.table.action.commit.BaseJavaCommitActionExecutor.handleUpsertPartition(java.lang.String, java.lang.Integer, java.util.Iterator, org.apache.hudi.table.action.commit.Partitioner)	116	org.apache.hudi.table.action.commit.BaseJavaCommitActionExecutor.handleUpsertPartition(java.lang.String, java.lang.Integer, java.util.Iterator, org.apache.hudi.table.action.commit.Partitioner):::EXIT	return.getClass().getName() != orig(partitioner.getClass().getName())	INVALID	
hudi	org.apache.hudi.table.upgrade.JavaUpgradeDowngradeHelper.getInstance()	1	org.apache.hudi.table.upgrade.JavaUpgradeDowngradeHelper.getInstance():::EXIT	org.apache.hudi.table.upgrade.JavaUpgradeDowngradeHelper.SINGLETON_INSTANCE == return	VALID	org.apache.hudi.table.upgrade.JavaUpgradeDowngradeHelper.SINGLETON_INSTANCE == result
hudi	org.apache.hudi.table.HoodieJavaTable.create(org.apache.hudi.config.HoodieWriteConfig, org.apache.hudi.common.engine.HoodieEngineContext)	1	org.apache.hudi.table.HoodieJavaTable.create(org.apache.hudi.config.HoodieWriteConfig, org.apache.hudi.common.engine.HoodieEngineContext):::ENTER	config != null	VALID	config != null
hudi	org.apache.hudi.table.HoodieJavaTable.create(org.apache.hudi.config.HoodieWriteConfig, org.apache.hudi.common.engine.HoodieEngineContext)	2	org.apache.hudi.table.HoodieJavaTable.create(org.apache.hudi.config.HoodieWriteConfig, org.apache.hudi.common.engine.HoodieEngineContext):::ENTER	context != null	VALID	context != null
hudi	org.apache.hudi.table.HoodieJavaTable.create(org.apache.hudi.config.HoodieWriteConfig, org.apache.hudi.common.engine.HoodieEngineContext)	3	org.apache.hudi.table.HoodieJavaTable.create(org.apache.hudi.config.HoodieWriteConfig, org.apache.hudi.common.engine.HoodieEngineContext):::ENTER	context.getClass().getName() == org.apache.hudi.client.common.HoodieJavaEngineContext.class	VALID	context.getClass() == org.apache.hudi.client.common.HoodieJavaEngineContext.class
hudi	org.apache.hudi.table.HoodieJavaTable.create(org.apache.hudi.config.HoodieWriteConfig, org.apache.hudi.common.engine.HoodieEngineContext)	4	org.apache.hudi.table.HoodieJavaTable.create(org.apache.hudi.config.HoodieWriteConfig, org.apache.hudi.common.engine.HoodieEngineContext):::ENTER	org.apache.hudi.table.HoodieTable.log.getClass().getName() != context.getClass().getName()	INVALID	
hudi	org.apache.hudi.table.HoodieJavaTable.create(org.apache.hudi.config.HoodieWriteConfig, org.apache.hudi.common.engine.HoodieEngineContext)	5	org.apache.hudi.table.HoodieJavaTable.create(org.apache.hudi.config.HoodieWriteConfig, org.apache.hudi.common.engine.HoodieEngineContext):::EXIT	org.apache.hudi.table.HoodieTable.log == orig(org.apache.hudi.table.HoodieTable.log)	INVALID	
hudi	org.apache.hudi.table.HoodieJavaTable.create(org.apache.hudi.config.HoodieWriteConfig, org.apache.hudi.common.engine.HoodieEngineContext)	6	org.apache.hudi.table.HoodieJavaTable.create(org.apache.hudi.config.HoodieWriteConfig, org.apache.hudi.common.engine.HoodieEngineContext):::EXIT	org.apache.hudi.table.HoodieTable.log.getClass().getName() == orig(org.apache.hudi.table.HoodieTable.log.getClass().getName())	INVALID	
hudi	org.apache.hudi.table.HoodieJavaTable.create(org.apache.hudi.config.HoodieWriteConfig, org.apache.hudi.common.engine.HoodieEngineContext)	7	org.apache.hudi.table.HoodieJavaTable.create(org.apache.hudi.config.HoodieWriteConfig, org.apache.hudi.common.engine.HoodieEngineContext):::EXIT	return != null	VALID	result != null
hudi	org.apache.hudi.table.HoodieJavaTable.create(org.apache.hudi.config.HoodieWriteConfig, org.apache.hudi.common.engine.HoodieEngineContext)	8	org.apache.hudi.table.HoodieJavaTable.create(org.apache.hudi.config.HoodieWriteConfig, org.apache.hudi.common.engine.HoodieEngineContext):::EXIT	org.apache.hudi.table.HoodieTable.log.getClass().getName() != return.getClass().getName()	INVALID	
hudi	org.apache.hudi.table.HoodieJavaTable.create(org.apache.hudi.config.HoodieWriteConfig, org.apache.hudi.common.engine.HoodieEngineContext)	9	org.apache.hudi.table.HoodieJavaTable.create(org.apache.hudi.config.HoodieWriteConfig, org.apache.hudi.common.engine.HoodieEngineContext):::EXIT	org.apache.hudi.table.HoodieTable.log.getClass().getName() != orig(context.getClass().getName())	INVALID	
hudi	org.apache.hudi.table.HoodieJavaTable.create(org.apache.hudi.config.HoodieWriteConfig, org.apache.hudi.common.engine.HoodieEngineContext)	10	org.apache.hudi.table.HoodieJavaTable.create(org.apache.hudi.config.HoodieWriteConfig, org.apache.hudi.common.engine.HoodieEngineContext):::EXIT	return.getClass().getName() != orig(context.getClass().getName())	INVALID	
hudi	org.apache.hudi.table.action.commit.JavaDeleteHelper.newInstance()	1	org.apache.hudi.table.action.commit.JavaDeleteHelper.newInstance():::EXIT	return has only one value	INVALID	
hudi	org.apache.hudi.client.common.HoodieJavaEngineContext.getReaderContextFactory(org.apache.hudi.common.table.HoodieTableMetaClient)	1	org.apache.hudi.client.common.HoodieJavaEngineContext.getReaderContextFactory(org.apache.hudi.common.table.HoodieTableMetaClient):::EXIT	this.storageConf == orig(this.storageConf)	INVALID	
hudi	org.apache.hudi.client.common.HoodieJavaEngineContext.getReaderContextFactory(org.apache.hudi.common.table.HoodieTableMetaClient)	2	org.apache.hudi.client.common.HoodieJavaEngineContext.getReaderContextFactory(org.apache.hudi.common.table.HoodieTableMetaClient):::EXIT	this.storageConf.getClass().getName() == orig(this.storageConf.getClass().getName())	INVALID	
hudi	org.apache.hudi.client.common.HoodieJavaEngineContext.getReaderContextFactory(org.apache.hudi.common.table.HoodieTableMetaClient)	3	org.apache.hudi.client.common.HoodieJavaEngineContext.getReaderContextFactory(org.apache.hudi.common.table.HoodieTableMetaClient):::EXIT	this.taskContextSupplier == orig(this.taskContextSupplier)	INVALID	
hudi	org.apache.hudi.client.common.HoodieJavaEngineContext.getReaderContextFactory(org.apache.hudi.common.table.HoodieTableMetaClient)	4	org.apache.hudi.client.common.HoodieJavaEngineContext.getReaderContextFactory(org.apache.hudi.common.table.HoodieTableMetaClient):::EXIT	this.taskContextSupplier.getClass().getName() == orig(this.taskContextSupplier.getClass().getName())	INVALID	
hudi	org.apache.hudi.client.common.HoodieJavaEngineContext.getReaderContextFactory(org.apache.hudi.common.table.HoodieTableMetaClient)	5	org.apache.hudi.client.common.HoodieJavaEngineContext.getReaderContextFactory(org.apache.hudi.common.table.HoodieTableMetaClient):::EXIT	return.getClass().getName() == org.apache.hudi.common.engine.AvroReaderContextFactory.class	VALID	result.getClass() == org.apache.hudi.common.engine.AvroReaderContextFactory.class
hudi	org.apache.hudi.client.common.HoodieJavaEngineContext.getReaderContextFactory(org.apache.hudi.common.table.HoodieTableMetaClient)	6	org.apache.hudi.client.common.HoodieJavaEngineContext.getReaderContextFactory(org.apache.hudi.common.table.HoodieTableMetaClient):::EXIT	this.storageConf.getClass().getName() != return.getClass().getName()	VALID	!this.storageConf.getClass().getName().equals(result.getClass().getName())
hudi	org.apache.hudi.client.common.HoodieJavaEngineContext.getReaderContextFactory(org.apache.hudi.common.table.HoodieTableMetaClient)	7	org.apache.hudi.client.common.HoodieJavaEngineContext.getReaderContextFactory(org.apache.hudi.common.table.HoodieTableMetaClient):::EXIT	this.taskContextSupplier.getClass().getName() != return.getClass().getName()	VALID	!this.taskContextSupplier.getClass().getName().equals(result.getClass().getName())
hudi	org.apache.hudi.table.action.commit.BaseJavaCommitActionExecutor.getPartitionToReplacedFileIds(org.apache.hudi.table.action.HoodieWriteMetadata)	1	org.apache.hudi.table.action.commit.BaseJavaCommitActionExecutor.getPartitionToReplacedFileIds(org.apache.hudi.table.action.HoodieWriteMetadata):::ENTER	writeMetadata != null	VALID	writeMetadata != null
hudi	org.apache.hudi.table.action.commit.BaseJavaCommitActionExecutor.getPartitionToReplacedFileIds(org.apache.hudi.table.action.HoodieWriteMetadata)	2	org.apache.hudi.table.action.commit.BaseJavaCommitActionExecutor.getPartitionToReplacedFileIds(org.apache.hudi.table.action.HoodieWriteMetadata):::EXIT	org.apache.hudi.table.action.commit.BaseJavaCommitActionExecutor.log == orig(org.apache.hudi.table.action.commit.BaseJavaCommitActionExecutor.log)	INVALID	
hudi	org.apache.hudi.table.action.commit.BaseJavaCommitActionExecutor.getPartitionToReplacedFileIds(org.apache.hudi.table.action.HoodieWriteMetadata)	3	org.apache.hudi.table.action.commit.BaseJavaCommitActionExecutor.getPartitionToReplacedFileIds(org.apache.hudi.table.action.HoodieWriteMetadata):::EXIT	org.apache.hudi.table.action.commit.BaseJavaCommitActionExecutor.log.getClass().getName() == orig(org.apache.hudi.table.action.commit.BaseJavaCommitActionExecutor.log.getClass().getName())	INVALID	
hudi	org.apache.hudi.table.action.commit.BaseJavaCommitActionExecutor.getPartitionToReplacedFileIds(org.apache.hudi.table.action.HoodieWriteMetadata)	4	org.apache.hudi.table.action.commit.BaseJavaCommitActionExecutor.getPartitionToReplacedFileIds(org.apache.hudi.table.action.HoodieWriteMetadata):::EXIT	org.apache.hudi.table.action.commit.BaseJavaCommitActionExecutor.log.getClass().getName() == orig(org.apache.hudi.table.action.commit.BaseCommitActionExecutor.log.getClass().getName())	INVALID	
hudi	org.apache.hudi.table.action.commit.BaseJavaCommitActionExecutor.getPartitionToReplacedFileIds(org.apache.hudi.table.action.HoodieWriteMetadata)	5	org.apache.hudi.table.action.commit.BaseJavaCommitActionExecutor.getPartitionToReplacedFileIds(org.apache.hudi.table.action.HoodieWriteMetadata):::EXIT	org.apache.hudi.table.action.commit.BaseCommitActionExecutor.log == orig(org.apache.hudi.table.action.commit.BaseCommitActionExecutor.log)	INVALID	
hudi	org.apache.hudi.table.action.commit.BaseJavaCommitActionExecutor.getPartitionToReplacedFileIds(org.apache.hudi.table.action.HoodieWriteMetadata)	6	org.apache.hudi.table.action.commit.BaseJavaCommitActionExecutor.getPartitionToReplacedFileIds(org.apache.hudi.table.action.HoodieWriteMetadata):::EXIT	this.extraMetadata == orig(this.extraMetadata)	INVALID	
hudi	org.apache.hudi.table.action.commit.BaseJavaCommitActionExecutor.getPartitionToReplacedFileIds(org.apache.hudi.table.action.HoodieWriteMetadata)	7	org.apache.hudi.table.action.commit.BaseJavaCommitActionExecutor.getPartitionToReplacedFileIds(org.apache.hudi.table.action.HoodieWriteMetadata):::EXIT	this.extraMetadata == orig(this.txnManagerOption)	INVALID	
hudi	org.apache.hudi.table.action.commit.BaseJavaCommitActionExecutor.getPartitionToReplacedFileIds(org.apache.hudi.table.action.HoodieWriteMetadata)	8	org.apache.hudi.table.action.commit.BaseJavaCommitActionExecutor.getPartitionToReplacedFileIds(org.apache.hudi.table.action.HoodieWriteMetadata):::EXIT	this.extraMetadata == orig(this.lastCompletedTxn)	INVALID	
hudi	org.apache.hudi.table.action.commit.BaseJavaCommitActionExecutor.getPartitionToReplacedFileIds(org.apache.hudi.table.action.HoodieWriteMetadata)	9	org.apache.hudi.table.action.commit.BaseJavaCommitActionExecutor.getPartitionToReplacedFileIds(org.apache.hudi.table.action.HoodieWriteMetadata):::EXIT	this.operationType == orig(this.operationType)	INVALID	
hudi	org.apache.hudi.table.action.commit.BaseJavaCommitActionExecutor.getPartitionToReplacedFileIds(org.apache.hudi.table.action.HoodieWriteMetadata)	10	org.apache.hudi.table.action.commit.BaseJavaCommitActionExecutor.getPartitionToReplacedFileIds(org.apache.hudi.table.action.HoodieWriteMetadata):::EXIT	this.taskContextSupplier == orig(this.taskContextSupplier)	INVALID	
hudi	org.apache.hudi.table.action.commit.BaseJavaCommitActionExecutor.getPartitionToReplacedFileIds(org.apache.hudi.table.action.HoodieWriteMetadata)	11	org.apache.hudi.table.action.commit.BaseJavaCommitActionExecutor.getPartitionToReplacedFileIds(org.apache.hudi.table.action.HoodieWriteMetadata):::EXIT	this.taskContextSupplier.getClass().getName() == orig(this.taskContextSupplier.getClass().getName())	INVALID	
hudi	org.apache.hudi.table.action.commit.BaseJavaCommitActionExecutor.getPartitionToReplacedFileIds(org.apache.hudi.table.action.HoodieWriteMetadata)	12	org.apache.hudi.table.action.commit.BaseJavaCommitActionExecutor.getPartitionToReplacedFileIds(org.apache.hudi.table.action.HoodieWriteMetadata):::EXIT	this.pendingInflightAndRequestedInstants == orig(this.pendingInflightAndRequestedInstants)	INVALID	
hudi	org.apache.hudi.table.action.commit.BaseJavaCommitActionExecutor.getPartitionToReplacedFileIds(org.apache.hudi.table.action.HoodieWriteMetadata)	13	org.apache.hudi.table.action.commit.BaseJavaCommitActionExecutor.getPartitionToReplacedFileIds(org.apache.hudi.table.action.HoodieWriteMetadata):::EXIT	this.pendingInflightAndRequestedInstants.getClass().getName() == orig(this.pendingInflightAndRequestedInstants.getClass().getName())	INVALID	
hudi	org.apache.hudi.table.action.commit.BaseJavaCommitActionExecutor.getPartitionToReplacedFileIds(org.apache.hudi.table.action.HoodieWriteMetadata)	14	org.apache.hudi.table.action.commit.BaseJavaCommitActionExecutor.getPartitionToReplacedFileIds(org.apache.hudi.table.action.HoodieWriteMetadata):::EXIT	this.context == orig(this.context)	INVALID	
hudi	org.apache.hudi.table.action.commit.BaseJavaCommitActionExecutor.getPartitionToReplacedFileIds(org.apache.hudi.table.action.HoodieWriteMetadata)	15	org.apache.hudi.table.action.commit.BaseJavaCommitActionExecutor.getPartitionToReplacedFileIds(org.apache.hudi.table.action.HoodieWriteMetadata):::EXIT	this.context.getClass().getName() == orig(this.context.getClass().getName())	INVALID	
hudi	org.apache.hudi.table.action.commit.BaseJavaCommitActionExecutor.getPartitionToReplacedFileIds(org.apache.hudi.table.action.HoodieWriteMetadata)	16	org.apache.hudi.table.action.commit.BaseJavaCommitActionExecutor.getPartitionToReplacedFileIds(org.apache.hudi.table.action.HoodieWriteMetadata):::EXIT	this.storageConf == orig(this.storageConf)	INVALID	
hudi	org.apache.hudi.table.action.commit.BaseJavaCommitActionExecutor.getPartitionToReplacedFileIds(org.apache.hudi.table.action.HoodieWriteMetadata)	17	org.apache.hudi.table.action.commit.BaseJavaCommitActionExecutor.getPartitionToReplacedFileIds(org.apache.hudi.table.action.HoodieWriteMetadata):::EXIT	this.storageConf.getClass().getName() == orig(this.storageConf.getClass().getName())	INVALID	
hudi	org.apache.hudi.table.action.commit.BaseJavaCommitActionExecutor.getPartitionToReplacedFileIds(org.apache.hudi.table.action.HoodieWriteMetadata)	18	org.apache.hudi.table.action.commit.BaseJavaCommitActionExecutor.getPartitionToReplacedFileIds(org.apache.hudi.table.action.HoodieWriteMetadata):::EXIT	this.config == orig(this.config)	INVALID	
hudi	org.apache.hudi.table.action.commit.BaseJavaCommitActionExecutor.getPartitionToReplacedFileIds(org.apache.hudi.table.action.HoodieWriteMetadata)	19	org.apache.hudi.table.action.commit.BaseJavaCommitActionExecutor.getPartitionToReplacedFileIds(org.apache.hudi.table.action.HoodieWriteMetadata):::EXIT	this.table == orig(this.table)	INVALID	
hudi	org.apache.hudi.table.action.commit.BaseJavaCommitActionExecutor.getPartitionToReplacedFileIds(org.apache.hudi.table.action.HoodieWriteMetadata)	20	org.apache.hudi.table.action.commit.BaseJavaCommitActionExecutor.getPartitionToReplacedFileIds(org.apache.hudi.table.action.HoodieWriteMetadata):::EXIT	this.table.getClass().getName() == orig(this.table.getClass().getName())	INVALID	
hudi	org.apache.hudi.table.action.commit.BaseJavaCommitActionExecutor.getPartitionToReplacedFileIds(org.apache.hudi.table.action.HoodieWriteMetadata)	21	org.apache.hudi.table.action.commit.BaseJavaCommitActionExecutor.getPartitionToReplacedFileIds(org.apache.hudi.table.action.HoodieWriteMetadata):::EXIT	this.instantGenerator == orig(this.instantGenerator)	INVALID	
hudi	org.apache.hudi.table.action.commit.BaseJavaCommitActionExecutor.getPartitionToReplacedFileIds(org.apache.hudi.table.action.HoodieWriteMetadata)	22	org.apache.hudi.table.action.commit.BaseJavaCommitActionExecutor.getPartitionToReplacedFileIds(org.apache.hudi.table.action.HoodieWriteMetadata):::EXIT	this.instantGenerator.getClass().getName() == orig(this.instantGenerator.getClass().getName())	INVALID	
hudi	org.apache.hudi.table.action.commit.BaseJavaCommitActionExecutor.getPartitionToReplacedFileIds(org.apache.hudi.table.action.HoodieWriteMetadata)	23	org.apache.hudi.table.action.commit.BaseJavaCommitActionExecutor.getPartitionToReplacedFileIds(org.apache.hudi.table.action.HoodieWriteMetadata):::EXIT	this.instantFileNameParser == orig(this.instantFileNameParser)	INVALID	
hudi	org.apache.hudi.table.action.commit.BaseJavaCommitActionExecutor.getPartitionToReplacedFileIds(org.apache.hudi.table.action.HoodieWriteMetadata)	24	org.apache.hudi.table.action.commit.BaseJavaCommitActionExecutor.getPartitionToReplacedFileIds(org.apache.hudi.table.action.HoodieWriteMetadata):::EXIT	this.instantFileNameParser.getClass().getName() == orig(this.instantFileNameParser.getClass().getName())	INVALID	
hudi	org.apache.hudi.table.action.commit.BaseJavaCommitActionExecutor.getPartitionToReplacedFileIds(org.apache.hudi.table.action.HoodieWriteMetadata)	25	org.apache.hudi.table.action.commit.BaseJavaCommitActionExecutor.getPartitionToReplacedFileIds(org.apache.hudi.table.action.HoodieWriteMetadata):::EXIT	this.instantFileNameGenerator == orig(this.instantFileNameGenerator)	INVALID	
hudi	org.apache.hudi.table.action.commit.BaseJavaCommitActionExecutor.getPartitionToReplacedFileIds(org.apache.hudi.table.action.HoodieWriteMetadata)	26	org.apache.hudi.table.action.commit.BaseJavaCommitActionExecutor.getPartitionToReplacedFileIds(org.apache.hudi.table.action.HoodieWriteMetadata):::EXIT	this.instantFileNameGenerator.getClass().getName() == orig(this.instantFileNameGenerator.getClass().getName())	INVALID	
hudi	org.apache.hudi.table.action.commit.BaseJavaCommitActionExecutor.getPartitionToReplacedFileIds(org.apache.hudi.table.action.HoodieWriteMetadata)	27	org.apache.hudi.table.action.commit.BaseJavaCommitActionExecutor.getPartitionToReplacedFileIds(org.apache.hudi.table.action.HoodieWriteMetadata):::EXIT	this.instantTime == orig(this.instantTime)	INVALID	
hudi	org.apache.hudi.table.action.commit.BaseJavaCommitActionExecutor.getPartitionToReplacedFileIds(org.apache.hudi.table.action.HoodieWriteMetadata)	28	org.apache.hudi.table.action.commit.BaseJavaCommitActionExecutor.getPartitionToReplacedFileIds(org.apache.hudi.table.action.HoodieWriteMetadata):::EXIT	this.instantTime.toString == orig(this.instantTime.toString)	INVALID	
hudi	org.apache.hudi.table.action.commit.BaseJavaCommitActionExecutor.getPartitionToReplacedFileIds(org.apache.hudi.table.action.HoodieWriteMetadata)	29	org.apache.hudi.table.action.commit.BaseJavaCommitActionExecutor.getPartitionToReplacedFileIds(org.apache.hudi.table.action.HoodieWriteMetadata):::EXIT	return has only one value	INVALID	
hudi	org.apache.hudi.table.action.commit.BaseJavaCommitActionExecutor.getPartitionToReplacedFileIds(org.apache.hudi.table.action.HoodieWriteMetadata)	30	org.apache.hudi.table.action.commit.BaseJavaCommitActionExecutor.getPartitionToReplacedFileIds(org.apache.hudi.table.action.HoodieWriteMetadata):::EXIT	return != null	VALID	result != null
hudi	org.apache.hudi.table.action.commit.BaseJavaCommitActionExecutor.getPartitionToReplacedFileIds(org.apache.hudi.table.action.HoodieWriteMetadata)	31	org.apache.hudi.table.action.commit.BaseJavaCommitActionExecutor.getPartitionToReplacedFileIds(org.apache.hudi.table.action.HoodieWriteMetadata):::EXIT	return.getClass().getName() == java.util.Collections$EmptyMap.class	VALID	"result.getClass().getName().equals(""java.util.Collections$EmptyMap"")"
hudi	org.apache.hudi.table.action.commit.BaseJavaCommitActionExecutor.getPartitionToReplacedFileIds(org.apache.hudi.table.action.HoodieWriteMetadata)	32	org.apache.hudi.table.action.commit.BaseJavaCommitActionExecutor.getPartitionToReplacedFileIds(org.apache.hudi.table.action.HoodieWriteMetadata):::EXIT	org.apache.hudi.table.action.commit.BaseJavaCommitActionExecutor.log.getClass().getName() != return.getClass().getName()	VALID	!org.apache.hudi.table.action.commit.BaseJavaCommitActionExecutor.log.getClass().getName().equals(result.getClass().getName())
hudi	org.apache.hudi.table.action.commit.BaseJavaCommitActionExecutor.getPartitionToReplacedFileIds(org.apache.hudi.table.action.HoodieWriteMetadata)	33	org.apache.hudi.table.action.commit.BaseJavaCommitActionExecutor.getPartitionToReplacedFileIds(org.apache.hudi.table.action.HoodieWriteMetadata):::EXIT	org.apache.hudi.table.action.commit.BaseJavaCommitActionExecutor.log.getClass().getName() != orig(this.getClass().getName())	VALID	!org.apache.hudi.table.action.commit.BaseJavaCommitActionExecutor.log.getClass().getName().equals(this.getClass().getName())
hudi	org.apache.hudi.table.action.commit.BaseJavaCommitActionExecutor.getPartitionToReplacedFileIds(org.apache.hudi.table.action.HoodieWriteMetadata)	34	org.apache.hudi.table.action.commit.BaseJavaCommitActionExecutor.getPartitionToReplacedFileIds(org.apache.hudi.table.action.HoodieWriteMetadata):::EXIT	this.taskContextSupplier.getClass().getName() != return.getClass().getName()	VALID	!this.taskContextSupplier.getClass().getName().equals(result.getClass().getName())
hudi	org.apache.hudi.table.action.commit.BaseJavaCommitActionExecutor.getPartitionToReplacedFileIds(org.apache.hudi.table.action.HoodieWriteMetadata)	35	org.apache.hudi.table.action.commit.BaseJavaCommitActionExecutor.getPartitionToReplacedFileIds(org.apache.hudi.table.action.HoodieWriteMetadata):::EXIT	this.taskContextSupplier.getClass().getName() != orig(this.getClass().getName())	VALID	!this.taskContextSupplier.getClass().getName().equals(this.getClass().getName())
hudi	org.apache.hudi.table.action.commit.BaseJavaCommitActionExecutor.getPartitionToReplacedFileIds(org.apache.hudi.table.action.HoodieWriteMetadata)	36	org.apache.hudi.table.action.commit.BaseJavaCommitActionExecutor.getPartitionToReplacedFileIds(org.apache.hudi.table.action.HoodieWriteMetadata):::EXIT	this.pendingInflightAndRequestedInstants.getClass().getName() != return.getClass().getName()	VALID	!this.pendingInflightAndRequestedInstants.getClass().getName().equals(result.getClass().getName())
hudi	org.apache.hudi.table.action.commit.BaseJavaCommitActionExecutor.getPartitionToReplacedFileIds(org.apache.hudi.table.action.HoodieWriteMetadata)	37	org.apache.hudi.table.action.commit.BaseJavaCommitActionExecutor.getPartitionToReplacedFileIds(org.apache.hudi.table.action.HoodieWriteMetadata):::EXIT	this.pendingInflightAndRequestedInstants.getClass().getName() != orig(this.getClass().getName())	VALID	!this.pendingInflightAndRequestedInstants.getClass().getName().equals(this.getClass().getName())
hudi	org.apache.hudi.table.action.commit.BaseJavaCommitActionExecutor.getPartitionToReplacedFileIds(org.apache.hudi.table.action.HoodieWriteMetadata)	38	org.apache.hudi.table.action.commit.BaseJavaCommitActionExecutor.getPartitionToReplacedFileIds(org.apache.hudi.table.action.HoodieWriteMetadata):::EXIT	this.context.getClass().getName() != return.getClass().getName()	VALID	!this.context.getClass().getName().equals(result.getClass().getName())
hudi	org.apache.hudi.table.action.commit.BaseJavaCommitActionExecutor.getPartitionToReplacedFileIds(org.apache.hudi.table.action.HoodieWriteMetadata)	39	org.apache.hudi.table.action.commit.BaseJavaCommitActionExecutor.getPartitionToReplacedFileIds(org.apache.hudi.table.action.HoodieWriteMetadata):::EXIT	this.context.getClass().getName() != orig(this.getClass().getName())	VALID	!this.context.getClass().getName().equals(this.getClass().getName())
hudi	org.apache.hudi.table.action.commit.BaseJavaCommitActionExecutor.getPartitionToReplacedFileIds(org.apache.hudi.table.action.HoodieWriteMetadata)	40	org.apache.hudi.table.action.commit.BaseJavaCommitActionExecutor.getPartitionToReplacedFileIds(org.apache.hudi.table.action.HoodieWriteMetadata):::EXIT	this.storageConf.getClass().getName() != return.getClass().getName()	VALID	!this.storageConf.getClass().getName().equals(result.getClass().getName())
hudi	org.apache.hudi.table.action.commit.BaseJavaCommitActionExecutor.getPartitionToReplacedFileIds(org.apache.hudi.table.action.HoodieWriteMetadata)	41	org.apache.hudi.table.action.commit.BaseJavaCommitActionExecutor.getPartitionToReplacedFileIds(org.apache.hudi.table.action.HoodieWriteMetadata):::EXIT	this.storageConf.getClass().getName() != orig(this.getClass().getName())	VALID	!this.storageConf.getClass().getName().equals(this.getClass().getName())
hudi	org.apache.hudi.table.action.commit.BaseJavaCommitActionExecutor.getPartitionToReplacedFileIds(org.apache.hudi.table.action.HoodieWriteMetadata)	42	org.apache.hudi.table.action.commit.BaseJavaCommitActionExecutor.getPartitionToReplacedFileIds(org.apache.hudi.table.action.HoodieWriteMetadata):::EXIT	this.table.getClass().getName() != return.getClass().getName()	VALID	!this.table.getClass().getName().equals(result.getClass().getName())
hudi	org.apache.hudi.table.action.commit.BaseJavaCommitActionExecutor.getPartitionToReplacedFileIds(org.apache.hudi.table.action.HoodieWriteMetadata)	43	org.apache.hudi.table.action.commit.BaseJavaCommitActionExecutor.getPartitionToReplacedFileIds(org.apache.hudi.table.action.HoodieWriteMetadata):::EXIT	this.table.getClass().getName() != orig(this.getClass().getName())	VALID	!this.table.getClass().getName().equals(this.getClass().getName())
hudi	org.apache.hudi.table.action.commit.BaseJavaCommitActionExecutor.getPartitionToReplacedFileIds(org.apache.hudi.table.action.HoodieWriteMetadata)	44	org.apache.hudi.table.action.commit.BaseJavaCommitActionExecutor.getPartitionToReplacedFileIds(org.apache.hudi.table.action.HoodieWriteMetadata):::EXIT	this.instantGenerator.getClass().getName() != return.getClass().getName()	VALID	!this.instantGenerator.getClass().getName().equals(result.getClass().getName())
hudi	org.apache.hudi.table.action.commit.BaseJavaCommitActionExecutor.getPartitionToReplacedFileIds(org.apache.hudi.table.action.HoodieWriteMetadata)	45	org.apache.hudi.table.action.commit.BaseJavaCommitActionExecutor.getPartitionToReplacedFileIds(org.apache.hudi.table.action.HoodieWriteMetadata):::EXIT	this.instantGenerator.getClass().getName() != orig(this.getClass().getName())	VALID	!this.instantGenerator.getClass().getName().equals(this.getClass().getName())
hudi	org.apache.hudi.table.action.commit.BaseJavaCommitActionExecutor.getPartitionToReplacedFileIds(org.apache.hudi.table.action.HoodieWriteMetadata)	46	org.apache.hudi.table.action.commit.BaseJavaCommitActionExecutor.getPartitionToReplacedFileIds(org.apache.hudi.table.action.HoodieWriteMetadata):::EXIT	this.instantFileNameParser.getClass().getName() != return.getClass().getName()	VALID	!this.instantFileNameParser.getClass().getName().equals(result.getClass().getName())
hudi	org.apache.hudi.table.action.commit.BaseJavaCommitActionExecutor.getPartitionToReplacedFileIds(org.apache.hudi.table.action.HoodieWriteMetadata)	47	org.apache.hudi.table.action.commit.BaseJavaCommitActionExecutor.getPartitionToReplacedFileIds(org.apache.hudi.table.action.HoodieWriteMetadata):::EXIT	this.instantFileNameParser.getClass().getName() != orig(this.getClass().getName())	VALID	!this.instantFileNameParser.getClass().getName().equals(this.getClass().getName())
hudi	org.apache.hudi.table.action.commit.BaseJavaCommitActionExecutor.getPartitionToReplacedFileIds(org.apache.hudi.table.action.HoodieWriteMetadata)	48	org.apache.hudi.table.action.commit.BaseJavaCommitActionExecutor.getPartitionToReplacedFileIds(org.apache.hudi.table.action.HoodieWriteMetadata):::EXIT	this.instantFileNameGenerator.getClass().getName() != return.getClass().getName()	VALID	!this.instantFileNameGenerator.getClass().getName().equals(result.getClass().getName())
hudi	org.apache.hudi.table.action.commit.BaseJavaCommitActionExecutor.getPartitionToReplacedFileIds(org.apache.hudi.table.action.HoodieWriteMetadata)	49	org.apache.hudi.table.action.commit.BaseJavaCommitActionExecutor.getPartitionToReplacedFileIds(org.apache.hudi.table.action.HoodieWriteMetadata):::EXIT	this.instantFileNameGenerator.getClass().getName() != orig(this.getClass().getName())	VALID	!this.instantFileNameGenerator.getClass().getName().equals(this.getClass().getName())
hudi	org.apache.hudi.table.action.commit.BaseJavaCommitActionExecutor.getPartitionToReplacedFileIds(org.apache.hudi.table.action.HoodieWriteMetadata)	50	org.apache.hudi.table.action.commit.BaseJavaCommitActionExecutor.getPartitionToReplacedFileIds(org.apache.hudi.table.action.HoodieWriteMetadata):::EXIT	return.getClass().getName() != orig(this.getClass().getName())	VALID	!result.getClass().getName().equals(this.getClass().getName())
hudi	org.apache.hudi.table.action.commit.BaseJavaCommitActionExecutor.updateIndex(java.util.List, org.apache.hudi.table.action.HoodieWriteMetadata)	1	org.apache.hudi.table.action.commit.BaseJavaCommitActionExecutor.updateIndex(java.util.List, org.apache.hudi.table.action.HoodieWriteMetadata):::ENTER	writeStatuses != null	VALID	writeStatuses != null
hudi	org.apache.hudi.table.action.commit.BaseJavaCommitActionExecutor.updateIndex(java.util.List, org.apache.hudi.table.action.HoodieWriteMetadata)	2	org.apache.hudi.table.action.commit.BaseJavaCommitActionExecutor.updateIndex(java.util.List, org.apache.hudi.table.action.HoodieWriteMetadata):::ENTER	writeStatuses[] elements != null	VALID	writeStatuses.stream().allMatch(element -> element != null)
hudi	org.apache.hudi.table.action.commit.BaseJavaCommitActionExecutor.updateIndex(java.util.List, org.apache.hudi.table.action.HoodieWriteMetadata)	3	org.apache.hudi.table.action.commit.BaseJavaCommitActionExecutor.updateIndex(java.util.List, org.apache.hudi.table.action.HoodieWriteMetadata):::ENTER	writeStatuses.getClass().getName() == java.util.LinkedList.class	VALID	writeStatuses.getClass().getName().equals(java.util.LinkedList.class.getName())
hudi	org.apache.hudi.table.action.commit.BaseJavaCommitActionExecutor.updateIndex(java.util.List, org.apache.hudi.table.action.HoodieWriteMetadata)	4	org.apache.hudi.table.action.commit.BaseJavaCommitActionExecutor.updateIndex(java.util.List, org.apache.hudi.table.action.HoodieWriteMetadata):::ENTER	result != null	VALID	result != null
hudi	org.apache.hudi.table.action.commit.BaseJavaCommitActionExecutor.updateIndex(java.util.List, org.apache.hudi.table.action.HoodieWriteMetadata)	5	org.apache.hudi.table.action.commit.BaseJavaCommitActionExecutor.updateIndex(java.util.List, org.apache.hudi.table.action.HoodieWriteMetadata):::ENTER	size(writeStatuses[]) >= 1	VALID	writeStatuses.size() >= 1
hudi	org.apache.hudi.table.action.commit.BaseJavaCommitActionExecutor.updateIndex(java.util.List, org.apache.hudi.table.action.HoodieWriteMetadata)	6	org.apache.hudi.table.action.commit.BaseJavaCommitActionExecutor.updateIndex(java.util.List, org.apache.hudi.table.action.HoodieWriteMetadata):::ENTER	this.getClass().getName() != writeStatuses.getClass().getName()	VALID	!this.getClass().getName().equals(writeStatuses.getClass().getName())
hudi	org.apache.hudi.table.action.commit.BaseJavaCommitActionExecutor.updateIndex(java.util.List, org.apache.hudi.table.action.HoodieWriteMetadata)	7	org.apache.hudi.table.action.commit.BaseJavaCommitActionExecutor.updateIndex(java.util.List, org.apache.hudi.table.action.HoodieWriteMetadata):::ENTER	org.apache.hudi.table.action.commit.BaseJavaCommitActionExecutor.log.getClass().getName() != writeStatuses.getClass().getName()	VALID	!org.apache.hudi.table.action.commit.BaseJavaCommitActionExecutor.log.getClass().getName().equals(writeStatuses.getClass().getName())
hudi	org.apache.hudi.table.action.commit.BaseJavaCommitActionExecutor.updateIndex(java.util.List, org.apache.hudi.table.action.HoodieWriteMetadata)	8	org.apache.hudi.table.action.commit.BaseJavaCommitActionExecutor.updateIndex(java.util.List, org.apache.hudi.table.action.HoodieWriteMetadata):::ENTER	this.taskContextSupplier.getClass().getName() != writeStatuses.getClass().getName()	VALID	!this.taskContextSupplier.getClass().getName().equals(writeStatuses.getClass().getName())
hudi	org.apache.hudi.table.action.commit.BaseJavaCommitActionExecutor.updateIndex(java.util.List, org.apache.hudi.table.action.HoodieWriteMetadata)	9	org.apache.hudi.table.action.commit.BaseJavaCommitActionExecutor.updateIndex(java.util.List, org.apache.hudi.table.action.HoodieWriteMetadata):::ENTER	this.pendingInflightAndRequestedInstants.getClass().getName() != writeStatuses.getClass().getName()	VALID	!this.pendingInflightAndRequestedInstants.getClass().getName().equals(writeStatuses.getClass().getName())
hudi	org.apache.hudi.table.action.commit.BaseJavaCommitActionExecutor.updateIndex(java.util.List, org.apache.hudi.table.action.HoodieWriteMetadata)	10	org.apache.hudi.table.action.commit.BaseJavaCommitActionExecutor.updateIndex(java.util.List, org.apache.hudi.table.action.HoodieWriteMetadata):::ENTER	org.apache.hudi.table.action.BaseActionExecutor.serialVersionUID <= size(writeStatuses[])	INVALID	
hudi	org.apache.hudi.table.action.commit.BaseJavaCommitActionExecutor.updateIndex(java.util.List, org.apache.hudi.table.action.HoodieWriteMetadata)	11	org.apache.hudi.table.action.commit.BaseJavaCommitActionExecutor.updateIndex(java.util.List, org.apache.hudi.table.action.HoodieWriteMetadata):::ENTER	this.context.getClass().getName() != writeStatuses.getClass().getName()	VALID	!this.context.getClass().getName().equals(writeStatuses.getClass().getName())
hudi	org.apache.hudi.table.action.commit.BaseJavaCommitActionExecutor.updateIndex(java.util.List, org.apache.hudi.table.action.HoodieWriteMetadata)	12	org.apache.hudi.table.action.commit.BaseJavaCommitActionExecutor.updateIndex(java.util.List, org.apache.hudi.table.action.HoodieWriteMetadata):::ENTER	this.storageConf.getClass().getName() != writeStatuses.getClass().getName()	VALID	!this.storageConf.getClass().getName().equals(writeStatuses.getClass().getName())
hudi	org.apache.hudi.table.action.commit.BaseJavaCommitActionExecutor.updateIndex(java.util.List, org.apache.hudi.table.action.HoodieWriteMetadata)	13	org.apache.hudi.table.action.commit.BaseJavaCommitActionExecutor.updateIndex(java.util.List, org.apache.hudi.table.action.HoodieWriteMetadata):::ENTER	this.table.getClass().getName() != writeStatuses.getClass().getName()	VALID	!this.table.getClass().getName().equals(writeStatuses.getClass().getName())
hudi	org.apache.hudi.table.action.commit.BaseJavaCommitActionExecutor.updateIndex(java.util.List, org.apache.hudi.table.action.HoodieWriteMetadata)	14	org.apache.hudi.table.action.commit.BaseJavaCommitActionExecutor.updateIndex(java.util.List, org.apache.hudi.table.action.HoodieWriteMetadata):::ENTER	this.instantGenerator.getClass().getName() != writeStatuses.getClass().getName()	VALID	!this.instantGenerator.getClass().getName().equals(writeStatuses.getClass().getName())
hudi	org.apache.hudi.table.action.commit.BaseJavaCommitActionExecutor.updateIndex(java.util.List, org.apache.hudi.table.action.HoodieWriteMetadata)	15	org.apache.hudi.table.action.commit.BaseJavaCommitActionExecutor.updateIndex(java.util.List, org.apache.hudi.table.action.HoodieWriteMetadata):::ENTER	this.instantFileNameParser.getClass().getName() != writeStatuses.getClass().getName()	VALID	!this.instantFileNameParser.getClass().getName().equals(writeStatuses.getClass().getName())
hudi	org.apache.hudi.table.action.commit.BaseJavaCommitActionExecutor.updateIndex(java.util.List, org.apache.hudi.table.action.HoodieWriteMetadata)	16	org.apache.hudi.table.action.commit.BaseJavaCommitActionExecutor.updateIndex(java.util.List, org.apache.hudi.table.action.HoodieWriteMetadata):::ENTER	this.instantFileNameGenerator.getClass().getName() != writeStatuses.getClass().getName()	VALID	!this.instantFileNameGenerator.getClass().getName().equals(writeStatuses.getClass().getName())
hudi	org.apache.hudi.table.action.commit.BaseJavaCommitActionExecutor.updateIndex(java.util.List, org.apache.hudi.table.action.HoodieWriteMetadata)	17	org.apache.hudi.table.action.commit.BaseJavaCommitActionExecutor.updateIndex(java.util.List, org.apache.hudi.table.action.HoodieWriteMetadata):::EXIT	org.apache.hudi.table.action.commit.BaseJavaCommitActionExecutor.log == orig(org.apache.hudi.table.action.commit.BaseJavaCommitActionExecutor.log)	INVALID	
hudi	org.apache.hudi.table.action.commit.BaseJavaCommitActionExecutor.updateIndex(java.util.List, org.apache.hudi.table.action.HoodieWriteMetadata)	18	org.apache.hudi.table.action.commit.BaseJavaCommitActionExecutor.updateIndex(java.util.List, org.apache.hudi.table.action.HoodieWriteMetadata):::EXIT	org.apache.hudi.table.action.commit.BaseJavaCommitActionExecutor.log.getClass().getName() == orig(org.apache.hudi.table.action.commit.BaseJavaCommitActionExecutor.log.getClass().getName())	INVALID	
hudi	org.apache.hudi.table.action.commit.BaseJavaCommitActionExecutor.updateIndex(java.util.List, org.apache.hudi.table.action.HoodieWriteMetadata)	19	org.apache.hudi.table.action.commit.BaseJavaCommitActionExecutor.updateIndex(java.util.List, org.apache.hudi.table.action.HoodieWriteMetadata):::EXIT	org.apache.hudi.table.action.commit.BaseJavaCommitActionExecutor.log.getClass().getName() == orig(org.apache.hudi.table.action.commit.BaseCommitActionExecutor.log.getClass().getName())	INVALID	
hudi	org.apache.hudi.table.action.commit.BaseJavaCommitActionExecutor.updateIndex(java.util.List, org.apache.hudi.table.action.HoodieWriteMetadata)	20	org.apache.hudi.table.action.commit.BaseJavaCommitActionExecutor.updateIndex(java.util.List, org.apache.hudi.table.action.HoodieWriteMetadata):::EXIT	org.apache.hudi.table.action.commit.BaseCommitActionExecutor.log == orig(org.apache.hudi.table.action.commit.BaseCommitActionExecutor.log)	INVALID	
hudi	org.apache.hudi.table.action.commit.BaseJavaCommitActionExecutor.updateIndex(java.util.List, org.apache.hudi.table.action.HoodieWriteMetadata)	21	org.apache.hudi.table.action.commit.BaseJavaCommitActionExecutor.updateIndex(java.util.List, org.apache.hudi.table.action.HoodieWriteMetadata):::EXIT	this.extraMetadata == orig(this.extraMetadata)	INVALID	
hudi	org.apache.hudi.table.action.commit.BaseJavaCommitActionExecutor.updateIndex(java.util.List, org.apache.hudi.table.action.HoodieWriteMetadata)	22	org.apache.hudi.table.action.commit.BaseJavaCommitActionExecutor.updateIndex(java.util.List, org.apache.hudi.table.action.HoodieWriteMetadata):::EXIT	this.extraMetadata == orig(this.txnManagerOption)	INVALID	
hudi	org.apache.hudi.table.action.commit.BaseJavaCommitActionExecutor.updateIndex(java.util.List, org.apache.hudi.table.action.HoodieWriteMetadata)	23	org.apache.hudi.table.action.commit.BaseJavaCommitActionExecutor.updateIndex(java.util.List, org.apache.hudi.table.action.HoodieWriteMetadata):::EXIT	this.extraMetadata == orig(this.lastCompletedTxn)	INVALID	
hudi	org.apache.hudi.table.action.commit.BaseJavaCommitActionExecutor.updateIndex(java.util.List, org.apache.hudi.table.action.HoodieWriteMetadata)	24	org.apache.hudi.table.action.commit.BaseJavaCommitActionExecutor.updateIndex(java.util.List, org.apache.hudi.table.action.HoodieWriteMetadata):::EXIT	this.operationType == orig(this.operationType)	INVALID	
hudi	org.apache.hudi.table.action.commit.BaseJavaCommitActionExecutor.updateIndex(java.util.List, org.apache.hudi.table.action.HoodieWriteMetadata)	25	org.apache.hudi.table.action.commit.BaseJavaCommitActionExecutor.updateIndex(java.util.List, org.apache.hudi.table.action.HoodieWriteMetadata):::EXIT	this.taskContextSupplier == orig(this.taskContextSupplier)	INVALID	
hudi	org.apache.hudi.table.action.commit.BaseJavaCommitActionExecutor.updateIndex(java.util.List, org.apache.hudi.table.action.HoodieWriteMetadata)	26	org.apache.hudi.table.action.commit.BaseJavaCommitActionExecutor.updateIndex(java.util.List, org.apache.hudi.table.action.HoodieWriteMetadata):::EXIT	this.taskContextSupplier.getClass().getName() == orig(this.taskContextSupplier.getClass().getName())	INVALID	
hudi	org.apache.hudi.table.action.commit.BaseJavaCommitActionExecutor.updateIndex(java.util.List, org.apache.hudi.table.action.HoodieWriteMetadata)	27	org.apache.hudi.table.action.commit.BaseJavaCommitActionExecutor.updateIndex(java.util.List, org.apache.hudi.table.action.HoodieWriteMetadata):::EXIT	this.pendingInflightAndRequestedInstants == orig(this.pendingInflightAndRequestedInstants)	INVALID	
hudi	org.apache.hudi.table.action.commit.BaseJavaCommitActionExecutor.updateIndex(java.util.List, org.apache.hudi.table.action.HoodieWriteMetadata)	28	org.apache.hudi.table.action.commit.BaseJavaCommitActionExecutor.updateIndex(java.util.List, org.apache.hudi.table.action.HoodieWriteMetadata):::EXIT	this.pendingInflightAndRequestedInstants.getClass().getName() == orig(this.pendingInflightAndRequestedInstants.getClass().getName())	INVALID	
hudi	org.apache.hudi.table.action.commit.BaseJavaCommitActionExecutor.updateIndex(java.util.List, org.apache.hudi.table.action.HoodieWriteMetadata)	29	org.apache.hudi.table.action.commit.BaseJavaCommitActionExecutor.updateIndex(java.util.List, org.apache.hudi.table.action.HoodieWriteMetadata):::EXIT	this.context == orig(this.context)	INVALID	
hudi	org.apache.hudi.table.action.commit.BaseJavaCommitActionExecutor.updateIndex(java.util.List, org.apache.hudi.table.action.HoodieWriteMetadata)	30	org.apache.hudi.table.action.commit.BaseJavaCommitActionExecutor.updateIndex(java.util.List, org.apache.hudi.table.action.HoodieWriteMetadata):::EXIT	this.context.getClass().getName() == orig(this.context.getClass().getName())	INVALID	
hudi	org.apache.hudi.table.action.commit.BaseJavaCommitActionExecutor.updateIndex(java.util.List, org.apache.hudi.table.action.HoodieWriteMetadata)	31	org.apache.hudi.table.action.commit.BaseJavaCommitActionExecutor.updateIndex(java.util.List, org.apache.hudi.table.action.HoodieWriteMetadata):::EXIT	this.storageConf == orig(this.storageConf)	INVALID	
hudi	org.apache.hudi.table.action.commit.BaseJavaCommitActionExecutor.updateIndex(java.util.List, org.apache.hudi.table.action.HoodieWriteMetadata)	32	org.apache.hudi.table.action.commit.BaseJavaCommitActionExecutor.updateIndex(java.util.List, org.apache.hudi.table.action.HoodieWriteMetadata):::EXIT	this.storageConf.getClass().getName() == orig(this.storageConf.getClass().getName())	INVALID	
hudi	org.apache.hudi.table.action.commit.BaseJavaCommitActionExecutor.updateIndex(java.util.List, org.apache.hudi.table.action.HoodieWriteMetadata)	33	org.apache.hudi.table.action.commit.BaseJavaCommitActionExecutor.updateIndex(java.util.List, org.apache.hudi.table.action.HoodieWriteMetadata):::EXIT	this.config == orig(this.config)	INVALID	
hudi	org.apache.hudi.table.action.commit.BaseJavaCommitActionExecutor.updateIndex(java.util.List, org.apache.hudi.table.action.HoodieWriteMetadata)	34	org.apache.hudi.table.action.commit.BaseJavaCommitActionExecutor.updateIndex(java.util.List, org.apache.hudi.table.action.HoodieWriteMetadata):::EXIT	this.table == orig(this.table)	INVALID	
hudi	org.apache.hudi.table.action.commit.BaseJavaCommitActionExecutor.updateIndex(java.util.List, org.apache.hudi.table.action.HoodieWriteMetadata)	35	org.apache.hudi.table.action.commit.BaseJavaCommitActionExecutor.updateIndex(java.util.List, org.apache.hudi.table.action.HoodieWriteMetadata):::EXIT	this.table.getClass().getName() == orig(this.table.getClass().getName())	INVALID	
hudi	org.apache.hudi.table.action.commit.BaseJavaCommitActionExecutor.updateIndex(java.util.List, org.apache.hudi.table.action.HoodieWriteMetadata)	36	org.apache.hudi.table.action.commit.BaseJavaCommitActionExecutor.updateIndex(java.util.List, org.apache.hudi.table.action.HoodieWriteMetadata):::EXIT	this.instantGenerator == orig(this.instantGenerator)	INVALID	
hudi	org.apache.hudi.table.action.commit.BaseJavaCommitActionExecutor.updateIndex(java.util.List, org.apache.hudi.table.action.HoodieWriteMetadata)	37	org.apache.hudi.table.action.commit.BaseJavaCommitActionExecutor.updateIndex(java.util.List, org.apache.hudi.table.action.HoodieWriteMetadata):::EXIT	this.instantGenerator.getClass().getName() == orig(this.instantGenerator.getClass().getName())	INVALID	
hudi	org.apache.hudi.table.action.commit.BaseJavaCommitActionExecutor.updateIndex(java.util.List, org.apache.hudi.table.action.HoodieWriteMetadata)	38	org.apache.hudi.table.action.commit.BaseJavaCommitActionExecutor.updateIndex(java.util.List, org.apache.hudi.table.action.HoodieWriteMetadata):::EXIT	this.instantFileNameParser == orig(this.instantFileNameParser)	INVALID	
hudi	org.apache.hudi.table.action.commit.BaseJavaCommitActionExecutor.updateIndex(java.util.List, org.apache.hudi.table.action.HoodieWriteMetadata)	39	org.apache.hudi.table.action.commit.BaseJavaCommitActionExecutor.updateIndex(java.util.List, org.apache.hudi.table.action.HoodieWriteMetadata):::EXIT	this.instantFileNameParser.getClass().getName() == orig(this.instantFileNameParser.getClass().getName())	INVALID	
hudi	org.apache.hudi.table.action.commit.BaseJavaCommitActionExecutor.updateIndex(java.util.List, org.apache.hudi.table.action.HoodieWriteMetadata)	40	org.apache.hudi.table.action.commit.BaseJavaCommitActionExecutor.updateIndex(java.util.List, org.apache.hudi.table.action.HoodieWriteMetadata):::EXIT	this.instantFileNameGenerator == orig(this.instantFileNameGenerator)	INVALID	
hudi	org.apache.hudi.table.action.commit.BaseJavaCommitActionExecutor.updateIndex(java.util.List, org.apache.hudi.table.action.HoodieWriteMetadata)	41	org.apache.hudi.table.action.commit.BaseJavaCommitActionExecutor.updateIndex(java.util.List, org.apache.hudi.table.action.HoodieWriteMetadata):::EXIT	this.instantFileNameGenerator.getClass().getName() == orig(this.instantFileNameGenerator.getClass().getName())	INVALID	
hudi	org.apache.hudi.table.action.commit.BaseJavaCommitActionExecutor.updateIndex(java.util.List, org.apache.hudi.table.action.HoodieWriteMetadata)	42	org.apache.hudi.table.action.commit.BaseJavaCommitActionExecutor.updateIndex(java.util.List, org.apache.hudi.table.action.HoodieWriteMetadata):::EXIT	this.instantTime == orig(this.instantTime)	INVALID	
hudi	org.apache.hudi.table.action.commit.BaseJavaCommitActionExecutor.updateIndex(java.util.List, org.apache.hudi.table.action.HoodieWriteMetadata)	43	org.apache.hudi.table.action.commit.BaseJavaCommitActionExecutor.updateIndex(java.util.List, org.apache.hudi.table.action.HoodieWriteMetadata):::EXIT	this.instantTime.toString == orig(this.instantTime.toString)	INVALID	
hudi	org.apache.hudi.table.action.commit.BaseJavaCommitActionExecutor.updateIndex(java.util.List, org.apache.hudi.table.action.HoodieWriteMetadata)	44	org.apache.hudi.table.action.commit.BaseJavaCommitActionExecutor.updateIndex(java.util.List, org.apache.hudi.table.action.HoodieWriteMetadata):::EXIT	writeStatuses[] == return[]	VALID	writeStatuses.size() == result.size() && java.util.stream.IntStream.range(0, writeStatuses.size()).allMatch(i -> writeStatuses.get(i) == result.get(i))
hudi	org.apache.hudi.table.action.commit.BaseJavaCommitActionExecutor.updateIndex(java.util.List, org.apache.hudi.table.action.HoodieWriteMetadata)	45	org.apache.hudi.table.action.commit.BaseJavaCommitActionExecutor.updateIndex(java.util.List, org.apache.hudi.table.action.HoodieWriteMetadata):::EXIT	writeStatuses[] == orig(writeStatuses[])	INVALID	
hudi	org.apache.hudi.table.action.commit.BaseJavaCommitActionExecutor.updateIndex(java.util.List, org.apache.hudi.table.action.HoodieWriteMetadata)	46	org.apache.hudi.table.action.commit.BaseJavaCommitActionExecutor.updateIndex(java.util.List, org.apache.hudi.table.action.HoodieWriteMetadata):::EXIT	writeStatuses[] elements != null	VALID	writeStatuses.stream().allMatch(element -> element != null)
hudi	org.apache.hudi.table.action.commit.BaseJavaCommitActionExecutor.updateIndex(java.util.List, org.apache.hudi.table.action.HoodieWriteMetadata)	47	org.apache.hudi.table.action.commit.BaseJavaCommitActionExecutor.updateIndex(java.util.List, org.apache.hudi.table.action.HoodieWriteMetadata):::EXIT	return != null	VALID	result != null
hudi	org.apache.hudi.table.action.commit.BaseJavaCommitActionExecutor.updateIndex(java.util.List, org.apache.hudi.table.action.HoodieWriteMetadata)	48	org.apache.hudi.table.action.commit.BaseJavaCommitActionExecutor.updateIndex(java.util.List, org.apache.hudi.table.action.HoodieWriteMetadata):::EXIT	size(return[]) >= 1	VALID	result.size() >= 1
hudi	org.apache.hudi.table.action.commit.BaseJavaCommitActionExecutor.updateIndex(java.util.List, org.apache.hudi.table.action.HoodieWriteMetadata)	49	org.apache.hudi.table.action.commit.BaseJavaCommitActionExecutor.updateIndex(java.util.List, org.apache.hudi.table.action.HoodieWriteMetadata):::EXIT	org.apache.hudi.table.action.commit.BaseJavaCommitActionExecutor.log.getClass().getName() != return.getClass().getName()	VALID	!org.apache.hudi.table.action.commit.BaseJavaCommitActionExecutor.log.getClass().getName().equals(result.getClass().getName())
hudi	org.apache.hudi.table.action.commit.BaseJavaCommitActionExecutor.updateIndex(java.util.List, org.apache.hudi.table.action.HoodieWriteMetadata)	50	org.apache.hudi.table.action.commit.BaseJavaCommitActionExecutor.updateIndex(java.util.List, org.apache.hudi.table.action.HoodieWriteMetadata):::EXIT	org.apache.hudi.table.action.commit.BaseJavaCommitActionExecutor.log.getClass().getName() != orig(this.getClass().getName())	INVALID	
hudi	org.apache.hudi.table.action.commit.BaseJavaCommitActionExecutor.updateIndex(java.util.List, org.apache.hudi.table.action.HoodieWriteMetadata)	51	org.apache.hudi.table.action.commit.BaseJavaCommitActionExecutor.updateIndex(java.util.List, org.apache.hudi.table.action.HoodieWriteMetadata):::EXIT	org.apache.hudi.table.action.commit.BaseJavaCommitActionExecutor.log.getClass().getName() != orig(writeStatuses.getClass().getName())	INVALID	
hudi	org.apache.hudi.table.action.commit.BaseJavaCommitActionExecutor.updateIndex(java.util.List, org.apache.hudi.table.action.HoodieWriteMetadata)	52	org.apache.hudi.table.action.commit.BaseJavaCommitActionExecutor.updateIndex(java.util.List, org.apache.hudi.table.action.HoodieWriteMetadata):::EXIT	this.taskContextSupplier.getClass().getName() != return.getClass().getName()	VALID	!this.taskContextSupplier.getClass().getName().equals(result.getClass().getName())
hudi	org.apache.hudi.table.action.commit.BaseJavaCommitActionExecutor.updateIndex(java.util.List, org.apache.hudi.table.action.HoodieWriteMetadata)	53	org.apache.hudi.table.action.commit.BaseJavaCommitActionExecutor.updateIndex(java.util.List, org.apache.hudi.table.action.HoodieWriteMetadata):::EXIT	this.taskContextSupplier.getClass().getName() != orig(this.getClass().getName())	INVALID	
hudi	org.apache.hudi.table.action.commit.BaseJavaCommitActionExecutor.updateIndex(java.util.List, org.apache.hudi.table.action.HoodieWriteMetadata)	54	org.apache.hudi.table.action.commit.BaseJavaCommitActionExecutor.updateIndex(java.util.List, org.apache.hudi.table.action.HoodieWriteMetadata):::EXIT	this.taskContextSupplier.getClass().getName() != orig(writeStatuses.getClass().getName())	INVALID	
hudi	org.apache.hudi.table.action.commit.BaseJavaCommitActionExecutor.updateIndex(java.util.List, org.apache.hudi.table.action.HoodieWriteMetadata)	55	org.apache.hudi.table.action.commit.BaseJavaCommitActionExecutor.updateIndex(java.util.List, org.apache.hudi.table.action.HoodieWriteMetadata):::EXIT	this.pendingInflightAndRequestedInstants.getClass().getName() != return.getClass().getName()	VALID	!this.pendingInflightAndRequestedInstants.getClass().getName().equals(result.getClass().getName())
hudi	org.apache.hudi.table.action.commit.BaseJavaCommitActionExecutor.updateIndex(java.util.List, org.apache.hudi.table.action.HoodieWriteMetadata)	56	org.apache.hudi.table.action.commit.BaseJavaCommitActionExecutor.updateIndex(java.util.List, org.apache.hudi.table.action.HoodieWriteMetadata):::EXIT	this.pendingInflightAndRequestedInstants.getClass().getName() != orig(this.getClass().getName())	INVALID	
hudi	org.apache.hudi.table.action.commit.BaseJavaCommitActionExecutor.updateIndex(java.util.List, org.apache.hudi.table.action.HoodieWriteMetadata)	57	org.apache.hudi.table.action.commit.BaseJavaCommitActionExecutor.updateIndex(java.util.List, org.apache.hudi.table.action.HoodieWriteMetadata):::EXIT	this.pendingInflightAndRequestedInstants.getClass().getName() != orig(writeStatuses.getClass().getName())	INVALID	
hudi	org.apache.hudi.table.action.commit.BaseJavaCommitActionExecutor.updateIndex(java.util.List, org.apache.hudi.table.action.HoodieWriteMetadata)	58	org.apache.hudi.table.action.commit.BaseJavaCommitActionExecutor.updateIndex(java.util.List, org.apache.hudi.table.action.HoodieWriteMetadata):::EXIT	org.apache.hudi.table.action.BaseActionExecutor.serialVersionUID <= size(return[])	INVALID	
hudi	org.apache.hudi.table.action.commit.BaseJavaCommitActionExecutor.updateIndex(java.util.List, org.apache.hudi.table.action.HoodieWriteMetadata)	59	org.apache.hudi.table.action.commit.BaseJavaCommitActionExecutor.updateIndex(java.util.List, org.apache.hudi.table.action.HoodieWriteMetadata):::EXIT	this.context.getClass().getName() != return.getClass().getName()	VALID	!this.context.getClass().getName().equals(result.getClass().getName())
hudi	org.apache.hudi.table.action.commit.BaseJavaCommitActionExecutor.updateIndex(java.util.List, org.apache.hudi.table.action.HoodieWriteMetadata)	60	org.apache.hudi.table.action.commit.BaseJavaCommitActionExecutor.updateIndex(java.util.List, org.apache.hudi.table.action.HoodieWriteMetadata):::EXIT	this.context.getClass().getName() != orig(this.getClass().getName())	INVALID	
hudi	org.apache.hudi.table.action.commit.BaseJavaCommitActionExecutor.updateIndex(java.util.List, org.apache.hudi.table.action.HoodieWriteMetadata)	61	org.apache.hudi.table.action.commit.BaseJavaCommitActionExecutor.updateIndex(java.util.List, org.apache.hudi.table.action.HoodieWriteMetadata):::EXIT	this.context.getClass().getName() != orig(writeStatuses.getClass().getName())	INVALID	
hudi	org.apache.hudi.table.action.commit.BaseJavaCommitActionExecutor.updateIndex(java.util.List, org.apache.hudi.table.action.HoodieWriteMetadata)	62	org.apache.hudi.table.action.commit.BaseJavaCommitActionExecutor.updateIndex(java.util.List, org.apache.hudi.table.action.HoodieWriteMetadata):::EXIT	this.storageConf.getClass().getName() != return.getClass().getName()	VALID	!this.storageConf.getClass().getName().equals(result.getClass().getName())
hudi	org.apache.hudi.table.action.commit.BaseJavaCommitActionExecutor.updateIndex(java.util.List, org.apache.hudi.table.action.HoodieWriteMetadata)	63	org.apache.hudi.table.action.commit.BaseJavaCommitActionExecutor.updateIndex(java.util.List, org.apache.hudi.table.action.HoodieWriteMetadata):::EXIT	this.storageConf.getClass().getName() != orig(this.getClass().getName())	INVALID	
hudi	org.apache.hudi.table.action.commit.BaseJavaCommitActionExecutor.updateIndex(java.util.List, org.apache.hudi.table.action.HoodieWriteMetadata)	64	org.apache.hudi.table.action.commit.BaseJavaCommitActionExecutor.updateIndex(java.util.List, org.apache.hudi.table.action.HoodieWriteMetadata):::EXIT	this.storageConf.getClass().getName() != orig(writeStatuses.getClass().getName())	INVALID	
hudi	org.apache.hudi.table.action.commit.BaseJavaCommitActionExecutor.updateIndex(java.util.List, org.apache.hudi.table.action.HoodieWriteMetadata)	65	org.apache.hudi.table.action.commit.BaseJavaCommitActionExecutor.updateIndex(java.util.List, org.apache.hudi.table.action.HoodieWriteMetadata):::EXIT	this.table.getClass().getName() != return.getClass().getName()	VALID	!this.table.getClass().getName().equals(result.getClass().getName())
hudi	org.apache.hudi.table.action.commit.BaseJavaCommitActionExecutor.updateIndex(java.util.List, org.apache.hudi.table.action.HoodieWriteMetadata)	66	org.apache.hudi.table.action.commit.BaseJavaCommitActionExecutor.updateIndex(java.util.List, org.apache.hudi.table.action.HoodieWriteMetadata):::EXIT	this.table.getClass().getName() != orig(this.getClass().getName())	INVALID	
hudi	org.apache.hudi.table.action.commit.BaseJavaCommitActionExecutor.updateIndex(java.util.List, org.apache.hudi.table.action.HoodieWriteMetadata)	67	org.apache.hudi.table.action.commit.BaseJavaCommitActionExecutor.updateIndex(java.util.List, org.apache.hudi.table.action.HoodieWriteMetadata):::EXIT	this.table.getClass().getName() != orig(writeStatuses.getClass().getName())	INVALID	
hudi	org.apache.hudi.table.action.commit.BaseJavaCommitActionExecutor.updateIndex(java.util.List, org.apache.hudi.table.action.HoodieWriteMetadata)	68	org.apache.hudi.table.action.commit.BaseJavaCommitActionExecutor.updateIndex(java.util.List, org.apache.hudi.table.action.HoodieWriteMetadata):::EXIT	this.instantGenerator.getClass().getName() != return.getClass().getName()	VALID	!this.instantGenerator.getClass().getName().equals(result.getClass().getName())
hudi	org.apache.hudi.table.action.commit.BaseJavaCommitActionExecutor.updateIndex(java.util.List, org.apache.hudi.table.action.HoodieWriteMetadata)	69	org.apache.hudi.table.action.commit.BaseJavaCommitActionExecutor.updateIndex(java.util.List, org.apache.hudi.table.action.HoodieWriteMetadata):::EXIT	this.instantGenerator.getClass().getName() != orig(this.getClass().getName())	INVALID	
hudi	org.apache.hudi.table.action.commit.BaseJavaCommitActionExecutor.updateIndex(java.util.List, org.apache.hudi.table.action.HoodieWriteMetadata)	70	org.apache.hudi.table.action.commit.BaseJavaCommitActionExecutor.updateIndex(java.util.List, org.apache.hudi.table.action.HoodieWriteMetadata):::EXIT	this.instantGenerator.getClass().getName() != orig(writeStatuses.getClass().getName())	INVALID	
hudi	org.apache.hudi.table.action.commit.BaseJavaCommitActionExecutor.updateIndex(java.util.List, org.apache.hudi.table.action.HoodieWriteMetadata)	71	org.apache.hudi.table.action.commit.BaseJavaCommitActionExecutor.updateIndex(java.util.List, org.apache.hudi.table.action.HoodieWriteMetadata):::EXIT	this.instantFileNameParser.getClass().getName() != return.getClass().getName()	VALID	!this.instantFileNameParser.getClass().getName().equals(result.getClass().getName())
hudi	org.apache.hudi.table.action.commit.BaseJavaCommitActionExecutor.updateIndex(java.util.List, org.apache.hudi.table.action.HoodieWriteMetadata)	72	org.apache.hudi.table.action.commit.BaseJavaCommitActionExecutor.updateIndex(java.util.List, org.apache.hudi.table.action.HoodieWriteMetadata):::EXIT	this.instantFileNameParser.getClass().getName() != orig(this.getClass().getName())	INVALID	
hudi	org.apache.hudi.table.action.commit.BaseJavaCommitActionExecutor.updateIndex(java.util.List, org.apache.hudi.table.action.HoodieWriteMetadata)	73	org.apache.hudi.table.action.commit.BaseJavaCommitActionExecutor.updateIndex(java.util.List, org.apache.hudi.table.action.HoodieWriteMetadata):::EXIT	this.instantFileNameParser.getClass().getName() != orig(writeStatuses.getClass().getName())	INVALID	
hudi	org.apache.hudi.table.action.commit.BaseJavaCommitActionExecutor.updateIndex(java.util.List, org.apache.hudi.table.action.HoodieWriteMetadata)	74	org.apache.hudi.table.action.commit.BaseJavaCommitActionExecutor.updateIndex(java.util.List, org.apache.hudi.table.action.HoodieWriteMetadata):::EXIT	this.instantFileNameGenerator.getClass().getName() != return.getClass().getName()	VALID	!this.instantFileNameGenerator.getClass().getName().equals(result.getClass().getName())
hudi	org.apache.hudi.table.action.commit.BaseJavaCommitActionExecutor.updateIndex(java.util.List, org.apache.hudi.table.action.HoodieWriteMetadata)	75	org.apache.hudi.table.action.commit.BaseJavaCommitActionExecutor.updateIndex(java.util.List, org.apache.hudi.table.action.HoodieWriteMetadata):::EXIT	this.instantFileNameGenerator.getClass().getName() != orig(this.getClass().getName())	INVALID	
hudi	org.apache.hudi.table.action.commit.BaseJavaCommitActionExecutor.updateIndex(java.util.List, org.apache.hudi.table.action.HoodieWriteMetadata)	76	org.apache.hudi.table.action.commit.BaseJavaCommitActionExecutor.updateIndex(java.util.List, org.apache.hudi.table.action.HoodieWriteMetadata):::EXIT	this.instantFileNameGenerator.getClass().getName() != orig(writeStatuses.getClass().getName())	INVALID	
hudi	org.apache.hudi.table.action.commit.BaseJavaCommitActionExecutor.updateIndex(java.util.List, org.apache.hudi.table.action.HoodieWriteMetadata)	77	org.apache.hudi.table.action.commit.BaseJavaCommitActionExecutor.updateIndex(java.util.List, org.apache.hudi.table.action.HoodieWriteMetadata):::EXIT	return.getClass().getName() != orig(this.getClass().getName())	INVALID	
spring	org.springframework.core.convert.support.NumberToDataSizeConverter.convert(java.lang.Number)	1	org.springframework.core.convert.support.NumberToDataSizeConverter.convert(java.lang.Number):::ENTER	this has only one value	INVALID	
spring	org.springframework.core.convert.support.StringToArrayConverter.matches(org.springframework.core.convert.TypeDescriptor, org.springframework.core.convert.TypeDescriptor)	1	org.springframework.core.convert.support.StringToArrayConverter.matches(org.springframework.core.convert.TypeDescriptor, org.springframework.core.convert.TypeDescriptor):::ENTER	sourceType has only one value	INVALID	
spring	org.springframework.core.convert.support.StringToArrayConverter.matches(org.springframework.core.convert.TypeDescriptor, org.springframework.core.convert.TypeDescriptor)	2	org.springframework.core.convert.support.StringToArrayConverter.matches(org.springframework.core.convert.TypeDescriptor, org.springframework.core.convert.TypeDescriptor):::EXIT	this.conversionService == orig(this.conversionService)	INVALID	
spring	org.springframework.core.convert.support.StringToArrayConverter.matches(org.springframework.core.convert.TypeDescriptor, org.springframework.core.convert.TypeDescriptor)	3	org.springframework.core.convert.support.StringToArrayConverter.matches(org.springframework.core.convert.TypeDescriptor, org.springframework.core.convert.TypeDescriptor):::EXIT	this.conversionService.getClass().getName() == orig(this.conversionService.getClass().getName())	INVALID	
spring	org.springframework.core.convert.support.StringToArrayConverter.matches(org.springframework.core.convert.TypeDescriptor, org.springframework.core.convert.TypeDescriptor)	4	org.springframework.core.convert.support.StringToArrayConverter.matches(org.springframework.core.convert.TypeDescriptor, org.springframework.core.convert.TypeDescriptor):::EXIT	(return == false)  ==>  (orig(targetType) has only one value)	INVALID	
spring	org.springframework.core.convert.support.StringToArrayConverter.matches(org.springframework.core.convert.TypeDescriptor, org.springframework.core.convert.TypeDescriptor)	5	org.springframework.core.convert.support.StringToArrayConverter.matches(org.springframework.core.convert.TypeDescriptor, org.springframework.core.convert.TypeDescriptor):::EXIT	(return == false)  ==>  (orig(this) has only one value)	INVALID	
spring	org.springframework.core.convert.support.StringToArrayConverter.matches(org.springframework.core.convert.TypeDescriptor, org.springframework.core.convert.TypeDescriptor)	6	org.springframework.core.convert.support.StringToArrayConverter.matches(org.springframework.core.convert.TypeDescriptor, org.springframework.core.convert.TypeDescriptor):::EXIT	(return == false)  ==>  (this.conversionService has only one value)	INVALID	
spring	org.springframework.core.convert.support.StringToArrayConverter.matches(org.springframework.core.convert.TypeDescriptor, org.springframework.core.convert.TypeDescriptor)	7	org.springframework.core.convert.support.StringToArrayConverter.matches(org.springframework.core.convert.TypeDescriptor, org.springframework.core.convert.TypeDescriptor):::EXIT	(return == false)  ==>  (this.conversionService.getClass().getName() == org.springframework.core.convert.support.GenericConversionService.class)	VALID	result || (this.conversionService.getClass() == org.springframework.core.convert.support.GenericConversionService.class)
spring	org.springframework.core.convert.support.StringToArrayConverter.matches(org.springframework.core.convert.TypeDescriptor, org.springframework.core.convert.TypeDescriptor)	8	"org.springframework.core.convert.support.StringToArrayConverter.matches(org.springframework.core.convert.TypeDescriptor, org.springframework.core.convert.TypeDescriptor):::EXIT;condition=""return == true"""	return == true	VALID	result == true
spring	org.springframework.core.convert.support.StringToArrayConverter.matches(org.springframework.core.convert.TypeDescriptor, org.springframework.core.convert.TypeDescriptor)	9	"org.springframework.core.convert.support.StringToArrayConverter.matches(org.springframework.core.convert.TypeDescriptor, org.springframework.core.convert.TypeDescriptor):::EXIT;condition=""not(return == true)"""	this.conversionService has only one value	INVALID	
spring	org.springframework.core.convert.support.StringToArrayConverter.matches(org.springframework.core.convert.TypeDescriptor, org.springframework.core.convert.TypeDescriptor)	10	"org.springframework.core.convert.support.StringToArrayConverter.matches(org.springframework.core.convert.TypeDescriptor, org.springframework.core.convert.TypeDescriptor):::EXIT;condition=""not(return == true)"""	this.conversionService.getClass().getName() == org.springframework.core.convert.support.GenericConversionService.class	VALID	this.conversionService.getClass() == org.springframework.core.convert.support.GenericConversionService.class
spring	org.springframework.core.convert.support.StringToArrayConverter.matches(org.springframework.core.convert.TypeDescriptor, org.springframework.core.convert.TypeDescriptor)	11	"org.springframework.core.convert.support.StringToArrayConverter.matches(org.springframework.core.convert.TypeDescriptor, org.springframework.core.convert.TypeDescriptor):::EXIT;condition=""not(return == true)"""	return == false	VALID	result == false
spring	org.springframework.core.convert.support.StringToArrayConverter.matches(org.springframework.core.convert.TypeDescriptor, org.springframework.core.convert.TypeDescriptor)	12	"org.springframework.core.convert.support.StringToArrayConverter.matches(org.springframework.core.convert.TypeDescriptor, org.springframework.core.convert.TypeDescriptor):::EXIT;condition=""not(return == true)"""	orig(this) has only one value	INVALID	
spring	org.springframework.core.convert.support.StringToArrayConverter.matches(org.springframework.core.convert.TypeDescriptor, org.springframework.core.convert.TypeDescriptor)	13	"org.springframework.core.convert.support.StringToArrayConverter.matches(org.springframework.core.convert.TypeDescriptor, org.springframework.core.convert.TypeDescriptor):::EXIT;condition=""not(return == true)"""	orig(targetType) has only one value	INVALID	
spring	org.springframework.core.convert.ConversionService.convert(java.lang.Object, org.springframework.core.convert.TypeDescriptor)	1	org.springframework.core.convert.ConversionService.convert(java.lang.Object, org.springframework.core.convert.TypeDescriptor):::ENTER	source != null	VALID	source != null
spring	org.springframework.core.convert.ConversionService.convert(java.lang.Object, org.springframework.core.convert.TypeDescriptor)	2	org.springframework.core.convert.ConversionService.convert(java.lang.Object, org.springframework.core.convert.TypeDescriptor):::ENTER	targetType != null	VALID	targetType != null
spring	org.springframework.core.convert.ConversionService.convert(java.lang.Object, org.springframework.core.convert.TypeDescriptor)	3	org.springframework.core.convert.ConversionService.convert(java.lang.Object, org.springframework.core.convert.TypeDescriptor):::ENTER	this.getClass().getName() != source.getClass().getName()	VALID	!this.getClass().getName().equals(source.getClass().getName())
spring	org.springframework.core.convert.ConversionService.convert(java.lang.Object, org.springframework.core.convert.TypeDescriptor)	4	org.springframework.core.convert.ConversionService.convert(java.lang.Object, org.springframework.core.convert.TypeDescriptor):::EXIT	return != null	VALID	result != null
spring	org.springframework.core.convert.ConversionService.convert(java.lang.Object, org.springframework.core.convert.TypeDescriptor)	5	org.springframework.core.convert.ConversionService.convert(java.lang.Object, org.springframework.core.convert.TypeDescriptor):::EXIT	return.getClass().getName() != orig(this.getClass().getName())	INVALID	
spring	org.springframework.core.convert.support.StringToPropertiesConverter.convert(java.lang.String)	1	org.springframework.core.convert.support.StringToPropertiesConverter.convert(java.lang.String):::ENTER	"source.toString one of { ""   foo=bar\n    bar=baz\n     baz=boo"", ""a=b\nc=2\nd="" }"	VALID	"""   foo=bar\n    bar=baz\n     baz=boo"".equals(source) || ""a=b\nc=2\nd="".equals(source)"
spring	org.springframework.core.convert.support.StringToPropertiesConverter.convert(java.lang.String)	2	org.springframework.core.convert.support.StringToPropertiesConverter.convert(java.lang.String):::EXIT	source.toString == orig(source.toString)	INVALID	
spring	org.springframework.core.convert.support.StringToPropertiesConverter.convert(java.lang.String)	3	org.springframework.core.convert.support.StringToPropertiesConverter.convert(java.lang.String):::EXIT	"source.toString one of { ""   foo=bar\n    bar=baz\n     baz=boo"", ""a=b\nc=2\nd="" }"	VALID	"""   foo=bar\n    bar=baz\n     baz=boo"".equals(source) || ""a=b\nc=2\nd="".equals(source)"
spring	org.springframework.core.convert.support.StreamConverter.convertToStream(java.lang.Object, org.springframework.core.convert.TypeDescriptor, org.springframework.core.convert.TypeDescriptor)	1	org.springframework.core.convert.support.StreamConverter.convertToStream(java.lang.Object, org.springframework.core.convert.TypeDescriptor, org.springframework.core.convert.TypeDescriptor):::EXIT	org.springframework.core.convert.support.StreamConverter.STREAM_TYPE == orig(org.springframework.core.convert.support.StreamConverter.STREAM_TYPE)	INVALID	
spring	org.springframework.core.convert.support.StreamConverter.convertToStream(java.lang.Object, org.springframework.core.convert.TypeDescriptor, org.springframework.core.convert.TypeDescriptor)	2	org.springframework.core.convert.support.StreamConverter.convertToStream(java.lang.Object, org.springframework.core.convert.TypeDescriptor, org.springframework.core.convert.TypeDescriptor):::EXIT	org.springframework.core.convert.support.StreamConverter.CONVERTIBLE_TYPES == orig(org.springframework.core.convert.support.StreamConverter.CONVERTIBLE_TYPES)	INVALID	
spring	org.springframework.core.convert.support.StreamConverter.convertToStream(java.lang.Object, org.springframework.core.convert.TypeDescriptor, org.springframework.core.convert.TypeDescriptor)	3	org.springframework.core.convert.support.StreamConverter.convertToStream(java.lang.Object, org.springframework.core.convert.TypeDescriptor, org.springframework.core.convert.TypeDescriptor):::EXIT	org.springframework.core.convert.support.StreamConverter.CONVERTIBLE_TYPES.getClass().getName() == orig(org.springframework.core.convert.support.StreamConverter.CONVERTIBLE_TYPES.getClass().getName())	INVALID	
spring	org.springframework.core.convert.support.StreamConverter.convertToStream(java.lang.Object, org.springframework.core.convert.TypeDescriptor, org.springframework.core.convert.TypeDescriptor)	4	org.springframework.core.convert.support.StreamConverter.convertToStream(java.lang.Object, org.springframework.core.convert.TypeDescriptor, org.springframework.core.convert.TypeDescriptor):::EXIT	this.conversionService == orig(this.conversionService)	INVALID	
spring	org.springframework.core.convert.support.StreamConverter.convertToStream(java.lang.Object, org.springframework.core.convert.TypeDescriptor, org.springframework.core.convert.TypeDescriptor)	5	org.springframework.core.convert.support.StreamConverter.convertToStream(java.lang.Object, org.springframework.core.convert.TypeDescriptor, org.springframework.core.convert.TypeDescriptor):::EXIT	this.conversionService.getClass().getName() == orig(this.conversionService.getClass().getName())	INVALID	
spring	org.springframework.core.convert.support.StreamConverter.convertToStream(java.lang.Object, org.springframework.core.convert.TypeDescriptor, org.springframework.core.convert.TypeDescriptor)	6	org.springframework.core.convert.support.StreamConverter.convertToStream(java.lang.Object, org.springframework.core.convert.TypeDescriptor, org.springframework.core.convert.TypeDescriptor):::EXIT	return.getClass().getName() == java.util.stream.ReferencePipeline$Head.class	VALID	"result.getClass().getName().equals(""java.util.stream.ReferencePipeline$Head"")"
spring	org.springframework.core.convert.support.ObjectToCollectionConverter.getConvertibleTypes()	1	org.springframework.core.convert.support.ObjectToCollectionConverter.getConvertibleTypes():::EXIT	this.conversionService == orig(this.conversionService)	INVALID	
spring	org.springframework.core.convert.support.ObjectToCollectionConverter.getConvertibleTypes()	2	org.springframework.core.convert.support.ObjectToCollectionConverter.getConvertibleTypes():::EXIT	this.conversionService.getClass().getName() == orig(this.conversionService.getClass().getName())	INVALID	
spring	org.springframework.core.convert.support.ObjectToCollectionConverter.getConvertibleTypes()	3	org.springframework.core.convert.support.ObjectToCollectionConverter.getConvertibleTypes():::EXIT	return != null	VALID	result != null
spring	org.springframework.core.convert.support.ObjectToCollectionConverter.getConvertibleTypes()	4	org.springframework.core.convert.support.ObjectToCollectionConverter.getConvertibleTypes():::EXIT	return.getClass().getName() == java.util.Collections$SingletonSet.class	VALID	"""java.util.Collections$SingletonSet"".equals(result.getClass().getName())"
spring	org.springframework.core.convert.support.ObjectToCollectionConverter.getConvertibleTypes()	5	org.springframework.core.convert.support.ObjectToCollectionConverter.getConvertibleTypes():::EXIT	this.conversionService.getClass().getName() != return.getClass().getName()	VALID	!this.conversionService.getClass().getName().equals(result.getClass().getName())
spring	org.springframework.core.convert.support.IdToEntityConverter.getEntityName(java.lang.Class)	1	org.springframework.core.convert.support.IdToEntityConverter.getEntityName(java.lang.Class):::ENTER	entityClass != null	VALID	entityClass != null
spring	org.springframework.core.convert.support.IdToEntityConverter.getEntityName(java.lang.Class)	2	org.springframework.core.convert.support.IdToEntityConverter.getEntityName(java.lang.Class):::EXIT106	this.conversionService.getClass().getName() == org.springframework.core.convert.support.DefaultConversionService.class	VALID	this.conversionService.getClass() == org.springframework.core.convert.support.DefaultConversionService.class
spring	org.springframework.core.convert.support.IdToEntityConverter.getEntityName(java.lang.Class)	3	org.springframework.core.convert.support.IdToEntityConverter.getEntityName(java.lang.Class):::EXIT	this.conversionService == orig(this.conversionService)	INVALID	
spring	org.springframework.core.convert.support.IdToEntityConverter.getEntityName(java.lang.Class)	4	org.springframework.core.convert.support.IdToEntityConverter.getEntityName(java.lang.Class):::EXIT	this.conversionService.getClass().getName() == orig(this.conversionService.getClass().getName())	INVALID	
spring	org.springframework.core.convert.support.IdToEntityConverter.getEntityName(java.lang.Class)	5	org.springframework.core.convert.support.IdToEntityConverter.getEntityName(java.lang.Class):::EXIT	return != null	VALID	result != null
spring	org.springframework.core.convert.support.AbstractConditionalEnumConverter.matches(org.springframework.core.convert.TypeDescriptor, org.springframework.core.convert.TypeDescriptor)	1	org.springframework.core.convert.support.AbstractConditionalEnumConverter.matches(org.springframework.core.convert.TypeDescriptor, org.springframework.core.convert.TypeDescriptor):::EXIT	this.conversionService == orig(this.conversionService)	INVALID	
spring	org.springframework.core.convert.support.AbstractConditionalEnumConverter.matches(org.springframework.core.convert.TypeDescriptor, org.springframework.core.convert.TypeDescriptor)	2	org.springframework.core.convert.support.AbstractConditionalEnumConverter.matches(org.springframework.core.convert.TypeDescriptor, org.springframework.core.convert.TypeDescriptor):::EXIT	this.conversionService.getClass().getName() == orig(this.conversionService.getClass().getName())	INVALID	
spring	org.springframework.core.convert.support.AbstractConditionalEnumConverter.matches(org.springframework.core.convert.TypeDescriptor, org.springframework.core.convert.TypeDescriptor)	3	org.springframework.core.convert.support.AbstractConditionalEnumConverter.matches(org.springframework.core.convert.TypeDescriptor, org.springframework.core.convert.TypeDescriptor):::EXIT	return == true	VALID	result == true
spring	org.springframework.core.convert.support.ObjectToCollectionConverter.matches(org.springframework.core.convert.TypeDescriptor, org.springframework.core.convert.TypeDescriptor)	1	org.springframework.core.convert.support.ObjectToCollectionConverter.matches(org.springframework.core.convert.TypeDescriptor, org.springframework.core.convert.TypeDescriptor):::EXIT	this.conversionService == orig(this.conversionService)	INVALID	
spring	org.springframework.core.convert.support.ObjectToCollectionConverter.matches(org.springframework.core.convert.TypeDescriptor, org.springframework.core.convert.TypeDescriptor)	2	org.springframework.core.convert.support.ObjectToCollectionConverter.matches(org.springframework.core.convert.TypeDescriptor, org.springframework.core.convert.TypeDescriptor):::EXIT	this.conversionService.getClass().getName() == orig(this.conversionService.getClass().getName())	INVALID	
spring	org.springframework.core.convert.support.ObjectToCollectionConverter.matches(org.springframework.core.convert.TypeDescriptor, org.springframework.core.convert.TypeDescriptor)	3	org.springframework.core.convert.support.ObjectToCollectionConverter.matches(org.springframework.core.convert.TypeDescriptor, org.springframework.core.convert.TypeDescriptor):::EXIT	return == true	VALID	result == true
spring	org.springframework.core.convert.support.EnumToStringConverter.convert(java.lang.Enum)	1	org.springframework.core.convert.support.EnumToStringConverter.convert(java.lang.Enum):::EXIT	this.conversionService == orig(this.conversionService)	INVALID	
spring	org.springframework.core.convert.support.EnumToStringConverter.convert(java.lang.Enum)	2	org.springframework.core.convert.support.EnumToStringConverter.convert(java.lang.Enum):::EXIT	this.conversionService.getClass().getName() == orig(this.conversionService.getClass().getName())	INVALID	
spring	org.springframework.core.convert.support.EnumToStringConverter.convert(java.lang.Enum)	3	org.springframework.core.convert.support.EnumToStringConverter.convert(java.lang.Enum):::EXIT	"return.toString one of { ""A"", ""BAR"", ""FIRST"" }"	VALID	"""A"".equals(result) || ""BAR"".equals(result) || ""FIRST"".equals(result)"
libgdx	com.badlogic.gdx.utils.CharArray.add(char, char)	1	com.badlogic.gdx.utils.CharArray.add(char, char):::ENTER	this has only one value	INVALID	
libgdx	com.badlogic.gdx.utils.CharArray.add(char, char)	2	com.badlogic.gdx.utils.CharArray.add(char, char):::ENTER	this.items has only one value	INVALID	
libgdx	com.badlogic.gdx.utils.CharArray.add(char, char)	3	com.badlogic.gdx.utils.CharArray.add(char, char):::ENTER	this.items[] == [97, 0, 0, 0, 0, 0, 0, 0, 0, 0, 0, 0, 0, 0, 0, 0]	VALID	java.util.Arrays.equals(this.items, new char[] {97, 0, 0, 0, 0, 0, 0, 0, 0, 0, 0, 0, 0, 0, 0, 0})
libgdx	com.badlogic.gdx.utils.CharArray.add(char, char)	4	com.badlogic.gdx.utils.CharArray.add(char, char):::ENTER	this.items[] elements one of { 0, 97 }	VALID	java.util.stream.IntStream.range(0, this.items.length).allMatch(i -> this.items[i] == 0 || this.items[i] == 97)
libgdx	com.badlogic.gdx.utils.CharArray.add(char, char)	5	com.badlogic.gdx.utils.CharArray.add(char, char):::ENTER	this.size == 1	VALID	this.size == 1
libgdx	com.badlogic.gdx.utils.CharArray.add(char, char)	6	com.badlogic.gdx.utils.CharArray.add(char, char):::ENTER	this.ordered == true	VALID	this.ordered == true
libgdx	com.badlogic.gdx.utils.CharArray.add(char, char)	7	com.badlogic.gdx.utils.CharArray.add(char, char):::ENTER	value1 == 98	VALID	value1 == 98
libgdx	com.badlogic.gdx.utils.CharArray.add(char, char)	8	com.badlogic.gdx.utils.CharArray.add(char, char):::ENTER	value2 == 99	VALID	value2 == 99
libgdx	com.badlogic.gdx.utils.CharArray.add(char, char)	9	com.badlogic.gdx.utils.CharArray.add(char, char):::EXIT	com.badlogic.gdx.utils.CharArray.NULL == orig(com.badlogic.gdx.utils.CharArray.NULL)	INVALID	
libgdx	com.badlogic.gdx.utils.CharArray.add(char, char)	10	com.badlogic.gdx.utils.CharArray.add(char, char):::EXIT	com.badlogic.gdx.utils.CharArray.NULL.toString == orig(com.badlogic.gdx.utils.CharArray.NULL.toString)	INVALID	
libgdx	com.badlogic.gdx.utils.CharArray.add(char, char)	11	com.badlogic.gdx.utils.CharArray.add(char, char):::EXIT	com.badlogic.gdx.utils.CharArray.DIGITS == orig(com.badlogic.gdx.utils.CharArray.DIGITS)	INVALID	
libgdx	com.badlogic.gdx.utils.CharArray.add(char, char)	12	com.badlogic.gdx.utils.CharArray.add(char, char):::EXIT	com.badlogic.gdx.utils.CharArray.DIGITS[] == orig(com.badlogic.gdx.utils.CharArray.DIGITS[])	INVALID	
libgdx	com.badlogic.gdx.utils.CharArray.add(char, char)	13	com.badlogic.gdx.utils.CharArray.add(char, char):::EXIT	this.items == orig(this.items)	INVALID	
libgdx	com.badlogic.gdx.utils.CharArray.add(char, char)	14	com.badlogic.gdx.utils.CharArray.add(char, char):::EXIT	this.ordered == orig(this.ordered)	INVALID	
libgdx	com.badlogic.gdx.utils.CharArray.add(char, char)	15	com.badlogic.gdx.utils.CharArray.add(char, char):::EXIT	this.items has only one value	INVALID	
libgdx	com.badlogic.gdx.utils.CharArray.add(char, char)	16	com.badlogic.gdx.utils.CharArray.add(char, char):::EXIT	this.items[] == [97, 98, 99, 0, 0, 0, 0, 0, 0, 0, 0, 0, 0, 0, 0, 0]	VALID	java.util.Arrays.equals(this.items, new char[] {97, 98, 99, 0, 0, 0, 0, 0, 0, 0, 0, 0, 0, 0, 0, 0})
libgdx	com.badlogic.gdx.utils.CharArray.add(char, char)	17	com.badlogic.gdx.utils.CharArray.add(char, char):::EXIT	this.size == 3	VALID	this.size == 3
libgdx	com.badlogic.gdx.utils.CharArray.add(char, char)	18	com.badlogic.gdx.utils.CharArray.add(char, char):::EXIT	this.ordered == true	VALID	this.ordered == true
libgdx	com.badlogic.gdx.utils.CharArray.add(char, char)	19	com.badlogic.gdx.utils.CharArray.add(char, char):::EXIT	orig(value1) in this.items[]	INVALID	
libgdx	com.badlogic.gdx.utils.CharArray.add(char, char)	20	com.badlogic.gdx.utils.CharArray.add(char, char):::EXIT	orig(value2) in this.items[]	INVALID	
libgdx	com.badlogic.gdx.utils.JsonValue.getString(java.lang.String, java.lang.String)	1	com.badlogic.gdx.utils.JsonValue.getString(java.lang.String, java.lang.String):::ENTER	this.stringValue == this.name	VALID	java.util.Objects.equals(this.stringValue, this.name)
libgdx	com.badlogic.gdx.utils.JsonValue.getString(java.lang.String, java.lang.String)	2	com.badlogic.gdx.utils.JsonValue.getString(java.lang.String, java.lang.String):::ENTER	this.stringValue == defaultValue	VALID	java.util.Objects.equals(this.stringValue, defaultValue)
libgdx	com.badlogic.gdx.utils.JsonValue.getString(java.lang.String, java.lang.String)	3	com.badlogic.gdx.utils.JsonValue.getString(java.lang.String, java.lang.String):::ENTER	this.parent == this.next	VALID	this.parent == this.next
libgdx	com.badlogic.gdx.utils.JsonValue.getString(java.lang.String, java.lang.String)	4	com.badlogic.gdx.utils.JsonValue.getString(java.lang.String, java.lang.String):::ENTER	this.parent == this.prev	VALID	this.parent == this.prev
libgdx	com.badlogic.gdx.utils.JsonValue.getString(java.lang.String, java.lang.String)	5	com.badlogic.gdx.utils.JsonValue.getString(java.lang.String, java.lang.String):::ENTER	this.type has only one value	INVALID	
libgdx	com.badlogic.gdx.utils.JsonValue.getString(java.lang.String, java.lang.String)	6	com.badlogic.gdx.utils.JsonValue.getString(java.lang.String, java.lang.String):::ENTER	this.stringValue == null	VALID	this.stringValue == null
libgdx	com.badlogic.gdx.utils.JsonValue.getString(java.lang.String, java.lang.String)	7	com.badlogic.gdx.utils.JsonValue.getString(java.lang.String, java.lang.String):::ENTER	this.doubleValue == 0.0	VALID	this.doubleValue == 0.0
libgdx	com.badlogic.gdx.utils.JsonValue.getString(java.lang.String, java.lang.String)	8	com.badlogic.gdx.utils.JsonValue.getString(java.lang.String, java.lang.String):::ENTER	this.longValue == 0	VALID	this.longValue == 0
libgdx	com.badlogic.gdx.utils.JsonValue.getString(java.lang.String, java.lang.String)	9	com.badlogic.gdx.utils.JsonValue.getString(java.lang.String, java.lang.String):::ENTER	this.parent == null	VALID	this.parent == null
libgdx	com.badlogic.gdx.utils.JsonValue.getString(java.lang.String, java.lang.String)	10	com.badlogic.gdx.utils.JsonValue.getString(java.lang.String, java.lang.String):::ENTER	this.size == 2	VALID	this.size == 2
libgdx	com.badlogic.gdx.utils.JsonValue.getString(java.lang.String, java.lang.String)	11	com.badlogic.gdx.utils.JsonValue.getString(java.lang.String, java.lang.String):::ENTER	name has only one value	INVALID	
libgdx	com.badlogic.gdx.utils.JsonValue.getString(java.lang.String, java.lang.String)	12	com.badlogic.gdx.utils.JsonValue.getString(java.lang.String, java.lang.String):::ENTER	"name.toString == ""class"""	VALID	"""class"".equals(name)"
libgdx	com.badlogic.gdx.utils.JsonValue.getString(java.lang.String, java.lang.String)	13	com.badlogic.gdx.utils.JsonValue.getString(java.lang.String, java.lang.String):::EXIT	this.type == orig(this.type)	INVALID	
libgdx	com.badlogic.gdx.utils.JsonValue.getString(java.lang.String, java.lang.String)	14	com.badlogic.gdx.utils.JsonValue.getString(java.lang.String, java.lang.String):::EXIT	this.stringValue == return	VALID	java.util.Objects.equals(this.stringValue, result)
libgdx	com.badlogic.gdx.utils.JsonValue.getString(java.lang.String, java.lang.String)	15	com.badlogic.gdx.utils.JsonValue.getString(java.lang.String, java.lang.String):::EXIT	this.doubleValue == orig(this.doubleValue)	INVALID	
libgdx	com.badlogic.gdx.utils.JsonValue.getString(java.lang.String, java.lang.String)	16	com.badlogic.gdx.utils.JsonValue.getString(java.lang.String, java.lang.String):::EXIT	this.longValue == orig(this.longValue)	INVALID	
libgdx	com.badlogic.gdx.utils.JsonValue.getString(java.lang.String, java.lang.String)	17	com.badlogic.gdx.utils.JsonValue.getString(java.lang.String, java.lang.String):::EXIT	this.name == return	VALID	java.util.Objects.equals(this.name, result)
libgdx	com.badlogic.gdx.utils.JsonValue.getString(java.lang.String, java.lang.String)	18	com.badlogic.gdx.utils.JsonValue.getString(java.lang.String, java.lang.String):::EXIT	this.child == orig(this.child)	INVALID	
libgdx	com.badlogic.gdx.utils.JsonValue.getString(java.lang.String, java.lang.String)	19	com.badlogic.gdx.utils.JsonValue.getString(java.lang.String, java.lang.String):::EXIT	this.last == orig(this.last)	INVALID	
libgdx	com.badlogic.gdx.utils.JsonValue.getString(java.lang.String, java.lang.String)	20	com.badlogic.gdx.utils.JsonValue.getString(java.lang.String, java.lang.String):::EXIT	this.parent == this.next	VALID	this.parent == this.next
libgdx	com.badlogic.gdx.utils.JsonValue.getString(java.lang.String, java.lang.String)	21	com.badlogic.gdx.utils.JsonValue.getString(java.lang.String, java.lang.String):::EXIT	this.parent == this.prev	VALID	this.parent == this.prev
libgdx	com.badlogic.gdx.utils.JsonValue.getString(java.lang.String, java.lang.String)	22	com.badlogic.gdx.utils.JsonValue.getString(java.lang.String, java.lang.String):::EXIT	this.parent == orig(this.parent)	INVALID	
libgdx	com.badlogic.gdx.utils.JsonValue.getString(java.lang.String, java.lang.String)	23	com.badlogic.gdx.utils.JsonValue.getString(java.lang.String, java.lang.String):::EXIT	this.parent == orig(this.next)	INVALID	
libgdx	com.badlogic.gdx.utils.JsonValue.getString(java.lang.String, java.lang.String)	24	com.badlogic.gdx.utils.JsonValue.getString(java.lang.String, java.lang.String):::EXIT	this.parent == orig(this.prev)	INVALID	
libgdx	com.badlogic.gdx.utils.JsonValue.getString(java.lang.String, java.lang.String)	25	com.badlogic.gdx.utils.JsonValue.getString(java.lang.String, java.lang.String):::EXIT	this.size == orig(this.size)	INVALID	
libgdx	com.badlogic.gdx.utils.JsonValue.getString(java.lang.String, java.lang.String)	26	com.badlogic.gdx.utils.JsonValue.getString(java.lang.String, java.lang.String):::EXIT	name.toString == orig(name.toString)	INVALID	
libgdx	com.badlogic.gdx.utils.JsonValue.getString(java.lang.String, java.lang.String)	27	com.badlogic.gdx.utils.JsonValue.getString(java.lang.String, java.lang.String):::EXIT	return == orig(this.stringValue)	INVALID	
libgdx	com.badlogic.gdx.utils.JsonValue.getString(java.lang.String, java.lang.String)	28	com.badlogic.gdx.utils.JsonValue.getString(java.lang.String, java.lang.String):::EXIT	return == orig(this.name)	INVALID	
libgdx	com.badlogic.gdx.utils.JsonValue.getString(java.lang.String, java.lang.String)	29	com.badlogic.gdx.utils.JsonValue.getString(java.lang.String, java.lang.String):::EXIT	return == orig(defaultValue)	INVALID	
libgdx	com.badlogic.gdx.utils.JsonValue.getString(java.lang.String, java.lang.String)	30	com.badlogic.gdx.utils.JsonValue.getString(java.lang.String, java.lang.String):::EXIT	this.type has only one value	INVALID	
libgdx	com.badlogic.gdx.utils.JsonValue.getString(java.lang.String, java.lang.String)	31	com.badlogic.gdx.utils.JsonValue.getString(java.lang.String, java.lang.String):::EXIT	this.doubleValue == 0.0	VALID	this.doubleValue == 0.0
libgdx	com.badlogic.gdx.utils.JsonValue.getString(java.lang.String, java.lang.String)	32	com.badlogic.gdx.utils.JsonValue.getString(java.lang.String, java.lang.String):::EXIT	this.longValue == 0	VALID	this.longValue == 0
libgdx	com.badlogic.gdx.utils.JsonValue.getString(java.lang.String, java.lang.String)	33	com.badlogic.gdx.utils.JsonValue.getString(java.lang.String, java.lang.String):::EXIT	this.parent == null	VALID	this.parent == null
libgdx	com.badlogic.gdx.utils.JsonValue.getString(java.lang.String, java.lang.String)	34	com.badlogic.gdx.utils.JsonValue.getString(java.lang.String, java.lang.String):::EXIT	this.size == 2	VALID	this.size == 2
libgdx	com.badlogic.gdx.utils.JsonValue.getString(java.lang.String, java.lang.String)	35	com.badlogic.gdx.utils.JsonValue.getString(java.lang.String, java.lang.String):::EXIT	"name.toString == ""class"""	VALID	"""class"".equals(name)"
libgdx	com.badlogic.gdx.utils.JsonValue.getString(java.lang.String, java.lang.String)	36	com.badlogic.gdx.utils.JsonValue.getString(java.lang.String, java.lang.String):::EXIT	return == null	VALID	result == null
libgdx	com.badlogic.gdx.utils.CharArray.incr(int, char)	1	com.badlogic.gdx.utils.CharArray.incr(int, char):::ENTER	com.badlogic.gdx.utils.CharArray.FALSE_STRING_SIZE == this.size	VALID	com.badlogic.gdx.utils.CharArray.FALSE_STRING_SIZE == this.size
libgdx	com.badlogic.gdx.utils.CharArray.incr(int, char)	2	com.badlogic.gdx.utils.CharArray.incr(int, char):::ENTER	this has only one value	INVALID	
libgdx	com.badlogic.gdx.utils.CharArray.incr(int, char)	3	com.badlogic.gdx.utils.CharArray.incr(int, char):::ENTER	this.items has only one value	INVALID	
libgdx	com.badlogic.gdx.utils.CharArray.incr(int, char)	4	com.badlogic.gdx.utils.CharArray.incr(int, char):::ENTER	this.items[] == [65, 98, 90, 100, 101, 0, 0, 0, 0, 0, 0, 0, 0, 0, 0, 0]	VALID	java.util.Arrays.equals(this.items, new char[]{65, 98, 90, 100, 101, 0, 0, 0, 0, 0, 0, 0, 0, 0, 0, 0})
libgdx	com.badlogic.gdx.utils.CharArray.incr(int, char)	5	com.badlogic.gdx.utils.CharArray.incr(int, char):::ENTER	this.ordered == true	VALID	this.ordered == true
libgdx	com.badlogic.gdx.utils.CharArray.incr(int, char)	6	com.badlogic.gdx.utils.CharArray.incr(int, char):::ENTER	index == 0	VALID	index == 0
libgdx	com.badlogic.gdx.utils.CharArray.incr(int, char)	7	com.badlogic.gdx.utils.CharArray.incr(int, char):::ENTER	value == 1	VALID	value == 1
libgdx	com.badlogic.gdx.utils.CharArray.incr(int, char)	8	com.badlogic.gdx.utils.CharArray.incr(int, char):::ENTER	index in this.items[]	VALID	new String(this.items).chars().anyMatch(element -> element == index)
libgdx	com.badlogic.gdx.utils.CharArray.incr(int, char)	9	com.badlogic.gdx.utils.CharArray.incr(int, char):::EXIT	com.badlogic.gdx.utils.CharArray.FALSE_STRING_SIZE == this.size	VALID	com.badlogic.gdx.utils.CharArray.FALSE_STRING_SIZE == this.size
libgdx	com.badlogic.gdx.utils.CharArray.incr(int, char)	10	com.badlogic.gdx.utils.CharArray.incr(int, char):::EXIT	com.badlogic.gdx.utils.CharArray.NULL == orig(com.badlogic.gdx.utils.CharArray.NULL)	INVALID	
libgdx	com.badlogic.gdx.utils.CharArray.incr(int, char)	11	com.badlogic.gdx.utils.CharArray.incr(int, char):::EXIT	com.badlogic.gdx.utils.CharArray.NULL.toString == orig(com.badlogic.gdx.utils.CharArray.NULL.toString)	INVALID	
libgdx	com.badlogic.gdx.utils.CharArray.incr(int, char)	12	com.badlogic.gdx.utils.CharArray.incr(int, char):::EXIT	com.badlogic.gdx.utils.CharArray.DIGITS == orig(com.badlogic.gdx.utils.CharArray.DIGITS)	INVALID	
libgdx	com.badlogic.gdx.utils.CharArray.incr(int, char)	13	com.badlogic.gdx.utils.CharArray.incr(int, char):::EXIT	com.badlogic.gdx.utils.CharArray.DIGITS[] == orig(com.badlogic.gdx.utils.CharArray.DIGITS[])	INVALID	
libgdx	com.badlogic.gdx.utils.CharArray.incr(int, char)	14	com.badlogic.gdx.utils.CharArray.incr(int, char):::EXIT	this.items == orig(this.items)	INVALID	
libgdx	com.badlogic.gdx.utils.CharArray.incr(int, char)	15	com.badlogic.gdx.utils.CharArray.incr(int, char):::EXIT	this.ordered == orig(this.ordered)	INVALID	
libgdx	com.badlogic.gdx.utils.CharArray.incr(int, char)	16	com.badlogic.gdx.utils.CharArray.incr(int, char):::EXIT	this.items has only one value	INVALID	
libgdx	com.badlogic.gdx.utils.CharArray.incr(int, char)	17	com.badlogic.gdx.utils.CharArray.incr(int, char):::EXIT	this.items[] == [66, 98, 90, 100, 101, 0, 0, 0, 0, 0, 0, 0, 0, 0, 0, 0]	VALID	java.util.Arrays.equals(this.items, new char[]{66, 98, 90, 100, 101, 0, 0, 0, 0, 0, 0, 0, 0, 0, 0, 0})
libgdx	com.badlogic.gdx.utils.CharArray.incr(int, char)	18	com.badlogic.gdx.utils.CharArray.incr(int, char):::EXIT	this.ordered == true	VALID	this.ordered == true
libgdx	com.badlogic.gdx.utils.CharArray.incr(int, char)	19	com.badlogic.gdx.utils.CharArray.incr(int, char):::EXIT	orig(index) in this.items[]	INVALID	
libgdx	com.badlogic.gdx.utils.CharArray.substring(int, int)	1	com.badlogic.gdx.utils.CharArray.substring(int, int):::ENTER	this.items[] one of { [72, 101, 108, 108, 111, 32, 87, 111, 114, 108, 100, 33, 0, 0, 0, 0, 0, 0, 0, 0, 0, 0, 0, 0, 0, 0, 0, 0], [105, 72, 55357, 56832, 0, 0, 0, 0, 0, 0, 0, 0, 0, 0, 0, 0] }	VALID	java.util.Arrays.equals(this.items, new char[] {72, 101, 108, 108, 111, 32, 87, 111, 114, 108, 100, 33, 0, 0, 0, 0, 0, 0, 0, 0, 0, 0, 0, 0, 0, 0, 0, 0}) || java.util.Arrays.equals(this.items, new char[] {105, 72, 55357, 56832, 0, 0, 0, 0, 0, 0, 0, 0, 0, 0, 0, 0})
libgdx	com.badlogic.gdx.utils.CharArray.substring(int, int)	2	com.badlogic.gdx.utils.CharArray.substring(int, int):::ENTER	this.size one of { 4, 12 }	VALID	this.size == 4 || this.size == 12
libgdx	com.badlogic.gdx.utils.CharArray.substring(int, int)	3	com.badlogic.gdx.utils.CharArray.substring(int, int):::ENTER	this.ordered == true	VALID	this.ordered == true
libgdx	com.badlogic.gdx.utils.CharArray.substring(int, int)	4	com.badlogic.gdx.utils.CharArray.substring(int, int):::ENTER	start one of { 0, 6 }	VALID	start == 0 || start == 6
libgdx	com.badlogic.gdx.utils.CharArray.substring(int, int)	5	com.badlogic.gdx.utils.CharArray.substring(int, int):::EXIT	com.badlogic.gdx.utils.CharArray.NULL == orig(com.badlogic.gdx.utils.CharArray.NULL)	INVALID	
libgdx	com.badlogic.gdx.utils.CharArray.substring(int, int)	6	com.badlogic.gdx.utils.CharArray.substring(int, int):::EXIT	com.badlogic.gdx.utils.CharArray.NULL.toString == orig(com.badlogic.gdx.utils.CharArray.NULL.toString)	INVALID	
libgdx	com.badlogic.gdx.utils.CharArray.substring(int, int)	7	com.badlogic.gdx.utils.CharArray.substring(int, int):::EXIT	com.badlogic.gdx.utils.CharArray.DIGITS == orig(com.badlogic.gdx.utils.CharArray.DIGITS)	INVALID	
libgdx	com.badlogic.gdx.utils.CharArray.substring(int, int)	8	com.badlogic.gdx.utils.CharArray.substring(int, int):::EXIT	com.badlogic.gdx.utils.CharArray.DIGITS[] == orig(com.badlogic.gdx.utils.CharArray.DIGITS[])	INVALID	
libgdx	com.badlogic.gdx.utils.CharArray.substring(int, int)	9	com.badlogic.gdx.utils.CharArray.substring(int, int):::EXIT	this.items == orig(this.items)	INVALID	
libgdx	com.badlogic.gdx.utils.CharArray.substring(int, int)	10	com.badlogic.gdx.utils.CharArray.substring(int, int):::EXIT	this.items[] == orig(this.items[])	INVALID	
libgdx	com.badlogic.gdx.utils.CharArray.substring(int, int)	11	com.badlogic.gdx.utils.CharArray.substring(int, int):::EXIT	this.size == orig(this.size)	INVALID	
libgdx	com.badlogic.gdx.utils.CharArray.substring(int, int)	12	com.badlogic.gdx.utils.CharArray.substring(int, int):::EXIT	this.ordered == orig(this.ordered)	INVALID	
libgdx	com.badlogic.gdx.utils.CharArray.substring(int, int)	13	com.badlogic.gdx.utils.CharArray.substring(int, int):::EXIT	this.items[] one of { [72, 101, 108, 108, 111, 32, 87, 111, 114, 108, 100, 33, 0, 0, 0, 0, 0, 0, 0, 0, 0, 0, 0, 0, 0, 0, 0, 0], [105, 72, 55357, 56832, 0, 0, 0, 0, 0, 0, 0, 0, 0, 0, 0, 0] }	VALID	java.util.Arrays.equals(this.items, new char[] {72, 101, 108, 108, 111, 32, 87, 111, 114, 108, 100, 33, 0, 0, 0, 0, 0, 0, 0, 0, 0, 0, 0, 0, 0, 0, 0, 0}) || java.util.Arrays.equals(this.items, new char[] {105, 72, 55357, 56832, 0, 0, 0, 0, 0, 0, 0, 0, 0, 0, 0, 0})
libgdx	com.badlogic.gdx.utils.CharArray.substring(int, int)	14	com.badlogic.gdx.utils.CharArray.substring(int, int):::EXIT	this.size one of { 4, 12 }	VALID	this.size == 4 || this.size == 12
libgdx	com.badlogic.gdx.utils.CharArray.substring(int, int)	15	com.badlogic.gdx.utils.CharArray.substring(int, int):::EXIT	this.ordered == true	VALID	this.ordered == true
libgdx	com.badlogic.gdx.utils.LongArray.incr(int, long)	1	com.badlogic.gdx.utils.LongArray.incr(int, long):::ENTER	this has only one value	INVALID	
libgdx	com.badlogic.gdx.utils.LongArray.incr(int, long)	2	com.badlogic.gdx.utils.LongArray.incr(int, long):::ENTER	this.items has only one value	INVALID	
libgdx	com.badlogic.gdx.utils.LongArray.incr(int, long)	3	com.badlogic.gdx.utils.LongArray.incr(int, long):::ENTER	this.items[] == [3, 4, 5, 1, 56, 32]	VALID	java.util.Arrays.equals(this.items, new long[] {3L, 4L, 5L, 1L, 56L, 32L})
libgdx	com.badlogic.gdx.utils.LongArray.incr(int, long)	4	com.badlogic.gdx.utils.LongArray.incr(int, long):::ENTER	this.size == 6	VALID	this.size == 6
libgdx	com.badlogic.gdx.utils.LongArray.incr(int, long)	5	com.badlogic.gdx.utils.LongArray.incr(int, long):::ENTER	this.ordered == true	VALID	this.ordered == true
libgdx	com.badlogic.gdx.utils.LongArray.incr(int, long)	6	com.badlogic.gdx.utils.LongArray.incr(int, long):::ENTER	index == 3	VALID	index == 3
libgdx	com.badlogic.gdx.utils.LongArray.incr(int, long)	7	com.badlogic.gdx.utils.LongArray.incr(int, long):::ENTER	value == 45	VALID	value == 45L
libgdx	com.badlogic.gdx.utils.LongArray.incr(int, long)	8	com.badlogic.gdx.utils.LongArray.incr(int, long):::ENTER	index in this.items[]	VALID	java.util.Arrays.stream(this.items).anyMatch(element -> element == index)
libgdx	com.badlogic.gdx.utils.LongArray.incr(int, long)	9	com.badlogic.gdx.utils.LongArray.incr(int, long):::EXIT	this.items == orig(this.items)	INVALID	
libgdx	com.badlogic.gdx.utils.LongArray.incr(int, long)	10	com.badlogic.gdx.utils.LongArray.incr(int, long):::EXIT	this.size == orig(this.size)	INVALID	
libgdx	com.badlogic.gdx.utils.LongArray.incr(int, long)	11	com.badlogic.gdx.utils.LongArray.incr(int, long):::EXIT	this.ordered == orig(this.ordered)	INVALID	
libgdx	com.badlogic.gdx.utils.LongArray.incr(int, long)	12	com.badlogic.gdx.utils.LongArray.incr(int, long):::EXIT	this.items has only one value	INVALID	
libgdx	com.badlogic.gdx.utils.LongArray.incr(int, long)	13	com.badlogic.gdx.utils.LongArray.incr(int, long):::EXIT	this.items[] == [3, 4, 5, 46, 56, 32]	VALID	java.util.Arrays.equals(this.items, new long[] {3L, 4L, 5L, 46L, 56L, 32L})
libgdx	com.badlogic.gdx.utils.LongArray.incr(int, long)	14	com.badlogic.gdx.utils.LongArray.incr(int, long):::EXIT	this.size == 6	VALID	this.size == 6
libgdx	com.badlogic.gdx.utils.LongArray.incr(int, long)	15	com.badlogic.gdx.utils.LongArray.incr(int, long):::EXIT	this.ordered == true	VALID	this.ordered == true
libgdx	com.badlogic.gdx.utils.LongArray.incr(int, long)	16	com.badlogic.gdx.utils.LongArray.incr(int, long):::EXIT	orig(index) in this.items[]	INVALID	
libgdx	com.badlogic.gdx.utils.JsonReader.parse(char[], int, int)	1	com.badlogic.gdx.utils.JsonReader.parse(char[], int, int):::ENTER	com.badlogic.gdx.utils.JsonReader.json_error == offset	VALID	com.badlogic.gdx.utils.JsonReader.json_error == offset
libgdx	com.badlogic.gdx.utils.JsonReader.parse(char[], int, int)	2	com.badlogic.gdx.utils.JsonReader.parse(char[], int, int):::ENTER	this.root == this.current	VALID	this.root == this.current
libgdx	com.badlogic.gdx.utils.JsonReader.parse(char[], int, int)	3	com.badlogic.gdx.utils.JsonReader.parse(char[], int, int):::ENTER	this.root == null	VALID	this.root == null
libgdx	com.badlogic.gdx.utils.JsonReader.parse(char[], int, int)	4	com.badlogic.gdx.utils.JsonReader.parse(char[], int, int):::ENTER	data[] elements >= 0	VALID	true
libgdx	com.badlogic.gdx.utils.JsonReader.parse(char[], int, int)	5	com.badlogic.gdx.utils.JsonReader.parse(char[], int, int):::EXIT	com.badlogic.gdx.utils.JsonReader._json_actions == orig(com.badlogic.gdx.utils.JsonReader._json_actions)	INVALID	
libgdx	com.badlogic.gdx.utils.JsonReader.parse(char[], int, int)	6	com.badlogic.gdx.utils.JsonReader.parse(char[], int, int):::EXIT	com.badlogic.gdx.utils.JsonReader._json_actions[] == orig(com.badlogic.gdx.utils.JsonReader._json_actions[])	INVALID	
libgdx	com.badlogic.gdx.utils.JsonReader.parse(char[], int, int)	7	com.badlogic.gdx.utils.JsonReader.parse(char[], int, int):::EXIT	com.badlogic.gdx.utils.JsonReader._json_key_offsets == orig(com.badlogic.gdx.utils.JsonReader._json_key_offsets)	INVALID	
libgdx	com.badlogic.gdx.utils.JsonReader.parse(char[], int, int)	8	com.badlogic.gdx.utils.JsonReader.parse(char[], int, int):::EXIT	com.badlogic.gdx.utils.JsonReader._json_key_offsets[] == orig(com.badlogic.gdx.utils.JsonReader._json_key_offsets[])	INVALID	
libgdx	com.badlogic.gdx.utils.JsonReader.parse(char[], int, int)	9	com.badlogic.gdx.utils.JsonReader.parse(char[], int, int):::EXIT	com.badlogic.gdx.utils.JsonReader._json_trans_keys == orig(com.badlogic.gdx.utils.JsonReader._json_trans_keys)	INVALID	
libgdx	com.badlogic.gdx.utils.JsonReader.parse(char[], int, int)	10	com.badlogic.gdx.utils.JsonReader.parse(char[], int, int):::EXIT	com.badlogic.gdx.utils.JsonReader._json_trans_keys[] == orig(com.badlogic.gdx.utils.JsonReader._json_trans_keys[])	INVALID	
libgdx	com.badlogic.gdx.utils.JsonReader.parse(char[], int, int)	11	com.badlogic.gdx.utils.JsonReader.parse(char[], int, int):::EXIT	com.badlogic.gdx.utils.JsonReader._json_single_lengths == orig(com.badlogic.gdx.utils.JsonReader._json_single_lengths)	INVALID	
libgdx	com.badlogic.gdx.utils.JsonReader.parse(char[], int, int)	12	com.badlogic.gdx.utils.JsonReader.parse(char[], int, int):::EXIT	com.badlogic.gdx.utils.JsonReader._json_single_lengths[] == orig(com.badlogic.gdx.utils.JsonReader._json_single_lengths[])	INVALID	
libgdx	com.badlogic.gdx.utils.JsonReader.parse(char[], int, int)	13	com.badlogic.gdx.utils.JsonReader.parse(char[], int, int):::EXIT	com.badlogic.gdx.utils.JsonReader._json_range_lengths == orig(com.badlogic.gdx.utils.JsonReader._json_range_lengths)	INVALID	
libgdx	com.badlogic.gdx.utils.JsonReader.parse(char[], int, int)	14	com.badlogic.gdx.utils.JsonReader.parse(char[], int, int):::EXIT	com.badlogic.gdx.utils.JsonReader._json_range_lengths[] == orig(com.badlogic.gdx.utils.JsonReader._json_range_lengths[])	INVALID	
libgdx	com.badlogic.gdx.utils.JsonReader.parse(char[], int, int)	15	com.badlogic.gdx.utils.JsonReader.parse(char[], int, int):::EXIT	com.badlogic.gdx.utils.JsonReader._json_index_offsets == orig(com.badlogic.gdx.utils.JsonReader._json_index_offsets)	INVALID	
libgdx	com.badlogic.gdx.utils.JsonReader.parse(char[], int, int)	16	com.badlogic.gdx.utils.JsonReader.parse(char[], int, int):::EXIT	com.badlogic.gdx.utils.JsonReader._json_index_offsets[] == orig(com.badlogic.gdx.utils.JsonReader._json_index_offsets[])	INVALID	
libgdx	com.badlogic.gdx.utils.JsonReader.parse(char[], int, int)	17	com.badlogic.gdx.utils.JsonReader.parse(char[], int, int):::EXIT	com.badlogic.gdx.utils.JsonReader._json_indicies == orig(com.badlogic.gdx.utils.JsonReader._json_indicies)	INVALID	
libgdx	com.badlogic.gdx.utils.JsonReader.parse(char[], int, int)	18	com.badlogic.gdx.utils.JsonReader.parse(char[], int, int):::EXIT	com.badlogic.gdx.utils.JsonReader._json_indicies[] == orig(com.badlogic.gdx.utils.JsonReader._json_indicies[])	INVALID	
libgdx	com.badlogic.gdx.utils.JsonReader.parse(char[], int, int)	19	com.badlogic.gdx.utils.JsonReader.parse(char[], int, int):::EXIT	com.badlogic.gdx.utils.JsonReader._json_trans_targs == orig(com.badlogic.gdx.utils.JsonReader._json_trans_targs)	INVALID	
libgdx	com.badlogic.gdx.utils.JsonReader.parse(char[], int, int)	20	com.badlogic.gdx.utils.JsonReader.parse(char[], int, int):::EXIT	com.badlogic.gdx.utils.JsonReader._json_trans_targs[] == orig(com.badlogic.gdx.utils.JsonReader._json_trans_targs[])	INVALID	
libgdx	com.badlogic.gdx.utils.JsonReader.parse(char[], int, int)	21	com.badlogic.gdx.utils.JsonReader.parse(char[], int, int):::EXIT	com.badlogic.gdx.utils.JsonReader._json_trans_actions == orig(com.badlogic.gdx.utils.JsonReader._json_trans_actions)	INVALID	
libgdx	com.badlogic.gdx.utils.JsonReader.parse(char[], int, int)	22	com.badlogic.gdx.utils.JsonReader.parse(char[], int, int):::EXIT	com.badlogic.gdx.utils.JsonReader._json_trans_actions[] == orig(com.badlogic.gdx.utils.JsonReader._json_trans_actions[])	INVALID	
libgdx	com.badlogic.gdx.utils.JsonReader.parse(char[], int, int)	23	com.badlogic.gdx.utils.JsonReader.parse(char[], int, int):::EXIT	com.badlogic.gdx.utils.JsonReader._json_eof_actions == orig(com.badlogic.gdx.utils.JsonReader._json_eof_actions)	INVALID	
libgdx	com.badlogic.gdx.utils.JsonReader.parse(char[], int, int)	24	com.badlogic.gdx.utils.JsonReader.parse(char[], int, int):::EXIT	com.badlogic.gdx.utils.JsonReader._json_eof_actions[] == orig(com.badlogic.gdx.utils.JsonReader._json_eof_actions[])	INVALID	
libgdx	com.badlogic.gdx.utils.JsonReader.parse(char[], int, int)	25	com.badlogic.gdx.utils.JsonReader.parse(char[], int, int):::EXIT	this.elements == orig(this.elements)	INVALID	
libgdx	com.badlogic.gdx.utils.JsonReader.parse(char[], int, int)	26	com.badlogic.gdx.utils.JsonReader.parse(char[], int, int):::EXIT	this.root == this.current	VALID	this.root == this.current
libgdx	com.badlogic.gdx.utils.JsonReader.parse(char[], int, int)	27	com.badlogic.gdx.utils.JsonReader.parse(char[], int, int):::EXIT	this.root == orig(this.root)	INVALID	
libgdx	com.badlogic.gdx.utils.JsonReader.parse(char[], int, int)	28	com.badlogic.gdx.utils.JsonReader.parse(char[], int, int):::EXIT	this.root == orig(this.current)	INVALID	
libgdx	com.badlogic.gdx.utils.JsonReader.parse(char[], int, int)	29	com.badlogic.gdx.utils.JsonReader.parse(char[], int, int):::EXIT	this.stop == orig(this.stop)	INVALID	
libgdx	com.badlogic.gdx.utils.JsonReader.parse(char[], int, int)	30	com.badlogic.gdx.utils.JsonReader.parse(char[], int, int):::EXIT	data[] == orig(data[])	INVALID	
libgdx	com.badlogic.gdx.utils.JsonReader.parse(char[], int, int)	31	com.badlogic.gdx.utils.JsonReader.parse(char[], int, int):::EXIT	this.root == null	VALID	this.root == null
libgdx	com.badlogic.gdx.utils.JsonReader.parse(char[], int, int)	32	com.badlogic.gdx.utils.JsonReader.parse(char[], int, int):::EXIT	data[] elements >= 0	VALID	true
libgdx	com.badlogic.gdx.utils.LongQueue.equals(java.lang.Object)	1	com.badlogic.gdx.utils.LongQueue.equals(java.lang.Object):::EXIT	(return == false)  ==>  (this.values[] elements one of { 0, 1, 2 })	VALID	(!(result == false)) || java.util.Arrays.stream(this.values).allMatch(element -> element == 0 || element == 1 || element == 2)
libgdx	com.badlogic.gdx.utils.CharArray.append(char[])	1	com.badlogic.gdx.utils.CharArray.append(char[]):::ENTER	this.items[] one of { [0, 0, 0, 0, 0, 0, 0, 0, 0, 0, 0, 0, 0, 0, 0, 0], [84, 101, 115, 116, 32, 0, 0, 0, 0, 0, 0, 0, 0, 0, 0, 0] }	VALID	java.util.Arrays.equals(this.items, new char[] {0, 0, 0, 0, 0, 0, 0, 0, 0, 0, 0, 0, 0, 0, 0, 0}) || java.util.Arrays.equals(this.items, new char[] {84, 101, 115, 116, 32, 0, 0, 0, 0, 0, 0, 0, 0, 0, 0, 0})
libgdx	com.badlogic.gdx.utils.CharArray.append(char[])	2	com.badlogic.gdx.utils.CharArray.append(char[]):::ENTER	this.size one of { 0, 5 }	VALID	this.size == 0 || this.size == 5
libgdx	com.badlogic.gdx.utils.CharArray.append(char[])	3	com.badlogic.gdx.utils.CharArray.append(char[]):::ENTER	this.ordered == true	VALID	this.ordered == true
libgdx	com.badlogic.gdx.utils.CharArray.append(char[])	4	com.badlogic.gdx.utils.CharArray.append(char[]):::ENTER	ch[] one of { [49, 50, 51], [55357, 56832] }	VALID	java.util.Arrays.equals(ch, new char[] {49, 50, 51}) || java.util.Arrays.equals(ch, new char[] {55357, 56832})
libgdx	com.badlogic.gdx.utils.CharArray.append(char[])	5	com.badlogic.gdx.utils.CharArray.append(char[]):::EXIT	com.badlogic.gdx.utils.CharArray.NULL == orig(com.badlogic.gdx.utils.CharArray.NULL)	INVALID	
libgdx	com.badlogic.gdx.utils.CharArray.append(char[])	6	com.badlogic.gdx.utils.CharArray.append(char[]):::EXIT	com.badlogic.gdx.utils.CharArray.NULL.toString == orig(com.badlogic.gdx.utils.CharArray.NULL.toString)	INVALID	
libgdx	com.badlogic.gdx.utils.CharArray.append(char[])	7	com.badlogic.gdx.utils.CharArray.append(char[]):::EXIT	com.badlogic.gdx.utils.CharArray.DIGITS == orig(com.badlogic.gdx.utils.CharArray.DIGITS)	INVALID	
libgdx	com.badlogic.gdx.utils.CharArray.append(char[])	8	com.badlogic.gdx.utils.CharArray.append(char[]):::EXIT	com.badlogic.gdx.utils.CharArray.DIGITS[] == orig(com.badlogic.gdx.utils.CharArray.DIGITS[])	INVALID	
libgdx	com.badlogic.gdx.utils.CharArray.append(char[])	9	com.badlogic.gdx.utils.CharArray.append(char[]):::EXIT	this.items == orig(this.items)	INVALID	
libgdx	com.badlogic.gdx.utils.CharArray.append(char[])	10	com.badlogic.gdx.utils.CharArray.append(char[]):::EXIT	this.ordered == orig(this.ordered)	INVALID	
libgdx	com.badlogic.gdx.utils.CharArray.append(char[])	11	com.badlogic.gdx.utils.CharArray.append(char[]):::EXIT	ch[] == orig(ch[])	INVALID	
libgdx	com.badlogic.gdx.utils.CharArray.append(char[])	12	com.badlogic.gdx.utils.CharArray.append(char[]):::EXIT	return == orig(this)	VALID	result == this
libgdx	com.badlogic.gdx.utils.CharArray.append(char[])	13	com.badlogic.gdx.utils.CharArray.append(char[]):::EXIT	this.items[] one of { [84, 101, 115, 116, 32, 49, 50, 51, 0, 0, 0, 0, 0, 0, 0, 0], [55357, 56832, 0, 0, 0, 0, 0, 0, 0, 0, 0, 0, 0, 0, 0, 0] }	VALID	java.util.Arrays.equals(this.items, new char[] {84, 101, 115, 116, 32, 49, 50, 51, 0, 0, 0, 0, 0, 0, 0, 0}) || java.util.Arrays.equals(this.items, new char[] {55357, 56832, 0, 0, 0, 0, 0, 0, 0, 0, 0, 0, 0, 0, 0, 0})
libgdx	com.badlogic.gdx.utils.CharArray.append(char[])	14	com.badlogic.gdx.utils.CharArray.append(char[]):::EXIT	this.size one of { 2, 8 }	VALID	this.size == 2 || this.size == 8
libgdx	com.badlogic.gdx.utils.CharArray.append(char[])	15	com.badlogic.gdx.utils.CharArray.append(char[]):::EXIT	this.ordered == true	VALID	this.ordered == true
libgdx	com.badlogic.gdx.utils.CharArray.append(char[])	16	com.badlogic.gdx.utils.CharArray.append(char[]):::EXIT	ch[] one of { [49, 50, 51], [55357, 56832] }	VALID	java.util.Arrays.equals(ch, new char[] {49, 50, 51}) || java.util.Arrays.equals(ch, new char[] {55357, 56832})
libgdx	com.badlogic.gdx.utils.reflect.Field.getType()	1	com.badlogic.gdx.utils.reflect.Field.getType():::EXIT	this.field == orig(this.field)	INVALID	
libgdx	com.badlogic.gdx.math.Polygon.setVertices(float[])	1	com.badlogic.gdx.math.Polygon.setVertices(float[]):::ENTER	this.x == this.originX	VALID	this.x == this.originX
libgdx	com.badlogic.gdx.math.Polygon.setVertices(float[])	2	com.badlogic.gdx.math.Polygon.setVertices(float[]):::ENTER	this.x == this.originY	VALID	this.x == this.originY
libgdx	com.badlogic.gdx.math.Polygon.setVertices(float[])	3	com.badlogic.gdx.math.Polygon.setVertices(float[]):::ENTER	this.x == this.rotation	VALID	this.x == this.rotation
libgdx	com.badlogic.gdx.math.Polygon.setVertices(float[])	4	com.badlogic.gdx.math.Polygon.setVertices(float[]):::ENTER	this has only one value	INVALID	
libgdx	com.badlogic.gdx.math.Polygon.setVertices(float[])	5	com.badlogic.gdx.math.Polygon.setVertices(float[]):::ENTER	this.localVertices has only one value	INVALID	
libgdx	com.badlogic.gdx.math.Polygon.setVertices(float[])	6	com.badlogic.gdx.math.Polygon.setVertices(float[]):::ENTER	this.localVertices[] == []	VALID	this.localVertices.length == 0
libgdx	com.badlogic.gdx.math.Polygon.setVertices(float[])	7	com.badlogic.gdx.math.Polygon.setVertices(float[]):::ENTER	this.worldVertices == null	VALID	this.worldVertices == null
libgdx	com.badlogic.gdx.math.Polygon.setVertices(float[])	8	com.badlogic.gdx.math.Polygon.setVertices(float[]):::ENTER	this.x == 0.0	VALID	this.x == 0.0f
libgdx	com.badlogic.gdx.math.Polygon.setVertices(float[])	9	com.badlogic.gdx.math.Polygon.setVertices(float[]):::ENTER	this.scaleX == 1.0	VALID	this.scaleX == 1.0f
libgdx	com.badlogic.gdx.math.Polygon.setVertices(float[])	10	com.badlogic.gdx.math.Polygon.setVertices(float[]):::ENTER	this.dirty == true	VALID	this.dirty == true
libgdx	com.badlogic.gdx.math.Polygon.setVertices(float[])	11	com.badlogic.gdx.math.Polygon.setVertices(float[]):::ENTER	vertices has only one value	INVALID	
libgdx	com.badlogic.gdx.math.Polygon.setVertices(float[])	12	com.badlogic.gdx.math.Polygon.setVertices(float[]):::ENTER	vertices[] == [1.0, -2.0, 1.0, -1.5, 1.5, -1.5, 1.5, -2.0]	VALID	vertices != null && vertices.length == 8 && vertices[0] == 1.0f && vertices[1] == -2.0f && vertices[2] == 1.0f && vertices[3] == -1.5f && vertices[4] == 1.5f && vertices[5] == -1.5f && vertices[6] == 1.5f && vertices[7] == -2.0f
libgdx	com.badlogic.gdx.math.Polygon.setVertices(float[])	13	com.badlogic.gdx.math.Polygon.setVertices(float[]):::ENTER	this.scaleX in vertices[]	VALID	vertices != null && java.util.stream.IntStream.range(0, vertices.length).anyMatch(i -> vertices[i] == this.scaleX)
libgdx	com.badlogic.gdx.math.Polygon.setVertices(float[])	14	com.badlogic.gdx.math.Polygon.setVertices(float[]):::EXIT	this.localVertices == orig(vertices)	INVALID	
libgdx	com.badlogic.gdx.math.Polygon.setVertices(float[])	15	com.badlogic.gdx.math.Polygon.setVertices(float[]):::EXIT	this.localVertices[] == vertices[]	VALID	java.util.Arrays.equals(this.localVertices, vertices)
libgdx	com.badlogic.gdx.math.Polygon.setVertices(float[])	16	com.badlogic.gdx.math.Polygon.setVertices(float[]):::EXIT	this.worldVertices == orig(this.worldVertices)	INVALID	
libgdx	com.badlogic.gdx.math.Polygon.setVertices(float[])	17	com.badlogic.gdx.math.Polygon.setVertices(float[]):::EXIT	this.x == this.originX	VALID	this.x == this.originX
libgdx	com.badlogic.gdx.math.Polygon.setVertices(float[])	18	com.badlogic.gdx.math.Polygon.setVertices(float[]):::EXIT	this.x == this.originY	VALID	this.x == this.originY
libgdx	com.badlogic.gdx.math.Polygon.setVertices(float[])	19	com.badlogic.gdx.math.Polygon.setVertices(float[]):::EXIT	this.x == this.rotation	VALID	this.x == this.rotation
libgdx	com.badlogic.gdx.math.Polygon.setVertices(float[])	20	com.badlogic.gdx.math.Polygon.setVertices(float[]):::EXIT	this.x == orig(this.x)	INVALID	
libgdx	com.badlogic.gdx.math.Polygon.setVertices(float[])	21	com.badlogic.gdx.math.Polygon.setVertices(float[]):::EXIT	this.x == orig(this.y)	INVALID	
libgdx	com.badlogic.gdx.math.Polygon.setVertices(float[])	22	com.badlogic.gdx.math.Polygon.setVertices(float[]):::EXIT	this.x == orig(this.originX)	INVALID	
libgdx	com.badlogic.gdx.math.Polygon.setVertices(float[])	23	com.badlogic.gdx.math.Polygon.setVertices(float[]):::EXIT	this.x == orig(this.originY)	INVALID	
libgdx	com.badlogic.gdx.math.Polygon.setVertices(float[])	24	com.badlogic.gdx.math.Polygon.setVertices(float[]):::EXIT	this.x == orig(this.rotation)	INVALID	
libgdx	com.badlogic.gdx.math.Polygon.setVertices(float[])	25	com.badlogic.gdx.math.Polygon.setVertices(float[]):::EXIT	this.scaleX == orig(this.scaleX)	INVALID	
libgdx	com.badlogic.gdx.math.Polygon.setVertices(float[])	26	com.badlogic.gdx.math.Polygon.setVertices(float[]):::EXIT	this.scaleX == orig(this.scaleY)	INVALID	
libgdx	com.badlogic.gdx.math.Polygon.setVertices(float[])	27	com.badlogic.gdx.math.Polygon.setVertices(float[]):::EXIT	this.dirty == orig(this.dirty)	INVALID	
libgdx	com.badlogic.gdx.math.Polygon.setVertices(float[])	28	com.badlogic.gdx.math.Polygon.setVertices(float[]):::EXIT	this.bounds == orig(this.bounds)	INVALID	
libgdx	com.badlogic.gdx.math.Polygon.setVertices(float[])	29	com.badlogic.gdx.math.Polygon.setVertices(float[]):::EXIT	vertices[] == orig(vertices[])	INVALID	
libgdx	com.badlogic.gdx.math.Polygon.setVertices(float[])	30	com.badlogic.gdx.math.Polygon.setVertices(float[]):::EXIT	this.localVertices has only one value	INVALID	
libgdx	com.badlogic.gdx.math.Polygon.setVertices(float[])	31	com.badlogic.gdx.math.Polygon.setVertices(float[]):::EXIT	this.worldVertices == null	VALID	this.worldVertices == null
libgdx	com.badlogic.gdx.math.Polygon.setVertices(float[])	32	com.badlogic.gdx.math.Polygon.setVertices(float[]):::EXIT	this.x == 0.0	VALID	this.x == 0.0f
libgdx	com.badlogic.gdx.math.Polygon.setVertices(float[])	33	com.badlogic.gdx.math.Polygon.setVertices(float[]):::EXIT	this.scaleX == 1.0	VALID	this.scaleX == 1.0f
libgdx	com.badlogic.gdx.math.Polygon.setVertices(float[])	34	com.badlogic.gdx.math.Polygon.setVertices(float[]):::EXIT	this.dirty == true	VALID	this.dirty == true
libgdx	com.badlogic.gdx.math.Polygon.setVertices(float[])	35	com.badlogic.gdx.math.Polygon.setVertices(float[]):::EXIT	vertices[] == [1.0, -2.0, 1.0, -1.5, 1.5, -1.5, 1.5, -2.0]	VALID	vertices.length == 8 && vertices[0] == 1.0f && vertices[1] == -2.0f && vertices[2] == 1.0f && vertices[3] == -1.5f && vertices[4] == 1.5f && vertices[5] == -1.5f && vertices[6] == 1.5f && vertices[7] == -2.0f
libgdx	com.badlogic.gdx.math.Polygon.setVertices(float[])	36	com.badlogic.gdx.math.Polygon.setVertices(float[]):::EXIT	this.scaleX in vertices[]	VALID	vertices != null && java.util.stream.IntStream.range(0, vertices.length).anyMatch(i -> vertices[i] == this.scaleX)
dubbo	org.apache.dubbo.common.utils.IOUtils.readLines(java.io.File)	1	org.apache.dubbo.common.utils.IOUtils.readLines(java.io.File):::EXIT	return.getClass().getName() == java.lang.String[].class	VALID	result.getClass() == String[].class
dubbo	org.apache.dubbo.common.utils.IOUtils.readLines(java.io.File)	2	org.apache.dubbo.common.utils.IOUtils.readLines(java.io.File):::EXIT	return[].toString one of { [ABCDEFGHIJKLMNOPQRSTUVWXYZabcdefghijklmnopqrstuvwxyz1234567890], [a, b, c] }	VALID	"java.util.Arrays.equals(result, new String[]{""ABCDEFGHIJKLMNOPQRSTUVWXYZabcdefghijklmnopqrstuvwxyz1234567890""}) || java.util.Arrays.equals(result, new String[]{""a"", ""b"", ""c""})"
dubbo	org.apache.dubbo.common.utils.ReflectUtils.getName(java.lang.reflect.Method)	1	org.apache.dubbo.common.utils.ReflectUtils.getName(java.lang.reflect.Method):::ENTER	m has only one value	INVALID	
dubbo	org.apache.dubbo.common.utils.ReflectUtils.getName(java.lang.reflect.Method)	2	org.apache.dubbo.common.utils.ReflectUtils.getName(java.lang.reflect.Method):::EXIT	org.apache.dubbo.common.utils.ReflectUtils.EMPTY_CLASS_ARRAY == orig(org.apache.dubbo.common.utils.ReflectUtils.EMPTY_CLASS_ARRAY)	INVALID	
dubbo	org.apache.dubbo.common.utils.ReflectUtils.getName(java.lang.reflect.Method)	3	org.apache.dubbo.common.utils.ReflectUtils.getName(java.lang.reflect.Method):::EXIT	org.apache.dubbo.common.utils.ReflectUtils.EMPTY_CLASS_ARRAY.getClass().getName() == orig(org.apache.dubbo.common.utils.ReflectUtils.EMPTY_CLASS_ARRAY.getClass().getName())	INVALID	
dubbo	org.apache.dubbo.common.utils.ReflectUtils.getName(java.lang.reflect.Method)	4	org.apache.dubbo.common.utils.ReflectUtils.getName(java.lang.reflect.Method):::EXIT	org.apache.dubbo.common.utils.ReflectUtils.EMPTY_CLASS_ARRAY[] == orig(org.apache.dubbo.common.utils.ReflectUtils.EMPTY_CLASS_ARRAY[])	INVALID	
dubbo	org.apache.dubbo.common.utils.ReflectUtils.getName(java.lang.reflect.Method)	5	org.apache.dubbo.common.utils.ReflectUtils.getName(java.lang.reflect.Method):::EXIT	org.apache.dubbo.common.utils.ReflectUtils.JAVA_IDENT_REGEX == orig(org.apache.dubbo.common.utils.ReflectUtils.JAVA_IDENT_REGEX)	INVALID	
dubbo	org.apache.dubbo.common.utils.ReflectUtils.getName(java.lang.reflect.Method)	6	org.apache.dubbo.common.utils.ReflectUtils.getName(java.lang.reflect.Method):::EXIT	org.apache.dubbo.common.utils.ReflectUtils.JAVA_IDENT_REGEX.toString == orig(org.apache.dubbo.common.utils.ReflectUtils.JAVA_IDENT_REGEX.toString)	INVALID	
dubbo	org.apache.dubbo.common.utils.ReflectUtils.getName(java.lang.reflect.Method)	7	org.apache.dubbo.common.utils.ReflectUtils.getName(java.lang.reflect.Method):::EXIT	org.apache.dubbo.common.utils.ReflectUtils.JAVA_NAME_REGEX == orig(org.apache.dubbo.common.utils.ReflectUtils.JAVA_NAME_REGEX)	INVALID	
dubbo	org.apache.dubbo.common.utils.ReflectUtils.getName(java.lang.reflect.Method)	8	org.apache.dubbo.common.utils.ReflectUtils.getName(java.lang.reflect.Method):::EXIT	org.apache.dubbo.common.utils.ReflectUtils.JAVA_NAME_REGEX.toString == orig(org.apache.dubbo.common.utils.ReflectUtils.JAVA_NAME_REGEX.toString)	INVALID	
dubbo	org.apache.dubbo.common.utils.ReflectUtils.getName(java.lang.reflect.Method)	9	org.apache.dubbo.common.utils.ReflectUtils.getName(java.lang.reflect.Method):::EXIT	org.apache.dubbo.common.utils.ReflectUtils.CLASS_DESC == orig(org.apache.dubbo.common.utils.ReflectUtils.CLASS_DESC)	INVALID	
dubbo	org.apache.dubbo.common.utils.ReflectUtils.getName(java.lang.reflect.Method)	10	org.apache.dubbo.common.utils.ReflectUtils.getName(java.lang.reflect.Method):::EXIT	org.apache.dubbo.common.utils.ReflectUtils.CLASS_DESC.toString == orig(org.apache.dubbo.common.utils.ReflectUtils.CLASS_DESC.toString)	INVALID	
dubbo	org.apache.dubbo.common.utils.ReflectUtils.getName(java.lang.reflect.Method)	11	org.apache.dubbo.common.utils.ReflectUtils.getName(java.lang.reflect.Method):::EXIT	org.apache.dubbo.common.utils.ReflectUtils.ARRAY_DESC == orig(org.apache.dubbo.common.utils.ReflectUtils.ARRAY_DESC)	INVALID	
dubbo	org.apache.dubbo.common.utils.ReflectUtils.getName(java.lang.reflect.Method)	12	org.apache.dubbo.common.utils.ReflectUtils.getName(java.lang.reflect.Method):::EXIT	org.apache.dubbo.common.utils.ReflectUtils.ARRAY_DESC.toString == orig(org.apache.dubbo.common.utils.ReflectUtils.ARRAY_DESC.toString)	INVALID	
dubbo	org.apache.dubbo.common.utils.ReflectUtils.getName(java.lang.reflect.Method)	13	org.apache.dubbo.common.utils.ReflectUtils.getName(java.lang.reflect.Method):::EXIT	org.apache.dubbo.common.utils.ReflectUtils.DESC_REGEX == orig(org.apache.dubbo.common.utils.ReflectUtils.DESC_REGEX)	INVALID	
dubbo	org.apache.dubbo.common.utils.ReflectUtils.getName(java.lang.reflect.Method)	14	org.apache.dubbo.common.utils.ReflectUtils.getName(java.lang.reflect.Method):::EXIT	org.apache.dubbo.common.utils.ReflectUtils.DESC_REGEX.toString == orig(org.apache.dubbo.common.utils.ReflectUtils.DESC_REGEX.toString)	INVALID	
dubbo	org.apache.dubbo.common.utils.ReflectUtils.getName(java.lang.reflect.Method)	15	org.apache.dubbo.common.utils.ReflectUtils.getName(java.lang.reflect.Method):::EXIT	org.apache.dubbo.common.utils.ReflectUtils.DESC_PATTERN == orig(org.apache.dubbo.common.utils.ReflectUtils.DESC_PATTERN)	INVALID	
dubbo	org.apache.dubbo.common.utils.ReflectUtils.getName(java.lang.reflect.Method)	16	org.apache.dubbo.common.utils.ReflectUtils.getName(java.lang.reflect.Method):::EXIT	org.apache.dubbo.common.utils.ReflectUtils.METHOD_DESC_REGEX == orig(org.apache.dubbo.common.utils.ReflectUtils.METHOD_DESC_REGEX)	INVALID	
dubbo	org.apache.dubbo.common.utils.ReflectUtils.getName(java.lang.reflect.Method)	17	org.apache.dubbo.common.utils.ReflectUtils.getName(java.lang.reflect.Method):::EXIT	org.apache.dubbo.common.utils.ReflectUtils.METHOD_DESC_REGEX.toString == orig(org.apache.dubbo.common.utils.ReflectUtils.METHOD_DESC_REGEX.toString)	INVALID	
dubbo	org.apache.dubbo.common.utils.ReflectUtils.getName(java.lang.reflect.Method)	18	org.apache.dubbo.common.utils.ReflectUtils.getName(java.lang.reflect.Method):::EXIT	org.apache.dubbo.common.utils.ReflectUtils.METHOD_DESC_PATTERN == orig(org.apache.dubbo.common.utils.ReflectUtils.METHOD_DESC_PATTERN)	INVALID	
dubbo	org.apache.dubbo.common.utils.ReflectUtils.getName(java.lang.reflect.Method)	19	org.apache.dubbo.common.utils.ReflectUtils.getName(java.lang.reflect.Method):::EXIT	org.apache.dubbo.common.utils.ReflectUtils.GETTER_METHOD_DESC_PATTERN == orig(org.apache.dubbo.common.utils.ReflectUtils.GETTER_METHOD_DESC_PATTERN)	INVALID	
dubbo	org.apache.dubbo.common.utils.ReflectUtils.getName(java.lang.reflect.Method)	20	org.apache.dubbo.common.utils.ReflectUtils.getName(java.lang.reflect.Method):::EXIT	org.apache.dubbo.common.utils.ReflectUtils.SETTER_METHOD_DESC_PATTERN == orig(org.apache.dubbo.common.utils.ReflectUtils.SETTER_METHOD_DESC_PATTERN)	INVALID	
dubbo	org.apache.dubbo.common.utils.ReflectUtils.getName(java.lang.reflect.Method)	21	org.apache.dubbo.common.utils.ReflectUtils.getName(java.lang.reflect.Method):::EXIT	org.apache.dubbo.common.utils.ReflectUtils.IS_HAS_CAN_METHOD_DESC_PATTERN == orig(org.apache.dubbo.common.utils.ReflectUtils.IS_HAS_CAN_METHOD_DESC_PATTERN)	INVALID	
dubbo	org.apache.dubbo.common.utils.ReflectUtils.getName(java.lang.reflect.Method)	22	org.apache.dubbo.common.utils.ReflectUtils.getName(java.lang.reflect.Method):::EXIT	org.apache.dubbo.common.utils.ReflectUtils.primitiveDefaults == orig(org.apache.dubbo.common.utils.ReflectUtils.primitiveDefaults)	INVALID	
dubbo	org.apache.dubbo.common.utils.ReflectUtils.getName(java.lang.reflect.Method)	23	org.apache.dubbo.common.utils.ReflectUtils.getName(java.lang.reflect.Method):::EXIT	org.apache.dubbo.common.utils.ReflectUtils.primitiveDefaults.getClass().getName() == orig(org.apache.dubbo.common.utils.ReflectUtils.primitiveDefaults.getClass().getName())	INVALID	
dubbo	org.apache.dubbo.common.utils.ReflectUtils.getName(java.lang.reflect.Method)	24	org.apache.dubbo.common.utils.ReflectUtils.getName(java.lang.reflect.Method):::EXIT	return has only one value	INVALID	
dubbo	org.apache.dubbo.common.utils.ReflectUtils.getName(java.lang.reflect.Method)	25	org.apache.dubbo.common.utils.ReflectUtils.getName(java.lang.reflect.Method):::EXIT	"return.toString == ""java.util.List hello(int[])"""	VALID	"""java.util.List hello(int[])"".equals(result)"
dubbo	org.apache.dubbo.common.utils.FieldUtils.getFieldValue(java.lang.Object, java.lang.String)	1	org.apache.dubbo.common.utils.FieldUtils.getFieldValue(java.lang.Object, java.lang.String):::ENTER	"fieldName.toString one of { ""a"", ""b"" }"	VALID	"""a"".equals(fieldName) || ""b"".equals(fieldName)"
dubbo	org.apache.dubbo.common.utils.FieldUtils.getFieldValue(java.lang.Object, java.lang.String)	2	org.apache.dubbo.common.utils.FieldUtils.getFieldValue(java.lang.Object, java.lang.String):::EXIT	fieldName.toString == orig(fieldName.toString)	INVALID	
dubbo	org.apache.dubbo.common.utils.FieldUtils.getFieldValue(java.lang.Object, java.lang.String)	3	org.apache.dubbo.common.utils.FieldUtils.getFieldValue(java.lang.Object, java.lang.String):::EXIT	return == orig(fieldName)	INVALID	
dubbo	org.apache.dubbo.common.utils.FieldUtils.getFieldValue(java.lang.Object, java.lang.String)	4	org.apache.dubbo.common.utils.FieldUtils.getFieldValue(java.lang.Object, java.lang.String):::EXIT	"fieldName.toString one of { ""a"", ""b"" }"	VALID	"""a"".equals(fieldName) || ""b"".equals(fieldName)"
dubbo	org.apache.dubbo.common.utils.FieldUtils.getFieldValue(java.lang.Object, java.lang.String)	5	org.apache.dubbo.common.utils.FieldUtils.getFieldValue(java.lang.Object, java.lang.String):::EXIT	return.getClass().getName() == java.lang.String.class	VALID	result.getClass() == java.lang.String.class
dubbo	org.apache.dubbo.common.utils.CollectionUtils.isEmptyMap(java.util.Map)	1	org.apache.dubbo.common.utils.CollectionUtils.isEmptyMap(java.util.Map):::ENTER	map.getClass().getName() == java.util.HashMap.class	VALID	map.getClass() == java.util.HashMap.class
dubbo	org.apache.dubbo.common.utils.CollectionUtils.isEmptyMap(java.util.Map)	2	org.apache.dubbo.common.utils.CollectionUtils.isEmptyMap(java.util.Map):::EXIT	org.apache.dubbo.common.utils.CollectionUtils.SIMPLE_NAME_COMPARATOR == orig(org.apache.dubbo.common.utils.CollectionUtils.SIMPLE_NAME_COMPARATOR)	INVALID	
dubbo	org.apache.dubbo.common.utils.CollectionUtils.isEmptyMap(java.util.Map)	3	org.apache.dubbo.common.utils.CollectionUtils.isEmptyMap(java.util.Map):::EXIT	org.apache.dubbo.common.utils.CollectionUtils.SIMPLE_NAME_COMPARATOR.getClass().getName() == orig(org.apache.dubbo.common.utils.CollectionUtils.SIMPLE_NAME_COMPARATOR.getClass().getName())	INVALID	
dubbo	org.apache.dubbo.common.utils.CollectionUtils.isEmptyMap(java.util.Map)	4	"org.apache.dubbo.common.utils.CollectionUtils.isEmptyMap(java.util.Map):::EXIT;condition=""return == true"""	return == true	VALID	result == true
dubbo	org.apache.dubbo.common.utils.CollectionUtils.isEmptyMap(java.util.Map)	5	"org.apache.dubbo.common.utils.CollectionUtils.isEmptyMap(java.util.Map):::EXIT;condition=""not(return == true)"""	return == false	VALID	result == false
dubbo	org.apache.dubbo.common.utils.MethodUtils.excludedDeclaredClass(java.lang.Class)	1	org.apache.dubbo.common.utils.MethodUtils.excludedDeclaredClass(java.lang.Class):::ENTER	declaredClass has only one value	INVALID	
dubbo	org.apache.dubbo.common.utils.MethodUtils.excludedDeclaredClass(java.lang.Class)	2	org.apache.dubbo.common.utils.MethodUtils.excludedDeclaredClass(java.lang.Class):::EXIT	return has only one value	INVALID	
dubbo	org.apache.dubbo.common.utils.MethodUtils.excludedDeclaredClass(java.lang.Class)	3	org.apache.dubbo.common.utils.MethodUtils.excludedDeclaredClass(java.lang.Class):::EXIT	return.getClass().getName() == org.apache.dubbo.common.utils.MethodUtils$$Lambda$1023/0x00001548a54c6bf0.class	VALID	"result.getClass().getName().equals(""org.apache.dubbo.common.utils.MethodUtils$$Lambda$1023/0x00001548a54c6bf0"")"
dubbo	org.apache.dubbo.common.compiler.support.ClassUtils.getSize(java.lang.Object)	1	org.apache.dubbo.common.compiler.support.ClassUtils.getSize(java.lang.Object):::EXIT241	return == 1	VALID	result == 1
dubbo	org.apache.dubbo.common.io.UnsafeByteArrayOutputStream.toString()	1	org.apache.dubbo.common.io.UnsafeByteArrayOutputStream.toString():::ENTER	this.mCount == 3	VALID	this.mCount == 3
dubbo	org.apache.dubbo.common.utils.ArrayUtils.isEmpty(java.lang.Object[])	1	org.apache.dubbo.common.utils.ArrayUtils.isEmpty(java.lang.Object[]):::ENTER	array[] == []	VALID	array.length == 0
dubbo	org.apache.dubbo.common.utils.ArrayUtils.isEmpty(java.lang.Object[])	2	org.apache.dubbo.common.utils.ArrayUtils.isEmpty(java.lang.Object[]):::EXIT	array[] == orig(array[])	INVALID	
dubbo	org.apache.dubbo.common.utils.ArrayUtils.isEmpty(java.lang.Object[])	3	org.apache.dubbo.common.utils.ArrayUtils.isEmpty(java.lang.Object[]):::EXIT	array[] == []	VALID	array.length == 0
dubbo	org.apache.dubbo.common.utils.ArrayUtils.isEmpty(java.lang.Object[])	4	org.apache.dubbo.common.utils.ArrayUtils.isEmpty(java.lang.Object[]):::EXIT	return == true	VALID	result == true
dubbo	org.apache.dubbo.common.utils.Stack.peek()	1	org.apache.dubbo.common.utils.Stack.peek():::ENTER	this has only one value	INVALID	
dubbo	org.apache.dubbo.common.utils.Stack.peek()	2	org.apache.dubbo.common.utils.Stack.peek():::ENTER	this.mSize one of { 1, 2 }	VALID	this.mSize == 1 || this.mSize == 2
dubbo	org.apache.dubbo.common.utils.Stack.peek()	3	org.apache.dubbo.common.utils.Stack.peek():::ENTER	this.mElements has only one value	INVALID	
dubbo	org.apache.dubbo.common.utils.Stack.peek()	4	org.apache.dubbo.common.utils.Stack.peek():::ENTER	this.mElements[].getClass().getName() elements == java.lang.String.class	VALID	this.mElements.stream().allMatch(e -> e.getClass() == java.lang.String.class)
dubbo	org.apache.dubbo.common.utils.Stack.peek()	5	org.apache.dubbo.common.utils.Stack.peek():::ENTER	this.mElements[].getClass().getName() one of { [java.lang.String], [java.lang.String, java.lang.String] }	VALID	(this.mElements.length == 1 && this.mElements[0].getClass() == java.lang.String.class) || (this.mElements.length == 2 && this.mElements[0].getClass() == java.lang.String.class && this.mElements[1].getClass() == java.lang.String.class)
dubbo	org.apache.dubbo.common.utils.Stack.peek()	6	org.apache.dubbo.common.utils.Stack.peek():::EXIT	this.mSize == orig(this.mSize)	INVALID	
dubbo	org.apache.dubbo.common.utils.Stack.peek()	7	org.apache.dubbo.common.utils.Stack.peek():::EXIT	this.mElements == orig(this.mElements)	INVALID	
dubbo	org.apache.dubbo.common.utils.Stack.peek()	8	org.apache.dubbo.common.utils.Stack.peek():::EXIT	this.mElements[] == orig(this.mElements[])	INVALID	
dubbo	org.apache.dubbo.common.utils.Stack.peek()	9	org.apache.dubbo.common.utils.Stack.peek():::EXIT	this.mElements.getClass().getName() == orig(this.mElements.getClass().getName())	INVALID	
dubbo	org.apache.dubbo.common.utils.Stack.peek()	10	org.apache.dubbo.common.utils.Stack.peek():::EXIT	this.mSize one of { 1, 2 }	VALID	this.mSize == 1 || this.mSize == 2
dubbo	org.apache.dubbo.common.utils.Stack.peek()	11	org.apache.dubbo.common.utils.Stack.peek():::EXIT	this.mElements has only one value	INVALID	
dubbo	org.apache.dubbo.common.utils.Stack.peek()	12	org.apache.dubbo.common.utils.Stack.peek():::EXIT	this.mElements[].getClass().getName() elements == java.lang.String.class	VALID	java.util.Arrays.stream(this.mElements).allMatch(e -> e.getClass() == java.lang.String.class)
dubbo	org.apache.dubbo.common.utils.Stack.peek()	13	org.apache.dubbo.common.utils.Stack.peek():::EXIT	this.mElements[].getClass().getName() one of { [java.lang.String], [java.lang.String, java.lang.String] }	VALID	(this.mElements.length == 1 && this.mElements[0].getClass() == java.lang.String.class) || (this.mElements.length == 2 && this.mElements[0].getClass() == java.lang.String.class && this.mElements[1].getClass() == java.lang.String.class)
dubbo	org.apache.dubbo.common.utils.Stack.peek()	14	org.apache.dubbo.common.utils.Stack.peek():::EXIT	return.getClass().getName() == java.lang.String.class	VALID	result.getClass() == java.lang.String.class
dubbo	org.apache.dubbo.common.utils.Stack.peek()	15	org.apache.dubbo.common.utils.Stack.peek():::EXIT	return in this.mElements[]	VALID	java.util.Arrays.stream(this.mElements).anyMatch(e -> e == result)
dubbo	org.apache.dubbo.common.utils.Stack.peek()	16	org.apache.dubbo.common.utils.Stack.peek():::EXIT	return.getClass().getName() in this.mElements[].getClass().getName()	VALID	java.util.Arrays.stream(this.mElements).anyMatch(e -> e.getClass().getName().equals(result.getClass().getName()))
dubbo	org.apache.dubbo.common.utils.LogHelper.error(org.apache.dubbo.common.logger.Logger, java.lang.String, java.lang.Throwable)	1	org.apache.dubbo.common.utils.LogHelper.error(org.apache.dubbo.common.logger.Logger, java.lang.String, java.lang.Throwable):::ENTER	logger has only one value	INVALID	
dubbo	org.apache.dubbo.common.utils.LogHelper.error(org.apache.dubbo.common.logger.Logger, java.lang.String, java.lang.Throwable)	2	org.apache.dubbo.common.utils.LogHelper.error(org.apache.dubbo.common.logger.Logger, java.lang.String, java.lang.Throwable):::ENTER	logger.getClass().getName() == org.apache.dubbo.common.logger.Logger$MockitoMock$jZMOTlpe.class	VALID	"logger.getClass().getName().equals(""org.apache.dubbo.common.logger.Logger$MockitoMock$jZMOTlpe"")"
dubbo	org.apache.dubbo.common.utils.LogHelper.error(org.apache.dubbo.common.logger.Logger, java.lang.String, java.lang.Throwable)	3	org.apache.dubbo.common.utils.LogHelper.error(org.apache.dubbo.common.logger.Logger, java.lang.String, java.lang.Throwable):::ENTER	msg has only one value	INVALID	
dubbo	org.apache.dubbo.common.utils.LogHelper.error(org.apache.dubbo.common.logger.Logger, java.lang.String, java.lang.Throwable)	4	org.apache.dubbo.common.utils.LogHelper.error(org.apache.dubbo.common.logger.Logger, java.lang.String, java.lang.Throwable):::ENTER	"msg.toString == ""error"""	VALID	"""error"".equals(msg)"
dubbo	org.apache.dubbo.common.utils.LogHelper.error(org.apache.dubbo.common.logger.Logger, java.lang.String, java.lang.Throwable)	5	org.apache.dubbo.common.utils.LogHelper.error(org.apache.dubbo.common.logger.Logger, java.lang.String, java.lang.Throwable):::ENTER	e has only one value	INVALID	
dubbo	org.apache.dubbo.common.utils.LogHelper.error(org.apache.dubbo.common.logger.Logger, java.lang.String, java.lang.Throwable)	6	org.apache.dubbo.common.utils.LogHelper.error(org.apache.dubbo.common.logger.Logger, java.lang.String, java.lang.Throwable):::EXIT	msg.toString == orig(msg.toString)	INVALID	
dubbo	org.apache.dubbo.common.utils.LogHelper.error(org.apache.dubbo.common.logger.Logger, java.lang.String, java.lang.Throwable)	7	org.apache.dubbo.common.utils.LogHelper.error(org.apache.dubbo.common.logger.Logger, java.lang.String, java.lang.Throwable):::EXIT	"msg.toString == ""error"""	VALID	"""error"".equals(msg)"
netty	io.netty.util.concurrent.FastThreadLocalThread.setThreadLocalMap(io.netty.util.internal.InternalThreadLocalMap)	1	io.netty.util.concurrent.FastThreadLocalThread.setThreadLocalMap(io.netty.util.internal.InternalThreadLocalMap):::ENTER	io.netty.util.internal.InternalThreadLocalMap.VARIABLES_TO_REMOVE_INDEX == threadLocalMap.futureListenerStackDepth	VALID	io.netty.util.internal.InternalThreadLocalMap.VARIABLES_TO_REMOVE_INDEX == threadLocalMap.futureListenerStackDepth
netty	io.netty.util.concurrent.FastThreadLocalThread.setThreadLocalMap(io.netty.util.internal.InternalThreadLocalMap)	2	io.netty.util.concurrent.FastThreadLocalThread.setThreadLocalMap(io.netty.util.internal.InternalThreadLocalMap):::ENTER	threadLocalMap.futureListenerStackDepth == threadLocalMap.localChannelReaderStackDepth	VALID	threadLocalMap.futureListenerStackDepth == threadLocalMap.localChannelReaderStackDepth
netty	io.netty.util.concurrent.FastThreadLocalThread.setThreadLocalMap(io.netty.util.internal.InternalThreadLocalMap)	3	io.netty.util.concurrent.FastThreadLocalThread.setThreadLocalMap(io.netty.util.internal.InternalThreadLocalMap):::ENTER	threadLocalMap.futureListenerStackDepth == threadLocalMap.rp1	VALID	threadLocalMap.futureListenerStackDepth == threadLocalMap.rp1
netty	io.netty.util.concurrent.FastThreadLocalThread.setThreadLocalMap(io.netty.util.internal.InternalThreadLocalMap)	4	io.netty.util.concurrent.FastThreadLocalThread.setThreadLocalMap(io.netty.util.internal.InternalThreadLocalMap):::ENTER	threadLocalMap.futureListenerStackDepth == threadLocalMap.rp2	VALID	threadLocalMap.futureListenerStackDepth == threadLocalMap.rp2
netty	io.netty.util.concurrent.FastThreadLocalThread.setThreadLocalMap(io.netty.util.internal.InternalThreadLocalMap)	5	io.netty.util.concurrent.FastThreadLocalThread.setThreadLocalMap(io.netty.util.internal.InternalThreadLocalMap):::ENTER	threadLocalMap.futureListenerStackDepth == threadLocalMap.rp3	VALID	threadLocalMap.futureListenerStackDepth == threadLocalMap.rp3
netty	io.netty.util.concurrent.FastThreadLocalThread.setThreadLocalMap(io.netty.util.internal.InternalThreadLocalMap)	6	io.netty.util.concurrent.FastThreadLocalThread.setThreadLocalMap(io.netty.util.internal.InternalThreadLocalMap):::ENTER	threadLocalMap.futureListenerStackDepth == threadLocalMap.rp4	VALID	threadLocalMap.futureListenerStackDepth == threadLocalMap.rp4
netty	io.netty.util.concurrent.FastThreadLocalThread.setThreadLocalMap(io.netty.util.internal.InternalThreadLocalMap)	7	io.netty.util.concurrent.FastThreadLocalThread.setThreadLocalMap(io.netty.util.internal.InternalThreadLocalMap):::ENTER	threadLocalMap.futureListenerStackDepth == threadLocalMap.rp5	VALID	threadLocalMap.futureListenerStackDepth == threadLocalMap.rp5
netty	io.netty.util.concurrent.FastThreadLocalThread.setThreadLocalMap(io.netty.util.internal.InternalThreadLocalMap)	8	io.netty.util.concurrent.FastThreadLocalThread.setThreadLocalMap(io.netty.util.internal.InternalThreadLocalMap):::ENTER	threadLocalMap.futureListenerStackDepth == threadLocalMap.rp6	VALID	threadLocalMap.futureListenerStackDepth == threadLocalMap.rp6
netty	io.netty.util.concurrent.FastThreadLocalThread.setThreadLocalMap(io.netty.util.internal.InternalThreadLocalMap)	9	io.netty.util.concurrent.FastThreadLocalThread.setThreadLocalMap(io.netty.util.internal.InternalThreadLocalMap):::ENTER	threadLocalMap.futureListenerStackDepth == threadLocalMap.rp7	VALID	threadLocalMap.futureListenerStackDepth == threadLocalMap.rp7
netty	io.netty.util.concurrent.FastThreadLocalThread.setThreadLocalMap(io.netty.util.internal.InternalThreadLocalMap)	10	io.netty.util.concurrent.FastThreadLocalThread.setThreadLocalMap(io.netty.util.internal.InternalThreadLocalMap):::ENTER	threadLocalMap.futureListenerStackDepth == threadLocalMap.rp8	VALID	threadLocalMap.futureListenerStackDepth == threadLocalMap.rp8
netty	io.netty.util.concurrent.FastThreadLocalThread.setThreadLocalMap(io.netty.util.internal.InternalThreadLocalMap)	11	io.netty.util.concurrent.FastThreadLocalThread.setThreadLocalMap(io.netty.util.internal.InternalThreadLocalMap):::ENTER	threadLocalMap.handlerSharableCache == threadLocalMap.typeParameterMatcherGetCache	VALID	threadLocalMap.handlerSharableCache == threadLocalMap.typeParameterMatcherGetCache
netty	io.netty.util.concurrent.FastThreadLocalThread.setThreadLocalMap(io.netty.util.internal.InternalThreadLocalMap)	12	io.netty.util.concurrent.FastThreadLocalThread.setThreadLocalMap(io.netty.util.internal.InternalThreadLocalMap):::ENTER	threadLocalMap.handlerSharableCache == threadLocalMap.typeParameterMatcherFindCache	VALID	threadLocalMap.handlerSharableCache == threadLocalMap.typeParameterMatcherFindCache
netty	io.netty.util.concurrent.FastThreadLocalThread.setThreadLocalMap(io.netty.util.internal.InternalThreadLocalMap)	13	io.netty.util.concurrent.FastThreadLocalThread.setThreadLocalMap(io.netty.util.internal.InternalThreadLocalMap):::ENTER	threadLocalMap.handlerSharableCache == threadLocalMap.charsetEncoderCache	VALID	threadLocalMap.handlerSharableCache == threadLocalMap.charsetEncoderCache
netty	io.netty.util.concurrent.FastThreadLocalThread.setThreadLocalMap(io.netty.util.internal.InternalThreadLocalMap)	14	io.netty.util.concurrent.FastThreadLocalThread.setThreadLocalMap(io.netty.util.internal.InternalThreadLocalMap):::ENTER	threadLocalMap.handlerSharableCache == threadLocalMap.charsetDecoderCache	VALID	threadLocalMap.handlerSharableCache == threadLocalMap.charsetDecoderCache
netty	io.netty.util.concurrent.FastThreadLocalThread.setThreadLocalMap(io.netty.util.internal.InternalThreadLocalMap)	15	io.netty.util.concurrent.FastThreadLocalThread.setThreadLocalMap(io.netty.util.internal.InternalThreadLocalMap):::ENTER	this.cleanupFastThreadLocals == true	VALID	this.cleanupFastThreadLocals == true
netty	io.netty.util.concurrent.FastThreadLocalThread.setThreadLocalMap(io.netty.util.internal.InternalThreadLocalMap)	16	io.netty.util.concurrent.FastThreadLocalThread.setThreadLocalMap(io.netty.util.internal.InternalThreadLocalMap):::ENTER	this.threadLocalMap.indexedVariables[] elements != null	VALID	java.util.Arrays.stream(this.threadLocalMap.indexedVariables).allMatch(element -> element != null)
netty	io.netty.util.concurrent.FastThreadLocalThread.setThreadLocalMap(io.netty.util.internal.InternalThreadLocalMap)	17	io.netty.util.concurrent.FastThreadLocalThread.setThreadLocalMap(io.netty.util.internal.InternalThreadLocalMap):::ENTER	this.threadLocalMap.indexedVariables[].getClass().getName() one of { [java.util.Collections.SetFromMap, java.lang.Object, java.lang.Object, java.lang.Object, java.lang.Object, java.lang.Object, java.lang.Object, java.lang.Object, java.lang.Object, java.lang.Object, java.lang.Object, java.lang.Object, java.lang.Object, java.lang.Object, java.lang.Object, java.lang.Object, java.lang.Object, java.lang.Object, java.lang.Object, java.lang.Object, java.lang.Object, java.lang.Object, java.lang.Object, java.lang.Object, java.lang.Object, java.lang.Object, java.lang.Object, java.lang.Object, java.lang.Object, java.lang.Object, java.lang.Object, java.lang.Object], [java.util.Collections.SetFromMap, java.lang.Object, java.lang.Object, java.lang.Object, java.lang.Object, java.lang.Object, java.lang.Object, java.lang.Object, java.lang.Object, java.lang.Object, java.lang.Object, java.lang.Object, java.lang.Object, java.lang.Object, java.lang.Object, java.lang.Object, java.lang.Object, java.lang.Object, java.lang.Object, java.lang.Object, java.lang.Object, java.lang.Object, java.lang.Object, java.lang.Object, java.lang.Object, java.lang.Object, java.lang.Object, java.lang.Object, java.lang.Object, java.lang.Object, java.lang.Object, java.lang.Object, java.lang.Object, java.lang.Object, java.lang.Object, java.lang.Object, java.lang.Object, java.lang.Object, java.lang.Object, java.lang.Object, java.lang.Object, java.lang.Object, java.lang.Object, java.lang.Object, java.lang.Object, java.lang.Object, java.lang.Object, java.lang.Object, java.lang.Object, java.lang.Object, java.lang.Object, java.lang.Object, java.lang.Object, java.lang.Object, java.lang.Object, java.lang.Object, java.lang.Object, java.lang.Object, java.lang.Object, java.lang.Object, java.lang.Object, java.lang.Object, java.lang.Object, java.lang.Object, java.lang.Object, java.lang.Object, java.lang.Object, java.lang.Object, java.lang.Object, java.lang.Object, java.lang.Object, java.lang.Object, java.lang.Object, java.lang.Object, java.lang.Object, java.lang.Object, java.lang.Object, java.lang.Object, java.lang.Object, java.lang.Object, java.lang.Object, java.lang.Object, java.lang.Object, java.lang.Object, java.lang.Object, java.lang.Object, java.lang.Object, java.lang.Object, java.lang.Object, java.lang.Object, java.lang.Object, java.lang.Object, java.lang.Object, java.lang.Object, java.lang.Object, java.lang.Object, java.lang.Object, java.lang.Object, java.lang.Object, java.lang.Object, java.lang.Object, java.lang.Object, java.lang.Object, java.lang.Object, java.lang.Object, java.lang.Object, java.lang.Object, java.lang.Object, java.lang.Object, java.lang.Object, java.lang.Object, java.lang.Object, java.lang.Object, java.lang.Object, java.lang.Object, java.lang.Object, java.lang.Object, java.lang.Object, java.lang.Object, java.lang.Object, java.lang.Object, java.lang.Object, java.lang.Object, java.lang.Object, java.lang.Object, java.lang.Object, java.lang.Object, java.lang.Object] }	INVALID	
netty	io.netty.util.concurrent.FastThreadLocalThread.setThreadLocalMap(io.netty.util.internal.InternalThreadLocalMap)	18	io.netty.util.concurrent.FastThreadLocalThread.setThreadLocalMap(io.netty.util.internal.InternalThreadLocalMap):::ENTER	threadLocalMap.indexedVariables.getClass().getName() == java.lang.Object[].class	VALID	threadLocalMap.indexedVariables.getClass() == Object[].class
netty	io.netty.util.concurrent.FastThreadLocalThread.setThreadLocalMap(io.netty.util.internal.InternalThreadLocalMap)	19	io.netty.util.concurrent.FastThreadLocalThread.setThreadLocalMap(io.netty.util.internal.InternalThreadLocalMap):::ENTER	threadLocalMap.indexedVariables[] contains no nulls and has only one value, of length 32	INVALID	
netty	io.netty.util.concurrent.FastThreadLocalThread.setThreadLocalMap(io.netty.util.internal.InternalThreadLocalMap)	20	io.netty.util.concurrent.FastThreadLocalThread.setThreadLocalMap(io.netty.util.internal.InternalThreadLocalMap):::ENTER	threadLocalMap.indexedVariables[] elements has only one value	INVALID	
netty	io.netty.util.concurrent.FastThreadLocalThread.setThreadLocalMap(io.netty.util.internal.InternalThreadLocalMap)	21	io.netty.util.concurrent.FastThreadLocalThread.setThreadLocalMap(io.netty.util.internal.InternalThreadLocalMap):::ENTER	threadLocalMap.indexedVariables[].getClass().getName() == [java.lang.Object, java.lang.Object, java.lang.Object, java.lang.Object, java.lang.Object, java.lang.Object, java.lang.Object, java.lang.Object, java.lang.Object, java.lang.Object, java.lang.Object, java.lang.Object, java.lang.Object, java.lang.Object, java.lang.Object, java.lang.Object, java.lang.Object, java.lang.Object, java.lang.Object, java.lang.Object, java.lang.Object, java.lang.Object, java.lang.Object, java.lang.Object, java.lang.Object, java.lang.Object, java.lang.Object, java.lang.Object, java.lang.Object, java.lang.Object, java.lang.Object, java.lang.Object]	VALID	threadLocalMap.indexedVariables.length == 32 && java.util.Arrays.stream(threadLocalMap.indexedVariables).allMatch(element -> element != null && element.getClass() == Object.class)
netty	io.netty.util.concurrent.FastThreadLocalThread.setThreadLocalMap(io.netty.util.internal.InternalThreadLocalMap)	22	io.netty.util.concurrent.FastThreadLocalThread.setThreadLocalMap(io.netty.util.internal.InternalThreadLocalMap):::ENTER	threadLocalMap.indexedVariables[].getClass().getName() elements == java.lang.Object.class	VALID	java.util.Arrays.stream(threadLocalMap.indexedVariables).allMatch(element -> element != null && element.getClass() == Object.class)
netty	io.netty.util.concurrent.FastThreadLocalThread.setThreadLocalMap(io.netty.util.internal.InternalThreadLocalMap)	23	io.netty.util.concurrent.FastThreadLocalThread.setThreadLocalMap(io.netty.util.internal.InternalThreadLocalMap):::ENTER	threadLocalMap.futureListenerStackDepth == 0	VALID	threadLocalMap.futureListenerStackDepth == 0
netty	io.netty.util.concurrent.FastThreadLocalThread.setThreadLocalMap(io.netty.util.internal.InternalThreadLocalMap)	24	io.netty.util.concurrent.FastThreadLocalThread.setThreadLocalMap(io.netty.util.internal.InternalThreadLocalMap):::ENTER	threadLocalMap.handlerSharableCache == null	VALID	threadLocalMap.handlerSharableCache == null
netty	io.netty.util.concurrent.FastThreadLocalThread.setThreadLocalMap(io.netty.util.internal.InternalThreadLocalMap)	25	io.netty.util.concurrent.FastThreadLocalThread.setThreadLocalMap(io.netty.util.internal.InternalThreadLocalMap):::ENTER	threadLocalMap.stringBuilder == null	VALID	threadLocalMap.stringBuilder == null
netty	io.netty.util.concurrent.FastThreadLocalThread.setThreadLocalMap(io.netty.util.internal.InternalThreadLocalMap)	26	io.netty.util.concurrent.FastThreadLocalThread.setThreadLocalMap(io.netty.util.internal.InternalThreadLocalMap):::ENTER	threadLocalMap.arrayList == null	VALID	threadLocalMap.arrayList == null
netty	io.netty.util.concurrent.FastThreadLocalThread.setThreadLocalMap(io.netty.util.internal.InternalThreadLocalMap)	27	io.netty.util.concurrent.FastThreadLocalThread.setThreadLocalMap(io.netty.util.internal.InternalThreadLocalMap):::ENTER	threadLocalMap.cleanerFlags == null	VALID	threadLocalMap.cleanerFlags == null
netty	io.netty.util.concurrent.FastThreadLocalThread.setThreadLocalMap(io.netty.util.internal.InternalThreadLocalMap)	28	io.netty.util.concurrent.FastThreadLocalThread.setThreadLocalMap(io.netty.util.internal.InternalThreadLocalMap):::ENTER	io.netty.util.internal.InternalThreadLocalMap.UNSET in threadLocalMap.indexedVariables[]	VALID	java.util.Arrays.stream(threadLocalMap.indexedVariables).anyMatch(element -> element == io.netty.util.internal.InternalThreadLocalMap.UNSET)
netty	io.netty.util.concurrent.FastThreadLocalThread.setThreadLocalMap(io.netty.util.internal.InternalThreadLocalMap)	29	io.netty.util.concurrent.FastThreadLocalThread.setThreadLocalMap(io.netty.util.internal.InternalThreadLocalMap):::ENTER	threadLocalMap.indexedVariables[] elements == io.netty.util.internal.InternalThreadLocalMap.UNSET	VALID	java.util.Arrays.stream(threadLocalMap.indexedVariables).allMatch(element -> element == io.netty.util.internal.InternalThreadLocalMap.UNSET)
netty	io.netty.util.concurrent.FastThreadLocalThread.setThreadLocalMap(io.netty.util.internal.InternalThreadLocalMap)	30	io.netty.util.concurrent.FastThreadLocalThread.setThreadLocalMap(io.netty.util.internal.InternalThreadLocalMap):::ENTER	io.netty.util.internal.InternalThreadLocalMap.UNSET.getClass().getName() in threadLocalMap.indexedVariables[].getClass().getName()	VALID	java.util.Arrays.stream(threadLocalMap.indexedVariables).anyMatch(element -> element != null && io.netty.util.internal.InternalThreadLocalMap.UNSET.getClass().getName().equals(element.getClass().getName()))
netty	io.netty.util.concurrent.FastThreadLocalThread.setThreadLocalMap(io.netty.util.internal.InternalThreadLocalMap)	31	io.netty.util.concurrent.FastThreadLocalThread.setThreadLocalMap(io.netty.util.internal.InternalThreadLocalMap):::EXIT	io.netty.util.concurrent.FastThreadLocalThread.logger == orig(io.netty.util.concurrent.FastThreadLocalThread.logger)	INVALID	
netty	io.netty.util.concurrent.FastThreadLocalThread.setThreadLocalMap(io.netty.util.internal.InternalThreadLocalMap)	32	io.netty.util.concurrent.FastThreadLocalThread.setThreadLocalMap(io.netty.util.internal.InternalThreadLocalMap):::EXIT	io.netty.util.concurrent.FastThreadLocalThread.logger.getClass().getName() == orig(io.netty.util.concurrent.FastThreadLocalThread.logger.getClass().getName())	INVALID	
netty	io.netty.util.concurrent.FastThreadLocalThread.setThreadLocalMap(io.netty.util.internal.InternalThreadLocalMap)	33	io.netty.util.concurrent.FastThreadLocalThread.setThreadLocalMap(io.netty.util.internal.InternalThreadLocalMap):::EXIT	io.netty.util.concurrent.FastThreadLocalThread.logger.getClass().getName() == orig(io.netty.util.internal.InternalThreadLocalMap.logger.getClass().getName())	INVALID	
netty	io.netty.util.concurrent.FastThreadLocalThread.setThreadLocalMap(io.netty.util.internal.InternalThreadLocalMap)	34	io.netty.util.concurrent.FastThreadLocalThread.setThreadLocalMap(io.netty.util.internal.InternalThreadLocalMap):::EXIT	io.netty.util.concurrent.FastThreadLocalThread.fallbackThreads == orig(io.netty.util.concurrent.FastThreadLocalThread.fallbackThreads)	INVALID	
netty	io.netty.util.concurrent.FastThreadLocalThread.setThreadLocalMap(io.netty.util.internal.InternalThreadLocalMap)	35	io.netty.util.concurrent.FastThreadLocalThread.setThreadLocalMap(io.netty.util.internal.InternalThreadLocalMap):::EXIT	this.cleanupFastThreadLocals == orig(this.cleanupFastThreadLocals)	INVALID	
netty	io.netty.util.concurrent.FastThreadLocalThread.setThreadLocalMap(io.netty.util.internal.InternalThreadLocalMap)	36	io.netty.util.concurrent.FastThreadLocalThread.setThreadLocalMap(io.netty.util.internal.InternalThreadLocalMap):::EXIT	this.threadLocalMap == orig(threadLocalMap)	INVALID	
netty	io.netty.util.concurrent.FastThreadLocalThread.setThreadLocalMap(io.netty.util.internal.InternalThreadLocalMap)	37	io.netty.util.concurrent.FastThreadLocalThread.setThreadLocalMap(io.netty.util.internal.InternalThreadLocalMap):::EXIT	io.netty.util.internal.InternalThreadLocalMap.slowThreadLocalMap == orig(io.netty.util.internal.InternalThreadLocalMap.slowThreadLocalMap)	INVALID	
netty	io.netty.util.concurrent.FastThreadLocalThread.setThreadLocalMap(io.netty.util.internal.InternalThreadLocalMap)	38	io.netty.util.concurrent.FastThreadLocalThread.setThreadLocalMap(io.netty.util.internal.InternalThreadLocalMap):::EXIT	io.netty.util.internal.InternalThreadLocalMap.nextIndex == orig(io.netty.util.internal.InternalThreadLocalMap.nextIndex)	INVALID	
netty	io.netty.util.concurrent.FastThreadLocalThread.setThreadLocalMap(io.netty.util.internal.InternalThreadLocalMap)	39	io.netty.util.concurrent.FastThreadLocalThread.setThreadLocalMap(io.netty.util.internal.InternalThreadLocalMap):::EXIT	io.netty.util.internal.InternalThreadLocalMap.VARIABLES_TO_REMOVE_INDEX == threadLocalMap.futureListenerStackDepth	VALID	io.netty.util.internal.InternalThreadLocalMap.VARIABLES_TO_REMOVE_INDEX == threadLocalMap.futureListenerStackDepth
netty	io.netty.util.concurrent.FastThreadLocalThread.setThreadLocalMap(io.netty.util.internal.InternalThreadLocalMap)	40	io.netty.util.concurrent.FastThreadLocalThread.setThreadLocalMap(io.netty.util.internal.InternalThreadLocalMap):::EXIT	io.netty.util.internal.InternalThreadLocalMap.VARIABLES_TO_REMOVE_INDEX == orig(io.netty.util.internal.InternalThreadLocalMap.VARIABLES_TO_REMOVE_INDEX)	INVALID	
netty	io.netty.util.concurrent.FastThreadLocalThread.setThreadLocalMap(io.netty.util.internal.InternalThreadLocalMap)	41	io.netty.util.concurrent.FastThreadLocalThread.setThreadLocalMap(io.netty.util.internal.InternalThreadLocalMap):::EXIT	io.netty.util.internal.InternalThreadLocalMap.VARIABLES_TO_REMOVE_INDEX == orig(this.threadLocalMap.futureListenerStackDepth)	INVALID	
netty	io.netty.util.concurrent.FastThreadLocalThread.setThreadLocalMap(io.netty.util.internal.InternalThreadLocalMap)	42	io.netty.util.concurrent.FastThreadLocalThread.setThreadLocalMap(io.netty.util.internal.InternalThreadLocalMap):::EXIT	io.netty.util.internal.InternalThreadLocalMap.STRING_BUILDER_INITIAL_SIZE == orig(io.netty.util.internal.InternalThreadLocalMap.STRING_BUILDER_INITIAL_SIZE)	INVALID	
netty	io.netty.util.concurrent.FastThreadLocalThread.setThreadLocalMap(io.netty.util.internal.InternalThreadLocalMap)	43	io.netty.util.concurrent.FastThreadLocalThread.setThreadLocalMap(io.netty.util.internal.InternalThreadLocalMap):::EXIT	io.netty.util.internal.InternalThreadLocalMap.STRING_BUILDER_MAX_SIZE == orig(io.netty.util.internal.InternalThreadLocalMap.STRING_BUILDER_MAX_SIZE)	INVALID	
netty	io.netty.util.concurrent.FastThreadLocalThread.setThreadLocalMap(io.netty.util.internal.InternalThreadLocalMap)	44	io.netty.util.concurrent.FastThreadLocalThread.setThreadLocalMap(io.netty.util.internal.InternalThreadLocalMap):::EXIT	io.netty.util.internal.InternalThreadLocalMap.logger == orig(io.netty.util.internal.InternalThreadLocalMap.logger)	INVALID	
netty	io.netty.util.concurrent.FastThreadLocalThread.setThreadLocalMap(io.netty.util.internal.InternalThreadLocalMap)	45	io.netty.util.concurrent.FastThreadLocalThread.setThreadLocalMap(io.netty.util.internal.InternalThreadLocalMap):::EXIT	io.netty.util.internal.InternalThreadLocalMap.UNSET == orig(io.netty.util.internal.InternalThreadLocalMap.UNSET)	INVALID	
netty	io.netty.util.concurrent.FastThreadLocalThread.setThreadLocalMap(io.netty.util.internal.InternalThreadLocalMap)	46	io.netty.util.concurrent.FastThreadLocalThread.setThreadLocalMap(io.netty.util.internal.InternalThreadLocalMap):::EXIT	io.netty.util.internal.InternalThreadLocalMap.UNSET.getClass().getName() == orig(io.netty.util.internal.InternalThreadLocalMap.UNSET.getClass().getName())	INVALID	
netty	io.netty.util.concurrent.FastThreadLocalThread.setThreadLocalMap(io.netty.util.internal.InternalThreadLocalMap)	47	io.netty.util.concurrent.FastThreadLocalThread.setThreadLocalMap(io.netty.util.internal.InternalThreadLocalMap):::EXIT	this.threadLocalMap.indexedVariables == threadLocalMap.indexedVariables	VALID	this.threadLocalMap.indexedVariables == threadLocalMap.indexedVariables
netty	io.netty.util.concurrent.FastThreadLocalThread.setThreadLocalMap(io.netty.util.internal.InternalThreadLocalMap)	48	io.netty.util.concurrent.FastThreadLocalThread.setThreadLocalMap(io.netty.util.internal.InternalThreadLocalMap):::EXIT	this.threadLocalMap.indexedVariables.getClass().getName() == threadLocalMap.indexedVariables.getClass().getName()	VALID	this.threadLocalMap.indexedVariables.getClass().getName().equals(threadLocalMap.indexedVariables.getClass().getName())
netty	io.netty.util.concurrent.FastThreadLocalThread.setThreadLocalMap(io.netty.util.internal.InternalThreadLocalMap)	49	io.netty.util.concurrent.FastThreadLocalThread.setThreadLocalMap(io.netty.util.internal.InternalThreadLocalMap):::EXIT	this.threadLocalMap.indexedVariables[] == threadLocalMap.indexedVariables[]	VALID	java.util.Arrays.equals(this.threadLocalMap.indexedVariables, threadLocalMap.indexedVariables)
netty	io.netty.util.concurrent.FastThreadLocalThread.setThreadLocalMap(io.netty.util.internal.InternalThreadLocalMap)	50	io.netty.util.concurrent.FastThreadLocalThread.setThreadLocalMap(io.netty.util.internal.InternalThreadLocalMap):::EXIT	this.threadLocalMap.futureListenerStackDepth == threadLocalMap.futureListenerStackDepth	VALID	this.threadLocalMap.futureListenerStackDepth == threadLocalMap.futureListenerStackDepth
netty	io.netty.util.concurrent.FastThreadLocalThread.setThreadLocalMap(io.netty.util.internal.InternalThreadLocalMap)	51	io.netty.util.concurrent.FastThreadLocalThread.setThreadLocalMap(io.netty.util.internal.InternalThreadLocalMap):::EXIT	this.threadLocalMap.localChannelReaderStackDepth == threadLocalMap.futureListenerStackDepth	VALID	this.threadLocalMap.localChannelReaderStackDepth == threadLocalMap.futureListenerStackDepth
netty	io.netty.util.concurrent.FastThreadLocalThread.setThreadLocalMap(io.netty.util.internal.InternalThreadLocalMap)	52	io.netty.util.concurrent.FastThreadLocalThread.setThreadLocalMap(io.netty.util.internal.InternalThreadLocalMap):::EXIT	this.threadLocalMap.handlerSharableCache == threadLocalMap.handlerSharableCache	VALID	this.threadLocalMap.handlerSharableCache == threadLocalMap.handlerSharableCache
netty	io.netty.util.concurrent.FastThreadLocalThread.setThreadLocalMap(io.netty.util.internal.InternalThreadLocalMap)	53	io.netty.util.concurrent.FastThreadLocalThread.setThreadLocalMap(io.netty.util.internal.InternalThreadLocalMap):::EXIT	this.threadLocalMap.typeParameterMatcherGetCache == threadLocalMap.handlerSharableCache	VALID	this.threadLocalMap.typeParameterMatcherGetCache == threadLocalMap.handlerSharableCache
netty	io.netty.util.concurrent.FastThreadLocalThread.setThreadLocalMap(io.netty.util.internal.InternalThreadLocalMap)	54	io.netty.util.concurrent.FastThreadLocalThread.setThreadLocalMap(io.netty.util.internal.InternalThreadLocalMap):::EXIT	this.threadLocalMap.typeParameterMatcherFindCache == threadLocalMap.handlerSharableCache	VALID	this.threadLocalMap.typeParameterMatcherFindCache == threadLocalMap.handlerSharableCache
netty	io.netty.util.concurrent.FastThreadLocalThread.setThreadLocalMap(io.netty.util.internal.InternalThreadLocalMap)	55	io.netty.util.concurrent.FastThreadLocalThread.setThreadLocalMap(io.netty.util.internal.InternalThreadLocalMap):::EXIT	this.threadLocalMap.stringBuilder == threadLocalMap.stringBuilder	VALID	this.threadLocalMap.stringBuilder == threadLocalMap.stringBuilder
netty	io.netty.util.concurrent.FastThreadLocalThread.setThreadLocalMap(io.netty.util.internal.InternalThreadLocalMap)	56	io.netty.util.concurrent.FastThreadLocalThread.setThreadLocalMap(io.netty.util.internal.InternalThreadLocalMap):::EXIT	this.threadLocalMap.charsetEncoderCache == threadLocalMap.handlerSharableCache	VALID	this.threadLocalMap.charsetEncoderCache == threadLocalMap.handlerSharableCache
netty	io.netty.util.concurrent.FastThreadLocalThread.setThreadLocalMap(io.netty.util.internal.InternalThreadLocalMap)	57	io.netty.util.concurrent.FastThreadLocalThread.setThreadLocalMap(io.netty.util.internal.InternalThreadLocalMap):::EXIT	this.threadLocalMap.charsetDecoderCache == threadLocalMap.handlerSharableCache	VALID	this.threadLocalMap.charsetDecoderCache == threadLocalMap.handlerSharableCache
netty	io.netty.util.concurrent.FastThreadLocalThread.setThreadLocalMap(io.netty.util.internal.InternalThreadLocalMap)	58	io.netty.util.concurrent.FastThreadLocalThread.setThreadLocalMap(io.netty.util.internal.InternalThreadLocalMap):::EXIT	this.threadLocalMap.arrayList == threadLocalMap.arrayList	VALID	this.threadLocalMap.arrayList == threadLocalMap.arrayList
netty	io.netty.util.concurrent.FastThreadLocalThread.setThreadLocalMap(io.netty.util.internal.InternalThreadLocalMap)	59	io.netty.util.concurrent.FastThreadLocalThread.setThreadLocalMap(io.netty.util.internal.InternalThreadLocalMap):::EXIT	this.threadLocalMap.cleanerFlags == threadLocalMap.cleanerFlags	VALID	this.threadLocalMap.cleanerFlags == threadLocalMap.cleanerFlags
netty	io.netty.util.concurrent.FastThreadLocalThread.setThreadLocalMap(io.netty.util.internal.InternalThreadLocalMap)	60	io.netty.util.concurrent.FastThreadLocalThread.setThreadLocalMap(io.netty.util.internal.InternalThreadLocalMap):::EXIT	this.threadLocalMap.rp1 == threadLocalMap.futureListenerStackDepth	VALID	this.threadLocalMap.rp1 == threadLocalMap.futureListenerStackDepth
netty	io.netty.util.concurrent.FastThreadLocalThread.setThreadLocalMap(io.netty.util.internal.InternalThreadLocalMap)	61	io.netty.util.concurrent.FastThreadLocalThread.setThreadLocalMap(io.netty.util.internal.InternalThreadLocalMap):::EXIT	this.threadLocalMap.rp2 == threadLocalMap.futureListenerStackDepth	VALID	this.threadLocalMap.rp2 == threadLocalMap.futureListenerStackDepth
netty	io.netty.util.concurrent.FastThreadLocalThread.setThreadLocalMap(io.netty.util.internal.InternalThreadLocalMap)	62	io.netty.util.concurrent.FastThreadLocalThread.setThreadLocalMap(io.netty.util.internal.InternalThreadLocalMap):::EXIT	this.threadLocalMap.rp3 == threadLocalMap.futureListenerStackDepth	VALID	this.threadLocalMap.rp3 == threadLocalMap.futureListenerStackDepth
netty	io.netty.util.concurrent.FastThreadLocalThread.setThreadLocalMap(io.netty.util.internal.InternalThreadLocalMap)	63	io.netty.util.concurrent.FastThreadLocalThread.setThreadLocalMap(io.netty.util.internal.InternalThreadLocalMap):::EXIT	this.threadLocalMap.rp4 == threadLocalMap.futureListenerStackDepth	VALID	this.threadLocalMap.rp4 == threadLocalMap.futureListenerStackDepth
netty	io.netty.util.concurrent.FastThreadLocalThread.setThreadLocalMap(io.netty.util.internal.InternalThreadLocalMap)	64	io.netty.util.concurrent.FastThreadLocalThread.setThreadLocalMap(io.netty.util.internal.InternalThreadLocalMap):::EXIT	this.threadLocalMap.rp5 == threadLocalMap.futureListenerStackDepth	VALID	this.threadLocalMap.rp5 == threadLocalMap.futureListenerStackDepth
netty	io.netty.util.concurrent.FastThreadLocalThread.setThreadLocalMap(io.netty.util.internal.InternalThreadLocalMap)	65	io.netty.util.concurrent.FastThreadLocalThread.setThreadLocalMap(io.netty.util.internal.InternalThreadLocalMap):::EXIT	this.threadLocalMap.rp6 == threadLocalMap.futureListenerStackDepth	VALID	this.threadLocalMap.rp6 == threadLocalMap.futureListenerStackDepth
netty	io.netty.util.concurrent.FastThreadLocalThread.setThreadLocalMap(io.netty.util.internal.InternalThreadLocalMap)	66	io.netty.util.concurrent.FastThreadLocalThread.setThreadLocalMap(io.netty.util.internal.InternalThreadLocalMap):::EXIT	this.threadLocalMap.rp7 == threadLocalMap.futureListenerStackDepth	VALID	this.threadLocalMap.rp7 == threadLocalMap.futureListenerStackDepth
netty	io.netty.util.concurrent.FastThreadLocalThread.setThreadLocalMap(io.netty.util.internal.InternalThreadLocalMap)	67	io.netty.util.concurrent.FastThreadLocalThread.setThreadLocalMap(io.netty.util.internal.InternalThreadLocalMap):::EXIT	this.threadLocalMap.rp8 == threadLocalMap.futureListenerStackDepth	VALID	this.threadLocalMap.rp8 == threadLocalMap.futureListenerStackDepth
netty	io.netty.util.concurrent.FastThreadLocalThread.setThreadLocalMap(io.netty.util.internal.InternalThreadLocalMap)	68	io.netty.util.concurrent.FastThreadLocalThread.setThreadLocalMap(io.netty.util.internal.InternalThreadLocalMap):::EXIT	threadLocalMap.indexedVariables == orig(threadLocalMap.indexedVariables)	INVALID	
netty	io.netty.util.concurrent.FastThreadLocalThread.setThreadLocalMap(io.netty.util.internal.InternalThreadLocalMap)	69	io.netty.util.concurrent.FastThreadLocalThread.setThreadLocalMap(io.netty.util.internal.InternalThreadLocalMap):::EXIT	threadLocalMap.indexedVariables.getClass().getName() == orig(threadLocalMap.indexedVariables.getClass().getName())	INVALID	
netty	io.netty.util.concurrent.FastThreadLocalThread.setThreadLocalMap(io.netty.util.internal.InternalThreadLocalMap)	70	io.netty.util.concurrent.FastThreadLocalThread.setThreadLocalMap(io.netty.util.internal.InternalThreadLocalMap):::EXIT	threadLocalMap.indexedVariables[] == orig(threadLocalMap.indexedVariables[])	INVALID	
netty	io.netty.util.concurrent.FastThreadLocalThread.setThreadLocalMap(io.netty.util.internal.InternalThreadLocalMap)	71	io.netty.util.concurrent.FastThreadLocalThread.setThreadLocalMap(io.netty.util.internal.InternalThreadLocalMap):::EXIT	threadLocalMap.futureListenerStackDepth == threadLocalMap.localChannelReaderStackDepth	VALID	threadLocalMap.futureListenerStackDepth == threadLocalMap.localChannelReaderStackDepth
netty	io.netty.util.concurrent.FastThreadLocalThread.setThreadLocalMap(io.netty.util.internal.InternalThreadLocalMap)	72	io.netty.util.concurrent.FastThreadLocalThread.setThreadLocalMap(io.netty.util.internal.InternalThreadLocalMap):::EXIT	threadLocalMap.futureListenerStackDepth == threadLocalMap.rp1	VALID	threadLocalMap.futureListenerStackDepth == threadLocalMap.rp1
netty	io.netty.util.concurrent.FastThreadLocalThread.setThreadLocalMap(io.netty.util.internal.InternalThreadLocalMap)	73	io.netty.util.concurrent.FastThreadLocalThread.setThreadLocalMap(io.netty.util.internal.InternalThreadLocalMap):::EXIT	threadLocalMap.futureListenerStackDepth == threadLocalMap.rp2	VALID	threadLocalMap.futureListenerStackDepth == threadLocalMap.rp2
netty	io.netty.util.concurrent.FastThreadLocalThread.setThreadLocalMap(io.netty.util.internal.InternalThreadLocalMap)	74	io.netty.util.concurrent.FastThreadLocalThread.setThreadLocalMap(io.netty.util.internal.InternalThreadLocalMap):::EXIT	threadLocalMap.futureListenerStackDepth == threadLocalMap.rp3	VALID	threadLocalMap.futureListenerStackDepth == threadLocalMap.rp3
netty	io.netty.util.concurrent.FastThreadLocalThread.setThreadLocalMap(io.netty.util.internal.InternalThreadLocalMap)	75	io.netty.util.concurrent.FastThreadLocalThread.setThreadLocalMap(io.netty.util.internal.InternalThreadLocalMap):::EXIT	threadLocalMap.futureListenerStackDepth == threadLocalMap.rp4	VALID	threadLocalMap.futureListenerStackDepth == threadLocalMap.rp4
netty	io.netty.util.concurrent.FastThreadLocalThread.setThreadLocalMap(io.netty.util.internal.InternalThreadLocalMap)	76	io.netty.util.concurrent.FastThreadLocalThread.setThreadLocalMap(io.netty.util.internal.InternalThreadLocalMap):::EXIT	threadLocalMap.futureListenerStackDepth == threadLocalMap.rp5	VALID	threadLocalMap.futureListenerStackDepth == threadLocalMap.rp5
netty	io.netty.util.concurrent.FastThreadLocalThread.setThreadLocalMap(io.netty.util.internal.InternalThreadLocalMap)	77	io.netty.util.concurrent.FastThreadLocalThread.setThreadLocalMap(io.netty.util.internal.InternalThreadLocalMap):::EXIT	threadLocalMap.futureListenerStackDepth == threadLocalMap.rp6	VALID	threadLocalMap.futureListenerStackDepth == threadLocalMap.rp6
netty	io.netty.util.concurrent.FastThreadLocalThread.setThreadLocalMap(io.netty.util.internal.InternalThreadLocalMap)	78	io.netty.util.concurrent.FastThreadLocalThread.setThreadLocalMap(io.netty.util.internal.InternalThreadLocalMap):::EXIT	threadLocalMap.futureListenerStackDepth == threadLocalMap.rp7	VALID	threadLocalMap.futureListenerStackDepth == threadLocalMap.rp7
netty	io.netty.util.concurrent.FastThreadLocalThread.setThreadLocalMap(io.netty.util.internal.InternalThreadLocalMap)	79	io.netty.util.concurrent.FastThreadLocalThread.setThreadLocalMap(io.netty.util.internal.InternalThreadLocalMap):::EXIT	threadLocalMap.futureListenerStackDepth == threadLocalMap.rp8	VALID	threadLocalMap.futureListenerStackDepth == threadLocalMap.rp8
netty	io.netty.util.concurrent.FastThreadLocalThread.setThreadLocalMap(io.netty.util.internal.InternalThreadLocalMap)	80	io.netty.util.concurrent.FastThreadLocalThread.setThreadLocalMap(io.netty.util.internal.InternalThreadLocalMap):::EXIT	threadLocalMap.futureListenerStackDepth == orig(threadLocalMap.futureListenerStackDepth)	INVALID	
netty	io.netty.util.concurrent.FastThreadLocalThread.setThreadLocalMap(io.netty.util.internal.InternalThreadLocalMap)	81	io.netty.util.concurrent.FastThreadLocalThread.setThreadLocalMap(io.netty.util.internal.InternalThreadLocalMap):::EXIT	threadLocalMap.futureListenerStackDepth == orig(threadLocalMap.localChannelReaderStackDepth)	INVALID	
netty	io.netty.util.concurrent.FastThreadLocalThread.setThreadLocalMap(io.netty.util.internal.InternalThreadLocalMap)	82	io.netty.util.concurrent.FastThreadLocalThread.setThreadLocalMap(io.netty.util.internal.InternalThreadLocalMap):::EXIT	threadLocalMap.futureListenerStackDepth == orig(threadLocalMap.rp1)	INVALID	
netty	io.netty.util.concurrent.FastThreadLocalThread.setThreadLocalMap(io.netty.util.internal.InternalThreadLocalMap)	83	io.netty.util.concurrent.FastThreadLocalThread.setThreadLocalMap(io.netty.util.internal.InternalThreadLocalMap):::EXIT	threadLocalMap.futureListenerStackDepth == orig(threadLocalMap.rp2)	INVALID	
netty	io.netty.util.concurrent.FastThreadLocalThread.setThreadLocalMap(io.netty.util.internal.InternalThreadLocalMap)	84	io.netty.util.concurrent.FastThreadLocalThread.setThreadLocalMap(io.netty.util.internal.InternalThreadLocalMap):::EXIT	threadLocalMap.futureListenerStackDepth == orig(threadLocalMap.rp3)	INVALID	
netty	io.netty.util.concurrent.FastThreadLocalThread.setThreadLocalMap(io.netty.util.internal.InternalThreadLocalMap)	85	io.netty.util.concurrent.FastThreadLocalThread.setThreadLocalMap(io.netty.util.internal.InternalThreadLocalMap):::EXIT	threadLocalMap.futureListenerStackDepth == orig(threadLocalMap.rp4)	INVALID	
netty	io.netty.util.concurrent.FastThreadLocalThread.setThreadLocalMap(io.netty.util.internal.InternalThreadLocalMap)	86	io.netty.util.concurrent.FastThreadLocalThread.setThreadLocalMap(io.netty.util.internal.InternalThreadLocalMap):::EXIT	threadLocalMap.futureListenerStackDepth == orig(threadLocalMap.rp5)	INVALID	
netty	io.netty.util.concurrent.FastThreadLocalThread.setThreadLocalMap(io.netty.util.internal.InternalThreadLocalMap)	87	io.netty.util.concurrent.FastThreadLocalThread.setThreadLocalMap(io.netty.util.internal.InternalThreadLocalMap):::EXIT	threadLocalMap.futureListenerStackDepth == orig(threadLocalMap.rp6)	INVALID	
netty	io.netty.util.concurrent.FastThreadLocalThread.setThreadLocalMap(io.netty.util.internal.InternalThreadLocalMap)	88	io.netty.util.concurrent.FastThreadLocalThread.setThreadLocalMap(io.netty.util.internal.InternalThreadLocalMap):::EXIT	threadLocalMap.futureListenerStackDepth == orig(threadLocalMap.rp7)	INVALID	
netty	io.netty.util.concurrent.FastThreadLocalThread.setThreadLocalMap(io.netty.util.internal.InternalThreadLocalMap)	89	io.netty.util.concurrent.FastThreadLocalThread.setThreadLocalMap(io.netty.util.internal.InternalThreadLocalMap):::EXIT	threadLocalMap.futureListenerStackDepth == orig(threadLocalMap.rp8)	INVALID	
netty	io.netty.util.concurrent.FastThreadLocalThread.setThreadLocalMap(io.netty.util.internal.InternalThreadLocalMap)	90	io.netty.util.concurrent.FastThreadLocalThread.setThreadLocalMap(io.netty.util.internal.InternalThreadLocalMap):::EXIT	threadLocalMap.handlerSharableCache == threadLocalMap.typeParameterMatcherGetCache	VALID	threadLocalMap.handlerSharableCache == threadLocalMap.typeParameterMatcherGetCache
netty	io.netty.util.concurrent.FastThreadLocalThread.setThreadLocalMap(io.netty.util.internal.InternalThreadLocalMap)	91	io.netty.util.concurrent.FastThreadLocalThread.setThreadLocalMap(io.netty.util.internal.InternalThreadLocalMap):::EXIT	threadLocalMap.handlerSharableCache == threadLocalMap.typeParameterMatcherFindCache	VALID	threadLocalMap.handlerSharableCache == threadLocalMap.typeParameterMatcherFindCache
netty	io.netty.util.concurrent.FastThreadLocalThread.setThreadLocalMap(io.netty.util.internal.InternalThreadLocalMap)	92	io.netty.util.concurrent.FastThreadLocalThread.setThreadLocalMap(io.netty.util.internal.InternalThreadLocalMap):::EXIT	threadLocalMap.handlerSharableCache == threadLocalMap.charsetEncoderCache	VALID	threadLocalMap.handlerSharableCache == threadLocalMap.charsetEncoderCache
netty	io.netty.util.concurrent.FastThreadLocalThread.setThreadLocalMap(io.netty.util.internal.InternalThreadLocalMap)	93	io.netty.util.concurrent.FastThreadLocalThread.setThreadLocalMap(io.netty.util.internal.InternalThreadLocalMap):::EXIT	threadLocalMap.handlerSharableCache == threadLocalMap.charsetDecoderCache	VALID	threadLocalMap.handlerSharableCache == threadLocalMap.charsetDecoderCache
netty	io.netty.util.concurrent.FastThreadLocalThread.setThreadLocalMap(io.netty.util.internal.InternalThreadLocalMap)	94	io.netty.util.concurrent.FastThreadLocalThread.setThreadLocalMap(io.netty.util.internal.InternalThreadLocalMap):::EXIT	threadLocalMap.handlerSharableCache == orig(threadLocalMap.handlerSharableCache)	INVALID	
netty	io.netty.util.concurrent.FastThreadLocalThread.setThreadLocalMap(io.netty.util.internal.InternalThreadLocalMap)	95	io.netty.util.concurrent.FastThreadLocalThread.setThreadLocalMap(io.netty.util.internal.InternalThreadLocalMap):::EXIT	threadLocalMap.handlerSharableCache == orig(threadLocalMap.typeParameterMatcherGetCache)	INVALID	
netty	io.netty.util.concurrent.FastThreadLocalThread.setThreadLocalMap(io.netty.util.internal.InternalThreadLocalMap)	96	io.netty.util.concurrent.FastThreadLocalThread.setThreadLocalMap(io.netty.util.internal.InternalThreadLocalMap):::EXIT	threadLocalMap.handlerSharableCache == orig(threadLocalMap.typeParameterMatcherFindCache)	INVALID	
netty	io.netty.util.concurrent.FastThreadLocalThread.setThreadLocalMap(io.netty.util.internal.InternalThreadLocalMap)	97	io.netty.util.concurrent.FastThreadLocalThread.setThreadLocalMap(io.netty.util.internal.InternalThreadLocalMap):::EXIT	threadLocalMap.handlerSharableCache == orig(threadLocalMap.charsetEncoderCache)	INVALID	
netty	io.netty.util.concurrent.FastThreadLocalThread.setThreadLocalMap(io.netty.util.internal.InternalThreadLocalMap)	98	io.netty.util.concurrent.FastThreadLocalThread.setThreadLocalMap(io.netty.util.internal.InternalThreadLocalMap):::EXIT	threadLocalMap.handlerSharableCache == orig(threadLocalMap.charsetDecoderCache)	INVALID	
netty	io.netty.util.concurrent.FastThreadLocalThread.setThreadLocalMap(io.netty.util.internal.InternalThreadLocalMap)	99	io.netty.util.concurrent.FastThreadLocalThread.setThreadLocalMap(io.netty.util.internal.InternalThreadLocalMap):::EXIT	threadLocalMap.stringBuilder == orig(threadLocalMap.stringBuilder)	INVALID	
netty	io.netty.util.concurrent.FastThreadLocalThread.setThreadLocalMap(io.netty.util.internal.InternalThreadLocalMap)	100	io.netty.util.concurrent.FastThreadLocalThread.setThreadLocalMap(io.netty.util.internal.InternalThreadLocalMap):::EXIT	threadLocalMap.arrayList == orig(threadLocalMap.arrayList)	INVALID	
netty	io.netty.util.concurrent.FastThreadLocalThread.setThreadLocalMap(io.netty.util.internal.InternalThreadLocalMap)	101	io.netty.util.concurrent.FastThreadLocalThread.setThreadLocalMap(io.netty.util.internal.InternalThreadLocalMap):::EXIT	threadLocalMap.cleanerFlags == orig(threadLocalMap.cleanerFlags)	INVALID	
netty	io.netty.util.concurrent.FastThreadLocalThread.setThreadLocalMap(io.netty.util.internal.InternalThreadLocalMap)	102	io.netty.util.concurrent.FastThreadLocalThread.setThreadLocalMap(io.netty.util.internal.InternalThreadLocalMap):::EXIT	this.cleanupFastThreadLocals == true	VALID	this.cleanupFastThreadLocals == true
netty	io.netty.util.concurrent.FastThreadLocalThread.setThreadLocalMap(io.netty.util.internal.InternalThreadLocalMap)	103	io.netty.util.concurrent.FastThreadLocalThread.setThreadLocalMap(io.netty.util.internal.InternalThreadLocalMap):::EXIT	threadLocalMap.indexedVariables.getClass().getName() == java.lang.Object[].class	VALID	threadLocalMap.indexedVariables.getClass() == Object[].class
netty	io.netty.util.concurrent.FastThreadLocalThread.setThreadLocalMap(io.netty.util.internal.InternalThreadLocalMap)	104	io.netty.util.concurrent.FastThreadLocalThread.setThreadLocalMap(io.netty.util.internal.InternalThreadLocalMap):::EXIT	threadLocalMap.indexedVariables[] contains no nulls and has only one value, of length 32	INVALID	
netty	io.netty.util.concurrent.FastThreadLocalThread.setThreadLocalMap(io.netty.util.internal.InternalThreadLocalMap)	105	io.netty.util.concurrent.FastThreadLocalThread.setThreadLocalMap(io.netty.util.internal.InternalThreadLocalMap):::EXIT	threadLocalMap.indexedVariables[] elements has only one value	INVALID	
netty	io.netty.util.concurrent.FastThreadLocalThread.setThreadLocalMap(io.netty.util.internal.InternalThreadLocalMap)	106	io.netty.util.concurrent.FastThreadLocalThread.setThreadLocalMap(io.netty.util.internal.InternalThreadLocalMap):::EXIT	threadLocalMap.indexedVariables[].getClass().getName() == [java.lang.Object, java.lang.Object, java.lang.Object, java.lang.Object, java.lang.Object, java.lang.Object, java.lang.Object, java.lang.Object, java.lang.Object, java.lang.Object, java.lang.Object, java.lang.Object, java.lang.Object, java.lang.Object, java.lang.Object, java.lang.Object, java.lang.Object, java.lang.Object, java.lang.Object, java.lang.Object, java.lang.Object, java.lang.Object, java.lang.Object, java.lang.Object, java.lang.Object, java.lang.Object, java.lang.Object, java.lang.Object, java.lang.Object, java.lang.Object, java.lang.Object, java.lang.Object]	VALID	threadLocalMap.indexedVariables.length == 32 && java.util.Arrays.stream(threadLocalMap.indexedVariables).allMatch(element -> element != null && element.getClass() == Object.class)
netty	io.netty.util.concurrent.FastThreadLocalThread.setThreadLocalMap(io.netty.util.internal.InternalThreadLocalMap)	107	io.netty.util.concurrent.FastThreadLocalThread.setThreadLocalMap(io.netty.util.internal.InternalThreadLocalMap):::EXIT	threadLocalMap.indexedVariables[].getClass().getName() elements == java.lang.Object.class	VALID	java.util.Arrays.stream(threadLocalMap.indexedVariables).allMatch(element -> element != null && element.getClass() == Object.class)
netty	io.netty.util.concurrent.FastThreadLocalThread.setThreadLocalMap(io.netty.util.internal.InternalThreadLocalMap)	108	io.netty.util.concurrent.FastThreadLocalThread.setThreadLocalMap(io.netty.util.internal.InternalThreadLocalMap):::EXIT	threadLocalMap.futureListenerStackDepth == 0	VALID	threadLocalMap.futureListenerStackDepth == 0
netty	io.netty.util.concurrent.FastThreadLocalThread.setThreadLocalMap(io.netty.util.internal.InternalThreadLocalMap)	109	io.netty.util.concurrent.FastThreadLocalThread.setThreadLocalMap(io.netty.util.internal.InternalThreadLocalMap):::EXIT	threadLocalMap.handlerSharableCache == null	VALID	threadLocalMap.handlerSharableCache == null
netty	io.netty.util.concurrent.FastThreadLocalThread.setThreadLocalMap(io.netty.util.internal.InternalThreadLocalMap)	110	io.netty.util.concurrent.FastThreadLocalThread.setThreadLocalMap(io.netty.util.internal.InternalThreadLocalMap):::EXIT	threadLocalMap.stringBuilder == null	VALID	threadLocalMap.stringBuilder == null
netty	io.netty.util.concurrent.FastThreadLocalThread.setThreadLocalMap(io.netty.util.internal.InternalThreadLocalMap)	111	io.netty.util.concurrent.FastThreadLocalThread.setThreadLocalMap(io.netty.util.internal.InternalThreadLocalMap):::EXIT	threadLocalMap.arrayList == null	VALID	threadLocalMap.arrayList == null
netty	io.netty.util.concurrent.FastThreadLocalThread.setThreadLocalMap(io.netty.util.internal.InternalThreadLocalMap)	112	io.netty.util.concurrent.FastThreadLocalThread.setThreadLocalMap(io.netty.util.internal.InternalThreadLocalMap):::EXIT	threadLocalMap.cleanerFlags == null	VALID	threadLocalMap.cleanerFlags == null
netty	io.netty.util.concurrent.FastThreadLocalThread.setThreadLocalMap(io.netty.util.internal.InternalThreadLocalMap)	113	io.netty.util.concurrent.FastThreadLocalThread.setThreadLocalMap(io.netty.util.internal.InternalThreadLocalMap):::EXIT	io.netty.util.concurrent.FastThreadLocalThread.logger.getClass().getName() != orig(this.threadLocalMap.indexedVariables.getClass().getName())	INVALID	
netty	io.netty.util.concurrent.FastThreadLocalThread.setThreadLocalMap(io.netty.util.internal.InternalThreadLocalMap)	114	io.netty.util.concurrent.FastThreadLocalThread.setThreadLocalMap(io.netty.util.internal.InternalThreadLocalMap):::EXIT	io.netty.util.internal.InternalThreadLocalMap.UNSET in threadLocalMap.indexedVariables[]	VALID	java.util.Arrays.stream(threadLocalMap.indexedVariables).anyMatch(element -> element == io.netty.util.internal.InternalThreadLocalMap.UNSET)
netty	io.netty.util.concurrent.FastThreadLocalThread.setThreadLocalMap(io.netty.util.internal.InternalThreadLocalMap)	115	io.netty.util.concurrent.FastThreadLocalThread.setThreadLocalMap(io.netty.util.internal.InternalThreadLocalMap):::EXIT	threadLocalMap.indexedVariables[] elements == io.netty.util.internal.InternalThreadLocalMap.UNSET	VALID	java.util.Arrays.stream(threadLocalMap.indexedVariables).allMatch(element -> element == io.netty.util.internal.InternalThreadLocalMap.UNSET)
netty	io.netty.util.concurrent.FastThreadLocalThread.setThreadLocalMap(io.netty.util.internal.InternalThreadLocalMap)	116	io.netty.util.concurrent.FastThreadLocalThread.setThreadLocalMap(io.netty.util.internal.InternalThreadLocalMap):::EXIT	io.netty.util.internal.InternalThreadLocalMap.UNSET in orig(this.threadLocalMap.indexedVariables[])	INVALID	
netty	io.netty.util.concurrent.FastThreadLocalThread.setThreadLocalMap(io.netty.util.internal.InternalThreadLocalMap)	117	io.netty.util.concurrent.FastThreadLocalThread.setThreadLocalMap(io.netty.util.internal.InternalThreadLocalMap):::EXIT	io.netty.util.internal.InternalThreadLocalMap.UNSET.getClass().getName() in threadLocalMap.indexedVariables[].getClass().getName()	VALID	java.util.Arrays.stream(threadLocalMap.indexedVariables).anyMatch(element -> element != null && io.netty.util.internal.InternalThreadLocalMap.UNSET.getClass().getName().equals(element.getClass().getName()))
netty	io.netty.util.concurrent.FastThreadLocalThread.setThreadLocalMap(io.netty.util.internal.InternalThreadLocalMap)	118	io.netty.util.concurrent.FastThreadLocalThread.setThreadLocalMap(io.netty.util.internal.InternalThreadLocalMap):::EXIT	io.netty.util.internal.InternalThreadLocalMap.UNSET.getClass().getName() != orig(this.threadLocalMap.indexedVariables.getClass().getName())	INVALID	
netty	io.netty.util.concurrent.FastThreadLocalThread.setThreadLocalMap(io.netty.util.internal.InternalThreadLocalMap)	119	io.netty.util.concurrent.FastThreadLocalThread.setThreadLocalMap(io.netty.util.internal.InternalThreadLocalMap):::EXIT	io.netty.util.internal.InternalThreadLocalMap.UNSET.getClass().getName() in orig(this.threadLocalMap.indexedVariables[].getClass().getName())	INVALID	
netty	io.netty.util.DomainNameMapping.needsNormalization(java.lang.String)	1	io.netty.util.DomainNameMapping.needsNormalization(java.lang.String):::EXIT	hostname.toString == orig(hostname.toString)	INVALID	
netty	io.netty.util.DomainNameMapping.needsNormalization(java.lang.String)	2	io.netty.util.DomainNameMapping.needsNormalization(java.lang.String):::EXIT	return == false	VALID	result == false
netty	io.netty.util.AsciiStringUtil.toLowerCase(io.netty.util.AsciiString)	1	io.netty.util.AsciiStringUtil.toLowerCase(io.netty.util.AsciiString):::ENTER	io.netty.util.AsciiString.EMPTY_STRING.offset == io.netty.util.AsciiString.EMPTY_STRING.length	VALID	io.netty.util.AsciiString.EMPTY_STRING.arrayOffset() == io.netty.util.AsciiString.EMPTY_STRING.length()
netty	io.netty.util.AsciiStringUtil.toLowerCase(io.netty.util.AsciiString)	2	io.netty.util.AsciiStringUtil.toLowerCase(io.netty.util.AsciiString):::ENTER	io.netty.util.AsciiString.EMPTY_STRING.offset == io.netty.util.AsciiString.EMPTY_STRING.hash	INVALID	
netty	io.netty.util.AsciiStringUtil.toLowerCase(io.netty.util.AsciiString)	3	io.netty.util.AsciiStringUtil.toLowerCase(io.netty.util.AsciiString):::ENTER	io.netty.util.AsciiString.EMPTY_STRING.offset == string.offset	VALID	io.netty.util.AsciiString.EMPTY_STRING.arrayOffset() == string.arrayOffset()
netty	io.netty.util.AsciiStringUtil.toLowerCase(io.netty.util.AsciiString)	4	io.netty.util.AsciiStringUtil.toLowerCase(io.netty.util.AsciiString):::ENTER	io.netty.util.AsciiString.EMPTY_STRING.offset == string.hash	INVALID	
netty	io.netty.util.AsciiStringUtil.toLowerCase(io.netty.util.AsciiString)	5	io.netty.util.AsciiStringUtil.toLowerCase(io.netty.util.AsciiString):::ENTER	io.netty.util.AsciiString.EMPTY_STRING has only one value	INVALID	
netty	io.netty.util.AsciiStringUtil.toLowerCase(io.netty.util.AsciiString)	6	io.netty.util.AsciiStringUtil.toLowerCase(io.netty.util.AsciiString):::ENTER	io.netty.util.AsciiString.EMPTY_STRING.value has only one value	INVALID	
netty	io.netty.util.AsciiStringUtil.toLowerCase(io.netty.util.AsciiString)	7	io.netty.util.AsciiStringUtil.toLowerCase(io.netty.util.AsciiString):::ENTER	io.netty.util.AsciiString.EMPTY_STRING.value[] == []	VALID	io.netty.util.AsciiString.EMPTY_STRING.array().length == 0
netty	io.netty.util.AsciiStringUtil.toLowerCase(io.netty.util.AsciiString)	8	io.netty.util.AsciiStringUtil.toLowerCase(io.netty.util.AsciiString):::ENTER	io.netty.util.AsciiString.EMPTY_STRING.offset == 0	VALID	io.netty.util.AsciiString.EMPTY_STRING.arrayOffset() == 0
netty	io.netty.util.AsciiStringUtil.toLowerCase(io.netty.util.AsciiString)	9	io.netty.util.AsciiStringUtil.toLowerCase(io.netty.util.AsciiString):::ENTER	io.netty.util.AsciiString.EMPTY_STRING.string has only one value	INVALID	
netty	io.netty.util.AsciiStringUtil.toLowerCase(io.netty.util.AsciiString)	10	io.netty.util.AsciiStringUtil.toLowerCase(io.netty.util.AsciiString):::ENTER	"io.netty.util.AsciiString.EMPTY_STRING.string.toString == """""	INVALID	
netty	io.netty.util.AsciiStringUtil.toLowerCase(io.netty.util.AsciiString)	11	io.netty.util.AsciiStringUtil.toLowerCase(io.netty.util.AsciiString):::ENTER	io.netty.util.AsciiString.CASE_INSENSITIVE_HASHER has only one value	INVALID	
netty	io.netty.util.AsciiStringUtil.toLowerCase(io.netty.util.AsciiString)	12	io.netty.util.AsciiStringUtil.toLowerCase(io.netty.util.AsciiString):::ENTER	io.netty.util.AsciiString.CASE_INSENSITIVE_HASHER.getClass().getName() == io.netty.util.AsciiString$1.class	VALID	"io.netty.util.AsciiString.CASE_INSENSITIVE_HASHER.getClass().getName().equals(""io.netty.util.AsciiString$1"")"
netty	io.netty.util.AsciiStringUtil.toLowerCase(io.netty.util.AsciiString)	13	io.netty.util.AsciiStringUtil.toLowerCase(io.netty.util.AsciiString):::ENTER	io.netty.util.AsciiString.CASE_SENSITIVE_HASHER has only one value	INVALID	
netty	io.netty.util.AsciiStringUtil.toLowerCase(io.netty.util.AsciiString)	14	io.netty.util.AsciiStringUtil.toLowerCase(io.netty.util.AsciiString):::ENTER	io.netty.util.AsciiString.CASE_SENSITIVE_HASHER.getClass().getName() == io.netty.util.AsciiString$2.class	VALID	"io.netty.util.AsciiString.CASE_SENSITIVE_HASHER.getClass().getName().equals(""io.netty.util.AsciiString$2"")"
netty	io.netty.util.AsciiStringUtil.toLowerCase(io.netty.util.AsciiString)	15	io.netty.util.AsciiStringUtil.toLowerCase(io.netty.util.AsciiString):::ENTER	string.value[] one of { [84, 104, 105, 115, 32, 105, 115, 32, 97, 32, 116, 101, 115, 84], [84, 104, 105, 115, 32, 105, 115, 32, 97, 32, 116, 101, 115, 116, 32, 102, 111, 114, 32, 108, 111, 110, 103, 101, 114, 32, 115, 101, 113, 117, 101, 110, 99, 101, 115], [84, 104, 105, 115, 32, 105, 115, 32, 97, 32, 116, 101, 115, 116, 33] }	VALID	java.util.Arrays.equals(string.array(), new byte[] {84, 104, 105, 115, 32, 105, 115, 32, 97, 32, 116, 101, 115, 84}) || java.util.Arrays.equals(string.array(), new byte[] {84, 104, 105, 115, 32, 105, 115, 32, 97, 32, 116, 101, 115, 116, 32, 102, 111, 114, 32, 108, 111, 110, 103, 101, 114, 32, 115, 101, 113, 117, 101, 110, 99, 101, 115}) || java.util.Arrays.equals(string.array(), new byte[] {84, 104, 105, 115, 32, 105, 115, 32, 97, 32, 116, 101, 115, 116, 33})
netty	io.netty.util.AsciiStringUtil.toLowerCase(io.netty.util.AsciiString)	16	io.netty.util.AsciiStringUtil.toLowerCase(io.netty.util.AsciiString):::ENTER	string.length one of { 14, 15, 35 }	VALID	string.length() == 14 || string.length() == 15 || string.length() == 35
netty	io.netty.util.AsciiStringUtil.toLowerCase(io.netty.util.AsciiString)	17	io.netty.util.AsciiStringUtil.toLowerCase(io.netty.util.AsciiString):::ENTER	string.string == null	INVALID	
netty	io.netty.util.AsciiStringUtil.toLowerCase(io.netty.util.AsciiString)	18	io.netty.util.AsciiStringUtil.toLowerCase(io.netty.util.AsciiString):::EXIT	io.netty.util.AsciiStringUtil.$assertionsDisabled == orig(io.netty.util.AsciiStringUtil.$assertionsDisabled)	INVALID	
netty	io.netty.util.AsciiStringUtil.toLowerCase(io.netty.util.AsciiString)	19	io.netty.util.AsciiStringUtil.toLowerCase(io.netty.util.AsciiString):::EXIT	io.netty.util.AsciiString.EMPTY_STRING == orig(io.netty.util.AsciiString.EMPTY_STRING)	INVALID	
netty	io.netty.util.AsciiStringUtil.toLowerCase(io.netty.util.AsciiString)	20	io.netty.util.AsciiStringUtil.toLowerCase(io.netty.util.AsciiString):::EXIT	io.netty.util.AsciiString.EMPTY_STRING.value == orig(io.netty.util.AsciiString.EMPTY_STRING.value)	INVALID	
netty	io.netty.util.AsciiStringUtil.toLowerCase(io.netty.util.AsciiString)	21	io.netty.util.AsciiStringUtil.toLowerCase(io.netty.util.AsciiString):::EXIT	io.netty.util.AsciiString.EMPTY_STRING.value[] == orig(io.netty.util.AsciiString.EMPTY_STRING.value[])	INVALID	
netty	io.netty.util.AsciiStringUtil.toLowerCase(io.netty.util.AsciiString)	22	io.netty.util.AsciiStringUtil.toLowerCase(io.netty.util.AsciiString):::EXIT	io.netty.util.AsciiString.EMPTY_STRING.offset == io.netty.util.AsciiString.EMPTY_STRING.length	VALID	io.netty.util.AsciiString.EMPTY_STRING.arrayOffset() == io.netty.util.AsciiString.EMPTY_STRING.length()
netty	io.netty.util.AsciiStringUtil.toLowerCase(io.netty.util.AsciiString)	23	io.netty.util.AsciiStringUtil.toLowerCase(io.netty.util.AsciiString):::EXIT	io.netty.util.AsciiString.EMPTY_STRING.offset == io.netty.util.AsciiString.EMPTY_STRING.hash	INVALID	
netty	io.netty.util.AsciiStringUtil.toLowerCase(io.netty.util.AsciiString)	24	io.netty.util.AsciiStringUtil.toLowerCase(io.netty.util.AsciiString):::EXIT	io.netty.util.AsciiString.EMPTY_STRING.offset == string.offset	VALID	io.netty.util.AsciiString.EMPTY_STRING.arrayOffset() == string.arrayOffset()
netty	io.netty.util.AsciiStringUtil.toLowerCase(io.netty.util.AsciiString)	25	io.netty.util.AsciiStringUtil.toLowerCase(io.netty.util.AsciiString):::EXIT	io.netty.util.AsciiString.EMPTY_STRING.offset == string.hash	INVALID	
netty	io.netty.util.AsciiStringUtil.toLowerCase(io.netty.util.AsciiString)	26	io.netty.util.AsciiStringUtil.toLowerCase(io.netty.util.AsciiString):::EXIT	io.netty.util.AsciiString.EMPTY_STRING.offset == return.offset	VALID	io.netty.util.AsciiString.EMPTY_STRING.arrayOffset() == result.arrayOffset()
netty	io.netty.util.AsciiStringUtil.toLowerCase(io.netty.util.AsciiString)	27	io.netty.util.AsciiStringUtil.toLowerCase(io.netty.util.AsciiString):::EXIT	io.netty.util.AsciiString.EMPTY_STRING.offset == return.hash	INVALID	
netty	io.netty.util.AsciiStringUtil.toLowerCase(io.netty.util.AsciiString)	28	io.netty.util.AsciiStringUtil.toLowerCase(io.netty.util.AsciiString):::EXIT	io.netty.util.AsciiString.EMPTY_STRING.offset == orig(io.netty.util.AsciiString.EMPTY_STRING.offset)	INVALID	
netty	io.netty.util.AsciiStringUtil.toLowerCase(io.netty.util.AsciiString)	29	io.netty.util.AsciiStringUtil.toLowerCase(io.netty.util.AsciiString):::EXIT	io.netty.util.AsciiString.EMPTY_STRING.offset == orig(io.netty.util.AsciiString.EMPTY_STRING.length)	INVALID	
netty	io.netty.util.AsciiStringUtil.toLowerCase(io.netty.util.AsciiString)	30	io.netty.util.AsciiStringUtil.toLowerCase(io.netty.util.AsciiString):::EXIT	io.netty.util.AsciiString.EMPTY_STRING.offset == orig(io.netty.util.AsciiString.EMPTY_STRING.hash)	INVALID	
netty	io.netty.util.AsciiStringUtil.toLowerCase(io.netty.util.AsciiString)	31	io.netty.util.AsciiStringUtil.toLowerCase(io.netty.util.AsciiString):::EXIT	io.netty.util.AsciiString.EMPTY_STRING.offset == orig(string.offset)	INVALID	
netty	io.netty.util.AsciiStringUtil.toLowerCase(io.netty.util.AsciiString)	32	io.netty.util.AsciiStringUtil.toLowerCase(io.netty.util.AsciiString):::EXIT	io.netty.util.AsciiString.EMPTY_STRING.offset == orig(string.hash)	INVALID	
netty	io.netty.util.AsciiStringUtil.toLowerCase(io.netty.util.AsciiString)	33	io.netty.util.AsciiStringUtil.toLowerCase(io.netty.util.AsciiString):::EXIT	io.netty.util.AsciiString.EMPTY_STRING.string == orig(io.netty.util.AsciiString.EMPTY_STRING.string)	INVALID	
netty	io.netty.util.AsciiStringUtil.toLowerCase(io.netty.util.AsciiString)	34	io.netty.util.AsciiStringUtil.toLowerCase(io.netty.util.AsciiString):::EXIT	io.netty.util.AsciiString.EMPTY_STRING.string.toString == orig(io.netty.util.AsciiString.EMPTY_STRING.string.toString)	INVALID	
netty	io.netty.util.AsciiStringUtil.toLowerCase(io.netty.util.AsciiString)	35	io.netty.util.AsciiStringUtil.toLowerCase(io.netty.util.AsciiString):::EXIT	io.netty.util.AsciiString.CASE_INSENSITIVE_HASHER == orig(io.netty.util.AsciiString.CASE_INSENSITIVE_HASHER)	INVALID	
netty	io.netty.util.AsciiStringUtil.toLowerCase(io.netty.util.AsciiString)	36	io.netty.util.AsciiStringUtil.toLowerCase(io.netty.util.AsciiString):::EXIT	io.netty.util.AsciiString.CASE_INSENSITIVE_HASHER.getClass().getName() == orig(io.netty.util.AsciiString.CASE_INSENSITIVE_HASHER.getClass().getName())	INVALID	
netty	io.netty.util.AsciiStringUtil.toLowerCase(io.netty.util.AsciiString)	37	io.netty.util.AsciiStringUtil.toLowerCase(io.netty.util.AsciiString):::EXIT	io.netty.util.AsciiString.CASE_SENSITIVE_HASHER == orig(io.netty.util.AsciiString.CASE_SENSITIVE_HASHER)	INVALID	
netty	io.netty.util.AsciiStringUtil.toLowerCase(io.netty.util.AsciiString)	38	io.netty.util.AsciiStringUtil.toLowerCase(io.netty.util.AsciiString):::EXIT	io.netty.util.AsciiString.CASE_SENSITIVE_HASHER.getClass().getName() == orig(io.netty.util.AsciiString.CASE_SENSITIVE_HASHER.getClass().getName())	INVALID	
netty	io.netty.util.AsciiStringUtil.toLowerCase(io.netty.util.AsciiString)	39	io.netty.util.AsciiStringUtil.toLowerCase(io.netty.util.AsciiString):::EXIT	string.value == orig(string.value)	INVALID	
netty	io.netty.util.AsciiStringUtil.toLowerCase(io.netty.util.AsciiString)	40	io.netty.util.AsciiStringUtil.toLowerCase(io.netty.util.AsciiString):::EXIT	string.value[] == orig(string.value[])	INVALID	
netty	io.netty.util.AsciiStringUtil.toLowerCase(io.netty.util.AsciiString)	41	io.netty.util.AsciiStringUtil.toLowerCase(io.netty.util.AsciiString):::EXIT	string.length == return.length	VALID	string.length() == result.length()
netty	io.netty.util.AsciiStringUtil.toLowerCase(io.netty.util.AsciiString)	42	io.netty.util.AsciiStringUtil.toLowerCase(io.netty.util.AsciiString):::EXIT	string.length == orig(string.length)	INVALID	
netty	io.netty.util.AsciiStringUtil.toLowerCase(io.netty.util.AsciiString)	43	io.netty.util.AsciiStringUtil.toLowerCase(io.netty.util.AsciiString):::EXIT	string.string == return.string	INVALID	
netty	io.netty.util.AsciiStringUtil.toLowerCase(io.netty.util.AsciiString)	44	io.netty.util.AsciiStringUtil.toLowerCase(io.netty.util.AsciiString):::EXIT	string.string == orig(string.string)	INVALID	
netty	io.netty.util.AsciiStringUtil.toLowerCase(io.netty.util.AsciiString)	45	io.netty.util.AsciiStringUtil.toLowerCase(io.netty.util.AsciiString):::EXIT	io.netty.util.AsciiString.EMPTY_STRING has only one value	INVALID	
netty	io.netty.util.AsciiStringUtil.toLowerCase(io.netty.util.AsciiString)	46	io.netty.util.AsciiStringUtil.toLowerCase(io.netty.util.AsciiString):::EXIT	io.netty.util.AsciiString.EMPTY_STRING.value has only one value	INVALID	
netty	io.netty.util.AsciiStringUtil.toLowerCase(io.netty.util.AsciiString)	47	io.netty.util.AsciiStringUtil.toLowerCase(io.netty.util.AsciiString):::EXIT	io.netty.util.AsciiString.EMPTY_STRING.value[] == []	VALID	io.netty.util.AsciiString.EMPTY_STRING.array().length == 0
netty	io.netty.util.AsciiStringUtil.toLowerCase(io.netty.util.AsciiString)	48	io.netty.util.AsciiStringUtil.toLowerCase(io.netty.util.AsciiString):::EXIT	io.netty.util.AsciiString.EMPTY_STRING.offset == 0	VALID	io.netty.util.AsciiString.EMPTY_STRING.arrayOffset() == 0
netty	io.netty.util.AsciiStringUtil.toLowerCase(io.netty.util.AsciiString)	49	io.netty.util.AsciiStringUtil.toLowerCase(io.netty.util.AsciiString):::EXIT	io.netty.util.AsciiString.EMPTY_STRING.string has only one value	INVALID	
netty	io.netty.util.AsciiStringUtil.toLowerCase(io.netty.util.AsciiString)	50	io.netty.util.AsciiStringUtil.toLowerCase(io.netty.util.AsciiString):::EXIT	"io.netty.util.AsciiString.EMPTY_STRING.string.toString == """""	INVALID	
netty	io.netty.util.AsciiStringUtil.toLowerCase(io.netty.util.AsciiString)	51	io.netty.util.AsciiStringUtil.toLowerCase(io.netty.util.AsciiString):::EXIT	io.netty.util.AsciiString.CASE_INSENSITIVE_HASHER has only one value	INVALID	
netty	io.netty.util.AsciiStringUtil.toLowerCase(io.netty.util.AsciiString)	52	io.netty.util.AsciiStringUtil.toLowerCase(io.netty.util.AsciiString):::EXIT	io.netty.util.AsciiString.CASE_INSENSITIVE_HASHER.getClass().getName() == io.netty.util.AsciiString$1.class	VALID	"io.netty.util.AsciiString.CASE_INSENSITIVE_HASHER != null && io.netty.util.AsciiString.CASE_INSENSITIVE_HASHER.getClass().getName().equals(""io.netty.util.AsciiString$1"")"
netty	io.netty.util.AsciiStringUtil.toLowerCase(io.netty.util.AsciiString)	53	io.netty.util.AsciiStringUtil.toLowerCase(io.netty.util.AsciiString):::EXIT	io.netty.util.AsciiString.CASE_SENSITIVE_HASHER has only one value	INVALID	
netty	io.netty.util.AsciiStringUtil.toLowerCase(io.netty.util.AsciiString)	54	io.netty.util.AsciiStringUtil.toLowerCase(io.netty.util.AsciiString):::EXIT	io.netty.util.AsciiString.CASE_SENSITIVE_HASHER.getClass().getName() == io.netty.util.AsciiString$2.class	VALID	"io.netty.util.AsciiString.CASE_SENSITIVE_HASHER.getClass().getName().equals(""io.netty.util.AsciiString$2"")"
netty	io.netty.util.AsciiStringUtil.toLowerCase(io.netty.util.AsciiString)	55	io.netty.util.AsciiStringUtil.toLowerCase(io.netty.util.AsciiString):::EXIT	string.value[] one of { [84, 104, 105, 115, 32, 105, 115, 32, 97, 32, 116, 101, 115, 84], [84, 104, 105, 115, 32, 105, 115, 32, 97, 32, 116, 101, 115, 116, 32, 102, 111, 114, 32, 108, 111, 110, 103, 101, 114, 32, 115, 101, 113, 117, 101, 110, 99, 101, 115], [84, 104, 105, 115, 32, 105, 115, 32, 97, 32, 116, 101, 115, 116, 33] }	VALID	java.util.Arrays.equals(string.array(), new byte[] {84, 104, 105, 115, 32, 105, 115, 32, 97, 32, 116, 101, 115, 84}) || java.util.Arrays.equals(string.array(), new byte[] {84, 104, 105, 115, 32, 105, 115, 32, 97, 32, 116, 101, 115, 116, 32, 102, 111, 114, 32, 108, 111, 110, 103, 101, 114, 32, 115, 101, 113, 117, 101, 110, 99, 101, 115}) || java.util.Arrays.equals(string.array(), new byte[] {84, 104, 105, 115, 32, 105, 115, 32, 97, 32, 116, 101, 115, 116, 33})
netty	io.netty.util.AsciiStringUtil.toLowerCase(io.netty.util.AsciiString)	56	io.netty.util.AsciiStringUtil.toLowerCase(io.netty.util.AsciiString):::EXIT	string.length one of { 14, 15, 35 }	VALID	string.length() == 14 || string.length() == 15 || string.length() == 35
netty	io.netty.util.AsciiStringUtil.toLowerCase(io.netty.util.AsciiString)	57	io.netty.util.AsciiStringUtil.toLowerCase(io.netty.util.AsciiString):::EXIT	string.string == null	INVALID	
netty	io.netty.util.AsciiStringUtil.toLowerCase(io.netty.util.AsciiString)	58	io.netty.util.AsciiStringUtil.toLowerCase(io.netty.util.AsciiString):::EXIT	return.value[] one of { [116, 104, 105, 115, 32, 105, 115, 32, 97, 32, 116, 101, 115, 116], [116, 104, 105, 115, 32, 105, 115, 32, 97, 32, 116, 101, 115, 116, 32, 102, 111, 114, 32, 108, 111, 110, 103, 101, 114, 32, 115, 101, 113, 117, 101, 110, 99, 101, 115], [116, 104, 105, 115, 32, 105, 115, 32, 97, 32, 116, 101, 115, 116, 33] }	VALID	java.util.Arrays.equals(result.array(), new byte[] {116, 104, 105, 115, 32, 105, 115, 32, 97, 32, 116, 101, 115, 116}) || java.util.Arrays.equals(result.array(), new byte[] {116, 104, 105, 115, 32, 105, 115, 32, 97, 32, 116, 101, 115, 116, 32, 102, 111, 114, 32, 108, 111, 110, 103, 101, 114, 32, 115, 101, 113, 117, 101, 110, 99, 101, 115}) || java.util.Arrays.equals(result.array(), new byte[] {116, 104, 105, 115, 32, 105, 115, 32, 97, 32, 116, 101, 115, 116, 33})
netty	io.netty.util.Signal.fillInStackTrace()	1	io.netty.util.Signal.fillInStackTrace():::ENTER	this.constant == null	VALID	this.constant == null
netty	io.netty.util.Signal.fillInStackTrace()	2	io.netty.util.Signal.fillInStackTrace():::EXIT	io.netty.util.Signal.pool == orig(io.netty.util.Signal.pool)	INVALID	
netty	io.netty.util.Signal.fillInStackTrace()	3	io.netty.util.Signal.fillInStackTrace():::EXIT	io.netty.util.Signal.pool.getClass().getName() == orig(io.netty.util.Signal.pool.getClass().getName())	INVALID	
netty	io.netty.util.Signal.fillInStackTrace()	4	io.netty.util.Signal.fillInStackTrace():::EXIT	io.netty.util.Signal.pool.constants == orig(io.netty.util.Signal.pool.constants)	INVALID	
netty	io.netty.util.Signal.fillInStackTrace()	5	io.netty.util.Signal.fillInStackTrace():::EXIT	io.netty.util.Signal.pool.constants.getClass().getName() == orig(io.netty.util.Signal.pool.constants.getClass().getName())	INVALID	
netty	io.netty.util.Signal.fillInStackTrace()	6	io.netty.util.Signal.fillInStackTrace():::EXIT	io.netty.util.Signal.pool.nextId == orig(io.netty.util.Signal.pool.nextId)	INVALID	
netty	io.netty.util.Signal.fillInStackTrace()	7	io.netty.util.Signal.fillInStackTrace():::EXIT	this.constant == orig(this.constant)	INVALID	
netty	io.netty.util.Signal.fillInStackTrace()	8	io.netty.util.Signal.fillInStackTrace():::EXIT	io.netty.util.AbstractConstant.uniqueIdGenerator == orig(io.netty.util.AbstractConstant.uniqueIdGenerator)	INVALID	
netty	io.netty.util.Signal.fillInStackTrace()	9	io.netty.util.Signal.fillInStackTrace():::EXIT	this.constant == null	VALID	this.constant == null
netty	io.netty.util.internal.ReflectionUtil.trySetAccessible(java.lang.reflect.AccessibleObject, boolean)	1	io.netty.util.internal.ReflectionUtil.trySetAccessible(java.lang.reflect.AccessibleObject, boolean):::EXIT36	return has only one value	INVALID	
netty	io.netty.util.internal.ReflectionUtil.trySetAccessible(java.lang.reflect.AccessibleObject, boolean)	2	io.netty.util.internal.ReflectionUtil.trySetAccessible(java.lang.reflect.AccessibleObject, boolean):::EXIT36	orig(object) has only one value	INVALID	
netty	io.netty.util.internal.ReflectionUtil.trySetAccessible(java.lang.reflect.AccessibleObject, boolean)	3	io.netty.util.internal.ReflectionUtil.trySetAccessible(java.lang.reflect.AccessibleObject, boolean):::EXIT36	orig(checkAccessible) == true	INVALID	
netty	io.netty.util.internal.ReflectionUtil.trySetAccessible(java.lang.reflect.AccessibleObject, boolean)	4	io.netty.util.internal.ReflectionUtil.trySetAccessible(java.lang.reflect.AccessibleObject, boolean):::EXIT40	return == null	VALID	result == null
netty	io.netty.util.internal.ReflectionUtil.trySetAccessible(java.lang.reflect.AccessibleObject, boolean)	5	io.netty.util.internal.ReflectionUtil.trySetAccessible(java.lang.reflect.AccessibleObject, boolean):::EXIT40	orig(object) has only one value	INVALID	
netty	io.netty.util.internal.ReflectionUtil.trySetAccessible(java.lang.reflect.AccessibleObject, boolean)	6	io.netty.util.internal.ReflectionUtil.trySetAccessible(java.lang.reflect.AccessibleObject, boolean):::EXIT40	orig(checkAccessible) == false	INVALID	
netty	io.netty.util.internal.ObjectUtil.checkNonEmpty(java.lang.CharSequence, java.lang.String)	1	io.netty.util.internal.ObjectUtil.checkNonEmpty(java.lang.CharSequence, java.lang.String):::ENTER	value.getClass().getName() == java.lang.String.class	VALID	value.getClass() == String.class
netty	io.netty.util.internal.ObjectUtil.checkNonEmpty(java.lang.CharSequence, java.lang.String)	2	io.netty.util.internal.ObjectUtil.checkNonEmpty(java.lang.CharSequence, java.lang.String):::ENTER	"name.toString one of { ""NOT_NULL"", ""NOT_NULL_BUT_EMPTY"" }"	VALID	"""NOT_NULL"".equals(name.toString()) || ""NOT_NULL_BUT_EMPTY"".equals(name.toString())"
netty	io.netty.util.internal.ObjectUtil.checkNonEmpty(java.lang.CharSequence, java.lang.String)	3	io.netty.util.internal.ObjectUtil.checkNonEmpty(java.lang.CharSequence, java.lang.String):::EXIT	name.toString == orig(name.toString)	INVALID	
netty	io.netty.util.internal.ObjectUtil.checkNonEmpty(java.lang.CharSequence, java.lang.String)	4	io.netty.util.internal.ObjectUtil.checkNonEmpty(java.lang.CharSequence, java.lang.String):::EXIT	return == orig(value)	INVALID	
netty	io.netty.util.internal.ObjectUtil.checkNonEmpty(java.lang.CharSequence, java.lang.String)	5	io.netty.util.internal.ObjectUtil.checkNonEmpty(java.lang.CharSequence, java.lang.String):::EXIT	return.getClass().getName() == orig(value.getClass().getName())	INVALID	
netty	io.netty.util.internal.ObjectUtil.checkNonEmpty(java.lang.CharSequence, java.lang.String)	6	io.netty.util.internal.ObjectUtil.checkNonEmpty(java.lang.CharSequence, java.lang.String):::EXIT	"name.toString one of { ""NOT_NULL"", ""NOT_NULL_BUT_EMPTY"" }"	VALID	"""NOT_NULL"".equals(name.toString()) || ""NOT_NULL_BUT_EMPTY"".equals(name.toString())"
netty	io.netty.util.internal.ObjectUtil.checkNonEmpty(java.lang.CharSequence, java.lang.String)	7	io.netty.util.internal.ObjectUtil.checkNonEmpty(java.lang.CharSequence, java.lang.String):::EXIT	return.getClass().getName() == java.lang.String.class	VALID	result.getClass() == String.class
netty	io.netty.util.AsciiStringUtil.isLowerCase(byte)	1	io.netty.util.AsciiStringUtil.isLowerCase(byte):::EXIT	io.netty.util.AsciiStringUtil.$assertionsDisabled == orig(io.netty.util.AsciiStringUtil.$assertionsDisabled)	INVALID	
netty	io.netty.util.AsciiStringUtil.isLowerCase(byte)	2	io.netty.util.AsciiStringUtil.isLowerCase(byte):::EXIT	(return == false)  <==>  (orig(value) == 84)	INVALID	
netty	io.netty.util.AsciiStringUtil.isLowerCase(byte)	3	io.netty.util.AsciiStringUtil.isLowerCase(byte):::EXIT	(return == false)  ==>  (io.netty.util.AsciiStringUtil.$assertionsDisabled == return)	VALID	(result != false) || (io.netty.util.AsciiStringUtil.$assertionsDisabled == result)
netty	io.netty.util.AsciiStringUtil.isLowerCase(byte)	4	io.netty.util.AsciiStringUtil.isLowerCase(byte):::EXIT	(return == true)  <==>  (orig(value) one of { 99, 101, 115 })	INVALID	
netty	io.netty.util.AsciiStringUtil.isLowerCase(byte)	5	"io.netty.util.AsciiStringUtil.isLowerCase(byte):::EXIT;condition=""return == true"""	return == true	VALID	result == true
netty	io.netty.util.AsciiStringUtil.isLowerCase(byte)	6	"io.netty.util.AsciiStringUtil.isLowerCase(byte):::EXIT;condition=""return == true"""	orig(value) one of { 99, 101, 115 }	INVALID	
netty	io.netty.util.AsciiStringUtil.isLowerCase(byte)	7	"io.netty.util.AsciiStringUtil.isLowerCase(byte):::EXIT;condition=""not(return == true)"""	io.netty.util.AsciiStringUtil.$assertionsDisabled == return	VALID	io.netty.util.AsciiStringUtil.$assertionsDisabled == result
netty	io.netty.util.AsciiStringUtil.isLowerCase(byte)	8	"io.netty.util.AsciiStringUtil.isLowerCase(byte):::EXIT;condition=""not(return == true)"""	orig(value) == 84	INVALID	
netty	io.netty.util.NetUtil.toAddressString(byte[], int, boolean)	1	io.netty.util.NetUtil.toAddressString(byte[], int, boolean):::ENTER	offset == 0	VALID	offset == 0
netty	io.netty.util.NetUtil.toAddressString(byte[], int, boolean)	2	io.netty.util.NetUtil.toAddressString(byte[], int, boolean):::ENTER	bytes[] elements < io.netty.util.NetUtil.SOMAXCONN	VALID	java.util.stream.IntStream.range(0, bytes.length).allMatch(i -> bytes[i] < io.netty.util.NetUtil.SOMAXCONN)
netty	io.netty.util.NetUtil.toAddressString(byte[], int, boolean)	3	io.netty.util.NetUtil.toAddressString(byte[], int, boolean):::ENTER	offset in bytes[]	VALID	java.util.stream.IntStream.range(0, bytes.length).anyMatch(i -> bytes[i] == offset)
netty	io.netty.util.NetUtil.toAddressString(byte[], int, boolean)	4	io.netty.util.NetUtil.toAddressString(byte[], int, boolean):::EXIT	io.netty.util.NetUtil.LOCALHOST4 == orig(io.netty.util.NetUtil.LOCALHOST4)	INVALID	
netty	io.netty.util.NetUtil.toAddressString(byte[], int, boolean)	5	io.netty.util.NetUtil.toAddressString(byte[], int, boolean):::EXIT	io.netty.util.NetUtil.LOCALHOST6 == orig(io.netty.util.NetUtil.LOCALHOST6)	INVALID	
netty	io.netty.util.NetUtil.toAddressString(byte[], int, boolean)	6	io.netty.util.NetUtil.toAddressString(byte[], int, boolean):::EXIT	io.netty.util.NetUtil.LOCALHOST == orig(io.netty.util.NetUtil.LOCALHOST)	INVALID	
netty	io.netty.util.NetUtil.toAddressString(byte[], int, boolean)	7	io.netty.util.NetUtil.toAddressString(byte[], int, boolean):::EXIT	io.netty.util.NetUtil.LOOPBACK_IF == orig(io.netty.util.NetUtil.LOOPBACK_IF)	INVALID	
netty	io.netty.util.NetUtil.toAddressString(byte[], int, boolean)	8	io.netty.util.NetUtil.toAddressString(byte[], int, boolean):::EXIT	io.netty.util.NetUtil.NETWORK_INTERFACES == orig(io.netty.util.NetUtil.NETWORK_INTERFACES)	INVALID	
netty	io.netty.util.NetUtil.toAddressString(byte[], int, boolean)	9	io.netty.util.NetUtil.toAddressString(byte[], int, boolean):::EXIT	io.netty.util.NetUtil.NETWORK_INTERFACES.getClass().getName() == orig(io.netty.util.NetUtil.NETWORK_INTERFACES.getClass().getName())	INVALID	
netty	io.netty.util.NetUtil.toAddressString(byte[], int, boolean)	10	io.netty.util.NetUtil.toAddressString(byte[], int, boolean):::EXIT	io.netty.util.NetUtil.SOMAXCONN == orig(io.netty.util.NetUtil.SOMAXCONN)	INVALID	
netty	io.netty.util.NetUtil.toAddressString(byte[], int, boolean)	11	io.netty.util.NetUtil.toAddressString(byte[], int, boolean):::EXIT	io.netty.util.NetUtil.IPV4_PREFERRED == orig(io.netty.util.NetUtil.IPV4_PREFERRED)	INVALID	
netty	io.netty.util.NetUtil.toAddressString(byte[], int, boolean)	12	io.netty.util.NetUtil.toAddressString(byte[], int, boolean):::EXIT	io.netty.util.NetUtil.IPV4_PREFERRED == orig(io.netty.util.NetUtil.IPV6_ADDRESSES_PREFERRED)	INVALID	
netty	io.netty.util.NetUtil.toAddressString(byte[], int, boolean)	13	io.netty.util.NetUtil.toAddressString(byte[], int, boolean):::EXIT	io.netty.util.NetUtil.logger == orig(io.netty.util.NetUtil.logger)	INVALID	
netty	io.netty.util.NetUtil.toAddressString(byte[], int, boolean)	14	io.netty.util.NetUtil.toAddressString(byte[], int, boolean):::EXIT	io.netty.util.NetUtil.logger.getClass().getName() == orig(io.netty.util.NetUtil.logger.getClass().getName())	INVALID	
netty	io.netty.util.NetUtil.toAddressString(byte[], int, boolean)	15	io.netty.util.NetUtil.toAddressString(byte[], int, boolean):::EXIT	bytes[] == orig(bytes[])	INVALID	
netty	io.netty.util.NetUtil.toAddressString(byte[], int, boolean)	16	io.netty.util.NetUtil.toAddressString(byte[], int, boolean):::EXIT	bytes[] elements < io.netty.util.NetUtil.SOMAXCONN	VALID	java.util.stream.IntStream.range(0, bytes.length).allMatch(i -> bytes[i] < io.netty.util.NetUtil.SOMAXCONN)
netty	io.netty.util.NetUtil.toAddressString(byte[], int, boolean)	17	io.netty.util.NetUtil.toAddressString(byte[], int, boolean):::EXIT	orig(offset) in bytes[]	INVALID	
netty	io.netty.util.internal.ReflectionUtil.resolveTypeParameter(java.lang.Object, java.lang.Class, java.lang.String)	1	io.netty.util.internal.ReflectionUtil.resolveTypeParameter(java.lang.Object, java.lang.Class, java.lang.String):::ENTER	"typeParamName.toString one of { ""B"", ""C"", ""E"" }"	VALID	"typeParamName.toString().equals(""B"") || typeParamName.toString().equals(""C"") || typeParamName.toString().equals(""E"")"
netty	io.netty.util.AbstractConstant.hashCode()	1	io.netty.util.AbstractConstant.hashCode():::ENTER	this.getClass().getName() == io.netty.util.ConstantPoolTest$TestConstant.class	VALID	"""io.netty.util.ConstantPoolTest$TestConstant"".equals(this.getClass().getName())"
netty	io.netty.util.AbstractConstant.hashCode()	2	io.netty.util.AbstractConstant.hashCode():::ENTER	this.id one of { 3, 4, 6 }	VALID	this.id == 3 || this.id == 4 || this.id == 6
netty	io.netty.util.AbstractConstant.hashCode()	3	io.netty.util.AbstractConstant.hashCode():::ENTER	"this.name.toString one of { ""b_beta"", ""c_gamma"", ""e_epsilon"" }"	VALID	"""b_beta"".equals(this.name.toString()) || ""c_gamma"".equals(this.name.toString()) || ""e_epsilon"".equals(this.name.toString())"
netty	io.netty.util.AbstractConstant.hashCode()	4	io.netty.util.AbstractConstant.hashCode():::ENTER	this.uniquifier one of { 2, 3, 5 }	VALID	this.uniquifier == 2 || this.uniquifier == 3 || this.uniquifier == 5
netty	io.netty.util.AbstractConstant.hashCode()	5	io.netty.util.AbstractConstant.hashCode():::EXIT	io.netty.util.AbstractConstant.uniqueIdGenerator == orig(io.netty.util.AbstractConstant.uniqueIdGenerator)	INVALID	
netty	io.netty.util.AbstractConstant.hashCode()	6	io.netty.util.AbstractConstant.hashCode():::EXIT	this.id == orig(this.id)	INVALID	
netty	io.netty.util.AbstractConstant.hashCode()	7	io.netty.util.AbstractConstant.hashCode():::EXIT	this.name == orig(this.name)	INVALID	
netty	io.netty.util.AbstractConstant.hashCode()	8	io.netty.util.AbstractConstant.hashCode():::EXIT	this.name.toString == orig(this.name.toString)	INVALID	
netty	io.netty.util.AbstractConstant.hashCode()	9	io.netty.util.AbstractConstant.hashCode():::EXIT	this.uniquifier == orig(this.uniquifier)	INVALID	
netty	io.netty.util.AbstractConstant.hashCode()	10	io.netty.util.AbstractConstant.hashCode():::EXIT	this.id one of { 3, 4, 6 }	VALID	this.id == 3 || this.id == 4 || this.id == 6
netty	io.netty.util.AbstractConstant.hashCode()	11	io.netty.util.AbstractConstant.hashCode():::EXIT	"this.name.toString one of { ""b_beta"", ""c_gamma"", ""e_epsilon"" }"	VALID	"""b_beta"".equals(this.name.toString()) || ""c_gamma"".equals(this.name.toString()) || ""e_epsilon"".equals(this.name.toString())"
netty	io.netty.util.AbstractConstant.hashCode()	12	io.netty.util.AbstractConstant.hashCode():::EXIT	this.uniquifier one of { 2, 3, 5 }	VALID	this.uniquifier == 2 || this.uniquifier == 3 || this.uniquifier == 5
netty	io.netty.util.AbstractConstant.hashCode()	13	io.netty.util.AbstractConstant.hashCode():::EXIT	return one of { 191899223, 663243010, 936384215 }	VALID	result == 191899223 || result == 663243010 || result == 936384215
