project	sample_index	tool	method	final_index	program_point	original_expression	java_expression	selection_status
apollo	1	DAIKON	com.ctrip.framework.apollo.biz.registry.configuration.support.ApolloServiceRegistryClearApplicationRunner.run(org.springframework.boot.ApplicationArguments)	1	com.ctrip.framework.apollo.biz.registry.configuration.support.ApolloServiceRegistryClearApplicationRunner.run(org.springframework.boot.ApplicationArguments):::ENTER	args.getClass().getName() == org.springframework.boot.DefaultApplicationArguments.class	args.getClass() == org.springframework.boot.DefaultApplicationArguments.class	RETAINED_ORIGINAL_SAMPLE
apollo	1	OCA	com.ctrip.framework.apollo.biz.registry.configuration.support.ApolloServiceRegistryClearApplicationRunner#run(ApplicationArguments):void	1	METHOD_EXIT	args != null	args != null	ORIGINAL_OCA_SAMPLE
apollo	2	DAIKON	com.ctrip.framework.apollo.biz.service.InstanceService.findActiveInstanceConfigsByReleaseKey(java.lang.String, org.springframework.data.domain.Pageable)	1	com.ctrip.framework.apollo.biz.service.InstanceService.findActiveInstanceConfigsByReleaseKey(java.lang.String, org.springframework.data.domain.Pageable):::EXIT	"releaseKey.toString == ""someReleaseKey"""	"releaseKey.toString().equals(""someReleaseKey"")"	RETAINED_ORIGINAL_SAMPLE
apollo	2	DAIKON	com.ctrip.framework.apollo.biz.service.InstanceService.findActiveInstanceConfigsByReleaseKey(java.lang.String, org.springframework.data.domain.Pageable)	2	com.ctrip.framework.apollo.biz.service.InstanceService.findActiveInstanceConfigsByReleaseKey(java.lang.String, org.springframework.data.domain.Pageable):::ENTER	pageable.getClass().getName() == org.springframework.data.domain.PageRequest.class	pageable.getClass() == org.springframework.data.domain.PageRequest.class	RETAINED_ORIGINAL_SAMPLE
apollo	2	DAIKON	com.ctrip.framework.apollo.biz.service.InstanceService.findActiveInstanceConfigsByReleaseKey(java.lang.String, org.springframework.data.domain.Pageable)	3	com.ctrip.framework.apollo.biz.service.InstanceService.findActiveInstanceConfigsByReleaseKey(java.lang.String, org.springframework.data.domain.Pageable):::ENTER	"releaseKey.toString == ""someReleaseKey"""	"releaseKey.toString().equals(""someReleaseKey"")"	RESAMPLED_REPLACEMENT
apollo	2	DAIKON	com.ctrip.framework.apollo.biz.service.InstanceService.findActiveInstanceConfigsByReleaseKey(java.lang.String, org.springframework.data.domain.Pageable)	4	com.ctrip.framework.apollo.biz.service.InstanceService.findActiveInstanceConfigsByReleaseKey(java.lang.String, org.springframework.data.domain.Pageable):::EXIT	return.getClass().getName() == org.springframework.data.domain.PageImpl.class	result.getClass() == org.springframework.data.domain.PageImpl.class	RESAMPLED_REPLACEMENT
apollo	2	OCA	com.ctrip.framework.apollo.biz.service.InstanceService#findActiveInstanceConfigsByReleaseKey(String,Pageable):Page<InstanceConfig>	1	METHOD_ENTRY	pageable.getPageNumber() >= 0	pageable.getPageNumber() >= 0	ORIGINAL_OCA_SAMPLE
apollo	2	OCA	com.ctrip.framework.apollo.biz.service.InstanceService#findActiveInstanceConfigsByReleaseKey(String,Pageable):Page<InstanceConfig>	2	METHOD_EXIT	result.getPageable().equals(pageable)	result.getPageable().equals(pageable)	ORIGINAL_OCA_SAMPLE
apollo	2	OCA	com.ctrip.framework.apollo.biz.service.InstanceService#findActiveInstanceConfigsByReleaseKey(String,Pageable):Page<InstanceConfig>	3	METHOD_ENTRY	pageable.getPageSize() > 0	pageable.getPageSize() > 0	ORIGINAL_OCA_SAMPLE
apollo	2	OCA	com.ctrip.framework.apollo.biz.service.InstanceService#findActiveInstanceConfigsByReleaseKey(String,Pageable):Page<InstanceConfig>	4	METHOD_ENTRY	releaseKey != null	releaseKey != null	ORIGINAL_OCA_SAMPLE
apollo	3	DAIKON	com.ctrip.framework.apollo.biz.entity.ReleaseHistory.getOperationContext()	1	com.ctrip.framework.apollo.biz.entity.ReleaseHistory.getOperationContext():::EXIT	this.branchName.toString < return.toString	this.branchName.toString().compareTo(result.toString()) < 0	RETAINED_ORIGINAL_SAMPLE
apollo	3	DAIKON	com.ctrip.framework.apollo.biz.entity.ReleaseHistory.getOperationContext()	2	com.ctrip.framework.apollo.biz.entity.ReleaseHistory.getOperationContext():::EXIT	return != null	result != null	RETAINED_ORIGINAL_SAMPLE
apollo	3	DAIKON	com.ctrip.framework.apollo.biz.entity.ReleaseHistory.getOperationContext()	3	com.ctrip.framework.apollo.biz.entity.ReleaseHistory.getOperationContext():::ENTER	this.operation < this.id	this.operation < this.id	RESAMPLED_REPLACEMENT
apollo	3	OCA	com.ctrip.framework.apollo.biz.entity.ReleaseHistory#getOperationContext():String	1	METHOD_EXIT	result == null || result.length() >= 0	result == null || result.length() >= 0	ORIGINAL_OCA_SAMPLE
apollo	3	OCA	com.ctrip.framework.apollo.biz.entity.ReleaseHistory#getOperationContext():String	2	METHOD_EXIT	result == null || !result.isEmpty() || result.isEmpty()	result == null || !result.isEmpty() || result.isEmpty()	ORIGINAL_OCA_SAMPLE
apollo	3	OCA	com.ctrip.framework.apollo.biz.entity.ReleaseHistory#getOperationContext():String	3	METHOD_EXIT	"result == null || result.contains("""")"	"result == null || result.contains("""")"	ORIGINAL_OCA_SAMPLE
apollo	4	DAIKON	com.ctrip.framework.apollo.biz.entity.Item.setLineNum(java.lang.Integer)	1	com.ctrip.framework.apollo.biz.entity.Item.setLineNum(java.lang.Integer):::ENTER	this.key != null	this.key != null	RETAINED_ORIGINAL_SAMPLE
apollo	4	DAIKON	com.ctrip.framework.apollo.biz.entity.Item.setLineNum(java.lang.Integer)	2	com.ctrip.framework.apollo.biz.entity.Item.setLineNum(java.lang.Integer):::ENTER	this.dataChangeCreatedBy == null	this.dataChangeCreatedBy == null	RETAINED_ORIGINAL_SAMPLE
apollo	4	DAIKON	com.ctrip.framework.apollo.biz.entity.Item.setLineNum(java.lang.Integer)	3	com.ctrip.framework.apollo.biz.entity.Item.setLineNum(java.lang.Integer):::ENTER	this.namespaceId one of { 0, 1 }	this.namespaceId == 0 || this.namespaceId == 1	RESAMPLED_REPLACEMENT
apollo	4	OCA	com.ctrip.framework.apollo.biz.entity.Item#setLineNum(Integer):void	1	METHOD_EXIT	lineNum == null || lineNum.compareTo(0) >= 0	lineNum == null || lineNum.compareTo(0) >= 0	ORIGINAL_OCA_SAMPLE
apollo	4	OCA	com.ctrip.framework.apollo.biz.entity.Item#setLineNum(Integer):void	2	METHOD_ENTRY	lineNum == null || lineNum.intValue() >= 0	lineNum == null || lineNum.intValue() >= 0	ORIGINAL_OCA_SAMPLE
apollo	4	OCA	com.ctrip.framework.apollo.biz.entity.Item#setLineNum(Integer):void	3	METHOD_EXIT	lineNum == null || lineNum.intValue() >= 0	lineNum == null || lineNum.intValue() >= 0	ORIGINAL_OCA_SAMPLE
apollo	5	DAIKON	com.ctrip.framework.apollo.biz.service.ItemService.checkItemKeyLength(java.lang.String)	1	com.ctrip.framework.apollo.biz.service.ItemService.checkItemKeyLength(java.lang.String):::EXIT	return == true	result == true	RESAMPLED_REPLACEMENT
apollo	5	DAIKON	com.ctrip.framework.apollo.biz.service.ItemService.checkItemKeyLength(java.lang.String)	2	com.ctrip.framework.apollo.biz.service.ItemService.checkItemKeyLength(java.lang.String):::ENTER	this.itemRepository.getClass().getName() == jdk.proxy2.$Proxy258.class	"""jdk.proxy2.$Proxy258"".equals(this.itemRepository.getClass().getName())"	RESAMPLED_REPLACEMENT
apollo	5	DAIKON	com.ctrip.framework.apollo.biz.service.ItemService.checkItemKeyLength(java.lang.String)	3	com.ctrip.framework.apollo.biz.service.ItemService.checkItemKeyLength(java.lang.String):::EXIT	"key.toString one of { ""k3"", ""k6"", ""k7"" }"	"""k3"".equals(key.toString()) || ""k6"".equals(key.toString()) || ""k7"".equals(key.toString())"	RESAMPLED_REPLACEMENT
apollo	5	DAIKON	com.ctrip.framework.apollo.biz.service.ItemService.checkItemKeyLength(java.lang.String)	4	com.ctrip.framework.apollo.biz.service.ItemService.checkItemKeyLength(java.lang.String):::EXIT	this.itemRepository.getClass().getName() == jdk.proxy2.$Proxy258.class	"""jdk.proxy2.$Proxy258"".equals(this.itemRepository.getClass().getName())"	RESAMPLED_REPLACEMENT
apollo	5	OCA	com.ctrip.framework.apollo.biz.service.ItemService#checkItemKeyLength(String):boolean	1	METHOD_ENTRY	key != null || key == null	key != null || key == null	ORIGINAL_OCA_SAMPLE
apollo	5	OCA	com.ctrip.framework.apollo.biz.service.ItemService#checkItemKeyLength(String):boolean	2	METHOD_EXIT	result == true	result == true	ORIGINAL_OCA_SAMPLE
apollo	5	OCA	com.ctrip.framework.apollo.biz.service.ItemService#checkItemKeyLength(String):boolean	3	METHOD_ENTRY	key == null || !key.isEmpty() || !key.isEmpty()	key == null || !key.isEmpty() || !key.isEmpty()	ORIGINAL_OCA_SAMPLE
apollo	5	OCA	com.ctrip.framework.apollo.biz.service.ItemService#checkItemKeyLength(String):boolean	4	METHOD_ENTRY	key == null || key.length() >= 0	key == null || key.length() >= 0	ORIGINAL_OCA_SAMPLE
apollo	6	DAIKON	com.ctrip.framework.apollo.biz.registry.configuration.support.ApolloServiceDiscoveryProperties.getHealthCheckIntervalInSecond()	1	com.ctrip.framework.apollo.biz.registry.configuration.support.ApolloServiceDiscoveryProperties.getHealthCheckIntervalInSecond():::EXIT	this.healthCheckIntervalInSecond == return	this.healthCheckIntervalInSecond == result	RETAINED_ORIGINAL_SAMPLE
apollo	6	OCA	com.ctrip.framework.apollo.biz.registry.configuration.support.ApolloServiceDiscoveryProperties#getHealthCheckIntervalInSecond():long	1	METHOD_EXIT	result >= 0L	result >= 0L	ORIGINAL_OCA_SAMPLE
apollo	7	DAIKON	com.ctrip.framework.apollo.biz.registry.configuration.ApolloServiceDiscoveryAutoConfiguration.wrapMemoryCache(com.ctrip.framework.apollo.biz.registry.DatabaseDiscoveryClient)	1	com.ctrip.framework.apollo.biz.registry.configuration.ApolloServiceDiscoveryAutoConfiguration.wrapMemoryCache(com.ctrip.framework.apollo.biz.registry.DatabaseDiscoveryClient):::ENTER	discoveryClient.getClass().getName() == com.ctrip.framework.apollo.biz.registry.DatabaseDiscoveryClientAlwaysAddSelfInstanceDecoratorImpl.class	discoveryClient.getClass() == com.ctrip.framework.apollo.biz.registry.DatabaseDiscoveryClientAlwaysAddSelfInstanceDecoratorImpl.class	RETAINED_ORIGINAL_SAMPLE
apollo	7	DAIKON	com.ctrip.framework.apollo.biz.registry.configuration.ApolloServiceDiscoveryAutoConfiguration.wrapMemoryCache(com.ctrip.framework.apollo.biz.registry.DatabaseDiscoveryClient)	2	com.ctrip.framework.apollo.biz.registry.configuration.ApolloServiceDiscoveryAutoConfiguration.wrapMemoryCache(com.ctrip.framework.apollo.biz.registry.DatabaseDiscoveryClient):::EXIT	return.getClass().getName() == com.ctrip.framework.apollo.biz.registry.DatabaseDiscoveryClientMemoryCacheDecoratorImpl.class	result.getClass() == com.ctrip.framework.apollo.biz.registry.DatabaseDiscoveryClientMemoryCacheDecoratorImpl.class	RETAINED_ORIGINAL_SAMPLE
apollo	7	OCA	com.ctrip.framework.apollo.biz.registry.configuration.ApolloServiceDiscoveryAutoConfiguration#wrapMemoryCache(DatabaseDiscoveryClient):DatabaseDiscoveryClient	1	METHOD_EXIT	result != discoveryClient	result != discoveryClient	ORIGINAL_OCA_SAMPLE
apollo	7	OCA	com.ctrip.framework.apollo.biz.registry.configuration.ApolloServiceDiscoveryAutoConfiguration#wrapMemoryCache(DatabaseDiscoveryClient):DatabaseDiscoveryClient	2	METHOD_ENTRY	discoveryClient != null	discoveryClient != null	ORIGINAL_OCA_SAMPLE
apollo	8	DAIKON	com.ctrip.framework.apollo.biz.service.ItemSetService.updateSet(java.lang.String, java.lang.String, java.lang.String, com.ctrip.framework.apollo.common.dto.ItemChangeSets)	1	com.ctrip.framework.apollo.biz.service.ItemSetService.updateSet(java.lang.String, java.lang.String, java.lang.String, com.ctrip.framework.apollo.common.dto.ItemChangeSets):::EXIT	this.bizConfig.splitter == null	this.bizConfig.splitter == null	RETAINED_ORIGINAL_SAMPLE
apollo	8	DAIKON	com.ctrip.framework.apollo.biz.service.ItemSetService.updateSet(java.lang.String, java.lang.String, java.lang.String, com.ctrip.framework.apollo.common.dto.ItemChangeSets)	2	com.ctrip.framework.apollo.biz.service.ItemSetService.updateSet(java.lang.String, java.lang.String, java.lang.String, com.ctrip.framework.apollo.common.dto.ItemChangeSets):::ENTER	this.bizConfig.propertySources == null	this.bizConfig.propertySources == null	RETAINED_ORIGINAL_SAMPLE
apollo	8	DAIKON	com.ctrip.framework.apollo.biz.service.ItemSetService.updateSet(java.lang.String, java.lang.String, java.lang.String, com.ctrip.framework.apollo.common.dto.ItemChangeSets)	3	com.ctrip.framework.apollo.biz.service.ItemSetService.updateSet(java.lang.String, java.lang.String, java.lang.String, com.ctrip.framework.apollo.common.dto.ItemChangeSets):::EXIT	size(changeSet.updateItems[]) == size(changeSet.deleteItems[])	changeSet.updateItems.size() == changeSet.deleteItems.size()	RESAMPLED_REPLACEMENT
apollo	8	DAIKON	com.ctrip.framework.apollo.biz.service.ItemSetService.updateSet(java.lang.String, java.lang.String, java.lang.String, com.ctrip.framework.apollo.common.dto.ItemChangeSets)	4	com.ctrip.framework.apollo.biz.service.ItemSetService.updateSet(java.lang.String, java.lang.String, java.lang.String, com.ctrip.framework.apollo.common.dto.ItemChangeSets):::EXIT	changeSet.dataChangeCreatedBy == return.dataChangeLastModifiedByDisplayName	java.util.Objects.equals(changeSet.dataChangeCreatedBy, result.dataChangeLastModifiedByDisplayName)	RESAMPLED_REPLACEMENT
apollo	8	DAIKON	com.ctrip.framework.apollo.biz.service.ItemSetService.updateSet(java.lang.String, java.lang.String, java.lang.String, com.ctrip.framework.apollo.common.dto.ItemChangeSets)	5	com.ctrip.framework.apollo.biz.service.ItemSetService.updateSet(java.lang.String, java.lang.String, java.lang.String, com.ctrip.framework.apollo.common.dto.ItemChangeSets):::EXIT	changeSet.createItems[] == return.createItems[]	changeSet.createItems.size() == result.createItems.size() && java.util.stream.IntStream.range(0, changeSet.createItems.size()).allMatch(i -> changeSet.createItems.get(i) == result.createItems.get(i))	RESAMPLED_REPLACEMENT
apollo	8	OCA	com.ctrip.framework.apollo.biz.service.ItemSetService#updateSet(String,String,String,ItemChangeSets):ItemChangeSets	1	METHOD_ENTRY	clusterName != null	clusterName != null	ORIGINAL_OCA_SAMPLE
apollo	8	OCA	com.ctrip.framework.apollo.biz.service.ItemSetService#updateSet(String,String,String,ItemChangeSets):ItemChangeSets	2	METHOD_ENTRY	appId != null	appId != null	ORIGINAL_OCA_SAMPLE
apollo	8	OCA	com.ctrip.framework.apollo.biz.service.ItemSetService#updateSet(String,String,String,ItemChangeSets):ItemChangeSets	3	METHOD_EXIT	changeSet != null && result == changeSet	changeSet != null && result == changeSet	ORIGINAL_OCA_SAMPLE
apollo	8	OCA	com.ctrip.framework.apollo.biz.service.ItemSetService#updateSet(String,String,String,ItemChangeSets):ItemChangeSets	4	METHOD_ENTRY	namespaceName != null	namespaceName != null	ORIGINAL_OCA_SAMPLE
apollo	8	OCA	com.ctrip.framework.apollo.biz.service.ItemSetService#updateSet(String,String,String,ItemChangeSets):ItemChangeSets	5	METHOD_ENTRY	changeSet != null && changeSet.getCreateItems() != null && changeSet.getDeleteItems() != null && changeSet.getUpdateItems() != null	changeSet != null && changeSet.getCreateItems() != null && changeSet.getDeleteItems() != null && changeSet.getUpdateItems() != null	ORIGINAL_OCA_SAMPLE
apollo	9	DAIKON	com.ctrip.framework.apollo.biz.service.ItemService.getItemInfoBySearch(java.lang.String, java.lang.String, org.springframework.data.domain.Pageable)	1	com.ctrip.framework.apollo.biz.service.ItemService.getItemInfoBySearch(java.lang.String, java.lang.String, org.springframework.data.domain.Pageable):::ENTER	"value.toString one of { """", ""v1"" }"	""""".equals(value) || ""v1"".equals(value)"	RETAINED_ORIGINAL_SAMPLE
apollo	9	DAIKON	com.ctrip.framework.apollo.biz.service.ItemService.getItemInfoBySearch(java.lang.String, java.lang.String, org.springframework.data.domain.Pageable)	2	com.ctrip.framework.apollo.biz.service.ItemService.getItemInfoBySearch(java.lang.String, java.lang.String, org.springframework.data.domain.Pageable):::EXIT	"value.toString one of { """", ""v1"" }"	""""".equals(value) || ""v1"".equals(value)"	RETAINED_ORIGINAL_SAMPLE
apollo	9	DAIKON	com.ctrip.framework.apollo.biz.service.ItemService.getItemInfoBySearch(java.lang.String, java.lang.String, org.springframework.data.domain.Pageable)	3	com.ctrip.framework.apollo.biz.service.ItemService.getItemInfoBySearch(java.lang.String, java.lang.String, org.springframework.data.domain.Pageable):::EXIT	return.getClass().getName() == org.springframework.data.domain.PageImpl.class	result.getClass() == org.springframework.data.domain.PageImpl.class	RESAMPLED_REPLACEMENT
apollo	9	DAIKON	com.ctrip.framework.apollo.biz.service.ItemService.getItemInfoBySearch(java.lang.String, java.lang.String, org.springframework.data.domain.Pageable)	4	com.ctrip.framework.apollo.biz.service.ItemService.getItemInfoBySearch(java.lang.String, java.lang.String, org.springframework.data.domain.Pageable):::EXIT	"key.toString one of { """", ""k1"" }"	""""".equals(key) || ""k1"".equals(key)"	RESAMPLED_REPLACEMENT
apollo	9	DAIKON	com.ctrip.framework.apollo.biz.service.ItemService.getItemInfoBySearch(java.lang.String, java.lang.String, org.springframework.data.domain.Pageable)	5	com.ctrip.framework.apollo.biz.service.ItemService.getItemInfoBySearch(java.lang.String, java.lang.String, org.springframework.data.domain.Pageable):::EXIT	this.itemRepository.getClass().getName() == jdk.proxy2.$Proxy258.class	"this.itemRepository.getClass().getName().equals(""jdk.proxy2.$Proxy258"")"	RESAMPLED_REPLACEMENT
apollo	9	DAIKON	com.ctrip.framework.apollo.biz.service.ItemService.getItemInfoBySearch(java.lang.String, java.lang.String, org.springframework.data.domain.Pageable)	6	com.ctrip.framework.apollo.biz.service.ItemService.getItemInfoBySearch(java.lang.String, java.lang.String, org.springframework.data.domain.Pageable):::ENTER	"key.toString one of { """", ""k1"" }"	""""".equals(key) || ""k1"".equals(key)"	RESAMPLED_REPLACEMENT
apollo	9	DAIKON	com.ctrip.framework.apollo.biz.service.ItemService.getItemInfoBySearch(java.lang.String, java.lang.String, org.springframework.data.domain.Pageable)	7	com.ctrip.framework.apollo.biz.service.ItemService.getItemInfoBySearch(java.lang.String, java.lang.String, org.springframework.data.domain.Pageable):::ENTER	this.itemRepository.getClass().getName() == jdk.proxy2.$Proxy258.class	"this.itemRepository.getClass().getName().equals(""jdk.proxy2.$Proxy258"")"	RESAMPLED_REPLACEMENT
apollo	9	OCA	com.ctrip.framework.apollo.biz.service.ItemService#getItemInfoBySearch(String,String,Pageable):Page<ItemInfoDTO>	1	METHOD_ENTRY	!(key.isEmpty() && value.isEmpty())	!(key.isEmpty() && value.isEmpty())	ORIGINAL_OCA_SAMPLE
apollo	9	OCA	com.ctrip.framework.apollo.biz.service.ItemService#getItemInfoBySearch(String,String,Pageable):Page<ItemInfoDTO>	2	METHOD_ENTRY	limit != null	limit != null	ORIGINAL_OCA_SAMPLE
apollo	9	OCA	com.ctrip.framework.apollo.biz.service.ItemService#getItemInfoBySearch(String,String,Pageable):Page<ItemInfoDTO>	3	METHOD_EXIT	(key.isEmpty() || !value.isEmpty() || !result.isEmpty())	(key.isEmpty() || !value.isEmpty() || !result.isEmpty())	ORIGINAL_OCA_SAMPLE
apollo	9	OCA	com.ctrip.framework.apollo.biz.service.ItemService#getItemInfoBySearch(String,String,Pageable):Page<ItemInfoDTO>	4	METHOD_ENTRY	key != null	key != null	ORIGINAL_OCA_SAMPLE
apollo	9	OCA	com.ctrip.framework.apollo.biz.service.ItemService#getItemInfoBySearch(String,String,Pageable):Page<ItemInfoDTO>	5	METHOD_EXIT	(result.getSize() == limit.getPageSize())	(result.getSize() == limit.getPageSize())	ORIGINAL_OCA_SAMPLE
apollo	9	OCA	com.ctrip.framework.apollo.biz.service.ItemService#getItemInfoBySearch(String,String,Pageable):Page<ItemInfoDTO>	6	METHOD_ENTRY	value != null	value != null	ORIGINAL_OCA_SAMPLE
apollo	9	OCA	com.ctrip.framework.apollo.biz.service.ItemService#getItemInfoBySearch(String,String,Pageable):Page<ItemInfoDTO>	7	METHOD_ENTRY	(key.isEmpty() && !value.isEmpty()) || (!key.isEmpty() && value.isEmpty()) || (!key.isEmpty() && !value.isEmpty())	(key.isEmpty() && !value.isEmpty()) || (!key.isEmpty() && value.isEmpty()) || (!key.isEmpty() && !value.isEmpty())	ORIGINAL_OCA_SAMPLE
apollo	10	DAIKON	com.ctrip.framework.apollo.biz.entity.JpaMapFieldJsonConverter.convertToDatabaseColumn(java.util.Map)	1	com.ctrip.framework.apollo.biz.entity.JpaMapFieldJsonConverter.convertToDatabaseColumn(java.util.Map):::ENTER	com.ctrip.framework.apollo.biz.entity.JpaMapFieldJsonConverter.TYPE.getClass().getName() != attribute.getClass().getName()	!com.ctrip.framework.apollo.biz.entity.JpaMapFieldJsonConverter.TYPE.getClass().getName().equals(attribute.getClass().getName())	RETAINED_ORIGINAL_SAMPLE
apollo	10	DAIKON	com.ctrip.framework.apollo.biz.entity.JpaMapFieldJsonConverter.convertToDatabaseColumn(java.util.Map)	2	com.ctrip.framework.apollo.biz.entity.JpaMapFieldJsonConverter.convertToDatabaseColumn(java.util.Map):::ENTER	com.ctrip.framework.apollo.biz.entity.JpaMapFieldJsonConverter.TYPE_TOKEN.getClass().getName() != attribute.getClass().getName()	!com.ctrip.framework.apollo.biz.entity.JpaMapFieldJsonConverter.TYPE_TOKEN.getClass().getName().equals(attribute.getClass().getName())	RESAMPLED_REPLACEMENT
apollo	10	DAIKON	com.ctrip.framework.apollo.biz.entity.JpaMapFieldJsonConverter.convertToDatabaseColumn(java.util.Map)	3	com.ctrip.framework.apollo.biz.entity.JpaMapFieldJsonConverter.convertToDatabaseColumn(java.util.Map):::EXIT	return != null	result != null	RESAMPLED_REPLACEMENT
apollo	10	OCA	com.ctrip.framework.apollo.biz.entity.JpaMapFieldJsonConverter#convertToDatabaseColumn(Map<String, String>):String	1	METHOD_EXIT	!result.isEmpty() || (attribute == null || attribute.isEmpty())	!result.isEmpty() || (attribute == null || attribute.isEmpty())	ORIGINAL_OCA_SAMPLE
apollo	10	OCA	com.ctrip.framework.apollo.biz.entity.JpaMapFieldJsonConverter#convertToDatabaseColumn(Map<String, String>):String	2	METHOD_EXIT	attribute == null || result.length() >= 2	attribute == null || result.length() >= 2	ORIGINAL_OCA_SAMPLE
apollo	10	OCA	com.ctrip.framework.apollo.biz.entity.JpaMapFieldJsonConverter#convertToDatabaseColumn(Map<String, String>):String	3	METHOD_EXIT	"(attribute == null) || (!result.contains(""null""))"	"(attribute == null) || (!result.contains(""null""))"	ORIGINAL_OCA_SAMPLE
hudi	1	DAIKON	org.apache.hudi.table.action.commit.JavaUpsertPartitioner.getSmallFilesForPartitions(java.util.List, org.apache.hudi.common.engine.HoodieEngineContext)	1	org.apache.hudi.table.action.commit.JavaUpsertPartitioner.getSmallFilesForPartitions(java.util.List, org.apache.hudi.common.engine.HoodieEngineContext):::EXIT	size(this.smallFiles[]) <= size(partitionPaths[])-1	this.smallFiles.size() <= partitionPaths.size() - 1	RETAINED_ORIGINAL_SAMPLE
hudi	1	DAIKON	org.apache.hudi.table.action.commit.JavaUpsertPartitioner.getSmallFilesForPartitions(java.util.List, org.apache.hudi.common.engine.HoodieEngineContext)	2	org.apache.hudi.table.action.commit.JavaUpsertPartitioner.getSmallFilesForPartitions(java.util.List, org.apache.hudi.common.engine.HoodieEngineContext):::ENTER	partitionPaths != null	partitionPaths != null	RETAINED_ORIGINAL_SAMPLE
hudi	1	DAIKON	org.apache.hudi.table.action.commit.JavaUpsertPartitioner.getSmallFilesForPartitions(java.util.List, org.apache.hudi.common.engine.HoodieEngineContext)	3	org.apache.hudi.table.action.commit.JavaUpsertPartitioner.getSmallFilesForPartitions(java.util.List, org.apache.hudi.common.engine.HoodieEngineContext):::ENTER	context != null	context != null	RETAINED_ORIGINAL_SAMPLE
hudi	1	DAIKON	org.apache.hudi.table.action.commit.JavaUpsertPartitioner.getSmallFilesForPartitions(java.util.List, org.apache.hudi.common.engine.HoodieEngineContext)	4	org.apache.hudi.table.action.commit.JavaUpsertPartitioner.getSmallFilesForPartitions(java.util.List, org.apache.hudi.common.engine.HoodieEngineContext):::ENTER	this.smallFiles[] == []	this.smallFiles.isEmpty()	RESAMPLED_REPLACEMENT
hudi	1	DAIKON	org.apache.hudi.table.action.commit.JavaUpsertPartitioner.getSmallFilesForPartitions(java.util.List, org.apache.hudi.common.engine.HoodieEngineContext)	5	org.apache.hudi.table.action.commit.JavaUpsertPartitioner.getSmallFilesForPartitions(java.util.List, org.apache.hudi.common.engine.HoodieEngineContext):::EXIT	this.smallFiles[] == []	this.smallFiles.isEmpty()	RESAMPLED_REPLACEMENT
hudi	1	OCA	org.apache.hudi.table.action.commit.JavaUpsertPartitioner#getSmallFilesForPartitions(List<String>,HoodieEngineContext):Map<String, List<SmallFile>>	1	METHOD_ENTRY	partitionPaths == null || !partitionPaths.contains(null)	partitionPaths == null || !partitionPaths.contains(null)	ORIGINAL_OCA_SAMPLE
hudi	1	OCA	org.apache.hudi.table.action.commit.JavaUpsertPartitioner#getSmallFilesForPartitions(List<String>,HoodieEngineContext):Map<String, List<SmallFile>>	2	METHOD_ENTRY	context != null	context != null	ORIGINAL_OCA_SAMPLE
hudi	1	OCA	org.apache.hudi.table.action.commit.JavaUpsertPartitioner#getSmallFilesForPartitions(List<String>,HoodieEngineContext):Map<String, List<SmallFile>>	3	METHOD_ENTRY	partitionPaths == null || partitionPaths.size() >= 0	partitionPaths == null || partitionPaths.size() >= 0	ORIGINAL_OCA_SAMPLE
hudi	1	OCA	org.apache.hudi.table.action.commit.JavaUpsertPartitioner#getSmallFilesForPartitions(List<String>,HoodieEngineContext):Map<String, List<SmallFile>>	4	METHOD_EXIT	result != null	result != null	ORIGINAL_OCA_SAMPLE
hudi	1	OCA	org.apache.hudi.table.action.commit.JavaUpsertPartitioner#getSmallFilesForPartitions(List<String>,HoodieEngineContext):Map<String, List<SmallFile>>	5	METHOD_EXIT	(partitionPaths == null || partitionPaths.isEmpty()) == result.isEmpty()	(partitionPaths == null || partitionPaths.isEmpty()) == result.isEmpty()	ORIGINAL_OCA_SAMPLE
hudi	2	DAIKON	org.apache.hudi.table.HoodieJavaMergeOnReadTable.scheduleCompaction(org.apache.hudi.common.engine.HoodieEngineContext, java.lang.String, org.apache.hudi.common.util.Option)	1	org.apache.hudi.table.HoodieJavaMergeOnReadTable.scheduleCompaction(org.apache.hudi.common.engine.HoodieEngineContext, java.lang.String, org.apache.hudi.common.util.Option):::EXIT	this.storageLayout == null	this.storageLayout == null	RETAINED_ORIGINAL_SAMPLE
hudi	2	DAIKON	org.apache.hudi.table.HoodieJavaMergeOnReadTable.scheduleCompaction(org.apache.hudi.common.engine.HoodieEngineContext, java.lang.String, org.apache.hudi.common.util.Option)	2	org.apache.hudi.table.HoodieJavaMergeOnReadTable.scheduleCompaction(org.apache.hudi.common.engine.HoodieEngineContext, java.lang.String, org.apache.hudi.common.util.Option):::EXIT	this.isMetadataTableExists == false	this.isMetadataTableExists == false	RETAINED_ORIGINAL_SAMPLE
hudi	2	DAIKON	org.apache.hudi.table.HoodieJavaMergeOnReadTable.scheduleCompaction(org.apache.hudi.common.engine.HoodieEngineContext, java.lang.String, org.apache.hudi.common.util.Option)	3	org.apache.hudi.table.HoodieJavaMergeOnReadTable.scheduleCompaction(org.apache.hudi.common.engine.HoodieEngineContext, java.lang.String, org.apache.hudi.common.util.Option):::ENTER	this.metadata == null	this.metadata == null	RETAINED_ORIGINAL_SAMPLE
hudi	2	DAIKON	org.apache.hudi.table.HoodieJavaMergeOnReadTable.scheduleCompaction(org.apache.hudi.common.engine.HoodieEngineContext, java.lang.String, org.apache.hudi.common.util.Option)	4	org.apache.hudi.table.HoodieJavaMergeOnReadTable.scheduleCompaction(org.apache.hudi.common.engine.HoodieEngineContext, java.lang.String, org.apache.hudi.common.util.Option):::ENTER	extraMetadata != null	extraMetadata != null	RESAMPLED_REPLACEMENT
hudi	2	DAIKON	org.apache.hudi.table.HoodieJavaMergeOnReadTable.scheduleCompaction(org.apache.hudi.common.engine.HoodieEngineContext, java.lang.String, org.apache.hudi.common.util.Option)	5	org.apache.hudi.table.HoodieJavaMergeOnReadTable.scheduleCompaction(org.apache.hudi.common.engine.HoodieEngineContext, java.lang.String, org.apache.hudi.common.util.Option):::ENTER	this.context.getClass().getName() == context.getClass().getName()	this.context.getClass().getName().equals(context.getClass().getName())	RESAMPLED_REPLACEMENT
hudi	2	DAIKON	org.apache.hudi.table.HoodieJavaMergeOnReadTable.scheduleCompaction(org.apache.hudi.common.engine.HoodieEngineContext, java.lang.String, org.apache.hudi.common.util.Option)	6	org.apache.hudi.table.HoodieJavaMergeOnReadTable.scheduleCompaction(org.apache.hudi.common.engine.HoodieEngineContext, java.lang.String, org.apache.hudi.common.util.Option):::ENTER	this.index == null	this.index == null	RESAMPLED_REPLACEMENT
hudi	2	DAIKON	org.apache.hudi.table.HoodieJavaMergeOnReadTable.scheduleCompaction(org.apache.hudi.common.engine.HoodieEngineContext, java.lang.String, org.apache.hudi.common.util.Option)	7	org.apache.hudi.table.HoodieJavaMergeOnReadTable.scheduleCompaction(org.apache.hudi.common.engine.HoodieEngineContext, java.lang.String, org.apache.hudi.common.util.Option):::EXIT	return != null	result != null	RESAMPLED_REPLACEMENT
hudi	2	OCA	org.apache.hudi.table.HoodieJavaMergeOnReadTable#scheduleCompaction(HoodieEngineContext,String,Option<Map<String, String>>):Option<HoodieCompactionPlan>	1	METHOD_EXIT	!result.isPresent() || result.get() != null	!result.isPresent() || result.get() != null	ORIGINAL_OCA_SAMPLE
hudi	2	OCA	org.apache.hudi.table.HoodieJavaMergeOnReadTable#scheduleCompaction(HoodieEngineContext,String,Option<Map<String, String>>):Option<HoodieCompactionPlan>	2	METHOD_ENTRY	(!extraMetadata.isPresent() || extraMetadata.get() != null)	(!extraMetadata.isPresent() || extraMetadata.get() != null)	ORIGINAL_OCA_SAMPLE
hudi	2	OCA	org.apache.hudi.table.HoodieJavaMergeOnReadTable#scheduleCompaction(HoodieEngineContext,String,Option<Map<String, String>>):Option<HoodieCompactionPlan>	3	METHOD_ENTRY	context != null	context != null	ORIGINAL_OCA_SAMPLE
hudi	2	OCA	org.apache.hudi.table.HoodieJavaMergeOnReadTable#scheduleCompaction(HoodieEngineContext,String,Option<Map<String, String>>):Option<HoodieCompactionPlan>	4	METHOD_ENTRY	instantTime != null && !instantTime.isEmpty()	instantTime != null && !instantTime.isEmpty()	ORIGINAL_OCA_SAMPLE
hudi	2	OCA	org.apache.hudi.table.HoodieJavaMergeOnReadTable#scheduleCompaction(HoodieEngineContext,String,Option<Map<String, String>>):Option<HoodieCompactionPlan>	5	METHOD_ENTRY	extraMetadata != null	extraMetadata != null	ORIGINAL_OCA_SAMPLE
hudi	2	OCA	org.apache.hudi.table.HoodieJavaMergeOnReadTable#scheduleCompaction(HoodieEngineContext,String,Option<Map<String, String>>):Option<HoodieCompactionPlan>	6	METHOD_EXIT	result.isPresent() || !result.isPresent()	result.isPresent() || !result.isPresent()	ORIGINAL_OCA_SAMPLE
hudi	2	OCA	org.apache.hudi.table.HoodieJavaMergeOnReadTable#scheduleCompaction(HoodieEngineContext,String,Option<Map<String, String>>):Option<HoodieCompactionPlan>	7	METHOD_EXIT	result != null	result != null	ORIGINAL_OCA_SAMPLE
hudi	3	DAIKON	org.apache.hudi.execution.JavaLazyInsertIterable.computeNext()	1	org.apache.hudi.execution.JavaLazyInsertIterable.computeNext():::EXIT	this.taskContextSupplier.getClass().getName() != return.getClass().getName()	!this.taskContextSupplier.getClass().getName().equals(result.getClass().getName())	RETAINED_ORIGINAL_SAMPLE
hudi	3	DAIKON	org.apache.hudi.execution.JavaLazyInsertIterable.computeNext()	2	org.apache.hudi.execution.JavaLazyInsertIterable.computeNext():::EXIT	return[] elements != null	result.stream().allMatch(element -> element != null)	RESAMPLED_REPLACEMENT
hudi	3	DAIKON	org.apache.hudi.execution.JavaLazyInsertIterable.computeNext()	3	org.apache.hudi.execution.JavaLazyInsertIterable.computeNext():::EXIT	this.inputItr.getClass().getName() != return.getClass().getName()	!this.inputItr.getClass().getName().equals(result.getClass().getName())	RESAMPLED_REPLACEMENT
hudi	3	OCA	org.apache.hudi.execution.JavaLazyInsertIterable#computeNext():List<WriteStatus>	1	METHOD_EXIT	!result.isEmpty()	!result.isEmpty()	ORIGINAL_OCA_SAMPLE
hudi	3	OCA	org.apache.hudi.execution.JavaLazyInsertIterable#computeNext():List<WriteStatus>	2	METHOD_EXIT	result.size() > 0	result.size() > 0	ORIGINAL_OCA_SAMPLE
hudi	3	OCA	org.apache.hudi.execution.JavaLazyInsertIterable#computeNext():List<WriteStatus>	3	METHOD_EXIT	result != null	result != null	ORIGINAL_OCA_SAMPLE
hudi	4	DAIKON	org.apache.hudi.table.action.commit.BaseJavaCommitActionExecutor.handleUpsertPartition(java.lang.String, java.lang.Integer, java.util.Iterator, org.apache.hudi.table.action.commit.Partitioner)	1	org.apache.hudi.table.action.commit.BaseJavaCommitActionExecutor.handleUpsertPartition(java.lang.String, java.lang.Integer, java.util.Iterator, org.apache.hudi.table.action.commit.Partitioner):::EXIT	this.instantFileNameGenerator.getClass().getName() == org.apache.hudi.common.table.timeline.versioning.v2.InstantFileNameGeneratorV2.class	this.instantFileNameGenerator.getClass() == org.apache.hudi.common.table.timeline.versioning.v2.InstantFileNameGeneratorV2.class	RETAINED_ORIGINAL_SAMPLE
hudi	4	DAIKON	org.apache.hudi.table.action.commit.BaseJavaCommitActionExecutor.handleUpsertPartition(java.lang.String, java.lang.Integer, java.util.Iterator, org.apache.hudi.table.action.commit.Partitioner)	2	org.apache.hudi.table.action.commit.BaseJavaCommitActionExecutor.handleUpsertPartition(java.lang.String, java.lang.Integer, java.util.Iterator, org.apache.hudi.table.action.commit.Partitioner):::ENTER	partitioner != null	partitioner != null	RESAMPLED_REPLACEMENT
hudi	4	DAIKON	org.apache.hudi.table.action.commit.BaseJavaCommitActionExecutor.handleUpsertPartition(java.lang.String, java.lang.Integer, java.util.Iterator, org.apache.hudi.table.action.commit.Partitioner)	3	org.apache.hudi.table.action.commit.BaseJavaCommitActionExecutor.handleUpsertPartition(java.lang.String, java.lang.Integer, java.util.Iterator, org.apache.hudi.table.action.commit.Partitioner):::ENTER	this.pendingInflightAndRequestedInstants.getClass().getName() != recordItr.getClass().getName()	!this.pendingInflightAndRequestedInstants.getClass().getName().equals(recordItr.getClass().getName())	RESAMPLED_REPLACEMENT
hudi	4	DAIKON	org.apache.hudi.table.action.commit.BaseJavaCommitActionExecutor.handleUpsertPartition(java.lang.String, java.lang.Integer, java.util.Iterator, org.apache.hudi.table.action.commit.Partitioner)	4	org.apache.hudi.table.action.commit.BaseJavaCommitActionExecutor.handleUpsertPartition(java.lang.String, java.lang.Integer, java.util.Iterator, org.apache.hudi.table.action.commit.Partitioner):::EXIT	this.storageConf.getClass().getName() != return.getClass().getName()	!this.storageConf.getClass().getName().equals(result.getClass().getName())	RESAMPLED_REPLACEMENT
hudi	4	DAIKON	org.apache.hudi.table.action.commit.BaseJavaCommitActionExecutor.handleUpsertPartition(java.lang.String, java.lang.Integer, java.util.Iterator, org.apache.hudi.table.action.commit.Partitioner)	5	org.apache.hudi.table.action.commit.BaseJavaCommitActionExecutor.handleUpsertPartition(java.lang.String, java.lang.Integer, java.util.Iterator, org.apache.hudi.table.action.commit.Partitioner):::ENTER	this.taskContextSupplier.getClass().getName() != partitioner.getClass().getName()	!this.taskContextSupplier.getClass().getName().equals(partitioner.getClass().getName())	RESAMPLED_REPLACEMENT
hudi	4	OCA	org.apache.hudi.table.action.commit.BaseJavaCommitActionExecutor#handleUpsertPartition(String,Integer,Iterator,Partitioner):Iterator<List<WriteStatus>>	1	METHOD_ENTRY	partitioner != null	partitioner != null	ORIGINAL_OCA_SAMPLE
hudi	4	OCA	org.apache.hudi.table.action.commit.BaseJavaCommitActionExecutor#handleUpsertPartition(String,Integer,Iterator,Partitioner):Iterator<List<WriteStatus>>	2	METHOD_EXIT	result != null	result != null	ORIGINAL_OCA_SAMPLE
hudi	4	OCA	org.apache.hudi.table.action.commit.BaseJavaCommitActionExecutor#handleUpsertPartition(String,Integer,Iterator,Partitioner):Iterator<List<WriteStatus>>	3	METHOD_ENTRY	recordItr != null	recordItr != null	ORIGINAL_OCA_SAMPLE
hudi	4	OCA	org.apache.hudi.table.action.commit.BaseJavaCommitActionExecutor#handleUpsertPartition(String,Integer,Iterator,Partitioner):Iterator<List<WriteStatus>>	4	METHOD_ENTRY	instantTime != null	instantTime != null	ORIGINAL_OCA_SAMPLE
hudi	4	OCA	org.apache.hudi.table.action.commit.BaseJavaCommitActionExecutor#handleUpsertPartition(String,Integer,Iterator,Partitioner):Iterator<List<WriteStatus>>	5	METHOD_ENTRY	partition != null	partition != null	ORIGINAL_OCA_SAMPLE
hudi	5	DAIKON	org.apache.hudi.table.upgrade.JavaUpgradeDowngradeHelper.getInstance()	1	org.apache.hudi.table.upgrade.JavaUpgradeDowngradeHelper.getInstance():::EXIT	org.apache.hudi.table.upgrade.JavaUpgradeDowngradeHelper.SINGLETON_INSTANCE == return	org.apache.hudi.table.upgrade.JavaUpgradeDowngradeHelper.SINGLETON_INSTANCE == result	RETAINED_ORIGINAL_SAMPLE
hudi	5	OCA	org.apache.hudi.table.upgrade.JavaUpgradeDowngradeHelper#getInstance():JavaUpgradeDowngradeHelper	1	METHOD_EXIT	result != null	result != null	ORIGINAL_OCA_SAMPLE
hudi	6	DAIKON	org.apache.hudi.table.HoodieJavaTable.create(org.apache.hudi.config.HoodieWriteConfig, org.apache.hudi.common.engine.HoodieEngineContext)	1	org.apache.hudi.table.HoodieJavaTable.create(org.apache.hudi.config.HoodieWriteConfig, org.apache.hudi.common.engine.HoodieEngineContext):::ENTER	context != null	context != null	RETAINED_ORIGINAL_SAMPLE
hudi	6	DAIKON	org.apache.hudi.table.HoodieJavaTable.create(org.apache.hudi.config.HoodieWriteConfig, org.apache.hudi.common.engine.HoodieEngineContext)	2	org.apache.hudi.table.HoodieJavaTable.create(org.apache.hudi.config.HoodieWriteConfig, org.apache.hudi.common.engine.HoodieEngineContext):::ENTER	context.getClass().getName() == org.apache.hudi.client.common.HoodieJavaEngineContext.class	context.getClass() == org.apache.hudi.client.common.HoodieJavaEngineContext.class	RETAINED_ORIGINAL_SAMPLE
hudi	6	DAIKON	org.apache.hudi.table.HoodieJavaTable.create(org.apache.hudi.config.HoodieWriteConfig, org.apache.hudi.common.engine.HoodieEngineContext)	3	org.apache.hudi.table.HoodieJavaTable.create(org.apache.hudi.config.HoodieWriteConfig, org.apache.hudi.common.engine.HoodieEngineContext):::EXIT	return != null	result != null	RETAINED_ORIGINAL_SAMPLE
hudi	6	DAIKON	org.apache.hudi.table.HoodieJavaTable.create(org.apache.hudi.config.HoodieWriteConfig, org.apache.hudi.common.engine.HoodieEngineContext)	4	org.apache.hudi.table.HoodieJavaTable.create(org.apache.hudi.config.HoodieWriteConfig, org.apache.hudi.common.engine.HoodieEngineContext):::ENTER	config != null	config != null	RESAMPLED_REPLACEMENT
hudi	6	OCA	org.apache.hudi.table.HoodieJavaTable#create(HoodieWriteConfig,HoodieEngineContext):HoodieJavaTable<T>	1	METHOD_ENTRY	config.getConsistencyGuardConfig() != null	config.getConsistencyGuardConfig() != null	ORIGINAL_OCA_SAMPLE
hudi	6	OCA	org.apache.hudi.table.HoodieJavaTable#create(HoodieWriteConfig,HoodieEngineContext):HoodieJavaTable<T>	2	METHOD_ENTRY	context != null	context != null	ORIGINAL_OCA_SAMPLE
hudi	6	OCA	org.apache.hudi.table.HoodieJavaTable#create(HoodieWriteConfig,HoodieEngineContext):HoodieJavaTable<T>	3	METHOD_ENTRY	config != null	config != null	ORIGINAL_OCA_SAMPLE
hudi	6	OCA	org.apache.hudi.table.HoodieJavaTable#create(HoodieWriteConfig,HoodieEngineContext):HoodieJavaTable<T>	4	METHOD_EXIT	result != null	result != null	ORIGINAL_OCA_SAMPLE
hudi	8	DAIKON	org.apache.hudi.client.common.HoodieJavaEngineContext.getReaderContextFactory(org.apache.hudi.common.table.HoodieTableMetaClient)	1	org.apache.hudi.client.common.HoodieJavaEngineContext.getReaderContextFactory(org.apache.hudi.common.table.HoodieTableMetaClient):::EXIT	this.storageConf.getClass().getName() != return.getClass().getName()	!this.storageConf.getClass().getName().equals(result.getClass().getName())	RETAINED_ORIGINAL_SAMPLE
hudi	8	DAIKON	org.apache.hudi.client.common.HoodieJavaEngineContext.getReaderContextFactory(org.apache.hudi.common.table.HoodieTableMetaClient)	2	org.apache.hudi.client.common.HoodieJavaEngineContext.getReaderContextFactory(org.apache.hudi.common.table.HoodieTableMetaClient):::EXIT	this.taskContextSupplier.getClass().getName() != return.getClass().getName()	!this.taskContextSupplier.getClass().getName().equals(result.getClass().getName())	RETAINED_ORIGINAL_SAMPLE
hudi	8	DAIKON	org.apache.hudi.client.common.HoodieJavaEngineContext.getReaderContextFactory(org.apache.hudi.common.table.HoodieTableMetaClient)	3	org.apache.hudi.client.common.HoodieJavaEngineContext.getReaderContextFactory(org.apache.hudi.common.table.HoodieTableMetaClient):::EXIT	return.getClass().getName() == org.apache.hudi.common.engine.AvroReaderContextFactory.class	result.getClass() == org.apache.hudi.common.engine.AvroReaderContextFactory.class	RESAMPLED_REPLACEMENT
hudi	8	OCA	org.apache.hudi.client.common.HoodieJavaEngineContext#getReaderContextFactory(HoodieTableMetaClient):ReaderContextFactory<IndexedRecord>	1	METHOD_ENTRY	metaClient.getTableType() != null	metaClient.getTableType() != null	ORIGINAL_OCA_SAMPLE
hudi	8	OCA	org.apache.hudi.client.common.HoodieJavaEngineContext#getReaderContextFactory(HoodieTableMetaClient):ReaderContextFactory<IndexedRecord>	2	METHOD_ENTRY	metaClient.getBasePath() != null	metaClient.getBasePath() != null	ORIGINAL_OCA_SAMPLE
hudi	8	OCA	org.apache.hudi.client.common.HoodieJavaEngineContext#getReaderContextFactory(HoodieTableMetaClient):ReaderContextFactory<IndexedRecord>	3	METHOD_ENTRY	metaClient != null	metaClient != null	ORIGINAL_OCA_SAMPLE
hudi	9	DAIKON	org.apache.hudi.table.action.commit.BaseJavaCommitActionExecutor.getPartitionToReplacedFileIds(org.apache.hudi.table.action.HoodieWriteMetadata)	1	org.apache.hudi.table.action.commit.BaseJavaCommitActionExecutor.getPartitionToReplacedFileIds(org.apache.hudi.table.action.HoodieWriteMetadata):::EXIT	this.context.getClass().getName() != orig(this.getClass().getName())	!this.context.getClass().getName().equals(this.getClass().getName())	RETAINED_ORIGINAL_SAMPLE
hudi	9	DAIKON	org.apache.hudi.table.action.commit.BaseJavaCommitActionExecutor.getPartitionToReplacedFileIds(org.apache.hudi.table.action.HoodieWriteMetadata)	2	org.apache.hudi.table.action.commit.BaseJavaCommitActionExecutor.getPartitionToReplacedFileIds(org.apache.hudi.table.action.HoodieWriteMetadata):::EXIT	this.table.getClass().getName() != return.getClass().getName()	!this.table.getClass().getName().equals(result.getClass().getName())	RETAINED_ORIGINAL_SAMPLE
hudi	9	DAIKON	org.apache.hudi.table.action.commit.BaseJavaCommitActionExecutor.getPartitionToReplacedFileIds(org.apache.hudi.table.action.HoodieWriteMetadata)	3	org.apache.hudi.table.action.commit.BaseJavaCommitActionExecutor.getPartitionToReplacedFileIds(org.apache.hudi.table.action.HoodieWriteMetadata):::EXIT	this.instantFileNameGenerator.getClass().getName() != orig(this.getClass().getName())	!this.instantFileNameGenerator.getClass().getName().equals(this.getClass().getName())	RETAINED_ORIGINAL_SAMPLE
hudi	9	DAIKON	org.apache.hudi.table.action.commit.BaseJavaCommitActionExecutor.getPartitionToReplacedFileIds(org.apache.hudi.table.action.HoodieWriteMetadata)	4	org.apache.hudi.table.action.commit.BaseJavaCommitActionExecutor.getPartitionToReplacedFileIds(org.apache.hudi.table.action.HoodieWriteMetadata):::EXIT	this.instantGenerator.getClass().getName() != orig(this.getClass().getName())	!this.instantGenerator.getClass().getName().equals(this.getClass().getName())	RESAMPLED_REPLACEMENT
hudi	9	DAIKON	org.apache.hudi.table.action.commit.BaseJavaCommitActionExecutor.getPartitionToReplacedFileIds(org.apache.hudi.table.action.HoodieWriteMetadata)	5	org.apache.hudi.table.action.commit.BaseJavaCommitActionExecutor.getPartitionToReplacedFileIds(org.apache.hudi.table.action.HoodieWriteMetadata):::EXIT	this.instantFileNameGenerator.getClass().getName() != return.getClass().getName()	!this.instantFileNameGenerator.getClass().getName().equals(result.getClass().getName())	RESAMPLED_REPLACEMENT
hudi	9	DAIKON	org.apache.hudi.table.action.commit.BaseJavaCommitActionExecutor.getPartitionToReplacedFileIds(org.apache.hudi.table.action.HoodieWriteMetadata)	6	org.apache.hudi.table.action.commit.BaseJavaCommitActionExecutor.getPartitionToReplacedFileIds(org.apache.hudi.table.action.HoodieWriteMetadata):::EXIT	org.apache.hudi.table.action.commit.BaseJavaCommitActionExecutor.log.getClass().getName() != orig(this.getClass().getName())	!org.apache.hudi.table.action.commit.BaseJavaCommitActionExecutor.log.getClass().getName().equals(this.getClass().getName())	RESAMPLED_REPLACEMENT
hudi	9	OCA	org.apache.hudi.table.action.commit.BaseJavaCommitActionExecutor#getPartitionToReplacedFileIds(HoodieWriteMetadata<List<WriteStatus>>):Map<String, List<String>>	1	METHOD_ENTRY	writeMetadata != null	writeMetadata != null	ORIGINAL_OCA_SAMPLE
hudi	9	OCA	org.apache.hudi.table.action.commit.BaseJavaCommitActionExecutor#getPartitionToReplacedFileIds(HoodieWriteMetadata<List<WriteStatus>>):Map<String, List<String>>	2	METHOD_EXIT	result.isEmpty()	result.isEmpty()	ORIGINAL_OCA_SAMPLE
hudi	9	OCA	org.apache.hudi.table.action.commit.BaseJavaCommitActionExecutor#getPartitionToReplacedFileIds(HoodieWriteMetadata<List<WriteStatus>>):Map<String, List<String>>	3	METHOD_ENTRY	writeMetadata.getWriteStatuses() != null	writeMetadata.getWriteStatuses() != null	ORIGINAL_OCA_SAMPLE
hudi	9	OCA	org.apache.hudi.table.action.commit.BaseJavaCommitActionExecutor#getPartitionToReplacedFileIds(HoodieWriteMetadata<List<WriteStatus>>):Map<String, List<String>>	4	METHOD_EXIT	!result.containsKey(null)	!result.containsKey(null)	ORIGINAL_OCA_SAMPLE
hudi	9	OCA	org.apache.hudi.table.action.commit.BaseJavaCommitActionExecutor#getPartitionToReplacedFileIds(HoodieWriteMetadata<List<WriteStatus>>):Map<String, List<String>>	5	METHOD_EXIT	result != null	result != null	ORIGINAL_OCA_SAMPLE
hudi	9	OCA	org.apache.hudi.table.action.commit.BaseJavaCommitActionExecutor#getPartitionToReplacedFileIds(HoodieWriteMetadata<List<WriteStatus>>):Map<String, List<String>>	6	METHOD_EXIT	result.keySet().isEmpty()	result.keySet().isEmpty()	ORIGINAL_OCA_SAMPLE
hudi	10	DAIKON	org.apache.hudi.table.action.commit.BaseJavaCommitActionExecutor.updateIndex(java.util.List, org.apache.hudi.table.action.HoodieWriteMetadata)	1	org.apache.hudi.table.action.commit.BaseJavaCommitActionExecutor.updateIndex(java.util.List, org.apache.hudi.table.action.HoodieWriteMetadata):::EXIT	this.instantFileNameGenerator.getClass().getName() != return.getClass().getName()	!this.instantFileNameGenerator.getClass().getName().equals(result.getClass().getName())	RETAINED_ORIGINAL_SAMPLE
hudi	10	DAIKON	org.apache.hudi.table.action.commit.BaseJavaCommitActionExecutor.updateIndex(java.util.List, org.apache.hudi.table.action.HoodieWriteMetadata)	2	org.apache.hudi.table.action.commit.BaseJavaCommitActionExecutor.updateIndex(java.util.List, org.apache.hudi.table.action.HoodieWriteMetadata):::ENTER	this.instantGenerator.getClass().getName() != writeStatuses.getClass().getName()	!this.instantGenerator.getClass().getName().equals(writeStatuses.getClass().getName())	RETAINED_ORIGINAL_SAMPLE
hudi	10	DAIKON	org.apache.hudi.table.action.commit.BaseJavaCommitActionExecutor.updateIndex(java.util.List, org.apache.hudi.table.action.HoodieWriteMetadata)	3	org.apache.hudi.table.action.commit.BaseJavaCommitActionExecutor.updateIndex(java.util.List, org.apache.hudi.table.action.HoodieWriteMetadata):::EXIT	this.pendingInflightAndRequestedInstants.getClass().getName() != return.getClass().getName()	!this.pendingInflightAndRequestedInstants.getClass().getName().equals(result.getClass().getName())	RETAINED_ORIGINAL_SAMPLE
hudi	10	DAIKON	org.apache.hudi.table.action.commit.BaseJavaCommitActionExecutor.updateIndex(java.util.List, org.apache.hudi.table.action.HoodieWriteMetadata)	4	org.apache.hudi.table.action.commit.BaseJavaCommitActionExecutor.updateIndex(java.util.List, org.apache.hudi.table.action.HoodieWriteMetadata):::ENTER	this.taskContextSupplier.getClass().getName() != writeStatuses.getClass().getName()	!this.taskContextSupplier.getClass().getName().equals(writeStatuses.getClass().getName())	RESAMPLED_REPLACEMENT
hudi	10	DAIKON	org.apache.hudi.table.action.commit.BaseJavaCommitActionExecutor.updateIndex(java.util.List, org.apache.hudi.table.action.HoodieWriteMetadata)	5	org.apache.hudi.table.action.commit.BaseJavaCommitActionExecutor.updateIndex(java.util.List, org.apache.hudi.table.action.HoodieWriteMetadata):::EXIT	writeStatuses[] elements != null	writeStatuses.stream().allMatch(element -> element != null)	RESAMPLED_REPLACEMENT
hudi	10	DAIKON	org.apache.hudi.table.action.commit.BaseJavaCommitActionExecutor.updateIndex(java.util.List, org.apache.hudi.table.action.HoodieWriteMetadata)	6	org.apache.hudi.table.action.commit.BaseJavaCommitActionExecutor.updateIndex(java.util.List, org.apache.hudi.table.action.HoodieWriteMetadata):::EXIT	writeStatuses[] == return[]	writeStatuses.size() == result.size() && java.util.stream.IntStream.range(0, writeStatuses.size()).allMatch(i -> writeStatuses.get(i) == result.get(i))	RESAMPLED_REPLACEMENT
hudi	10	OCA	org.apache.hudi.table.action.commit.BaseJavaCommitActionExecutor#updateIndex(List<WriteStatus>,HoodieWriteMetadata<List<WriteStatus>>):List<WriteStatus>	1	METHOD_ENTRY	writeStatuses != null	writeStatuses != null	ORIGINAL_OCA_SAMPLE
hudi	10	OCA	org.apache.hudi.table.action.commit.BaseJavaCommitActionExecutor#updateIndex(List<WriteStatus>,HoodieWriteMetadata<List<WriteStatus>>):List<WriteStatus>	2	METHOD_ENTRY	(!writeStatuses.isEmpty() || writeStatuses.isEmpty())	(!writeStatuses.isEmpty() || writeStatuses.isEmpty())	ORIGINAL_OCA_SAMPLE
hudi	10	OCA	org.apache.hudi.table.action.commit.BaseJavaCommitActionExecutor#updateIndex(List<WriteStatus>,HoodieWriteMetadata<List<WriteStatus>>):List<WriteStatus>	3	METHOD_EXIT	result != null	result != null	ORIGINAL_OCA_SAMPLE
hudi	10	OCA	org.apache.hudi.table.action.commit.BaseJavaCommitActionExecutor#updateIndex(List<WriteStatus>,HoodieWriteMetadata<List<WriteStatus>>):List<WriteStatus>	4	METHOD_ENTRY	result.getWriteStatuses() == null	result.getWriteStatuses() == null	ORIGINAL_OCA_SAMPLE
hudi	10	OCA	org.apache.hudi.table.action.commit.BaseJavaCommitActionExecutor#updateIndex(List<WriteStatus>,HoodieWriteMetadata<List<WriteStatus>>):List<WriteStatus>	5	METHOD_ENTRY	writeStatuses.size() >= 0	writeStatuses.size() >= 0	ORIGINAL_OCA_SAMPLE
hudi	10	OCA	org.apache.hudi.table.action.commit.BaseJavaCommitActionExecutor#updateIndex(List<WriteStatus>,HoodieWriteMetadata<List<WriteStatus>>):List<WriteStatus>	6	METHOD_ENTRY	result != null	result != null	ORIGINAL_OCA_SAMPLE
spring	2	DAIKON	org.springframework.core.convert.support.StringToArrayConverter.matches(org.springframework.core.convert.TypeDescriptor, org.springframework.core.convert.TypeDescriptor)	1	"org.springframework.core.convert.support.StringToArrayConverter.matches(org.springframework.core.convert.TypeDescriptor, org.springframework.core.convert.TypeDescriptor):::EXIT;condition=""not(return == true)"""	this.conversionService.getClass().getName() == org.springframework.core.convert.support.GenericConversionService.class	this.conversionService.getClass() == org.springframework.core.convert.support.GenericConversionService.class	RETAINED_ORIGINAL_SAMPLE
spring	2	DAIKON	org.springframework.core.convert.support.StringToArrayConverter.matches(org.springframework.core.convert.TypeDescriptor, org.springframework.core.convert.TypeDescriptor)	2	"org.springframework.core.convert.support.StringToArrayConverter.matches(org.springframework.core.convert.TypeDescriptor, org.springframework.core.convert.TypeDescriptor):::EXIT;condition=""not(return == true)"""	return == false	result == false	RESAMPLED_REPLACEMENT
spring	2	DAIKON	org.springframework.core.convert.support.StringToArrayConverter.matches(org.springframework.core.convert.TypeDescriptor, org.springframework.core.convert.TypeDescriptor)	3	"org.springframework.core.convert.support.StringToArrayConverter.matches(org.springframework.core.convert.TypeDescriptor, org.springframework.core.convert.TypeDescriptor):::EXIT;condition=""return == true"""	return == true	result == true	RESAMPLED_REPLACEMENT
spring	2	DAIKON	org.springframework.core.convert.support.StringToArrayConverter.matches(org.springframework.core.convert.TypeDescriptor, org.springframework.core.convert.TypeDescriptor)	4	org.springframework.core.convert.support.StringToArrayConverter.matches(org.springframework.core.convert.TypeDescriptor, org.springframework.core.convert.TypeDescriptor):::EXIT	(return == false)  ==>  (this.conversionService.getClass().getName() == org.springframework.core.convert.support.GenericConversionService.class)	result || (this.conversionService.getClass() == org.springframework.core.convert.support.GenericConversionService.class)	RESAMPLED_REPLACEMENT
spring	2	OCA	org.springframework.core.convert.support.StringToArrayConverter#matches(TypeDescriptor,TypeDescriptor):boolean	1	METHOD_ENTRY	targetType.getElementTypeDescriptor() != null	targetType.getElementTypeDescriptor() != null	ORIGINAL_OCA_SAMPLE
spring	2	OCA	org.springframework.core.convert.support.StringToArrayConverter#matches(TypeDescriptor,TypeDescriptor):boolean	2	METHOD_EXIT	!result || targetType.getElementTypeDescriptor() != null	!result || targetType.getElementTypeDescriptor() != null	ORIGINAL_OCA_SAMPLE
spring	2	OCA	org.springframework.core.convert.support.StringToArrayConverter#matches(TypeDescriptor,TypeDescriptor):boolean	3	METHOD_ENTRY	sourceType != null	sourceType != null	ORIGINAL_OCA_SAMPLE
spring	2	OCA	org.springframework.core.convert.support.StringToArrayConverter#matches(TypeDescriptor,TypeDescriptor):boolean	4	METHOD_ENTRY	targetType != null	targetType != null	ORIGINAL_OCA_SAMPLE
spring	3	DAIKON	org.springframework.core.convert.ConversionService.convert(java.lang.Object, org.springframework.core.convert.TypeDescriptor)	1	org.springframework.core.convert.ConversionService.convert(java.lang.Object, org.springframework.core.convert.TypeDescriptor):::ENTER	source != null	source != null	RETAINED_ORIGINAL_SAMPLE
spring	3	DAIKON	org.springframework.core.convert.ConversionService.convert(java.lang.Object, org.springframework.core.convert.TypeDescriptor)	2	org.springframework.core.convert.ConversionService.convert(java.lang.Object, org.springframework.core.convert.TypeDescriptor):::ENTER	targetType != null	targetType != null	RETAINED_ORIGINAL_SAMPLE
spring	3	DAIKON	org.springframework.core.convert.ConversionService.convert(java.lang.Object, org.springframework.core.convert.TypeDescriptor)	3	org.springframework.core.convert.ConversionService.convert(java.lang.Object, org.springframework.core.convert.TypeDescriptor):::ENTER	this.getClass().getName() != source.getClass().getName()	!this.getClass().getName().equals(source.getClass().getName())	RETAINED_ORIGINAL_SAMPLE
spring	3	DAIKON	org.springframework.core.convert.ConversionService.convert(java.lang.Object, org.springframework.core.convert.TypeDescriptor)	4	org.springframework.core.convert.ConversionService.convert(java.lang.Object, org.springframework.core.convert.TypeDescriptor):::EXIT	return != null	result != null	RETAINED_ORIGINAL_SAMPLE
spring	3	OCA	org.springframework.core.convert.ConversionService#convert(Object,TypeDescriptor):Object	1	METHOD_ENTRY	targetType != null	targetType != null	ORIGINAL_OCA_SAMPLE
spring	3	OCA	org.springframework.core.convert.ConversionService#convert(Object,TypeDescriptor):Object	2	METHOD_ENTRY	!((source != null) && (targetType.getObjectType() == null))	!((source != null) && (targetType.getObjectType() == null))	ORIGINAL_OCA_SAMPLE
spring	3	OCA	org.springframework.core.convert.ConversionService#convert(Object,TypeDescriptor):Object	3	METHOD_EXIT	(source == null && result == null) || (source != null)	(source == null && result == null) || (source != null)	ORIGINAL_OCA_SAMPLE
spring	3	OCA	org.springframework.core.convert.ConversionService#convert(Object,TypeDescriptor):Object	4	METHOD_ENTRY	(source == null) || source.getClass() != null	(source == null) || source.getClass() != null	ORIGINAL_OCA_SAMPLE
spring	4	DAIKON	org.springframework.core.convert.support.StringToPropertiesConverter.convert(java.lang.String)	1	org.springframework.core.convert.support.StringToPropertiesConverter.convert(java.lang.String):::ENTER	"source.toString one of { ""   foo=bar\n    bar=baz\n     baz=boo"", ""a=b\nc=2\nd="" }"	"""   foo=bar\n    bar=baz\n     baz=boo"".equals(source) || ""a=b\nc=2\nd="".equals(source)"	RETAINED_ORIGINAL_SAMPLE
spring	4	DAIKON	org.springframework.core.convert.support.StringToPropertiesConverter.convert(java.lang.String)	2	org.springframework.core.convert.support.StringToPropertiesConverter.convert(java.lang.String):::EXIT	"source.toString one of { ""   foo=bar\n    bar=baz\n     baz=boo"", ""a=b\nc=2\nd="" }"	"""   foo=bar\n    bar=baz\n     baz=boo"".equals(source) || ""a=b\nc=2\nd="".equals(source)"	RETAINED_ORIGINAL_SAMPLE
spring	4	OCA	org.springframework.core.convert.support.StringToPropertiesConverter#convert(String):Properties	1	METHOD_EXIT	result != null	result != null	ORIGINAL_OCA_SAMPLE
spring	4	OCA	org.springframework.core.convert.support.StringToPropertiesConverter#convert(String):Properties	2	METHOD_EXIT	result.isEmpty() == (source.isEmpty())	result.isEmpty() == (source.isEmpty())	ORIGINAL_OCA_SAMPLE
spring	5	DAIKON	org.springframework.core.convert.support.StreamConverter.convertToStream(java.lang.Object, org.springframework.core.convert.TypeDescriptor, org.springframework.core.convert.TypeDescriptor)	1	org.springframework.core.convert.support.StreamConverter.convertToStream(java.lang.Object, org.springframework.core.convert.TypeDescriptor, org.springframework.core.convert.TypeDescriptor):::EXIT	return.getClass().getName() == java.util.stream.ReferencePipeline$Head.class	"result.getClass().getName().equals(""java.util.stream.ReferencePipeline$Head"")"	RETAINED_ORIGINAL_SAMPLE
spring	5	OCA	org.springframework.core.convert.support.StreamConverter#convertToStream(Object,TypeDescriptor,TypeDescriptor):Object	1	METHOD_EXIT	result != null	result != null	ORIGINAL_OCA_SAMPLE
spring	6	DAIKON	org.springframework.core.convert.support.ObjectToCollectionConverter.getConvertibleTypes()	1	org.springframework.core.convert.support.ObjectToCollectionConverter.getConvertibleTypes():::EXIT	return != null	result != null	RETAINED_ORIGINAL_SAMPLE
spring	6	DAIKON	org.springframework.core.convert.support.ObjectToCollectionConverter.getConvertibleTypes()	2	org.springframework.core.convert.support.ObjectToCollectionConverter.getConvertibleTypes():::EXIT	return.getClass().getName() == java.util.Collections$SingletonSet.class	"""java.util.Collections$SingletonSet"".equals(result.getClass().getName())"	RETAINED_ORIGINAL_SAMPLE
spring	6	DAIKON	org.springframework.core.convert.support.ObjectToCollectionConverter.getConvertibleTypes()	3	org.springframework.core.convert.support.ObjectToCollectionConverter.getConvertibleTypes():::EXIT	this.conversionService.getClass().getName() != return.getClass().getName()	!this.conversionService.getClass().getName().equals(result.getClass().getName())	RESAMPLED_REPLACEMENT
spring	6	OCA	org.springframework.core.convert.support.ObjectToCollectionConverter#getConvertibleTypes():Set<ConvertiblePair>	1	METHOD_EXIT	result.size() == 1	result.size() == 1	ORIGINAL_OCA_SAMPLE
spring	6	OCA	org.springframework.core.convert.support.ObjectToCollectionConverter#getConvertibleTypes():Set<ConvertiblePair>	2	METHOD_EXIT	!result.isEmpty()	!result.isEmpty()	ORIGINAL_OCA_SAMPLE
spring	6	OCA	org.springframework.core.convert.support.ObjectToCollectionConverter#getConvertibleTypes():Set<ConvertiblePair>	3	METHOD_EXIT	result != null	result != null	ORIGINAL_OCA_SAMPLE
spring	7	DAIKON	org.springframework.core.convert.support.IdToEntityConverter.getEntityName(java.lang.Class)	1	org.springframework.core.convert.support.IdToEntityConverter.getEntityName(java.lang.Class):::ENTER	entityClass != null	entityClass != null	RETAINED_ORIGINAL_SAMPLE
spring	7	DAIKON	org.springframework.core.convert.support.IdToEntityConverter.getEntityName(java.lang.Class)	2	org.springframework.core.convert.support.IdToEntityConverter.getEntityName(java.lang.Class):::EXIT	return != null	result != null	RETAINED_ORIGINAL_SAMPLE
spring	7	DAIKON	org.springframework.core.convert.support.IdToEntityConverter.getEntityName(java.lang.Class)	3	org.springframework.core.convert.support.IdToEntityConverter.getEntityName(java.lang.Class):::EXIT106	this.conversionService.getClass().getName() == org.springframework.core.convert.support.DefaultConversionService.class	this.conversionService.getClass() == org.springframework.core.convert.support.DefaultConversionService.class	RESAMPLED_REPLACEMENT
spring	7	OCA	org.springframework.core.convert.support.IdToEntityConverter#getEntityName(Class<?>):String	1	METHOD_EXIT	result.indexOf('.') == -1	result.indexOf('.') == -1	ORIGINAL_OCA_SAMPLE
spring	7	OCA	org.springframework.core.convert.support.IdToEntityConverter#getEntityName(Class<?>):String	2	METHOD_ENTRY	entityClass != null	entityClass != null	ORIGINAL_OCA_SAMPLE
spring	7	OCA	org.springframework.core.convert.support.IdToEntityConverter#getEntityName(Class<?>):String	3	METHOD_EXIT	result != null	result != null	ORIGINAL_OCA_SAMPLE
spring	8	DAIKON	org.springframework.core.convert.support.AbstractConditionalEnumConverter.matches(org.springframework.core.convert.TypeDescriptor, org.springframework.core.convert.TypeDescriptor)	1	org.springframework.core.convert.support.AbstractConditionalEnumConverter.matches(org.springframework.core.convert.TypeDescriptor, org.springframework.core.convert.TypeDescriptor):::EXIT	return == true	result == true	RETAINED_ORIGINAL_SAMPLE
spring	8	OCA	org.springframework.core.convert.support.AbstractConditionalEnumConverter#matches(TypeDescriptor,TypeDescriptor):boolean	1	METHOD_EXIT	result == true || (sourceType != null && targetType != null)	result == true || (sourceType != null && targetType != null)	ORIGINAL_OCA_SAMPLE
spring	9	DAIKON	org.springframework.core.convert.support.ObjectToCollectionConverter.matches(org.springframework.core.convert.TypeDescriptor, org.springframework.core.convert.TypeDescriptor)	1	org.springframework.core.convert.support.ObjectToCollectionConverter.matches(org.springframework.core.convert.TypeDescriptor, org.springframework.core.convert.TypeDescriptor):::EXIT	return == true	result == true	RETAINED_ORIGINAL_SAMPLE
spring	9	OCA	org.springframework.core.convert.support.ObjectToCollectionConverter#matches(TypeDescriptor,TypeDescriptor):boolean	1	METHOD_ENTRY	sourceType != null	sourceType != null	ORIGINAL_OCA_SAMPLE
spring	10	DAIKON	org.springframework.core.convert.support.EnumToStringConverter.convert(java.lang.Enum)	1	org.springframework.core.convert.support.EnumToStringConverter.convert(java.lang.Enum):::EXIT	"return.toString one of { ""A"", ""BAR"", ""FIRST"" }"	"""A"".equals(result) || ""BAR"".equals(result) || ""FIRST"".equals(result)"	RETAINED_ORIGINAL_SAMPLE
spring	10	OCA	org.springframework.core.convert.support.EnumToStringConverter#convert(Enum<?>):String	1	METHOD_EXIT	result.length() > 0	result.length() > 0	ORIGINAL_OCA_SAMPLE
libgdx	1	DAIKON	com.badlogic.gdx.utils.CharArray.add(char, char)	1	com.badlogic.gdx.utils.CharArray.add(char, char):::ENTER	this.items[] == [97, 0, 0, 0, 0, 0, 0, 0, 0, 0, 0, 0, 0, 0, 0, 0]	java.util.Arrays.equals(this.items, new char[] {97, 0, 0, 0, 0, 0, 0, 0, 0, 0, 0, 0, 0, 0, 0, 0})	RETAINED_ORIGINAL_SAMPLE
libgdx	1	DAIKON	com.badlogic.gdx.utils.CharArray.add(char, char)	2	com.badlogic.gdx.utils.CharArray.add(char, char):::ENTER	this.items[] elements one of { 0, 97 }	java.util.stream.IntStream.range(0, this.items.length).allMatch(i -> this.items[i] == 0 || this.items[i] == 97)	RESAMPLED_REPLACEMENT
libgdx	1	DAIKON	com.badlogic.gdx.utils.CharArray.add(char, char)	3	com.badlogic.gdx.utils.CharArray.add(char, char):::ENTER	value1 == 98	value1 == 98	RESAMPLED_REPLACEMENT
libgdx	1	DAIKON	com.badlogic.gdx.utils.CharArray.add(char, char)	4	com.badlogic.gdx.utils.CharArray.add(char, char):::EXIT	this.ordered == true	this.ordered == true	RESAMPLED_REPLACEMENT
libgdx	1	DAIKON	com.badlogic.gdx.utils.CharArray.add(char, char)	5	com.badlogic.gdx.utils.CharArray.add(char, char):::ENTER	value2 == 99	value2 == 99	RESAMPLED_REPLACEMENT
libgdx	1	DAIKON	com.badlogic.gdx.utils.CharArray.add(char, char)	6	com.badlogic.gdx.utils.CharArray.add(char, char):::EXIT	this.size == 3	this.size == 3	RESAMPLED_REPLACEMENT
libgdx	1	DAIKON	com.badlogic.gdx.utils.CharArray.add(char, char)	7	com.badlogic.gdx.utils.CharArray.add(char, char):::EXIT	this.items[] == [97, 98, 99, 0, 0, 0, 0, 0, 0, 0, 0, 0, 0, 0, 0, 0]	java.util.Arrays.equals(this.items, new char[] {97, 98, 99, 0, 0, 0, 0, 0, 0, 0, 0, 0, 0, 0, 0, 0})	RESAMPLED_REPLACEMENT
libgdx	1	OCA	com.badlogic.gdx.utils.CharArray#add(char,char):void	1	METHOD_EXIT	Character.isValidCodePoint(value2)	Character.isValidCodePoint(value2)	ORIGINAL_OCA_SAMPLE
libgdx	1	OCA	com.badlogic.gdx.utils.CharArray#add(char,char):void	2	METHOD_EXIT	Character.isValidCodePoint(value1)	Character.isValidCodePoint(value1)	ORIGINAL_OCA_SAMPLE
libgdx	1	OCA	com.badlogic.gdx.utils.CharArray#add(char,char):void	3	METHOD_EXIT	value1 != value2	value1 != value2	ORIGINAL_OCA_SAMPLE
libgdx	1	OCA	com.badlogic.gdx.utils.CharArray#add(char,char):void	4	METHOD_ENTRY	Character.isDefined(value2)	Character.isDefined(value2)	ORIGINAL_OCA_SAMPLE
libgdx	1	OCA	com.badlogic.gdx.utils.CharArray#add(char,char):void	5	METHOD_ENTRY	Character.isDefined(value1)	Character.isDefined(value1)	ORIGINAL_OCA_SAMPLE
libgdx	1	OCA	com.badlogic.gdx.utils.CharArray#add(char,char):void	6	METHOD_ENTRY	value1 != value2	value1 != value2	ORIGINAL_OCA_SAMPLE
libgdx	1	OCA	com.badlogic.gdx.utils.CharArray#add(char,char):void	7	METHOD_EXIT	!(value1 < 0)	!(value1 < 0)	ORIGINAL_OCA_SAMPLE
libgdx	2	DAIKON	com.badlogic.gdx.utils.JsonValue.getString(java.lang.String, java.lang.String)	1	com.badlogic.gdx.utils.JsonValue.getString(java.lang.String, java.lang.String):::EXIT	"name.toString == ""class"""	"""class"".equals(name)"	RETAINED_ORIGINAL_SAMPLE
libgdx	2	DAIKON	com.badlogic.gdx.utils.JsonValue.getString(java.lang.String, java.lang.String)	2	com.badlogic.gdx.utils.JsonValue.getString(java.lang.String, java.lang.String):::ENTER	"name.toString == ""class"""	"""class"".equals(name)"	RETAINED_ORIGINAL_SAMPLE
libgdx	2	DAIKON	com.badlogic.gdx.utils.JsonValue.getString(java.lang.String, java.lang.String)	3	com.badlogic.gdx.utils.JsonValue.getString(java.lang.String, java.lang.String):::ENTER	this.parent == this.prev	this.parent == this.prev	RETAINED_ORIGINAL_SAMPLE
libgdx	2	DAIKON	com.badlogic.gdx.utils.JsonValue.getString(java.lang.String, java.lang.String)	4	com.badlogic.gdx.utils.JsonValue.getString(java.lang.String, java.lang.String):::EXIT	this.doubleValue == 0.0	this.doubleValue == 0.0	RETAINED_ORIGINAL_SAMPLE
libgdx	2	DAIKON	com.badlogic.gdx.utils.JsonValue.getString(java.lang.String, java.lang.String)	5	com.badlogic.gdx.utils.JsonValue.getString(java.lang.String, java.lang.String):::ENTER	this.size == 2	this.size == 2	RETAINED_ORIGINAL_SAMPLE
libgdx	2	DAIKON	com.badlogic.gdx.utils.JsonValue.getString(java.lang.String, java.lang.String)	6	com.badlogic.gdx.utils.JsonValue.getString(java.lang.String, java.lang.String):::ENTER	this.longValue == 0	this.longValue == 0	RETAINED_ORIGINAL_SAMPLE
libgdx	2	DAIKON	com.badlogic.gdx.utils.JsonValue.getString(java.lang.String, java.lang.String)	7	com.badlogic.gdx.utils.JsonValue.getString(java.lang.String, java.lang.String):::ENTER	this.parent == this.next	this.parent == this.next	RESAMPLED_REPLACEMENT
libgdx	2	DAIKON	com.badlogic.gdx.utils.JsonValue.getString(java.lang.String, java.lang.String)	8	com.badlogic.gdx.utils.JsonValue.getString(java.lang.String, java.lang.String):::EXIT	return == null	result == null	RESAMPLED_REPLACEMENT
libgdx	2	OCA	com.badlogic.gdx.utils.JsonValue#getString(String,String):String	1	METHOD_EXIT	(result == defaultValue) || (result != null && !result.isEmpty())	(result == defaultValue) || (result != null && !result.isEmpty())	ORIGINAL_OCA_SAMPLE
libgdx	2	OCA	com.badlogic.gdx.utils.JsonValue#getString(String,String):String	2	METHOD_ENTRY	defaultValue == null || true	defaultValue == null || true	ORIGINAL_OCA_SAMPLE
libgdx	2	OCA	com.badlogic.gdx.utils.JsonValue#getString(String,String):String	3	METHOD_EXIT	defaultValue == null || result != null	defaultValue == null || result != null	ORIGINAL_OCA_SAMPLE
libgdx	2	OCA	com.badlogic.gdx.utils.JsonValue#getString(String,String):String	4	METHOD_ENTRY	name.trim().length() > 0	name.trim().length() > 0	ORIGINAL_OCA_SAMPLE
libgdx	2	OCA	com.badlogic.gdx.utils.JsonValue#getString(String,String):String	5	METHOD_ENTRY	defaultValue == null || defaultValue.length() >= 0	defaultValue == null || defaultValue.length() >= 0	ORIGINAL_OCA_SAMPLE
libgdx	2	OCA	com.badlogic.gdx.utils.JsonValue#getString(String,String):String	6	METHOD_ENTRY	name != null	name != null	ORIGINAL_OCA_SAMPLE
libgdx	2	OCA	com.badlogic.gdx.utils.JsonValue#getString(String,String):String	7	METHOD_EXIT	result == defaultValue || (result != null && !result.isEmpty())	result == defaultValue || (result != null && !result.isEmpty())	ORIGINAL_OCA_SAMPLE
libgdx	2	OCA	com.badlogic.gdx.utils.JsonValue#getString(String,String):String	8	METHOD_ENTRY	!name.isEmpty()	!name.isEmpty()	ORIGINAL_OCA_SAMPLE
libgdx	3	DAIKON	com.badlogic.gdx.utils.CharArray.incr(int, char)	1	com.badlogic.gdx.utils.CharArray.incr(int, char):::ENTER	value == 1	value == 1	RETAINED_ORIGINAL_SAMPLE
libgdx	3	DAIKON	com.badlogic.gdx.utils.CharArray.incr(int, char)	2	com.badlogic.gdx.utils.CharArray.incr(int, char):::EXIT	this.ordered == true	this.ordered == true	RETAINED_ORIGINAL_SAMPLE
libgdx	3	DAIKON	com.badlogic.gdx.utils.CharArray.incr(int, char)	3	com.badlogic.gdx.utils.CharArray.incr(int, char):::EXIT	com.badlogic.gdx.utils.CharArray.FALSE_STRING_SIZE == this.size	com.badlogic.gdx.utils.CharArray.FALSE_STRING_SIZE == this.size	RESAMPLED_REPLACEMENT
libgdx	3	OCA	com.badlogic.gdx.utils.CharArray#incr(int,char):void	1	METHOD_ENTRY	value >= 0	value >= 0	ORIGINAL_OCA_SAMPLE
libgdx	3	OCA	com.badlogic.gdx.utils.CharArray#incr(int,char):void	2	METHOD_ENTRY	index >= 0	index >= 0	ORIGINAL_OCA_SAMPLE
libgdx	3	OCA	com.badlogic.gdx.utils.CharArray#incr(int,char):void	3	METHOD_ENTRY	value <= Character.MAX_VALUE	value <= Character.MAX_VALUE	ORIGINAL_OCA_SAMPLE
libgdx	4	DAIKON	com.badlogic.gdx.utils.CharArray.substring(int, int)	1	com.badlogic.gdx.utils.CharArray.substring(int, int):::EXIT	this.size one of { 4, 12 }	this.size == 4 || this.size == 12	RETAINED_ORIGINAL_SAMPLE
libgdx	4	DAIKON	com.badlogic.gdx.utils.CharArray.substring(int, int)	2	com.badlogic.gdx.utils.CharArray.substring(int, int):::EXIT	this.ordered == true	this.ordered == true	RETAINED_ORIGINAL_SAMPLE
libgdx	4	DAIKON	com.badlogic.gdx.utils.CharArray.substring(int, int)	3	com.badlogic.gdx.utils.CharArray.substring(int, int):::ENTER	start one of { 0, 6 }	start == 0 || start == 6	RETAINED_ORIGINAL_SAMPLE
libgdx	4	DAIKON	com.badlogic.gdx.utils.CharArray.substring(int, int)	4	com.badlogic.gdx.utils.CharArray.substring(int, int):::ENTER	this.items[] one of { [72, 101, 108, 108, 111, 32, 87, 111, 114, 108, 100, 33, 0, 0, 0, 0, 0, 0, 0, 0, 0, 0, 0, 0, 0, 0, 0, 0], [105, 72, 55357, 56832, 0, 0, 0, 0, 0, 0, 0, 0, 0, 0, 0, 0] }	java.util.Arrays.equals(this.items, new char[] {72, 101, 108, 108, 111, 32, 87, 111, 114, 108, 100, 33, 0, 0, 0, 0, 0, 0, 0, 0, 0, 0, 0, 0, 0, 0, 0, 0}) || java.util.Arrays.equals(this.items, new char[] {105, 72, 55357, 56832, 0, 0, 0, 0, 0, 0, 0, 0, 0, 0, 0, 0})	RESAMPLED_REPLACEMENT
libgdx	4	OCA	com.badlogic.gdx.utils.CharArray#substring(int,int):String	1	METHOD_ENTRY	start >= 0	start >= 0	ORIGINAL_OCA_SAMPLE
libgdx	4	OCA	com.badlogic.gdx.utils.CharArray#substring(int,int):String	2	METHOD_ENTRY	end >= start	end >= start	ORIGINAL_OCA_SAMPLE
libgdx	4	OCA	com.badlogic.gdx.utils.CharArray#substring(int,int):String	3	METHOD_EXIT	result.length() == end - start	result.length() == end - start	ORIGINAL_OCA_SAMPLE
libgdx	4	OCA	com.badlogic.gdx.utils.CharArray#substring(int,int):String	4	METHOD_EXIT	start >= 0 && end >= start && result != null	start >= 0 && end >= start && result != null	ORIGINAL_OCA_SAMPLE
libgdx	5	DAIKON	com.badlogic.gdx.utils.LongArray.incr(int, long)	1	com.badlogic.gdx.utils.LongArray.incr(int, long):::ENTER	value == 45	value == 45L	RESAMPLED_REPLACEMENT
libgdx	5	OCA	com.badlogic.gdx.utils.LongArray#incr(int,long):void	1	METHOD_ENTRY	index >= 0	index >= 0	ORIGINAL_OCA_SAMPLE
libgdx	6	DAIKON	com.badlogic.gdx.utils.JsonReader.parse(char[], int, int)	1	com.badlogic.gdx.utils.JsonReader.parse(char[], int, int):::ENTER	data[] elements >= 0	true	RETAINED_ORIGINAL_SAMPLE
libgdx	6	DAIKON	com.badlogic.gdx.utils.JsonReader.parse(char[], int, int)	2	com.badlogic.gdx.utils.JsonReader.parse(char[], int, int):::ENTER	this.root == this.current	this.root == this.current	RETAINED_ORIGINAL_SAMPLE
libgdx	6	DAIKON	com.badlogic.gdx.utils.JsonReader.parse(char[], int, int)	3	com.badlogic.gdx.utils.JsonReader.parse(char[], int, int):::ENTER	com.badlogic.gdx.utils.JsonReader.json_error == offset	com.badlogic.gdx.utils.JsonReader.json_error == offset	RESAMPLED_REPLACEMENT
libgdx	6	DAIKON	com.badlogic.gdx.utils.JsonReader.parse(char[], int, int)	4	com.badlogic.gdx.utils.JsonReader.parse(char[], int, int):::EXIT	this.root == this.current	this.root == this.current	RESAMPLED_REPLACEMENT
libgdx	6	DAIKON	com.badlogic.gdx.utils.JsonReader.parse(char[], int, int)	5	com.badlogic.gdx.utils.JsonReader.parse(char[], int, int):::EXIT	data[] elements >= 0	true	RESAMPLED_REPLACEMENT
libgdx	6	OCA	com.badlogic.gdx.utils.JsonReader#parse(char[],int,int):JsonValue	1	METHOD_ENTRY	length >= offset	length >= offset	ORIGINAL_OCA_SAMPLE
libgdx	6	OCA	com.badlogic.gdx.utils.JsonReader#parse(char[],int,int):JsonValue	2	METHOD_ENTRY	data.length >= 0	data.length >= 0	ORIGINAL_OCA_SAMPLE
libgdx	6	OCA	com.badlogic.gdx.utils.JsonReader#parse(char[],int,int):JsonValue	3	METHOD_ENTRY	data != null	data != null	ORIGINAL_OCA_SAMPLE
libgdx	6	OCA	com.badlogic.gdx.utils.JsonReader#parse(char[],int,int):JsonValue	4	METHOD_ENTRY	length <= data.length	length <= data.length	ORIGINAL_OCA_SAMPLE
libgdx	6	OCA	com.badlogic.gdx.utils.JsonReader#parse(char[],int,int):JsonValue	5	METHOD_ENTRY	offset >= 0	offset >= 0	ORIGINAL_OCA_SAMPLE
libgdx	7	DAIKON	com.badlogic.gdx.utils.LongQueue.equals(java.lang.Object)	1	com.badlogic.gdx.utils.LongQueue.equals(java.lang.Object):::EXIT	(return == false)  ==>  (this.values[] elements one of { 0, 1, 2 })	(!(result == false)) || java.util.Arrays.stream(this.values).allMatch(element -> element == 0 || element == 1 || element == 2)	RETAINED_ORIGINAL_SAMPLE
libgdx	7	OCA	com.badlogic.gdx.utils.LongQueue#equals(Object):boolean	1	METHOD_ENTRY	o != null	o != null	ORIGINAL_OCA_SAMPLE
libgdx	8	DAIKON	com.badlogic.gdx.utils.CharArray.append(char[])	1	com.badlogic.gdx.utils.CharArray.append(char[]):::ENTER	ch[] one of { [49, 50, 51], [55357, 56832] }	java.util.Arrays.equals(ch, new char[] {49, 50, 51}) || java.util.Arrays.equals(ch, new char[] {55357, 56832})	RETAINED_ORIGINAL_SAMPLE
libgdx	8	DAIKON	com.badlogic.gdx.utils.CharArray.append(char[])	2	com.badlogic.gdx.utils.CharArray.append(char[]):::ENTER	this.ordered == true	this.ordered == true	RETAINED_ORIGINAL_SAMPLE
libgdx	8	DAIKON	com.badlogic.gdx.utils.CharArray.append(char[])	3	com.badlogic.gdx.utils.CharArray.append(char[]):::EXIT	this.size one of { 2, 8 }	this.size == 2 || this.size == 8	RETAINED_ORIGINAL_SAMPLE
libgdx	8	DAIKON	com.badlogic.gdx.utils.CharArray.append(char[])	4	com.badlogic.gdx.utils.CharArray.append(char[]):::ENTER	this.items[] one of { [0, 0, 0, 0, 0, 0, 0, 0, 0, 0, 0, 0, 0, 0, 0, 0], [84, 101, 115, 116, 32, 0, 0, 0, 0, 0, 0, 0, 0, 0, 0, 0] }	java.util.Arrays.equals(this.items, new char[] {0, 0, 0, 0, 0, 0, 0, 0, 0, 0, 0, 0, 0, 0, 0, 0}) || java.util.Arrays.equals(this.items, new char[] {84, 101, 115, 116, 32, 0, 0, 0, 0, 0, 0, 0, 0, 0, 0, 0})	RESAMPLED_REPLACEMENT
libgdx	8	DAIKON	com.badlogic.gdx.utils.CharArray.append(char[])	5	com.badlogic.gdx.utils.CharArray.append(char[]):::EXIT	this.items[] one of { [84, 101, 115, 116, 32, 49, 50, 51, 0, 0, 0, 0, 0, 0, 0, 0], [55357, 56832, 0, 0, 0, 0, 0, 0, 0, 0, 0, 0, 0, 0, 0, 0] }	java.util.Arrays.equals(this.items, new char[] {84, 101, 115, 116, 32, 49, 50, 51, 0, 0, 0, 0, 0, 0, 0, 0}) || java.util.Arrays.equals(this.items, new char[] {55357, 56832, 0, 0, 0, 0, 0, 0, 0, 0, 0, 0, 0, 0, 0, 0})	RESAMPLED_REPLACEMENT
libgdx	8	DAIKON	com.badlogic.gdx.utils.CharArray.append(char[])	6	com.badlogic.gdx.utils.CharArray.append(char[]):::EXIT	return == orig(this)	result == this	RESAMPLED_REPLACEMENT
libgdx	8	OCA	com.badlogic.gdx.utils.CharArray#append(char[]):CharArray	1	METHOD_ENTRY	ch == null || ch.getClass().isArray()	ch == null || ch.getClass().isArray()	ORIGINAL_OCA_SAMPLE
libgdx	8	OCA	com.badlogic.gdx.utils.CharArray#append(char[]):CharArray	2	METHOD_EXIT	(ch == null) || (ch.length == 0) || (result.size >= ch.length)	(ch == null) || (ch.length == 0) || (result.size >= ch.length)	ORIGINAL_OCA_SAMPLE
libgdx	8	OCA	com.badlogic.gdx.utils.CharArray#append(char[]):CharArray	3	METHOD_EXIT	ch == null || result.items != null	ch == null || result.items != null	ORIGINAL_OCA_SAMPLE
libgdx	8	OCA	com.badlogic.gdx.utils.CharArray#append(char[]):CharArray	4	METHOD_ENTRY	ch == null || ch.length == (ch.length)	ch == null || ch.length == (ch.length)	ORIGINAL_OCA_SAMPLE
libgdx	8	OCA	com.badlogic.gdx.utils.CharArray#append(char[]):CharArray	5	METHOD_ENTRY	ch == null || ch.length >= 0	ch == null || ch.length >= 0	ORIGINAL_OCA_SAMPLE
libgdx	8	OCA	com.badlogic.gdx.utils.CharArray#append(char[]):CharArray	6	METHOD_EXIT	ch != null || result != null	ch != null || result != null	ORIGINAL_OCA_SAMPLE
libgdx	10	DAIKON	com.badlogic.gdx.math.Polygon.setVertices(float[])	1	com.badlogic.gdx.math.Polygon.setVertices(float[]):::ENTER	this.x == this.originX	this.x == this.originX	RETAINED_ORIGINAL_SAMPLE
libgdx	10	DAIKON	com.badlogic.gdx.math.Polygon.setVertices(float[])	2	com.badlogic.gdx.math.Polygon.setVertices(float[]):::ENTER	this.worldVertices == null	this.worldVertices == null	RETAINED_ORIGINAL_SAMPLE
libgdx	10	DAIKON	com.badlogic.gdx.math.Polygon.setVertices(float[])	3	com.badlogic.gdx.math.Polygon.setVertices(float[]):::EXIT	this.localVertices[] == vertices[]	java.util.Arrays.equals(this.localVertices, vertices)	RETAINED_ORIGINAL_SAMPLE
libgdx	10	DAIKON	com.badlogic.gdx.math.Polygon.setVertices(float[])	4	com.badlogic.gdx.math.Polygon.setVertices(float[]):::ENTER	this.x == 0.0	this.x == 0.0f	RETAINED_ORIGINAL_SAMPLE
libgdx	10	DAIKON	com.badlogic.gdx.math.Polygon.setVertices(float[])	5	com.badlogic.gdx.math.Polygon.setVertices(float[]):::EXIT	vertices[] == [1.0, -2.0, 1.0, -1.5, 1.5, -1.5, 1.5, -2.0]	vertices.length == 8 && vertices[0] == 1.0f && vertices[1] == -2.0f && vertices[2] == 1.0f && vertices[3] == -1.5f && vertices[4] == 1.5f && vertices[5] == -1.5f && vertices[6] == 1.5f && vertices[7] == -2.0f	RETAINED_ORIGINAL_SAMPLE
libgdx	10	DAIKON	com.badlogic.gdx.math.Polygon.setVertices(float[])	6	com.badlogic.gdx.math.Polygon.setVertices(float[]):::ENTER	this.localVertices[] == []	this.localVertices.length == 0	RESAMPLED_REPLACEMENT
libgdx	10	OCA	com.badlogic.gdx.math.Polygon#setVertices(float[]):void	1	METHOD_ENTRY	vertices != null	vertices != null	ORIGINAL_OCA_SAMPLE
libgdx	10	OCA	com.badlogic.gdx.math.Polygon#setVertices(float[]):void	2	METHOD_EXIT	vertices.length >= 6	vertices.length >= 6	ORIGINAL_OCA_SAMPLE
libgdx	10	OCA	com.badlogic.gdx.math.Polygon#setVertices(float[]):void	3	METHOD_EXIT	vertices.length % 2 == 0	vertices.length % 2 == 0	ORIGINAL_OCA_SAMPLE
libgdx	10	OCA	com.badlogic.gdx.math.Polygon#setVertices(float[]):void	4	METHOD_ENTRY	vertices.length >= 6	vertices.length >= 6	ORIGINAL_OCA_SAMPLE
libgdx	10	OCA	com.badlogic.gdx.math.Polygon#setVertices(float[]):void	5	METHOD_ENTRY	(vertices.length % 2) == 0	(vertices.length % 2) == 0	ORIGINAL_OCA_SAMPLE
libgdx	10	OCA	com.badlogic.gdx.math.Polygon#setVertices(float[]):void	6	METHOD_EXIT	vertices != null	vertices != null	ORIGINAL_OCA_SAMPLE
dubbo	1	DAIKON	org.apache.dubbo.common.utils.IOUtils.readLines(java.io.File)	1	org.apache.dubbo.common.utils.IOUtils.readLines(java.io.File):::EXIT	return.getClass().getName() == java.lang.String[].class	result.getClass() == String[].class	RETAINED_ORIGINAL_SAMPLE
dubbo	1	DAIKON	org.apache.dubbo.common.utils.IOUtils.readLines(java.io.File)	2	org.apache.dubbo.common.utils.IOUtils.readLines(java.io.File):::EXIT	return[].toString one of { [ABCDEFGHIJKLMNOPQRSTUVWXYZabcdefghijklmnopqrstuvwxyz1234567890], [a, b, c] }	"java.util.Arrays.equals(result, new String[]{""ABCDEFGHIJKLMNOPQRSTUVWXYZabcdefghijklmnopqrstuvwxyz1234567890""}) || java.util.Arrays.equals(result, new String[]{""a"", ""b"", ""c""})"	RETAINED_ORIGINAL_SAMPLE
dubbo	1	OCA	org.apache.dubbo.common.utils.IOUtils#readLines(File):String[]	1	METHOD_ENTRY	!file.isDirectory()	!file.isDirectory()	ORIGINAL_OCA_SAMPLE
dubbo	1	OCA	org.apache.dubbo.common.utils.IOUtils#readLines(File):String[]	2	METHOD_ENTRY	file.exists()	file.exists()	ORIGINAL_OCA_SAMPLE
dubbo	2	DAIKON	org.apache.dubbo.common.utils.ReflectUtils.getName(java.lang.reflect.Method)	1	org.apache.dubbo.common.utils.ReflectUtils.getName(java.lang.reflect.Method):::EXIT	"return.toString == ""java.util.List hello(int[])"""	"""java.util.List hello(int[])"".equals(result)"	RETAINED_ORIGINAL_SAMPLE
dubbo	2	OCA	org.apache.dubbo.common.utils.ReflectUtils#getName(Method):String	1	METHOD_ENTRY	m != null	m != null	ORIGINAL_OCA_SAMPLE
dubbo	3	DAIKON	org.apache.dubbo.common.utils.FieldUtils.getFieldValue(java.lang.Object, java.lang.String)	1	org.apache.dubbo.common.utils.FieldUtils.getFieldValue(java.lang.Object, java.lang.String):::ENTER	"fieldName.toString one of { ""a"", ""b"" }"	"""a"".equals(fieldName) || ""b"".equals(fieldName)"	RETAINED_ORIGINAL_SAMPLE
dubbo	3	DAIKON	org.apache.dubbo.common.utils.FieldUtils.getFieldValue(java.lang.Object, java.lang.String)	2	org.apache.dubbo.common.utils.FieldUtils.getFieldValue(java.lang.Object, java.lang.String):::EXIT	"fieldName.toString one of { ""a"", ""b"" }"	"""a"".equals(fieldName) || ""b"".equals(fieldName)"	RETAINED_ORIGINAL_SAMPLE
dubbo	3	DAIKON	org.apache.dubbo.common.utils.FieldUtils.getFieldValue(java.lang.Object, java.lang.String)	3	org.apache.dubbo.common.utils.FieldUtils.getFieldValue(java.lang.Object, java.lang.String):::EXIT	return.getClass().getName() == java.lang.String.class	result.getClass() == java.lang.String.class	RETAINED_ORIGINAL_SAMPLE
dubbo	3	OCA	org.apache.dubbo.common.utils.FieldUtils#getFieldValue(Object,String):Object	1	METHOD_ENTRY	(object == null) || (!fieldName.isEmpty())	(object == null) || (!fieldName.isEmpty())	ORIGINAL_OCA_SAMPLE
dubbo	3	OCA	org.apache.dubbo.common.utils.FieldUtils#getFieldValue(Object,String):Object	2	METHOD_ENTRY	fieldName != null	fieldName != null	ORIGINAL_OCA_SAMPLE
dubbo	3	OCA	org.apache.dubbo.common.utils.FieldUtils#getFieldValue(Object,String):Object	3	METHOD_EXIT	object != null || result == null	object != null || result == null	ORIGINAL_OCA_SAMPLE
dubbo	4	DAIKON	org.apache.dubbo.common.utils.CollectionUtils.isEmptyMap(java.util.Map)	1	"org.apache.dubbo.common.utils.CollectionUtils.isEmptyMap(java.util.Map):::EXIT;condition=""not(return == true)"""	return == false	result == false	RETAINED_ORIGINAL_SAMPLE
dubbo	4	DAIKON	org.apache.dubbo.common.utils.CollectionUtils.isEmptyMap(java.util.Map)	2	org.apache.dubbo.common.utils.CollectionUtils.isEmptyMap(java.util.Map):::ENTER	map.getClass().getName() == java.util.HashMap.class	map.getClass() == java.util.HashMap.class	RETAINED_ORIGINAL_SAMPLE
dubbo	4	DAIKON	org.apache.dubbo.common.utils.CollectionUtils.isEmptyMap(java.util.Map)	3	"org.apache.dubbo.common.utils.CollectionUtils.isEmptyMap(java.util.Map):::EXIT;condition=""return == true"""	return == true	result == true	RESAMPLED_REPLACEMENT
dubbo	4	OCA	org.apache.dubbo.common.utils.CollectionUtils#isEmptyMap(Map):boolean	1	METHOD_EXIT	map == null || map.isEmpty() || !result	map == null || map.isEmpty() || !result	ORIGINAL_OCA_SAMPLE
dubbo	4	OCA	org.apache.dubbo.common.utils.CollectionUtils#isEmptyMap(Map):boolean	2	METHOD_EXIT	result || (map != null && !map.isEmpty())	result || (map != null && !map.isEmpty())	ORIGINAL_OCA_SAMPLE
dubbo	4	OCA	org.apache.dubbo.common.utils.CollectionUtils#isEmptyMap(Map):boolean	3	METHOD_EXIT	result == (map == null || map.isEmpty())	result == (map == null || map.isEmpty())	ORIGINAL_OCA_SAMPLE
dubbo	5	DAIKON	org.apache.dubbo.common.utils.MethodUtils.excludedDeclaredClass(java.lang.Class)	1	org.apache.dubbo.common.utils.MethodUtils.excludedDeclaredClass(java.lang.Class):::EXIT	return.getClass().getName() == org.apache.dubbo.common.utils.MethodUtils$$Lambda$1023/0x00001548a54c6bf0.class	"result.getClass().getName().equals(""org.apache.dubbo.common.utils.MethodUtils$$Lambda$1023/0x00001548a54c6bf0"")"	RETAINED_ORIGINAL_SAMPLE
dubbo	5	OCA	org.apache.dubbo.common.utils.MethodUtils#excludedDeclaredClass(Class<?>):Predicate<Method>	1	METHOD_ENTRY	declaredClass.getName() != null	declaredClass.getName() != null	ORIGINAL_OCA_SAMPLE
dubbo	6	DAIKON	org.apache.dubbo.common.compiler.support.ClassUtils.getSize(java.lang.Object)	1	org.apache.dubbo.common.compiler.support.ClassUtils.getSize(java.lang.Object):::EXIT241	return == 1	result == 1	RETAINED_ORIGINAL_SAMPLE
dubbo	6	OCA	org.apache.dubbo.common.compiler.support.ClassUtils#getSize(Object):int	1	METHOD_EXIT	result == 0 || result > 0 || result == -1	result == 0 || result > 0 || result == -1	ORIGINAL_OCA_SAMPLE
dubbo	7	DAIKON	org.apache.dubbo.common.io.UnsafeByteArrayOutputStream.toString()	1	org.apache.dubbo.common.io.UnsafeByteArrayOutputStream.toString():::ENTER	this.mCount == 3	this.mCount == 3	RETAINED_ORIGINAL_SAMPLE
dubbo	7	OCA	org.apache.dubbo.common.io.UnsafeByteArrayOutputStream#toString():String	1	METHOD_EXIT	result != null	result != null	ORIGINAL_OCA_SAMPLE
dubbo	8	DAIKON	org.apache.dubbo.common.utils.ArrayUtils.isEmpty(java.lang.Object[])	1	org.apache.dubbo.common.utils.ArrayUtils.isEmpty(java.lang.Object[]):::ENTER	array[] == []	array.length == 0	RETAINED_ORIGINAL_SAMPLE
dubbo	8	DAIKON	org.apache.dubbo.common.utils.ArrayUtils.isEmpty(java.lang.Object[])	2	org.apache.dubbo.common.utils.ArrayUtils.isEmpty(java.lang.Object[]):::EXIT	array[] == []	array.length == 0	RETAINED_ORIGINAL_SAMPLE
dubbo	8	DAIKON	org.apache.dubbo.common.utils.ArrayUtils.isEmpty(java.lang.Object[])	3	org.apache.dubbo.common.utils.ArrayUtils.isEmpty(java.lang.Object[]):::EXIT	return == true	result == true	RETAINED_ORIGINAL_SAMPLE
dubbo	8	OCA	org.apache.dubbo.common.utils.ArrayUtils#isEmpty(Object[]):boolean	1	METHOD_EXIT	result == (array == null || array.length == 0)	result == (array == null || array.length == 0)	ORIGINAL_OCA_SAMPLE
dubbo	8	OCA	org.apache.dubbo.common.utils.ArrayUtils#isEmpty(Object[]):boolean	2	METHOD_ENTRY	array == null || array.length == 0 || array.length > 0	array == null || array.length == 0 || array.length > 0	ORIGINAL_OCA_SAMPLE
dubbo	8	OCA	org.apache.dubbo.common.utils.ArrayUtils#isEmpty(Object[]):boolean	3	METHOD_EXIT	!result || array == null || array.length == 0	!result || array == null || array.length == 0	ORIGINAL_OCA_SAMPLE
dubbo	9	DAIKON	org.apache.dubbo.common.utils.Stack.peek()	1	org.apache.dubbo.common.utils.Stack.peek():::ENTER	this.mElements[].getClass().getName() elements == java.lang.String.class	this.mElements.stream().allMatch(e -> e.getClass() == java.lang.String.class)	RESAMPLED_REPLACEMENT
dubbo	9	OCA	org.apache.dubbo.common.utils.Stack#peek():E	1	METHOD_EXIT	result != null	result != null	ORIGINAL_OCA_SAMPLE
dubbo	10	DAIKON	org.apache.dubbo.common.utils.LogHelper.error(org.apache.dubbo.common.logger.Logger, java.lang.String, java.lang.Throwable)	1	org.apache.dubbo.common.utils.LogHelper.error(org.apache.dubbo.common.logger.Logger, java.lang.String, java.lang.Throwable):::ENTER	logger.getClass().getName() == org.apache.dubbo.common.logger.Logger$MockitoMock$jZMOTlpe.class	"logger.getClass().getName().equals(""org.apache.dubbo.common.logger.Logger$MockitoMock$jZMOTlpe"")"	RETAINED_ORIGINAL_SAMPLE
dubbo	10	DAIKON	org.apache.dubbo.common.utils.LogHelper.error(org.apache.dubbo.common.logger.Logger, java.lang.String, java.lang.Throwable)	2	org.apache.dubbo.common.utils.LogHelper.error(org.apache.dubbo.common.logger.Logger, java.lang.String, java.lang.Throwable):::ENTER	"msg.toString == ""error"""	"""error"".equals(msg)"	RETAINED_ORIGINAL_SAMPLE
dubbo	10	DAIKON	org.apache.dubbo.common.utils.LogHelper.error(org.apache.dubbo.common.logger.Logger, java.lang.String, java.lang.Throwable)	3	org.apache.dubbo.common.utils.LogHelper.error(org.apache.dubbo.common.logger.Logger, java.lang.String, java.lang.Throwable):::EXIT	"msg.toString == ""error"""	"""error"".equals(msg)"	RETAINED_ORIGINAL_SAMPLE
dubbo	10	OCA	org.apache.dubbo.common.utils.LogHelper#error(Logger,String,Throwable):void	1	METHOD_EXIT	logger == null || msg != null || e != null	logger == null || msg != null || e != null	ORIGINAL_OCA_SAMPLE
dubbo	10	OCA	org.apache.dubbo.common.utils.LogHelper#error(Logger,String,Throwable):void	2	METHOD_EXIT	logger == null || logger.isErrorEnabled()	logger == null || logger.isErrorEnabled()	ORIGINAL_OCA_SAMPLE
dubbo	10	OCA	org.apache.dubbo.common.utils.LogHelper#error(Logger,String,Throwable):void	3	METHOD_EXIT	logger == null || (msg != null || e != null)	logger == null || (msg != null || e != null)	ORIGINAL_OCA_SAMPLE
netty	1	DAIKON	io.netty.util.concurrent.FastThreadLocalThread.setThreadLocalMap(io.netty.util.internal.InternalThreadLocalMap)	1	io.netty.util.concurrent.FastThreadLocalThread.setThreadLocalMap(io.netty.util.internal.InternalThreadLocalMap):::EXIT	threadLocalMap.futureListenerStackDepth == threadLocalMap.rp2	threadLocalMap.futureListenerStackDepth == threadLocalMap.rp2	RESAMPLED_REPLACEMENT
netty	1	OCA	io.netty.util.concurrent.FastThreadLocalThread#setThreadLocalMap(InternalThreadLocalMap):void	1	METHOD_ENTRY	threadLocalMap != null || threadLocalMap == null	threadLocalMap != null || threadLocalMap == null	ORIGINAL_OCA_SAMPLE
netty	2	DAIKON	io.netty.util.DomainNameMapping.needsNormalization(java.lang.String)	1	io.netty.util.DomainNameMapping.needsNormalization(java.lang.String):::EXIT	return == false	result == false	RETAINED_ORIGINAL_SAMPLE
netty	2	OCA	io.netty.util.DomainNameMapping#needsNormalization(String):boolean	1	METHOD_EXIT	!result || hostname.length() > 0	!result || hostname.length() > 0	ORIGINAL_OCA_SAMPLE
netty	3	DAIKON	io.netty.util.AsciiStringUtil.toLowerCase(io.netty.util.AsciiString)	1	io.netty.util.AsciiStringUtil.toLowerCase(io.netty.util.AsciiString):::EXIT	io.netty.util.AsciiString.EMPTY_STRING.value[] == []	io.netty.util.AsciiString.EMPTY_STRING.array().length == 0	RETAINED_ORIGINAL_SAMPLE
netty	3	DAIKON	io.netty.util.AsciiStringUtil.toLowerCase(io.netty.util.AsciiString)	2	io.netty.util.AsciiStringUtil.toLowerCase(io.netty.util.AsciiString):::EXIT	io.netty.util.AsciiString.EMPTY_STRING.offset == string.offset	io.netty.util.AsciiString.EMPTY_STRING.arrayOffset() == string.arrayOffset()	RESAMPLED_REPLACEMENT
netty	3	DAIKON	io.netty.util.AsciiStringUtil.toLowerCase(io.netty.util.AsciiString)	3	io.netty.util.AsciiStringUtil.toLowerCase(io.netty.util.AsciiString):::EXIT	io.netty.util.AsciiString.CASE_SENSITIVE_HASHER.getClass().getName() == io.netty.util.AsciiString$2.class	"io.netty.util.AsciiString.CASE_SENSITIVE_HASHER.getClass().getName().equals(""io.netty.util.AsciiString$2"")"	RESAMPLED_REPLACEMENT
netty	3	DAIKON	io.netty.util.AsciiStringUtil.toLowerCase(io.netty.util.AsciiString)	4	io.netty.util.AsciiStringUtil.toLowerCase(io.netty.util.AsciiString):::ENTER	io.netty.util.AsciiString.EMPTY_STRING.value[] == []	io.netty.util.AsciiString.EMPTY_STRING.array().length == 0	RESAMPLED_REPLACEMENT
netty	3	DAIKON	io.netty.util.AsciiStringUtil.toLowerCase(io.netty.util.AsciiString)	5	io.netty.util.AsciiStringUtil.toLowerCase(io.netty.util.AsciiString):::ENTER	io.netty.util.AsciiString.CASE_SENSITIVE_HASHER.getClass().getName() == io.netty.util.AsciiString$2.class	"io.netty.util.AsciiString.CASE_SENSITIVE_HASHER.getClass().getName().equals(""io.netty.util.AsciiString$2"")"	RESAMPLED_REPLACEMENT
netty	3	DAIKON	io.netty.util.AsciiStringUtil.toLowerCase(io.netty.util.AsciiString)	6	io.netty.util.AsciiStringUtil.toLowerCase(io.netty.util.AsciiString):::ENTER	io.netty.util.AsciiString.CASE_INSENSITIVE_HASHER.getClass().getName() == io.netty.util.AsciiString$1.class	"io.netty.util.AsciiString.CASE_INSENSITIVE_HASHER.getClass().getName().equals(""io.netty.util.AsciiString$1"")"	RESAMPLED_REPLACEMENT
netty	3	DAIKON	io.netty.util.AsciiStringUtil.toLowerCase(io.netty.util.AsciiString)	7	io.netty.util.AsciiStringUtil.toLowerCase(io.netty.util.AsciiString):::EXIT	string.value[] one of { [84, 104, 105, 115, 32, 105, 115, 32, 97, 32, 116, 101, 115, 84], [84, 104, 105, 115, 32, 105, 115, 32, 97, 32, 116, 101, 115, 116, 32, 102, 111, 114, 32, 108, 111, 110, 103, 101, 114, 32, 115, 101, 113, 117, 101, 110, 99, 101, 115], [84, 104, 105, 115, 32, 105, 115, 32, 97, 32, 116, 101, 115, 116, 33] }	java.util.Arrays.equals(string.array(), new byte[] {84, 104, 105, 115, 32, 105, 115, 32, 97, 32, 116, 101, 115, 84}) || java.util.Arrays.equals(string.array(), new byte[] {84, 104, 105, 115, 32, 105, 115, 32, 97, 32, 116, 101, 115, 116, 32, 102, 111, 114, 32, 108, 111, 110, 103, 101, 114, 32, 115, 101, 113, 117, 101, 110, 99, 101, 115}) || java.util.Arrays.equals(string.array(), new byte[] {84, 104, 105, 115, 32, 105, 115, 32, 97, 32, 116, 101, 115, 116, 33})	RESAMPLED_REPLACEMENT
netty	3	DAIKON	io.netty.util.AsciiStringUtil.toLowerCase(io.netty.util.AsciiString)	8	io.netty.util.AsciiStringUtil.toLowerCase(io.netty.util.AsciiString):::EXIT	io.netty.util.AsciiString.EMPTY_STRING.offset == 0	io.netty.util.AsciiString.EMPTY_STRING.arrayOffset() == 0	RESAMPLED_REPLACEMENT
netty	3	OCA	io.netty.util.AsciiStringUtil#toLowerCase(AsciiString):AsciiString	1	METHOD_ENTRY	string != null	string != null	ORIGINAL_OCA_SAMPLE
netty	3	OCA	io.netty.util.AsciiStringUtil#toLowerCase(AsciiString):AsciiString	2	METHOD_EXIT	result.length() == string.length()	result.length() == string.length()	ORIGINAL_OCA_SAMPLE
netty	3	OCA	io.netty.util.AsciiStringUtil#toLowerCase(AsciiString):AsciiString	3	METHOD_ENTRY	string.arrayOffset() >= 0	string.arrayOffset() >= 0	ORIGINAL_OCA_SAMPLE
netty	3	OCA	io.netty.util.AsciiStringUtil#toLowerCase(AsciiString):AsciiString	4	METHOD_EXIT	result.toString().equals(string.toString().toLowerCase())	result.toString().equals(string.toString().toLowerCase())	ORIGINAL_OCA_SAMPLE
netty	3	OCA	io.netty.util.AsciiStringUtil#toLowerCase(AsciiString):AsciiString	5	METHOD_EXIT	result != null && string != null	result != null && string != null	ORIGINAL_OCA_SAMPLE
netty	3	OCA	io.netty.util.AsciiStringUtil#toLowerCase(AsciiString):AsciiString	6	METHOD_ENTRY	string.array() != null	string.array() != null	ORIGINAL_OCA_SAMPLE
netty	3	OCA	io.netty.util.AsciiStringUtil#toLowerCase(AsciiString):AsciiString	7	METHOD_ENTRY	string.length() >= 0	string.length() >= 0	ORIGINAL_OCA_SAMPLE
netty	3	OCA	io.netty.util.AsciiStringUtil#toLowerCase(AsciiString):AsciiString	8	METHOD_ENTRY	string.arrayOffset() + string.length() <= string.array().length	string.arrayOffset() + string.length() <= string.array().length	ORIGINAL_OCA_SAMPLE
netty	4	DAIKON	io.netty.util.Signal.fillInStackTrace()	1	io.netty.util.Signal.fillInStackTrace():::ENTER	this.constant == null	this.constant == null	RESAMPLED_REPLACEMENT
netty	4	DAIKON	io.netty.util.Signal.fillInStackTrace()	2	io.netty.util.Signal.fillInStackTrace():::EXIT	this.constant == null	this.constant == null	RESAMPLED_REPLACEMENT
netty	4	OCA	io.netty.util.Signal#fillInStackTrace():Throwable	1	METHOD_EXIT	result.getStackTrace().length == 0	result.getStackTrace().length == 0	ORIGINAL_OCA_SAMPLE
netty	4	OCA	io.netty.util.Signal#fillInStackTrace():Throwable	2	METHOD_EXIT	result.getCause() == null	result.getCause() == null	ORIGINAL_OCA_SAMPLE
netty	5	DAIKON	io.netty.util.internal.ReflectionUtil.trySetAccessible(java.lang.reflect.AccessibleObject, boolean)	1	io.netty.util.internal.ReflectionUtil.trySetAccessible(java.lang.reflect.AccessibleObject, boolean):::EXIT40	return == null	result == null	RETAINED_ORIGINAL_SAMPLE
netty	5	OCA	io.netty.util.internal.ReflectionUtil#trySetAccessible(AccessibleObject,boolean):Throwable	1	METHOD_ENTRY	checkAccessible == false || object != null	checkAccessible == false || object != null	ORIGINAL_OCA_SAMPLE
netty	6	DAIKON	io.netty.util.internal.ObjectUtil.checkNonEmpty(java.lang.CharSequence, java.lang.String)	1	io.netty.util.internal.ObjectUtil.checkNonEmpty(java.lang.CharSequence, java.lang.String):::EXIT	"name.toString one of { ""NOT_NULL"", ""NOT_NULL_BUT_EMPTY"" }"	"""NOT_NULL"".equals(name.toString()) || ""NOT_NULL_BUT_EMPTY"".equals(name.toString())"	RETAINED_ORIGINAL_SAMPLE
netty	6	DAIKON	io.netty.util.internal.ObjectUtil.checkNonEmpty(java.lang.CharSequence, java.lang.String)	2	io.netty.util.internal.ObjectUtil.checkNonEmpty(java.lang.CharSequence, java.lang.String):::ENTER	value.getClass().getName() == java.lang.String.class	value.getClass() == String.class	RETAINED_ORIGINAL_SAMPLE
netty	6	DAIKON	io.netty.util.internal.ObjectUtil.checkNonEmpty(java.lang.CharSequence, java.lang.String)	3	io.netty.util.internal.ObjectUtil.checkNonEmpty(java.lang.CharSequence, java.lang.String):::EXIT	return.getClass().getName() == java.lang.String.class	result.getClass() == String.class	RETAINED_ORIGINAL_SAMPLE
netty	6	DAIKON	io.netty.util.internal.ObjectUtil.checkNonEmpty(java.lang.CharSequence, java.lang.String)	4	io.netty.util.internal.ObjectUtil.checkNonEmpty(java.lang.CharSequence, java.lang.String):::ENTER	"name.toString one of { ""NOT_NULL"", ""NOT_NULL_BUT_EMPTY"" }"	"""NOT_NULL"".equals(name.toString()) || ""NOT_NULL_BUT_EMPTY"".equals(name.toString())"	RESAMPLED_REPLACEMENT
netty	6	OCA	io.netty.util.internal.ObjectUtil#checkNonEmpty(CharSequence,String):CharSequence	1	METHOD_ENTRY	name != null	name != null	ORIGINAL_OCA_SAMPLE
netty	6	OCA	io.netty.util.internal.ObjectUtil#checkNonEmpty(CharSequence,String):CharSequence	2	METHOD_EXIT	result == value	result == value	ORIGINAL_OCA_SAMPLE
netty	6	OCA	io.netty.util.internal.ObjectUtil#checkNonEmpty(CharSequence,String):CharSequence	3	METHOD_EXIT	result.length() == value.length()	result.length() == value.length()	ORIGINAL_OCA_SAMPLE
netty	6	OCA	io.netty.util.internal.ObjectUtil#checkNonEmpty(CharSequence,String):CharSequence	4	METHOD_ENTRY	name.length() >= 0	name.length() >= 0	ORIGINAL_OCA_SAMPLE
netty	7	DAIKON	io.netty.util.AsciiStringUtil.isLowerCase(byte)	1	"io.netty.util.AsciiStringUtil.isLowerCase(byte):::EXIT;condition=""not(return == true)"""	io.netty.util.AsciiStringUtil.$assertionsDisabled == return	io.netty.util.AsciiStringUtil.$assertionsDisabled == result	RETAINED_ORIGINAL_SAMPLE
netty	7	DAIKON	io.netty.util.AsciiStringUtil.isLowerCase(byte)	2	"io.netty.util.AsciiStringUtil.isLowerCase(byte):::EXIT;condition=""return == true"""	return == true	result == true	RESAMPLED_REPLACEMENT
netty	7	DAIKON	io.netty.util.AsciiStringUtil.isLowerCase(byte)	3	io.netty.util.AsciiStringUtil.isLowerCase(byte):::EXIT	(return == false)  ==>  (io.netty.util.AsciiStringUtil.$assertionsDisabled == return)	(result != false) || (io.netty.util.AsciiStringUtil.$assertionsDisabled == result)	RESAMPLED_REPLACEMENT
netty	7	OCA	io.netty.util.AsciiStringUtil#isLowerCase(byte):boolean	1	METHOD_ENTRY	value != 0	value != 0	ORIGINAL_OCA_SAMPLE
netty	7	OCA	io.netty.util.AsciiStringUtil#isLowerCase(byte):boolean	2	METHOD_EXIT	result == (value >= 97 && value <= 122)	result == (value >= 97 && value <= 122)	ORIGINAL_OCA_SAMPLE
netty	7	OCA	io.netty.util.AsciiStringUtil#isLowerCase(byte):boolean	3	METHOD_ENTRY	value >= 0	value >= 0	ORIGINAL_OCA_SAMPLE
netty	8	DAIKON	io.netty.util.NetUtil.toAddressString(byte[], int, boolean)	1	io.netty.util.NetUtil.toAddressString(byte[], int, boolean):::ENTER	offset == 0	offset == 0	RESAMPLED_REPLACEMENT
netty	8	DAIKON	io.netty.util.NetUtil.toAddressString(byte[], int, boolean)	2	io.netty.util.NetUtil.toAddressString(byte[], int, boolean):::ENTER	offset in bytes[]	java.util.stream.IntStream.range(0, bytes.length).anyMatch(i -> bytes[i] == offset)	RESAMPLED_REPLACEMENT
netty	8	DAIKON	io.netty.util.NetUtil.toAddressString(byte[], int, boolean)	3	io.netty.util.NetUtil.toAddressString(byte[], int, boolean):::EXIT	bytes[] elements < io.netty.util.NetUtil.SOMAXCONN	java.util.stream.IntStream.range(0, bytes.length).allMatch(i -> bytes[i] < io.netty.util.NetUtil.SOMAXCONN)	RESAMPLED_REPLACEMENT
netty	8	DAIKON	io.netty.util.NetUtil.toAddressString(byte[], int, boolean)	4	io.netty.util.NetUtil.toAddressString(byte[], int, boolean):::ENTER	bytes[] elements < io.netty.util.NetUtil.SOMAXCONN	java.util.stream.IntStream.range(0, bytes.length).allMatch(i -> bytes[i] < io.netty.util.NetUtil.SOMAXCONN)	RESAMPLED_REPLACEMENT
netty	8	OCA	io.netty.util.NetUtil#toAddressString(byte[],int,boolean):String	1	METHOD_EXIT	result != null	result != null	ORIGINAL_OCA_SAMPLE
netty	8	OCA	io.netty.util.NetUtil#toAddressString(byte[],int,boolean):String	2	METHOD_ENTRY	ipv4Mapped == true || ipv4Mapped == false	ipv4Mapped == true || ipv4Mapped == false	ORIGINAL_OCA_SAMPLE
netty	8	OCA	io.netty.util.NetUtil#toAddressString(byte[],int,boolean):String	3	METHOD_ENTRY	offset >= 0	offset >= 0	ORIGINAL_OCA_SAMPLE
netty	8	OCA	io.netty.util.NetUtil#toAddressString(byte[],int,boolean):String	4	METHOD_ENTRY	bytes != null	bytes != null	ORIGINAL_OCA_SAMPLE
netty	9	DAIKON	io.netty.util.internal.ReflectionUtil.resolveTypeParameter(java.lang.Object, java.lang.Class, java.lang.String)	1	io.netty.util.internal.ReflectionUtil.resolveTypeParameter(java.lang.Object, java.lang.Class, java.lang.String):::ENTER	"typeParamName.toString one of { ""B"", ""C"", ""E"" }"	"typeParamName.toString().equals(""B"") || typeParamName.toString().equals(""C"") || typeParamName.toString().equals(""E"")"	RETAINED_ORIGINAL_SAMPLE
netty	9	OCA	io.netty.util.internal.ReflectionUtil#resolveTypeParameter(Object,Class<?>,String):Class<?>	1	METHOD_ENTRY	parametrizedSuperclass.isAssignableFrom(object.getClass())	parametrizedSuperclass.isAssignableFrom(object.getClass())	ORIGINAL_OCA_SAMPLE
netty	10	DAIKON	io.netty.util.AbstractConstant.hashCode()	1	io.netty.util.AbstractConstant.hashCode():::ENTER	"this.name.toString one of { ""b_beta"", ""c_gamma"", ""e_epsilon"" }"	"""b_beta"".equals(this.name.toString()) || ""c_gamma"".equals(this.name.toString()) || ""e_epsilon"".equals(this.name.toString())"	RESAMPLED_REPLACEMENT
netty	10	OCA	io.netty.util.AbstractConstant#hashCode():int	1	METHOD_EXIT	result != 0	result != 0	ORIGINAL_OCA_SAMPLE
