kind	element	cassette_key	system_tokens	user_tokens	input_tokens	output_tokens
METHOD_ENTRY	com.ctrip.framework.apollo.biz.auth.WebSecurityConfig#userDetailsService():UserDetailsService	4f1f79d1f3a9f21e40e0	413	543	967	5
METHOD_ENTRY	com.ctrip.framework.apollo.biz.auth.WebSecurityConfig#securityFilterChain(HttpSecurity):SecurityFilterChain	df82d20b981487e4137d	413	545	969	178
METHOD_ENTRY	com.ctrip.framework.apollo.biz.ApolloBizAssemblyConfiguration#dataSourceProperties():DataSourceProperties	eaf220a9f1fbab58f6df	413	443	867	35
METHOD_EXIT	com.ctrip.framework.apollo.biz.registry.configuration.support.ApolloServiceRegistryHeartbeatApplicationRunner#run(ApplicationArguments):void	832ce12779a64f98579b	455	564	1030	188
METHOD_ENTRY	com.ctrip.framework.apollo.biz.registry.configuration.support.ApolloServiceRegistryHeartbeatApplicationRunner#run(ApplicationArguments):void	6f65eb7e8b60a4047172	413	553	977	84
METHOD_EXIT	com.ctrip.framework.apollo.biz.ApolloBizAssemblyConfiguration#dataSourceProperties():DataSourceProperties	c22f887b54811b516cd7	455	519	985	52
METHOD_EXIT	com.ctrip.framework.apollo.biz.auth.WebSecurityConfig#securityFilterChain(HttpSecurity):SecurityFilterChain	3dec36a1c6d6251109c7	455	624	1090	294
METHOD_EXIT	com.ctrip.framework.apollo.biz.auth.WebSecurityConfig#userDetailsService():UserDetailsService	4370a20f34412ce4d662	455	619	1085	340
METHOD_ENTRY	com.ctrip.framework.apollo.biz.registry.configuration.support.ApolloServiceDiscoveryProperties#isEnabled():boolean	b2460dc9647730560c1b	413	514	938	195
METHOD_EXIT	com.ctrip.framework.apollo.biz.registry.configuration.support.ApolloServiceDiscoveryProperties#setHealthCheckIntervalInSecond(long):void	47360fbf615338aa1cc5	455	555	1021	243
METHOD_EXIT	com.ctrip.framework.apollo.biz.registry.configuration.support.ApolloServiceDiscoveryProperties#isEnabled():boolean	86bfaece03985655b8c1	455	588	1054	45
METHOD_ENTRY	com.ctrip.framework.apollo.biz.registry.configuration.support.ApolloServiceRegistryHeartbeatApplicationRunner#heartbeat():void	16f7e8d6cea95d0f850f	413	498	922	169
METHOD_EXIT	com.ctrip.framework.apollo.biz.registry.configuration.support.ApolloServiceRegistryHeartbeatApplicationRunner#heartbeat():void	0a8d1bb7c637067364d5	455	509	975	166
METHOD_ENTRY	com.ctrip.framework.apollo.biz.registry.configuration.support.ApolloServiceDiscoveryProperties#getHealthCheckIntervalInSecond():long	fb73ba77761e6ee08370	413	525	949	248
METHOD_ENTRY	com.ctrip.framework.apollo.biz.registry.configuration.support.ApolloServiceDiscoveryProperties#setHealthCheckIntervalInSecond(long):void	de1f90dd66ea4bb78065	413	544	968	107
METHOD_EXIT	com.ctrip.framework.apollo.biz.registry.configuration.support.ApolloServiceDiscoveryProperties#setEnabled(boolean):void	d88cc301438dcafcd519	455	531	997	135
METHOD_ENTRY	com.ctrip.framework.apollo.biz.registry.configuration.support.ApolloServiceDiscoveryProperties#setEnabled(boolean):void	ff43e75250da2fe6445b	413	520	944	119
METHOD_EXIT	com.ctrip.framework.apollo.biz.registry.configuration.support.ApolloServiceDiscoveryProperties#getHealthCheckIntervalInSecond():long	b5c661b845d3d8befcfb	455	599	1065	100
METHOD_EXIT	com.ctrip.framework.apollo.biz.registry.configuration.support.ApolloServiceRegistryProperties#postConstruct():void	17534c564ab0c1ca9905	455	832	1298	186
METHOD_ENTRY	com.ctrip.framework.apollo.biz.registry.configuration.support.ApolloServiceRegistryProperties#getServiceName():String	2ac66205ae15135dfa59	413	696	1120	200
METHOD_EXIT	com.ctrip.framework.apollo.biz.registry.configuration.support.ApolloServiceRegistryProperties#isEnabled():boolean	2966337162171e3cac32	455	765	1231	216
METHOD_EXIT	com.ctrip.framework.apollo.biz.registry.configuration.support.ApolloServiceRegistryProperties#setEnabled(boolean):void	9f27efcac69b6a55a0b2	455	708	1174	135
METHOD_EXIT	com.ctrip.framework.apollo.biz.registry.configuration.support.ApolloServiceRegistryProperties#getServiceName():String	51210526d72906169bc9	455	770	1236	279
METHOD_ENTRY	com.ctrip.framework.apollo.biz.registry.configuration.support.ApolloServiceRegistryProperties#setEnabled(boolean):void	c05bb615b77bb70f05f4	413	697	1121	102
METHOD_ENTRY	com.ctrip.framework.apollo.biz.registry.configuration.support.ApolloServiceRegistryProperties#getUri():URI	662a78107daee38f7fc2	413	694	1118	272
METHOD_ENTRY	com.ctrip.framework.apollo.biz.registry.configuration.support.ApolloServiceRegistryProperties#isEnabled():boolean	bfaa510a2ac52eba35b0	413	691	1115	221
METHOD_EXIT	com.ctrip.framework.apollo.biz.registry.configuration.support.ApolloServiceRegistryProperties#getUri():URI	efaebfe228f2935135a8	455	768	1234	103
METHOD_ENTRY	com.ctrip.framework.apollo.biz.registry.configuration.support.ApolloServiceRegistryProperties#postConstruct():void	5cd14d42dafdd6923448	413	821	1245	277
METHOD_ENTRY	com.ctrip.framework.apollo.biz.registry.configuration.support.ApolloServiceRegistryProperties#setUri(String):void	bac934d2aae46caaad63	413	699	1123	205
METHOD_ENTRY	com.ctrip.framework.apollo.biz.registry.configuration.support.ApolloServiceRegistryProperties#getCluster():String	17b5e59edd3746b4d932	413	693	1117	207
METHOD_EXIT	com.ctrip.framework.apollo.biz.registry.configuration.support.ApolloServiceRegistryProperties#setUri(String):void	1a1b88686fb2cbdbad23	455	710	1176	339
METHOD_ENTRY	com.ctrip.framework.apollo.biz.registry.configuration.support.ApolloServiceRegistryProperties#setServiceName(String):void	1ebb4b46d2a076dd5b60	413	703	1127	279
METHOD_ENTRY	com.ctrip.framework.apollo.biz.registry.configuration.support.ApolloServiceRegistryProperties#setCluster(String):void	a0c857f8095d639a5df5	413	697	1121	285
METHOD_EXIT	com.ctrip.framework.apollo.biz.registry.configuration.support.ApolloServiceRegistryProperties#setServiceName(String):void	4c5a7561921b175bafee	455	714	1180	288
METHOD_EXIT	com.ctrip.framework.apollo.biz.registry.configuration.support.ApolloServiceRegistryProperties#setCluster(String):void	d3abcc203609d97bfc48	455	708	1174	309
METHOD_ENTRY	com.ctrip.framework.apollo.biz.registry.configuration.support.ApolloServiceRegistryProperties#setMetadata(Map<String, String>):void	df9898acbfe0aa0a9140	413	707	1131	291
METHOD_ENTRY	com.ctrip.framework.apollo.biz.registry.configuration.support.ApolloServiceRegistryProperties#getHeartbeatIntervalInSecond():long	86a1b3fd541e77df4224	413	699	1123	230
METHOD_EXIT	com.ctrip.framework.apollo.biz.registry.configuration.support.ApolloServiceRegistryProperties#getMetadata():Map<String, String>	7e0f484f0324495fe3c3	455	779	1245	305
METHOD_ENTRY	com.ctrip.framework.apollo.biz.registry.configuration.support.ApolloServiceRegistryProperties#getMetadata():Map<String, String>	0b9eca38ff88e1131725	413	702	1126	207
METHOD_ENTRY	com.ctrip.framework.apollo.biz.registry.configuration.support.ApolloServiceRegistryDeregisterApplicationListener#onApplicationEvent(ContextClosedEvent):void	1f3c15443be0c380ed8b	413	480	904	237
METHOD_EXIT	com.ctrip.framework.apollo.biz.registry.configuration.support.ApolloServiceRegistryProperties#setHeartbeatIntervalInSecond(long):void	ededab1dc379e88fd5e9	455	727	1193	112
METHOD_ENTRY	com.ctrip.framework.apollo.biz.registry.configuration.support.ApolloServiceRegistryDeregisterApplicationListener#deregister():void	d61cab211a1f2ccb4074	413	549	973	208
METHOD_EXIT	com.ctrip.framework.apollo.biz.registry.configuration.support.ApolloServiceRegistryProperties#getCluster():String	644a2c1ad1fe09dbbc9a	455	767	1233	246
METHOD_EXIT	com.ctrip.framework.apollo.biz.registry.configuration.support.ApolloServiceRegistryDeregisterApplicationListener#onApplicationEvent(ContextClosedEvent):void	7c758d67b11e556ef854	455	491	957	106
METHOD_EXIT	com.ctrip.framework.apollo.biz.registry.configuration.support.ApolloServiceRegistryDeregisterApplicationListener#deregister():void	b839473aa60a3102bf7b	455	560	1026	209
METHOD_ENTRY	com.ctrip.framework.apollo.biz.registry.configuration.support.ApolloServiceRegistryClearApplicationRunner#clearUnhealthyInstances():void	bc57c56f77021573e1d8	413	558	982	149
METHOD_ENTRY	com.ctrip.framework.apollo.biz.registry.configuration.support.ApolloServiceRegistryProperties#setHeartbeatIntervalInSecond(long):void	ff72e758fb3c60b067e4	413	716	1140	223
METHOD_EXIT	com.ctrip.framework.apollo.biz.registry.configuration.support.ApolloServiceRegistryProperties#setMetadata(Map<String, String>):void	a4edb464b89606cdfd6c	455	718	1184	285
METHOD_ENTRY	com.ctrip.framework.apollo.biz.registry.configuration.ApolloServiceRegistryAutoConfiguration#registryService(ServiceRegistryRepository):ServiceRegistryService	6f06e142dc82d356c5e7	413	520	944	171
METHOD_EXIT	com.ctrip.framework.apollo.biz.registry.configuration.support.ApolloServiceRegistryClearApplicationRunner#run(ApplicationArguments):void	53543283e72959b1776b	455	515	981	215
METHOD_EXIT	com.ctrip.framework.apollo.biz.registry.configuration.support.ApolloServiceRegistryClearApplicationRunner#clearUnhealthyInstances():void	cc1b808671c67012df62	455	569	1035	59
METHOD_ENTRY	com.ctrip.framework.apollo.biz.registry.configuration.support.ApolloServiceRegistryClearApplicationRunner#run(ApplicationArguments):void	b2c42264a68f26e13db3	413	504	928	148
METHOD_EXIT	com.ctrip.framework.apollo.biz.registry.configuration.support.ApolloServiceRegistryProperties#getHeartbeatIntervalInSecond():long	65742a09a7f4212b165b	455	773	1239	234
METHOD_EXIT	com.ctrip.framework.apollo.biz.registry.configuration.ApolloServiceRegistryAutoConfiguration#registryService(ServiceRegistryRepository):ServiceRegistryService	22fe0df76cec09f5479a	455	599	1065	174
METHOD_EXIT	com.ctrip.framework.apollo.biz.registry.configuration.ApolloServiceRegistryAutoConfiguration#apolloServiceRegistryHeartbeatApplicationRunner(ApolloServiceRegistryProperties,DatabaseServiceRegistry):ApolloServiceRegistryHeartbeatApplicationRunner	043628862e824e81ae6a	455	648	1114	279
METHOD_EXIT	com.ctrip.framework.apollo.biz.registry.configuration.ApolloServiceDiscoveryAutoConfiguration#wrapMemoryCache(DatabaseDiscoveryClient):DatabaseDiscoveryClient	ba65a3e9f59bb3b8d3bc	455	611	1077	282
METHOD_EXIT	com.ctrip.framework.apollo.biz.registry.configuration.ApolloServiceRegistryAutoConfiguration#apolloServiceRegistryDeregisterApplicationListener(ApolloServiceRegistryProperties,DatabaseServiceRegistry):ApolloServiceRegistryDeregisterApplicationListener	02b13c9f8a353f97e432	455	654	1120	259
METHOD_EXIT	com.ctrip.framework.apollo.biz.registry.configuration.ApolloServiceRegistryAutoConfiguration#databaseServiceRegistry(ServiceRegistryService):DatabaseServiceRegistry	be93706a2bc8d1a630fd	455	610	1076	174
METHOD_ENTRY	com.ctrip.framework.apollo.biz.registry.configuration.ApolloServiceDiscoveryAutoConfiguration#wrapMemoryCache(DatabaseDiscoveryClient):DatabaseDiscoveryClient	f3f9ff7039404fad3b82	413	532	956	254
METHOD_ENTRY	com.ctrip.framework.apollo.biz.registry.configuration.ApolloServiceRegistryAutoConfiguration#databaseServiceRegistry(ServiceRegistryService):DatabaseServiceRegistry	c9e6da0db32ec88ee830	413	531	955	62
METHOD_ENTRY	com.ctrip.framework.apollo.biz.registry.configuration.ApolloServiceRegistryAutoConfiguration#apolloServiceRegistryHeartbeatApplicationRunner(ApolloServiceRegistryProperties,DatabaseServiceRegistry):ApolloServiceRegistryHeartbeatApplicationRunner	efe9cdbe7b5bab9f4fe2	413	566	990	216
METHOD_ENTRY	com.ctrip.framework.apollo.biz.registry.configuration.ApolloServiceDiscoveryAutoConfiguration#wrapAlwaysAddSelfInstance(DatabaseDiscoveryClient,ServiceInstance):DatabaseDiscoveryClient	4ce3306b32e55ce1e035	413	542	966	216
METHOD_EXIT	com.ctrip.framework.apollo.biz.registry.configuration.ApolloServiceDiscoveryAutoConfiguration#wrapAlwaysAddSelfInstance(DatabaseDiscoveryClient,ServiceInstance):DatabaseDiscoveryClient	f9ffbb302974dcad6886	455	621	1087	314
METHOD_ENTRY	com.ctrip.framework.apollo.biz.registry.configuration.ApolloServiceRegistryAutoConfiguration#apolloServiceRegistryDeregisterApplicationListener(ApolloServiceRegistryProperties,DatabaseServiceRegistry):ApolloServiceRegistryDeregisterApplicationListener	f43c55f296cf7d7ee70f	413	571	995	291
METHOD_ENTRY	com.ctrip.framework.apollo.biz.registry.DatabaseDiscoveryClientAlwaysAddSelfInstanceDecoratorImpl#containSelf(List<ServiceInstance>,ServiceInstance):boolean	9aaa07779776978af1fa	413	644	1068	315
METHOD_EXIT	com.ctrip.framework.apollo.biz.registry.configuration.ApolloServiceDiscoveryAutoConfiguration#databaseDiscoveryClient(ApolloServiceDiscoveryProperties,ServiceInstance,ServiceRegistryService):DatabaseDiscoveryClient	bd6a67a0783a00d473fe	455	679	1145	227
METHOD_EXIT	com.ctrip.framework.apollo.biz.registry.configuration.ApolloServiceDiscoveryAutoConfiguration#apolloServiceRegistryClearApplicationRunner(ServiceRegistryService):ApolloServiceRegistryClearApplicationRunner	0773d8378c7123b1b674	455	622	1088	188
METHOD_ENTRY	com.ctrip.framework.apollo.biz.registry.configuration.ApolloServiceDiscoveryAutoConfiguration#apolloServiceRegistryClearApplicationRunner(ServiceRegistryService):ApolloServiceRegistryClearApplicationRunner	073de70e29592dc14c9d	413	540	964	55
METHOD_ENTRY	com.ctrip.framework.apollo.biz.registry.DatabaseDiscoveryClientAlwaysAddSelfInstanceDecoratorImpl#getInstances(String):List<ServiceInstance>	cf92268b054018d48b8f	413	643	1067	207
METHOD_ENTRY	com.ctrip.framework.apollo.biz.registry.configuration.ApolloServiceDiscoveryAutoConfiguration#databaseDiscoveryClient(ApolloServiceDiscoveryProperties,ServiceInstance,ServiceRegistryService):DatabaseDiscoveryClient	4ec5cc638d9b62a9e5c5	413	600	1024	185
METHOD_EXIT	com.ctrip.framework.apollo.biz.registry.DatabaseDiscoveryClientAlwaysAddSelfInstanceDecoratorImpl#getInstances(String):List<ServiceInstance>	991306646c4523a7c72b	455	722	1188	310
METHOD_ENTRY	com.ctrip.framework.apollo.biz.registry.DatabaseDiscoveryClientImpl#convert(ServiceRegistry):ApolloServiceRegistryProperties	a8e7b5b495d52bfac9a2	413	540	964	201
METHOD_EXIT	com.ctrip.framework.apollo.biz.registry.DatabaseDiscoveryClientImpl#convert(ServiceRegistry):ApolloServiceRegistryProperties	5ac65a51f68c115132a0	455	620	1086	252
METHOD_EXIT	com.ctrip.framework.apollo.biz.registry.DatabaseDiscoveryClientImpl#getInstances(String):List<ServiceInstance>	a1d39bca8421aef7568a	455	689	1155	290
METHOD_EXIT	com.ctrip.framework.apollo.biz.registry.DatabaseDiscoveryClientAlwaysAddSelfInstanceDecoratorImpl#containSelf(List<ServiceInstance>,ServiceInstance):boolean	649723e2f038d15bd2ec	455	721	1187	379
METHOD_EXIT	com.ctrip.framework.apollo.biz.registry.DatabaseDiscoveryClientImpl#filterByCluster(List<ServiceRegistry>,String):List<ServiceRegistry>	4dcf01c9d822de142922	455	616	1082	304
METHOD_ENTRY	com.ctrip.framework.apollo.biz.registry.DatabaseServiceRegistryImpl#convert(ServiceInstance):ServiceRegistry	341ed88750b2ea79ac67	413	503	927	261
METHOD_ENTRY	com.ctrip.framework.apollo.biz.registry.DatabaseServiceRegistryImpl#register(ServiceInstance):void	e7100146f422a56b06f8	413	474	898	249
METHOD_ENTRY	com.ctrip.framework.apollo.biz.registry.DatabaseDiscoveryClientImpl#getInstances(String):List<ServiceInstance>	32c099758c456092c55e	413	610	1034	251
METHOD_ENTRY	com.ctrip.framework.apollo.biz.registry.DatabaseDiscoveryClientImpl#filterByCluster(List<ServiceRegistry>,String):List<ServiceRegistry>	ff16d9421cfbdc829fe8	413	537	961	257
METHOD_EXIT	com.ctrip.framework.apollo.biz.registry.DatabaseServiceRegistryImpl#convert(ServiceInstance):ServiceRegistry	62f75437536ba99ef7d1	455	581	1047	269
METHOD_EXIT	com.ctrip.framework.apollo.biz.registry.DatabaseServiceRegistryImpl#deregister(ServiceInstance):void	f21c78f5b61643a098d8	455	479	945	261
METHOD_EXIT	com.ctrip.framework.apollo.biz.registry.DatabaseServiceRegistryImpl#register(ServiceInstance):void	82d96327f04947b36c45	455	485	951	277
METHOD_ENTRY	com.ctrip.framework.apollo.biz.registry.DatabaseDiscoveryClientMemoryCacheDecoratorImpl#init():void	413969c73093fd21c8d2	413	718	1142	113
METHOD_ENTRY	com.ctrip.framework.apollo.biz.registry.DatabaseServiceRegistryImpl#deregister(ServiceInstance):void	f56671862a58f75373dd	413	468	892	164
METHOD_EXIT	com.ctrip.framework.apollo.biz.registry.DatabaseDiscoveryClientMemoryCacheDecoratorImpl#init():void	edcdc3e9045017161d54	455	729	1195	269
METHOD_ENTRY	com.ctrip.framework.apollo.biz.registry.DatabaseDiscoveryClientMemoryCacheDecoratorImpl#updateCacheTask():void	c585b62244dc48bac398	413	618	1042	309
METHOD_EXIT	com.ctrip.framework.apollo.biz.registry.DatabaseDiscoveryClientMemoryCacheDecoratorImpl#updateCacheTask():void	46cf85e3fea1c509cb86	455	629	1095	265
METHOD_ENTRY	com.ctrip.framework.apollo.biz.eureka.ApolloEurekaClientConfig#getEurekaServerServiceUrls(String):List<String>	fe40d3e67668a9836486	413	549	973	218
METHOD_ENTRY	com.ctrip.framework.apollo.biz.eureka.ApolloEurekaClientConfig#listenApplicationReadyEvent(ApplicationReadyEvent):void	a2db20c07f45f73543d1	413	519	943	312
METHOD_EXIT	com.ctrip.framework.apollo.biz.registry.DatabaseDiscoveryClientMemoryCacheDecoratorImpl#readFromDatabase(String):List<ServiceInstance>	44b7654375ce291ec052	455	651	1117	290
METHOD_ENTRY	com.ctrip.framework.apollo.biz.registry.DatabaseDiscoveryClientMemoryCacheDecoratorImpl#readFromDatabase(String):List<ServiceInstance>	107883eb010c35398e2c	413	572	996	245
METHOD_EXIT	com.ctrip.framework.apollo.biz.eureka.ApolloEurekaClientConfig#getEurekaServerServiceUrls(String):List<String>	a6cc754b381943e950c7	455	627	1093	314
METHOD_ENTRY	com.ctrip.framework.apollo.biz.eureka.ApolloEurekaClientConfig#equals(Object):boolean	c599c3ace78837e630c4	413	504	928	251
METHOD_EXIT	com.ctrip.framework.apollo.biz.eureka.ApolloEurekaClientConfig#listenApplicationReadyEvent(ApplicationReadyEvent):void	0a64ee48ac94099b0356	455	530	996	107
METHOD_ENTRY	com.ctrip.framework.apollo.biz.registry.DatabaseDiscoveryClientMemoryCacheDecoratorImpl#getInstances(String):List<ServiceInstance>	99518f87799f33fb5ae8	413	631	1055	270
METHOD_EXIT	com.ctrip.framework.apollo.biz.eureka.ApolloEurekaClientConfig#refreshEurekaClient():void	6754dbf9e859edbd1c33	455	546	1012	307
METHOD_ENTRY	com.ctrip.framework.apollo.biz.grayReleaseRule.GrayReleaseRuleCache#getRuleId():long	19d89d102b16129af3d4	413	590	1014	183
METHOD_EXIT	com.ctrip.framework.apollo.biz.grayReleaseRule.GrayReleaseRuleCache#getRuleId():long	4347ab2892cd5619b58c	455	664	1130	166
METHOD_EXIT	com.ctrip.framework.apollo.biz.eureka.ApolloEurekaClientConfig#equals(Object):boolean	a7ad6e79d6db7d223794	455	581	1047	276
METHOD_ENTRY	com.ctrip.framework.apollo.biz.eureka.ApolloEurekaClientConfig#refreshEurekaClient():void	3cb011f082f8963c6003	413	535	959	200
METHOD_ENTRY	com.ctrip.framework.apollo.biz.grayReleaseRule.GrayReleaseRuleCache#getBranchStatus():int	aa2236cc29ca2049fdbf	413	590	1014	178
METHOD_EXIT	com.ctrip.framework.apollo.biz.registry.DatabaseDiscoveryClientMemoryCacheDecoratorImpl#getInstances(String):List<ServiceInstance>	d3e6936983b6aa52a344	455	710	1176	274
METHOD_EXIT	com.ctrip.framework.apollo.biz.grayReleaseRule.GrayReleaseRuleCache#getBranchStatus():int	cf714bc34c8136200a97	455	664	1130	195
METHOD_ENTRY	com.ctrip.framework.apollo.biz.grayReleaseRule.GrayReleaseRuleCache#getBranchName():String	beb8dac53a358472a099	413	590	1014	266
METHOD_ENTRY	com.ctrip.framework.apollo.biz.grayReleaseRule.GrayReleaseRuleCache#getRuleItems():Set<GrayReleaseRuleItemDTO>	083d9993493058d00472	413	604	1028	200
METHOD_EXIT	com.ctrip.framework.apollo.biz.grayReleaseRule.GrayReleaseRuleCache#getRuleItems():Set<GrayReleaseRuleItemDTO>	91bf438ad3f42093816e	455	684	1150	291
METHOD_EXIT	com.ctrip.framework.apollo.biz.grayReleaseRule.GrayReleaseRuleCache#getReleaseId():long	202c4c21068befc86da8	455	664	1130	88
METHOD_ENTRY	com.ctrip.framework.apollo.biz.grayReleaseRule.GrayReleaseRuleCache#getReleaseId():long	2c4ce40aefb35f3a259a	413	590	1014	177
METHOD_ENTRY	com.ctrip.framework.apollo.biz.grayReleaseRule.GrayReleaseRuleCache#setLoadVersion(long):void	8bd52fc9eccec701f696	413	600	1024	215
METHOD_ENTRY	com.ctrip.framework.apollo.biz.grayReleaseRule.GrayReleaseRuleCache#getLoadVersion():long	07d5edabafed8e23af00	413	590	1014	193
METHOD_EXIT	com.ctrip.framework.apollo.biz.grayReleaseRule.GrayReleaseRuleCache#getBranchName():String	aadcc177cf6fc8369784	455	664	1130	306
METHOD_ENTRY	com.ctrip.framework.apollo.biz.grayReleaseRule.GrayReleaseRuleCache#matches(String,String,String):boolean	a6d39c58c82a9ddfbddf	413	657	1081	255
METHOD_EXIT	com.ctrip.framework.apollo.biz.grayReleaseRule.GrayReleaseRuleCache#setLoadVersion(long):void	4b3b83cfa8ba2b8b733e	455	611	1077	252
METHOD_ENTRY	com.ctrip.framework.apollo.biz.grayReleaseRule.GrayReleaseRuleCache#getNamespaceName():String	827236578acf18f2cfb0	413	590	1014	207
METHOD_EXIT	com.ctrip.framework.apollo.biz.grayReleaseRule.GrayReleaseRuleCache#getNamespaceName():String	5512df328dc58c19cae0	455	664	1130	186
METHOD_ENTRY	com.ctrip.framework.apollo.biz.grayReleaseRule.GrayReleaseRuleCache#compareTo(GrayReleaseRuleCache):int	9e914819d812c7f0a79f	413	615	1039	239
METHOD_EXIT	com.ctrip.framework.apollo.biz.grayReleaseRule.GrayReleaseRuleCache#getLoadVersion():long	8ec4c7c36c779452d4e8	455	664	1130	112
METHOD_EXIT	com.ctrip.framework.apollo.biz.grayReleaseRule.GrayReleaseRuleCache#compareTo(GrayReleaseRuleCache):int	569df467ec5a60f3b75b	455	692	1158	245
METHOD_EXIT	com.ctrip.framework.apollo.biz.grayReleaseRule.GrayReleaseRuleCache#matches(String,String,String):boolean	f21e2670c36af8965c2c	455	734	1200	335
METHOD_ENTRY	com.ctrip.framework.apollo.biz.grayReleaseRule.GrayReleaseRulesHolder#periodicScanRules():void	e1c29b7f0ef3d97159bf	413	889	1313	247
METHOD_ENTRY	com.ctrip.framework.apollo.biz.grayReleaseRule.GrayReleaseRulesHolder#handleMessage(ReleaseMessage,String):void	289f929e44ca38e8029b	413	994	1418	289
METHOD_EXIT	com.ctrip.framework.apollo.biz.grayReleaseRule.GrayReleaseRulesHolder#periodicScanRules():void	9bb941795c75450705bf	455	900	1366	276
METHOD_EXIT	com.ctrip.framework.apollo.biz.grayReleaseRule.GrayReleaseRulesHolder#afterPropertiesSet():void	82dbf57dae67e6ca9bda	455	877	1343	302
METHOD_EXIT	com.ctrip.framework.apollo.biz.grayReleaseRule.GrayReleaseRulesHolder#handleMessage(ReleaseMessage,String):void	3a45b2af7ed4e626b408	455	1005	1471	293
METHOD_ENTRY	com.ctrip.framework.apollo.biz.grayReleaseRule.GrayReleaseRulesHolder#findReleaseIdFromGrayReleaseRule(String,String,String,String,String,String):Long	e4df659f6103e62fad60	413	1025	1449	272
METHOD_ENTRY	com.ctrip.framework.apollo.biz.grayReleaseRule.GrayReleaseRulesHolder#afterPropertiesSet():void	6c565c222233cf4f9b9a	413	866	1290	222
METHOD_ENTRY	com.ctrip.framework.apollo.biz.grayReleaseRule.GrayReleaseRulesHolder#hasGrayReleaseRule(String,String,String,String):boolean	9640daacdb3ecb642934	413	1027	1451	224
METHOD_EXIT	com.ctrip.framework.apollo.biz.grayReleaseRule.GrayReleaseRulesHolder#findReleaseIdFromGrayReleaseRule(String,String,String,String,String,String):Long	5b7aa3d8573582033b33	455	1102	1568	353
METHOD_EXIT	com.ctrip.framework.apollo.biz.grayReleaseRule.GrayReleaseRulesHolder#hasGrayReleaseRule(String,String,String,String):boolean	384e38528d54751b0b44	455	1104	1570	666
METHOD_EXIT	com.ctrip.framework.apollo.biz.grayReleaseRule.GrayReleaseRulesHolder#addCache(String,GrayReleaseRuleCache):void	e85398f612afa4985ab5	455	1012	1478	325
METHOD_ENTRY	com.ctrip.framework.apollo.biz.grayReleaseRule.GrayReleaseRulesHolder#mergeGrayReleaseRules(List<GrayReleaseRule>):void	340f82cdecb2957e9e66	413	1223	1647	338
METHOD_EXIT	com.ctrip.framework.apollo.biz.grayReleaseRule.GrayReleaseRulesHolder#mergeGrayReleaseRules(List<GrayReleaseRule>):void	19a034e1f9d351732f5e	455	1234	1700	369
METHOD_ENTRY	com.ctrip.framework.apollo.biz.grayReleaseRule.GrayReleaseRulesHolder#addCache(String,GrayReleaseRuleCache):void	686dcf563d0e63c3dfef	413	1001	1425	303
METHOD_ENTRY	com.ctrip.framework.apollo.biz.grayReleaseRule.GrayReleaseRulesHolder#scanGrayReleaseRules():void	ca5e6a378470ac7b2fba	413	951	1375	260
METHOD_ENTRY	com.ctrip.framework.apollo.biz.grayReleaseRule.GrayReleaseRulesHolder#transformRuleToRuleCache(GrayReleaseRule):GrayReleaseRuleCache	194e897fa77d08ed1d66	413	965	1389	272
METHOD_EXIT	com.ctrip.framework.apollo.biz.grayReleaseRule.GrayReleaseRulesHolder#scanGrayReleaseRules():void	15f8a74683d337700a96	455	962	1428	278
METHOD_ENTRY	com.ctrip.framework.apollo.biz.grayReleaseRule.GrayReleaseRulesHolder#populateDataBaseInterval():void	4fec2d89707d3fc594a4	413	822	1246	214
METHOD_ENTRY	com.ctrip.framework.apollo.biz.grayReleaseRule.GrayReleaseRulesHolder#removeCache(String,GrayReleaseRuleCache):void	1c151a6387f345a249e1	413	982	1406	291
METHOD_EXIT	com.ctrip.framework.apollo.biz.grayReleaseRule.GrayReleaseRulesHolder#getDatabaseScanIntervalSecond():int	f60b1198f419bb5e926f	455	890	1356	104
METHOD_EXIT	com.ctrip.framework.apollo.biz.grayReleaseRule.GrayReleaseRulesHolder#populateDataBaseInterval():void	5e2dfe8d3a8f0430c264	455	833	1299	141
METHOD_EXIT	com.ctrip.framework.apollo.biz.grayReleaseRule.GrayReleaseRulesHolder#getDatabaseScanTimeUnit():TimeUnit	ce4ef1149878443abe04	455	893	1359	90
METHOD_EXIT	com.ctrip.framework.apollo.biz.grayReleaseRule.GrayReleaseRulesHolder#removeCache(String,GrayReleaseRuleCache):void	9243d25d7a3dacbb0085	455	993	1459	268
METHOD_EXIT	com.ctrip.framework.apollo.biz.grayReleaseRule.GrayReleaseRulesHolder#transformRuleToRuleCache(GrayReleaseRule):GrayReleaseRuleCache	5790371b10eb00419305	455	1045	1511	314
METHOD_ENTRY	com.ctrip.framework.apollo.biz.grayReleaseRule.GrayReleaseRulesHolder#getDatabaseScanIntervalSecond():int	8e9d0b2a65b758ba43a4	413	816	1240	41
METHOD_EXIT	com.ctrip.framework.apollo.biz.grayReleaseRule.GrayReleaseRulesHolder#assembleGrayReleaseRuleKey(String,String,String):String	9c7d59c63d4c2a2331b9	455	939	1405	263
METHOD_ENTRY	com.ctrip.framework.apollo.biz.grayReleaseRule.GrayReleaseRulesHolder#getDatabaseScanTimeUnit():TimeUnit	90e280f7b5a28ceaeee9	413	818	1242	266
METHOD_EXIT	com.ctrip.framework.apollo.biz.grayReleaseRule.GrayReleaseRulesHolder#assembleReversedGrayReleaseRuleKey(String,String,String):String	c7552e043c379fa8a87a	455	949	1415	312
METHOD_EXIT	com.ctrip.framework.apollo.biz.utils.ConfigChangeContentBuilder#createItem(Item):ConfigChangeContentBuilder	d6e04ea6047eb74c9666	455	665	1131	340
METHOD_ENTRY	com.ctrip.framework.apollo.biz.utils.ConfigChangeContentBuilder#createItem(Item):ConfigChangeContentBuilder	de2c7f531c4419522384	413	585	1009	265
METHOD_EXIT	com.ctrip.framework.apollo.biz.utils.ConfigChangeContentBuilder#updateItem(Item,Item):ConfigChangeContentBuilder	31a346baef54b1c3a547	455	702	1168	302
METHOD_EXIT	com.ctrip.framework.apollo.biz.utils.ConfigChangeContentBuilder#deleteItem(Item):ConfigChangeContentBuilder	12cb3171687d5b6d5e24	455	666	1132	212
METHOD_ENTRY	com.ctrip.framework.apollo.biz.utils.ConfigChangeContentBuilder#deleteItem(Item):ConfigChangeContentBuilder	c9a0075c1aac90a22cb9	413	586	1010	266
METHOD_ENTRY	com.ctrip.framework.apollo.biz.grayReleaseRule.GrayReleaseRulesHolder#assembleReversedGrayReleaseRuleKey(String,String,String):String	bd6edda2da1e83af2dc3	413	872	1296	398
METHOD_ENTRY	com.ctrip.framework.apollo.biz.utils.ConfigChangeContentBuilder#hasContent():boolean	3b6cb94fd4feeeee233c	413	570	994	237
METHOD_EXIT	com.ctrip.framework.apollo.biz.utils.ConfigChangeContentBuilder#build():String	4d19c2539bb0f6a4ebee	455	729	1195	297
METHOD_ENTRY	com.ctrip.framework.apollo.biz.utils.ConfigChangeContentBuilder#updateItem(Item,Item):ConfigChangeContentBuilder	6b564a999ec74a4a6f59	413	622	1046	291
METHOD_ENTRY	com.ctrip.framework.apollo.biz.grayReleaseRule.GrayReleaseRulesHolder#assembleGrayReleaseRuleKey(String,String,String):String	d548a93a891c7e96dee9	413	862	1286	283
METHOD_ENTRY	com.ctrip.framework.apollo.biz.utils.ConfigChangeContentBuilder#build():String	d76a9a4a55b7365f9898	413	655	1079	188
METHOD_EXIT	com.ctrip.framework.apollo.biz.utils.ConfigChangeContentBuilder#hasContent():boolean	0391d979d009cecb4919	455	644	1110	220
METHOD_EXIT	com.ctrip.framework.apollo.biz.utils.ConfigChangeContentBuilder#convertJsonString(String):ConfigChangeContentBuilder	63720a4d4fa74426ed21	455	656	1122	253
METHOD_ENTRY	com.ctrip.framework.apollo.biz.utils.ConfigChangeContentBuilder#getUpdateItems():List<ItemPair>	63f08b5d17cb16c52138	413	560	984	98
METHOD_ENTRY	com.ctrip.framework.apollo.biz.utils.ConfigChangeContentBuilder#getDeleteItems():List<Item>	a88dd80a144f044839c5	413	558	982	250
METHOD_EXIT	com.ctrip.framework.apollo.biz.utils.ConfigChangeContentBuilder#cloneItem(Item):Item	66d96a0e95a886768391	455	649	1115	307
METHOD_ENTRY	com.ctrip.framework.apollo.biz.utils.ConfigChangeContentBuilder#convertJsonString(String):ConfigChangeContentBuilder	8094b9d5b4e2d1ab8c4f	413	576	1000	240
METHOD_ENTRY	com.ctrip.framework.apollo.biz.utils.ConfigChangeContentBuilder#cloneItem(Item):Item	2beedfde7e0b71ade663	413	572	996	179
METHOD_ENTRY	com.ctrip.framework.apollo.biz.utils.EntityManagerUtil#closeEntityManager():void	c9989b7351f6301e7167	413	525	949	205
METHOD_EXIT	com.ctrip.framework.apollo.biz.utils.ConfigChangeContentBuilder#getCreateItems():List<Item>	aafe38ebcdb14d8bff6a	455	633	1099	280
METHOD_ENTRY	com.ctrip.framework.apollo.biz.utils.ConfigChangeContentBuilder#getCreateItems():List<Item>	0b339fa0b912c68e5d5e	413	558	982	210
METHOD_EXIT	com.ctrip.framework.apollo.biz.utils.ConfigChangeContentBuilder#getUpdateItems():List<ItemPair>	decc4a6160669d531634	455	636	1102	240
METHOD_EXIT	com.ctrip.framework.apollo.biz.utils.ConfigChangeContentBuilder#getDeleteItems():List<Item>	81237578dcbe0477fc1c	455	633	1099	208
METHOD_EXIT	com.ctrip.framework.apollo.biz.utils.ReleaseKeyGenerator#generateReleaseKey(Namespace):String	cd9985cf7ac82275a1a5	455	559	1025	280
METHOD_ENTRY	com.ctrip.framework.apollo.biz.utils.ReleaseMessageKeyGenerator#messageToList(String):List<String>	a74755245425db08ad3c	413	520	944	308
METHOD_EXIT	com.ctrip.framework.apollo.biz.utils.ReleaseMessageKeyGenerator#generate(String,String,String):String	002f2f5915e5d7abe110	455	562	1028	260
METHOD_EXIT	com.ctrip.framework.apollo.biz.utils.EntityManagerUtil#closeEntityManager():void	8dcdccc3ab09f50ee6e9	455	536	1002	61
METHOD_EXIT	com.ctrip.framework.apollo.biz.utils.ReleaseMessageKeyGenerator#messageToList(String):List<String>	6578aa34eb8b2a7015e2	455	598	1064	313
METHOD_ENTRY	com.ctrip.framework.apollo.biz.utils.ReleaseMessageKeyGenerator#generate(String,String,String):String	dd0008f7a5e56ba60531	413	485	909	306
METHOD_ENTRY	com.ctrip.framework.apollo.biz.utils.ReleaseKeyGenerator#generateReleaseKey(Namespace):String	76bf83368af385954f53	413	482	906	218
METHOD_ENTRY	com.ctrip.framework.apollo.biz.config.BizConfig#getRefreshablePropertySources():List<RefreshablePropertySource>	89603b682e7e7a66fd22	413	1294	1718	189
METHOD_ENTRY	com.ctrip.framework.apollo.biz.config.BizConfig#eurekaServiceUrls():List<String>	94350b39e3a5772a57d8	413	1314	1738	283
METHOD_EXIT	com.ctrip.framework.apollo.biz.config.BizConfig#longPollingTimeoutInMilli():long	36b03d79b3e1ace5e879	455	1423	1889	322
METHOD_ENTRY	com.ctrip.framework.apollo.biz.config.BizConfig#grayReleaseRuleScanInterval():int	f2ece55a5f450e3575c0	413	1316	1740	262
METHOD_ENTRY	com.ctrip.framework.apollo.biz.config.BizConfig#itemKeyLengthLimit():int	635711e788e65eeb3bae	413	1306	1730	207
METHOD_EXIT	com.ctrip.framework.apollo.biz.config.BizConfig#getRefreshablePropertySources():List<RefreshablePropertySource>	27a81f07d2a2f782d664	455	1373	1839	274
METHOD_EXIT	com.ctrip.framework.apollo.biz.config.BizConfig#itemKeyLengthLimit():int	7c408bd7f77f174710d9	455	1380	1846	128
METHOD_EXIT	com.ctrip.framework.apollo.biz.config.BizConfig#eurekaServiceUrls():List<String>	f7aac12a323cbd69683b	455	1389	1855	334
METHOD_EXIT	com.ctrip.framework.apollo.biz.config.BizConfig#grayReleaseRuleScanInterval():int	3a2a415539c13d435d13	455	1390	1856	284
METHOD_EXIT	com.ctrip.framework.apollo.biz.config.BizConfig#itemValueLengthLimit():int	40f35042cff3cfba3cd7	455	1380	1846	275
METHOD_ENTRY	com.ctrip.framework.apollo.biz.config.BizConfig#longPollingTimeoutInMilli():long	71cc254917a45ee9f7e3	413	1349	1773	256
METHOD_ENTRY	com.ctrip.framework.apollo.biz.config.BizConfig#namespaceValueLengthLimitOverride():Map<Long, Integer>	0cbc47991c1d358d1d71	413	1323	1747	137
METHOD_ENTRY	com.ctrip.framework.apollo.biz.config.BizConfig#appIdValueLengthLimitOverride():Map<String, Integer>	5f5465e558d49863c35f	413	1328	1752	96
METHOD_EXIT	com.ctrip.framework.apollo.biz.config.BizConfig#isNamespaceNumLimitEnabled():boolean	a72a3577b0b5935fc493	455	1359	1825	101
METHOD_ENTRY	com.ctrip.framework.apollo.biz.config.BizConfig#itemValueLengthLimit():int	6c2259eb523730aa4a90	413	1306	1730	225
METHOD_EXIT	com.ctrip.framework.apollo.biz.config.BizConfig#namespaceNumLimit():int	5618bc6d77a3b005ee4c	455	1377	1843	280
METHOD_EXIT	com.ctrip.framework.apollo.biz.config.BizConfig#namespaceValueLengthLimitOverride():Map<Long, Integer>	e1973465c805b1349c56	455	1400	1866	316
METHOD_EXIT	com.ctrip.framework.apollo.biz.config.BizConfig#appIdValueLengthLimitOverride():Map<String, Integer>	8f4788b1012680dc6eab	455	1405	1871	250
METHOD_ENTRY	com.ctrip.framework.apollo.biz.config.BizConfig#isNamespaceNumLimitEnabled():boolean	6823cb860a3f2391de5f	413	1285	1709	342
METHOD_ENTRY	com.ctrip.framework.apollo.biz.config.BizConfig#namespaceNumLimit():int	17466c046afef5b5a372	413	1303	1727	191
METHOD_EXIT	com.ctrip.framework.apollo.biz.config.BizConfig#namespaceNumLimitWhite():Set<String>	bb13a31e8e027df256a3	455	1380	1846	284
METHOD_EXIT	com.ctrip.framework.apollo.biz.config.BizConfig#isItemNumLimitEnabled():boolean	a0c86794565b90eeb9de	455	1359	1825	108
METHOD_ENTRY	com.ctrip.framework.apollo.biz.config.BizConfig#itemNumLimit():int	2da18af80d1b84f5e1db	413	1303	1727	271
METHOD_ENTRY	com.ctrip.framework.apollo.biz.config.BizConfig#isNamespaceLockSwitchOff():boolean	5ca158a6741ed0dc7e84	413	1285	1709	141
METHOD_ENTRY	com.ctrip.framework.apollo.biz.config.BizConfig#isItemNumLimitEnabled():boolean	22710034a5f29ad0c0df	413	1285	1709	165
METHOD_ENTRY	com.ctrip.framework.apollo.biz.config.BizConfig#appNamespaceCacheScanInterval():int	a9f02c503d13b364713e	413	1319	1743	278
METHOD_ENTRY	com.ctrip.framework.apollo.biz.config.BizConfig#namespaceNumLimitWhite():Set<String>	fcc1cff42ab653e11368	413	1305	1729	88
METHOD_EXIT	com.ctrip.framework.apollo.biz.config.BizConfig#itemNumLimit():int	9ab665e9f94575af4c19	455	1377	1843	193
METHOD_EXIT	com.ctrip.framework.apollo.biz.config.BizConfig#isNamespaceLockSwitchOff():boolean	ab3555e0046fdd6cc063	455	1359	1825	246
METHOD_EXIT	com.ctrip.framework.apollo.biz.config.BizConfig#appNamespaceCacheScanIntervalTimeUnit():TimeUnit	2af65ae4aa006721d7a2	455	1360	1826	188
METHOD_EXIT	com.ctrip.framework.apollo.biz.config.BizConfig#appNamespaceCacheScanInterval():int	9f97bff79d4e2e12bc2a	455	1393	1859	137
METHOD_EXIT	com.ctrip.framework.apollo.biz.config.BizConfig#appNamespaceCacheRebuildInterval():int	3c738ee71bdf482c93a0	455	1397	1863	166
METHOD_ENTRY	com.ctrip.framework.apollo.biz.config.BizConfig#appNamespaceCacheRebuildInterval():int	1ab30f37bd1e017ced3c	413	1323	1747	196
METHOD_ENTRY	com.ctrip.framework.apollo.biz.config.BizConfig#appNamespaceCacheRebuildIntervalTimeUnit():TimeUnit	7572c000f025bcaeea4b	413	1287	1711	127
METHOD_EXIT	com.ctrip.framework.apollo.biz.config.BizConfig#accessKeyCacheScanInterval():int	61ddd9ecfbccd2f74c8d	455	1390	1856	309
METHOD_ENTRY	com.ctrip.framework.apollo.biz.config.BizConfig#appNamespaceCacheScanIntervalTimeUnit():TimeUnit	efcd02504b1600cbfd67	413	1285	1709	104
METHOD_ENTRY	com.ctrip.framework.apollo.biz.config.BizConfig#isAccessKeyAutoProvisionEnabled():boolean	e091a3a727a5301033a3	413	1290	1714	322
METHOD_ENTRY	com.ctrip.framework.apollo.biz.config.BizConfig#accessKeyCacheScanInterval():int	68f8b36c67adbe5e0b9c	413	1316	1740	297
METHOD_EXIT	com.ctrip.framework.apollo.biz.config.BizConfig#appNamespaceCacheRebuildIntervalTimeUnit():TimeUnit	99f87e6348df462e08bf	455	1362	1828	175
METHOD_EXIT	com.ctrip.framework.apollo.biz.config.BizConfig#isAccessKeyAutoProvisionEnabled():boolean	c6fd0a66099530b6935b	455	1364	1830	230
METHOD_EXIT	com.ctrip.framework.apollo.biz.config.BizConfig#accessKeyCacheRebuildIntervalTimeUnit():TimeUnit	1baea2465922393b62e0	455	1362	1828	159
METHOD_ENTRY	com.ctrip.framework.apollo.biz.config.BizConfig#accessKeyCacheRebuildInterval():int	72fbf5a0e4bf076700d9	413	1320	1744	217
METHOD_ENTRY	com.ctrip.framework.apollo.biz.config.BizConfig#accessKeyCacheScanIntervalTimeUnit():TimeUnit	590af894f38d5cde716f	413	1285	1709	137
METHOD_EXIT	com.ctrip.framework.apollo.biz.config.BizConfig#accessKeyCacheRebuildInterval():int	af074323ba630821652e	455	1394	1860	204
METHOD_EXIT	com.ctrip.framework.apollo.biz.config.BizConfig#accessKeyCacheScanIntervalTimeUnit():TimeUnit	9bd06cba74087d3e352b	455	1360	1826	179
METHOD_ENTRY	com.ctrip.framework.apollo.biz.config.BizConfig#accessKeyCacheRebuildIntervalTimeUnit():TimeUnit	816cbdae5e2ec2694fda	413	1287	1711	86
METHOD_ENTRY	com.ctrip.framework.apollo.biz.config.BizConfig#accessKeyAuthTimeDiffTolerance():int	a9446895b6abb6904000	413	1335	1759	127
METHOD_EXIT	com.ctrip.framework.apollo.biz.config.BizConfig#releaseHistoryRetentionSize():int	9d185f34f2eb4509a62e	455	1387	1853	252
METHOD_ENTRY	com.ctrip.framework.apollo.biz.config.BizConfig#releaseHistoryRetentionSize():int	d7e471ef696b0e125c87	413	1313	1737	300
METHOD_ENTRY	com.ctrip.framework.apollo.biz.config.BizConfig#releaseMessageCacheScanInterval():int	9b49e2881a42456eade9	413	1316	1740	294
METHOD_EXIT	com.ctrip.framework.apollo.biz.config.BizConfig#releaseHistoryRetentionSizeOverride():Map<String, Integer>	6ffd1369840babeeab16	455	1398	1864	311
METHOD_EXIT	com.ctrip.framework.apollo.biz.config.BizConfig#accessKeyAuthTimeDiffTolerance():int	034fc9f22d990a7cbb3f	455	1409	1875	257
METHOD_ENTRY	com.ctrip.framework.apollo.biz.config.BizConfig#releaseHistoryRetentionSizeOverride():Map<String, Integer>	91478c2d1bf845639281	413	1321	1745	265
METHOD_ENTRY	com.ctrip.framework.apollo.biz.config.BizConfig#releaseMessageNotificationBatch():int	36acf7f07cf11f80eb4a	413	1310	1734	187
METHOD_ENTRY	com.ctrip.framework.apollo.biz.config.BizConfig#releaseMessageCacheScanIntervalTimeUnit():TimeUnit	e54e1cebe37789603af7	413	1285	1709	50
METHOD_ENTRY	com.ctrip.framework.apollo.biz.config.BizConfig#releaseMessageScanIntervalInMilli():int	5198345360d75a221246	413	1318	1742	281
METHOD_EXIT	com.ctrip.framework.apollo.biz.config.BizConfig#releaseMessageCacheScanInterval():int	59f5fd61eba781b8e3c4	455	1390	1856	253
METHOD_EXIT	com.ctrip.framework.apollo.biz.config.BizConfig#releaseMessageNotificationBatchIntervalInMilli():int	58a67ded177519a9ca28	455	1400	1866	223
METHOD_EXIT	com.ctrip.framework.apollo.biz.config.BizConfig#isConfigServiceCacheEnabled():boolean	475b8449847fd80b875a	455	1359	1825	164
METHOD_EXIT	com.ctrip.framework.apollo.biz.config.BizConfig#releaseMessageCacheScanIntervalTimeUnit():TimeUnit	a4b9683dccaaa15b5f4a	455	1360	1826	196
METHOD_EXIT	com.ctrip.framework.apollo.biz.config.BizConfig#releaseMessageScanIntervalInMilli():int	af5bacc01f19d5463dd1	455	1392	1858	329
METHOD_EXIT	com.ctrip.framework.apollo.biz.config.BizConfig#isConfigServiceCacheStatsEnabled():boolean	26222911cbe2e058d59c	455	1362	1828	274
METHOD_EXIT	com.ctrip.framework.apollo.biz.config.BizConfig#releaseMessageNotificationBatch():int	1ae39d5cd37387d60b64	455	1384	1850	174
METHOD_ENTRY	com.ctrip.framework.apollo.biz.config.BizConfig#isConfigServiceCacheKeyIgnoreCase():boolean	6f99de404931a2c60397	413	1291	1715	299
METHOD_ENTRY	com.ctrip.framework.apollo.biz.config.BizConfig#isConfigServiceCacheEnabled():boolean	de0068283135760e5eb4	413	1285	1709	200
METHOD_ENTRY	com.ctrip.framework.apollo.biz.config.BizConfig#releaseMessageNotificationBatchIntervalInMilli():int	3709962979121329107a	413	1326	1750	259
METHOD_EXIT	com.ctrip.framework.apollo.biz.config.BizConfig#getInstanceConfigAuditMaxSize():int	583dc24ba27619ad4228	455	1398	1864	270
METHOD_ENTRY	com.ctrip.framework.apollo.biz.config.BizConfig#isConfigServiceCacheStatsEnabled():boolean	c740d94dfc6b38419914	413	1288	1712	255
METHOD_EXIT	com.ctrip.framework.apollo.biz.config.BizConfig#getInstanceCacheMaxSize():int	199a49a1252436eaa20b	455	1387	1853	306
METHOD_ENTRY	com.ctrip.framework.apollo.biz.config.BizConfig#getInstanceConfigAuditTimeThresholdInMilli():long	74a657b8ea94ab56300f	413	1346	1770	185
METHOD_EXIT	com.ctrip.framework.apollo.biz.config.BizConfig#isConfigServiceCacheKeyIgnoreCase():boolean	2a4f8466ed9e8d923327	455	1365	1831	208
METHOD_ENTRY	com.ctrip.framework.apollo.biz.config.BizConfig#isConfigServiceIncrementalChangeEnabled():boolean	589ef66e852444e548ec	413	1291	1715	101
METHOD_ENTRY	com.ctrip.framework.apollo.biz.config.BizConfig#getInstanceConfigAuditMaxSize():int	92064a4fd6db803879ee	413	1324	1748	193
METHOD_EXIT	com.ctrip.framework.apollo.biz.config.BizConfig#getInstanceConfigCacheMaxSize():int	b66df45c2fe67a764942	455	1393	1859	237
METHOD_EXIT	com.ctrip.framework.apollo.biz.config.BizConfig#isConfigServiceIncrementalChangeEnabled():boolean	393abb3ead1ca0ae2b00	455	1365	1831	196
METHOD_ENTRY	com.ctrip.framework.apollo.biz.config.BizConfig#getInstanceCacheMaxSize():int	c4dccea3743d4d8e4329	413	1313	1737	344
METHOD_EXIT	com.ctrip.framework.apollo.biz.config.BizConfig#isAdminServiceAccessControlEnabled():boolean	1714af912a096c9825aa	455	1362	1828	118
METHOD_ENTRY	com.ctrip.framework.apollo.biz.config.BizConfig#getInstanceConfigCacheMaxSize():int	84ec7b7ffb219d9ea643	413	1319	1743	189
METHOD_EXIT	com.ctrip.framework.apollo.biz.config.BizConfig#getInstanceConfigAuditTimeThresholdInMilli():long	157e73fcc9ddcf91d6b2	455	1420	1886	251
METHOD_ENTRY	com.ctrip.framework.apollo.biz.config.BizConfig#isAdminServiceAccessControlEnabled():boolean	74f07fe20071f0b56b7b	413	1288	1712	116
METHOD_ENTRY	com.ctrip.framework.apollo.biz.message.DatabaseMessageSender#sendMessage(String,String):void	497cdcc0ad1f58f46365	413	702	1126	237
METHOD_EXIT	com.ctrip.framework.apollo.biz.config.BizConfig#getAdminServiceAccessTokens():String	f4394808b97389a051ec	455	1355	1821	262
METHOD_ENTRY	com.ctrip.framework.apollo.biz.config.BizConfig#parseOverrideConfig(String,Type,Predicate<V>):Map<K, V>	51e5e566c14a47941246	413	1446	1870	267
METHOD_ENTRY	com.ctrip.framework.apollo.biz.message.DatabaseMessageSender#stopClean():void	635d5eb8b015ed667d82	413	510	934	272
METHOD_EXIT	com.ctrip.framework.apollo.biz.message.DatabaseMessageSender#cleanMessage(Long):void	c8ccbdee82eff2861d50	455	678	1144	321
METHOD_EXIT	com.ctrip.framework.apollo.biz.message.DatabaseMessageSender#initialize():void	aa052e81cb319a0b21ee	455	604	1070	216
METHOD_EXIT	com.ctrip.framework.apollo.biz.message.DatabaseMessageSender#sendMessage(String,String):void	85bb636b4a4ffb6993bd	455	713	1179	299
METHOD_ENTRY	com.ctrip.framework.apollo.biz.message.DatabaseMessageSender#cleanMessage(Long):void	87f6ddcff1b247f89b01	413	667	1091	235
METHOD_EXIT	com.ctrip.framework.apollo.biz.message.DatabaseMessageSender#stopClean():void	13738f4c48de8f34bebf	455	521	987	189
METHOD_ENTRY	com.ctrip.framework.apollo.biz.message.DatabaseMessageSender#initialize():void	fbdf84a07393ed444ca3	413	593	1017	218
METHOD_ENTRY	com.ctrip.framework.apollo.biz.message.ReleaseMessageScanner#afterPropertiesSet():void	8c34c5738d041bd0ffb6	413	794	1218	240
METHOD_ENTRY	com.ctrip.framework.apollo.biz.config.BizConfig#getAdminServiceAccessTokens():String	c8356281f7bce899814f	413	1281	1705	308
METHOD_EXIT	com.ctrip.framework.apollo.biz.config.BizConfig#parseOverrideConfig(String,Type,Predicate<V>):Map<K, V>	b274c83d9d6316f6f7e6	455	1526	1992	313
METHOD_ENTRY	com.ctrip.framework.apollo.biz.message.ReleaseMessageScanner#scanMessages():void	cd3f3e14cf9eebd13046	413	700	1124	176
METHOD_ENTRY	com.ctrip.framework.apollo.biz.message.ReleaseMessageScanner#scanAndSendMessages():boolean	be1f60998bb310a583ae	413	839	1263	257
METHOD_EXIT	com.ctrip.framework.apollo.biz.message.ReleaseMessageScanner#scanMissingMessages():void	0acf0374e1f51ebe5dd2	455	755	1221	308
METHOD_EXIT	com.ctrip.framework.apollo.biz.message.ReleaseMessageScanner#addMessageListener(ReleaseMessageListener):void	b2c1e74d0869f0d5d10d	455	705	1171	199
METHOD_EXIT	com.ctrip.framework.apollo.biz.message.ReleaseMessageScanner#afterPropertiesSet():void	3364994aee8185ebe3c6	455	805	1271	275
METHOD_ENTRY	com.ctrip.framework.apollo.biz.message.ReleaseMessageScanner#scanMissingMessages():void	795281021b853d350eb3	413	744	1168	209
METHOD_EXIT	com.ctrip.framework.apollo.biz.message.ReleaseMessageScanner#scanMessages():void	9f6cf6a4b6e46934a4a8	455	711	1177	193
METHOD_ENTRY	com.ctrip.framework.apollo.biz.message.ReleaseMessageScanner#addMessageListener(ReleaseMessageListener):void	5be9b24866800070c74e	413	694	1118	179
METHOD_EXIT	com.ctrip.framework.apollo.biz.message.ReleaseMessageScanner#scanAndSendMessages():boolean	15cf2236c0a844c39d49	455	913	1379	342
METHOD_EXIT	com.ctrip.framework.apollo.biz.message.ReleaseMessageScanner#loadLargestMessageId():long	9baea1a0676c496c430e	455	774	1240	271
METHOD_EXIT	com.ctrip.framework.apollo.biz.message.ReleaseMessageScanner#growAndCleanMissingMessages():void	1eddcb2cc4f0c22dd9ce	455	756	1222	272
METHOD_ENTRY	com.ctrip.framework.apollo.biz.message.ReleaseMessageScanner#growAndCleanMissingMessages():void	1dbd2ddce1af837c32e1	413	745	1169	238
METHOD_ENTRY	com.ctrip.framework.apollo.biz.entity.Privilege#getName():String	9986a7f3c9466639a4a6	413	491	915	234
METHOD_ENTRY	com.ctrip.framework.apollo.biz.message.ReleaseMessageScanner#recordMissingReleaseMessageIds(List<ReleaseMessage>,long):void	c51fe23e20c41c39f2b9	413	774	1198	303
METHOD_ENTRY	com.ctrip.framework.apollo.biz.message.ReleaseMessageScanner#loadLargestMessageId():long	f1d5af075f670bb9e148	413	700	1124	199
METHOD_EXIT	com.ctrip.framework.apollo.biz.entity.Privilege#getNamespaceId():long	f238744e0aaa936c8fcf	455	568	1034	206
METHOD_EXIT	com.ctrip.framework.apollo.biz.message.ReleaseMessageScanner#recordMissingReleaseMessageIds(List<ReleaseMessage>,long):void	6ae294b3c6ff3fde8200	455	785	1251	295
METHOD_ENTRY	com.ctrip.framework.apollo.biz.entity.Privilege#getPrivilType():String	d104213a3e50413fd72d	413	496	920	264
METHOD_EXIT	com.ctrip.framework.apollo.biz.entity.Privilege#getName():String	2d0abab04f277da469f0	455	565	1031	264
METHOD_ENTRY	com.ctrip.framework.apollo.biz.entity.Privilege#setName(String):void	7f7ae750b17adbf2943d	413	498	922	151
METHOD_ENTRY	com.ctrip.framework.apollo.biz.entity.Privilege#getNamespaceId():long	1a6734d6a8ea7241be2d	413	494	918	48
METHOD_ENTRY	com.ctrip.framework.apollo.biz.entity.Privilege#setNamespaceId(long):void	e34caee3173e7c1bb1db	413	504	928	46
METHOD_ENTRY	com.ctrip.framework.apollo.biz.entity.Privilege#setPrivilType(String):void	869c1e2eb5bce8b48f75	413	507	931	295
METHOD_ENTRY	com.ctrip.framework.apollo.biz.message.ReleaseMessageScanner#fireMessageScanned(Iterable<ReleaseMessage>):void	01fbb0e471f32f937b9a	413	759	1183	266
METHOD_EXIT	com.ctrip.framework.apollo.biz.entity.Privilege#setName(String):void	1b550b5f49fa0cc285a9	455	509	975	211
METHOD_ENTRY	com.ctrip.framework.apollo.biz.entity.Privilege#toString():String	d2e892fb11998c7eb981	413	525	949	282
METHOD_EXIT	com.ctrip.framework.apollo.biz.message.ReleaseMessageScanner#fireMessageScanned(Iterable<ReleaseMessage>):void	5f161e30127f9cce5b9f	455	770	1236	252
METHOD_EXIT	com.ctrip.framework.apollo.biz.entity.Privilege#toString():String	8f57b54cdb7e83f10add	455	599	1065	273
METHOD_EXIT	com.ctrip.framework.apollo.biz.entity.Privilege#setNamespaceId(long):void	fdbd33d04a60256777a6	455	515	981	158
METHOD_EXIT	com.ctrip.framework.apollo.biz.entity.Privilege#getPrivilType():String	0445a0e51904aa382997	455	570	1036	308
METHOD_EXIT	com.ctrip.framework.apollo.biz.entity.Privilege#setPrivilType(String):void	f3dd5985da15e3421f73	455	518	984	129
METHOD_ENTRY	com.ctrip.framework.apollo.biz.entity.JpaMapFieldJsonConverter#convertToEntityAttribute(String):Map<String, String>	6c5eadd6c5f51e90f196	413	489	913	204
METHOD_ENTRY	com.ctrip.framework.apollo.biz.entity.Release#getReleaseKey():String	e30205f4c04cdbcd63df	413	639	1063	235
METHOD_ENTRY	com.ctrip.framework.apollo.biz.entity.JpaMapFieldJsonConverter#convertToDatabaseColumn(Map<String, String>):String	a746c759088aadba0478	413	486	910	273
METHOD_EXIT	com.ctrip.framework.apollo.biz.entity.JpaMapFieldJsonConverter#convertToDatabaseColumn(Map<String, String>):String	09edaed353d5455abd7d	455	563	1029	333
METHOD_ENTRY	com.ctrip.framework.apollo.biz.entity.Release#getClusterName():String	92f2a7c3cfcce83bdfce	413	639	1063	183
METHOD_EXIT	com.ctrip.framework.apollo.biz.entity.Release#getClusterName():String	c309ad75291508d5416f	455	713	1179	252
METHOD_EXIT	com.ctrip.framework.apollo.biz.entity.JpaMapFieldJsonConverter#convertToEntityAttribute(String):Map<String, String>	49ebceeaa266647653de	455	569	1035	366
METHOD_EXIT	com.ctrip.framework.apollo.biz.entity.Release#getReleaseKey():String	96556af32140a4bcea19	455	713	1179	222
METHOD_ENTRY	com.ctrip.framework.apollo.biz.entity.Release#getConfigurations():String	d1aa86f1d61d9885f20a	413	636	1060	226
METHOD_EXIT	com.ctrip.framework.apollo.biz.entity.Release#getAppId():String	04b4716a174a91e471ce	455	713	1179	255
METHOD_EXIT	com.ctrip.framework.apollo.biz.entity.Release#getConfigurations():String	f66e820ce9c62a10d3f7	455	710	1176	271
METHOD_EXIT	com.ctrip.framework.apollo.biz.entity.Release#getNamespaceName():String	f3878297ebac6f0b10ba	455	713	1179	285
METHOD_EXIT	com.ctrip.framework.apollo.biz.entity.Release#getComment():String	9b1d47060c62c2ddf2e7	455	710	1176	181
METHOD_ENTRY	com.ctrip.framework.apollo.biz.entity.Release#getName():String	d2c805a1246f9d63f77d	413	636	1060	252
METHOD_ENTRY	com.ctrip.framework.apollo.biz.entity.Release#getComment():String	19d45cf0f178e766fff5	413	636	1060	242
METHOD_ENTRY	com.ctrip.framework.apollo.biz.entity.Release#getAppId():String	a3d2ea7019c135ea6d01	413	639	1063	199
METHOD_ENTRY	com.ctrip.framework.apollo.biz.entity.Release#setReleaseKey(String):void	81cfc73b67a0a9cedc72	413	649	1073	240
METHOD_ENTRY	com.ctrip.framework.apollo.biz.entity.Release#getNamespaceName():String	3ed6e1ab94d2f71908be	413	639	1063	187
METHOD_EXIT	com.ctrip.framework.apollo.biz.entity.Release#setReleaseKey(String):void	fae9a95c4799026d9680	455	660	1126	115
METHOD_ENTRY	com.ctrip.framework.apollo.biz.entity.Release#setAppId(String):void	130cfaafaa50521f2972	413	649	1073	306
METHOD_EXIT	com.ctrip.framework.apollo.biz.entity.Release#setClusterName(String):void	6a00b527371c975c0dc2	455	660	1126	301
METHOD_EXIT	com.ctrip.framework.apollo.biz.entity.Release#setAppId(String):void	7734ca82d5b8deb031e5	455	660	1126	191
METHOD_ENTRY	com.ctrip.framework.apollo.biz.entity.Release#setComment(String):void	af3777c59b6bfcb9e528	413	643	1067	272
METHOD_EXIT	com.ctrip.framework.apollo.biz.entity.Release#getName():String	43241cd57709263d239c	455	710	1176	271
METHOD_EXIT	com.ctrip.framework.apollo.biz.entity.Release#setConfigurations(String):void	a3939060e9f69d2cc58a	455	655	1121	107
METHOD_ENTRY	com.ctrip.framework.apollo.biz.entity.Release#setName(String):void	061cb37c702e310a4f56	413	643	1067	242
METHOD_ENTRY	com.ctrip.framework.apollo.biz.entity.Release#setClusterName(String):void	53fe5228b3de0efffad8	413	649	1073	122
METHOD_EXIT	com.ctrip.framework.apollo.biz.entity.Release#setComment(String):void	7893b3c773dcb3236032	455	654	1120	222
METHOD_EXIT	com.ctrip.framework.apollo.biz.entity.Release#setNamespaceName(String):void	778bd6b86762343824fa	455	660	1126	103
METHOD_ENTRY	com.ctrip.framework.apollo.biz.entity.Release#setConfigurations(String):void	eab15a69d157b0a73f82	413	644	1068	111
METHOD_EXIT	com.ctrip.framework.apollo.biz.entity.Release#isAbandoned():boolean	4d6549b6a6d8a325c34b	455	715	1181	289
METHOD_ENTRY	com.ctrip.framework.apollo.biz.entity.Release#isAbandoned():boolean	dcdd1ca0e5aef2a2a686	413	641	1065	241
METHOD_ENTRY	com.ctrip.framework.apollo.biz.entity.Release#setNamespaceName(String):void	77f0fee5a77645bf58db	413	649	1073	79
METHOD_ENTRY	com.ctrip.framework.apollo.biz.entity.Release#setAbandoned(boolean):void	cd89733ed7e41ffe898a	413	646	1070	157
METHOD_EXIT	com.ctrip.framework.apollo.biz.entity.Release#setName(String):void	77fbb1bf2a4f97cf9117	455	654	1120	110
METHOD_EXIT	com.ctrip.framework.apollo.biz.entity.Release#toString():String	9b1ff2b071bba2c91fb4	455	776	1242	270
METHOD_EXIT	com.ctrip.framework.apollo.biz.entity.Release#setAbandoned(boolean):void	ab08ed6deabb6a3407fe	455	657	1123	159
METHOD_ENTRY	com.ctrip.framework.apollo.biz.entity.Instance#getId():long	b8282efdc61cdd185542	413	633	1057	228
METHOD_ENTRY	com.ctrip.framework.apollo.biz.entity.Release#toString():String	99953daa306dd00c8254	413	702	1126	223
METHOD_EXIT	com.ctrip.framework.apollo.biz.entity.Instance#setId(long):void	980b7f928d18409c2f15	455	651	1117	114
METHOD_EXIT	com.ctrip.framework.apollo.biz.entity.Instance#getId():long	c950985a9f37c9c4089c	455	707	1173	246
METHOD_EXIT	com.ctrip.framework.apollo.biz.entity.Instance#getAppId():String	331b2dadc0351ceb3f5f	455	710	1176	110
METHOD_EXIT	com.ctrip.framework.apollo.biz.entity.Instance#prePersist():void	16514a0f928071d57f85	455	696	1162	256
METHOD_ENTRY	com.ctrip.framework.apollo.biz.entity.Instance#setAppId(String):void	c416ba6c1648054295af	413	646	1070	60
METHOD_ENTRY	com.ctrip.framework.apollo.biz.entity.Instance#setId(long):void	ca1ef6ab2e65c4658172	413	640	1064	57
METHOD_EXIT	com.ctrip.framework.apollo.biz.entity.Instance#setAppId(String):void	83a99c414d5de2b50229	455	657	1123	189
METHOD_ENTRY	com.ctrip.framework.apollo.biz.entity.Instance#getAppId():String	23e5161b1842929d3f67	413	636	1060	227
METHOD_EXIT	com.ctrip.framework.apollo.biz.entity.Instance#getClusterName():String	2cd7b9c018e5e14713d0	455	710	1176	262
METHOD_ENTRY	com.ctrip.framework.apollo.biz.entity.Instance#prePersist():void	c0e35448a1527bb00cf3	413	685	1109	251
METHOD_EXIT	com.ctrip.framework.apollo.biz.entity.Instance#setClusterName(String):void	c7560ee78ab148a133a3	455	657	1123	278
METHOD_EXIT	com.ctrip.framework.apollo.biz.entity.Instance#getDataCenter():String	762ae1f866482b894e73	455	710	1176	285
METHOD_ENTRY	com.ctrip.framework.apollo.biz.entity.Instance#setDataCenter(String):void	387f6eaa8bb071477b12	413	646	1070	280
METHOD_ENTRY	com.ctrip.framework.apollo.biz.entity.Instance#getClusterName():String	742d12b395e2e2689d11	413	636	1060	227
METHOD_EXIT	com.ctrip.framework.apollo.biz.entity.Instance#setDataCenter(String):void	a63b1726f34c947b43e7	455	657	1123	92
METHOD_ENTRY	com.ctrip.framework.apollo.biz.entity.Instance#setClusterName(String):void	2e529ac512f5e5057d04	413	646	1070	272
METHOD_EXIT	com.ctrip.framework.apollo.biz.entity.Instance#getIp():String	c4cb07f75bcb49c05647	455	707	1173	328
METHOD_ENTRY	com.ctrip.framework.apollo.biz.entity.Instance#getIp():String	60f091dbacb5934069eb	413	633	1057	321
METHOD_ENTRY	com.ctrip.framework.apollo.biz.entity.Instance#setIp(String):void	aa2d1947fda852b3fc41	413	640	1064	252
METHOD_EXIT	com.ctrip.framework.apollo.biz.entity.Instance#getDataChangeCreatedTime():Date	a15cddd7ade3d0a9f060	455	716	1182	170
METHOD_ENTRY	com.ctrip.framework.apollo.biz.entity.Instance#getDataCenter():String	37c52f09a15e6ac012d9	413	636	1060	230
METHOD_EXIT	com.ctrip.framework.apollo.biz.entity.Instance#getDataChangeLastModifiedTime():Date	d1e59244ca16a41913d1	455	719	1185	272
METHOD_EXIT	com.ctrip.framework.apollo.biz.entity.Instance#setIp(String):void	97a708b5a8240f275371	455	651	1117	334
METHOD_ENTRY	com.ctrip.framework.apollo.biz.entity.Instance#setDataChangeLastModifiedTime(Date):void	3bc3961d7a56097c596d	413	664	1088	129
METHOD_EXIT	com.ctrip.framework.apollo.biz.entity.Instance#setDataChangeCreatedTime(Date):void	f89d9e88b9b1f9763998	455	669	1135	308
METHOD_ENTRY	com.ctrip.framework.apollo.biz.entity.Instance#getDataChangeCreatedTime():Date	c22727663867ba1cffa4	413	642	1066	268
METHOD_ENTRY	com.ctrip.framework.apollo.biz.entity.Instance#toString():String	99ae585832681c6e81f4	413	717	1141	212
METHOD_ENTRY	com.ctrip.framework.apollo.biz.entity.ReleaseMessage#prePersist():void	3da9e77d1491a6f371c8	413	513	937	60
METHOD_ENTRY	com.ctrip.framework.apollo.biz.entity.Instance#setDataChangeCreatedTime(Date):void	81bcd68d92c993af01f6	413	658	1082	79
METHOD_EXIT	com.ctrip.framework.apollo.biz.entity.Instance#setDataChangeLastModifiedTime(Date):void	b1a61cdd06e00e5f0fed	455	675	1141	122
METHOD_EXIT	com.ctrip.framework.apollo.biz.entity.ReleaseMessage#prePersist():void	0363f2717fbc9df45393	455	524	990	235
METHOD_ENTRY	com.ctrip.framework.apollo.biz.entity.Instance#getDataChangeLastModifiedTime():Date	76b8e66e604378740a57	413	645	1069	247
METHOD_ENTRY	com.ctrip.framework.apollo.biz.entity.ReleaseMessage#setId(long):void	a14f60c65e91ce6d88c4	413	493	917	84
METHOD_ENTRY	com.ctrip.framework.apollo.biz.entity.ReleaseMessage#getId():long	ecbc0349daaa3c79f73c	413	486	910	78
METHOD_EXIT	com.ctrip.framework.apollo.biz.entity.ReleaseMessage#getMessage():String	b265a340fa896056da38	455	560	1026	263
METHOD_EXIT	com.ctrip.framework.apollo.biz.entity.ReleaseMessage#getId():long	e5c756c43230a7510418	455	560	1026	150
METHOD_EXIT	com.ctrip.framework.apollo.biz.entity.Instance#toString():String	9d541fe3ae9ac4e02872	455	791	1257	243
METHOD_ENTRY	com.ctrip.framework.apollo.biz.entity.ReleaseMessage#getMessage():String	ae12f3b24407adcb9aa6	413	486	910	192
METHOD_ENTRY	com.ctrip.framework.apollo.biz.entity.ReleaseMessage#setMessage(String):void	a85fafb8eff1712a9c9c	413	493	917	201
METHOD_EXIT	com.ctrip.framework.apollo.biz.entity.ReleaseMessage#setId(long):void	2efa44e5ae299c3b4979	455	504	970	74
METHOD_EXIT	com.ctrip.framework.apollo.biz.entity.ReleaseMessage#toString():String	16b40e58eb769c8afe76	455	604	1070	308
METHOD_EXIT	com.ctrip.framework.apollo.biz.entity.ReleaseMessage#setMessage(String):void	60a08ea435f97a616fe6	455	504	970	184
METHOD_ENTRY	com.ctrip.framework.apollo.biz.entity.NamespaceLock#getNamespaceId():long	7df4240916db70dc987e	413	427	851	55
METHOD_ENTRY	com.ctrip.framework.apollo.biz.entity.ReleaseMessage#toString():String	fb7dbcd6737a96f35ae9	413	530	954	150
METHOD_EXIT	com.ctrip.framework.apollo.biz.entity.NamespaceLock#getNamespaceId():long	0d17c86504b4fc13463e	455	501	967	98
METHOD_ENTRY	com.ctrip.framework.apollo.biz.entity.NamespaceLock#setNamespaceId(long):void	a8f91f155b4c52153935	413	437	861	101
METHOD_EXIT	com.ctrip.framework.apollo.biz.entity.AccessKey#getAppId():String	f1970d3977d871a021c0	455	588	1054	246
METHOD_EXIT	com.ctrip.framework.apollo.biz.entity.NamespaceLock#setNamespaceId(long):void	ef7f9f5517558c8b43ff	455	448	914	203
METHOD_ENTRY	com.ctrip.framework.apollo.biz.entity.AccessKey#getAppId():String	5c7d56e9df44b45eea67	413	514	938	163
METHOD_ENTRY	com.ctrip.framework.apollo.biz.entity.AccessKey#setSecret(String):void	389a4871a6d2d67431ae	413	518	942	255
METHOD_EXIT	com.ctrip.framework.apollo.biz.entity.AccessKey#setSecret(String):void	0324b3cbad84a8a132b8	455	529	995	83
METHOD_EXIT	com.ctrip.framework.apollo.biz.entity.AccessKey#setAppId(String):void	aec250bc88af732d7f70	455	535	1001	263
METHOD_EXIT	com.ctrip.framework.apollo.biz.entity.AccessKey#getSecret():String	a108245cf5cd86deaea3	455	585	1051	248
METHOD_ENTRY	com.ctrip.framework.apollo.biz.entity.AccessKey#setMode(int):void	4c8d5ba5509f5934987f	413	518	942	62
METHOD_EXIT	com.ctrip.framework.apollo.biz.entity.AccessKey#setMode(int):void	055409e59b8e0d98fb60	455	529	995	133
METHOD_ENTRY	com.ctrip.framework.apollo.biz.entity.AccessKey#getSecret():String	86fd29cd83a074758512	413	511	935	221
METHOD_ENTRY	com.ctrip.framework.apollo.biz.entity.AccessKey#setAppId(String):void	3d1ecdf460a193667595	413	524	948	164
METHOD_EXIT	com.ctrip.framework.apollo.biz.entity.AccessKey#isEnabled():boolean	2eedca45cdcb9d628859	455	586	1052	113
METHOD_EXIT	com.ctrip.framework.apollo.biz.entity.AccessKey#setEnabled(boolean):void	343dc4804106b77d0e6b	455	529	995	146
METHOD_ENTRY	com.ctrip.framework.apollo.biz.entity.AccessKey#setEnabled(boolean):void	d5451250e0a87e223c2c	413	518	942	51
METHOD_EXIT	com.ctrip.framework.apollo.biz.entity.AccessKey#getMode():int	4f4c3db4fab71dff0ecb	455	585	1051	268
METHOD_ENTRY	com.ctrip.framework.apollo.biz.entity.AccessKey#getMode():int	9acd4a5e940f536b42d5	413	511	935	94
METHOD_ENTRY	com.ctrip.framework.apollo.biz.entity.AccessKey#isEnabled():boolean	a04b4d3c2e7da6bbd6a5	413	512	936	283
METHOD_EXIT	com.ctrip.framework.apollo.biz.entity.GrayReleaseRule#getAppId():String	4842e891b03baf041473	455	674	1140	282
METHOD_ENTRY	com.ctrip.framework.apollo.biz.entity.AccessKey#toString():String	c14c58b01bc2f7eb4280	413	548	972	220
METHOD_ENTRY	com.ctrip.framework.apollo.biz.entity.GrayReleaseRule#getAppId():String	585041a0faf5b3ad738b	413	600	1024	222
METHOD_EXIT	com.ctrip.framework.apollo.biz.entity.AccessKey#toString():String	8731f5e8bd2f027750b8	455	622	1088	281
METHOD_ENTRY	com.ctrip.framework.apollo.biz.entity.GrayReleaseRule#setAppId(String):void	ee0ecb72b40f1ea20263	413	610	1034	282
METHOD_EXIT	com.ctrip.framework.apollo.biz.entity.GrayReleaseRule#setAppId(String):void	fc544d1b180613487598	455	621	1087	269
METHOD_ENTRY	com.ctrip.framework.apollo.biz.entity.GrayReleaseRule#setClusterName(String):void	f9c85cf6c0ba4f7d6c8b	413	610	1034	184
METHOD_EXIT	com.ctrip.framework.apollo.biz.entity.GrayReleaseRule#getClusterName():String	53bf3ffc06aa80e177d8	455	674	1140	109
METHOD_ENTRY	com.ctrip.framework.apollo.biz.entity.GrayReleaseRule#getClusterName():String	112f411e398a33024819	413	600	1024	207
METHOD_EXIT	com.ctrip.framework.apollo.biz.entity.GrayReleaseRule#setNamespaceName(String):void	8c884223833687820d98	455	621	1087	263
METHOD_ENTRY	com.ctrip.framework.apollo.biz.entity.GrayReleaseRule#getNamespaceName():String	4255124de4cf5650e0dd	413	600	1024	226
METHOD_ENTRY	com.ctrip.framework.apollo.biz.entity.GrayReleaseRule#getBranchName():String	cb3b8a8e2a3c1fc16472	413	600	1024	267
METHOD_EXIT	com.ctrip.framework.apollo.biz.entity.GrayReleaseRule#setClusterName(String):void	d3dc135433ed56e6bbdc	455	621	1087	211
METHOD_EXIT	com.ctrip.framework.apollo.biz.entity.GrayReleaseRule#getBranchName():String	2f499ca2468459b5e799	455	674	1140	171
METHOD_EXIT	com.ctrip.framework.apollo.biz.entity.GrayReleaseRule#getRules():String	9225a0a8a87ac92ecdff	455	671	1137	265
METHOD_EXIT	com.ctrip.framework.apollo.biz.entity.GrayReleaseRule#setBranchName(String):void	34bee13380d1ee3337fb	455	621	1087	227
METHOD_EXIT	com.ctrip.framework.apollo.biz.entity.GrayReleaseRule#getNamespaceName():String	cba33c8f6a5bca3f40b3	455	674	1140	111
METHOD_ENTRY	com.ctrip.framework.apollo.biz.entity.GrayReleaseRule#getRules():String	0a1d7977b075a3d91389	413	597	1021	181
METHOD_ENTRY	com.ctrip.framework.apollo.biz.entity.GrayReleaseRule#setNamespaceName(String):void	bda79ca2cdabd55047f9	413	610	1034	279
METHOD_EXIT	com.ctrip.framework.apollo.biz.entity.GrayReleaseRule#getReleaseId():Long	87b56c116b9fbfad3c2a	455	674	1140	94
METHOD_ENTRY	com.ctrip.framework.apollo.biz.entity.GrayReleaseRule#setBranchName(String):void	bf25e7fc10c1bad4c5ed	413	610	1034	254
METHOD_ENTRY	com.ctrip.framework.apollo.biz.entity.GrayReleaseRule#getReleaseId():Long	9cf3dca13a1872eff916	413	600	1024	252
METHOD_EXIT	com.ctrip.framework.apollo.biz.entity.GrayReleaseRule#setRules(String):void	1902f4e2463afd6469e9	455	615	1081	310
METHOD_EXIT	com.ctrip.framework.apollo.biz.entity.GrayReleaseRule#setReleaseId(Long):void	9e939e34ccf861122b9c	455	621	1087	63
METHOD_EXIT	com.ctrip.framework.apollo.biz.entity.GrayReleaseRule#getBranchStatus():int	15b8eb619454d6427697	455	674	1140	119
METHOD_ENTRY	com.ctrip.framework.apollo.biz.entity.GrayReleaseRule#setRules(String):void	fab13a8fb3bd70c56702	413	604	1028	292
METHOD_EXIT	com.ctrip.framework.apollo.biz.entity.GrayReleaseRule#setBranchStatus(int):void	ad7f67ada817aa142081	455	621	1087	51
METHOD_ENTRY	com.ctrip.framework.apollo.biz.entity.Namespace#getClusterName():String	78116321ecf93b31b52b	413	492	916	190
METHOD_ENTRY	com.ctrip.framework.apollo.biz.entity.GrayReleaseRule#setBranchStatus(int):void	6917bac623e4ce7aef29	413	610	1034	54
METHOD_ENTRY	com.ctrip.framework.apollo.biz.entity.Namespace#getNamespaceName():String	5e71b904ab6e3debdf6c	413	492	916	234
METHOD_ENTRY	com.ctrip.framework.apollo.biz.entity.GrayReleaseRule#getBranchStatus():int	e2e7092d5a76c2edf362	413	600	1024	183
METHOD_EXIT	com.ctrip.framework.apollo.biz.entity.Namespace#getNamespaceName():String	032d0f06112aa6bdc56f	455	566	1032	192
METHOD_EXIT	com.ctrip.framework.apollo.biz.entity.Namespace#getAppId():String	d9d902908900a9cbf157	455	566	1032	287
METHOD_EXIT	com.ctrip.framework.apollo.biz.entity.Namespace#setAppId(String):void	db6c01718583cd3ed0ae	455	513	979	246
METHOD_ENTRY	com.ctrip.framework.apollo.biz.entity.GrayReleaseRule#setReleaseId(Long):void	40743b1501508462af9c	413	610	1034	68
METHOD_EXIT	com.ctrip.framework.apollo.biz.entity.Namespace#setClusterName(String):void	75aef91dee707d7e4f4d	455	513	979	279
METHOD_ENTRY	com.ctrip.framework.apollo.biz.entity.Namespace#setClusterName(String):void	5cb60980c72f654c1872	413	502	926	257
METHOD_EXIT	com.ctrip.framework.apollo.biz.entity.Namespace#getClusterName():String	70af5aca8d3b2388d00f	455	566	1032	287
METHOD_EXIT	com.ctrip.framework.apollo.biz.entity.Namespace#setNamespaceName(String):void	f455ac22a3c137190ec7	455	513	979	251
METHOD_EXIT	com.ctrip.framework.apollo.biz.entity.Namespace#toString():String	9d519c57757caf96a5e4	455	598	1064	254
METHOD_ENTRY	com.ctrip.framework.apollo.biz.entity.Namespace#getAppId():String	91a2186a0735ec793c14	413	492	916	184
METHOD_ENTRY	com.ctrip.framework.apollo.biz.entity.Namespace#setNamespaceName(String):void	212a390e5d0c97e32b4d	413	502	926	117
METHOD_ENTRY	com.ctrip.framework.apollo.biz.entity.InstanceConfig#preUpdate():void	f99224a4f3c3433579e7	413	730	1154	201
METHOD_EXIT	com.ctrip.framework.apollo.biz.entity.InstanceConfig#preUpdate():void	b35c89599268c948c7ce	455	741	1207	281
METHOD_ENTRY	com.ctrip.framework.apollo.biz.entity.Namespace#setAppId(String):void	89f32ffb6609a0381df8	413	502	926	266
METHOD_ENTRY	com.ctrip.framework.apollo.biz.entity.InstanceConfig#prePersist():void	a6e1cc9101a352cf9e80	413	769	1193	292
METHOD_ENTRY	com.ctrip.framework.apollo.biz.entity.InstanceConfig#setId(long):void	a33c98b913ab79e2f25a	413	724	1148	59
METHOD_ENTRY	com.ctrip.framework.apollo.biz.entity.Namespace#toString():String	f6f40d243c853c89882a	413	524	948	300
METHOD_EXIT	com.ctrip.framework.apollo.biz.entity.InstanceConfig#setId(long):void	852f94315e40bd5ebd64	455	735	1201	228
METHOD_EXIT	com.ctrip.framework.apollo.biz.entity.InstanceConfig#getId():long	f4b34af38b12e96f5ab9	455	791	1257	148
METHOD_ENTRY	com.ctrip.framework.apollo.biz.entity.InstanceConfig#setInstanceId(long):void	0fcd23b2c37f549f741d	413	730	1154	102
METHOD_ENTRY	com.ctrip.framework.apollo.biz.entity.InstanceConfig#getConfigAppId():String	deb414fc5e015c033955	413	723	1147	286
METHOD_EXIT	com.ctrip.framework.apollo.biz.entity.InstanceConfig#getInstanceId():long	0fce29fc870653dc5270	455	794	1260	134
METHOD_ENTRY	com.ctrip.framework.apollo.biz.entity.InstanceConfig#getId():long	48991078f8c7193cdfc6	413	717	1141	169
METHOD_EXIT	com.ctrip.framework.apollo.biz.entity.InstanceConfig#getConfigAppId():String	2ab403a17ab72f8aa3f9	455	797	1263	219
METHOD_ENTRY	com.ctrip.framework.apollo.biz.entity.InstanceConfig#setConfigAppId(String):void	aecd9116788f95830c06	413	736	1160	61
METHOD_EXIT	com.ctrip.framework.apollo.biz.entity.InstanceConfig#setConfigAppId(String):void	4bae936914d2fa7292c9	455	747	1213	336
METHOD_EXIT	com.ctrip.framework.apollo.biz.entity.InstanceConfig#prePersist():void	06734139ff95921a84cb	455	780	1246	264
METHOD_EXIT	com.ctrip.framework.apollo.biz.entity.InstanceConfig#setConfigNamespaceName(String):void	56030370044dd106d245	455	747	1213	252
METHOD_ENTRY	com.ctrip.framework.apollo.biz.entity.InstanceConfig#getInstanceId():long	85f7a2795ef52e09c690	413	720	1144	68
METHOD_ENTRY	com.ctrip.framework.apollo.biz.entity.InstanceConfig#getReleaseKey():String	cfd403f5b8b9526df29a	413	720	1144	214
METHOD_ENTRY	com.ctrip.framework.apollo.biz.entity.InstanceConfig#getConfigNamespaceName():String	d58c77dbb5f05751fdf8	413	723	1147	215
METHOD_EXIT	com.ctrip.framework.apollo.biz.entity.InstanceConfig#setInstanceId(long):void	79edfb0bfbd048df57c0	455	741	1207	95
METHOD_ENTRY	com.ctrip.framework.apollo.biz.entity.InstanceConfig#setReleaseKey(String):void	dfb047e66b10a2d217b7	413	730	1154	193
METHOD_ENTRY	com.ctrip.framework.apollo.biz.entity.InstanceConfig#getDataChangeCreatedTime():Date	546fa860cc99b5a946be	413	726	1150	253
METHOD_ENTRY	com.ctrip.framework.apollo.biz.entity.InstanceConfig#setConfigNamespaceName(String):void	beab24e10637edcc8961	413	736	1160	132
METHOD_EXIT	com.ctrip.framework.apollo.biz.entity.InstanceConfig#getConfigNamespaceName():String	bf59597fae66030c2589	455	797	1263	277
METHOD_EXIT	com.ctrip.framework.apollo.biz.entity.InstanceConfig#setDataChangeCreatedTime(Date):void	cf27ac60a6cda5afff66	455	753	1219	198
METHOD_ENTRY	com.ctrip.framework.apollo.biz.entity.InstanceConfig#getDataChangeLastModifiedTime():Date	e408466582f9f9ac1908	413	729	1153	319
METHOD_EXIT	com.ctrip.framework.apollo.biz.entity.InstanceConfig#setReleaseKey(String):void	5e48a3d178a819d41987	455	741	1207	230
METHOD_EXIT	com.ctrip.framework.apollo.biz.entity.InstanceConfig#getDataChangeCreatedTime():Date	a3f470c5cc31325f8b28	455	800	1266	297
METHOD_EXIT	com.ctrip.framework.apollo.biz.entity.InstanceConfig#getDataChangeLastModifiedTime():Date	5703f81d60b94a528be8	455	803	1269	159
METHOD_ENTRY	com.ctrip.framework.apollo.biz.entity.InstanceConfig#setDataChangeCreatedTime(Date):void	5428bcbe68c06ca4b1f6	413	742	1166	130
METHOD_EXIT	com.ctrip.framework.apollo.biz.entity.InstanceConfig#setDataChangeLastModifiedTime(Date):void	464882af8d764226e50c	455	759	1225	142
METHOD_ENTRY	com.ctrip.framework.apollo.biz.entity.InstanceConfig#getConfigClusterName():String	5658c841ce1f729903dd	413	723	1147	292
METHOD_ENTRY	com.ctrip.framework.apollo.biz.entity.InstanceConfig#setConfigClusterName(String):void	86f957629369b72095a1	413	736	1160	301
METHOD_EXIT	com.ctrip.framework.apollo.biz.entity.InstanceConfig#setConfigClusterName(String):void	f6003a105b1d578259b1	455	747	1213	272
METHOD_EXIT	com.ctrip.framework.apollo.biz.entity.InstanceConfig#getReleaseKey():String	502a42ec4a081e575223	455	794	1260	149
METHOD_EXIT	com.ctrip.framework.apollo.biz.entity.InstanceConfig#getReleaseDeliveryTime():Date	e9727ea2b2c26108b6ea	455	797	1263	181
METHOD_ENTRY	com.ctrip.framework.apollo.biz.entity.InstanceConfig#setDataChangeLastModifiedTime(Date):void	5723b10590ef50ba829d	413	748	1172	65
METHOD_ENTRY	com.ctrip.framework.apollo.biz.entity.InstanceConfig#setReleaseDeliveryTime(Date):void	aaf30c11e100e4d3d0a8	413	736	1160	124
METHOD_ENTRY	com.ctrip.framework.apollo.biz.entity.Commit#getChangeSets():String	3bb0fc0da8d5f6089d1f	413	547	971	183
METHOD_ENTRY	com.ctrip.framework.apollo.biz.entity.InstanceConfig#toString():String	5757382ce43fee9e383d	413	811	1235	300
METHOD_EXIT	com.ctrip.framework.apollo.biz.entity.Commit#getChangeSets():String	774b4e712eacfec8c706	455	621	1087	204
METHOD_ENTRY	com.ctrip.framework.apollo.biz.entity.Commit#setChangeSets(String):void	1127c378cc9c21ad97b4	413	557	981	290
METHOD_EXIT	com.ctrip.framework.apollo.biz.entity.Commit#setChangeSets(String):void	3bbab1aeefd7fd83273b	455	568	1034	274
METHOD_EXIT	com.ctrip.framework.apollo.biz.entity.InstanceConfig#setReleaseDeliveryTime(Date):void	2d88be557a9b11a391d7	455	747	1213	141
METHOD_EXIT	com.ctrip.framework.apollo.biz.entity.Commit#getAppId():String	ac5df6ed6acfea6111c1	455	621	1087	282
METHOD_EXIT	com.ctrip.framework.apollo.biz.entity.InstanceConfig#getConfigClusterName():String	1f5498683ac0c4999ece	455	797	1263	259
METHOD_ENTRY	com.ctrip.framework.apollo.biz.entity.Commit#setAppId(String):void	35fed8406209de16bdbf	413	557	981	284
METHOD_EXIT	com.ctrip.framework.apollo.biz.entity.Commit#setAppId(String):void	8c73d4cd70cf47a4eaf6	455	568	1034	223
METHOD_EXIT	com.ctrip.framework.apollo.biz.entity.Commit#getClusterName():String	1f4275634b90c99277d4	455	621	1087	46
METHOD_ENTRY	com.ctrip.framework.apollo.biz.entity.Commit#getClusterName():String	8968a8c04af7aa21ab2f	413	547	971	203
METHOD_ENTRY	com.ctrip.framework.apollo.biz.entity.InstanceConfig#getReleaseDeliveryTime():Date	153a6905e508ee82dadb	413	723	1147	279
METHOD_EXIT	com.ctrip.framework.apollo.biz.entity.Commit#setClusterName(String):void	31a97c343ac8d9f0f917	455	568	1034	188
METHOD_EXIT	com.ctrip.framework.apollo.biz.entity.InstanceConfig#toString():String	0942092998c9322fc28a	455	885	1351	267
METHOD_ENTRY	com.ctrip.framework.apollo.biz.entity.Commit#getNamespaceName():String	144cafa950faa01d3517	413	547	971	286
METHOD_ENTRY	com.ctrip.framework.apollo.biz.entity.Commit#getAppId():String	74409c9a1fe61a7fafdb	413	547	971	67
METHOD_EXIT	com.ctrip.framework.apollo.biz.entity.Commit#getNamespaceName():String	4444750ac615b38cb337	455	621	1087	185
METHOD_ENTRY	com.ctrip.framework.apollo.biz.entity.Commit#getComment():String	9f0b15cf8a03b4b7ddca	413	544	968	259
METHOD_ENTRY	com.ctrip.framework.apollo.biz.entity.Commit#setComment(String):void	ac05575a8547daf9e351	413	551	975	211
METHOD_ENTRY	com.ctrip.framework.apollo.biz.entity.Commit#setNamespaceName(String):void	b7b65ff1784e9507a339	413	557	981	180
METHOD_EXIT	com.ctrip.framework.apollo.biz.entity.Commit#setComment(String):void	ddf501c135dfa823e5f1	455	562	1028	171
METHOD_ENTRY	com.ctrip.framework.apollo.biz.entity.Commit#setClusterName(String):void	bd407ad6b5adedca8b2c	413	557	981	312
METHOD_ENTRY	com.ctrip.framework.apollo.biz.entity.Item#getComment():String	a6ffbb64749c9f4416f5	413	564	988	186
METHOD_EXIT	com.ctrip.framework.apollo.biz.entity.Commit#toString():String	63674721310c74446206	455	669	1135	255
METHOD_ENTRY	com.ctrip.framework.apollo.biz.entity.Commit#toString():String	9c4041f2badfac135fcc	413	595	1019	226
METHOD_EXIT	com.ctrip.framework.apollo.biz.entity.Item#getComment():String	113d7024273807cf7e4c	455	638	1104	162
METHOD_EXIT	com.ctrip.framework.apollo.biz.entity.Commit#getComment():String	3a06cfbc6a5762931fd9	455	618	1084	92
METHOD_EXIT	com.ctrip.framework.apollo.biz.entity.Item#getNamespaceId():long	eb73284e9c40175dcbe7	455	641	1107	85
METHOD_ENTRY	com.ctrip.framework.apollo.biz.entity.Item#getNamespaceId():long	5a7353c15c3f5e5a210e	413	567	991	182
METHOD_ENTRY	com.ctrip.framework.apollo.biz.entity.Item#getKey():String	d1ced4e2a7fbcc30e8ec	413	564	988	253
METHOD_EXIT	com.ctrip.framework.apollo.biz.entity.Commit#setNamespaceName(String):void	f2470171fa9ae28bbc1d	455	568	1034	278
METHOD_ENTRY	com.ctrip.framework.apollo.biz.entity.Item#setKey(String):void	a5d1fae068c291a2445d	413	571	995	263
METHOD_EXIT	com.ctrip.framework.apollo.biz.entity.Item#getValue():String	0fca4ccede69a98c151c	455	638	1104	110
METHOD_EXIT	com.ctrip.framework.apollo.biz.entity.Item#getKey():String	92ec57838bbd2c97616f	455	638	1104	263
METHOD_EXIT	com.ctrip.framework.apollo.biz.entity.Item#setComment(String):void	dc16259b1534694950d4	455	582	1048	275
METHOD_EXIT	com.ctrip.framework.apollo.biz.entity.Item#setNamespaceId(long):void	211bdfe70e0cd3775e64	455	588	1054	192
METHOD_EXIT	com.ctrip.framework.apollo.biz.entity.Item#setKey(String):void	027b51daf5003a3e707a	455	582	1048	104
METHOD_ENTRY	com.ctrip.framework.apollo.biz.entity.Item#setComment(String):void	4a5417a1bcf03f59d033	413	571	995	220
METHOD_ENTRY	com.ctrip.framework.apollo.biz.entity.Item#getLineNum():Integer	c04476c3d14b0f918c61	413	567	991	154
METHOD_ENTRY	com.ctrip.framework.apollo.biz.entity.Item#getValue():String	62a286c11545b1fee3cd	413	564	988	284
METHOD_ENTRY	com.ctrip.framework.apollo.biz.entity.Item#setNamespaceId(long):void	5cfb697103690d83deea	413	577	1001	85
METHOD_ENTRY	com.ctrip.framework.apollo.biz.entity.Item#setValue(String):void	9c3f09de313b54357c1c	413	571	995	208
METHOD_EXIT	com.ctrip.framework.apollo.biz.entity.Item#getLineNum():Integer	e72f2e979b99faa7c7e4	455	641	1107	294
METHOD_ENTRY	com.ctrip.framework.apollo.biz.entity.Item#toString():String	eb02bbcdefdaa73831c6	413	615	1039	260
METHOD_ENTRY	com.ctrip.framework.apollo.biz.entity.Item#setLineNum(Integer):void	54be43abd754290f7018	413	577	1001	39
METHOD_EXIT	com.ctrip.framework.apollo.biz.entity.Item#setLineNum(Integer):void	b43e6fdcb7c6bf447f17	455	588	1054	253
METHOD_EXIT	com.ctrip.framework.apollo.biz.entity.Item#setValue(String):void	90b657fba5e4e27f6c6c	455	582	1048	238
METHOD_EXIT	com.ctrip.framework.apollo.biz.entity.Item#toString():String	3ba6da46ce55feff9897	455	689	1155	194
METHOD_EXIT	com.ctrip.framework.apollo.biz.entity.Item#setType(int):void	19b8e9f181c47c15bd4f	455	582	1048	213
METHOD_EXIT	com.ctrip.framework.apollo.biz.entity.Cluster#getAppId():String	adfb77ea96f3736dc004	455	613	1079	278
METHOD_ENTRY	com.ctrip.framework.apollo.biz.entity.Cluster#getAppId():String	3ac2fb669ccb98144f0d	413	539	963	223
METHOD_ENTRY	com.ctrip.framework.apollo.biz.entity.Item#getType():int	da28a80fabf7c1ac6f80	413	564	988	50
METHOD_EXIT	com.ctrip.framework.apollo.biz.entity.Cluster#getName():String	ad38971e4e27967ed2ea	455	610	1076	203
METHOD_EXIT	com.ctrip.framework.apollo.biz.entity.Item#getType():int	3db448b437571c64f08d	455	638	1104	147
METHOD_EXIT	com.ctrip.framework.apollo.biz.entity.Cluster#setAppId(String):void	ab32efa2ae27ef8cb536	455	560	1026	151
METHOD_ENTRY	com.ctrip.framework.apollo.biz.entity.Cluster#getParentClusterId():long	14648ed2b458aac420e6	413	542	966	73
METHOD_ENTRY	com.ctrip.framework.apollo.biz.entity.Item#setType(int):void	e8e63485dd933d798adb	413	571	995	107
METHOD_ENTRY	com.ctrip.framework.apollo.biz.entity.Cluster#setName(String):void	6735e255ab859562b833	413	543	967	275
METHOD_ENTRY	com.ctrip.framework.apollo.biz.entity.Cluster#setParentClusterId(long):void	92b30697036febdc1b82	413	555	979	109
METHOD_EXIT	com.ctrip.framework.apollo.biz.entity.Cluster#setParentClusterId(long):void	7d60b325576979c17942	455	566	1032	200
METHOD_ENTRY	com.ctrip.framework.apollo.biz.entity.Cluster#setAppId(String):void	b8b20516f6b2cd46b473	413	549	973	289
METHOD_EXIT	com.ctrip.framework.apollo.biz.entity.Cluster#setName(String):void	fb6a45d3372158904b7d	455	554	1020	193
METHOD_ENTRY	com.ctrip.framework.apollo.biz.entity.Cluster#setComment(String):void	3169bd27d7f3a1d1dbbf	413	543	967	290
METHOD_ENTRY	com.ctrip.framework.apollo.biz.entity.Cluster#getComment():String	cf0b857642ba6a33f4ec	413	536	960	254
METHOD_EXIT	com.ctrip.framework.apollo.biz.entity.Cluster#setComment(String):void	280612208e58aca262ff	455	554	1020	183
METHOD_ENTRY	com.ctrip.framework.apollo.biz.entity.Cluster#getName():String	f9c22950be7d45a28cc6	413	536	960	210
METHOD_EXIT	com.ctrip.framework.apollo.biz.entity.Cluster#getComment():String	80a8c0d4816059299437	455	610	1076	177
METHOD_ENTRY	com.ctrip.framework.apollo.biz.entity.Cluster#compareTo(Cluster):int	e7ccbe5fb014d0b55da2	413	590	1014	279
METHOD_ENTRY	com.ctrip.framework.apollo.biz.entity.Cluster#toString():String	bfe692f53ec1168f7969	413	577	1001	271
METHOD_ENTRY	com.ctrip.framework.apollo.biz.entity.ReleaseHistory#getAppId():String	55fa8fa5c5403e6333c7	413	649	1073	219
METHOD_EXIT	com.ctrip.framework.apollo.biz.entity.Cluster#getParentClusterId():long	8851a85153597d45610c	455	616	1082	88
METHOD_EXIT	com.ctrip.framework.apollo.biz.entity.Cluster#toString():String	48d13cb88ff3e9ed2b6c	455	651	1117	237
METHOD_EXIT	com.ctrip.framework.apollo.biz.entity.ReleaseHistory#setAppId(String):void	91d5f83a1b996527d054	455	670	1136	306
METHOD_EXIT	com.ctrip.framework.apollo.biz.entity.Cluster#compareTo(Cluster):int	18e1a26218e51a1e6ce0	455	667	1133	354
METHOD_EXIT	com.ctrip.framework.apollo.biz.entity.ReleaseHistory#getClusterName():String	ea72022013536e3a5bd1	455	723	1189	249
METHOD_ENTRY	com.ctrip.framework.apollo.biz.entity.ReleaseHistory#getClusterName():String	b43e06840f28c71f56b9	413	649	1073	183
METHOD_EXIT	com.ctrip.framework.apollo.biz.entity.ReleaseHistory#getAppId():String	7063abb6c3a80ba71684	455	723	1189	288
METHOD_EXIT	com.ctrip.framework.apollo.biz.entity.ReleaseHistory#setNamespaceName(String):void	060521c8c38bafb19ed8	455	670	1136	328
METHOD_ENTRY	com.ctrip.framework.apollo.biz.entity.ReleaseHistory#setAppId(String):void	b866c66bff9e15c46bbf	413	659	1083	276
METHOD_ENTRY	com.ctrip.framework.apollo.biz.entity.ReleaseHistory#setClusterName(String):void	cc02c0fd28dadd06e0f9	413	659	1083	122
METHOD_EXIT	com.ctrip.framework.apollo.biz.entity.ReleaseHistory#setClusterName(String):void	a95c719b981c2bafe4cd	455	670	1136	328
METHOD_ENTRY	com.ctrip.framework.apollo.biz.entity.ReleaseHistory#getBranchName():String	a00d4b31afa3d0f52a55	413	649	1073	216
METHOD_EXIT	com.ctrip.framework.apollo.biz.entity.ReleaseHistory#getNamespaceName():String	23c0ef2b7b6b7599d0c2	455	723	1189	184
METHOD_ENTRY	com.ctrip.framework.apollo.biz.entity.ReleaseHistory#setNamespaceName(String):void	a6589a5267ba3165972f	413	659	1083	282
METHOD_ENTRY	com.ctrip.framework.apollo.biz.entity.ReleaseHistory#setBranchName(String):void	15c0504ff1ee66d63b96	413	659	1083	219
METHOD_EXIT	com.ctrip.framework.apollo.biz.entity.ReleaseHistory#getReleaseId():long	9b54a6305b215cf8c1cd	455	723	1189	80
METHOD_ENTRY	com.ctrip.framework.apollo.biz.entity.ReleaseHistory#setReleaseId(long):void	999657b7e1b614d7b7c2	413	659	1083	101
METHOD_ENTRY	com.ctrip.framework.apollo.biz.entity.ReleaseHistory#getNamespaceName():String	c500a0345b88b05e59d2	413	649	1073	195
METHOD_ENTRY	com.ctrip.framework.apollo.biz.entity.ReleaseHistory#getReleaseId():long	06b2c58861d0ec9fcc63	413	649	1073	186
METHOD_EXIT	com.ctrip.framework.apollo.biz.entity.ReleaseHistory#getBranchName():String	1b681f94e245c935ae3c	455	723	1189	294
METHOD_ENTRY	com.ctrip.framework.apollo.biz.entity.ReleaseHistory#getPreviousReleaseId():long	fbb8c831922c9efaeb46	413	652	1076	200
METHOD_EXIT	com.ctrip.framework.apollo.biz.entity.ReleaseHistory#setReleaseId(long):void	f653609b62466816765a	455	670	1136	121
METHOD_EXIT	com.ctrip.framework.apollo.biz.entity.ReleaseHistory#getPreviousReleaseId():long	14404fdecca233be69cc	455	726	1192	49
METHOD_EXIT	com.ctrip.framework.apollo.biz.entity.ReleaseHistory#setBranchName(String):void	9d500211fa0de4b080a1	455	670	1136	196
METHOD_ENTRY	com.ctrip.framework.apollo.biz.entity.ReleaseHistory#getOperation():int	8b073bb463dcff782b04	413	646	1070	148
METHOD_EXIT	com.ctrip.framework.apollo.biz.entity.ReleaseHistory#setPreviousReleaseId(long):void	3b4fc07ae3048ebf4cd5	455	676	1142	124
METHOD_ENTRY	com.ctrip.framework.apollo.biz.entity.ReleaseHistory#setOperation(int):void	edc455fba78ff47e6c6f	413	653	1077	119
METHOD_ENTRY	com.ctrip.framework.apollo.biz.entity.ReleaseHistory#getOperationContext():String	5ccd2d84a4ccaf4671c3	413	649	1073	247
METHOD_ENTRY	com.ctrip.framework.apollo.biz.entity.ReleaseHistory#setPreviousReleaseId(long):void	ad3373210afe80531907	413	665	1089	104
METHOD_EXIT	com.ctrip.framework.apollo.biz.entity.ReleaseHistory#getOperation():int	3219dc4810aff660f24a	455	720	1186	152
METHOD_EXIT	com.ctrip.framework.apollo.biz.entity.ReleaseHistory#setOperation(int):void	652edba983981df9b8e4	455	664	1130	170
METHOD_EXIT	com.ctrip.framework.apollo.biz.entity.ReleaseHistory#getOperationContext():String	ea4894cf4a2507e00acd	455	723	1189	274
METHOD_ENTRY	com.ctrip.framework.apollo.biz.entity.ReleaseHistory#setOperationContext(String):void	50d18c6d785936f2db1e	413	659	1083	100
METHOD_ENTRY	com.ctrip.framework.apollo.biz.entity.ReleaseHistory#toString():String	9f399199d2c64d1fd66f	413	717	1141	199
METHOD_EXIT	com.ctrip.framework.apollo.biz.entity.Audit#getComment():String	c78424851d19796c0851	455	590	1056	275
METHOD_EXIT	com.ctrip.framework.apollo.biz.entity.ReleaseHistory#toString():String	4b1cce6a272c57cf0aca	455	791	1257	272
METHOD_ENTRY	com.ctrip.framework.apollo.biz.entity.Audit#getEntityName():String	11bf4d7dde0e493394e7	413	519	943	332
METHOD_ENTRY	com.ctrip.framework.apollo.biz.entity.Audit#getComment():String	49b4d17ba62ad2778659	413	516	940	252
METHOD_EXIT	com.ctrip.framework.apollo.biz.entity.Audit#getEntityName():String	162be6e0ada777854d43	455	593	1059	277
METHOD_EXIT	com.ctrip.framework.apollo.biz.entity.Audit#getEntityId():Long	835902717642fe43e864	455	593	1059	131
METHOD_EXIT	com.ctrip.framework.apollo.biz.entity.Audit#getOpName():String	06b40b435cebc2552d4e	455	593	1059	270
METHOD_ENTRY	com.ctrip.framework.apollo.biz.entity.Audit#setComment(String):void	7c449f6f1c5544789846	413	523	947	164
METHOD_EXIT	com.ctrip.framework.apollo.biz.entity.ReleaseHistory#setOperationContext(String):void	26160ca42bbca3908732	455	670	1136	165
METHOD_ENTRY	com.ctrip.framework.apollo.biz.entity.Audit#getEntityId():Long	9ac1b2afc8229f239512	413	519	943	279
METHOD_ENTRY	com.ctrip.framework.apollo.biz.entity.Audit#setEntityId(Long):void	3b123a74589b36020f05	413	529	953	115
METHOD_EXIT	com.ctrip.framework.apollo.biz.entity.Audit#setEntityName(String):void	2c71ea0b56e7af753705	455	540	1006	298
METHOD_ENTRY	com.ctrip.framework.apollo.biz.entity.Audit#setEntityName(String):void	e0d00b3138892b4c4e55	413	529	953	174
METHOD_EXIT	com.ctrip.framework.apollo.biz.entity.Audit#setOpName(String):void	b63eab00d884b2caea56	455	540	1006	179
METHOD_ENTRY	com.ctrip.framework.apollo.biz.entity.Audit#toString():String	c63447e0cc8087aad3b7	413	557	981	218
METHOD_ENTRY	com.ctrip.framework.apollo.biz.entity.Audit#setOpName(String):void	b7d1b1843be5cd8f3528	413	529	953	106
METHOD_EXIT	com.ctrip.framework.apollo.biz.entity.Audit#toString():String	7592be23971d503fd4e7	455	631	1097	259
METHOD_EXIT	com.ctrip.framework.apollo.biz.entity.Audit#setComment(String):void	5f5c03eea8531e3bffa3	455	534	1000	202
METHOD_ENTRY	com.ctrip.framework.apollo.biz.entity.ServiceRegistry#prePersist():void	0869c69201859168d027	413	717	1141	202
METHOD_ENTRY	com.ctrip.framework.apollo.biz.entity.ServiceRegistry#toString():String	17ce8100e839ce9c87dc	413	741	1165	193
METHOD_EXIT	com.ctrip.framework.apollo.biz.entity.ServiceRegistry#prePersist():void	79d1953dec1536ecb683	455	728	1194	210
METHOD_ENTRY	com.ctrip.framework.apollo.biz.entity.ServiceRegistry#getId():long	99be521887c6b89c0ab3	413	663	1087	37
METHOD_ENTRY	com.ctrip.framework.apollo.biz.entity.Audit#getOpName():String	eb9443f280b909ec139f	413	519	943	213
METHOD_EXIT	com.ctrip.framework.apollo.biz.entity.Audit#setEntityId(Long):void	d351b63f6350d4fe6cd5	455	540	1006	280
METHOD_EXIT	com.ctrip.framework.apollo.biz.entity.ServiceRegistry#setId(long):void	aa2a4dcaf4ac1046bc09	455	681	1147	117
METHOD_EXIT	com.ctrip.framework.apollo.biz.entity.ServiceRegistry#getId():long	374c100a7444fbe6b8ca	455	737	1203	215
METHOD_EXIT	com.ctrip.framework.apollo.biz.entity.ServiceRegistry#getServiceName():String	65669c59fab5c6b8dde0	455	740	1206	278
METHOD_ENTRY	com.ctrip.framework.apollo.biz.entity.ServiceRegistry#getServiceName():String	4d0e18126949148c8ccc	413	666	1090	224
METHOD_EXIT	com.ctrip.framework.apollo.biz.entity.ServiceRegistry#toString():String	69d3228772bd0e1166ee	455	815	1281	264
METHOD_ENTRY	com.ctrip.framework.apollo.biz.entity.ServiceRegistry#getUri():String	70799052a41d58b0df89	413	663	1087	225
METHOD_EXIT	com.ctrip.framework.apollo.biz.entity.ServiceRegistry#setServiceName(String):void	3c63e18e1a25efe2f8d6	455	687	1153	320
METHOD_ENTRY	com.ctrip.framework.apollo.biz.entity.ServiceRegistry#setId(long):void	c11f793a62e5c4307518	413	670	1094	55
METHOD_ENTRY	com.ctrip.framework.apollo.biz.entity.ServiceRegistry#setUri(String):void	64ef92c3adc149de1680	413	670	1094	304
METHOD_ENTRY	com.ctrip.framework.apollo.biz.entity.ServiceRegistry#setServiceName(String):void	a6f0576ff438ba2f66ff	413	676	1100	131
METHOD_EXIT	com.ctrip.framework.apollo.biz.entity.ServiceRegistry#getUri():String	2718efdf31dad066f887	455	737	1203	268
METHOD_EXIT	com.ctrip.framework.apollo.biz.entity.ServiceRegistry#setCluster(String):void	e2a5501aaed9e6d78ce7	455	681	1147	265
METHOD_ENTRY	com.ctrip.framework.apollo.biz.entity.ServiceRegistry#getMetadata():Map<String, String>	ceab3b2a9edec4aed2f8	413	671	1095	259
METHOD_EXIT	com.ctrip.framework.apollo.biz.entity.ServiceRegistry#setUri(String):void	a9a1ed9a00337d44fcd5	455	681	1147	250
METHOD_ENTRY	com.ctrip.framework.apollo.biz.entity.ServiceRegistry#setCluster(String):void	a6a5fd43e53a88bae4b6	413	670	1094	123
METHOD_EXIT	com.ctrip.framework.apollo.biz.entity.ServiceRegistry#getCluster():String	780da65747c45d0d22c2	455	737	1203	234
METHOD_ENTRY	com.ctrip.framework.apollo.biz.entity.ServiceRegistry#getCluster():String	baef26a75830701691a3	413	663	1087	233
METHOD_EXIT	com.ctrip.framework.apollo.biz.entity.ServiceRegistry#setMetadata(Map<String, String>):void	f6bb277358843fd31f12	455	691	1157	330
METHOD_ENTRY	com.ctrip.framework.apollo.biz.entity.ServiceRegistry#getDataChangeCreatedTime():LocalDateTime	30b1c755333fe55246c7	413	676	1100	284
METHOD_ENTRY	com.ctrip.framework.apollo.biz.entity.ServiceRegistry#setDataChangeCreatedTime(LocalDateTime):void	8ff26a8edf085e735c7f	413	694	1118	220
METHOD_ENTRY	com.ctrip.framework.apollo.biz.entity.ServiceRegistry#setMetadata(Map<String, String>):void	246003934af5640aebff	413	680	1104	253
METHOD_EXIT	com.ctrip.framework.apollo.biz.entity.ServiceRegistry#getMetadata():Map<String, String>	5d065c7f6adbf3b1956f	455	748	1214	276
METHOD_ENTRY	com.ctrip.framework.apollo.biz.entity.ServiceRegistry#setDataChangeLastModifiedTime(LocalDateTime):void	d4a1a06e6a1cef7203a0	413	700	1124	195
METHOD_ENTRY	com.ctrip.framework.apollo.biz.entity.ServiceRegistry#getDataChangeLastModifiedTime():LocalDateTime	3a93c92c96d7982c196f	413	679	1103	239
METHOD_ENTRY	com.ctrip.framework.apollo.biz.entity.ServerConfig#getKey():String	d8fc6a0858ab4ced9dbc	413	518	942	272
METHOD_EXIT	com.ctrip.framework.apollo.biz.entity.ServiceRegistry#setDataChangeLastModifiedTime(LocalDateTime):void	d4ea61f926688185d012	455	711	1177	146
METHOD_EXIT	com.ctrip.framework.apollo.biz.entity.ServiceRegistry#getDataChangeCreatedTime():LocalDateTime	c0233642992b56f15bc3	455	752	1218	288
METHOD_EXIT	com.ctrip.framework.apollo.biz.entity.ServerConfig#getKey():String	eafed2d3b7620b37a564	455	592	1058	219
METHOD_EXIT	com.ctrip.framework.apollo.biz.entity.ServiceRegistry#setDataChangeCreatedTime(LocalDateTime):void	9a6692ef3199f7650acb	455	705	1171	317
METHOD_EXIT	com.ctrip.framework.apollo.biz.entity.ServiceRegistry#getDataChangeLastModifiedTime():LocalDateTime	4a25c78d6c3e8091f80e	455	755	1221	326
METHOD_ENTRY	com.ctrip.framework.apollo.biz.entity.ServerConfig#setValue(String):void	d51c9736d478b2bbadb5	413	525	949	245
METHOD_EXIT	com.ctrip.framework.apollo.biz.entity.ServerConfig#setValue(String):void	05ac680f7fb33d375db9	455	536	1002	196
METHOD_EXIT	com.ctrip.framework.apollo.biz.entity.ServerConfig#setKey(String):void	723532233c5473a1076a	455	536	1002	175
METHOD_EXIT	com.ctrip.framework.apollo.biz.entity.ServerConfig#getValue():String	f72be132baaf8a1426e6	455	592	1058	239
METHOD_ENTRY	com.ctrip.framework.apollo.biz.entity.ServerConfig#setKey(String):void	0b67034297e7ad81c9d9	413	525	949	105
METHOD_EXIT	com.ctrip.framework.apollo.biz.entity.ServerConfig#getComment():String	dedb8aff1f0d83bd70c9	455	592	1058	276
METHOD_ENTRY	com.ctrip.framework.apollo.biz.entity.ServerConfig#getComment():String	e0727d56e5bcbb4adde6	413	518	942	260
METHOD_EXIT	com.ctrip.framework.apollo.biz.entity.ServerConfig#getCluster():String	0ebbc023ac83fc596c3c	455	592	1058	286
METHOD_ENTRY	com.ctrip.framework.apollo.biz.entity.ServerConfig#setCluster(String):void	a3f330541e1fbb60b8b2	413	525	949	245
METHOD_EXIT	com.ctrip.framework.apollo.biz.entity.ServerConfig#setComment(String):void	f08d7fb7dee1693cebbc	455	536	1002	225
METHOD_EXIT	com.ctrip.framework.apollo.biz.entity.ServerConfig#setCluster(String):void	80f8156fdd511987dca7	455	536	1002	163
METHOD_ENTRY	com.ctrip.framework.apollo.biz.entity.ServerConfig#setComment(String):void	a2ce88dfdc5e283f1d9f	413	525	949	111
METHOD_ENTRY	com.ctrip.framework.apollo.biz.entity.ServerConfig#getCluster():String	2c77e044c704430dea0a	413	518	942	202
METHOD_EXIT	com.ctrip.framework.apollo.biz.entity.ServerConfig#toString():String	ccf45dda96108a373284	455	627	1093	262
METHOD_ENTRY	com.ctrip.framework.apollo.biz.entity.ServerConfig#toString():String	870227011391e1c14809	413	553	977	244
METHOD_ENTRY	com.ctrip.framework.apollo.biz.entity.ServerConfig#getValue():String	9e9c0a3295520c18b774	413	518	942	200
METHOD_ENTRY	com.ctrip.framework.apollo.biz.service.ItemService#batchDelete(long,String):int	50c4f7959bab86c92101	413	806	1230	133
METHOD_EXIT	com.ctrip.framework.apollo.biz.service.ItemService#findOne(String,String,String,String):Item	debe401e1dd7f964c06a	455	930	1396	281
METHOD_EXIT	com.ctrip.framework.apollo.biz.service.ItemService#delete(long,String):Item	8c0b6818c957e43eb0ab	455	956	1422	224
METHOD_ENTRY	com.ctrip.framework.apollo.biz.service.ItemService#delete(long,String):Item	5bd08083f3d8bb8c07ce	413	879	1303	193
METHOD_EXIT	com.ctrip.framework.apollo.biz.service.ItemService#findLastOne(long):Item	40c2311fe233a20aaec5	455	878	1344	251
METHOD_EXIT	com.ctrip.framework.apollo.biz.service.ItemService#findLastOne(String,String,String):Item	790e1b3fe766cea642db	455	916	1382	325
METHOD_EXIT	com.ctrip.framework.apollo.biz.service.ItemService#batchDelete(long,String):int	fb5f5002dfca82538b14	455	883	1349	257
METHOD_ENTRY	com.ctrip.framework.apollo.biz.service.ItemService#findOne(String,String,String,String):Item	9f18feebd2ac63baf222	413	853	1277	291
METHOD_ENTRY	com.ctrip.framework.apollo.biz.service.ItemService#findOne(long):Item	85fb0fce33c61556667c	413	795	1219	231
METHOD_EXIT	com.ctrip.framework.apollo.biz.service.ItemService#findOne(long):Item	eb0be86f198ff9d9f036	455	872	1338	208
METHOD_ENTRY	com.ctrip.framework.apollo.biz.service.ItemService#findLastOne(String,String,String):Item	36474a88e94668bb8678	413	839	1263	306
METHOD_ENTRY	com.ctrip.framework.apollo.biz.service.ItemService#findItemsWithoutOrdered(Long):List<Item>	0791002afebe08205804	413	824	1248	92
METHOD_ENTRY	com.ctrip.framework.apollo.biz.service.ItemService#findItemsWithOrdered(Long):List<Item>	5e1d74ad92ffaabe04d9	413	829	1253	306
METHOD_ENTRY	com.ctrip.framework.apollo.biz.service.ItemService#findLastOne(long):Item	8e77c2ae8be10470edf4	413	801	1225	49
METHOD_EXIT	com.ctrip.framework.apollo.biz.service.ItemService#findItemsWithOrdered(Long):List<Item>	5030f2bb0a56ffbc5449	455	907	1373	299
METHOD_EXIT	com.ctrip.framework.apollo.biz.service.ItemService#findItemsWithOrdered(String,String,String):List<Item>	033e461db42621518fc0	455	932	1398	325
METHOD_EXIT	com.ctrip.framework.apollo.biz.service.ItemService#findItemsWithoutOrdered(String,String,String):List<Item>	d25965b999b5db725f21	455	933	1399	287
METHOD_ENTRY	com.ctrip.framework.apollo.biz.service.ItemService#findItemsModifiedAfterDate(long,Date):List<Item>	944bbf046825a145dffd	413	823	1247	183
METHOD_ENTRY	com.ctrip.framework.apollo.biz.service.ItemService#findItemsWithoutOrdered(String,String,String):List<Item>	d79025c2589cd7da3107	413	855	1279	219
METHOD_ENTRY	com.ctrip.framework.apollo.biz.service.ItemService#findNonEmptyItemCount(long):int	e31e6a143bb210db1d3c	413	802	1226	227
METHOD_EXIT	com.ctrip.framework.apollo.biz.service.ItemService#findNonEmptyItemCount(long):int	9bf93065dbe7d0b65f79	455	879	1345	177
METHOD_EXIT	com.ctrip.framework.apollo.biz.service.ItemService#findItemsByKey(String,Pageable):Page<Item>	6b71da17c7b947d96233	455	887	1353	282
METHOD_EXIT	com.ctrip.framework.apollo.biz.service.ItemService#findItemsWithoutOrdered(Long):List<Item>	1051d565bed66d1d5f46	455	902	1368	310
METHOD_ENTRY	com.ctrip.framework.apollo.biz.service.ItemService#findItemsWithOrdered(String,String,String):List<Item>	350fdb211b50e77ed63e	413	854	1278	225
METHOD_EXIT	com.ctrip.framework.apollo.biz.service.ItemService#findItemsByNamespace(String,String,String,Pageable):Page<Item>	c4b4d50660504961c751	455	940	1406	268
METHOD_ENTRY	com.ctrip.framework.apollo.biz.service.ItemService#findItemsByKey(String,Pageable):Page<Item>	479ec3b0388c17d0b6f8	413	809	1233	274
METHOD_EXIT	com.ctrip.framework.apollo.biz.service.ItemService#getItemInfoBySearch(String,String,Pageable):Page<ItemInfoDTO>	81f35137f87a303ae5c0	455	1001	1467	313
METHOD_ENTRY	com.ctrip.framework.apollo.biz.service.ItemService#save(Item):Item	7ab6ed23c8a3ea554e79	413	919	1343	147
METHOD_EXIT	com.ctrip.framework.apollo.biz.service.ItemService#findItemsModifiedAfterDate(long,Date):List<Item>	4cf97091892def8ac7ad	455	901	1367	238
METHOD_ENTRY	com.ctrip.framework.apollo.biz.service.ItemService#saveComment(Item):Item	618a5919b1cf575efb85	413	900	1324	280
METHOD_ENTRY	com.ctrip.framework.apollo.biz.service.ItemService#getItemInfoBySearch(String,String,Pageable):Page<ItemInfoDTO>	4302a21562a122045ef7	413	921	1345	271
METHOD_ENTRY	com.ctrip.framework.apollo.biz.service.ItemService#update(Item):Item	2c0550f8c960b522c525	413	876	1300	231
METHOD_EXIT	com.ctrip.framework.apollo.biz.service.ItemService#saveComment(Item):Item	02c7590df43bcdcb1b15	455	977	1443	287
METHOD_ENTRY	com.ctrip.framework.apollo.biz.service.ItemService#findItemsByNamespace(String,String,String,Pageable):Page<Item>	1ad623f3642d1dcfc226	413	862	1286	260
METHOD_EXIT	com.ctrip.framework.apollo.biz.service.ItemService#checkItemValueLength(long,String):boolean	5b3cf811f05f99100465	455	991	1457	202
METHOD_EXIT	com.ctrip.framework.apollo.biz.service.ItemService#save(Item):Item	579c8f4971240c7884c4	455	996	1462	283
METHOD_EXIT	com.ctrip.framework.apollo.biz.service.ItemService#update(Item):Item	974dd1bbc1ac30a8bd3d	455	953	1419	274
METHOD_EXIT	com.ctrip.framework.apollo.biz.service.ItemService#getGrayNamespaceItemValueLengthLimit(Namespace,int):int	f4918999d640a5f13d10	455	944	1410	209
METHOD_ENTRY	com.ctrip.framework.apollo.biz.service.ItemService#checkItemKeyLength(String):boolean	efe17194a0758b5d7505	413	833	1257	299
METHOD_ENTRY	com.ctrip.framework.apollo.biz.service.ItemService#checkItemType(int):boolean	8d23cd8c244c28daaadf	413	823	1247	149
METHOD_ENTRY	com.ctrip.framework.apollo.biz.service.ItemService#getGrayNamespaceItemValueLengthLimit(Namespace,int):int	9269ba8f080f3a9dd838	413	867	1291	108
METHOD_ENTRY	com.ctrip.framework.apollo.biz.service.ItemService#checkItemValueLength(long,String):boolean	8614734baa20094f6a7d	413	914	1338	264
METHOD_ENTRY	com.ctrip.framework.apollo.biz.service.ItemService#getItemValueLengthLimit(Namespace):int	9eda4e7728f85017a1f0	413	912	1336	216
METHOD_EXIT	com.ctrip.framework.apollo.biz.service.ItemService#getItemValueLengthLimit(Namespace):int	6e135da9e26b30f6dcf9	455	989	1455	383
METHOD_ENTRY	com.ctrip.framework.apollo.biz.service.NamespaceLockService#findLock(Long):NamespaceLock	546ec9a2b0692b4eeed8	413	459	883	126
METHOD_ENTRY	com.ctrip.framework.apollo.biz.service.ItemService#findNamespaceByAppIdAndClusterNameAndNamespaceName(String,String,String):Namespace	1aa4f7adaffbf1477589	413	870	1294	304
METHOD_EXIT	com.ctrip.framework.apollo.biz.service.ItemService#findNamespaceByAppIdAndClusterNameAndNamespaceName(String,String,String):Namespace	1d0a7531dbe2ba4f9186	455	947	1413	269
METHOD_EXIT	com.ctrip.framework.apollo.biz.service.NamespaceLockService#findLock(Long):NamespaceLock	96a9c9327e064090330f	455	537	1003	220
METHOD_EXIT	com.ctrip.framework.apollo.biz.service.ItemService#checkItemType(int):boolean	194218a482770d3c18d8	455	900	1366	215
METHOD_ENTRY	com.ctrip.framework.apollo.biz.service.NamespaceLockService#tryLock(NamespaceLock):NamespaceLock	02eaae5661dab1b608c6	413	461	885	291
METHOD_EXIT	com.ctrip.framework.apollo.biz.service.NamespaceLockService#tryLock(NamespaceLock):NamespaceLock	23d84cda626180646b1a	455	539	1005	243
METHOD_ENTRY	com.ctrip.framework.apollo.biz.service.NamespaceLockService#unlock(Long):void	68892b3ab7437aded5b8	413	457	881	95
METHOD_EXIT	com.ctrip.framework.apollo.biz.service.ItemService#checkItemKeyLength(String):boolean	4a95ad459d960432e5b8	455	910	1376	244
METHOD_EXIT	com.ctrip.framework.apollo.biz.service.NamespaceLockService#unlock(Long):void	65259d009747b74c4e5d	455	468	934	187
METHOD_ENTRY	com.ctrip.framework.apollo.biz.service.AuditService#findByOwner(String):List<Audit>	076e70c6b1109b45701a	413	477	901	293
METHOD_ENTRY	com.ctrip.framework.apollo.biz.service.AuditService#audit(Audit):void	b8a307e6f76fbd096e9d	413	471	895	237
METHOD_EXIT	com.ctrip.framework.apollo.biz.service.AuditService#audit(Audit):void	3962081d067a0940b13f	455	482	948	249
METHOD_ENTRY	com.ctrip.framework.apollo.biz.service.AuditService#find(String,String,String):List<Audit>	c38c8c1b2a1146ce6322	413	495	919	268
METHOD_ENTRY	com.ctrip.framework.apollo.biz.service.AuditService#audit(String,Long,Audit.OP,String):void	fd60aa1b0ac705e03347	413	545	969	296
METHOD_EXIT	com.ctrip.framework.apollo.biz.service.AuditService#find(String,String,String):List<Audit>	e77c70f3de818dcfd205	455	574	1040	288
METHOD_EXIT	com.ctrip.framework.apollo.biz.service.AuditService#audit(String,Long,Audit.OP,String):void	4c87e75c284fcb1d3e54	455	556	1022	279
METHOD_EXIT	com.ctrip.framework.apollo.biz.service.AuditService#findByOwner(String):List<Audit>	479554d03817f93aebc0	455	556	1022	311
METHOD_ENTRY	com.ctrip.framework.apollo.biz.service.ReleaseService#findOne(long):Release	6564c80ebcae5286ee0b	413	1136	1560	211
METHOD_ENTRY	com.ctrip.framework.apollo.biz.service.ReleaseService#findActiveOne(long):Release	bb5d88437df1887ce17d	413	1139	1563	150
METHOD_ENTRY	com.ctrip.framework.apollo.biz.service.ReleaseService#findByReleaseIds(Set<Long>):List<Release>	33d7ea4eff81ee4b7f41	413	1178	1602	226
METHOD_ENTRY	com.ctrip.framework.apollo.biz.service.ReleaseService#findByReleaseKey(String):Release	e04e46b4f6f228195567	413	1137	1561	254
METHOD_EXIT	com.ctrip.framework.apollo.biz.service.ReleaseService#findByReleaseKey(String):Release	82f4a2be1aa3ae2999e6	455	1214	1680	310
METHOD_EXIT	com.ctrip.framework.apollo.biz.service.ReleaseService#findByReleaseIds(Set<Long>):List<Release>	1188182566cca6283b76	455	1257	1723	336
METHOD_EXIT	com.ctrip.framework.apollo.biz.service.ReleaseService#findOne(long):Release	eb84e1edcf82ad29a1a7	455	1213	1679	296
METHOD_ENTRY	com.ctrip.framework.apollo.biz.service.ReleaseService#findLatestActiveRelease(Namespace):Release	dd7a7339b8377df1a01d	413	1147	1571	226
METHOD_EXIT	com.ctrip.framework.apollo.biz.service.ReleaseService#findLatestActiveRelease(Namespace):Release	5b3200a920bf72aa8c53	455	1224	1690	321
METHOD_ENTRY	com.ctrip.framework.apollo.biz.service.ReleaseService#findLatestActiveRelease(String,String,String):Release	11d3cbd29158b52e29c1	413	1184	1608	269
METHOD_EXIT	com.ctrip.framework.apollo.biz.service.ReleaseService#findAllReleases(String,String,String,Pageable):List<Release>	d4fccf0de9b30a7a3eb8	455	1301	1767	305
METHOD_ENTRY	com.ctrip.framework.apollo.biz.service.ReleaseService#findByReleaseKeys(Set<String>):List<Release>	336bc5a262f8b1dc24e6	413	1148	1572	267
METHOD_EXIT	com.ctrip.framework.apollo.biz.service.ReleaseService#findActiveOne(long):Release	cd9870a704710d95c6d6	455	1216	1682	264
METHOD_ENTRY	com.ctrip.framework.apollo.biz.service.ReleaseService#findAllReleases(String,String,String,Pageable):List<Release>	8df5a8a3dbef24a334ec	413	1222	1646	221
METHOD_EXIT	com.ctrip.framework.apollo.biz.service.ReleaseService#findByReleaseKeys(Set<String>):List<Release>	e8ec7c2a2c2e57d5778a	455	1227	1693	327
METHOD_ENTRY	com.ctrip.framework.apollo.biz.service.ReleaseService#findActiveReleases(String,String,String,Pageable):List<Release>	dd77c4144aebfcae5be6	413	1228	1652	223
METHOD_ENTRY	com.ctrip.framework.apollo.biz.service.ReleaseService#findActiveReleasesBetween(String,String,String,long,long):List<Release>	f00b510834ce6177e5f1	413	1256	1680	272
METHOD_EXIT	com.ctrip.framework.apollo.biz.service.ReleaseService#findLatestActiveRelease(String,String,String):Release	6acef66b9c6382612731	455	1261	1727	293
METHOD_EXIT	com.ctrip.framework.apollo.biz.service.ReleaseService#findActiveReleases(String,String,String,Pageable):List<Release>	9a3aa586908c0c396136	455	1307	1773	279
METHOD_ENTRY	com.ctrip.framework.apollo.biz.service.ReleaseService#publish(Namespace,String,String,String,boolean):Release	7d622d80090fa5d1afb0	413	1415	1839	264
METHOD_ENTRY	com.ctrip.framework.apollo.biz.service.ReleaseService#publishBranchNamespace(Namespace,Namespace,Map<String, String>,String,String,String,boolean,Set<String>):Release	d58e9c75e799e0e0fcb4	413	1400	1824	326
METHOD_EXIT	com.ctrip.framework.apollo.biz.service.ReleaseService#mergeBranchChangeSetsAndRelease(Namespace,String,String,String,boolean,ItemChangeSets):Release	a7a17aa1ec3f07191aff	455	1467	1933	296
METHOD_ENTRY	com.ctrip.framework.apollo.biz.service.ReleaseService#mergeBranchChangeSetsAndRelease(Namespace,String,String,String,boolean,ItemChangeSets):Release	a5f39e963e57e85d65df	413	1390	1814	307
METHOD_EXIT	com.ctrip.framework.apollo.biz.service.ReleaseService#publish(Namespace,String,String,String,boolean):Release	d739d9b4fb446b1765b6	455	1492	1958	292
METHOD_EXIT	com.ctrip.framework.apollo.biz.service.ReleaseService#findActiveReleasesBetween(String,String,String,long,long):List<Release>	21a7a3edc2834703ec77	455	1335	1801	289
METHOD_ENTRY	com.ctrip.framework.apollo.biz.service.ReleaseService#checkLock(Namespace,boolean,String):void	2d631df1e8f755795b61	413	1203	1627	182
METHOD_EXIT	com.ctrip.framework.apollo.biz.service.ReleaseService#publishBranchNamespace(Namespace,Namespace,Map<String, String>,String,String,String,boolean,Set<String>):Release	5d2eb0e6c31b34fa8de4	455	1477	1943	287
METHOD_ENTRY	com.ctrip.framework.apollo.biz.service.ReleaseService#grayDeletionPublish(Namespace,String,String,String,boolean,Set<String>):Release	128f23ef5d063575d96c	413	1287	1711	257
METHOD_EXIT	com.ctrip.framework.apollo.biz.service.ReleaseService#grayDeletionPublish(Namespace,String,String,String,boolean,Set<String>):Release	98b90a2c056ef1a8e9f1	455	1364	1830	309
METHOD_EXIT	com.ctrip.framework.apollo.biz.service.ReleaseService#mergeFromMasterAndPublishBranch(Namespace,Namespace,Map<String, String>,String,String,String,Release,Release,boolean):void	acd2f5d6d12aae8e21ab	455	1510	1976	291
METHOD_EXIT	com.ctrip.framework.apollo.biz.service.ReleaseService#checkLock(Namespace,boolean,String):void	cbad8b79b800cb7020d0	455	1214	1680	378
METHOD_EXIT	com.ctrip.framework.apollo.biz.service.ReleaseService#getBranchReleaseKeys(long):Collection<String>	afa5a96d77a98e7ca332	455	1375	1841	309
METHOD_ENTRY	com.ctrip.framework.apollo.biz.service.ReleaseService#mergeFromMasterAndPublishBranch(Namespace,Namespace,Map<String, String>,String,String,String,Release,Release,boolean):void	9c102c2c86fd47a6de08	413	1499	1923	257
METHOD_ENTRY	com.ctrip.framework.apollo.biz.service.ReleaseService#getBranchReleaseKeys(long):Collection<String>	fd7219a39269b232f743	413	1297	1721	155
METHOD_ENTRY	com.ctrip.framework.apollo.biz.service.ReleaseService#masterRelease(Namespace,String,String,Map<String, String>,String,int,Map<String, Object>):Release	d9c6d35d0bbd3d98e813	413	1309	1733	182
METHOD_EXIT	com.ctrip.framework.apollo.biz.service.ReleaseService#publishBranchNamespace(Namespace,Namespace,Map<String, String>,String,String,String,boolean):Release	ba35683a4463ab99702d	455	1316	1782	272
METHOD_EXIT	com.ctrip.framework.apollo.biz.service.ReleaseService#branchRelease(Namespace,Namespace,String,String,Map<String, String>,long,String,int,boolean,Collection<String>):Release	797e9764b0356383aa50	455	1613	2079	266
METHOD_EXIT	com.ctrip.framework.apollo.biz.service.ReleaseService#masterRelease(Namespace,String,String,Map<String, String>,String,int,Map<String, Object>):Release	9d47ef3aceba92f1c332	455	1386	1852	337
METHOD_ENTRY	com.ctrip.framework.apollo.biz.service.ReleaseService#branchRelease(Namespace,Namespace,String,String,Map<String, String>,long,String,int,boolean,Collection<String>):Release	08acbcd118de37f7d4db	413	1536	1960	234
METHOD_ENTRY	com.ctrip.framework.apollo.biz.service.ReleaseService#publishBranchNamespace(Namespace,Namespace,Map<String, String>,String,String,String,boolean):Release	9228b3f791a0432240ca	413	1239	1663	251
METHOD_EXIT	com.ctrip.framework.apollo.biz.service.ReleaseService#createRelease(Namespace,String,String,Map<String, String>,String):Release	57ea2e359ee64d6500a3	455	1399	1865	270
METHOD_ENTRY	com.ctrip.framework.apollo.biz.service.ReleaseService#getNamespaceItems(Namespace):Map<String, String>	700161907c43b940c876	413	1202	1626	269
METHOD_ENTRY	com.ctrip.framework.apollo.biz.service.ReleaseService#mergeConfiguration(Map<String, String>,Map<String, String>):Map<String, String>	c05eccf84149f02a3b28	413	1226	1650	285
METHOD_ENTRY	com.ctrip.framework.apollo.biz.service.ReleaseService#createRelease(Namespace,String,String,Map<String, String>,String):Release	cbf2f43d95fcc26d3dce	413	1322	1746	297
METHOD_EXIT	com.ctrip.framework.apollo.biz.service.ReleaseService#mergeConfiguration(Map<String, String>,Map<String, String>):Map<String, String>	94cd67695bf27b5bcfab	455	1306	1772	340
METHOD_EXIT	com.ctrip.framework.apollo.biz.service.ReleaseService#getNamespaceItems(Namespace):Map<String, String>	ac44a0d3cef32e581b81	455	1282	1748	282
METHOD_ENTRY	com.ctrip.framework.apollo.biz.service.ReleaseService#rollbackTo(long,long,String):Release	35d0d0509904a19761ca	413	1460	1884	235
METHOD_ENTRY	com.ctrip.framework.apollo.biz.service.ReleaseService#rollback(long,String):Release	405f59676676a721cc67	413	1433	1857	87
METHOD_EXIT	com.ctrip.framework.apollo.biz.service.ReleaseService#rollbackChildNamespace(String,String,String,List<Release>,String):void	c9e7837b51ea1e4bec37	455	1567	2033	440
METHOD_EXIT	com.ctrip.framework.apollo.biz.service.ReleaseService#rollbackTo(long,long,String):Release	539cc3b17f1e4f46d998	455	1537	2003	274
METHOD_EXIT	com.ctrip.framework.apollo.biz.service.ReleaseService#calculateChildNamespaceToPublishConfiguration(Map<String, String>,Map<String, String>,Map<String, String>,Collection<String>):Map<String, String>	cfb7a4401b01ebf166dc	455	1383	1849	312
METHOD_ENTRY	com.ctrip.framework.apollo.biz.service.CommitService#createCommit(String,String,String,String,String):void	fe60d2ee91363f87e44d	413	617	1041	276
METHOD_EXIT	com.ctrip.framework.apollo.biz.service.ReleaseService#rollback(long,String):Release	8b548b83afb086432683	455	1510	1976	295
METHOD_EXIT	com.ctrip.framework.apollo.biz.service.CommitService#createCommit(String,String,String,String,String):void	2afe2929d540f879027d	455	628	1094	220
METHOD_ENTRY	com.ctrip.framework.apollo.biz.service.ReleaseService#calculateChildNamespaceToPublishConfiguration(Map<String, String>,Map<String, String>,Map<String, String>,Collection<String>):Map<String, String>	2d6b591c683caaa375e9	413	1303	1727	270
METHOD_ENTRY	com.ctrip.framework.apollo.biz.service.CommitService#find(String,String,String,Pageable):List<Commit>	a45003927b24f0262eeb	413	566	990	266
METHOD_ENTRY	com.ctrip.framework.apollo.biz.service.ReleaseService#rollbackChildNamespace(String,String,String,List<Release>,String):void	79be38094c4de250d8e8	413	1556	1980	340
METHOD_ENTRY	com.ctrip.framework.apollo.biz.service.CommitService#find(String,String,String,Date,Pageable):List<Commit>	fc94d6cfbaec24b413bc	413	598	1022	232
METHOD_EXIT	com.ctrip.framework.apollo.biz.service.CommitService#find(String,String,String,Pageable):List<Commit>	d9a05da6912cfe7ade32	455	645	1111	227
METHOD_ENTRY	com.ctrip.framework.apollo.biz.service.CommitService#batchDelete(String,String,String,String):int	70997bcdbcd0ef39e3a5	413	550	974	259
METHOD_EXIT	com.ctrip.framework.apollo.biz.service.CommitService#find(String,String,String,Date,Pageable):List<Commit>	526cb3bec45afa157fd4	455	677	1143	309
METHOD_EXIT	com.ctrip.framework.apollo.biz.service.CommitService#batchDelete(String,String,String,String):int	d40914b27ee28d54d98a	455	627	1093	235
METHOD_ENTRY	com.ctrip.framework.apollo.biz.service.CommitService#findByKey(String,String,String,String,Pageable):List<Commit>	718d6e95d7ba2744c00c	413	606	1030	249
METHOD_ENTRY	com.ctrip.framework.apollo.biz.service.ReleaseService#batchDelete(String,String,String,String):int	651e55c612a8ec1a3117	413	1172	1596	257
METHOD_EXIT	com.ctrip.framework.apollo.biz.service.CommitService#findByKey(String,String,String,String,Pageable):List<Commit>	2a713dd8536729bab1c1	455	685	1151	310
METHOD_ENTRY	com.ctrip.framework.apollo.biz.service.ReleaseService#calculateBranchModifiedItemsAccordingToRelease(Map<String, String>,Map<String, String>,Collection<String>):Map<String, String>	e445a369c5c2a03e5619	413	1404	1828	332
METHOD_EXIT	com.ctrip.framework.apollo.biz.service.ReleaseService#batchDelete(String,String,String,String):int	5bea5a3cd87b31ee1542	455	1249	1715	240
METHOD_EXIT	com.ctrip.framework.apollo.biz.service.ReleaseService#calculateBranchModifiedItemsAccordingToRelease(Map<String, String>,Map<String, String>,Collection<String>):Map<String, String>	3b38557aec774ca32374	455	1484	1950	409
METHOD_EXIT	com.ctrip.framework.apollo.biz.service.ReleaseHistoryService#findReleaseHistoriesByNamespace(String,String,String,Pageable):Page<ReleaseHistory>	43938c1e6edd6671164f	455	879	1345	296
METHOD_EXIT	com.ctrip.framework.apollo.biz.service.ReleaseHistoryService#initialize():void	7e4aa2316df22c955611	455	834	1300	238
METHOD_EXIT	com.ctrip.framework.apollo.biz.service.ReleaseHistoryService#findByReleaseIdAndOperation(long,int,Pageable):Page<ReleaseHistory>	41f002dbed3c48c366a3	455	859	1325	259
METHOD_EXIT	com.ctrip.framework.apollo.biz.service.ReleaseHistoryService#findByPreviousReleaseIdAndOperation(long,int,Pageable):Page<ReleaseHistory>	162e05b5dc0c4d23d68f	455	866	1332	294
METHOD_ENTRY	com.ctrip.framework.apollo.biz.service.ReleaseHistoryService#findByPreviousReleaseIdAndOperation(long,int,Pageable):Page<ReleaseHistory>	f0811c35819b160e95b5	413	786	1210	226
METHOD_ENTRY	com.ctrip.framework.apollo.biz.service.ReleaseHistoryService#findByReleaseIdAndOperationInOrderByIdDesc(long,Set<Integer>,Pageable):Page<ReleaseHistory>	e94bb0ff880df1b51144	413	795	1219	213
METHOD_ENTRY	com.ctrip.framework.apollo.biz.service.ReleaseHistoryService#findByReleaseIdAndOperation(long,int,Pageable):Page<ReleaseHistory>	25bf443bb0087364c65e	413	779	1203	212
METHOD_ENTRY	com.ctrip.framework.apollo.biz.service.ReleaseHistoryService#findReleaseHistoriesByNamespace(String,String,String,Pageable):Page<ReleaseHistory>	fc4ac8d7c1c1acbed781	413	799	1223	310
METHOD_ENTRY	com.ctrip.framework.apollo.biz.service.ReleaseHistoryService#initialize():void	55d94b737a432efd0b8d	413	823	1247	196
METHOD_EXIT	com.ctrip.framework.apollo.biz.service.ReleaseHistoryService#createReleaseHistory(String,String,String,String,long,long,int,Map<String, Object>,String):ReleaseHistory	b610a0f58ca9ef371801	455	1176	1642	264
METHOD_ENTRY	com.ctrip.framework.apollo.biz.service.ReleaseHistoryService#batchDelete(String,String,String,String):int	4d866d02a5bd9bb47bb0	413	770	1194	187
METHOD_EXIT	com.ctrip.framework.apollo.biz.service.ReleaseHistoryService#batchDelete(String,String,String,String):int	6e9c6cfa192341be65ac	455	847	1313	207
METHOD_EXIT	com.ctrip.framework.apollo.biz.service.ReleaseHistoryService#releaseHistoryRetentionMaxId(ReleaseHistory,int):Optional<Long>	950c1542a6c64c9272a9	455	935	1401	247
METHOD_ENTRY	com.ctrip.framework.apollo.biz.service.ReleaseHistoryService#createReleaseHistory(String,String,String,String,long,long,int,Map<String, Object>,String):ReleaseHistory	48aeab3eb01dcc31f3c0	413	1098	1522	252
METHOD_EXIT	com.ctrip.framework.apollo.biz.service.ReleaseHistoryService#findByReleaseIdAndOperationInOrderByIdDesc(long,Set<Integer>,Pageable):Page<ReleaseHistory>	dd3d8030487aef2fa757	455	875	1341	247
METHOD_EXIT	com.ctrip.framework.apollo.biz.service.ReleaseHistoryService#doInTransactionWithoutResult(TransactionStatus):void	82d7898b004076b481de	455	714	1180	279
METHOD_ENTRY	com.ctrip.framework.apollo.biz.service.ReleaseHistoryService#releaseHistoryRetentionMaxId(ReleaseHistory,int):Optional<Long>	cec298b48784096c84c3	413	857	1281	225
METHOD_ENTRY	com.ctrip.framework.apollo.biz.service.ReleaseHistoryService#doInTransactionWithoutResult(TransactionStatus):void	4258544630f9edfea14e	413	703	1127	5
METHOD_EXIT	com.ctrip.framework.apollo.biz.service.ReleaseHistoryService#getReleaseHistoryRetentionLimit(ReleaseHistory):int	4352e23c834a1ad9074c	455	885	1351	352
METHOD_ENTRY	com.ctrip.framework.apollo.biz.service.ReleaseHistoryService#cleanReleaseHistory(ReleaseHistory):void	fb39f4420e03b2712578	413	1151	1575	202
METHOD_EXIT	com.ctrip.framework.apollo.biz.service.ReleaseMessageService#findLatestReleaseMessageForMessages(Collection<String>):ReleaseMessage	eba76fe2d896d9b67ae7	455	579	1045	320
METHOD_ENTRY	com.ctrip.framework.apollo.biz.service.ReleaseMessageService#findLatestReleaseMessagesGroupByMessages(Collection<String>):List<ReleaseMessage>	d1b90ae99e67de16e344	413	613	1037	274
METHOD_ENTRY	com.ctrip.framework.apollo.biz.service.ReleaseHistoryService#getReleaseHistoryRetentionLimit(ReleaseHistory):int	00935ffb758ef7aa1d30	413	808	1232	245
METHOD_ENTRY	com.ctrip.framework.apollo.biz.service.ReleaseMessageService#findLatestReleaseMessageForMessages(Collection<String>):ReleaseMessage	692636b7a447ebf682d9	413	501	925	316
METHOD_EXIT	com.ctrip.framework.apollo.biz.service.ReleaseHistoryService#stopClean():void	0211d8db0c2711dce977	455	732	1198	63
METHOD_EXIT	com.ctrip.framework.apollo.biz.service.ReleaseHistoryService#cleanReleaseHistory(ReleaseHistory):void	3d415d8ccfd594e68ee9	455	1162	1628	352
METHOD_ENTRY	com.ctrip.framework.apollo.biz.service.ReleaseHistoryService#stopClean():void	1b9c3f51ae35f0c80bb9	413	721	1145	69
METHOD_EXIT	com.ctrip.framework.apollo.biz.service.AdminService#createNewApp(App):App	fe102a39ae6fa9d556ad	455	630	1096	305
METHOD_EXIT	com.ctrip.framework.apollo.biz.service.ReleaseMessageService#findLatestReleaseMessagesGroupByMessages(Collection<String>):List<ReleaseMessage>	3e7626399ba4ec4a4628	455	693	1159	313
METHOD_ENTRY	com.ctrip.framework.apollo.biz.service.ServiceRegistryService#saveIfNotExistByServiceNameAndUri(ServiceRegistry):ServiceRegistry	229af797afa983ba9782	413	631	1055	254
METHOD_ENTRY	com.ctrip.framework.apollo.biz.service.ServiceRegistryService#delete(ServiceRegistry):void	60b1ae90694c691cf79d	413	502	926	148
METHOD_ENTRY	com.ctrip.framework.apollo.biz.service.AdminService#deleteApp(App,String):void	06d37b13688e1f36c9df	413	598	1022	260
METHOD_ENTRY	com.ctrip.framework.apollo.biz.service.AdminService#createNewApp(App):App	a1d436d0881e6ee6859b	413	553	977	312
METHOD_EXIT	com.ctrip.framework.apollo.biz.service.ServiceRegistryService#delete(ServiceRegistry):void	b9c15dfe8f84466c31af	455	513	979	218
METHOD_EXIT	com.ctrip.framework.apollo.biz.service.ServiceRegistryService#findByServiceNameDataChangeLastModifiedTimeGreaterThan(String,LocalDateTime):List<ServiceRegistry>	4807818eeea8d65ef46f	455	626	1092	357
METHOD_ENTRY	com.ctrip.framework.apollo.biz.service.ServiceRegistryService#findByServiceNameDataChangeLastModifiedTimeGreaterThan(String,LocalDateTime):List<ServiceRegistry>	251c899808a3c90e185b	413	547	971	169
METHOD_EXIT	com.ctrip.framework.apollo.biz.service.ServiceRegistryService#deleteTimeBefore(Duration):List<ServiceRegistry>	ebba07eb6bb1087fcdff	455	594	1060	297
METHOD_EXIT	com.ctrip.framework.apollo.biz.service.ServiceRegistryService#saveIfNotExistByServiceNameAndUri(ServiceRegistry):ServiceRegistry	9ece70d80958b7b01295	455	709	1175	324
METHOD_EXIT	com.ctrip.framework.apollo.biz.service.AdminService#deleteApp(App,String):void	c8244e9debc17dbe9aa4	455	609	1075	322
METHOD_ENTRY	com.ctrip.framework.apollo.biz.service.ServiceRegistryService#deleteTimeBefore(Duration):List<ServiceRegistry>	2f74ddf5366c3c57106c	413	515	939	92
METHOD_ENTRY	com.ctrip.framework.apollo.biz.service.NamespaceService#findOne(String,String,String):Namespace	d8e3507997b13f3697fd	413	918	1342	251
METHOD_EXIT	com.ctrip.framework.apollo.biz.service.NamespaceService#findOne(Long):Namespace	efbd1f8a28d045530725	455	963	1429	229
METHOD_EXIT	com.ctrip.framework.apollo.biz.service.NamespaceService#findByItem(String,Pageable):Page<Namespace>	c4a7e32ebc7e0d020a3d	455	1037	1503	245
METHOD_ENTRY	com.ctrip.framework.apollo.biz.service.NamespaceService#findPublicAppNamespaceAllNamespaces(String,Pageable):List<Namespace>	288b2177d756cfa52f23	413	979	1403	263
METHOD_ENTRY	com.ctrip.framework.apollo.biz.service.NamespaceService#findPublicNamespaceForAssociatedNamespace(String,String):Namespace	b0ef569798d8dd521918	413	1250	1674	297
METHOD_ENTRY	com.ctrip.framework.apollo.biz.service.NamespaceService#findByItem(String,Pageable):Page<Namespace>	bf85444c7b4a5a59bfe9	413	958	1382	225
METHOD_EXIT	com.ctrip.framework.apollo.biz.service.NamespaceService#findPublicAppNamespaceAllNamespaces(String,Pageable):List<Namespace>	53bee9cb0099205a161b	455	1058	1524	302
METHOD_ENTRY	com.ctrip.framework.apollo.biz.service.NamespaceService#findOne(Long):Namespace	77a0cf709391aac08516	413	886	1310	281
METHOD_EXIT	com.ctrip.framework.apollo.biz.service.NamespaceService#findOne(String,String,String):Namespace	aacd4adc00192a8b693a	455	995	1461	322
METHOD_EXIT	com.ctrip.framework.apollo.biz.service.NamespaceService#findPublicNamespaceForAssociatedNamespace(String,String):Namespace	ae044850f03364e0fe64	455	1327	1793	356
METHOD_ENTRY	com.ctrip.framework.apollo.biz.service.NamespaceService#filterChildNamespace(List<Namespace>):List<Namespace>	5e44f9d6371f7b83d7d8	413	944	1368	269
METHOD_EXIT	com.ctrip.framework.apollo.biz.service.NamespaceService#filterChildNamespace(List<Namespace>):List<Namespace>	41579813afa9b352280d	455	1023	1489	270
METHOD_ENTRY	com.ctrip.framework.apollo.biz.service.NamespaceService#findNamespaces(String,String):List<Namespace>	29ba4e9910256f56859c	413	937	1361	252
METHOD_ENTRY	com.ctrip.framework.apollo.biz.service.NamespaceService#findChildNamespace(String,String,String):Namespace	1bead89b7b733c28d544	413	1056	1480	321
METHOD_EXIT	com.ctrip.framework.apollo.biz.service.NamespaceService#findChildNamespace(String,String,String):Namespace	753976738861ef9dc587	455	1133	1599	316
METHOD_EXIT	com.ctrip.framework.apollo.biz.service.NamespaceService#findByAppIdAndNamespaceName(String,String):List<Namespace>	924a5daa2ae9e9a9bbee	455	999	1465	283
METHOD_ENTRY	com.ctrip.framework.apollo.biz.service.NamespaceService#findChildNamespace(Namespace):Namespace	b2a0a42bee6f1e7299ce	413	925	1349	240
METHOD_EXIT	com.ctrip.framework.apollo.biz.service.NamespaceService#countPublicAppNamespaceAssociatedNamespaces(String):int	5b37e159637d8b3127e5	455	1042	1508	234
METHOD_ENTRY	com.ctrip.framework.apollo.biz.service.NamespaceService#findParentNamespace(String,String,String):Namespace	fabdb36e7b2a572f9fff	413	912	1336	235
METHOD_EXIT	com.ctrip.framework.apollo.biz.service.NamespaceService#findChildNamespace(Namespace):Namespace	10198985226dfdd19a3f	455	1002	1468	401
METHOD_ENTRY	com.ctrip.framework.apollo.biz.service.NamespaceService#findByAppIdAndNamespaceName(String,String):List<Namespace>	d76c52e0b0a3ea273f30	413	920	1344	257
METHOD_ENTRY	com.ctrip.framework.apollo.biz.service.NamespaceService#findParentNamespace(Namespace):Namespace	4492bf59ffa8992626ab	413	964	1388	325
METHOD_EXIT	com.ctrip.framework.apollo.biz.service.NamespaceService#findNamespaces(String,String):List<Namespace>	ddeae3dbf3aef2580eba	455	1016	1482	323
METHOD_ENTRY	com.ctrip.framework.apollo.biz.service.NamespaceService#countPublicAppNamespaceAssociatedNamespaces(String):int	3c33b082c4dd50490be6	413	965	1389	259
METHOD_EXIT	com.ctrip.framework.apollo.biz.service.NamespaceService#findParentNamespace(String,String,String):Namespace	a236a6747cf521414881	455	989	1455	350
METHOD_EXIT	com.ctrip.framework.apollo.biz.service.NamespaceService#isChildNamespace(String,String,String):boolean	601de899aa86e3e7d998	455	989	1455	342
METHOD_ENTRY	com.ctrip.framework.apollo.biz.service.NamespaceService#isChildNamespace(String,String,String):boolean	f70c6f3a7a23344d63cc	413	912	1336	248
METHOD_EXIT	com.ctrip.framework.apollo.biz.service.NamespaceService#isChildNamespace(Namespace):boolean	bce139aeb4ed38c9c791	455	961	1427	206
METHOD_EXIT	com.ctrip.framework.apollo.biz.service.NamespaceService#findParentNamespace(Namespace):Namespace	01ccac41b195ab99868f	455	1041	1507	349
METHOD_EXIT	com.ctrip.framework.apollo.biz.service.NamespaceService#deleteByAppIdAndClusterName(String,String,String):void	cf7e72915f7a00dbc09e	455	953	1419	307
METHOD_ENTRY	com.ctrip.framework.apollo.biz.service.NamespaceService#deleteNamespace(Namespace,String):Namespace	153a1a03848dd63a53c6	413	1244	1668	259
METHOD_EXIT	com.ctrip.framework.apollo.biz.service.NamespaceService#deleteNamespace(Namespace,String):Namespace	f97d5ae21fdaea9033eb	455	1321	1787	234
METHOD_ENTRY	com.ctrip.framework.apollo.biz.service.NamespaceService#deleteByAppIdAndClusterName(String,String,String):void	d4f806fb5ff3ee4eee7c	413	942	1366	282
METHOD_EXIT	com.ctrip.framework.apollo.biz.service.NamespaceService#save(Namespace):Namespace	169afd1d12a55dd6d12e	455	1157	1623	319
METHOD_ENTRY	com.ctrip.framework.apollo.biz.service.NamespaceService#update(Namespace):Namespace	5e6db78a48855b209535	413	964	1388	267
METHOD_ENTRY	com.ctrip.framework.apollo.biz.service.NamespaceService#isNamespaceUnique(String,String,String):boolean	aa4fb7edf2dde5f88062	413	962	1386	319
METHOD_EXIT	com.ctrip.framework.apollo.biz.service.NamespaceService#update(Namespace):Namespace	2f4b912e7e310c0d5599	455	1041	1507	290
METHOD_ENTRY	com.ctrip.framework.apollo.biz.service.NamespaceService#save(Namespace):Namespace	3b4ff37f2d51395aa4b9	413	1080	1504	263
METHOD_ENTRY	com.ctrip.framework.apollo.biz.service.NamespaceService#isChildNamespace(Namespace):boolean	edbb874036580a665e1e	413	884	1308	206
METHOD_EXIT	com.ctrip.framework.apollo.biz.service.NamespaceService#isNamespaceUnique(String,String,String):boolean	ba1ff027ebc77b7890e2	455	1039	1505	270
METHOD_EXIT	com.ctrip.framework.apollo.biz.service.NamespaceService#instanceOfAppNamespaces(String,String,String):void	4a921c38d533a3315ec7	455	1027	1493	256
METHOD_ENTRY	com.ctrip.framework.apollo.biz.service.NamespaceService#namespacePublishInfo(String):Map<String, Boolean>	dc6060a08d7c128b7e71	413	1045	1469	124
METHOD_ENTRY	com.ctrip.framework.apollo.biz.service.NamespaceService#isNamespaceNotPublished(Namespace):boolean	fe447ee1a825dee8b7ba	413	1055	1479	200
METHOD_EXIT	com.ctrip.framework.apollo.biz.service.BizDBPropertySource#runSqlScript():void	5b536f4d9a7abdebc5d0	455	561	1027	299
METHOD_ENTRY	com.ctrip.framework.apollo.biz.service.BizDBPropertySource#getCurrentDataCenter():String	58c653d9e6dfa28a489f	413	481	905	5
METHOD_EXIT	com.ctrip.framework.apollo.biz.service.BizDBPropertySource#getCurrentDataCenter():String	74e072c8782903169f1a	455	555	1021	242
METHOD_ENTRY	com.ctrip.framework.apollo.biz.service.BizDBPropertySource#refresh():void	dddd353825c9d24cc31d	413	811	1235	244
METHOD_ENTRY	com.ctrip.framework.apollo.biz.service.BizDBPropertySource#runSqlScript():void	5a0cce1fa0dbf0b0ad69	413	550	974	263
METHOD_ENTRY	com.ctrip.framework.apollo.biz.service.ClusterService#isClusterNameUnique(String,String):boolean	7a43f0d606bc2cf4f6f1	413	632	1056	214
METHOD_ENTRY	com.ctrip.framework.apollo.biz.service.NamespaceService#instanceOfAppNamespaces(String,String,String):void	dc5d14896ca743007f11	413	1016	1440	272
METHOD_ENTRY	com.ctrip.framework.apollo.biz.service.ClusterService#findOne(String,String):Cluster	71044499bb0b8907ad47	413	590	1014	248
METHOD_EXIT	com.ctrip.framework.apollo.biz.service.ClusterService#findOne(String,String):Cluster	4421ba9d06d84fe44998	455	667	1133	276
METHOD_EXIT	com.ctrip.framework.apollo.biz.service.ClusterService#isClusterNameUnique(String,String):boolean	02055b36016fc56cf657	455	709	1175	272
METHOD_EXIT	com.ctrip.framework.apollo.biz.service.ClusterService#findOne(long):Cluster	d84001cf2f11c9ca6fbe	455	657	1123	160
METHOD_ENTRY	com.ctrip.framework.apollo.biz.service.ClusterService#findParentClusters(String):List<Cluster>	b04b789998338ff8beba	413	644	1068	307
METHOD_EXIT	com.ctrip.framework.apollo.biz.service.NamespaceService#isNamespaceNotPublished(Namespace):boolean	8f25ff1382383efd46b6	455	1132	1598	444
METHOD_ENTRY	com.ctrip.framework.apollo.biz.service.ClusterService#findOne(long):Cluster	31aa3651317f9930b273	413	580	1004	54
METHOD_EXIT	com.ctrip.framework.apollo.biz.service.ClusterService#saveWithInstanceOfAppNamespaces(Cluster):Cluster	5368503b898e449620d4	455	699	1165	246
METHOD_EXIT	com.ctrip.framework.apollo.biz.service.BizDBPropertySource#refresh():void	39c3d97ecb66de07a9b7	455	822	1288	256
METHOD_EXIT	com.ctrip.framework.apollo.biz.service.ClusterService#saveWithoutInstanceOfAppNamespaces(Cluster):Cluster	cb9af30b4e5b3a4e03cb	455	734	1200	309
METHOD_ENTRY	com.ctrip.framework.apollo.biz.service.ClusterService#saveWithoutInstanceOfAppNamespaces(Cluster):Cluster	d8e1189c0a7c2c6a53e1	413	657	1081	262
METHOD_ENTRY	com.ctrip.framework.apollo.biz.service.ClusterService#saveWithInstanceOfAppNamespaces(Cluster):Cluster	2a67570cc83abbd8899a	413	622	1046	277
METHOD_EXIT	com.ctrip.framework.apollo.biz.service.ClusterService#delete(long,String):void	eac4a542a8a4a38bd162	455	687	1153	181
METHOD_EXIT	com.ctrip.framework.apollo.biz.service.ClusterService#findParentClusters(String):List<Cluster>	3701f61a81e3e97d2761	455	723	1189	349
METHOD_EXIT	com.ctrip.framework.apollo.biz.service.NamespaceService#namespacePublishInfo(String):Map<String, Boolean>	c14e55f209086ddb0315	455	1125	1591	344
METHOD_ENTRY	com.ctrip.framework.apollo.biz.service.ClusterService#createDefaultCluster(String,String):void	c75fd6a56a87e2c89129	413	687	1111	226
METHOD_ENTRY	com.ctrip.framework.apollo.biz.service.ClusterService#delete(long,String):void	79ecbc12143e5da057eb	413	676	1100	150
METHOD_ENTRY	com.ctrip.framework.apollo.biz.service.ClusterService#findChildClusters(String,String):List<Cluster>	cd8b8f35cfad65ef0582	413	638	1062	250
METHOD_ENTRY	com.ctrip.framework.apollo.biz.service.ClusterService#findClusters(String):List<Cluster>	58f70c3ba79e55622a27	413	627	1051	246
METHOD_EXIT	com.ctrip.framework.apollo.biz.service.ClusterService#findClusters(String):List<Cluster>	f00a41fbc00ee9625414	455	706	1172	296
METHOD_ENTRY	com.ctrip.framework.apollo.biz.service.ClusterService#update(Cluster):Cluster	4bfe00caa4eb99ea2627	413	647	1071	245
METHOD_EXIT	com.ctrip.framework.apollo.biz.service.ClusterService#createDefaultCluster(String,String):void	049bd798225b939cb227	455	698	1164	324
METHOD_EXIT	com.ctrip.framework.apollo.biz.service.ClusterService#update(Cluster):Cluster	653a58917dd1b6011c04	455	724	1190	296
METHOD_ENTRY	com.ctrip.framework.apollo.biz.service.AppNamespaceService#findPublicNamespaceByName(String):AppNamespace	e05e33fa7e7346e7c527	413	674	1098	190
METHOD_EXIT	com.ctrip.framework.apollo.biz.service.AppNamespaceService#findPublicNamespaceByName(String):AppNamespace	677db5b2c9a17d9cfeab	455	752	1218	331
METHOD_EXIT	com.ctrip.framework.apollo.biz.service.ClusterService#findChildClusters(String,String):List<Cluster>	541cfc277c4eb7e05d94	455	717	1183	321
METHOD_ENTRY	com.ctrip.framework.apollo.biz.service.AppNamespaceService#isAppNamespaceNameUnique(String,String):boolean	f2984d829ca0bf4eea5d	413	703	1127	213
METHOD_EXIT	com.ctrip.framework.apollo.biz.service.AppNamespaceService#isAppNamespaceNameUnique(String,String):boolean	25e67d896423d23db2f8	455	780	1246	296
METHOD_ENTRY	com.ctrip.framework.apollo.biz.service.AppNamespaceService#findPublicNamespacesByNames(Set<String>):List<AppNamespace>	5ad2998562964ebd67d8	413	689	1113	281
METHOD_EXIT	com.ctrip.framework.apollo.biz.service.AppNamespaceService#findPublicNamespacesByNames(Set<String>):List<AppNamespace>	727f7b219d1fc7f97f21	455	768	1234	325
METHOD_ENTRY	com.ctrip.framework.apollo.biz.service.AppNamespaceService#findPrivateAppNamespace(String):List<AppNamespace>	9ab333de19e9af1c15fe	413	662	1086	118
METHOD_ENTRY	com.ctrip.framework.apollo.biz.service.AppNamespaceService#findByAppId(String):List<AppNamespace>	6f4d1306378fc6f8e29a	413	661	1085	334
METHOD_EXIT	com.ctrip.framework.apollo.biz.service.AppNamespaceService#findByAppId(String):List<AppNamespace>	2a70abfdbe6e6c0c31b1	455	740	1206	262
METHOD_EXIT	com.ctrip.framework.apollo.biz.service.AppNamespaceService#findByAppIdAndNamespaces(String,Set<String>):List<AppNamespace>	7607108c3b260252a3bb	455	805	1271	299
METHOD_ENTRY	com.ctrip.framework.apollo.biz.service.AppNamespaceService#createDefaultAppNamespace(String,String):void	ac54c6003814e8960edc	413	810	1234	274
METHOD_ENTRY	com.ctrip.framework.apollo.biz.service.AppNamespaceService#createAppNamespace(AppNamespace):AppNamespace	945a8d00060859e01866	413	788	1212	250
METHOD_ENTRY	com.ctrip.framework.apollo.biz.service.AppNamespaceService#findByAppIdAndNamespaces(String,Set<String>):List<AppNamespace>	6e5c0f7b12e9d15c2c48	413	726	1150	303
METHOD_EXIT	com.ctrip.framework.apollo.biz.service.AppNamespaceService#findPrivateAppNamespace(String):List<AppNamespace>	db6c698d22e62eb9c98c	455	741	1207	314
METHOD_EXIT	com.ctrip.framework.apollo.biz.service.AppNamespaceService#createAppNamespace(AppNamespace):AppNamespace	b1a20249673620d121a3	455	866	1332	329
METHOD_ENTRY	com.ctrip.framework.apollo.biz.service.AppNamespaceService#update(AppNamespace):AppNamespace	ce9fe66e6366314f054f	413	724	1148	212
METHOD_ENTRY	com.ctrip.framework.apollo.biz.service.AppNamespaceService#findOne(String,String):AppNamespace	1a6bd405df0cb84d91f3	413	692	1116	214
METHOD_EXIT	com.ctrip.framework.apollo.biz.service.AppNamespaceService#findOne(String,String):AppNamespace	c2c40ee28a212268883c	455	770	1236	348
METHOD_EXIT	com.ctrip.framework.apollo.biz.service.AppNamespaceService#createDefaultAppNamespace(String,String):void	7cc435defe9f80d4d249	455	821	1287	269
METHOD_ENTRY	com.ctrip.framework.apollo.biz.service.AppNamespaceService#batchDelete(String,String):void	01af30e2101ebb1f7da2	413	661	1085	246
METHOD_EXIT	com.ctrip.framework.apollo.biz.service.AppNamespaceService#batchDelete(String,String):void	ed9989990725f3b17688	455	672	1138	293
METHOD_ENTRY	com.ctrip.framework.apollo.biz.service.AppNamespaceService#createNamespaceForAppNamespaceInAllCluster(String,String,String):void	d708fd77c95280bb0d4e	413	807	1231	275
METHOD_EXIT	com.ctrip.framework.apollo.biz.service.AppNamespaceService#update(AppNamespace):AppNamespace	e1b8c668beac07a0bf8c	455	802	1268	224
METHOD_EXIT	com.ctrip.framework.apollo.biz.service.AppNamespaceService#createNamespaceForAppNamespaceInAllCluster(String,String,String):void	2e64ef5326545c64cefa	455	818	1284	307
METHOD_EXIT	com.ctrip.framework.apollo.biz.service.AppNamespaceService#deleteAppNamespace(AppNamespace,String):void	1de0e559acda6ffab3b0	455	792	1258	273
METHOD_ENTRY	com.ctrip.framework.apollo.biz.service.AppNamespaceService#deleteAppNamespace(AppNamespace,String):void	2969111bd52f7d25abec	413	781	1205	276
METHOD_EXIT	com.ctrip.framework.apollo.biz.service.InstanceService#findInstance(String,String,String,String):Instance	53900eae083194e5c48d	455	795	1261	368
METHOD_ENTRY	com.ctrip.framework.apollo.biz.service.InstanceService#findInstance(String,String,String,String):Instance	5c03d17f645096407c1c	413	718	1142	231
METHOD_EXIT	com.ctrip.framework.apollo.biz.service.InstanceService#findInstancesByIds(Set<Long>):List<Instance>	afacdc3ff487425326b9	455	777	1243	226
METHOD_EXIT	com.ctrip.framework.apollo.biz.service.InstanceService#findInstanceConfig(long,String,String):InstanceConfig	e0b88a66a098c61cab4b	455	797	1263	334
METHOD_ENTRY	com.ctrip.framework.apollo.biz.service.InstanceService#findInstancesByIds(Set<Long>):List<Instance>	a50163ce172dd85598f3	413	698	1122	136
METHOD_ENTRY	com.ctrip.framework.apollo.biz.service.InstanceService#findActiveInstanceConfigsByReleaseKey(String,Pageable):Page<InstanceConfig>	bf3eb216ccaefbd3a352	413	718	1142	245
METHOD_EXIT	com.ctrip.framework.apollo.biz.service.InstanceService#createInstance(Instance):Instance	2552f6508fe18c569aa2	455	755	1221	283
METHOD_EXIT	com.ctrip.framework.apollo.biz.service.InstanceService#findActiveInstanceConfigsByReleaseKey(String,Pageable):Page<InstanceConfig>	9ec373e888a9498e8f14	455	798	1264	252
METHOD_ENTRY	com.ctrip.framework.apollo.biz.service.InstanceService#findInstanceConfig(long,String,String):InstanceConfig	6ed3241927e599b99545	413	719	1143	253
METHOD_ENTRY	com.ctrip.framework.apollo.biz.service.InstanceService#createInstance(Instance):Instance	ea0564e06bd1e662f892	413	678	1102	247
METHOD_ENTRY	com.ctrip.framework.apollo.biz.service.InstanceService#findInstancesByNamespaceAndInstanceAppId(String,String,String,String,Pageable):Page<Instance>	241af25221d59615b7e8	413	846	1270	229
METHOD_EXIT	com.ctrip.framework.apollo.biz.service.InstanceService#findInstancesByNamespaceAndInstanceAppId(String,String,String,String,Pageable):Page<Instance>	a17837ca59b3a8698cad	455	925	1391	274
METHOD_ENTRY	com.ctrip.framework.apollo.biz.service.InstanceService#findInstancesByNamespace(String,String,String,Pageable):Page<Instance>	67cefbafce02522a4f4f	413	835	1259	212
METHOD_ENTRY	com.ctrip.framework.apollo.biz.service.InstanceService#getValidInstanceConfigDate():Date	8aca3e706d5b88b0997e	413	689	1113	5
METHOD_EXIT	com.ctrip.framework.apollo.biz.service.InstanceService#getValidInstanceConfigDate():Date	13cf3cd3838f3c3b7b15	455	763	1229	302
METHOD_EXIT	com.ctrip.framework.apollo.biz.service.InstanceService#findInstanceConfigsByNamespaceWithReleaseKeysNotIn(String,String,String,Set<String>):List<InstanceConfig>	9de5dff569b647badad3	455	892	1358	357
METHOD_EXIT	com.ctrip.framework.apollo.biz.service.InstanceService#findInstancesByNamespace(String,String,String,Pageable):Page<Instance>	2407dc26df6fd1586f54	455	914	1380	306
METHOD_EXIT	com.ctrip.framework.apollo.biz.service.InstanceService#createInstanceConfig(InstanceConfig):InstanceConfig	eeec0c30869cd133a0b1	455	768	1234	299
METHOD_ENTRY	com.ctrip.framework.apollo.biz.service.InstanceService#updateInstanceConfig(InstanceConfig):InstanceConfig	2cdf2010ab6dcb09a7be	413	797	1221	248
METHOD_ENTRY	com.ctrip.framework.apollo.biz.service.InstanceService#findInstanceConfigsByNamespaceWithReleaseKeysNotIn(String,String,String,Set<String>):List<InstanceConfig>	6e75d574a88022cb454d	413	812	1236	308
METHOD_ENTRY	com.ctrip.framework.apollo.biz.service.InstanceService#batchDeleteInstanceConfig(String,String,String):int	72a82c0d2a85368638b5	413	715	1139	233
METHOD_EXIT	com.ctrip.framework.apollo.biz.service.AppService#isAppIdUnique(String):boolean	1b49bb079fc23c21925f	455	603	1069	302
METHOD_ENTRY	com.ctrip.framework.apollo.biz.service.InstanceService#createInstanceConfig(InstanceConfig):InstanceConfig	c4d3b6c21e25e4d29e94	413	690	1114	267
METHOD_EXIT	com.ctrip.framework.apollo.biz.service.InstanceService#batchDeleteInstanceConfig(String,String,String):int	aee4e048c0386b96afff	455	792	1258	313
METHOD_ENTRY	com.ctrip.framework.apollo.biz.service.AppService#isAppIdUnique(String):boolean	5ca132dc067281be2843	413	526	950	255
METHOD_ENTRY	com.ctrip.framework.apollo.biz.service.AppService#findAll(Pageable):List<App>	c20474945e6f780d44bb	413	515	939	229
METHOD_ENTRY	com.ctrip.framework.apollo.biz.service.AppService#findByName(String):List<App>	7404eae60e5cde789304	413	505	929	232
METHOD_ENTRY	com.ctrip.framework.apollo.biz.service.AppService#delete(long,String):void	529f890f94d8a4a213c8	413	585	1009	192
METHOD_EXIT	com.ctrip.framework.apollo.biz.service.AppService#findAll(Pageable):List<App>	b772a254ecd34c6e9ccb	455	593	1059	261
METHOD_EXIT	com.ctrip.framework.apollo.biz.service.AppService#delete(long,String):void	18001f833657154c8364	455	596	1062	236
METHOD_EXIT	com.ctrip.framework.apollo.biz.service.AppService#findOne(String):App	ff5e561ce49817314286	455	580	1046	219
METHOD_EXIT	com.ctrip.framework.apollo.biz.service.InstanceService#updateInstanceConfig(InstanceConfig):InstanceConfig	f045b4ede03a9e234faf	455	875	1341	284
METHOD_ENTRY	com.ctrip.framework.apollo.biz.service.AppService#save(App):App	da5aaeecacb5f3c39d14	413	583	1007	234
METHOD_ENTRY	com.ctrip.framework.apollo.biz.service.AppService#findOne(String):App	8df585e9266d9cb4d9a5	413	503	927	260
METHOD_ENTRY	com.ctrip.framework.apollo.biz.service.AppService#update(App):void	0c3c169464ab47daa16d	413	664	1088	278
METHOD_ENTRY	com.ctrip.framework.apollo.biz.service.AccessKeyService#findByAppId(String):List<AccessKey>	d68f15fc4ee0015fdceb	413	514	938	142
METHOD_EXIT	com.ctrip.framework.apollo.biz.service.AppService#findByName(String):List<App>	0d3dd9af717706b71e9a	455	583	1049	269
METHOD_ENTRY	com.ctrip.framework.apollo.biz.service.AccessKeyService#create(String,AccessKey):AccessKey	e2bb834e1768a6fc4b21	413	624	1048	320
METHOD_EXIT	com.ctrip.framework.apollo.biz.service.AppService#update(App):void	4e70190f5fc7592efaab	455	675	1141	275
METHOD_ENTRY	com.ctrip.framework.apollo.biz.service.AccessKeyService#update(String,AccessKey):AccessKey	645ac012c21cfef476e6	413	630	1054	256
METHOD_EXIT	com.ctrip.framework.apollo.biz.service.AppService#save(App):App	4c9c87b32d19b67d881d	455	660	1126	340
METHOD_EXIT	com.ctrip.framework.apollo.biz.service.AccessKeyService#delete(String,long,String):void	0972c2b0c9a7a29bbebc	455	633	1099	337
METHOD_EXIT	com.ctrip.framework.apollo.biz.service.AccessKeyService#create(String,AccessKey):AccessKey	e88db9e7bcb234ae2639	455	702	1168	262
METHOD_EXIT	com.ctrip.framework.apollo.biz.service.NamespaceBranchService#createBranch(String,String,String,String):Namespace	39c105ade8e4189f0daf	455	925	1391	247
METHOD_EXIT	com.ctrip.framework.apollo.biz.service.AccessKeyService#findByAppId(String):List<AccessKey>	d132034b09e90d8447ab	455	594	1060	232
METHOD_EXIT	com.ctrip.framework.apollo.biz.service.NamespaceBranchService#findBranch(String,String,String):Namespace	abec8cd867e019f50f37	455	756	1222	369
METHOD_ENTRY	com.ctrip.framework.apollo.biz.service.NamespaceBranchService#createBranch(String,String,String,String):Namespace	e2388bf3f72bbffe7de2	413	848	1272	255
METHOD_EXIT	com.ctrip.framework.apollo.biz.service.AccessKeyService#update(String,AccessKey):AccessKey	71f33cd15e955dd7d92a	455	708	1174	848
METHOD_ENTRY	com.ctrip.framework.apollo.biz.service.AccessKeyService#delete(String,long,String):void	165c93978e28ea8aa055	413	622	1046	239
METHOD_EXIT	com.ctrip.framework.apollo.biz.service.NamespaceBranchService#findBranchGrayRules(String,String,String,String):GrayReleaseRule	32fa0b28e7a7661a1fb5	455	799	1265	306
METHOD_EXIT	com.ctrip.framework.apollo.biz.service.NamespaceBranchService#updateBranchGrayRules(String,String,String,String,GrayReleaseRule):void	3fd780ec8d987117c107	455	740	1206	288
METHOD_ENTRY	com.ctrip.framework.apollo.biz.service.NamespaceBranchService#updateBranchGrayRules(String,String,String,String,GrayReleaseRule):void	260fb313d55381b0f1da	413	729	1153	223
METHOD_EXIT	com.ctrip.framework.apollo.biz.service.NamespaceBranchService#updateRulesReleaseId(String,String,String,String,long,String):GrayReleaseRule	e0213f84b197ea2f93f2	455	982	1448	333
METHOD_ENTRY	com.ctrip.framework.apollo.biz.service.NamespaceBranchService#findBranchGrayRules(String,String,String,String):GrayReleaseRule	944b969c92515a650506	413	720	1144	305
METHOD_ENTRY	com.ctrip.framework.apollo.biz.service.NamespaceBranchService#deleteBranch(String,String,String,String,int,String):void	351025280f2e3025afcc	413	1002	1426	279
METHOD_ENTRY	com.ctrip.framework.apollo.biz.service.NamespaceBranchService#findBranch(String,String,String):Namespace	540aba2acf91c86c2cf0	413	679	1103	208
METHOD_EXIT	com.ctrip.framework.apollo.biz.service.NamespaceBranchService#doUpdateBranchGrayRules(String,String,String,String,GrayReleaseRule,boolean,int):void	f001a54d3ad33ed8de58	455	1009	1475	323
METHOD_ENTRY	com.ctrip.framework.apollo.biz.service.ServerConfigService#findAll():List<ServerConfig>	3010f4b7a55684ebd04a	413	496	920	172
METHOD_ENTRY	com.ctrip.framework.apollo.biz.service.NamespaceBranchService#createChildCluster(String,Cluster,String,String):Cluster	0e9555a6e972fae68319	413	751	1175	288
METHOD_ENTRY	com.ctrip.framework.apollo.biz.service.NamespaceBranchService#doUpdateBranchGrayRules(String,String,String,String,GrayReleaseRule,boolean,int):void	832b45b0260d0b410258	413	998	1422	274
METHOD_ENTRY	com.ctrip.framework.apollo.biz.service.NamespaceBranchService#createNamespaceBranch(String,String,String,String):Namespace	66611a736d6fe2e5104c	413	732	1156	264
METHOD_ENTRY	com.ctrip.framework.apollo.biz.service.ServerConfigService#createOrUpdateConfig(ServerConfig):ServerConfig	9c2f9160b864df6f8e74	413	629	1053	219
METHOD_EXIT	com.ctrip.framework.apollo.biz.service.NamespaceBranchService#createChildCluster(String,Cluster,String,String):Cluster	46277192183eb3555a75	455	828	1294	360
METHOD_ENTRY	com.ctrip.framework.apollo.biz.service.NamespaceBranchService#updateRulesReleaseId(String,String,String,String,long,String):GrayReleaseRule	426e88a24ac8725b8a54	413	903	1327	206
METHOD_ENTRY	com.ctrip.framework.apollo.biz.service.ServerConfigService#deleteConfig(String,String,String):void	788af7785827d8d4ac6a	413	573	997	251
METHOD_EXIT	com.ctrip.framework.apollo.biz.service.ServerConfigService#deleteConfig(String,String,String):void	bee44da768ff504d3e79	455	584	1050	289
METHOD_EXIT	com.ctrip.framework.apollo.biz.service.ServerConfigService#findAll():List<ServerConfig>	4177a35ed64c08fdbe1d	455	573	1039	231
METHOD_EXIT	com.ctrip.framework.apollo.biz.service.NamespaceBranchService#createNamespaceBranch(String,String,String,String):Namespace	bde9d632b83aca7b4456	455	809	1275	252
METHOD_EXIT	com.ctrip.framework.apollo.biz.service.ItemSetService#updateSet(Namespace,ItemChangeSets):ItemChangeSets	bbb8f98da0bd19b4a2ff	455	676	1142	252
METHOD_EXIT	com.ctrip.framework.apollo.biz.service.ServerConfigService#createOrUpdateConfig(ServerConfig):ServerConfig	c9c8bc5abb1bace31713	455	707	1173	321
METHOD_ENTRY	com.ctrip.framework.apollo.biz.service.ItemSetService#updateSet(String,String,String,ItemChangeSets):ItemChangeSets	6fcc345157c6897c54e8	413	1044	1468	290
METHOD_ENTRY	com.ctrip.framework.apollo.biz.service.ItemSetService#updateSet(Namespace,ItemChangeSets):ItemChangeSets	adf20d8c4ddf65cb5ccf	413	597	1021	250
METHOD_EXIT	com.ctrip.framework.apollo.biz.service.ItemSetService#updateSet(String,String,String,ItemChangeSets):ItemChangeSets	1ddaa284a309273cd576	455	1123	1589	368
METHOD_EXIT	com.ctrip.framework.apollo.biz.service.NamespaceBranchService#deleteBranch(String,String,String,String,int,String):void	575f6a1a48a0333172a4	455	1013	1479	331
METHOD_ENTRY	com.ctrip.framework.apollo.biz.service.ItemSetService#doDeleteItems(List<ItemDTO>,Namespace,String,ConfigChangeContentBuilder):void	8e7b839a047f9865d607	413	669	1093	252
METHOD_ENTRY	com.ctrip.framework.apollo.biz.service.ItemSetService#doUpdateItems(List<ItemDTO>,Namespace,String,ConfigChangeContentBuilder):void	f4a4f0e39d91c2387dcb	413	798	1222	236
METHOD_EXIT	com.ctrip.framework.apollo.biz.service.ItemSetService#doDeleteItems(List<ItemDTO>,Namespace,String,ConfigChangeContentBuilder):void	05003941fe5d7bfff322	455	680	1146	236
METHOD_ENTRY	com.ctrip.framework.apollo.biz.service.ItemSetService#doCreateItems(List<ItemDTO>,Namespace,String,ConfigChangeContentBuilder):void	66b55ccc91abec34b252	413	694	1118	219
METHOD_EXIT	com.ctrip.framework.apollo.biz.service.ItemSetService#doUpdateItems(List<ItemDTO>,Namespace,String,ConfigChangeContentBuilder):void	941baa8d67dad77df7e4	455	809	1275	338
METHOD_EXIT	com.ctrip.framework.apollo.biz.service.ItemSetService#doCreateItems(List<ItemDTO>,Namespace,String,ConfigChangeContentBuilder):void	707a85eec75291fe5e78	455	705	1171	281
