kind	element	cassette_key	system_tokens	user_tokens	input_tokens	output_tokens
METHOD_EXIT	com.badlogic.gdx.utils.viewport.ScalingViewport#update(int,int,boolean):void	31207ef0bfad69d0675a	455	705	1171	203
METHOD_EXIT	com.badlogic.gdx.utils.viewport.ScalingViewport#setScaling(Scaling):void	426e077af80b088cbeb5	455	603	1069	176
METHOD_ENTRY	com.badlogic.gdx.utils.viewport.ExtendViewport#update(int,int,boolean):void	daa4a06ee2e8d421e3f4	413	1019	1443	217
METHOD_ENTRY	com.badlogic.gdx.utils.viewport.ScalingViewport#update(int,int,boolean):void	d5738d4e76b569303405	413	694	1118	255
METHOD_ENTRY	com.badlogic.gdx.utils.viewport.ScalingViewport#setScaling(Scaling):void	8f7d5baf9898a353e4f0	413	592	1016	108
METHOD_ENTRY	com.badlogic.gdx.utils.viewport.ScalingViewport#getScaling():Scaling	dec3c8a31b47c12d9cc4	413	582	1006	100
METHOD_EXIT	com.badlogic.gdx.utils.viewport.ScalingViewport#getScaling():Scaling	c7990958867fcd16e869	455	656	1122	153
METHOD_EXIT	com.badlogic.gdx.utils.viewport.ExtendViewport#getMinWorldWidth():float	aadc0c3d83b221e32a0a	455	735	1201	130
METHOD_ENTRY	com.badlogic.gdx.utils.viewport.ExtendViewport#getMinWorldHeight():float	300d13767192bb41a8eb	413	661	1085	48
METHOD_EXIT	com.badlogic.gdx.utils.viewport.ExtendViewport#update(int,int,boolean):void	bab44c36f22a499eb756	455	1030	1496	261
METHOD_ENTRY	com.badlogic.gdx.utils.viewport.ExtendViewport#getMinWorldWidth():float	3bea3d6420f16e0f3565	413	661	1085	229
METHOD_EXIT	com.badlogic.gdx.utils.viewport.ExtendViewport#setMinWorldHeight(float):void	efd5c6a0941b0805def1	455	686	1152	148
METHOD_ENTRY	com.badlogic.gdx.utils.viewport.ExtendViewport#setMinWorldHeight(float):void	6a725ed9af116aedc739	413	675	1099	100
METHOD_ENTRY	com.badlogic.gdx.utils.viewport.ExtendViewport#getMaxWorldWidth():float	9c607a248c99858ab236	413	661	1085	166
METHOD_EXIT	com.badlogic.gdx.utils.viewport.ExtendViewport#getMinWorldHeight():float	7fb19a52423ed85a0668	455	735	1201	160
METHOD_EXIT	com.badlogic.gdx.utils.viewport.ExtendViewport#setMaxWorldWidth(float):void	343c2bc1cfee2dc0a38d	455	686	1152	164
METHOD_EXIT	com.badlogic.gdx.utils.viewport.ExtendViewport#getMaxWorldWidth():float	eee5d44218a1600417d9	455	735	1201	262
METHOD_ENTRY	com.badlogic.gdx.utils.viewport.ExtendViewport#setMinWorldWidth(float):void	601122a5afe22df07f79	413	675	1099	58
METHOD_ENTRY	com.badlogic.gdx.utils.viewport.ExtendViewport#setMaxWorldWidth(float):void	430cc3694124ad82e9b4	413	675	1099	96
METHOD_EXIT	com.badlogic.gdx.utils.viewport.ExtendViewport#setMaxWorldHeight(float):void	bb1505fa921f66bef240	455	686	1152	172
METHOD_EXIT	com.badlogic.gdx.utils.viewport.ExtendViewport#setMinWorldWidth(float):void	bb366f249ea85c536bc0	455	686	1152	128
METHOD_EXIT	com.badlogic.gdx.utils.viewport.ExtendViewport#getMaxWorldHeight():float	57b897e5cc7220cf6b47	455	735	1201	255
METHOD_ENTRY	com.badlogic.gdx.utils.viewport.ExtendViewport#setScaling(Scaling):void	e43496088b6c4e17229f	413	665	1089	98
METHOD_EXIT	com.badlogic.gdx.utils.viewport.ExtendViewport#setScaling(Scaling):void	14f5af86cc14bc7935c4	455	676	1142	114
METHOD_EXIT	com.badlogic.gdx.utils.viewport.Viewport#apply():void	5e23df3f607a64402096	455	1556	2022	270
METHOD_ENTRY	com.badlogic.gdx.utils.viewport.Viewport#apply():void	c62d29fc779331b3f3c8	413	1545	1969	181
METHOD_ENTRY	com.badlogic.gdx.utils.viewport.Viewport#apply(boolean):void	4d6739e7f03868ce1feb	413	1610	2034	242
METHOD_ENTRY	com.badlogic.gdx.utils.viewport.ExtendViewport#getMaxWorldHeight():float	653cfbb2a59acd5f7465	413	661	1085	246
METHOD_ENTRY	com.badlogic.gdx.utils.viewport.ExtendViewport#setMaxWorldHeight(float):void	6c157cc9fb14d60ce89f	413	675	1099	269
METHOD_ENTRY	com.badlogic.gdx.utils.viewport.Viewport#update(int,int,boolean):void	7761cdc4d603c6c1f5a0	413	1577	2001	255
METHOD_EXIT	com.badlogic.gdx.utils.viewport.Viewport#update(int,int,boolean):void	9815bc0d156080b30ad6	455	1588	2054	318
METHOD_ENTRY	com.badlogic.gdx.utils.viewport.Viewport#unproject(Vector2):Vector2	9699dd3391d9b94a5180	413	1604	2028	254
METHOD_ENTRY	com.badlogic.gdx.utils.viewport.Viewport#update(int,int):void	54f522f06c0afca93c42	413	1570	1994	189
METHOD_EXIT	com.badlogic.gdx.utils.viewport.Viewport#project(Vector2):Vector2	c3640f19ffe665618581	455	1677	2143	300
METHOD_ENTRY	com.badlogic.gdx.utils.viewport.Viewport#project(Vector2):Vector2	379d83b6cba632056b8b	413	1599	2023	192
METHOD_EXIT	com.badlogic.gdx.utils.viewport.Viewport#unproject(Vector2):Vector2	9ee28ed24d3f7082d64f	455	1682	2148	186
METHOD_ENTRY	com.badlogic.gdx.utils.viewport.Viewport#unproject(Vector3):Vector3	8f5b57c8823009ce5bd0	413	1579	2003	284
METHOD_EXIT	com.badlogic.gdx.utils.viewport.Viewport#unproject(Vector3):Vector3	c230a2fb294a64bc6f3f	455	1657	2123	284
METHOD_EXIT	com.badlogic.gdx.utils.viewport.Viewport#update(int,int):void	786b789cb48afa8dd7a6	455	1581	2047	284
METHOD_ENTRY	com.badlogic.gdx.utils.viewport.Viewport#project(Vector3):Vector3	3afff0e727a1d45f96e5	413	1576	2000	227
METHOD_EXIT	com.badlogic.gdx.utils.viewport.Viewport#project(Vector3):Vector3	0fe2e4962a7e0f5f1572	455	1654	2120	223
METHOD_EXIT	com.badlogic.gdx.utils.viewport.Viewport#apply(boolean):void	ba998a22d7d08f3430b5	455	1621	2087	290
METHOD_EXIT	com.badlogic.gdx.utils.viewport.Viewport#calculateScissors(Matrix4,Rectangle,Rectangle):void	db9ff710f4189d9dd6c1	455	1618	2084	346
METHOD_ENTRY	com.badlogic.gdx.utils.viewport.Viewport#calculateScissors(Matrix4,Rectangle,Rectangle):void	790656400b5eb8e4f2c0	413	1607	2031	216
METHOD_ENTRY	com.badlogic.gdx.utils.viewport.Viewport#getPickRay(float,float):Ray	29f1e66de0c53bc22236	413	1589	2013	253
METHOD_ENTRY	com.badlogic.gdx.utils.viewport.Viewport#getCamera():Camera	6c0394821dbdb16d43a7	413	1545	1969	200
METHOD_EXIT	com.badlogic.gdx.utils.viewport.Viewport#getPickRay(float,float):Ray	a0333d6f3dc244cc36e1	455	1666	2132	265
METHOD_ENTRY	com.badlogic.gdx.utils.viewport.Viewport#setCamera(Camera):void	cda3705fc9ca62e153d8	413	1553	1977	271
METHOD_EXIT	com.badlogic.gdx.utils.viewport.Viewport#setCamera(Camera):void	0c337d56cca92171fc06	455	1564	2030	188
METHOD_ENTRY	com.badlogic.gdx.utils.viewport.Viewport#getWorldWidth():float	1444417ba7e9d4a9a482	413	1548	1972	236
METHOD_EXIT	com.badlogic.gdx.utils.viewport.Viewport#getWorldWidth():float	e10a5d8e069e7cf4a471	455	1622	2088	149
METHOD_ENTRY	com.badlogic.gdx.utils.viewport.Viewport#toScreenCoordinates(Vector2,Matrix4):Vector2	f0d87680e4da80af079a	413	1644	2068	218
METHOD_EXIT	com.badlogic.gdx.utils.viewport.Viewport#toScreenCoordinates(Vector2,Matrix4):Vector2	e180541677b9846245df	455	1722	2188	268
METHOD_EXIT	com.badlogic.gdx.utils.viewport.Viewport#getCamera():Camera	9b57f14a1e0d4782194f	455	1619	2085	110
METHOD_EXIT	com.badlogic.gdx.utils.viewport.Viewport#setWorldWidth(float):void	d796fea001cd26a478f2	455	1570	2036	148
METHOD_ENTRY	com.badlogic.gdx.utils.viewport.Viewport#setWorldHeight(float):void	8791e51f1defee1613ef	413	1559	1983	102
METHOD_EXIT	com.badlogic.gdx.utils.viewport.Viewport#getWorldHeight():float	8297834f477841e3cfd7	455	1622	2088	93
METHOD_ENTRY	com.badlogic.gdx.utils.viewport.Viewport#getWorldHeight():float	a021e0a70bb38eaa09b4	413	1548	1972	171
METHOD_ENTRY	com.badlogic.gdx.utils.viewport.Viewport#setWorldSize(float,float):void	f3c5ee7dc5bfc847ce2b	413	1578	2002	193
METHOD_EXIT	com.badlogic.gdx.utils.viewport.Viewport#setWorldSize(float,float):void	50a095d381b03ccc96b8	455	1589	2055	241
METHOD_EXIT	com.badlogic.gdx.utils.viewport.Viewport#getScreenX():int	89a95d2f758636ed4411	455	1622	2088	77
METHOD_EXIT	com.badlogic.gdx.utils.viewport.Viewport#setWorldHeight(float):void	a9ec3c1d00a6af31ce73	455	1570	2036	205
METHOD_ENTRY	com.badlogic.gdx.utils.viewport.Viewport#setScreenX(int):void	c4667f2ea325f0855652	413	1559	1983	65
METHOD_EXIT	com.badlogic.gdx.utils.viewport.Viewport#setScreenX(int):void	6a376d26f68c20433503	455	1570	2036	130
METHOD_ENTRY	com.badlogic.gdx.utils.viewport.Viewport#setWorldWidth(float):void	9af095ec28bce5d7ac0a	413	1559	1983	189
METHOD_ENTRY	com.badlogic.gdx.utils.viewport.Viewport#getScreenY():int	1ed209d460150a5813a2	413	1548	1972	252
METHOD_ENTRY	com.badlogic.gdx.utils.viewport.Viewport#setScreenY(int):void	a06b946f942a991a2510	413	1559	1983	101
METHOD_EXIT	com.badlogic.gdx.utils.viewport.Viewport#setScreenY(int):void	fe0e48bcc0dd574253f5	455	1570	2036	185
METHOD_ENTRY	com.badlogic.gdx.utils.viewport.Viewport#getScreenX():int	12538b40671a9f80bf9e	413	1548	1972	44
METHOD_EXIT	com.badlogic.gdx.utils.viewport.Viewport#getScreenY():int	a775545a8d52933d29a2	455	1622	2088	112
METHOD_ENTRY	com.badlogic.gdx.utils.viewport.Viewport#getScreenWidth():int	fd9e787e0e757b0a38ab	413	1548	1972	213
METHOD_ENTRY	com.badlogic.gdx.utils.viewport.Viewport#getScreenHeight():int	d6331a6bb415f4bf6f14	413	1548	1972	233
METHOD_EXIT	com.badlogic.gdx.utils.viewport.Viewport#getScreenHeight():int	1176a5155266bebb9814	455	1622	2088	222
METHOD_EXIT	com.badlogic.gdx.utils.viewport.Viewport#setScreenWidth(int):void	dfd54d47da4b967822b5	455	1570	2036	120
METHOD_EXIT	com.badlogic.gdx.utils.viewport.Viewport#setScreenHeight(int):void	b834b8a5b131af08df60	455	1570	2036	176
METHOD_EXIT	com.badlogic.gdx.utils.viewport.Viewport#getScreenWidth():int	02de6693385c629ecc1d	455	1622	2088	96
METHOD_ENTRY	com.badlogic.gdx.utils.viewport.Viewport#setScreenWidth(int):void	2f56d58a44a572f2d6b5	413	1559	1983	94
METHOD_EXIT	com.badlogic.gdx.utils.viewport.Viewport#setScreenPosition(int,int):void	fd1413ffa6b5091da11c	455	1589	2055	216
METHOD_ENTRY	com.badlogic.gdx.utils.viewport.Viewport#setScreenHeight(int):void	13678abbf2c88dbb7d45	413	1559	1983	124
METHOD_ENTRY	com.badlogic.gdx.utils.viewport.Viewport#setScreenSize(int,int):void	ae25f910e9cd134cf814	413	1578	2002	231
METHOD_ENTRY	com.badlogic.gdx.utils.viewport.Viewport#setScreenPosition(int,int):void	c8d8dd7cba4ea9142ddc	413	1578	2002	37
METHOD_EXIT	com.badlogic.gdx.utils.viewport.Viewport#getLeftGutterWidth():int	ecf588996f907629308d	455	1626	2092	165
METHOD_EXIT	com.badlogic.gdx.utils.viewport.Viewport#setScreenSize(int,int):void	ed270a9749e441248ff9	455	1589	2055	275
METHOD_ENTRY	com.badlogic.gdx.utils.viewport.Viewport#setScreenBounds(int,int,int,int):void	ad61e1ec35f016a8d7a1	413	1616	2040	272
METHOD_ENTRY	com.badlogic.gdx.utils.viewport.Viewport#getRightGutterWidth():int	acc4cfcf022257cf52e5	413	1563	1987	249
METHOD_ENTRY	com.badlogic.gdx.utils.viewport.Viewport#getLeftGutterWidth():int	0404508df3c1b2d8ca8b	413	1552	1976	238
METHOD_ENTRY	com.badlogic.gdx.utils.viewport.Viewport#getBottomGutterHeight():int	135339aa2b34fa7e661a	413	1552	1976	194
METHOD_ENTRY	com.badlogic.gdx.utils.viewport.Viewport#getRightGutterX():int	a3cc9d3e1eb05d888d51	413	1555	1979	211
METHOD_EXIT	com.badlogic.gdx.utils.viewport.Viewport#getRightGutterX():int	b45983317311e74e72bf	455	1629	2095	213
METHOD_ENTRY	com.badlogic.gdx.utils.viewport.ScreenViewport#update(int,int,boolean):void	e5d297c534d3690de6d5	413	596	1020	265
METHOD_EXIT	com.badlogic.gdx.utils.viewport.Viewport#getRightGutterWidth():int	9a1579e4ac380550c031	455	1637	2103	246
METHOD_ENTRY	com.badlogic.gdx.utils.viewport.Viewport#getTopGutterY():int	d7b628bf9e90155ff053	413	1555	1979	257
METHOD_EXIT	com.badlogic.gdx.utils.viewport.ScreenViewport#update(int,int,boolean):void	e909e0d7ee5f00612037	455	607	1073	255
METHOD_ENTRY	com.badlogic.gdx.utils.viewport.ScreenViewport#getUnitsPerPixel():float	434a155e9d93f0cd5431	413	536	960	187
METHOD_EXIT	com.badlogic.gdx.utils.viewport.Viewport#getTopGutterY():int	e556e71a88201207268c	455	1629	2095	181
METHOD_ENTRY	com.badlogic.gdx.utils.viewport.ScreenViewport#setUnitsPerPixel(float):void	93d0cb4045292ecb6878	413	550	974	117
METHOD_EXIT	com.badlogic.gdx.utils.viewport.Viewport#setScreenBounds(int,int,int,int):void	b1bb9f75ff91c3e15ecb	455	1627	2093	260
METHOD_EXIT	com.badlogic.gdx.utils.viewport.ScreenViewport#setUnitsPerPixel(float):void	e3764af2525ec2e6feef	455	561	1027	126
METHOD_ENTRY	com.badlogic.gdx.utils.viewport.Viewport#getTopGutterHeight():int	c828ecb66c7c2ce77ce9	413	1563	1987	189
METHOD_EXIT	com.badlogic.gdx.utils.viewport.ScreenViewport#getUnitsPerPixel():float	904c131ddeefe5a72bbb	455	610	1076	245
METHOD_EXIT	com.badlogic.gdx.utils.SortedIntList#insert(int,E):E	72f1ea64730e2a040ce7	455	981	1447	253
METHOD_ENTRY	com.badlogic.gdx.utils.SortedIntList#get(int):E	9da36f156e9726b42517	413	725	1149	209
METHOD_EXIT	com.badlogic.gdx.utils.viewport.Viewport#getTopGutterHeight():int	9ef67b60768e0c98336d	455	1637	2103	297
METHOD_ENTRY	com.badlogic.gdx.utils.SortedIntList#clear():void	7860da6040996e58f0b0	413	678	1102	266
METHOD_ENTRY	com.badlogic.gdx.utils.SortedIntList#size():int	baaf7c2ea1a5c14597e3	413	654	1078	109
METHOD_ENTRY	com.badlogic.gdx.utils.SortedIntList#insert(int,E):E	3848cbe896606b02583c	413	904	1328	263
METHOD_EXIT	com.badlogic.gdx.utils.viewport.Viewport#getBottomGutterHeight():int	5ebd0f73f5f4ecb189c0	455	1626	2092	82
METHOD_EXIT	com.badlogic.gdx.utils.SortedIntList#size():int	932e1e85dd8471b337bf	455	728	1194	297
METHOD_EXIT	com.badlogic.gdx.utils.SortedIntList#notEmpty():boolean	3f1b12b4031dd5e10a42	455	733	1199	199
METHOD_ENTRY	com.badlogic.gdx.utils.SortedIntList#isEmpty():boolean	346566c47f6a7784fc89	413	659	1083	96
METHOD_EXIT	com.badlogic.gdx.utils.SortedIntList#isEmpty():boolean	edcc184857ba0f100f11	455	733	1199	154
METHOD_ENTRY	com.badlogic.gdx.utils.SortedIntList#iterator():java.util.Iterator<Node<E>>	2ffe7722f4152c7c25eb	413	690	1114	156
METHOD_EXIT	com.badlogic.gdx.utils.SortedIntList#clear():void	407d5b7a249a7c74f32a	455	689	1155	186
METHOD_EXIT	com.badlogic.gdx.utils.SortedIntList#get(int):E	2adbde75434e40e54285	455	802	1268	331
METHOD_ENTRY	com.badlogic.gdx.utils.SortedIntList#hasNext():boolean	a450212841feacd280bf	413	662	1086	99
METHOD_ENTRY	com.badlogic.gdx.utils.SortedIntList#notEmpty():boolean	7218a577ecbf66029331	413	659	1083	255
METHOD_ENTRY	com.badlogic.gdx.utils.SortedIntList#remove():void	5d869b41be49415b9204	413	773	1197	266
METHOD_EXIT	com.badlogic.gdx.utils.SortedIntList#iterator():java.util.Iterator<Node<E>>	508d405c5cd9049a0423	455	768	1234	251
METHOD_EXIT	com.badlogic.gdx.utils.SortedIntList#hasNext():boolean	a6d3f6a38acf5a21759c	455	736	1202	46
METHOD_ENTRY	com.badlogic.gdx.utils.SortedIntList#reset():Iterator	2fb6690dfd902d13e5d8	413	667	1091	101
METHOD_ENTRY	com.badlogic.gdx.utils.SortedIntList#next():Node<E>	307e5e6a1b2a6a0078be	413	676	1100	292
METHOD_EXIT	com.badlogic.gdx.utils.SortedIntList#remove():void	a2fe86cc91702429e9b6	455	784	1250	307
METHOD_EXIT	com.badlogic.gdx.utils.SortedIntList#newObject():Node<E>	80d38857a2ccaf34a78c	455	741	1207	130
METHOD_ENTRY	com.badlogic.gdx.utils.SortedIntList#obtain(Node<E>,Node<E>,E,int):Node<E>	118fbd000a81ded6abd5	413	742	1166	254
METHOD_ENTRY	com.badlogic.gdx.utils.SortedIntList#newObject():Node<E>	5e6990fa8969a4a20d44	413	666	1090	253
METHOD_EXIT	com.badlogic.gdx.utils.SortedIntList#reset():Iterator	8e2ac41f01d9a9bfe72b	455	741	1207	213
METHOD_EXIT	com.badlogic.gdx.utils.SortedIntList#next():Node<E>	366c51d1787c5e9d9803	455	751	1217	314
METHOD_EXIT	com.badlogic.gdx.utils.SortedIntList#obtain(Node<E>,Node<E>,E,int):Node<E>	8415e90e4259b8006f22	455	820	1286	257
METHOD_EXIT	com.badlogic.gdx.utils.Iterator#next():Node<E>	347f65fe147e3201d20b	455	473	939	247
METHOD_ENTRY	com.badlogic.gdx.utils.Iterator#hasNext():boolean	25c1faac73b2c3fc0f5e	413	384	808	104
METHOD_ENTRY	com.badlogic.gdx.utils.Iterator#remove():void	4a784ad79675307d8950	413	495	919	65
METHOD_ENTRY	com.badlogic.gdx.utils.Iterator#next():Node<E>	691219e5b33e14acaa3b	413	398	822	230
METHOD_EXIT	com.badlogic.gdx.utils.Iterator#hasNext():boolean	c7e6702f31212e5222d2	455	458	924	86
METHOD_EXIT	com.badlogic.gdx.utils.Iterator#reset():Iterator	3e982bf935906c054702	455	463	929	164
METHOD_EXIT	com.badlogic.gdx.utils.Iterator#remove():void	e5287354c048f044a6a3	455	506	972	268
METHOD_ENTRY	com.badlogic.gdx.utils.NodePool#newObject():Node<E>	dbe8291a143233b7b09e	413	389	813	5
METHOD_EXIT	com.badlogic.gdx.utils.NodePool#newObject():Node<E>	313b63c7329f0f790efe	455	464	930	154
METHOD_ENTRY	com.badlogic.gdx.utils.Iterator#reset():Iterator	9c2f473df2b90f6a7d35	413	389	813	85
METHOD_EXIT	com.badlogic.gdx.utils.IdentityMap#place(K):int	e7f511e4eeb2bf1016bb	455	783	1249	365
METHOD_ENTRY	com.badlogic.gdx.utils.NodePool#obtain(Node<E>,Node<E>,E,int):Node<E>	037c9ff7fcc3a5a86bc1	413	465	889	234
METHOD_EXIT	com.badlogic.gdx.utils.IdentityMap#locateKey(K):int	8ad6deace0fbf1f3550b	455	849	1315	313
METHOD_ENTRY	com.badlogic.gdx.utils.IdentityMap#hashCode():int	4eb838025950e7f721dd	413	775	1199	524
METHOD_EXIT	com.badlogic.gdx.utils.NodePool#obtain(Node<E>,Node<E>,E,int):Node<E>	d6bc72099d365f924c2e	455	543	1009	344
METHOD_ENTRY	com.badlogic.gdx.utils.IdentityMap#locateKey(K):int	e3daac6ae2b19031da70	413	772	1196	111
METHOD_ENTRY	com.badlogic.gdx.utils.IdentityMap#place(K):int	787e38a1b0641c91ea60	413	706	1130	218
METHOD_EXIT	com.badlogic.gdx.utils.IdentityMap#hashCode():int	292b7f4915e62c0618bb	455	849	1315	329
METHOD_ENTRY	com.badlogic.gdx.utils.IntArray#add(int):void	4689fb67bef1e6242e7c	413	1329	1753	209
METHOD_EXIT	com.badlogic.gdx.utils.IntArray#add(int):void	4b5793afb50543d4d0e9	455	1340	1806	246
METHOD_ENTRY	com.badlogic.gdx.utils.IntArray#add(int,int):void	3a66857a9d4322d57b66	413	1363	1787	101
METHOD_EXIT	com.badlogic.gdx.utils.IntArray#add(int,int,int,int):void	069f0caebec4e5e44dcc	455	1430	1896	328
METHOD_EXIT	com.badlogic.gdx.utils.IntArray#addAll(IntArray):void	d5a7a9b6a4a861b18681	455	1315	1781	290
METHOD_EXIT	com.badlogic.gdx.utils.IntArray#add(int,int,int):void	dbf83f9a445b14a5cd2a	455	1396	1862	283
METHOD_ENTRY	com.badlogic.gdx.utils.IntArray#add(int,int,int):void	648067547989c980893a	413	1385	1809	62
METHOD_ENTRY	com.badlogic.gdx.utils.IntArray#add(int,int,int,int):void	ad65c43fd3578d906622	413	1419	1843	230
METHOD_EXIT	com.badlogic.gdx.utils.IntArray#addAll(IntArray,int,int):void	76ebd4ea288e86ca3fe6	455	1373	1839	260
METHOD_ENTRY	com.badlogic.gdx.utils.IntArray#addAll(int):void	ee16f6ff48bccaf4e157	413	1301	1725	175
METHOD_ENTRY	com.badlogic.gdx.utils.IntArray#addAll(IntArray):void	a956123ac62d1db1fdc4	413	1304	1728	234
METHOD_EXIT	com.badlogic.gdx.utils.IntArray#add(int,int):void	3976aaa37439d6b3cc47	455	1374	1840	264
METHOD_EXIT	com.badlogic.gdx.utils.IntArray#addAll(int):void	71970a6eb06594e652e7	455	1312	1778	247
METHOD_ENTRY	com.badlogic.gdx.utils.IntArray#addAll(int[],int,int):void	323e55003e7bf5ed67fe	413	1377	1801	886
METHOD_EXIT	com.badlogic.gdx.utils.IntArray#get(int):int	696d2929768d7288b9a3	455	1399	1865	259
METHOD_EXIT	com.badlogic.gdx.utils.IntArray#set(int,int):void	99601bcda8dcb336a4b2	455	1344	1810	211
METHOD_ENTRY	com.badlogic.gdx.utils.IntArray#addAll(IntArray,int,int):void	8d9ed619550555a67d1c	413	1362	1786	279
METHOD_ENTRY	com.badlogic.gdx.utils.IntArray#get(int):int	c1729295c0b5b8ed4eca	413	1322	1746	225
METHOD_ENTRY	com.badlogic.gdx.utils.IntArray#set(int,int):void	79f70383e6efa49c3e4b	413	1333	1757	268
METHOD_EXIT	com.badlogic.gdx.utils.IntArray#addAll(int[],int,int):void	758d3479b1bd8fec362a	455	1388	1854	253
METHOD_ENTRY	com.badlogic.gdx.utils.IntArray#incr(int,int):void	f1b1d892a894f8e892b4	413	1335	1759	217
METHOD_ENTRY	com.badlogic.gdx.utils.IntArray#incr(int):void	844bc3b38efc7b5d398d	413	1322	1746	217
METHOD_EXIT	com.badlogic.gdx.utils.IntArray#mul(int,int):void	9bf969acec1fdd16394a	455	1345	1811	288
METHOD_EXIT	com.badlogic.gdx.utils.IntArray#incr(int):void	f2da651d772f2f880e07	455	1333	1799	235
METHOD_ENTRY	com.badlogic.gdx.utils.IntArray#mul(int):void	8e0fbc7fa9a83e59bfa4	413	1321	1745	228
METHOD_EXIT	com.badlogic.gdx.utils.IntArray#insert(int,int):void	b60d7db80d6c04f26e18	455	1417	1883	286
METHOD_ENTRY	com.badlogic.gdx.utils.IntArray#mul(int,int):void	894a936157b205e543b0	413	1334	1758	247
METHOD_ENTRY	com.badlogic.gdx.utils.IntArray#insertRange(int,int):void	01b4668765dfc49d206a	413	1394	1818	278
METHOD_EXIT	com.badlogic.gdx.utils.IntArray#incr(int,int):void	a1e3d8ab58b6144bab36	455	1346	1812	218
METHOD_EXIT	com.badlogic.gdx.utils.IntArray#mul(int):void	f9db52b4f93f8efc648e	455	1332	1798	330
METHOD_ENTRY	com.badlogic.gdx.utils.IntArray#swap(int,int):void	cde9bee563a1882dc6bc	413	1392	1816	197
METHOD_ENTRY	com.badlogic.gdx.utils.IntArray#insert(int,int):void	d38ad51bfdb7124f9058	413	1406	1830	255
METHOD_EXIT	com.badlogic.gdx.utils.IntArray#replaceFirst(int,int):boolean	6ee4de621f6ac9b23d7e	455	1434	1900	399
METHOD_ENTRY	com.badlogic.gdx.utils.IntArray#replaceAll(int,int):int	0a81bb2e84a04f697e2e	413	1364	1788	184
METHOD_EXIT	com.badlogic.gdx.utils.IntArray#insertRange(int,int):void	0189cd7e75c7b92e7dde	455	1405	1871	257
METHOD_EXIT	com.badlogic.gdx.utils.IntArray#swap(int,int):void	212d93664efbced619fc	455	1403	1869	338
METHOD_ENTRY	com.badlogic.gdx.utils.IntArray#contains(int):boolean	416760b244f5ddbe6342	413	1329	1753	254
METHOD_ENTRY	com.badlogic.gdx.utils.IntArray#replaceFirst(int,int):boolean	ce74b0e457cd68d6283e	413	1357	1781	298
METHOD_ENTRY	com.badlogic.gdx.utils.IntArray#indexOf(int):int	bc4d0beb312645105cfd	413	1332	1756	216
METHOD_EXIT	com.badlogic.gdx.utils.IntArray#indexOf(int):int	747d58687b7fab725178	455	1409	1875	304
METHOD_ENTRY	com.badlogic.gdx.utils.IntArray#removeValue(int):boolean	e772864f317a2340d2fd	413	1346	1770	223
METHOD_EXIT	com.badlogic.gdx.utils.IntArray#replaceAll(int,int):int	54bea85be1c6c2b85672	455	1441	1907	244
METHOD_EXIT	com.badlogic.gdx.utils.IntArray#removeValue(int):boolean	9b1f9e3ec69a80c0458b	455	1423	1889	308
METHOD_ENTRY	com.badlogic.gdx.utils.IntArray#lastIndexOf(int):int	624514ed1b32c8727c3f	413	1334	1758	186
METHOD_EXIT	com.badlogic.gdx.utils.IntArray#lastIndexOf(int):int	5320b727e4befa186ab0	455	1411	1877	362
METHOD_EXIT	com.badlogic.gdx.utils.IntArray#contains(int):boolean	362b363f9f547a744023	455	1406	1872	280
METHOD_ENTRY	com.badlogic.gdx.utils.IntArray#removeIndex(int):int	b459abeb9d28e4f635d9	413	1376	1800	175
METHOD_ENTRY	com.badlogic.gdx.utils.IntArray#pop():int	669a4415fb6ddce93c08	413	1288	1712	261
METHOD_EXIT	com.badlogic.gdx.utils.IntArray#removeIndex(int):int	57d64b6aad56dec207d8	455	1453	1919	301
METHOD_ENTRY	com.badlogic.gdx.utils.IntArray#peek():int	1b134630b23f57f2f065	413	1289	1713	245
METHOD_ENTRY	com.badlogic.gdx.utils.IntArray#removeAll(IntArray):boolean	69e149210a03703905ef	413	1395	1819	241
METHOD_EXIT	com.badlogic.gdx.utils.IntArray#peek():int	bac7a156df5ebcfe36f1	455	1363	1829	254
METHOD_EXIT	com.badlogic.gdx.utils.IntArray#removeRange(int,int):void	8635705a80ab2869b05c	455	1462	1928	265
METHOD_ENTRY	com.badlogic.gdx.utils.IntArray#first():int	49f88f92424ad1d365bb	413	1305	1729	219
METHOD_ENTRY	com.badlogic.gdx.utils.IntArray#removeRange(int,int):void	4a58f78df0105e3fce30	413	1451	1875	220
METHOD_EXIT	com.badlogic.gdx.utils.IntArray#removeAll(IntArray):boolean	fe486f9c47f199a6cf14	455	1472	1938	270
METHOD_EXIT	com.badlogic.gdx.utils.IntArray#first():int	b75486b7f06fa3cb4173	455	1379	1845	253
METHOD_EXIT	com.badlogic.gdx.utils.IntArray#pop():int	5ce412e83efed8f1438f	455	1362	1828	250
METHOD_EXIT	com.badlogic.gdx.utils.IntArray#notEmpty():boolean	921b338f31fe4dd37688	455	1364	1830	221
METHOD_ENTRY	com.badlogic.gdx.utils.IntArray#shrink():int[]	a6d0633b6a08c72522c6	413	1299	1723	191
METHOD_ENTRY	com.badlogic.gdx.utils.IntArray#isEmpty():boolean	b07c9294014c4fe5028f	413	1290	1714	220
METHOD_ENTRY	com.badlogic.gdx.utils.IntArray#ensureCapacity(int):int[]	dfdb65ba22f027c8956b	413	1366	1790	250
METHOD_EXIT	com.badlogic.gdx.utils.IntArray#isEmpty():boolean	130a1869a16805faba24	455	1364	1830	219
METHOD_ENTRY	com.badlogic.gdx.utils.IntArray#clear():void	367c9d5c6f1d649eb73d	413	1287	1711	150
METHOD_EXIT	com.badlogic.gdx.utils.IntArray#ensureCapacity(int):int[]	345159b3df707071300a	455	1443	1909	280
METHOD_EXIT	com.badlogic.gdx.utils.IntArray#clear():void	d416d3f4fb7af54148a7	455	1298	1764	38
METHOD_EXIT	com.badlogic.gdx.utils.IntArray#setSize(int):int[]	58a6f6f10fc03e337ee3	455	1425	1891	267
METHOD_ENTRY	com.badlogic.gdx.utils.IntArray#notEmpty():boolean	029fe4585e3b3adcf783	413	1290	1714	215
METHOD_EXIT	com.badlogic.gdx.utils.IntArray#shrink():int[]	fd890bbfdffdede7059b	455	1373	1839	206
METHOD_ENTRY	com.badlogic.gdx.utils.IntArray#sort():void	dba29a09b26d803ddf7b	413	1291	1715	194
METHOD_ENTRY	com.badlogic.gdx.utils.IntArray#reverse():void	538fdcc1da4b8c3dd927	413	1354	1778	197
METHOD_ENTRY	com.badlogic.gdx.utils.IntArray#setSize(int):int[]	f1f8f2f5e68bf385556e	413	1348	1772	148
METHOD_EXIT	com.badlogic.gdx.utils.IntArray#reverse():void	e33ec6c1fcb327c2fd31	455	1365	1831	268
METHOD_EXIT	com.badlogic.gdx.utils.IntArray#resize(int):int[]	4d78e86c2be4273d851f	455	1421	1887	170
METHOD_EXIT	com.badlogic.gdx.utils.IntArray#shuffle():void	9f14a6045793f0b8f08c	455	1353	1819	235
METHOD_EXIT	com.badlogic.gdx.utils.IntArray#sort():void	976c40bcf957c5605fea	455	1302	1768	220
METHOD_ENTRY	com.badlogic.gdx.utils.IntArray#truncate(int):void	8c5cc4f391ef74d5245b	413	1330	1754	298
METHOD_ENTRY	com.badlogic.gdx.utils.IntArray#resize(int):int[]	6af0a649332234aaa0a7	413	1344	1768	213
METHOD_ENTRY	com.badlogic.gdx.utils.IntArray#shuffle():void	9da54fca7693f2aea96b	413	1342	1766	238
METHOD_ENTRY	com.badlogic.gdx.utils.IntArray#random():int	803acfd8e68cab3de1fb	413	1307	1731	270
METHOD_ENTRY	com.badlogic.gdx.utils.IntArray#toArray():int[]	feff7d671ae1f27c640b	413	1313	1737	238
METHOD_ENTRY	com.badlogic.gdx.utils.IntArray#hashCode():int	af2a2f0b7ff351806386	413	1342	1766	222
METHOD_EXIT	com.badlogic.gdx.utils.IntArray#equals(Object):boolean	d1575530cdfb84549da6	455	1479	1945	366
METHOD_EXIT	com.badlogic.gdx.utils.IntArray#random():int	22c2d37d23a127adec3d	455	1381	1847	349
METHOD_EXIT	com.badlogic.gdx.utils.IntArray#truncate(int):void	fb71f0b6080845402fac	455	1341	1807	274
METHOD_ENTRY	com.badlogic.gdx.utils.IntArray#toString():String	0e4302ac81c66560bafa	413	1368	1792	222
METHOD_EXIT	com.badlogic.gdx.utils.IntArray#toString():String	f9b87ba3a41ca2b636fa	455	1442	1908	289
METHOD_ENTRY	com.badlogic.gdx.utils.IntArray#equals(Object):boolean	449805e082d87e3b9d52	413	1402	1826	260
METHOD_ENTRY	com.badlogic.gdx.utils.PooledLinkedList#newObject():Item<T>	6b9f85b0625486c813ea	413	669	1093	225
METHOD_ENTRY	com.badlogic.gdx.utils.IntArray#toString(String):String	585873e72dfcf2df4a06	413	1361	1785	239
METHOD_EXIT	com.badlogic.gdx.utils.IntArray#hashCode():int	af06e56302aa98cedc77	455	1416	1882	298
METHOD_EXIT	com.badlogic.gdx.utils.PooledLinkedList#newObject():Item<T>	a47917764d51b5520413	455	680	1146	292
METHOD_ENTRY	com.badlogic.gdx.utils.PooledLinkedList#add(T):void	ac427e1f47bdbb8a1a43	413	760	1184	264
METHOD_EXIT	com.badlogic.gdx.utils.PooledLinkedList#add(T):void	08bf5f97407262f9064d	455	771	1237	272
METHOD_ENTRY	com.badlogic.gdx.utils.PooledLinkedList#addFirst(T):void	c2463e21989e776fdbf8	413	748	1172	285
METHOD_EXIT	com.badlogic.gdx.utils.PooledLinkedList#addFirst(T):void	2a94913980244dad54b2	455	759	1225	266
METHOD_EXIT	com.badlogic.gdx.utils.PooledLinkedList#size():int	e4be24cf2ebd2d7a4bb2	455	755	1221	98
METHOD_ENTRY	com.badlogic.gdx.utils.PooledLinkedList#size():int	797d16d4978e320d04e6	413	681	1105	228
METHOD_EXIT	com.badlogic.gdx.utils.IntArray#with(int):IntArray	7df8e66a4e89335dfed1	455	1376	1842	302
METHOD_EXIT	com.badlogic.gdx.utils.IntArray#toArray():int[]	ad3fbe8f8cf4cccea610	455	1387	1853	229
METHOD_ENTRY	com.badlogic.gdx.utils.PooledLinkedList#iterReverse():void	b06c5b9d36a288430df6	413	684	1108	246
METHOD_ENTRY	com.badlogic.gdx.utils.PooledLinkedList#iter():void	1406f1b361740a8a6abc	413	682	1106	273
METHOD_EXIT	com.badlogic.gdx.utils.PooledLinkedList#iterReverse():void	be5209edf6d162eab87f	455	695	1161	242
METHOD_ENTRY	com.badlogic.gdx.utils.PooledLinkedList#next():T	c5c7ab2cd518e189cf3c	413	711	1135	299
METHOD_ENTRY	com.badlogic.gdx.utils.PooledLinkedList#previous():T	30a380239e72cf144fa0	413	711	1135	262
METHOD_EXIT	com.badlogic.gdx.utils.PooledLinkedList#previous():T	8dd8174edff51f69d36e	455	785	1251	299
METHOD_EXIT	com.badlogic.gdx.utils.IntArray#toString(String):String	7437b15c5c740b39b347	455	1438	1904	310
METHOD_EXIT	com.badlogic.gdx.utils.PooledLinkedList#remove():void	7d725c603f6ab226de78	455	826	1292	239
METHOD_ENTRY	com.badlogic.gdx.utils.PooledLinkedList#removeLast():T	7efeb0981947538a7f17	413	767	1191	279
METHOD_EXIT	com.badlogic.gdx.utils.PooledLinkedList#next():T	f4240913538d805e9f40	455	785	1251	270
METHOD_EXIT	com.badlogic.gdx.utils.PooledLinkedList#removeLast():T	31ada889e1944514403e	455	841	1307	308
METHOD_ENTRY	com.badlogic.gdx.utils.PooledLinkedList#remove():void	32684c1b41042ee47647	413	815	1239	346
METHOD_ENTRY	com.badlogic.gdx.utils.DefaultPool#newObject():T	cb6d9bf442829c138257	413	432	856	127
METHOD_ENTRY	com.badlogic.gdx.utils.IntArray#with(int):IntArray	5a69525d33b9111dc1c3	413	1298	1722	278
METHOD_EXIT	com.badlogic.gdx.utils.PooledLinkedList#iter():void	38f979fa69aa63acb8ca	455	693	1159	282
METHOD_EXIT	com.badlogic.gdx.utils.PooledLinkedList#clear():void	8650748d7b2e427d75e6	455	710	1176	212
METHOD_ENTRY	com.badlogic.gdx.utils.PooledLinkedList#clear():void	8f8b2bb9e901809b1ccb	413	699	1123	209
METHOD_EXIT	com.badlogic.gdx.utils.DefaultPool#newObject():T	acf14424776e2b76add0	455	506	972	239
METHOD_ENTRY	com.badlogic.gdx.utils.BufferUtils#copy(float[],Buffer,int,int):void	922276bfcdca93012e6d	413	4681	5105	226
METHOD_ENTRY	com.badlogic.gdx.utils.BufferUtils#copy(byte[],int,Buffer,int):void	4d9c9f6007cfb9df1df5	413	4663	5087	246
METHOD_EXIT	com.badlogic.gdx.utils.BufferUtils#copy(short[],int,Buffer,int):void	a1e4a98b5525bd43e647	455	4680	5146	277
METHOD_ENTRY	com.badlogic.gdx.utils.BufferUtils#copy(short[],int,Buffer,int):void	f59b5e4a5b015f359606	413	4669	5093	258
METHOD_ENTRY	com.badlogic.gdx.utils.BufferUtils#copy(int[],int,int,Buffer):void	f6b4fcd81b630e079db1	413	4651	5075	226
METHOD_EXIT	com.badlogic.gdx.utils.BufferUtils#copy(int[],int,int,Buffer):void	f634f3ef735166d103e3	455	4662	5128	219
METHOD_EXIT	com.badlogic.gdx.utils.BufferUtils#copy(float[],Buffer,int,int):void	a6d6ef4ea64fabf2a3e5	455	4692	5158	274
METHOD_ENTRY	com.badlogic.gdx.utils.BufferUtils#copy(char[],int,int,Buffer):void	22ca7ace3da87ce8594f	413	4651	5075	121
METHOD_ENTRY	com.badlogic.gdx.utils.BufferUtils#copy(long[],int,int,Buffer):void	b92efb45c6d3b2335584	413	4651	5075	236
METHOD_EXIT	com.badlogic.gdx.utils.BufferUtils#copy(long[],int,int,Buffer):void	3284b8b71b00f130aa29	455	4662	5128	236
METHOD_EXIT	com.badlogic.gdx.utils.BufferUtils#copy(char[],int,int,Buffer):void	3329e1d804f5a920294d	455	4662	5128	236
METHOD_ENTRY	com.badlogic.gdx.utils.BufferUtils#copy(float[],int,int,Buffer):void	ff97af0226dca59a22be	413	4651	5075	199
METHOD_EXIT	com.badlogic.gdx.utils.BufferUtils#copy(float[],int,int,Buffer):void	428e8ef3575741ccad0a	455	4662	5128	245
METHOD_ENTRY	com.badlogic.gdx.utils.BufferUtils#copy(char[],int,Buffer,int):void	19df82345103fc17cfb4	413	4669	5093	195
METHOD_EXIT	com.badlogic.gdx.utils.BufferUtils#copy(double[],int,int,Buffer):void	f42f11ed7f551882436d	455	4662	5128	236
METHOD_EXIT	com.badlogic.gdx.utils.BufferUtils#copy(byte[],int,Buffer,int):void	18d97d5715f4092ee397	455	4674	5140	314
METHOD_EXIT	com.badlogic.gdx.utils.BufferUtils#copy(char[],int,Buffer,int):void	d8dd8c828e1b634fdd16	455	4680	5146	280
METHOD_ENTRY	com.badlogic.gdx.utils.BufferUtils#copy(long[],int,Buffer,int):void	5e7788338b4e8ed386a2	413	4669	5093	186
METHOD_EXIT	com.badlogic.gdx.utils.BufferUtils#copy(int[],int,Buffer,int):void	aed37f60af08a205e9a3	455	4680	5146	268
METHOD_EXIT	com.badlogic.gdx.utils.BufferUtils#copy(long[],int,Buffer,int):void	66b091f087551a5c98f6	455	4680	5146	277
METHOD_ENTRY	com.badlogic.gdx.utils.BufferUtils#copy(float[],int,Buffer,int):void	5bb0be57706d73649c99	413	4669	5093	256
METHOD_ENTRY	com.badlogic.gdx.utils.BufferUtils#copy(double[],int,int,Buffer):void	0d3cd65ab955be6799e0	413	4651	5075	233
METHOD_ENTRY	com.badlogic.gdx.utils.BufferUtils#copy(Buffer,Buffer,int):void	38e4c54ba0efdf566f81	413	4665	5089	236
METHOD_EXIT	com.badlogic.gdx.utils.BufferUtils#copy(double[],int,Buffer,int):void	4dfa74598e6631a2b5c8	455	4680	5146	277
METHOD_ENTRY	com.badlogic.gdx.utils.BufferUtils#copy(int[],int,Buffer,int):void	0d4601f56f7519a4c582	413	4669	5093	239
METHOD_EXIT	com.badlogic.gdx.utils.BufferUtils#copy(Buffer,Buffer,int):void	425aeaa8cd7aadac054a	455	4676	5142	233
METHOD_EXIT	com.badlogic.gdx.utils.BufferUtils#copy(float[],int,Buffer,int):void	adbe3cb47cc405b4b74d	455	4680	5146	321
METHOD_ENTRY	com.badlogic.gdx.utils.BufferUtils#transform(Buffer,int,int,int,Matrix4):void	50964d46ff3cef814ff1	413	4656	5080	255
METHOD_ENTRY	com.badlogic.gdx.utils.BufferUtils#copy(double[],int,Buffer,int):void	c8f38d2d97de1faaeac5	413	4669	5093	220
METHOD_ENTRY	com.badlogic.gdx.utils.BufferUtils#transform(float[],int,int,int,Matrix4):void	37c17dedec28b8b5070c	413	4658	5082	198
METHOD_EXIT	com.badlogic.gdx.utils.BufferUtils#transform(float[],int,int,int,Matrix4):void	63d819363be647dea13c	455	4669	5135	271
METHOD_EXIT	com.badlogic.gdx.utils.BufferUtils#transform(Buffer,int,int,int,Matrix4):void	d40b67d231dd2f9aea72	455	4667	5133	236
METHOD_EXIT	com.badlogic.gdx.utils.BufferUtils#transform(Buffer,int,int,int,Matrix4,int):void	6c196b06160dbae435f5	455	4783	5249	251
METHOD_ENTRY	com.badlogic.gdx.utils.BufferUtils#transform(float[],int,int,int,Matrix3):void	8db9cb823b685c837136	413	4658	5082	297
METHOD_EXIT	com.badlogic.gdx.utils.BufferUtils#transform(Buffer,int,int,int,Matrix3):void	63aaf2e3f2df1a11ad56	455	4667	5133	280
METHOD_EXIT	com.badlogic.gdx.utils.BufferUtils#transform(float[],int,int,int,Matrix4,int):void	4a7e30fa9a4aebf0a6f3	455	4767	5233	297
METHOD_ENTRY	com.badlogic.gdx.utils.BufferUtils#transform(Buffer,int,int,int,Matrix4,int):void	a5bce97e51022c0a2a70	413	4772	5196	209
METHOD_ENTRY	com.badlogic.gdx.utils.BufferUtils#transform(float[],int,int,int,Matrix4,int):void	9ee2769bde42cd964695	413	4756	5180	226
METHOD_ENTRY	com.badlogic.gdx.utils.BufferUtils#transform(Buffer,int,int,int,Matrix3):void	72bb2c3b80be3d7236c9	413	4656	5080	245
METHOD_ENTRY	com.badlogic.gdx.utils.BufferUtils#transform(Buffer,int,int,int,Matrix3,int):void	970e519f088e2f7e421a	413	4737	5161	146
METHOD_EXIT	com.badlogic.gdx.utils.BufferUtils#transform(Buffer,int,int,int,Matrix3,int):void	fed5bc250493cabde9c4	455	4748	5214	279
METHOD_ENTRY	com.badlogic.gdx.utils.BufferUtils#transform(float[],int,int,int,Matrix3,int):void	21909fe1b1d61209dc45	413	4727	5151	294
METHOD_EXIT	com.badlogic.gdx.utils.BufferUtils#transform(float[],int,int,int,Matrix3):void	1f90818ec967682d23fe	455	4669	5135	313
METHOD_EXIT	com.badlogic.gdx.utils.BufferUtils#findFloats(float[],int,Buffer,int):long	42bd3c6eaa511bc85415	455	4734	5200	248
METHOD_ENTRY	com.badlogic.gdx.utils.BufferUtils#findFloats(Buffer,int,float[],int):long	21b467a2b7a4de349762	413	4656	5080	230
METHOD_EXIT	com.badlogic.gdx.utils.BufferUtils#findFloats(Buffer,int,float[],int):long	8a620edd297c4c4cd929	455	4733	5199	240
METHOD_EXIT	com.badlogic.gdx.utils.BufferUtils#transform(float[],int,int,int,Matrix3,int):void	fa8eb63321119096e2ea	455	4738	5204	263
METHOD_ENTRY	com.badlogic.gdx.utils.BufferUtils#findFloats(Buffer,int,Buffer,int):long	329b6c4275bbc4782dd1	413	4657	5081	138
METHOD_ENTRY	com.badlogic.gdx.utils.BufferUtils#findFloats(float[],int,Buffer,int):long	f7759aefa4feedbf1c7e	413	4657	5081	209
METHOD_EXIT	com.badlogic.gdx.utils.BufferUtils#findFloats(Buffer,int,Buffer,int):long	20373227023287d865bd	455	4734	5200	259
METHOD_EXIT	com.badlogic.gdx.utils.BufferUtils#findFloats(float[],int,float[],int):long	f9ef09a7e30d2ad43b47	455	4733	5199	241
METHOD_ENTRY	com.badlogic.gdx.utils.BufferUtils#findFloats(Buffer,int,Buffer,int,float):long	4c004dab317e0ada3ce1	413	4668	5092	231
METHOD_EXIT	com.badlogic.gdx.utils.BufferUtils#findFloats(Buffer,int,Buffer,int,float):long	6e922e5e72311a0a7055	455	4745	5211	264
METHOD_ENTRY	com.badlogic.gdx.utils.BufferUtils#findFloats(float[],int,Buffer,int,float):long	f5b8d011ac7908a36217	413	4668	5092	234
METHOD_EXIT	com.badlogic.gdx.utils.BufferUtils#findFloats(float[],int,Buffer,int,float):long	54ff6167fc75cdaeeedc	455	4745	5211	235
METHOD_ENTRY	com.badlogic.gdx.utils.BufferUtils#findFloats(float[],int,float[],int):long	a46f9b0bdc43d098b8eb	413	4656	5080	253
METHOD_ENTRY	com.badlogic.gdx.utils.BufferUtils#findFloats(float[],int,float[],int,float):long	1997bfeece9194728c8f	413	4667	5091	124
METHOD_EXIT	com.badlogic.gdx.utils.BufferUtils#findFloats(float[],int,float[],int,float):long	2f1f3a87011b83b32645	455	4744	5210	275
METHOD_ENTRY	com.badlogic.gdx.utils.BufferUtils#positionInBytes(Buffer):int	0d1962f5820d37dc3154	413	4748	5172	312
METHOD_EXIT	com.badlogic.gdx.utils.BufferUtils#positionInBytes(Buffer):int	d820cee7083318e3798c	455	4825	5291	294
METHOD_ENTRY	com.badlogic.gdx.utils.BufferUtils#elementsToBytes(Buffer,int):int	ca53f9eecebe65e1267f	413	4744	5168	367
METHOD_EXIT	com.badlogic.gdx.utils.BufferUtils#elementsToBytes(Buffer,int):int	02042d87a64a04dc5c35	455	4821	5287	351
METHOD_ENTRY	com.badlogic.gdx.utils.BufferUtils#findFloats(Buffer,int,float[],int,float):long	aae773eebbf93c48c7da	413	4667	5091	199
METHOD_ENTRY	com.badlogic.gdx.utils.BufferUtils#newFloatBuffer(int):FloatBuffer	19fe9142409183bef7f6	413	4636	5060	135
METHOD_EXIT	com.badlogic.gdx.utils.BufferUtils#findFloats(Buffer,int,float[],int,float):long	826a42b6a365c3c89205	455	4744	5210	282
METHOD_ENTRY	com.badlogic.gdx.utils.BufferUtils#bytesToElements(Buffer,int):int	7b492d6a3faa97ce1150	413	4744	5168	190
METHOD_EXIT	com.badlogic.gdx.utils.BufferUtils#bytesToElements(Buffer,int):int	48e42d4a709e542f0d19	455	4821	5287	345
METHOD_EXIT	com.badlogic.gdx.utils.BufferUtils#newFloatBuffer(int):FloatBuffer	9914d543c40030c8abc0	455	4714	5180	274
METHOD_ENTRY	com.badlogic.gdx.utils.BufferUtils#newDoubleBuffer(int):DoubleBuffer	793dfc9407e5504aa54e	413	4636	5060	279
METHOD_EXIT	com.badlogic.gdx.utils.BufferUtils#newDoubleBuffer(int):DoubleBuffer	70d42b19cbbb46119f4d	455	4714	5180	241
METHOD_EXIT	com.badlogic.gdx.utils.BufferUtils#newByteBuffer(int):ByteBuffer	1940c39f5a4061e0c207	455	4705	5171	262
METHOD_EXIT	com.badlogic.gdx.utils.BufferUtils#newCharBuffer(int):CharBuffer	7ac1e9f023f03a220e1e	455	4711	5177	221
METHOD_ENTRY	com.badlogic.gdx.utils.BufferUtils#newIntBuffer(int):IntBuffer	73cea4ae9371b3c94e05	413	4633	5057	226
METHOD_EXIT	com.badlogic.gdx.utils.BufferUtils#newIntBuffer(int):IntBuffer	3ee8ea3139f0c109de95	455	4711	5177	256
METHOD_ENTRY	com.badlogic.gdx.utils.BufferUtils#newByteBuffer(int):ByteBuffer	a9a8e7a1d9c7ca64ae64	413	4627	5051	149
METHOD_ENTRY	com.badlogic.gdx.utils.BufferUtils#newLongBuffer(int):LongBuffer	c35c2aee41ada2167bc3	413	4636	5060	305
METHOD_EXIT	com.badlogic.gdx.utils.BufferUtils#newShortBuffer(int):ShortBuffer	bd0af0477307be26e2a3	455	4714	5180	211
METHOD_ENTRY	com.badlogic.gdx.utils.BufferUtils#newCharBuffer(int):CharBuffer	34594e40e07181f02ac7	413	4633	5057	107
METHOD_EXIT	com.badlogic.gdx.utils.BufferUtils#newLongBuffer(int):LongBuffer	42a9570da18c77555706	455	4714	5180	291
METHOD_ENTRY	com.badlogic.gdx.utils.BufferUtils#newShortBuffer(int):ShortBuffer	7f5f34ffed4f35c7783f	413	4636	5060	302
METHOD_ENTRY	com.badlogic.gdx.utils.BufferUtils#disposeUnsafeByteBuffer(ByteBuffer):void	c4a22047e7b334e37726	413	4663	5087	283
METHOD_ENTRY	com.badlogic.gdx.utils.BufferUtils#isUnsafeByteBuffer(ByteBuffer):boolean	c371e7a660a1aed889f6	413	4623	5047	204
METHOD_EXIT	com.badlogic.gdx.utils.BufferUtils#disposeUnsafeByteBuffer(ByteBuffer):void	5db3bc59d84786737776	455	4674	5140	259
METHOD_EXIT	com.badlogic.gdx.utils.BufferUtils#isUnsafeByteBuffer(ByteBuffer):boolean	7c87ecc7fe6509b29479	455	4700	5166	335
METHOD_ENTRY	com.badlogic.gdx.utils.BufferUtils#getUnsafeBufferAddress(Buffer):long	8bbdad9b720e2707cdd3	413	4611	5035	288
METHOD_EXIT	com.badlogic.gdx.utils.BufferUtils#getUnsafeBufferAddress(Buffer):long	caeaa5fab7c4e7e812a8	455	4688	5154	250
METHOD_ENTRY	com.badlogic.gdx.utils.BufferUtils#newUnsafeByteBuffer(ByteBuffer):ByteBuffer	97dac32c8f4e424717cf	413	4635	5059	261
METHOD_EXIT	com.badlogic.gdx.utils.BufferUtils#newUnsafeByteBuffer(ByteBuffer):ByteBuffer	1de7238a5a04ead6aa75	455	4713	5179	272
METHOD_ENTRY	com.badlogic.gdx.utils.BufferUtils#getAllocatedBytesUnsafe():int	a309555a25bac38cc4ba	413	4599	5023	110
METHOD_ENTRY	com.badlogic.gdx.utils.OrderedMap#putAll(OrderedMap<T, ? extends V>):void	467b98f3fe64b4594a84	413	1503	1927	203
METHOD_EXIT	com.badlogic.gdx.utils.BufferUtils#newUnsafeByteBuffer(int):ByteBuffer	4b5591cefcd2d0e02ede	455	4732	5198	244
METHOD_ENTRY	com.badlogic.gdx.utils.BufferUtils#newUnsafeByteBuffer(int):ByteBuffer	ef60135916e865bc352c	413	4654	5078	190
METHOD_ENTRY	com.badlogic.gdx.utils.OrderedMap#put(K,V):V	b4801e2b8836cf0da5f8	413	1529	1953	271
METHOD_EXIT	com.badlogic.gdx.utils.BufferUtils#getAllocatedBytesUnsafe():int	75ffaeaa5731171d6549	455	4673	5139	165
METHOD_EXIT	com.badlogic.gdx.utils.OrderedMap#remove(K):V	50791b56050ecac41ac0	455	1508	1974	278
METHOD_EXIT	com.badlogic.gdx.utils.OrderedMap#putAll(OrderedMap<T, ? extends V>):void	b09ed7acbe66dda36a54	455	1514	1980	288
METHOD_EXIT	com.badlogic.gdx.utils.OrderedMap#put(K,V):V	cd6aba98d282db45d12d	455	1606	2072	291
METHOD_ENTRY	com.badlogic.gdx.utils.OrderedMap#remove(K):V	b4a8f762a8a53e8a928b	413	1431	1855	251
METHOD_EXIT	com.badlogic.gdx.utils.OrderedMap#removeIndex(int):V	5680ff30fd035eff541e	455	1505	1971	257
METHOD_ENTRY	com.badlogic.gdx.utils.OrderedMap#removeIndex(int):V	e63a2885b4aaa639fc91	413	1428	1852	244
METHOD_ENTRY	com.badlogic.gdx.utils.OrderedMap#alterIndex(int,K):boolean	b80d94e9a508f1f5d377	413	1469	1893	275
METHOD_EXIT	com.badlogic.gdx.utils.OrderedMap#alterIndex(int,K):boolean	a255e25e093e43f5c5b6	455	1546	2012	281
METHOD_ENTRY	com.badlogic.gdx.utils.OrderedMap#alter(K,K):boolean	47d9814a36a245686881	413	1478	1902	266
METHOD_EXIT	com.badlogic.gdx.utils.OrderedMap#alter(K,K):boolean	f655cb35c44cc860425e	455	1555	2021	323
METHOD_EXIT	com.badlogic.gdx.utils.OrderedMap#clear(int):void	08ecff8c8c9142ef5806	455	1441	1907	244
METHOD_ENTRY	com.badlogic.gdx.utils.OrderedMap#clear():void	7b19ba78514e88b9d1a4	413	1419	1843	200
METHOD_ENTRY	com.badlogic.gdx.utils.OrderedMap#orderedKeys():Array<K>	88346f60fa6edfe11ff0	413	1421	1845	281
METHOD_ENTRY	com.badlogic.gdx.utils.OrderedMap#clear(int):void	32c061fe024724ec8446	413	1430	1854	234
METHOD_EXIT	com.badlogic.gdx.utils.OrderedMap#orderedKeys():Array<K>	398e48e0d5e718118c26	455	1496	1962	250
METHOD_EXIT	com.badlogic.gdx.utils.OrderedMap#clear():void	544aea1c2edab961100d	455	1430	1896	235
METHOD_ENTRY	com.badlogic.gdx.utils.OrderedMap#entries():Entries<K, V>	f4b1d9a356be1d5c508d	413	1533	1957	326
METHOD_ENTRY	com.badlogic.gdx.utils.OrderedMap#values():Values<V>	6332adbe59f02c0135c0	413	1521	1945	320
METHOD_EXIT	com.badlogic.gdx.utils.OrderedMap#iterator():Entries<K, V>	e7b550b40536781dc6f7	455	1500	1966	271
METHOD_ENTRY	com.badlogic.gdx.utils.OrderedMap#iterator():Entries<K, V>	44934f16eeeca3c47f78	413	1423	1847	224
METHOD_EXIT	com.badlogic.gdx.utils.OrderedMap#entries():Entries<K, V>	66727dcb1a6326f11cae	455	1610	2076	261
METHOD_EXIT	com.badlogic.gdx.utils.OrderedMap#toString(String,boolean):String	3bc799cfa2c68c84e093	455	1653	2119	347
METHOD_EXIT	com.badlogic.gdx.utils.OrderedMap#values():Values<V>	3901d0f40b9ab8446856	455	1596	2062	270
METHOD_ENTRY	com.badlogic.gdx.utils.OrderedMap#reset():void	2193cc80f29e2a673ab2	413	1436	1860	221
METHOD_EXIT	com.badlogic.gdx.utils.OrderedMap#keys():Keys<K>	5443cd71786f238f736f	455	1596	2062	233
METHOD_ENTRY	com.badlogic.gdx.utils.OrderedMap#next():Entry	4463f3e2789f48bda825	413	1487	1911	103
METHOD_EXIT	com.badlogic.gdx.utils.OrderedMap#reset():void	e192986ffa8ebbda68b8	455	1447	1913	236
METHOD_ENTRY	com.badlogic.gdx.utils.OrderedMap#remove():void	ffb2d4a80c14d3ae557b	413	1451	1875	247
METHOD_EXIT	com.badlogic.gdx.utils.OrderedMap#next():Entry	ef6fba46a1ec111972f8	455	1561	2027	278
METHOD_ENTRY	com.badlogic.gdx.utils.OrderedMap#toString(String,boolean):String	c98f4f82c68bf93357a9	413	1576	2000	221
METHOD_ENTRY	com.badlogic.gdx.utils.OrderedMap#keys():Keys<K>	31ca6076049f5ddefdf4	413	1521	1945	216
METHOD_EXIT	com.badlogic.gdx.utils.OrderedMap#remove():void	ab386ad4444c85f2bc87	455	1462	1928	264
METHOD_EXIT	com.badlogic.gdx.utils.OrderedMap#reset():void	e192986ffa8ebbda68b8	455	1447	1913	236
METHOD_ENTRY	com.badlogic.gdx.utils.OrderedMap#next():K	b32712bdb2a1471f4f93	413	1478	1902	279
METHOD_EXIT	com.badlogic.gdx.utils.OrderedMap#next():K	ead09151cb419d12cc5d	455	1552	2018	277
METHOD_EXIT	com.badlogic.gdx.utils.OrderedMap#toArray(Array<K>):Array<K>	9116773d8714c4a995b9	455	1538	2004	304
METHOD_ENTRY	com.badlogic.gdx.utils.OrderedMap#reset():void	2193cc80f29e2a673ab2	413	1436	1860	221
METHOD_ENTRY	com.badlogic.gdx.utils.OrderedMap#toArray(Array<K>):Array<K>	486369023fe7177615c9	413	1460	1884	242
METHOD_ENTRY	com.badlogic.gdx.utils.OrderedMap#remove():void	ffb2d4a80c14d3ae557b	413	1451	1875	247
METHOD_ENTRY	com.badlogic.gdx.utils.OrderedMap#reset():void	2193cc80f29e2a673ab2	413	1436	1860	221
METHOD_EXIT	com.badlogic.gdx.utils.OrderedMap#toArray():Array<K>	5f253fcbea9dd9154f0f	455	1507	1973	249
METHOD_EXIT	com.badlogic.gdx.utils.OrderedMap#remove():void	ab386ad4444c85f2bc87	455	1462	1928	264
METHOD_EXIT	com.badlogic.gdx.utils.OrderedMap#reset():void	e192986ffa8ebbda68b8	455	1447	1913	236
METHOD_ENTRY	com.badlogic.gdx.utils.OrderedMap#toArray():Array<K>	90f3dd7c6c73bf754e2a	413	1432	1856	310
METHOD_EXIT	com.badlogic.gdx.utils.OrderedMap#next():V	d6983b14f172aaf96a97	455	1554	2020	300
METHOD_EXIT	com.badlogic.gdx.utils.OrderedMap#remove():void	ab386ad4444c85f2bc87	455	1462	1928	264
METHOD_ENTRY	com.badlogic.gdx.utils.OrderedMap#toArray(Array<V>):Array<V>	8d6d1e80475031c22057	413	1501	1925	272
METHOD_ENTRY	com.badlogic.gdx.utils.OrderedMap#toArray():Array<V>	c12eda5b23c57c8f22fa	413	1432	1856	232
METHOD_ENTRY	com.badlogic.gdx.utils.OrderedMapEntries#reset():void	4600955df75f91088096	413	400	824	112
METHOD_EXIT	com.badlogic.gdx.utils.OrderedMap#toArray():Array<V>	6daad5fed37b18bbfc04	455	1507	1973	278
METHOD_ENTRY	com.badlogic.gdx.utils.OrderedMapEntries#next():Entry	b4122bba9cfd1f6ffac3	413	451	875	338
METHOD_ENTRY	com.badlogic.gdx.utils.OrderedMap#remove():void	ffb2d4a80c14d3ae557b	413	1451	1875	247
METHOD_EXIT	com.badlogic.gdx.utils.OrderedMapEntries#reset():void	4bc0633c44141674a196	455	411	877	303
METHOD_ENTRY	com.badlogic.gdx.utils.OrderedMap#next():V	3dc214bb25f2b069682f	413	1480	1904	300
METHOD_EXIT	com.badlogic.gdx.utils.OrderedMapEntries#next():Entry	4a069e2e11ed5a845618	455	525	991	311
METHOD_ENTRY	com.badlogic.gdx.utils.OrderedMapEntries#remove():void	067ef8606ecb3a0871c7	413	415	839	197
METHOD_EXIT	com.badlogic.gdx.utils.OrderedMapEntries#remove():void	c33fee29fe1b4e2e5e61	455	426	892	239
METHOD_ENTRY	com.badlogic.gdx.utils.OrderedMapKeys#reset():void	42f0713558106d7442e8	413	400	824	248
METHOD_EXIT	com.badlogic.gdx.utils.OrderedMapKeys#reset():void	3da5615673d3b8891260	455	411	877	199
METHOD_ENTRY	com.badlogic.gdx.utils.OrderedMapKeys#next():K	25d340f1dd5bf6a4c623	413	442	866	288
METHOD_EXIT	com.badlogic.gdx.utils.OrderedMap#toArray(Array<V>):Array<V>	6626e21e52beb633524f	455	1579	2045	300
METHOD_EXIT	com.badlogic.gdx.utils.OrderedMapKeys#next():K	63956206013fe5872532	455	516	982	293
METHOD_ENTRY	com.badlogic.gdx.utils.OrderedMapKeys#toArray(Array<K>):Array<K>	bb22f541711cb8e5eb27	413	424	848	185
METHOD_EXIT	com.badlogic.gdx.utils.OrderedMapKeys#toArray(Array<K>):Array<K>	fc2febe4ee70bc8be7d7	455	502	968	310
METHOD_ENTRY	com.badlogic.gdx.utils.OrderedMapKeys#toArray():Array<K>	f369ee2a1e22dffd609e	413	396	820	167
METHOD_EXIT	com.badlogic.gdx.utils.OrderedMapKeys#toArray():Array<K>	ccc4b675ced283ca8e16	455	471	937	261
METHOD_ENTRY	com.badlogic.gdx.utils.OrderedMapKeys#remove():void	20fefd95bf2b24816087	413	415	839	261
METHOD_ENTRY	com.badlogic.gdx.utils.OrderedMapValues#next():V	afe9c6b1ab7e92cfe69d	413	444	868	328
METHOD_EXIT	com.badlogic.gdx.utils.OrderedMapValues#next():V	bb2002f385c384fc8121	455	518	984	229
METHOD_ENTRY	com.badlogic.gdx.utils.OrderedMapValues#remove():void	1aee82a4be9a0371d636	413	415	839	275
METHOD_EXIT	com.badlogic.gdx.utils.OrderedMapValues#remove():void	b9f3ca84cb5aa01d3849	455	426	892	225
METHOD_EXIT	com.badlogic.gdx.utils.OrderedMapKeys#remove():void	d38635ff5cbd98bc37dc	455	426	892	184
METHOD_ENTRY	com.badlogic.gdx.utils.ArraySupplier#object():ArraySupplier<T[]>	baf5bf17ef0101fc338a	413	515	939	65
METHOD_EXIT	com.badlogic.gdx.utils.ArraySupplier#object():ArraySupplier<T[]>	dd0de6c3c06fabf27db8	455	592	1058	317
METHOD_EXIT	com.badlogic.gdx.utils.OrderedMapValues#toArray(Array<V>):Array<V>	4f088a4b2efc0f16f0de	455	543	1009	199
METHOD_ENTRY	com.badlogic.gdx.utils.OrderedMapValues#reset():void	346580727b04615469fb	413	400	824	194
METHOD_EXIT	com.badlogic.gdx.utils.OrderedMapValues#toArray():Array<V>	f0c1f7e74fa15d9abfcf	455	471	937	281
METHOD_ENTRY	com.badlogic.gdx.utils.OrderedMapValues#toArray(Array<V>):Array<V>	f9475e0ad1b41abb0258	413	465	889	221
METHOD_ENTRY	com.badlogic.gdx.utils.OrderedMapValues#toArray():Array<V>	4e168ea93e4aa3d1a5ac	413	396	820	184
METHOD_ENTRY	com.badlogic.gdx.utils.JsonReader#parse(Reader):JsonValue	cdc874bb3ed3a2a77bbe	413	1223	1647	274
METHOD_EXIT	com.badlogic.gdx.utils.OrderedMapValues#reset():void	e9593d28f620db59c8e6	455	411	877	6948
METHOD_EXIT	com.badlogic.gdx.utils.JsonReader#parse(InputStream):JsonValue	b369cf0ce8444a3e5c26	455	1195	1661	306
METHOD_ENTRY	com.badlogic.gdx.utils.JsonReader#parse(String):JsonValue	328a5c4fb36dbd444adb	413	1084	1508	300
METHOD_ENTRY	com.badlogic.gdx.utils.JsonReader#parse(InputStream):JsonValue	10730df8c261bdc4e3e5	413	1117	1541	240
METHOD_EXIT	com.badlogic.gdx.utils.JsonReader#parse(String):JsonValue	cc49b5561764ae83f53a	455	1162	1628	297
METHOD_EXIT	com.badlogic.gdx.utils.JsonReader#parse(Reader):JsonValue	3eeda0753b34965573dd	455	1301	1767	273
METHOD_EXIT	com.badlogic.gdx.utils.JsonReader#parse(FileHandle):JsonValue	9c14250ecaff0e1d219a	455	1226	1692	376
METHOD_EXIT	com.badlogic.gdx.utils.JsonReader#parse(char[],int,int):JsonValue	344fdfd87c671b4fef3b	455	4617	5083	282
METHOD_EXIT	com.badlogic.gdx.utils.JsonReader#init__json_actions_0():byte[]	5b44f803f18534f4ab04	455	1234	1700	358
METHOD_ENTRY	com.badlogic.gdx.utils.JsonReader#parse(FileHandle):JsonValue	a7f08715a9727aa297dc	413	1148	1572	372
METHOD_ENTRY	com.badlogic.gdx.utils.JsonReader#init__json_actions_0():byte[]	783ec728cfd403765137	413	1160	1584	260
METHOD_ENTRY	com.badlogic.gdx.utils.JsonReader#init__json_key_offsets_0():short[]	744ececd6b52a5b9915f	413	1193	1617	322
METHOD_ENTRY	com.badlogic.gdx.utils.JsonReader#init__json_trans_keys_0():char[]	54952f3c2bdf6cd26780	413	1636	2060	293
METHOD_EXIT	com.badlogic.gdx.utils.JsonReader#init__json_trans_keys_0():char[]	ea8fa903647bb36abfad	455	1710	2176	255
METHOD_ENTRY	com.badlogic.gdx.utils.JsonReader#parse(char[],int,int):JsonValue	cf02d0d75ad2aa908e8d	413	4539	4963	245
METHOD_ENTRY	com.badlogic.gdx.utils.JsonReader#init__json_single_lengths_0():byte[]	c08375949016c08cfa17	413	1193	1617	257
METHOD_EXIT	com.badlogic.gdx.utils.JsonReader#init__json_index_offsets_0():short[]	3d605dab21d825e58f89	455	1267	1733	252
METHOD_EXIT	com.badlogic.gdx.utils.JsonReader#init__json_key_offsets_0():short[]	73a415a57d738c35bc7e	455	1267	1733	235
METHOD_ENTRY	com.badlogic.gdx.utils.JsonReader#init__json_index_offsets_0():short[]	938077113f1c22cab13d	413	1193	1617	250
METHOD_EXIT	com.badlogic.gdx.utils.JsonReader#init__json_range_lengths_0():byte[]	138b3c10671f72c1ed08	455	1267	1733	311
METHOD_EXIT	com.badlogic.gdx.utils.JsonReader#init__json_indicies_0():byte[]	2f767d71c53746bd1c12	455	1782	2248	262
METHOD_EXIT	com.badlogic.gdx.utils.JsonReader#init__json_single_lengths_0():byte[]	a9e202fe5e2028758084	455	1267	1733	193
METHOD_ENTRY	com.badlogic.gdx.utils.JsonReader#init__json_range_lengths_0():byte[]	713938202e4d07c04ec4	413	1193	1617	228
METHOD_ENTRY	com.badlogic.gdx.utils.JsonReader#init__json_trans_actions_0():byte[]	dadba8baa3ad339fb697	413	1299	1723	267
METHOD_ENTRY	com.badlogic.gdx.utils.JsonReader#init__json_indicies_0():byte[]	5c050c4d364e18f85dc2	413	1708	2132	60
METHOD_ENTRY	com.badlogic.gdx.utils.JsonReader#init__json_eof_actions_0():byte[]	92a08f12ea8327e7d25b	413	1195	1619	239
METHOD_EXIT	com.badlogic.gdx.utils.JsonReader#init__json_trans_actions_0():byte[]	51eb42a8cdfcbc1e4bda	455	1373	1839	288
METHOD_EXIT	com.badlogic.gdx.utils.JsonReader#init__json_trans_targs_0():byte[]	3b22b0586ff31aa4afa9	455	1375	1841	266
METHOD_ENTRY	com.badlogic.gdx.utils.JsonReader#init__json_trans_targs_0():byte[]	14cc147da1d9e03655df	413	1301	1725	247
METHOD_EXIT	com.badlogic.gdx.utils.JsonReader#stop():void	f9b0d83f94888b48d611	455	1071	1537	87
METHOD_EXIT	com.badlogic.gdx.utils.JsonReader#isStopped():boolean	6853d187fc29b6e33567	455	1135	1601	53
METHOD_ENTRY	com.badlogic.gdx.utils.JsonReader#addChild(String,JsonValue):void	b1908122af0653aa53fe	413	1130	1554	239
METHOD_ENTRY	com.badlogic.gdx.utils.JsonReader#stop():void	afaf18cf4888504f1c63	413	1060	1484	228
METHOD_EXIT	com.badlogic.gdx.utils.JsonReader#init__json_eof_actions_0():byte[]	6b44d8af5f2a1b73eb72	455	1269	1735	284
METHOD_ENTRY	com.badlogic.gdx.utils.JsonReader#isStopped():boolean	e6cc2dc82b83d46a8aff	413	1061	1485	60
METHOD_EXIT	com.badlogic.gdx.utils.JsonReader#startObject(String):void	7bb70b2598ab92e00ed5	455	1111	1577	320
METHOD_ENTRY	com.badlogic.gdx.utils.JsonReader#startArray(String):void	f5c0ba24a1f80dbf60e3	413	1100	1524	269
METHOD_EXIT	com.badlogic.gdx.utils.JsonReader#startArray(String):void	277ce6d90fcb2964850d	455	1111	1577	257
METHOD_ENTRY	com.badlogic.gdx.utils.JsonReader#startObject(String):void	426d3b56faf35da10ec8	413	1100	1524	261
METHOD_ENTRY	com.badlogic.gdx.utils.JsonReader#pop():void	c4d500c205df8e786f00	413	1076	1500	194
METHOD_ENTRY	com.badlogic.gdx.utils.JsonReader#number(String,double,String):void	3a9ac546bb27b498d601	413	1095	1519	229
METHOD_EXIT	com.badlogic.gdx.utils.JsonReader#addChild(String,JsonValue):void	43bd9e570750e34fb300	455	1141	1607	247
METHOD_EXIT	com.badlogic.gdx.utils.JsonReader#number(String,double,String):void	ba6959af50aa747897df	455	1106	1572	220
METHOD_EXIT	com.badlogic.gdx.utils.JsonReader#string(String,String):void	d2bd223281747a9b26a7	455	1094	1560	246
METHOD_EXIT	com.badlogic.gdx.utils.JsonReader#pop():void	249f11a45b6adfdaab3f	455	1087	1553	314
METHOD_ENTRY	com.badlogic.gdx.utils.JsonReader#number(String,long,String):void	123d18dcdaaf786f2f37	413	1095	1519	287
METHOD_ENTRY	com.badlogic.gdx.utils.reflect.Annotation#getAnnotation(Class<T>):T	4739b409b87ce0f3321c	413	496	920	194
METHOD_EXIT	com.badlogic.gdx.utils.reflect.Annotation#getAnnotation(Class<T>):T	b6c6fa8c2b6d710195ec	455	573	1039	252
METHOD_ENTRY	com.badlogic.gdx.utils.reflect.Annotation#getAnnotationType():Class<? extends java.lang.annotation.Annotation>	114f97061da8731e56dc	413	467	891	101
METHOD_ENTRY	com.badlogic.gdx.utils.JsonReader#bool(String,boolean):void	007d5d95f9784407567b	413	1082	1506	160
METHOD_EXIT	com.badlogic.gdx.utils.reflect.ArrayReflection#newInstance(Class,int):Object	3f5fc604a49271c79792	455	596	1062	273
METHOD_ENTRY	com.badlogic.gdx.utils.JsonReader#unescape(String):String	377608e951c47a2f9937	413	1310	1734	239
METHOD_ENTRY	com.badlogic.gdx.utils.reflect.ArrayReflection#getLength(Object):int	cd25c76d14b0b079788f	413	507	931	113
METHOD_EXIT	com.badlogic.gdx.utils.JsonReader#unescape(String):String	c4e133c3db1c66ad105b	455	1387	1853	282
METHOD_EXIT	com.badlogic.gdx.utils.reflect.ArrayReflection#getLength(Object):int	5099df84e6176937439b	455	584	1050	155
METHOD_ENTRY	com.badlogic.gdx.utils.reflect.ArrayReflection#newInstance(Class,int):Object	556d38a5826ac5748881	413	519	943	137
METHOD_ENTRY	com.badlogic.gdx.utils.reflect.ArrayReflection#get(Object,int):Object	2fde3c2854aef1f83f70	413	515	939	224
METHOD_EXIT	com.badlogic.gdx.utils.reflect.Annotation#getAnnotationType():Class<? extends java.lang.annotation.Annotation>	7ecd8d88d1c3bb55eeee	455	547	1013	133
METHOD_EXIT	com.badlogic.gdx.utils.reflect.ArrayReflection#get(Object,int):Object	32652b1c9168f8fd5b68	455	592	1058	258
METHOD_ENTRY	com.badlogic.gdx.utils.JsonReader#string(String,String):void	fc36cf35f63b882623a1	413	1083	1507	279
METHOD_EXIT	com.badlogic.gdx.utils.reflect.ArrayReflection#set(Object,int,Object):void	9aa2d3cb2dfe7d942864	455	536	1002	188
METHOD_ENTRY	com.badlogic.gdx.utils.reflect.ArrayReflection#set(Object,int,Object):void	9f20c8072b5b3916312d	413	525	949	91
METHOD_EXIT	com.badlogic.gdx.utils.reflect.Field#getName():String	3e8adb51b967e03e63c5	455	999	1465	167
METHOD_ENTRY	com.badlogic.gdx.utils.reflect.Field#getName():String	0f40f07a897053ece153	413	925	1349	221
METHOD_EXIT	com.badlogic.gdx.utils.JsonReader#number(String,long,String):void	85bf3c2d54037778805a	455	1106	1572	290
METHOD_EXIT	com.badlogic.gdx.utils.reflect.Field#getType():Class	a27b0f24a10976ae213f	455	999	1465	269
METHOD_ENTRY	com.badlogic.gdx.utils.reflect.Field#getType():Class	e696cca8480648f530b2	413	925	1349	277
METHOD_ENTRY	com.badlogic.gdx.utils.reflect.Field#getDeclaringClass():Class	48fd7a10a26cdd00ace2	413	931	1355	284
METHOD_EXIT	com.badlogic.gdx.utils.reflect.Field#isAccessible():boolean	f8d893442728a0d30948	455	1000	1466	233
METHOD_ENTRY	com.badlogic.gdx.utils.reflect.Field#setAccessible(boolean):void	25d650964dd8280c756d	413	932	1356	226
METHOD_EXIT	com.badlogic.gdx.utils.reflect.Field#getDeclaringClass():Class	c90a1c32d4c557621c43	455	1005	1471	307
METHOD_EXIT	com.badlogic.gdx.utils.JsonReader#bool(String,boolean):void	f3fc3785594ba8644861	455	1093	1559	246
METHOD_ENTRY	com.badlogic.gdx.utils.reflect.Field#isAccessible():boolean	1e3103e3190a9cb89acd	413	926	1350	259
METHOD_EXIT	com.badlogic.gdx.utils.reflect.Field#setAccessible(boolean):void	90d813265a0db8023051	455	943	1409	236
METHOD_ENTRY	com.badlogic.gdx.utils.reflect.Field#isFinal():boolean	a1006290e32d9497c6f9	413	929	1353	264
METHOD_ENTRY	com.badlogic.gdx.utils.reflect.Field#isPrivate():boolean	e766eeabccd0a9624dc3	413	929	1353	260
METHOD_ENTRY	com.badlogic.gdx.utils.reflect.Field#isDefaultAccess():boolean	990062132fd109e592a8	413	938	1362	313
METHOD_EXIT	com.badlogic.gdx.utils.reflect.Field#isFinal():boolean	7373b22d9e1e9e35c827	455	1003	1469	229
METHOD_EXIT	com.badlogic.gdx.utils.reflect.Field#isDefaultAccess():boolean	c26f592dbb3315a81fc5	455	1012	1478	281
METHOD_ENTRY	com.badlogic.gdx.utils.reflect.Field#isProtected():boolean	8fffbc27e2b880df9024	413	929	1353	262
METHOD_EXIT	com.badlogic.gdx.utils.reflect.Field#isPrivate():boolean	3723cc2150568ce31f69	455	1003	1469	314
METHOD_ENTRY	com.badlogic.gdx.utils.reflect.Field#isStatic():boolean	5a65154f0ed20a0fa18e	413	929	1353	278
METHOD_EXIT	com.badlogic.gdx.utils.reflect.Field#isProtected():boolean	9f2dae66ed1e455893e8	455	1003	1469	267
METHOD_ENTRY	com.badlogic.gdx.utils.reflect.Field#isPublic():boolean	405f7c0db31e41e24d3d	413	929	1353	296
METHOD_EXIT	com.badlogic.gdx.utils.reflect.Field#isPublic():boolean	7140d65153277a866252	455	1003	1469	340
METHOD_EXIT	com.badlogic.gdx.utils.reflect.Field#isVolatile():boolean	8e81110fae4f6bc00eec	455	1006	1472	345
METHOD_ENTRY	com.badlogic.gdx.utils.reflect.Field#isSynthetic():boolean	196b5cbc7abfe6b41d0b	413	926	1350	262
METHOD_EXIT	com.badlogic.gdx.utils.reflect.Field#isSynthetic():boolean	b84b7dfcd6373bb3a832	455	1000	1466	293
METHOD_ENTRY	com.badlogic.gdx.utils.reflect.Field#getElementType(int):Class	2447f49c7e990ddefa25	413	1098	1522	271
METHOD_ENTRY	com.badlogic.gdx.utils.reflect.Field#isTransient():boolean	0aaf5ce0cecad2155ec0	413	929	1353	279
METHOD_EXIT	com.badlogic.gdx.utils.reflect.Field#isStatic():boolean	6b7a56f6f1a3d0e55969	455	1003	1469	255
METHOD_EXIT	com.badlogic.gdx.utils.reflect.Field#getElementType(int):Class	c218941c6a98d72c4e67	455	1175	1641	329
METHOD_ENTRY	com.badlogic.gdx.utils.reflect.Field#isAnnotationPresent(Class<? extends java.lang.annotation.Annotation>):boolean	1a5583b4070c470e4334	413	958	1382	262
METHOD_EXIT	com.badlogic.gdx.utils.reflect.Field#isAnnotationPresent(Class<? extends java.lang.annotation.Annotation>):boolean	7c75ffa686eabed282c3	455	1035	1501	310
METHOD_ENTRY	com.badlogic.gdx.utils.reflect.Field#isVolatile():boolean	a8afa3db68c446778f58	413	932	1356	251
METHOD_EXIT	com.badlogic.gdx.utils.reflect.Field#isTransient():boolean	1e6e23d37627614e41de	455	1003	1469	209
METHOD_ENTRY	com.badlogic.gdx.utils.reflect.Field#getDeclaredAnnotations():Annotation[]	368189032943934c2e62	413	983	1407	262
METHOD_EXIT	com.badlogic.gdx.utils.reflect.Field#get(Object):Object	5eee2aa860783994f0d1	455	1076	1542	291
METHOD_ENTRY	com.badlogic.gdx.utils.reflect.Method#getName():String	b0c036f4039ddce699d6	413	912	1336	195
METHOD_EXIT	com.badlogic.gdx.utils.reflect.Field#getDeclaredAnnotation(Class<? extends java.lang.annotation.Annotation>):Annotation	8bb85ee1a4aca53aac5d	455	1093	1559	310
METHOD_EXIT	com.badlogic.gdx.utils.reflect.Field#set(Object,Object):void	52b17ae9d5c313bf7c32	455	1018	1484	303
METHOD_ENTRY	com.badlogic.gdx.utils.reflect.Field#getDeclaredAnnotation(Class<? extends java.lang.annotation.Annotation>):Annotation	eefa13462a55ad532009	413	1016	1440	260
METHOD_ENTRY	com.badlogic.gdx.utils.reflect.Field#get(Object):Object	ed6473b1fb195d1e7e5f	413	999	1423	288
METHOD_EXIT	com.badlogic.gdx.utils.reflect.Method#getName():String	3aecf8e31e636d6d7024	455	986	1452	279
METHOD_ENTRY	com.badlogic.gdx.utils.reflect.Field#set(Object,Object):void	5fff3fa06b5f92bbc7dc	413	1007	1431	280
METHOD_EXIT	com.badlogic.gdx.utils.reflect.Method#getReturnType():Class	b3355de945d31cffc0bc	455	989	1455	263
METHOD_ENTRY	com.badlogic.gdx.utils.reflect.Method#getReturnType():Class	2cc122b04559e59bfe70	413	915	1339	249
METHOD_EXIT	com.badlogic.gdx.utils.reflect.Field#getDeclaredAnnotations():Annotation[]	e3f1153acd805d57ef96	455	1057	1523	249
METHOD_EXIT	com.badlogic.gdx.utils.reflect.Method#isAccessible():boolean	8c52669a881459635af1	455	987	1453	246
METHOD_ENTRY	com.badlogic.gdx.utils.reflect.Method#setAccessible(boolean):void	c892078cf352435d71ce	413	919	1343	241
METHOD_ENTRY	com.badlogic.gdx.utils.reflect.Method#getDeclaringClass():Class	8d9b82b6173ec2a589c4	413	918	1342	222
METHOD_EXIT	com.badlogic.gdx.utils.reflect.Method#getDeclaringClass():Class	468190309f52b7983b4f	455	992	1458	298
METHOD_EXIT	com.badlogic.gdx.utils.reflect.Method#getParameterTypes():Class[]	3b425251ee1627fa2a2c	455	991	1457	293
METHOD_EXIT	com.badlogic.gdx.utils.reflect.Method#setAccessible(boolean):void	e111735fed5ecfb2b953	455	930	1396	75
METHOD_ENTRY	com.badlogic.gdx.utils.reflect.Method#getParameterTypes():Class[]	98a3237b50b8a201f75b	413	917	1341	290
METHOD_ENTRY	com.badlogic.gdx.utils.reflect.Method#isAbstract():boolean	68489a72f8fef109bfdc	413	916	1340	314
METHOD_ENTRY	com.badlogic.gdx.utils.reflect.Method#isDefaultAccess():boolean	40b506ea0f1947967f5f	413	925	1349	294
METHOD_ENTRY	com.badlogic.gdx.utils.reflect.Method#isFinal():boolean	79ad62aa0de9f3777908	413	916	1340	318
METHOD_EXIT	com.badlogic.gdx.utils.reflect.Method#isFinal():boolean	7d63c73b38e55e8aa354	455	990	1456	219
METHOD_EXIT	com.badlogic.gdx.utils.reflect.Method#isAbstract():boolean	e80b201e10801f89004f	455	990	1456	121
METHOD_EXIT	com.badlogic.gdx.utils.reflect.Method#isPrivate():boolean	3e225524e025219c7bec	455	990	1456	273
METHOD_EXIT	com.badlogic.gdx.utils.reflect.Method#isDefaultAccess():boolean	6cf79f18af7fc35083e0	455	999	1465	322
METHOD_ENTRY	com.badlogic.gdx.utils.reflect.Method#isProtected():boolean	15ffc47dbd79cfc17762	413	916	1340	198
METHOD_ENTRY	com.badlogic.gdx.utils.reflect.Method#isPublic():boolean	8ab406776d43126a3abb	413	916	1340	263
METHOD_ENTRY	com.badlogic.gdx.utils.reflect.Method#isPrivate():boolean	e11bcd1aca194bc2cdf6	413	916	1340	48
METHOD_ENTRY	com.badlogic.gdx.utils.reflect.Method#isNative():boolean	7d27ff3b250ac02f3f25	413	916	1340	290
METHOD_ENTRY	com.badlogic.gdx.utils.reflect.Method#isAccessible():boolean	bd702005e803266f8ee2	413	913	1337	249
METHOD_ENTRY	com.badlogic.gdx.utils.reflect.Method#isStatic():boolean	1c2c1f1a473249581ced	413	916	1340	148
METHOD_EXIT	com.badlogic.gdx.utils.reflect.Method#isStatic():boolean	b3d9d9d7d852b232df01	455	990	1456	196
METHOD_EXIT	com.badlogic.gdx.utils.reflect.Method#isVarArgs():boolean	6806cc4c2dd468405fdb	455	990	1456	340
METHOD_ENTRY	com.badlogic.gdx.utils.reflect.Method#isVarArgs():boolean	65d35f7ec1cc087a9c52	413	916	1340	268
METHOD_EXIT	com.badlogic.gdx.utils.reflect.Method#invoke(Object,Object):Object	492874e3f5cc686d642f	455	1105	1571	282
METHOD_EXIT	com.badlogic.gdx.utils.reflect.Method#isProtected():boolean	fc2907b457cb2a5aa5e0	455	990	1456	287
METHOD_ENTRY	com.badlogic.gdx.utils.reflect.Method#isAnnotationPresent(Class<? extends java.lang.annotation.Annotation>):boolean	33c8df038cb282bf60dc	413	945	1369	256
METHOD_EXIT	com.badlogic.gdx.utils.reflect.Method#isPublic():boolean	d900a859cfd22ffefe3a	455	990	1456	353
METHOD_ENTRY	com.badlogic.gdx.utils.reflect.Method#invoke(Object,Object):Object	f31cc3916e17f5d94fda	413	1028	1452	303
METHOD_EXIT	com.badlogic.gdx.utils.reflect.Method#getDeclaredAnnotations():Annotation[]	593480eef858b4bd2ee5	455	1044	1510	293
METHOD_EXIT	com.badlogic.gdx.utils.reflect.Method#getDeclaredAnnotation(Class<? extends java.lang.annotation.Annotation>):Annotation	39aadc9f923118ee22f6	455	1080	1546	273
METHOD_ENTRY	com.badlogic.gdx.utils.reflect.Constructor#getParameterTypes():Class[]	a20d7c1d342b3c8be729	413	537	961	238
METHOD_EXIT	com.badlogic.gdx.utils.reflect.Method#isNative():boolean	c1d146fae4553cc0ced4	455	990	1456	127
METHOD_EXIT	com.badlogic.gdx.utils.reflect.Method#isAnnotationPresent(Class<? extends java.lang.annotation.Annotation>):boolean	16a30d3a8dc0b74d5cdf	455	1022	1488	196
METHOD_ENTRY	com.badlogic.gdx.utils.reflect.Constructor#getDeclaringClass():Class	0fe96c740549ed79eb60	413	538	962	165
METHOD_EXIT	com.badlogic.gdx.utils.reflect.Constructor#getDeclaringClass():Class	f8bb6d44470e6e6da035	455	612	1078	311
METHOD_ENTRY	com.badlogic.gdx.utils.reflect.Method#getDeclaredAnnotations():Annotation[]	3e40debf777693ce4165	413	970	1394	277
METHOD_EXIT	com.badlogic.gdx.utils.reflect.Constructor#getParameterTypes():Class[]	57f2392e28c81980ece0	455	611	1077	268
METHOD_ENTRY	com.badlogic.gdx.utils.reflect.Constructor#setAccessible(boolean):void	be2f3c5ae3638680bd06	413	539	963	260
METHOD_EXIT	com.badlogic.gdx.utils.reflect.Constructor#setAccessible(boolean):void	cb992807c36831035dd6	455	550	1016	153
METHOD_EXIT	com.badlogic.gdx.utils.reflect.Constructor#isAccessible():boolean	a450415a6f073781be0a	455	607	1073	54
METHOD_ENTRY	com.badlogic.gdx.utils.reflect.Constructor#newInstance(Object):Object	98f3c37e17d0ad31dd43	413	697	1121	312
METHOD_ENTRY	com.badlogic.gdx.utils.reflect.Constructor#isAccessible():boolean	5dff20836668d64b3ec5	413	533	957	229
METHOD_ENTRY	com.badlogic.gdx.utils.reflect.Method#getDeclaredAnnotation(Class<? extends java.lang.annotation.Annotation>):Annotation	0b94285502d27b891ba6	413	1003	1427	311
METHOD_ENTRY	com.badlogic.gdx.utils.reflect.ClassReflection#getSimpleName(Class):String	b1f0d2e41389b98f6aae	413	1440	1864	293
METHOD_EXIT	com.badlogic.gdx.utils.reflect.Constructor#newInstance(Object):Object	0476df395e8f551c3112	455	774	1240	319
METHOD_ENTRY	com.badlogic.gdx.utils.reflect.ClassReflection#forName(String):Class	e233fdcab22712ad4532	413	1476	1900	380
METHOD_EXIT	com.badlogic.gdx.utils.reflect.ClassReflection#getSimpleName(Class):String	75bd1cf2e39d63527e36	455	1517	1983	307
METHOD_EXIT	com.badlogic.gdx.utils.reflect.ClassReflection#isAssignableFrom(Class,Class):boolean	9637653cac4231fe2871	455	1535	2001	361
METHOD_ENTRY	com.badlogic.gdx.utils.reflect.ClassReflection#isInstance(Class,Object):boolean	87464e1a7fb935d6982c	413	1448	1872	329
METHOD_EXIT	com.badlogic.gdx.utils.reflect.ClassReflection#isInstance(Class,Object):boolean	335a39fa64e937945e8b	455	1525	1991	287
METHOD_ENTRY	com.badlogic.gdx.utils.reflect.ClassReflection#isAssignableFrom(Class,Class):boolean	306a900bd241b91a0b9e	413	1458	1882	291
METHOD_EXIT	com.badlogic.gdx.utils.reflect.ClassReflection#isStaticClass(Class):boolean	77d55d814c140f31b201	455	1520	1986	281
METHOD_EXIT	com.badlogic.gdx.utils.reflect.ClassReflection#forName(String):Class	3d505fc5a3e75336c716	455	1553	2019	228
METHOD_EXIT	com.badlogic.gdx.utils.reflect.ClassReflection#isMemberClass(Class):boolean	d948acb19af122821644	455	1518	1984	305
METHOD_ENTRY	com.badlogic.gdx.utils.reflect.ClassReflection#isEnum(Class):boolean	4f027b52da1e758d2929	413	1438	1862	268
METHOD_ENTRY	com.badlogic.gdx.utils.reflect.ClassReflection#isStaticClass(Class):boolean	ca297fef3980dd5d363d	413	1443	1867	220
METHOD_ENTRY	com.badlogic.gdx.utils.reflect.ClassReflection#isPrimitive(Class):boolean	4a23ec529a3c441b5a03	413	1438	1862	250
METHOD_ENTRY	com.badlogic.gdx.utils.reflect.ClassReflection#isMemberClass(Class):boolean	1d7c1ba7a71c3e161e6a	413	1441	1865	226
METHOD_EXIT	com.badlogic.gdx.utils.reflect.ClassReflection#isArray(Class):boolean	b0afc8fbced879049076	455	1515	1981	336
METHOD_ENTRY	com.badlogic.gdx.utils.reflect.ClassReflection#isAnnotation(Class):boolean	1649fba29d01f7b9af7e	413	1438	1862	252
METHOD_EXIT	com.badlogic.gdx.utils.reflect.ClassReflection#isPrimitive(Class):boolean	8c17025632d00d4f43a4	455	1515	1981	243
METHOD_ENTRY	com.badlogic.gdx.utils.reflect.ClassReflection#isArray(Class):boolean	7a9ce9a889c9504faaf2	413	1438	1862	277
METHOD_EXIT	com.badlogic.gdx.utils.reflect.ClassReflection#isEnum(Class):boolean	6933b8419a1caf9f4c00	455	1515	1981	289
METHOD_EXIT	com.badlogic.gdx.utils.reflect.ClassReflection#isAbstract(Class):boolean	5139860d017bc6dee90a	455	1518	1984	279
METHOD_ENTRY	com.badlogic.gdx.utils.reflect.ClassReflection#isInterface(Class):boolean	cef2156f23370e8cc161	413	1438	1862	281
METHOD_ENTRY	com.badlogic.gdx.utils.reflect.ClassReflection#isAbstract(Class):boolean	5a8fcf6c13d878ba8174	413	1441	1865	244
METHOD_EXIT	com.badlogic.gdx.utils.reflect.ClassReflection#isAnnotation(Class):boolean	759020d8875de4e4cc86	455	1515	1981	268
METHOD_EXIT	com.badlogic.gdx.utils.reflect.ClassReflection#getComponentType(Class):Class	45806b11cfb5314df225	455	1517	1983	350
METHOD_ENTRY	com.badlogic.gdx.utils.reflect.ClassReflection#getComponentType(Class):Class	d3707aa63dc4f058502d	413	1440	1864	274
METHOD_EXIT	com.badlogic.gdx.utils.reflect.ClassReflection#isInterface(Class):boolean	c561eaa074fa82e41648	455	1515	1981	219
METHOD_ENTRY	com.badlogic.gdx.utils.reflect.ClassReflection#getConstructors(Class):Constructor[]	65debad4bf485b05827a	413	1502	1926	263
METHOD_ENTRY	com.badlogic.gdx.utils.reflect.ClassReflection#newInstance(Class<T>):T	86bcbf220ef8d75cac51	413	1517	1941	207
METHOD_EXIT	com.badlogic.gdx.utils.reflect.ClassReflection#getConstructor(Class,Class):Constructor	61e4b87da5966b3b01f1	455	1610	2076	276
METHOD_EXIT	com.badlogic.gdx.utils.reflect.ClassReflection#newInstance(Class<T>):T	bd3917f106836edfc846	455	1594	2060	241
METHOD_ENTRY	com.badlogic.gdx.utils.reflect.ClassReflection#getDeclaredConstructor(Class,Class):Constructor	36130fcc0764a5e2d8b0	413	1530	1954	235
METHOD_ENTRY	com.badlogic.gdx.utils.reflect.ClassReflection#getEnumConstants(Class):Object[]	98454b719ed9b4e2a9cc	413	1442	1866	318
METHOD_EXIT	com.badlogic.gdx.utils.reflect.ClassReflection#getConstructors(Class):Constructor[]	4c6f23cfde2c68fdd918	455	1579	2045	204
METHOD_ENTRY	com.badlogic.gdx.utils.reflect.ClassReflection#getMethods(Class):Method[]	558f35cf35557bf558df	413	1495	1919	256
METHOD_ENTRY	com.badlogic.gdx.utils.reflect.ClassReflection#getMethod(Class,String,Class):Method	a58f3f147b14204eaf09	413	1550	1974	234
METHOD_EXIT	com.badlogic.gdx.utils.reflect.ClassReflection#getMethod(Class,String,Class):Method	8c1f2c48bd137a8d3d9e	455	1627	2093	202
METHOD_ENTRY	com.badlogic.gdx.utils.reflect.ClassReflection#getConstructor(Class,Class):Constructor	272fe0beb7701c1fcbdf	413	1533	1957	159
METHOD_EXIT	com.badlogic.gdx.utils.reflect.ClassReflection#getEnumConstants(Class):Object[]	dfb5c022cffb94f19129	455	1519	1985	280
METHOD_EXIT	com.badlogic.gdx.utils.reflect.ClassReflection#getDeclaredMethods(Class):Method[]	ad9b38029a383fa6857e	455	1575	2041	281
METHOD_EXIT	com.badlogic.gdx.utils.reflect.ClassReflection#getDeclaredConstructor(Class,Class):Constructor	59032cdf1277e7d2d017	455	1607	2073	259
METHOD_ENTRY	com.badlogic.gdx.utils.reflect.ClassReflection#getDeclaredMethod(Class,String,Class):Method	5b6a16fa741992cb2fa6	413	1553	1977	207
METHOD_EXIT	com.badlogic.gdx.utils.reflect.ClassReflection#getDeclaredMethod(Class,String,Class):Method	11aa69afd3018f6a5bb9	455	1630	2096	204
METHOD_EXIT	com.badlogic.gdx.utils.reflect.ClassReflection#getMethods(Class):Method[]	7df8649a0f7b36ecc30d	455	1572	2038	222
METHOD_ENTRY	com.badlogic.gdx.utils.reflect.ClassReflection#getDeclaredMethods(Class):Method[]	1df715efec00f6cb74a9	413	1498	1922	255
METHOD_ENTRY	com.badlogic.gdx.utils.reflect.ClassReflection#getDeclaredFields(Class):Field[]	c4d9d1dd8e1f5cc246f0	413	1497	1921	198
METHOD_ENTRY	com.badlogic.gdx.utils.reflect.ClassReflection#getField(Class,String):Field	8bbc0a984f09de129230	413	1534	1958	206
METHOD_EXIT	com.badlogic.gdx.utils.reflect.ClassReflection#getDeclaredFields(Class):Field[]	63189004a87b936e697f	455	1574	2040	317
METHOD_EXIT	com.badlogic.gdx.utils.reflect.ClassReflection#getFields(Class):Field[]	ed874b1f9a7137d03954	455	1571	2037	300
METHOD_ENTRY	com.badlogic.gdx.utils.reflect.ClassReflection#isAnnotationPresent(Class,Class<? extends java.lang.annotation.Annotation>):boolean	db860ed5d6ea7ac4ebb4	413	1474	1898	254
METHOD_EXIT	com.badlogic.gdx.utils.reflect.ClassReflection#isAnnotationPresent(Class,Class<? extends java.lang.annotation.Annotation>):boolean	0583325b6bd169c7b3fa	455	1551	2017	266
METHOD_ENTRY	com.badlogic.gdx.utils.reflect.ClassReflection#getFields(Class):Field[]	504c618af29f13b1b7e7	413	1494	1918	247
METHOD_ENTRY	com.badlogic.gdx.utils.reflect.ClassReflection#getAnnotations(Class):Annotation[]	9f29a26919030d000ef4	413	1492	1916	266
METHOD_EXIT	com.badlogic.gdx.utils.reflect.ClassReflection#getField(Class,String):Field	215be184327c48a6e653	455	1611	2077	336
METHOD_ENTRY	com.badlogic.gdx.utils.reflect.ClassReflection#getAnnotation(Class,Class<? extends java.lang.annotation.Annotation>):Annotation	262d6c2852705c1e66e5	413	1491	1915	192
METHOD_ENTRY	com.badlogic.gdx.utils.reflect.ClassReflection#getDeclaredField(Class,String):Field	3d1cc8822cb782eb38ab	413	1537	1961	238
METHOD_EXIT	com.badlogic.gdx.utils.reflect.ClassReflection#getDeclaredField(Class,String):Field	3df72eda7e8165e49124	455	1614	2080	312
METHOD_EXIT	com.badlogic.gdx.utils.reflect.ClassReflection#getAnnotation(Class,Class<? extends java.lang.annotation.Annotation>):Annotation	7cbc3a0f923233998fa4	455	1568	2034	219
METHOD_EXIT	com.badlogic.gdx.utils.reflect.ClassReflection#getDeclaredAnnotations(Class):Annotation[]	6bd0628cb84ba51a6eb3	455	1572	2038	277
METHOD_EXIT	com.badlogic.gdx.utils.reflect.ClassReflection#getDeclaredAnnotation(Class,Class<? extends java.lang.annotation.Annotation>):Annotation	b7ebb6271a9aea91612e	455	1589	2055	348
METHOD_EXIT	com.badlogic.gdx.utils.reflect.ClassReflection#getAnnotations(Class):Annotation[]	11f1d12064ea4f83d14b	455	1569	2035	251
METHOD_ENTRY	com.badlogic.gdx.utils.reflect.ClassReflection#getDeclaredAnnotations(Class):Annotation[]	f0018151eb4470553077	413	1495	1919	171
METHOD_ENTRY	com.badlogic.gdx.utils.reflect.ClassReflection#getInterfaces(Class):Class[]	de8c1355ff4280415129	413	1439	1863	216
METHOD_EXIT	com.badlogic.gdx.utils.reflect.ClassReflection#getInterfaces(Class):Class[]	4bcf19d95edb25791f2d	455	1516	1982	271
METHOD_ENTRY	com.badlogic.gdx.utils.reflect.ClassReflection#getDeclaredAnnotation(Class,Class<? extends java.lang.annotation.Annotation>):Annotation	f89454af528ff62a5427	413	1512	1936	189
METHOD_ENTRY	com.badlogic.gdx.utils.XmlReader#parse(String):Element	73aaedc2c30a9195731e	413	922	1346	217
METHOD_EXIT	com.badlogic.gdx.utils.XmlReader#parse(String):Element	93cb6617d63c224ef626	455	999	1465	269
METHOD_EXIT	com.badlogic.gdx.utils.XmlReader#parse(Reader):Element	80dee5511748b0206d9a	455	1133	1599	268
METHOD_ENTRY	com.badlogic.gdx.utils.XmlReader#parse(Reader):Element	ee9769e67f9e320cb90c	413	1056	1480	200
METHOD_ENTRY	com.badlogic.gdx.utils.XmlReader#parse(char[],int,int):Element	8e64a05192bb3f2cced0	413	2780	3204	320
METHOD_EXIT	com.badlogic.gdx.utils.XmlReader#parse(FileHandle):Element	7ff9a0a57eacd98d065e	455	1022	1488	311
METHOD_EXIT	com.badlogic.gdx.utils.XmlReader#parse(InputStream):Element	3a355cdd4d0c411bae46	455	1031	1497	279
METHOD_ENTRY	com.badlogic.gdx.utils.XmlReader#parse(FileHandle):Element	5e049b252ef4f7342d20	413	945	1369	221
METHOD_ENTRY	com.badlogic.gdx.utils.XmlReader#init__xml_actions_0():byte[]	caa43faf97dfb9b21471	413	1000	1424	145
METHOD_EXIT	com.badlogic.gdx.utils.XmlReader#parse(char[],int,int):Element	e83a954cdc4473caff10	455	2857	3323	300
METHOD_EXIT	com.badlogic.gdx.utils.XmlReader#init__xml_actions_0():byte[]	366f4c735e827cf018ac	455	1074	1540	260
METHOD_ENTRY	com.badlogic.gdx.utils.XmlReader#parse(InputStream):Element	edc8109da6301c95e46f	413	954	1378	224
METHOD_ENTRY	com.badlogic.gdx.utils.XmlReader#init__xml_key_offsets_0():byte[]	0869a8a1f8016f6d8f7d	413	1024	1448	44
METHOD_EXIT	com.badlogic.gdx.utils.XmlReader#init__xml_key_offsets_0():byte[]	18ffbf2c9ca7a7f7c859	455	1098	1564	301
METHOD_ENTRY	com.badlogic.gdx.utils.XmlReader#init__xml_single_lengths_0():byte[]	9b7fef8efb3eb9fb7ea8	413	1024	1448	258
METHOD_ENTRY	com.badlogic.gdx.utils.XmlReader#init__xml_range_lengths_0():byte[]	b79acfcbb5e550365ef0	413	1024	1448	317
METHOD_ENTRY	com.badlogic.gdx.utils.XmlReader#init__xml_index_offsets_0():short[]	2d79885a53cf7f13061a	413	1024	1448	54
METHOD_EXIT	com.badlogic.gdx.utils.XmlReader#init__xml_index_offsets_0():short[]	94d827ee0a5623e17400	455	1098	1564	278
METHOD_EXIT	com.badlogic.gdx.utils.XmlReader#init__xml_single_lengths_0():byte[]	46a4393649829c706ed0	455	1098	1564	276
METHOD_ENTRY	com.badlogic.gdx.utils.XmlReader#init__xml_indicies_0():byte[]	cb6eefa4112fc422b5c1	413	1306	1730	299
METHOD_ENTRY	com.badlogic.gdx.utils.XmlReader#init__xml_trans_keys_0():char[]	2ccf278b01af156d3fd1	413	1266	1690	309
METHOD_EXIT	com.badlogic.gdx.utils.XmlReader#init__xml_indicies_0():byte[]	5f558c726cf3a3d6d1ed	455	1380	1846	265
METHOD_EXIT	com.badlogic.gdx.utils.XmlReader#init__xml_trans_keys_0():char[]	689ea2f751aa3e64a195	455	1340	1806	261
METHOD_ENTRY	com.badlogic.gdx.utils.XmlReader#init__xml_trans_targs_0():byte[]	a70b2b3930fb21a9f25b	413	1108	1532	72
METHOD_EXIT	com.badlogic.gdx.utils.XmlReader#init__xml_trans_targs_0():byte[]	d6d151562a84f8f149bc	455	1182	1648	295
METHOD_EXIT	com.badlogic.gdx.utils.XmlReader#init__xml_range_lengths_0():byte[]	e1f919dde1c76e7cdcd8	455	1098	1564	285
METHOD_ENTRY	com.badlogic.gdx.utils.XmlReader#init__xml_trans_actions_0():byte[]	8e18eba9aa3f7b045366	413	1105	1529	39
METHOD_EXIT	com.badlogic.gdx.utils.XmlReader#init__xml_trans_actions_0():byte[]	eab04793e565307d4ddf	455	1179	1645	258
METHOD_EXIT	com.badlogic.gdx.utils.XmlReader#open(String):void	bd784d71dc3899edb77c	455	951	1417	296
METHOD_EXIT	com.badlogic.gdx.utils.XmlReader#attribute(String,String):void	365acf0f31e4e1a23b3e	455	929	1395	179
METHOD_ENTRY	com.badlogic.gdx.utils.XmlReader#entity(String):String	6492f11b17c4ce3ce937	413	988	1412	400
METHOD_ENTRY	com.badlogic.gdx.utils.XmlReader#text(String):void	e65b165428239bd51482	413	923	1347	314
METHOD_EXIT	com.badlogic.gdx.utils.XmlReader#text(String):void	e4d04357ac8e67e30e00	455	934	1400	311
METHOD_ENTRY	com.badlogic.gdx.utils.XmlReader#close():void	de97bc4518de8493332a	413	916	1340	220
METHOD_ENTRY	com.badlogic.gdx.utils.XmlReader#getName():String	1b5b2fcee2718f0765d8	413	901	1325	255
METHOD_EXIT	com.badlogic.gdx.utils.XmlReader#close():void	f22b625165c6cafa1d9b	455	927	1393	308
METHOD_EXIT	com.badlogic.gdx.utils.XmlReader#getName():String	79b3a57deb0a3c5a82e9	455	975	1441	300
METHOD_ENTRY	com.badlogic.gdx.utils.XmlReader#getAttributes():ObjectMap<String, String>	577ff79bfb655933dc25	413	911	1335	188
METHOD_EXIT	com.badlogic.gdx.utils.XmlReader#getAttributes():ObjectMap<String, String>	5e410462a45e35ab943f	455	989	1455	287
METHOD_ENTRY	com.badlogic.gdx.utils.XmlReader#getAttribute(String):String	6427b417fa2ed1243fb0	413	973	1397	265
METHOD_ENTRY	com.badlogic.gdx.utils.XmlReader#attribute(String,String):void	eaf58105fb9fc31eac86	413	918	1342	229
METHOD_EXIT	com.badlogic.gdx.utils.XmlReader#getAttribute(String):String	0068c18383db5a2e368b	455	1050	1516	306
METHOD_EXIT	com.badlogic.gdx.utils.XmlReader#entity(String):String	80d7380a3da83f7a8e05	455	1065	1531	326
METHOD_ENTRY	com.badlogic.gdx.utils.XmlReader#getAttribute(String,String):String	d73b76b1a559a09fa8d2	413	948	1372	270
METHOD_ENTRY	com.badlogic.gdx.utils.XmlReader#hasAttribute(String):boolean	c0421ef71a864ca1a814	413	921	1345	149
METHOD_EXIT	com.badlogic.gdx.utils.XmlReader#getAttribute(String,String):String	79efcb1f73795a0e8c9a	455	1025	1491	302
METHOD_ENTRY	com.badlogic.gdx.utils.XmlReader#open(String):void	ffb16bf42f7aef247237	413	940	1364	237
METHOD_EXIT	com.badlogic.gdx.utils.XmlReader#hasAttribute(String):boolean	7a24c769653800b29cbc	455	998	1464	249
METHOD_ENTRY	com.badlogic.gdx.utils.XmlReader#setAttribute(String,String):void	8cfe5007bfbb4db36561	413	935	1359	260
METHOD_ENTRY	com.badlogic.gdx.utils.XmlReader#getChildCount():int	588aeb4821e3f54999db	413	915	1339	281
METHOD_ENTRY	com.badlogic.gdx.utils.XmlReader#getChildren():Array<Element>	b349a6d2fe6f4f40c75e	413	905	1329	259
METHOD_EXIT	com.badlogic.gdx.utils.XmlReader#setAttribute(String,String):void	17c8262f5026a9b7e8eb	455	946	1412	216
METHOD_EXIT	com.badlogic.gdx.utils.XmlReader#getChildCount():int	6fb1450efce5e28d3486	455	989	1455	257
METHOD_EXIT	com.badlogic.gdx.utils.XmlReader#getChild(int):Element	27d11b76b40b049fc6d8	455	1009	1475	287
METHOD_EXIT	com.badlogic.gdx.utils.XmlReader#addChild(Element):void	ddd04e5289c264412361	455	958	1424	250
METHOD_EXIT	com.badlogic.gdx.utils.XmlReader#getChildren():Array<Element>	c7dfa12ac002f56bb59c	455	980	1446	268
METHOD_ENTRY	com.badlogic.gdx.utils.XmlReader#addChild(Element):void	d0729f60760e1bd89e05	413	947	1371	113
METHOD_ENTRY	com.badlogic.gdx.utils.XmlReader#getChild(int):Element	fd66737b6cb9e886e8fe	413	932	1356	162
METHOD_EXIT	com.badlogic.gdx.utils.XmlReader#getText():String	4ba6a2cef0d5314aaa74	455	975	1441	328
METHOD_EXIT	com.badlogic.gdx.utils.XmlReader#setText(String):void	a31eaf554fe66f34743d	455	920	1386	275
METHOD_ENTRY	com.badlogic.gdx.utils.XmlReader#setText(String):void	119d7a632da8c15ab241	413	909	1333	290
METHOD_ENTRY	com.badlogic.gdx.utils.XmlReader#removeChild(int):void	7cecd7e08e98b236ad60	413	939	1363	161
METHOD_ENTRY	com.badlogic.gdx.utils.XmlReader#remove():void	cacba802c908dd8cec2d	413	907	1331	257
METHOD_EXIT	com.badlogic.gdx.utils.XmlReader#remove():void	03c774462014bc0eacee	455	918	1384	225
METHOD_ENTRY	com.badlogic.gdx.utils.XmlReader#replaceChild(Element,Element):void	697493957fc85b787a37	413	1031	1455	218
METHOD_ENTRY	com.badlogic.gdx.utils.XmlReader#getText():String	efb3eee91a8ad5895814	413	901	1325	219
METHOD_ENTRY	com.badlogic.gdx.utils.XmlReader#removeChild(Element):void	d3d8a15f0cd482f6d1d5	413	938	1362	283
METHOD_EXIT	com.badlogic.gdx.utils.XmlReader#removeChild(int):void	43eb172be3188ea3eb4d	455	950	1416	268
METHOD_EXIT	com.badlogic.gdx.utils.XmlReader#removeChild(Element):void	31fb36137f34908875f8	455	949	1415	243
METHOD_EXIT	com.badlogic.gdx.utils.XmlReader#replaceChild(Element,Element):void	ef345704729e0222117c	455	1042	1508	318
METHOD_EXIT	com.badlogic.gdx.utils.XmlReader#getParent():Element	e419229274c46d7eba2e	455	975	1441	265
METHOD_ENTRY	com.badlogic.gdx.utils.XmlReader#getParent():Element	089ba3f60f1758a502a9	413	901	1325	116
METHOD_ENTRY	com.badlogic.gdx.utils.XmlReader#toString():String	3f55bd2e14d320f4967b	413	903	1327	273
METHOD_EXIT	com.badlogic.gdx.utils.XmlReader#toString(String):String	e13a64195f92949aa02f	455	1210	1676	315
METHOD_ENTRY	com.badlogic.gdx.utils.XmlReader#getChildByName(String):Element	0b033a077748bf06d681	413	962	1386	136
METHOD_ENTRY	com.badlogic.gdx.utils.XmlReader#getChildByNameRecursive(String):Element	bdc53c36ad9899814772	413	986	1410	290
METHOD_EXIT	com.badlogic.gdx.utils.XmlReader#hasChild(String):boolean	350e654d26f9cca0a30d	455	1002	1468	344
METHOD_EXIT	com.badlogic.gdx.utils.XmlReader#toString():String	6c4ab68c1b7f3a9b86d5	455	977	1443	270
METHOD_ENTRY	com.badlogic.gdx.utils.XmlReader#toString(String):String	6c0100168d9fe5796334	413	1133	1557	126
METHOD_ENTRY	com.badlogic.gdx.utils.XmlReader#hasChild(String):boolean	35858d10c50b937dde40	413	925	1349	303
METHOD_EXIT	com.badlogic.gdx.utils.XmlReader#getChildByName(String):Element	24885fc360efc14ec203	455	1039	1505	244
METHOD_ENTRY	com.badlogic.gdx.utils.XmlReader#hasChildRecursive(String):boolean	2b2acd4271e58aef354a	413	928	1352	283
METHOD_EXIT	com.badlogic.gdx.utils.XmlReader#hasChildRecursive(String):boolean	47d423ac6cb079e3399e	455	1005	1471	234
METHOD_ENTRY	com.badlogic.gdx.utils.XmlReader#getChildrenByName(String):Array<Element>	8b37273cbe4ae350c39c	413	975	1399	295
METHOD_ENTRY	com.badlogic.gdx.utils.XmlReader#getChildrenByNameRecursively(String):Array<Element>	74ec85c9720c9382f40b	413	940	1364	214
METHOD_ENTRY	com.badlogic.gdx.utils.XmlReader#getChildrenByNameRecursively(String,Array<Element>):void	1983af4b923ce6c17b6f	413	1047	1471	240
METHOD_EXIT	com.badlogic.gdx.utils.XmlReader#getChildrenByName(String):Array<Element>	c4a93b07e6e8cc365ca4	455	1053	1519	274
METHOD_EXIT	com.badlogic.gdx.utils.XmlReader#getChildrenByNameRecursively(String,Array<Element>):void	c9ed36fa798d40f26454	455	1058	1524	307
METHOD_ENTRY	com.badlogic.gdx.utils.XmlReader#getFloatAttribute(String):float	18d36f46515df9f3f9d7	413	914	1338	160
METHOD_EXIT	com.badlogic.gdx.utils.XmlReader#getFloatAttribute(String):float	3e9bfb6b768c47ea4b60	455	991	1457	297
METHOD_EXIT	com.badlogic.gdx.utils.XmlReader#getChildByNameRecursive(String):Element	b775518b7127febecdf6	455	1063	1529	361
METHOD_EXIT	com.badlogic.gdx.utils.XmlReader#getFloatAttribute(String,float):float	f9f288fe653be646c209	455	1021	1487	313
METHOD_ENTRY	com.badlogic.gdx.utils.XmlReader#getFloatAttribute(String,float):float	09f5613e6820cd75b5ba	413	944	1368	266
METHOD_EXIT	com.badlogic.gdx.utils.XmlReader#getChildrenByNameRecursively(String):Array<Element>	aa5ed9a9b543807b0929	455	1018	1484	300
METHOD_ENTRY	com.badlogic.gdx.utils.XmlReader#getIntAttribute(String):int	40b6b0b02840206d18c1	413	914	1338	142
METHOD_ENTRY	com.badlogic.gdx.utils.XmlReader#getIntAttribute(String,int):int	58fc080612a1ef654068	413	944	1368	160
METHOD_EXIT	com.badlogic.gdx.utils.XmlReader#getBooleanAttribute(String):boolean	279435819e1137dbf239	455	991	1457	252
METHOD_ENTRY	com.badlogic.gdx.utils.XmlReader#getBooleanAttribute(String,boolean):boolean	a36c170e59cdc01f68ef	413	945	1369	315
METHOD_EXIT	com.badlogic.gdx.utils.XmlReader#get(String):String	e444460446a4a09d16c4	455	1022	1488	267
METHOD_EXIT	com.badlogic.gdx.utils.XmlReader#getIntAttribute(String,int):int	67bea868d04ed3507a8e	455	1021	1487	269
METHOD_ENTRY	com.badlogic.gdx.utils.XmlReader#get(String):String	ba20c83baf0017e9ab4a	413	945	1369	301
METHOD_EXIT	com.badlogic.gdx.utils.XmlReader#getIntAttribute(String):int	29a7daa5ae4aaefb79ef	455	991	1457	263
METHOD_ENTRY	com.badlogic.gdx.utils.XmlReader#getBooleanAttribute(String):boolean	9bded3d29984ea9a2722	413	914	1338	194
METHOD_EXIT	com.badlogic.gdx.utils.XmlReader#get(String,String):String	2758b9ba6ba67624261a	455	1062	1528	347
METHOD_ENTRY	com.badlogic.gdx.utils.XmlReader#get(String,String):String	0ce3246c13353814a59c	413	985	1409	258
METHOD_EXIT	com.badlogic.gdx.utils.XmlReader#getBooleanAttribute(String,boolean):boolean	b6608045729712b2dd32	455	1022	1488	260
METHOD_ENTRY	com.badlogic.gdx.utils.XmlReader#getInt(String):int	55ead4e98c23c128d517	413	950	1374	155
METHOD_EXIT	com.badlogic.gdx.utils.XmlReader#getFloat(String):float	6c69ff9a25aabab94ad0	455	1027	1493	313
METHOD_ENTRY	com.badlogic.gdx.utils.XmlReader#getInt(String,int):int	3e5119fd6d404e94fb18	413	941	1365	186
METHOD_EXIT	com.badlogic.gdx.utils.XmlReader#getFloat(String,float):float	f4a50935cd220a5afaf7	455	1018	1484	225
METHOD_ENTRY	com.badlogic.gdx.utils.XmlReader#getFloat(String):float	15d2aff699b4d6e118e6	413	950	1374	256
METHOD_EXIT	com.badlogic.gdx.utils.XmlReader#getInt(String):int	3812f6dca313b2f078ba	455	1027	1493	256
METHOD_ENTRY	com.badlogic.gdx.utils.XmlReader#getBoolean(String):boolean	71cf7011ff1c9ab36687	413	950	1374	255
METHOD_EXIT	com.badlogic.gdx.utils.XmlReader#getInt(String,int):int	c8dc2b584eac0e85c138	455	1018	1484	340
METHOD_EXIT	com.badlogic.gdx.utils.XmlReader#getBoolean(String):boolean	ef7fd992f52f76700970	455	1027	1493	276
METHOD_ENTRY	com.badlogic.gdx.utils.Element#getName():String	35f3cc6d4aabf3a6d4c1	413	378	802	106
METHOD_ENTRY	com.badlogic.gdx.utils.XmlReader#getFloat(String,float):float	7cb0b070171cee5faffb	413	941	1365	166
METHOD_ENTRY	com.badlogic.gdx.utils.Element#getAttributes():ObjectMap<String, String>	7a13903d820041b54b50	413	388	812	185
METHOD_EXIT	com.badlogic.gdx.utils.XmlReader#getBoolean(String,boolean):boolean	98d74fe33f6cf7cb89da	455	1019	1485	188
METHOD_ENTRY	com.badlogic.gdx.utils.Element#getAttribute(String):String	9c14593cc049ddc767e7	413	450	874	284
METHOD_EXIT	com.badlogic.gdx.utils.Element#getName():String	0445ef82714ca938e5df	455	452	918	231
METHOD_ENTRY	com.badlogic.gdx.utils.Element#hasAttribute(String):boolean	08297ab450a9726abd82	413	398	822	207
METHOD_EXIT	com.badlogic.gdx.utils.Element#getAttribute(String,String):String	a722c659c42b592840ed	455	502	968	354
METHOD_EXIT	com.badlogic.gdx.utils.Element#getAttribute(String):String	351c7bb8748a312df641	455	527	993	300
METHOD_ENTRY	com.badlogic.gdx.utils.Element#getAttribute(String,String):String	b77686c2775976d4fd8d	413	425	849	296
METHOD_EXIT	com.badlogic.gdx.utils.Element#getAttributes():ObjectMap<String, String>	dca2078cf1d94f8bd3d6	455	466	932	52
METHOD_ENTRY	com.badlogic.gdx.utils.XmlReader#getBoolean(String,boolean):boolean	05eb850f2a6a474e22c5	413	942	1366	246
METHOD_EXIT	com.badlogic.gdx.utils.Element#hasAttribute(String):boolean	22913552e2141926760c	455	475	941	249
METHOD_ENTRY	com.badlogic.gdx.utils.Element#getChildCount():int	9b099f01aaea77eec046	413	392	816	63
METHOD_EXIT	com.badlogic.gdx.utils.Element#setAttribute(String,String):void	094f182b616cb1d4f146	455	423	889	274
METHOD_EXIT	com.badlogic.gdx.utils.Element#getChildCount():int	c79a1a647d639884022a	455	466	932	53
METHOD_ENTRY	com.badlogic.gdx.utils.Element#setAttribute(String,String):void	bcf84901791147a8992d	413	412	836	150
METHOD_EXIT	com.badlogic.gdx.utils.Element#getChild(int):Element	25e433034879392f8b6c	455	486	952	164
METHOD_EXIT	com.badlogic.gdx.utils.Element#addChild(Element):void	9b1a1a40d2108696d96b	455	435	901	208
METHOD_ENTRY	com.badlogic.gdx.utils.Element#addChild(Element):void	882154b17ae54db26b59	413	424	848	287
METHOD_ENTRY	com.badlogic.gdx.utils.Element#getChild(int):Element	b31a6b1c2d45fc8c5e6c	413	409	833	153
METHOD_ENTRY	com.badlogic.gdx.utils.Element#getText():String	451555a0675e76fd88f0	413	378	802	135
METHOD_EXIT	com.badlogic.gdx.utils.Element#getChildren():Array<Element>	bc91385305aa8e2b3fb2	455	457	923	236
METHOD_ENTRY	com.badlogic.gdx.utils.Element#getChildren():Array<Element>	d056d7b02985e581fe9d	413	382	806	159
METHOD_EXIT	com.badlogic.gdx.utils.Element#setText(String):void	9fb5c917731c6074113e	455	397	863	54
METHOD_ENTRY	com.badlogic.gdx.utils.Element#setText(String):void	81a0ec9e526d6f616018	413	386	810	167
METHOD_ENTRY	com.badlogic.gdx.utils.Element#removeChild(int):void	34f9e5f165e7925ba5ee	413	416	840	204
METHOD_EXIT	com.badlogic.gdx.utils.Element#removeChild(int):void	20f641740b60945eb8dc	455	427	893	261
METHOD_EXIT	com.badlogic.gdx.utils.Element#getText():String	df68a2b2635196be1bfb	455	452	918	124
METHOD_EXIT	com.badlogic.gdx.utils.Element#remove():void	fc1c6d3d6877f130217a	455	395	861	204
METHOD_EXIT	com.badlogic.gdx.utils.Element#replaceChild(Element,Element):void	10ab4c3da1a829e62b9c	455	519	985	225
METHOD_EXIT	com.badlogic.gdx.utils.Element#removeChild(Element):void	904dcd40cfd2fda2e25a	455	426	892	241
METHOD_ENTRY	com.badlogic.gdx.utils.Element#remove():void	4e7e546931eaa5231790	413	384	808	213
METHOD_ENTRY	com.badlogic.gdx.utils.Element#toString():String	bfe37cf128d6e30b671e	413	380	804	5
METHOD_ENTRY	com.badlogic.gdx.utils.Element#replaceChild(Element,Element):void	a0610ddf42e3fabdf70d	413	508	932	273
METHOD_EXIT	com.badlogic.gdx.utils.Element#toString():String	266d96a867b8cb9ff165	455	454	920	245
METHOD_ENTRY	com.badlogic.gdx.utils.Element#removeChild(Element):void	d6dc13ec999d6d536ab3	413	415	839	185
METHOD_ENTRY	com.badlogic.gdx.utils.Element#getParent():Element	e869a8adf567a8aa9f03	413	378	802	71
METHOD_ENTRY	com.badlogic.gdx.utils.Element#toString(String):String	517b6698d102a8630a3a	413	610	1034	318
METHOD_ENTRY	com.badlogic.gdx.utils.Element#getChildByName(String):Element	ba4744feec50950bca43	413	439	863	260
METHOD_ENTRY	com.badlogic.gdx.utils.Element#hasChild(String):boolean	97b3f1508b7b5c4a0dbc	413	402	826	252
METHOD_EXIT	com.badlogic.gdx.utils.Element#getChildByNameRecursive(String):Element	7e1476d9d2a1ecdb5a2d	455	540	1006	329
METHOD_ENTRY	com.badlogic.gdx.utils.Element#hasChildRecursive(String):boolean	c368e98e286af4a238c6	413	405	829	304
METHOD_EXIT	com.badlogic.gdx.utils.Element#toString(String):String	6483e5001b0b931ca4d5	455	687	1153	278
METHOD_EXIT	com.badlogic.gdx.utils.Element#hasChildRecursive(String):boolean	f012e1e2b968fc4596a9	455	482	948	58
METHOD_EXIT	com.badlogic.gdx.utils.Element#getParent():Element	aec49b2b01f796e1a1b6	455	452	918	81
METHOD_EXIT	com.badlogic.gdx.utils.Element#hasChild(String):boolean	11150542f047abb68bbb	455	479	945	296
METHOD_ENTRY	com.badlogic.gdx.utils.Element#getChildrenByName(String):Array<Element>	8510acfaab3a56502227	413	452	876	213
METHOD_EXIT	com.badlogic.gdx.utils.Element#getChildByName(String):Element	bc23fcf3c5720557de42	455	516	982	283
METHOD_EXIT	com.badlogic.gdx.utils.Element#getChildrenByName(String):Array<Element>	27b4f47ee2c3b6996c19	455	530	996	294
METHOD_EXIT	com.badlogic.gdx.utils.Element#getChildrenByNameRecursively(String):Array<Element>	bc3778972b284c3d8925	455	495	961	309
METHOD_ENTRY	com.badlogic.gdx.utils.Element#getChildByNameRecursive(String):Element	8ddbe986260182f166d9	413	463	887	273
METHOD_ENTRY	com.badlogic.gdx.utils.Element#getFloatAttribute(String):float	9fab975e8784d05b8aa9	413	391	815	269
METHOD_ENTRY	com.badlogic.gdx.utils.Element#getFloatAttribute(String,float):float	6b9d026b56261882bfcc	413	421	845	197
METHOD_EXIT	com.badlogic.gdx.utils.Element#getFloatAttribute(String,float):float	802c4b6819bc16400eaa	455	498	964	362
METHOD_ENTRY	com.badlogic.gdx.utils.Element#getChildrenByNameRecursively(String):Array<Element>	dda7fa5f701402646fad	413	417	841	169
METHOD_EXIT	com.badlogic.gdx.utils.Element#getIntAttribute(String):int	a46a276ccd360c5dbc52	455	468	934	268
METHOD_EXIT	com.badlogic.gdx.utils.Element#getChildrenByNameRecursively(String,Array<Element>):void	b1633057a6b98e2aa84c	455	535	1001	235
METHOD_ENTRY	com.badlogic.gdx.utils.Element#getIntAttribute(String,int):int	bb760a2b4052830071eb	413	421	845	149
METHOD_ENTRY	com.badlogic.gdx.utils.Element#getChildrenByNameRecursively(String,Array<Element>):void	16cde412089e624d3935	413	524	948	218
METHOD_EXIT	com.badlogic.gdx.utils.Element#getIntAttribute(String,int):int	bdef1e3f69340d3bef67	455	498	964	305
METHOD_EXIT	com.badlogic.gdx.utils.Element#getFloatAttribute(String):float	0b6bc2c09e1ccdb3429c	455	468	934	221
METHOD_EXIT	com.badlogic.gdx.utils.Element#getBooleanAttribute(String):boolean	e62e1ba9a7e0e7aa989d	455	468	934	293
METHOD_EXIT	com.badlogic.gdx.utils.Element#getBooleanAttribute(String,boolean):boolean	53fc4143b687676c2312	455	499	965	282
METHOD_EXIT	com.badlogic.gdx.utils.Element#get(String):String	0cd425c15411c8676f30	455	499	965	221
METHOD_ENTRY	com.badlogic.gdx.utils.Element#getIntAttribute(String):int	a5032241a9078617afc7	413	391	815	178
METHOD_ENTRY	com.badlogic.gdx.utils.Element#getBooleanAttribute(String,boolean):boolean	33a786795d053cdff42e	413	422	846	220
METHOD_ENTRY	com.badlogic.gdx.utils.Element#getInt(String):int	e3b956233e9a6ff6808f	413	427	851	252
METHOD_EXIT	com.badlogic.gdx.utils.Element#get(String,String):String	f62d694a558895b7574f	455	539	1005	326
METHOD_ENTRY	com.badlogic.gdx.utils.Element#getBooleanAttribute(String):boolean	e262d5be302a33cdd9c9	413	391	815	224
METHOD_EXIT	com.badlogic.gdx.utils.Element#getInt(String):int	6aa201616821cbf242b6	455	504	970	253
METHOD_ENTRY	com.badlogic.gdx.utils.Element#getFloat(String):float	3d4091372934acffdc55	413	427	851	290
METHOD_EXIT	com.badlogic.gdx.utils.Element#getFloat(String):float	d7233faf6f9c13f78dcb	455	504	970	234
METHOD_ENTRY	com.badlogic.gdx.utils.Element#get(String):String	1eefb3d44c6a5e291934	413	422	846	146
METHOD_EXIT	com.badlogic.gdx.utils.Element#getFloat(String,float):float	ba0696e82629aacf7a1e	455	495	961	318
METHOD_ENTRY	com.badlogic.gdx.utils.Element#getFloat(String,float):float	8108345a104393cc0933	413	418	842	189
METHOD_ENTRY	com.badlogic.gdx.utils.Element#get(String,String):String	705656fd25878f2a88d7	413	462	886	276
METHOD_ENTRY	com.badlogic.gdx.utils.Element#getBoolean(String):boolean	d851e8c39fb681c67826	413	427	851	235
METHOD_EXIT	com.badlogic.gdx.utils.Element#getBoolean(String):boolean	b65844604534f235f66b	455	504	970	186
METHOD_EXIT	com.badlogic.gdx.utils.Element#getInt(String,int):int	457994f29e0de5626c49	455	495	961	286
METHOD_ENTRY	com.badlogic.gdx.utils.Element#getInt(String,int):int	4f4a4b13c3383cfa7d33	413	418	842	268
METHOD_EXIT	com.badlogic.gdx.utils.Element#getBoolean(String,boolean):boolean	46187e83a2a7660d507c	455	496	962	353
METHOD_ENTRY	com.badlogic.gdx.utils.QuadTreeFloat#setBounds(float,float,float,float):void	23036b4f8185f880a0d5	413	1028	1452	218
METHOD_EXIT	com.badlogic.gdx.utils.QuadTreeFloat#setBounds(float,float,float,float):void	d1cde4a51a60037041bd	455	1039	1505	181
METHOD_ENTRY	com.badlogic.gdx.utils.QuadTreeFloat#split(float,float,float):void	59aa993a0584e6961c12	413	1075	1499	236
METHOD_ENTRY	com.badlogic.gdx.utils.QuadTreeFloat#add(float,float,float):void	6cbf47e9e15c1c2de187	413	1126	1550	226
METHOD_EXIT	com.badlogic.gdx.utils.QuadTreeFloat#split(float,float,float):void	26369d8b6e9462f8b34a	455	1086	1552	304
METHOD_ENTRY	com.badlogic.gdx.utils.QuadTreeFloat#addToChild(float,float,float):void	e388f9a0677b8003d198	413	1214	1638	284
METHOD_EXIT	com.badlogic.gdx.utils.QuadTreeFloat#newObject():Object	3fd2fdbc076c42155462	455	971	1437	337
METHOD_EXIT	com.badlogic.gdx.utils.QuadTreeFloat#addToChild(float,float,float):void	db4520886d1124191725	455	1225	1691	362
METHOD_ENTRY	com.badlogic.gdx.utils.QuadTreeFloat#newObject():Object	a59cebcd810c8e7f19b5	413	960	1384	179
METHOD_EXIT	com.badlogic.gdx.utils.QuadTreeFloat#obtainChild(float,float,float,float,int):QuadTreeFloat	3f1acd62b829ad693ba5	455	1142	1608	274
METHOD_ENTRY	com.badlogic.gdx.utils.QuadTreeFloat#growValues():int	2ac6068bdd2ec43b7841	413	982	1406	192
METHOD_EXIT	com.badlogic.gdx.utils.QuadTreeFloat#add(float,float,float):void	e6fda24b8bc7691cce16	455	1137	1603	289
METHOD_ENTRY	com.badlogic.gdx.utils.QuadTreeFloat#query(float,float,float,FloatArray):void	a113b3d07b4ce1e8b974	413	1040	1464	230
METHOD_ENTRY	com.badlogic.gdx.utils.QuadTreeFloat#query(float,float,float,float,float,float,FloatArray):void	42f757c8344ed3ae081a	413	1339	1763	239
METHOD_ENTRY	com.badlogic.gdx.utils.Element#getBoolean(String,boolean):boolean	8c762faba5864a20c848	413	419	843	146
METHOD_EXIT	com.badlogic.gdx.utils.QuadTreeFloat#query(float,float,float,FloatArray):void	e9a665c9cb478c5db000	455	1051	1517	244
METHOD_ENTRY	com.badlogic.gdx.utils.QuadTreeFloat#obtainChild(float,float,float,float,int):QuadTreeFloat	300398ebf6e2fd51455a	413	1063	1487	234
METHOD_EXIT	com.badlogic.gdx.utils.QuadTreeFloat#query(float,float,float,float,float,float,FloatArray):void	224a416dcd9528bef44f	455	1350	1816	300
METHOD_EXIT	com.badlogic.gdx.utils.QuadTreeFloat#query(Rectangle,FloatArray):void	8db948c0e0eface1ba94	455	1189	1655	261
METHOD_ENTRY	com.badlogic.gdx.utils.QuadTreeFloat#nearest(float,float,FloatArray):boolean	3b30e5041aa03bacb4cd	413	1356	1780	286
METHOD_ENTRY	com.badlogic.gdx.utils.ReflectionPool#findConstructor(Class<T>):Constructor	d3a175d45126be8e616b	413	560	984	228
METHOD_EXIT	com.badlogic.gdx.utils.QuadTreeFloat#growValues():int	257b074a4ad1e235f593	455	1056	1522	163
METHOD_EXIT	com.badlogic.gdx.utils.ReflectionPool#findConstructor(Class<T>):Constructor	ba9629db73bf73aab777	455	637	1103	312
METHOD_ENTRY	com.badlogic.gdx.utils.QuadTreeFloat#reset():void	b06b22d2267b1e5b5129	413	1095	1519	266
METHOD_ENTRY	com.badlogic.gdx.utils.QuadTreeFloat#query(Rectangle,FloatArray):void	013fab95b600f51dc576	413	1178	1602	225
METHOD_EXIT	com.badlogic.gdx.utils.QuadTreeFloat#nearest(float,float,FloatArray):boolean	f2f65c672dc9ebbcbb74	455	1366	1832	288
METHOD_EXIT	com.badlogic.gdx.utils.ReflectionPool#newObject():T	1df14176ad20683409e5	455	600	1066	163
METHOD_EXIT	com.badlogic.gdx.utils.QuadTreeFloat#reset():void	b9c4db750ae44d6894ab	455	1106	1572	205
METHOD_ENTRY	com.badlogic.gdx.utils.ReflectionPool#newObject():T	3fb4512d80128984fe80	413	526	950	162
METHOD_ENTRY	com.badlogic.gdx.utils.QuadTreeFloat#findNearestInternal(float,float,FloatArray):void	759416c7a71460f79aab	413	1367	1791	267
METHOD_EXIT	com.badlogic.gdx.utils.QuadTreeFloat#findNearestInternal(float,float,FloatArray):void	c83ff8b6b6026d879f06	455	1378	1844	373
METHOD_ENTRY	com.badlogic.gdx.utils.JsonSkimmer#parse(String):void	115e58293452aed452f1	413	970	1394	265
METHOD_EXIT	com.badlogic.gdx.utils.JsonSkimmer#parse(String):void	520f4247f9390396fb7f	455	981	1447	249
METHOD_ENTRY	com.badlogic.gdx.utils.JsonSkimmer#parse(InputStream):void	d2c69a0b53fe980a1d82	413	1003	1427	245
METHOD_ENTRY	com.badlogic.gdx.utils.JsonSkimmer#parse(FileHandle):void	b9e6fcbf1a566fede4c5	413	1034	1458	205
METHOD_EXIT	com.badlogic.gdx.utils.JsonSkimmer#parse(Reader):void	593833ef85de387b3bb7	455	1120	1586	222
METHOD_ENTRY	com.badlogic.gdx.utils.JsonSkimmer#parse(char[],int,int):void	ffc05a86d9ea620f7c46	413	3827	4251	191
METHOD_ENTRY	com.badlogic.gdx.utils.JsonSkimmer#init__json_actions_0():byte[]	9c56f1de36b26aef868f	413	1055	1479	206
METHOD_EXIT	com.badlogic.gdx.utils.JsonSkimmer#parse(InputStream):void	6f6b6bea4e4d15b457a7	455	1014	1480	226
METHOD_EXIT	com.badlogic.gdx.utils.JsonSkimmer#parse(char[],int,int):void	ed1fd2a0bea54b38a63b	455	3838	4304	322
METHOD_EXIT	com.badlogic.gdx.utils.JsonSkimmer#parse(FileHandle):void	4ae3d4424822925f79b8	455	1045	1511	278
METHOD_ENTRY	com.badlogic.gdx.utils.JsonSkimmer#parse(Reader):void	ae982c17dd8263889861	413	1109	1533	233
METHOD_ENTRY	com.badlogic.gdx.utils.JsonSkimmer#init__json_key_offsets_0():short[]	477e44d2f5599f6aa3fc	413	1070	1494	370
METHOD_EXIT	com.badlogic.gdx.utils.JsonSkimmer#init__json_actions_0():byte[]	8e94fafdd0859a2d5896	455	1129	1595	207
METHOD_EXIT	com.badlogic.gdx.utils.JsonSkimmer#init__json_trans_keys_0():char[]	5ed314cf293d121f7f9d	455	1587	2053	277
METHOD_ENTRY	com.badlogic.gdx.utils.JsonSkimmer#init__json_single_lengths_0():byte[]	50b18c9f21b18c806923	413	1069	1493	68
METHOD_EXIT	com.badlogic.gdx.utils.JsonSkimmer#init__json_key_offsets_0():short[]	4c531336b78b69d580c2	455	1144	1610	258
METHOD_ENTRY	com.badlogic.gdx.utils.JsonSkimmer#init__json_indicies_0():byte[]	8a2c1b442c85f3526f94	413	1573	1997	304
METHOD_EXIT	com.badlogic.gdx.utils.JsonSkimmer#init__json_index_offsets_0():short[]	6e95693f64265cdf5172	455	1144	1610	273
METHOD_EXIT	com.badlogic.gdx.utils.JsonSkimmer#init__json_single_lengths_0():byte[]	f3f54fa8693f9ae69d05	455	1143	1609	312
METHOD_ENTRY	com.badlogic.gdx.utils.JsonSkimmer#init__json_trans_keys_0():char[]	e1e08ba4758ebef36154	413	1513	1937	56
METHOD_EXIT	com.badlogic.gdx.utils.JsonSkimmer#init__json_indicies_0():byte[]	c00334751ea75c1e010c	455	1647	2113	300
METHOD_ENTRY	com.badlogic.gdx.utils.JsonSkimmer#init__json_index_offsets_0():short[]	5490e6ef1275c3085a55	413	1070	1494	417
METHOD_ENTRY	com.badlogic.gdx.utils.JsonSkimmer#init__json_range_lengths_0():byte[]	ab3c414f2c5950a93a44	413	1069	1493	331
METHOD_EXIT	com.badlogic.gdx.utils.JsonSkimmer#init__json_range_lengths_0():byte[]	d000a49fa24a510ca7ed	455	1143	1609	314
METHOD_EXIT	com.badlogic.gdx.utils.JsonSkimmer#init__json_trans_targs_0():byte[]	d2a24abf6d6b76888fbc	455	1264	1730	302
METHOD_EXIT	com.badlogic.gdx.utils.JsonSkimmer#init__json_trans_actions_0():byte[]	21dbb70afb19863582fb	455	1262	1728	241
METHOD_ENTRY	com.badlogic.gdx.utils.JsonSkimmer#init__json_eof_actions_0():byte[]	d821aee0a65f0e3a2487	413	1072	1496	292
METHOD_ENTRY	com.badlogic.gdx.utils.JsonSkimmer#init__json_trans_targs_0():byte[]	3370d5a59fdf663fd22c	413	1190	1614	274
METHOD_ENTRY	com.badlogic.gdx.utils.JsonSkimmer#isStopped():boolean	71fbf096ffb05c38b894	413	950	1374	168
METHOD_EXIT	com.badlogic.gdx.utils.JsonSkimmer#isStopped():boolean	8cc1e368935a38b550fa	455	1024	1490	201
METHOD_ENTRY	com.badlogic.gdx.utils.JsonSkimmer#push(JsonToken,boolean):void	fc862a28c376c6e34021	413	964	1388	249
METHOD_EXIT	com.badlogic.gdx.utils.JsonSkimmer#stop():void	f3fbce3094c29079fe6c	455	960	1426	112
METHOD_ENTRY	com.badlogic.gdx.utils.JsonSkimmer#pop():void	75bfa059aabdc9882837	413	944	1368	171
METHOD_EXIT	com.badlogic.gdx.utils.JsonSkimmer#pop():void	e08116cf54dfa0724286	455	955	1421	68
METHOD_ENTRY	com.badlogic.gdx.utils.JsonSkimmer#init__json_trans_actions_0():byte[]	e18d726637bc98c8d357	413	1188	1612	41
METHOD_EXIT	com.badlogic.gdx.utils.JsonSkimmer#init__json_eof_actions_0():byte[]	ea5a65cb681d141f94d8	455	1146	1612	273
METHOD_EXIT	com.badlogic.gdx.utils.JsonSkimmer#push(JsonToken,boolean):void	efdfa6db9c0b5421f1dd	455	975	1441	210
METHOD_ENTRY	com.badlogic.gdx.utils.JsonSkimmer#equalsString(String):boolean	268e9f119f7c41248d2f	413	1043	1467	327
METHOD_ENTRY	com.badlogic.gdx.utils.JsonSkimmer#stop():void	1925aa5972a3b4fdcad3	413	949	1373	258
METHOD_EXIT	com.badlogic.gdx.utils.JsonSkimmer#equalsString(String):boolean	bb256a98260a9233e84c	455	1120	1586	379
METHOD_EXIT	com.badlogic.gdx.utils.JsonSkimmer#value(JsonToken,JsonToken):void	7cfdb8ea24f955385553	455	978	1444	272
METHOD_EXIT	com.badlogic.gdx.utils.JsonSkimmer#value():JsonValue	7934eba9461da23e2f9e	455	1081	1547	402
METHOD_EXIT	com.badlogic.gdx.utils.JsonSkimmer#equals(String):boolean	df21e5a69296b0d0c428	455	1083	1549	356
METHOD_ENTRY	com.badlogic.gdx.utils.JsonSkimmer#value(JsonToken,JsonToken):void	b5891199514bf806776f	413	967	1391	1105
METHOD_ENTRY	com.badlogic.gdx.utils.JsonSkimmer#value():JsonValue	d4826259d60a34867689	413	1006	1430	268
METHOD_EXIT	com.badlogic.gdx.utils.JsonSkimmer#unescape():String	8bca8bcabe8bfdb8871c	455	1360	1826	308
METHOD_ENTRY	com.badlogic.gdx.utils.JsonToken#equalsString(String):boolean	3f683470005f9a352b85	413	472	896	302
METHOD_EXIT	com.badlogic.gdx.utils.JsonToken#equalsString(String):boolean	cd33d1274c0ff786c913	455	549	1015	340
METHOD_ENTRY	com.badlogic.gdx.utils.JsonSkimmer#unescape():String	a0928389dbba4663e8a7	413	1286	1710	207
METHOD_EXIT	com.badlogic.gdx.utils.JsonToken#toString():String	0b3d269671a393acff4f	455	481	947	262
METHOD_ENTRY	com.badlogic.gdx.utils.JsonToken#value():JsonValue	6cb8c2338ca550fc80f2	413	435	859	298
METHOD_ENTRY	com.badlogic.gdx.utils.JsonSkimmer#toString():String	1ae69a6a92447a07959b	413	978	1402	224
METHOD_ENTRY	com.badlogic.gdx.utils.JsonToken#toString():String	9a0c5a2563e6542c3fbe	413	407	831	214
METHOD_EXIT	com.badlogic.gdx.utils.JsonToken#value():JsonValue	6c2bf23185f2d49816dc	455	510	976	333
METHOD_ENTRY	com.badlogic.gdx.utils.JsonSkimmer#equals(String):boolean	2fee080b6ebe80bd42e6	413	1006	1430	248
METHOD_EXIT	com.badlogic.gdx.utils.JsonSkimmer#toString():String	1fa931d5ccf8c674d43d	455	1052	1518	271
METHOD_EXIT	com.badlogic.gdx.utils.JsonToken#equals(String):boolean	c1d3e32b1b11ddc15458	455	512	978	293
METHOD_ENTRY	com.badlogic.gdx.utils.JsonToken#equals(String):boolean	1e3b9d4344e1e0040199	413	435	859	103
METHOD_ENTRY	com.badlogic.gdx.utils.JsonToken#unescape():String	47236bf5565f7043cc00	413	715	1139	235
METHOD_EXIT	com.badlogic.gdx.utils.QuickSelect#recursiveSelect(int,int,int):int	7e24fc79793a6816e502	455	787	1253	316
METHOD_ENTRY	com.badlogic.gdx.utils.QuickSelect#medianOfThreePivot(int,int):int	b0a6b05270296af433e7	413	765	1189	238
METHOD_ENTRY	com.badlogic.gdx.utils.QuickSelect#partition(int,int,int):int	7fe51e91baf306b16e2e	413	653	1077	226
METHOD_ENTRY	com.badlogic.gdx.utils.QuickSelect#recursiveSelect(int,int,int):int	b320baadb9ff55f637fe	413	710	1134	211
METHOD_ENTRY	com.badlogic.gdx.utils.QuickSelect#select(T[],Comparator<T>,int,int):int	32f33fe02b322e294357	413	617	1041	3655
METHOD_EXIT	com.badlogic.gdx.utils.QuickSelect#partition(int,int,int):int	9f56935133a2d68b38fa	455	730	1196	330
METHOD_ENTRY	com.badlogic.gdx.utils.QuickSelect#swap(int,int):void	771aed15b89323876718	413	588	1012	224
METHOD_EXIT	com.badlogic.gdx.utils.QuickSelect#select(T[],Comparator<T>,int,int):int	6499037315def8843c81	455	694	1160	244
METHOD_EXIT	com.badlogic.gdx.utils.JsonToken#unescape():String	436d9a9bf70121f01d39	455	789	1255	286
METHOD_EXIT	com.badlogic.gdx.utils.QuickSelect#swap(int,int):void	21bc211ad14a388ae43f	455	599	1065	239
METHOD_EXIT	com.badlogic.gdx.utils.QuickSelect#medianOfThreePivot(int,int):int	ae15c00753431798d46a	455	842	1308	352
METHOD_ENTRY	com.badlogic.gdx.utils.JsonValue#get(int):JsonValue	14882acdbc44c11a9a9c	413	3616	4040	333
METHOD_EXIT	com.badlogic.gdx.utils.JsonValue#get(String):JsonValue	b2b237fdf05f98e1b17a	455	3681	4147	275
METHOD_ENTRY	com.badlogic.gdx.utils.JsonValue#getIgnoreCase(String):JsonValue	8690f5068c076ed6b421	413	3609	4033	260
METHOD_ENTRY	com.badlogic.gdx.utils.JsonValue#iterator(String):JsonIterator	9ad275deeece4b696d9e	413	3609	4033	196
METHOD_EXIT	com.badlogic.gdx.utils.JsonValue#iterator(String):JsonIterator	9106a8831f9cc8626e9b	455	3687	4153	321
METHOD_EXIT	com.badlogic.gdx.utils.JsonValue#get(int):JsonValue	e7ad62a9e0de195315f6	455	3694	4160	305
METHOD_ENTRY	com.badlogic.gdx.utils.JsonValue#get(String):JsonValue	ec0a93d37445b5aa9895	413	3603	4027	298
METHOD_EXIT	com.badlogic.gdx.utils.JsonValue#getIgnoreCase(String):JsonValue	200be1957c492b0f563f	455	3687	4153	349
METHOD_ENTRY	com.badlogic.gdx.utils.JsonValue#require(int):JsonValue	0fc02b9ed2ea166f8c65	413	3601	4025	295
METHOD_EXIT	com.badlogic.gdx.utils.JsonValue#has(String):boolean	f45e4f6351d67437d57c	455	3649	4115	257
METHOD_EXIT	com.badlogic.gdx.utils.JsonValue#require(int):JsonValue	ab4702fde45cf6ea9ab2	455	3679	4145	302
METHOD_ENTRY	com.badlogic.gdx.utils.JsonValue#require(String):JsonValue	ca403507adb7de56cbba	413	3601	4025	254
METHOD_ENTRY	com.badlogic.gdx.utils.JsonValue#has(String):boolean	c8c6890a3be539cbf32f	413	3572	3996	226
METHOD_ENTRY	com.badlogic.gdx.utils.JsonValue#remove(String):JsonValue	c415d4513ca397d06061	413	3666	4090	330
METHOD_ENTRY	com.badlogic.gdx.utils.JsonValue#remove():void	78da386a085be659393c	413	3642	4066	292
METHOD_EXIT	com.badlogic.gdx.utils.JsonValue#remove():void	69181a3642bf98a9eadc	455	3653	4119	315
METHOD_ENTRY	com.badlogic.gdx.utils.JsonValue#remove(int):JsonValue	75b0921b183348eace59	413	3666	4090	304
METHOD_EXIT	com.badlogic.gdx.utils.JsonValue#notEmpty():boolean	9c71faddab90cef7ad98	455	3641	4107	224
METHOD_EXIT	com.badlogic.gdx.utils.JsonValue#remove(String):JsonValue	e95c2647944a7750ff22	455	3744	4210	325
METHOD_EXIT	com.badlogic.gdx.utils.JsonValue#remove(int):JsonValue	02eaf0347826f4ff7053	455	3744	4210	346
METHOD_ENTRY	com.badlogic.gdx.utils.JsonValue#isEmpty():boolean	82c0369e73dad9a0c5ef	413	3567	3991	268
METHOD_EXIT	com.badlogic.gdx.utils.JsonValue#require(String):JsonValue	b698c098ec8ebde25c59	455	3679	4145	274
METHOD_EXIT	com.badlogic.gdx.utils.JsonValue#isEmpty():boolean	13e1dde01003edb10a31	455	3641	4107	254
METHOD_ENTRY	com.badlogic.gdx.utils.JsonValue#notEmpty():boolean	0aa95de825bfbad53989	413	3567	3991	257
METHOD_ENTRY	com.badlogic.gdx.utils.JsonValue#asString():String	f46b72978519805244e4	413	3670	4094	283
METHOD_ENTRY	com.badlogic.gdx.utils.JsonValue#size():int	c82ec6d0264eed61b62f	413	3565	3989	311
METHOD_ENTRY	com.badlogic.gdx.utils.JsonValue#asFloat():float	97ce6166d17df3abe258	413	3642	4066	360
METHOD_EXIT	com.badlogic.gdx.utils.JsonValue#size():int	c95a7e98e2e7d3f82f6c	455	3639	4105	109
METHOD_ENTRY	com.badlogic.gdx.utils.JsonValue#asDouble():double	d4a3de50b0e4205ac6e9	413	3639	4063	195
METHOD_EXIT	com.badlogic.gdx.utils.JsonValue#asDouble():double	35238340ef3d7b99f76f	455	3713	4179	270
METHOD_ENTRY	com.badlogic.gdx.utils.JsonValue#asLong():long	ebe4568d9e8ffa13043e	413	3642	4066	293
METHOD_EXIT	com.badlogic.gdx.utils.JsonValue#asString():String	b352f4ba15e31e2727ea	455	3744	4210	352
METHOD_ENTRY	com.badlogic.gdx.utils.JsonValue#asInt():int	88a9357803aa54d376b4	413	3645	4069	263
METHOD_EXIT	com.badlogic.gdx.utils.JsonValue#asFloat():float	26ba5408626e679a7f43	455	3716	4182	339
METHOD_ENTRY	com.badlogic.gdx.utils.JsonValue#asBoolean():boolean	945a41124a049a428634	413	3641	4065	328
METHOD_EXIT	com.badlogic.gdx.utils.JsonValue#asBoolean():boolean	58f967629f7d2b637c37	455	3715	4181	455
METHOD_ENTRY	com.badlogic.gdx.utils.JsonValue#asByte():byte	ac5db17ac444a79e7aa6	413	3647	4071	279
METHOD_EXIT	com.badlogic.gdx.utils.JsonValue#asLong():long	eff79f38b2f74a6fb0c3	455	3716	4182	337
METHOD_EXIT	com.badlogic.gdx.utils.JsonValue#asInt():int	534d2a87d173869d4332	455	3719	4185	339
METHOD_ENTRY	com.badlogic.gdx.utils.JsonValue#asShort():short	9b2eb71c3a68d7f7772e	413	3647	4071	330
METHOD_ENTRY	com.badlogic.gdx.utils.JsonValue#asChar():char	0331e0986e33715b18d7	413	3662	4086	280
METHOD_EXIT	com.badlogic.gdx.utils.JsonValue#asChar():char	25b8a4ad7ff9179abd29	455	3736	4202	297
METHOD_ENTRY	com.badlogic.gdx.utils.JsonValue#asStringArray():String[]	83c5ab3556cfff0bb4cb	413	3781	4205	276
METHOD_EXIT	com.badlogic.gdx.utils.JsonValue#asByte():byte	d9e470b6012334290c58	455	3721	4187	340
METHOD_EXIT	com.badlogic.gdx.utils.JsonValue#asShort():short	3f88c60f13f947966a88	455	3721	4187	247
METHOD_EXIT	com.badlogic.gdx.utils.JsonValue#asFloatArray():float[]	06f7e9f6304a1f198a8b	455	3824	4290	255
METHOD_ENTRY	com.badlogic.gdx.utils.JsonValue#asDoubleArray():double[]	9c635516c7f451791851	413	3748	4172	286
METHOD_EXIT	com.badlogic.gdx.utils.JsonValue#asDoubleArray():double[]	5c41beccc46000d28c24	455	3822	4288	305
METHOD_ENTRY	com.badlogic.gdx.utils.JsonValue#asFloatArray():float[]	59e412dad732bfd529f1	413	3750	4174	303
METHOD_EXIT	com.badlogic.gdx.utils.JsonValue#asStringArray():String[]	540fdb26668a2e85afe9	455	3855	4321	270
METHOD_ENTRY	com.badlogic.gdx.utils.JsonValue#asIntArray():int[]	995410a9d85a701615c0	413	3752	4176	289
METHOD_ENTRY	com.badlogic.gdx.utils.JsonValue#asLongArray():long[]	30141bd7c67f36d5d8d1	413	3750	4174	271
METHOD_EXIT	com.badlogic.gdx.utils.JsonValue#asIntArray():int[]	1b07b330a146fc3e0f43	455	3826	4292	227
METHOD_ENTRY	com.badlogic.gdx.utils.JsonValue#asBooleanArray():boolean[]	21dcdaa7b09174c38fcf	413	3748	4172	290
METHOD_EXIT	com.badlogic.gdx.utils.JsonValue#asBooleanArray():boolean[]	5fcda95194e1253c2d6d	455	3822	4288	256
METHOD_ENTRY	com.badlogic.gdx.utils.JsonValue#asByteArray():byte[]	cacb7c90de1f16e617fb	413	3754	4178	335
METHOD_ENTRY	com.badlogic.gdx.utils.JsonValue#asShortArray():short[]	be64ffef7bb69a6dd7f4	413	3754	4178	295
METHOD_EXIT	com.badlogic.gdx.utils.JsonValue#asShortArray():short[]	ade4a15c45993b1f7d9b	455	3828	4294	307
METHOD_ENTRY	com.badlogic.gdx.utils.JsonValue#asCharArray():char[]	162df2e1530f33c70e34	413	3770	4194	303
METHOD_EXIT	com.badlogic.gdx.utils.JsonValue#asLongArray():long[]	e67630aa2d5d3f03e27e	455	3824	4290	275
METHOD_EXIT	com.badlogic.gdx.utils.JsonValue#asCharArray():char[]	af9c774c53b9fe886dfa	455	3844	4310	305
METHOD_ENTRY	com.badlogic.gdx.utils.JsonValue#hasChild(String):boolean	999d71dfa42878ecf68e	413	3575	3999	231
METHOD_EXIT	com.badlogic.gdx.utils.JsonValue#hasChild(String):boolean	e17f3a6780f1499c5a43	455	3652	4118	236
METHOD_EXIT	com.badlogic.gdx.utils.JsonValue#getChild(String):JsonValue	65ba539cd91a2e94f85a	455	3666	4132	312
METHOD_ENTRY	com.badlogic.gdx.utils.JsonValue#getString(String,String):String	61d78b6b2f91c4840add	413	3611	4035	255
METHOD_ENTRY	com.badlogic.gdx.utils.JsonValue#getChild(String):JsonValue	4f76f19e83bcbab99b90	413	3588	4012	274
METHOD_EXIT	com.badlogic.gdx.utils.JsonValue#asByteArray():byte[]	36daf55d05eb6a849aef	455	3828	4294	275
METHOD_ENTRY	com.badlogic.gdx.utils.JsonValue#getFloat(String,float):float	876603f59fa399055866	413	3609	4033	344
METHOD_ENTRY	com.badlogic.gdx.utils.JsonValue#getDouble(String,double):double	888ddf576383d553ff3c	413	3609	4033	229
METHOD_EXIT	com.badlogic.gdx.utils.JsonValue#getDouble(String,double):double	4a3a92d21dfb1148890c	455	3686	4152	347
METHOD_ENTRY	com.badlogic.gdx.utils.JsonValue#getLong(String,long):long	711c5034ebb5c935152c	413	3609	4033	203
METHOD_EXIT	com.badlogic.gdx.utils.JsonValue#getFloat(String,float):float	34c04c2b4725fd9baaf2	455	3686	4152	322
METHOD_EXIT	com.badlogic.gdx.utils.JsonValue#getLong(String,long):long	f10204b5e041bec09ec9	455	3686	4152	347
METHOD_EXIT	com.badlogic.gdx.utils.JsonValue#getString(String,String):String	16882dfc77e02e6e4661	455	3688	4154	377
METHOD_EXIT	com.badlogic.gdx.utils.JsonValue#getInt(String,int):int	53bd1fe7b3e6d6b5cef4	455	3686	4152	291
METHOD_EXIT	com.badlogic.gdx.utils.JsonValue#getBoolean(String,boolean):boolean	89db6848fa9c6243c30b	455	3687	4153	284
METHOD_ENTRY	com.badlogic.gdx.utils.JsonValue#getByte(String,byte):byte	b100a1c828f5576dbc3a	413	3610	4034	256
METHOD_EXIT	com.badlogic.gdx.utils.JsonValue#getByte(String,byte):byte	d0c80a3e9242d813fe45	455	3687	4153	237
METHOD_ENTRY	com.badlogic.gdx.utils.JsonValue#getInt(String,int):int	4f8d5f9c3113ba59a5e4	413	3609	4033	260
METHOD_ENTRY	com.badlogic.gdx.utils.JsonValue#getChar(String,char):char	c5c9c9b2f20a0424c321	413	3609	4033	222
METHOD_ENTRY	com.badlogic.gdx.utils.JsonValue#getBoolean(String,boolean):boolean	229874d2cd769bbe04b6	413	3610	4034	248
METHOD_EXIT	com.badlogic.gdx.utils.JsonValue#getChar(String,char):char	29085d7816726c0b11dc	455	3686	4152	326
METHOD_ENTRY	com.badlogic.gdx.utils.JsonValue#getString(String):String	92a7f54ef281a937072a	413	3601	4025	294
METHOD_ENTRY	com.badlogic.gdx.utils.JsonValue#getShort(String,short):short	08e9a321b4899871b56e	413	3610	4034	206
METHOD_EXIT	com.badlogic.gdx.utils.JsonValue#getString(String):String	c4694713f6a7e969ae0d	455	3678	4144	331
METHOD_EXIT	com.badlogic.gdx.utils.JsonValue#getFloat(String):float	4643bcf0b049da514a8a	455	3678	4144	264
METHOD_EXIT	com.badlogic.gdx.utils.JsonValue#getShort(String,short):short	623475ccefc18bd80bf4	455	3687	4153	331
METHOD_EXIT	com.badlogic.gdx.utils.JsonValue#getDouble(String):double	f0c1fc3c78173f7d2bdd	455	3678	4144	311
METHOD_ENTRY	com.badlogic.gdx.utils.JsonValue#getLong(String):long	d396034fda8ba42fdf15	413	3601	4025	258
METHOD_ENTRY	com.badlogic.gdx.utils.JsonValue#getInt(String):int	0a6d3c9c84f45e937cbe	413	3601	4025	326
METHOD_EXIT	com.badlogic.gdx.utils.JsonValue#getInt(String):int	dc1d1003baf1fc0b3326	455	3678	4144	321
METHOD_EXIT	com.badlogic.gdx.utils.JsonValue#getBoolean(String):boolean	c894df7c70be56f3b1ba	455	3678	4144	343
METHOD_ENTRY	com.badlogic.gdx.utils.JsonValue#getDouble(String):double	28652ad8d3be594b97ba	413	3601	4025	316
METHOD_ENTRY	com.badlogic.gdx.utils.JsonValue#getByte(String):byte	91ad22b6e067eb612595	413	3601	4025	280
METHOD_ENTRY	com.badlogic.gdx.utils.JsonValue#getFloat(String):float	f6b6878f5f001c371921	413	3601	4025	332
METHOD_EXIT	com.badlogic.gdx.utils.JsonValue#getByte(String):byte	579a35457a9654b7bfdd	455	3678	4144	163
METHOD_EXIT	com.badlogic.gdx.utils.JsonValue#getLong(String):long	4f678a04a747ad562266	455	3678	4144	198
METHOD_ENTRY	com.badlogic.gdx.utils.JsonValue#getShort(String):short	9e9f11117c51a7da633f	413	3601	4025	311
METHOD_EXIT	com.badlogic.gdx.utils.JsonValue#getShort(String):short	07ad5d588d7559e73b94	455	3678	4144	271
METHOD_EXIT	com.badlogic.gdx.utils.JsonValue#getChar(String):char	f056673ffc0b50aab207	455	3678	4144	291
METHOD_EXIT	com.badlogic.gdx.utils.JsonValue#getString(int):String	14a73d1fe7f6194be458	455	3678	4144	257
METHOD_ENTRY	com.badlogic.gdx.utils.JsonValue#getBoolean(String):boolean	4c69ffb5482e974c5757	413	3601	4025	263
METHOD_EXIT	com.badlogic.gdx.utils.JsonValue#getFloat(int):float	36f9debd5b1292b651a6	455	3678	4144	309
METHOD_ENTRY	com.badlogic.gdx.utils.JsonValue#getDouble(int):double	8ff18d95ca0773a22565	413	3601	4025	284
METHOD_EXIT	com.badlogic.gdx.utils.JsonValue#getDouble(int):double	b7e73b5b653f43d03a77	455	3678	4144	289
METHOD_ENTRY	com.badlogic.gdx.utils.JsonValue#getChar(String):char	0c138eb1f2931fcce8bc	413	3601	4025	267
METHOD_ENTRY	com.badlogic.gdx.utils.JsonValue#getFloat(int):float	45e3b870573203ad631a	413	3601	4025	79
METHOD_ENTRY	com.badlogic.gdx.utils.JsonValue#getLong(int):long	17db854f1be6f003eddb	413	3601	4025	254
METHOD_ENTRY	com.badlogic.gdx.utils.JsonValue#getString(int):String	a6264866186fd14969af	413	3601	4025	273
METHOD_ENTRY	com.badlogic.gdx.utils.JsonValue#getInt(int):int	6269e2bb87d2eb93f152	413	3601	4025	260
METHOD_ENTRY	com.badlogic.gdx.utils.JsonValue#getBoolean(int):boolean	cf21cb6ab0f176edbaf1	413	3601	4025	279
METHOD_EXIT	com.badlogic.gdx.utils.JsonValue#getInt(int):int	6cba405426dc665635be	455	3678	4144	300
METHOD_EXIT	com.badlogic.gdx.utils.JsonValue#getByte(int):byte	1664070a9cc82a686ab5	455	3678	4144	278
METHOD_ENTRY	com.badlogic.gdx.utils.JsonValue#getByte(int):byte	3fe1a5d4bc8f50bb81fc	413	3601	4025	277
METHOD_EXIT	com.badlogic.gdx.utils.JsonValue#getLong(int):long	c4fa4d3aacfdc3a87a10	455	3678	4144	285
METHOD_EXIT	com.badlogic.gdx.utils.JsonValue#getShort(int):short	6c0f72c3ec3b946d2e73	455	3678	4144	280
METHOD_ENTRY	com.badlogic.gdx.utils.JsonValue#getChar(int):char	b93a5ce12c2f35b16e39	413	3601	4025	259
METHOD_ENTRY	com.badlogic.gdx.utils.JsonValue#type():ValueType	e85daa793a8320af711b	413	3564	3988	235
METHOD_EXIT	com.badlogic.gdx.utils.JsonValue#getBoolean(int):boolean	1d417d28880368149891	455	3678	4144	274
METHOD_EXIT	com.badlogic.gdx.utils.JsonValue#type():ValueType	7682c440127e0f36c2d0	455	3639	4105	275
METHOD_ENTRY	com.badlogic.gdx.utils.JsonValue#getShort(int):short	4d293501020166cdc37b	413	3601	4025	242
METHOD_EXIT	com.badlogic.gdx.utils.JsonValue#setType(ValueType):void	1633575a319cdaf30f68	455	3603	4069	255
METHOD_ENTRY	com.badlogic.gdx.utils.JsonValue#isArray():boolean	6519ae9fedcae8821c7d	413	3568	3992	270
METHOD_EXIT	com.badlogic.gdx.utils.JsonValue#isArray():boolean	b3a1b8e438b426c84254	455	3642	4108	215
METHOD_EXIT	com.badlogic.gdx.utils.JsonValue#getChar(int):char	aee1237961e1451e9531	455	3678	4144	269
METHOD_EXIT	com.badlogic.gdx.utils.JsonValue#isObject():boolean	6dac81076e8476b39613	455	3642	4108	227
METHOD_ENTRY	com.badlogic.gdx.utils.JsonValue#setType(ValueType):void	115e131e240cdd596a56	413	3592	4016	231
METHOD_EXIT	com.badlogic.gdx.utils.JsonValue#isString():boolean	ee385ce7a01683cc0905	455	3643	4109	301
METHOD_ENTRY	com.badlogic.gdx.utils.JsonValue#isNumber():boolean	b92e78e14f3b63d8a492	413	3576	4000	261
METHOD_ENTRY	com.badlogic.gdx.utils.JsonValue#isObject():boolean	54ed9196bfd5697830f4	413	3568	3992	254
METHOD_EXIT	com.badlogic.gdx.utils.JsonValue#isNumber():boolean	fb9ad468083a4a12aeeb	455	3650	4116	308
METHOD_EXIT	com.badlogic.gdx.utils.JsonValue#isDouble():boolean	f4c729aa543231cc493a	455	3643	4109	52
METHOD_ENTRY	com.badlogic.gdx.utils.JsonValue#isDouble():boolean	76f91e69289ede21a69f	413	3569	3993	256
METHOD_ENTRY	com.badlogic.gdx.utils.JsonValue#isBoolean():boolean	afbc4b73a659f4715225	413	3569	3993	300
METHOD_EXIT	com.badlogic.gdx.utils.JsonValue#isLong():boolean	0aef4101f445cfeed599	455	3643	4109	246
METHOD_ENTRY	com.badlogic.gdx.utils.JsonValue#isString():boolean	fbadd9c829249b8f228a	413	3569	3993	262
METHOD_ENTRY	com.badlogic.gdx.utils.JsonValue#isLong():boolean	897afadb68244618103a	413	3569	3993	214
METHOD_ENTRY	com.badlogic.gdx.utils.JsonValue#isNull():boolean	4e119710180069158f16	413	3569	3993	311
METHOD_EXIT	com.badlogic.gdx.utils.JsonValue#isNull():boolean	4cec131f6c00871745a5	455	3643	4109	194
METHOD_EXIT	com.badlogic.gdx.utils.JsonValue#isValue():boolean	a9d1d26e6f54da808c53	455	3676	4142	255
METHOD_ENTRY	com.badlogic.gdx.utils.JsonValue#name():String	ff89fb1a0dc4ba53f192	413	3564	3988	225
METHOD_ENTRY	com.badlogic.gdx.utils.JsonValue#isValue():boolean	0177ab331ab7fc144caa	413	3602	4026	440
METHOD_EXIT	com.badlogic.gdx.utils.JsonValue#isBoolean():boolean	4cb2e37d1a86c1c63a2e	455	3643	4109	92
METHOD_EXIT	com.badlogic.gdx.utils.JsonValue#setName(String):void	10792548c2e7b13b911e	455	3583	4049	329
METHOD_ENTRY	com.badlogic.gdx.utils.JsonValue#setName(String):void	f43b7c33e4098469e413	413	3572	3996	430
METHOD_ENTRY	com.badlogic.gdx.utils.JsonValue#parent():JsonValue	f7fd9e6f4b152ec7151f	413	3566	3990	320
METHOD_EXIT	com.badlogic.gdx.utils.JsonValue#name():String	d1effdd151420f0bb939	455	3638	4104	212
METHOD_EXIT	com.badlogic.gdx.utils.JsonValue#parent():JsonValue	6f61ef8c93fe737fd8d3	455	3641	4107	361
METHOD_ENTRY	com.badlogic.gdx.utils.JsonValue#child():JsonValue	fbbf99ce136fb1d2afcb	413	3566	3990	287
METHOD_EXIT	com.badlogic.gdx.utils.JsonValue#child():JsonValue	c7c0390289e55aafc73b	455	3641	4107	374
METHOD_EXIT	com.badlogic.gdx.utils.JsonValue#last():JsonValue	684e107e16fc453b436c	455	3641	4107	270
METHOD_ENTRY	com.badlogic.gdx.utils.JsonValue#setChild(String,JsonValue):void	692514da7a1d6fb7e528	413	3607	4031	180
METHOD_EXIT	com.badlogic.gdx.utils.JsonValue#setChild(String,JsonValue):void	4bf155d01145d7bccadd	455	3618	4084	294
METHOD_ENTRY	com.badlogic.gdx.utils.JsonValue#last():JsonValue	cdafae2c922e59a65779	413	3566	3990	289
METHOD_EXIT	com.badlogic.gdx.utils.JsonValue#setChild(JsonValue):void	7463e8daedf16b74ac02	455	3659	4125	273
METHOD_EXIT	com.badlogic.gdx.utils.JsonValue#replace(JsonValue):void	9bce2c8c1ade4c131c40	455	3658	4124	322
METHOD_ENTRY	com.badlogic.gdx.utils.JsonValue#replace(JsonValue):void	f1f65c1c4b7e73cabcb4	413	3647	4071	328
METHOD_ENTRY	com.badlogic.gdx.utils.JsonValue#addChild(String,JsonValue):void	1e8f4eb62ab87e719471	413	3608	4032	283
METHOD_EXIT	com.badlogic.gdx.utils.JsonValue#addChild(String,JsonValue):void	3e325cc57b2825c960fa	455	3619	4085	296
METHOD_ENTRY	com.badlogic.gdx.utils.JsonValue#addChild(JsonValue):void	5a9a322b99d70acac1e3	413	3660	4084	243
METHOD_ENTRY	com.badlogic.gdx.utils.JsonValue#addChildFirst(JsonValue):void	afc95caa4e5d00ec07f2	413	3661	4085	268
METHOD_EXIT	com.badlogic.gdx.utils.JsonValue#addChildFirst(JsonValue):void	e1d361f4e3963d107ac5	455	3672	4138	270
METHOD_ENTRY	com.badlogic.gdx.utils.JsonValue#next():JsonValue	2098400c235d23c099b2	413	3566	3990	287
METHOD_ENTRY	com.badlogic.gdx.utils.JsonValue#setChild(JsonValue):void	fd3bb0c8e2181b2081d6	413	3648	4072	325
METHOD_EXIT	com.badlogic.gdx.utils.JsonValue#addChild(JsonValue):void	3732d8d53cdb8d5db747	455	3671	4137	269
METHOD_EXIT	com.badlogic.gdx.utils.JsonValue#next():JsonValue	af5498a8055903844f6a	455	3641	4107	360
METHOD_EXIT	com.badlogic.gdx.utils.JsonValue#setNext(JsonValue):void	ed08b52cdb6d2d7b31ef	455	3586	4052	296
METHOD_ENTRY	com.badlogic.gdx.utils.JsonValue#prev():JsonValue	67081220e7241643d2b0	413	3566	3990	287
METHOD_EXIT	com.badlogic.gdx.utils.JsonValue#prev():JsonValue	4122b4b832860c525a3d	455	3641	4107	373
METHOD_ENTRY	com.badlogic.gdx.utils.JsonValue#setPrev(JsonValue):void	346350583ebe6fa5ed4a	413	3575	3999	323
METHOD_ENTRY	com.badlogic.gdx.utils.JsonValue#set(JsonValue):void	4ac3d4090793928f5142	413	3596	4020	277
METHOD_EXIT	com.badlogic.gdx.utils.JsonValue#set(JsonValue):void	e0a812a4a13a2c24e26c	455	3607	4073	288
METHOD_ENTRY	com.badlogic.gdx.utils.JsonValue#setNext(JsonValue):void	579178e9ec5878a194c2	413	3575	3999	318
METHOD_ENTRY	com.badlogic.gdx.utils.JsonValue#set(String):void	34c2a6bba032a73b3a41	413	3587	4011	317
METHOD_ENTRY	com.badlogic.gdx.utils.JsonValue#setNull():void	3cf7598d80eaa5c9ee2b	413	3573	3997	191
METHOD_EXIT	com.badlogic.gdx.utils.JsonValue#set(String):void	7f9400ca7d650632ce05	455	3598	4064	159
METHOD_EXIT	com.badlogic.gdx.utils.JsonValue#setPrev(JsonValue):void	e623fa70dd497f500cff	455	3586	4052	319
METHOD_EXIT	com.badlogic.gdx.utils.JsonValue#setNull():void	95362120f2d2ca80c49c	455	3584	4050	231
METHOD_ENTRY	com.badlogic.gdx.utils.JsonValue#set(double,String):void	0225ba87ab74e0d90349	413	3606	4030	310
METHOD_EXIT	com.badlogic.gdx.utils.JsonValue#set(double,String):void	84731e721a2d0ca665e6	455	3617	4083	298
METHOD_EXIT	com.badlogic.gdx.utils.JsonValue#set(long,String):void	b5e9e14cfe3d4958d1a3	455	3615	4081	275
METHOD_EXIT	com.badlogic.gdx.utils.JsonValue#set(boolean):void	7b70ea701919c9b32610	455	3594	4060	235
METHOD_ENTRY	com.badlogic.gdx.utils.JsonValue#set(boolean):void	9839386da7194d7c78ad	413	3583	4007	115
METHOD_EXIT	com.badlogic.gdx.utils.JsonValue#equalsString(String):boolean	d45009291d9f274fde6a	455	3652	4118	308
METHOD_ENTRY	com.badlogic.gdx.utils.JsonValue#nameEquals(String):boolean	63a2dea0462ec2d5c713	413	3574	3998	266
METHOD_EXIT	com.badlogic.gdx.utils.JsonValue#nameEquals(String):boolean	0d2d79f0243551c2ab2e	455	3651	4117	223
METHOD_ENTRY	com.badlogic.gdx.utils.JsonValue#set(long,String):void	ea6d4d7dfedf97a99ce5	413	3604	4028	288
METHOD_ENTRY	com.badlogic.gdx.utils.JsonValue#toJson(OutputType):String	6007b731958f43b5a26d	413	3630	4054	305
METHOD_ENTRY	com.badlogic.gdx.utils.JsonValue#equalsString(String):boolean	3e84235bed9fb917b11e	413	3575	3999	255
METHOD_EXIT	com.badlogic.gdx.utils.JsonValue#toJson(OutputType):String	09e2b2ebb148a95403e5	455	3707	4173	319
METHOD_ENTRY	com.badlogic.gdx.utils.JsonValue#toJson(OutputType,Writer):void	252ee27307a6fb621be3	413	3868	4292	361
METHOD_ENTRY	com.badlogic.gdx.utils.JsonValue#iterator():JsonIterator	1cc08e5d6fff16aab71d	413	3566	3990	300
METHOD_EXIT	com.badlogic.gdx.utils.JsonValue#toJson(OutputType,Writer):void	6a87968a560c08a63695	455	3879	4345	249
METHOD_EXIT	com.badlogic.gdx.utils.JsonValue#iterator():JsonIterator	79b782428187f1802d4a	455	3641	4107	178
METHOD_EXIT	com.badlogic.gdx.utils.JsonValue#toString():String	419a6fb40815265e0444	455	3681	4147	279
METHOD_ENTRY	com.badlogic.gdx.utils.JsonValue#prettyPrint(OutputType,int):String	71323a110820cff58729	413	3620	4044	117
METHOD_EXIT	com.badlogic.gdx.utils.JsonValue#trace():String	9d4bf52506f4cfea8e89	455	3794	4260	379
METHOD_EXIT	com.badlogic.gdx.utils.JsonValue#prettyPrint(OutputType,int):String	711f59ef937197e372b6	455	3697	4163	271
METHOD_EXIT	com.badlogic.gdx.utils.JsonValue#prettyPrint(PrettyPrintSettings):String	a10a5dc7543e58ee9058	455	3680	4146	238
METHOD_ENTRY	com.badlogic.gdx.utils.JsonValue#prettyPrint(PrettyPrintSettings):String	dd2004bec99b35e5187f	413	3603	4027	261
METHOD_ENTRY	com.badlogic.gdx.utils.JsonValue#toString():String	f1e5cf320f06b00b3f60	413	3607	4031	264
METHOD_ENTRY	com.badlogic.gdx.utils.JsonValue#prettyPrint(JsonValue,StringBuilder,int,PrettyPrintSettings):void	dc4464d9c30f7303e5c2	413	4216	4640	238
METHOD_ENTRY	com.badlogic.gdx.utils.JsonValue#prettyPrint(OutputType,Writer):void	72a7842d0baf95960690	413	3616	4040	203
METHOD_EXIT	com.badlogic.gdx.utils.JsonValue#prettyPrint(JsonValue,StringBuilder,int,PrettyPrintSettings):void	64da6398833894c4c534	455	4227	4693	237
METHOD_EXIT	com.badlogic.gdx.utils.JsonValue#prettyPrint(OutputType,Writer):void	52e22ed918c92ca594e7	455	3627	4093	286
METHOD_ENTRY	com.badlogic.gdx.utils.JsonValue#trace():String	fffe0b4ec4bc90ed3a65	413	3720	4144	309
METHOD_ENTRY	com.badlogic.gdx.utils.JsonValue#prettyPrint(JsonValue,Writer,int,PrettyPrintSettings):void	db8943192b0caf7e3208	413	4109	4533	173
METHOD_EXIT	com.badlogic.gdx.utils.JsonValue#prettyPrint(JsonValue,Writer,int,PrettyPrintSettings):void	7ad6b6124221af9ecdbc	455	4120	4586	320
METHOD_EXIT	com.badlogic.gdx.utils.JsonValue#isFlat(JsonValue):boolean	43998233722f39413c55	455	3685	4151	397
METHOD_ENTRY	com.badlogic.gdx.utils.JsonValue#isNumeric(JsonValue):boolean	ada86d5a10f606bd136c	413	3603	4027	269
METHOD_EXIT	com.badlogic.gdx.utils.JsonValue#isNumeric(JsonValue):boolean	f520982a4a8cda6677e9	455	3680	4146	284
METHOD_ENTRY	com.badlogic.gdx.utils.JsonValue#indent(int,StringBuilder):void	e10a490a3c2587e9ef64	413	3598	4022	248
METHOD_ENTRY	com.badlogic.gdx.utils.JsonValue#indent(int,Writer):void	f5180a9ef54aceea4ea6	413	3598	4022	261
METHOD_EXIT	com.badlogic.gdx.utils.JsonValue#indent(int,Writer):void	dc0ffade43558a7ff6dc	455	3609	4075	226
METHOD_ENTRY	com.badlogic.gdx.utils.JsonValue#hasNext():boolean	6b8677265f2cce4ec632	413	3567	3991	230
METHOD_EXIT	com.badlogic.gdx.utils.JsonValue#next():JsonValue	af5498a8055903844f6a	455	3641	4107	360
METHOD_ENTRY	com.badlogic.gdx.utils.JsonValue#next():JsonValue	2098400c235d23c099b2	413	3566	3990	287
METHOD_ENTRY	com.badlogic.gdx.utils.JsonValue#remove():void	78da386a085be659393c	413	3642	4066	292
METHOD_ENTRY	com.badlogic.gdx.utils.JsonValue#isFlat(JsonValue):boolean	a746e30a22a503573042	413	3608	4032	235
METHOD_EXIT	com.badlogic.gdx.utils.JsonValue#hasNext():boolean	afa073e56cd3b3709891	455	3641	4107	240
METHOD_EXIT	com.badlogic.gdx.utils.JsonValue#remove():void	69181a3642bf98a9eadc	455	3653	4119	315
METHOD_ENTRY	com.badlogic.gdx.utils.JsonIterator#hasNext():boolean	0724cfe0c318ba3ade06	413	382	806	111
METHOD_EXIT	com.badlogic.gdx.utils.JsonIterator#hasNext():boolean	068151bab62ef57e666c	455	456	922	52
METHOD_ENTRY	com.badlogic.gdx.utils.JsonValue#iterator():Iterator<JsonValue>	541ae0ce7fe6f87efe44	413	3569	3993	290
METHOD_EXIT	com.badlogic.gdx.utils.JsonValue#indent(int,StringBuilder):void	c086397541213728df5e	455	3609	4075	282
METHOD_EXIT	com.badlogic.gdx.utils.JsonValue#iterator():Iterator<JsonValue>	c442ad8434e8f75bd691	455	3645	4111	206
METHOD_EXIT	com.badlogic.gdx.utils.JsonIterator#next():JsonValue	c19799489133350bea6c	455	456	922	82
METHOD_ENTRY	com.badlogic.gdx.utils.JsonIterator#remove():void	117b6be819f5f0a16c72	413	457	881	297
METHOD_EXIT	com.badlogic.gdx.utils.Scaling#apply(float,float,float,float):Vector2	8d991487573054f33c3a	455	521	987	301
METHOD_EXIT	com.badlogic.gdx.utils.Scaling#apply(float,float,float,float):Vector2	8d991487573054f33c3a	455	521	987	301
METHOD_EXIT	com.badlogic.gdx.utils.Scaling#apply(float,float,float,float):Vector2	8d991487573054f33c3a	455	521	987	301
METHOD_ENTRY	com.badlogic.gdx.utils.Scaling#apply(float,float,float,float):Vector2	e65a8b2725d549ae9280	413	510	934	45
METHOD_ENTRY	com.badlogic.gdx.utils.Scaling#apply(float,float,float,float):Vector2	e65a8b2725d549ae9280	413	510	934	45
METHOD_ENTRY	com.badlogic.gdx.utils.Scaling#apply(float,float,float,float):Vector2	e65a8b2725d549ae9280	413	510	934	45
METHOD_ENTRY	com.badlogic.gdx.utils.Scaling#apply(float,float,float,float):Vector2	e65a8b2725d549ae9280	413	510	934	45
METHOD_EXIT	com.badlogic.gdx.utils.JsonIterator#remove():void	b8bd1c825054cadc4007	455	468	934	263
METHOD_EXIT	com.badlogic.gdx.utils.Scaling#apply(float,float,float,float):Vector2	8d991487573054f33c3a	455	521	987	301
METHOD_ENTRY	com.badlogic.gdx.utils.Scaling#apply(float,float,float,float):Vector2	e65a8b2725d549ae9280	413	510	934	45
METHOD_EXIT	com.badlogic.gdx.utils.Scaling#apply(float,float,float,float):Vector2	8d991487573054f33c3a	455	521	987	301
METHOD_ENTRY	com.badlogic.gdx.utils.JsonIterator#iterator():Iterator<JsonValue>	206a7ef21600c3b546c8	413	384	808	95
METHOD_ENTRY	com.badlogic.gdx.utils.Scaling#apply(float,float,float,float):Vector2	e65a8b2725d549ae9280	413	510	934	45
METHOD_ENTRY	com.badlogic.gdx.utils.Scaling#apply(float,float,float,float):Vector2	e65a8b2725d549ae9280	413	510	934	45
METHOD_EXIT	com.badlogic.gdx.utils.Scaling#apply(float,float,float,float):Vector2	8d991487573054f33c3a	455	521	987	301
METHOD_EXIT	com.badlogic.gdx.utils.Scaling#apply(float,float,float,float):Vector2	8d991487573054f33c3a	455	521	987	301
METHOD_ENTRY	com.badlogic.gdx.utils.Scaling#apply(float,float,float,float):Vector2	e65a8b2725d549ae9280	413	510	934	45
METHOD_EXIT	com.badlogic.gdx.utils.Scaling#apply(float,float,float,float):Vector2	8d991487573054f33c3a	455	521	987	301
METHOD_EXIT	com.badlogic.gdx.utils.JsonIterator#iterator():Iterator<JsonValue>	c50c3cbf5b8524082f8f	455	460	926	224
METHOD_EXIT	com.badlogic.gdx.utils.Scaling#apply(float,float,float,float):Vector2	8d991487573054f33c3a	455	521	987	301
METHOD_ENTRY	com.badlogic.gdx.utils.Scaling#apply(float,float,float,float):Vector2	e65a8b2725d549ae9280	413	510	934	45
METHOD_ENTRY	com.badlogic.gdx.utils.JsonIterator#next():JsonValue	a30b38681e71d900864d	413	381	805	304
METHOD_ENTRY	com.badlogic.gdx.utils.CharArray#add(char,char):void	d232e6a3a9631f65d21a	413	9667	10091	248
METHOD_EXIT	com.badlogic.gdx.utils.CharArray#add(char,char):void	8879b9cddade7fa47aaa	455	9678	10144	247
METHOD_ENTRY	com.badlogic.gdx.utils.CharArray#add(char):void	8fdeb1bee9183e049543	413	9633	10057	277
METHOD_EXIT	com.badlogic.gdx.utils.CharArray#add(char,char,char):void	fcd61fad41d4be379e96	455	9708	10174	274
METHOD_ENTRY	com.badlogic.gdx.utils.CharArray#add(char,char,char):void	fc86147050163f9234cb	413	9697	10121	263
METHOD_EXIT	com.badlogic.gdx.utils.CharArray#add(char):void	7e742bd5482f77a4d4a1	455	9644	10110	286
METHOD_ENTRY	com.badlogic.gdx.utils.CharArray#addAll(CharArray):void	060e534d4fd4f0e62bec	413	9628	10052	220
METHOD_EXIT	com.badlogic.gdx.utils.CharArray#addAll(CharArray):void	7770226309ee3eb0e25e	455	9639	10105	281
METHOD_ENTRY	com.badlogic.gdx.utils.CharArray#addAll(CharArray,int,int):void	07e4d230315828b5bf8e	413	9686	10110	197
METHOD_EXIT	com.badlogic.gdx.utils.CharArray#addAll(CharArray,int,int):void	dcf69368f8091a4952b7	455	9697	10163	263
METHOD_ENTRY	com.badlogic.gdx.utils.CharArray#addAll(char):void	990a500a81062a55081f	413	9625	10049	234
METHOD_EXIT	com.badlogic.gdx.utils.CharArray#addAll(char):void	13e5a7b2c7625464d37f	455	9636	10102	289
METHOD_ENTRY	com.badlogic.gdx.utils.CharArray#addAll(char[],int,int):void	404ca90efc8d5b9c5586	413	9674	10098	275
METHOD_EXIT	com.badlogic.gdx.utils.CharArray#addAll(char[],int,int):void	9ecb23da658926dbef98	455	9685	10151	244
METHOD_EXIT	com.badlogic.gdx.utils.CharArray#get(int):char	ed052f7af03ff5146b48	455	9723	10189	271
METHOD_ENTRY	com.badlogic.gdx.utils.CharArray#set(int,char):void	51e2bf18ee16f1116c86	413	9657	10081	270
METHOD_EXIT	com.badlogic.gdx.utils.CharArray#set(int,char):void	b3dbd480627309b7f8c4	455	9668	10134	191
METHOD_ENTRY	com.badlogic.gdx.utils.CharArray#get(int):char	120b701f72f9c524638e	413	9646	10070	209
METHOD_ENTRY	com.badlogic.gdx.utils.CharArray#add(char,char,char,char):void	b1590f2d19d2931c099b	413	9719	10143	59
METHOD_EXIT	com.badlogic.gdx.utils.CharArray#add(char,char,char,char):void	bff2b754b0dc1000b83c	455	9730	10196	312
METHOD_ENTRY	com.badlogic.gdx.utils.CharArray#incr(int,char):void	bb63aabda99265b0c7fc	413	9659	10083	213
METHOD_EXIT	com.badlogic.gdx.utils.CharArray#incr(int,char):void	b8c2fa6ef9ecd4b1f8ea	455	9670	10136	301
METHOD_ENTRY	com.badlogic.gdx.utils.CharArray#incr(char):void	336b6d8bd8f5d0be0c10	413	9646	10070	168
METHOD_EXIT	com.badlogic.gdx.utils.CharArray#incr(char):void	49743d40626b3763d122	455	9657	10123	275
METHOD_EXIT	com.badlogic.gdx.utils.CharArray#mul(int,char):void	779ae908ebe39b39cff3	455	9669	10135	224
METHOD_ENTRY	com.badlogic.gdx.utils.CharArray#mul(int,char):void	c2c65730642ca0ef4660	413	9658	10082	274
METHOD_ENTRY	com.badlogic.gdx.utils.CharArray#swap(int,int):void	f844740b58272ce99b1c	413	9716	10140	175
METHOD_EXIT	com.badlogic.gdx.utils.CharArray#swap(int,int):void	483f943bfce3139458bf	455	9727	10193	320
METHOD_ENTRY	com.badlogic.gdx.utils.CharArray#replaceFirst(char,char):boolean	b9ed1dc6cb4785d66454	413	9692	10116	299
METHOD_EXIT	com.badlogic.gdx.utils.CharArray#replaceFirst(char,char):boolean	3e95dfb423b614fed37a	455	9769	10235	291
METHOD_EXIT	com.badlogic.gdx.utils.CharArray#replaceAll(char,char):int	268879939addfd70420e	455	9776	10242	239
METHOD_ENTRY	com.badlogic.gdx.utils.CharArray#replaceAll(char,char):int	ef364e68e1701e9f08f2	413	9699	10123	222
METHOD_ENTRY	com.badlogic.gdx.utils.CharArray#contains(char):boolean	c61b0dd7cced707d8dfe	413	9653	10077	286
METHOD_EXIT	com.badlogic.gdx.utils.CharArray#contains(char):boolean	98362b91af2f46a03332	455	9730	10196	322
METHOD_ENTRY	com.badlogic.gdx.utils.CharArray#indexOf(char):int	77aef38dde5b78311eb1	413	9656	10080	188
METHOD_EXIT	com.badlogic.gdx.utils.CharArray#indexOf(char):int	2f66534e0bedc2b39b02	455	9733	10199	312
METHOD_ENTRY	com.badlogic.gdx.utils.CharArray#lastIndexOf(char):int	52807a90fbb206b7f1ff	413	9658	10082	233
METHOD_EXIT	com.badlogic.gdx.utils.CharArray#lastIndexOf(char):int	3a571d8a2a54eac3de0d	455	9735	10201	313
METHOD_ENTRY	com.badlogic.gdx.utils.CharArray#removeValue(char):boolean	065b45a9697b1c64a1dc	413	9670	10094	209
METHOD_EXIT	com.badlogic.gdx.utils.CharArray#removeValue(char):boolean	bf9731f139255dc90372	455	9747	10213	300
METHOD_ENTRY	com.badlogic.gdx.utils.CharArray#mul(char):void	ffc1e8aff49277ef3b2c	413	9645	10069	210
METHOD_EXIT	com.badlogic.gdx.utils.CharArray#mul(char):void	929a676621ba4ec4ee67	455	9656	10122	309
METHOD_ENTRY	com.badlogic.gdx.utils.CharArray#removeIndex(int):char	7082fc62e92809fff35c	413	9674	10098	189
METHOD_EXIT	com.badlogic.gdx.utils.CharArray#removeIndex(int):char	fabbbd10b7eef795552d	455	9751	10217	272
METHOD_ENTRY	com.badlogic.gdx.utils.CharArray#removeRange(int,int):void	a217c5ab2ac559057b41	413	9720	10144	257
METHOD_EXIT	com.badlogic.gdx.utils.CharArray#removeRange(int,int):void	e48971a3c98fe113f18b	455	9731	10197	262
METHOD_ENTRY	com.badlogic.gdx.utils.CharArray#removeAll(CharArray):boolean	017864c2e6d8b1eea960	413	9719	10143	267
METHOD_EXIT	com.badlogic.gdx.utils.CharArray#removeAll(CharArray):boolean	f5f64f199f531429600f	455	9796	10262	362
METHOD_ENTRY	com.badlogic.gdx.utils.CharArray#peek():char	80a176abfc6eaedfe57a	413	9613	10037	297
METHOD_EXIT	com.badlogic.gdx.utils.CharArray#peek():char	f2a72a55fd22f5944387	455	9687	10153	224
METHOD_ENTRY	com.badlogic.gdx.utils.CharArray#first():char	9c17da73a8091522f6ba	413	9629	10053	247
METHOD_EXIT	com.badlogic.gdx.utils.CharArray#first():char	cd603b4d460dcd2e3b4a	455	9703	10169	254
METHOD_ENTRY	com.badlogic.gdx.utils.CharArray#notEmpty():boolean	f148353591bc77439542	413	9614	10038	236
METHOD_EXIT	com.badlogic.gdx.utils.CharArray#notEmpty():boolean	faa5dcb11a0916f4a6ec	455	9688	10154	218
METHOD_ENTRY	com.badlogic.gdx.utils.CharArray#clear():void	a0455d04fc2285c829f8	413	9611	10035	211
METHOD_ENTRY	com.badlogic.gdx.utils.CharArray#isEmpty():boolean	76c4b6ec31bb44fe0e5c	413	9614	10038	305
METHOD_EXIT	com.badlogic.gdx.utils.CharArray#isEmpty():boolean	348b2d0edeffaaf3e8a4	455	9688	10154	248
METHOD_EXIT	com.badlogic.gdx.utils.CharArray#clear():void	2c8014eb7cfdc4f3d39a	455	9622	10088	191
METHOD_ENTRY	com.badlogic.gdx.utils.CharArray#setSize(int):char[]	abbd26a257cb85ff92a5	413	9672	10096	283
METHOD_ENTRY	com.badlogic.gdx.utils.CharArray#pop():char	4c17884dce1819de6f27	413	9612	10036	192
METHOD_EXIT	com.badlogic.gdx.utils.CharArray#pop():char	51a16baf25df3986caa4	455	9686	10152	239
METHOD_EXIT	com.badlogic.gdx.utils.CharArray#setSize(int):char[]	489553dc39818d52b8f9	455	9749	10215	206
METHOD_ENTRY	com.badlogic.gdx.utils.CharArray#shrink():char[]	ffc01b25f64ab1713f86	413	9623	10047	194
METHOD_EXIT	com.badlogic.gdx.utils.CharArray#shrink():char[]	8d9d96ef1b117d2253b2	455	9697	10163	231
METHOD_ENTRY	com.badlogic.gdx.utils.CharArray#trimToSize():void	366b3e7659baec35f778	413	9613	10037	231
METHOD_EXIT	com.badlogic.gdx.utils.CharArray#trimToSize():void	339ab554f2fd97240b7b	455	9624	10090	232
METHOD_ENTRY	com.badlogic.gdx.utils.CharArray#ensureCapacity(int):char[]	dd8d4cbc89057370eeef	413	9676	10100	147
METHOD_EXIT	com.badlogic.gdx.utils.CharArray#require(int):void	0e13816a7f2b84a0532f	455	9651	10117	324
METHOD_ENTRY	com.badlogic.gdx.utils.CharArray#resizeBuffer(int):void	bd03fc5a40082a3a8c8c	413	9777	10201	256
METHOD_EXIT	com.badlogic.gdx.utils.CharArray#resizeBuffer(int):void	697eafd9c7013b84fa8e	455	9788	10254	297
METHOD_ENTRY	com.badlogic.gdx.utils.CharArray#resize(int):char[]	80f934ade6afba047835	413	9630	10054	95
METHOD_ENTRY	com.badlogic.gdx.utils.CharArray#sort():void	7a027cf137f73185c013	413	9615	10039	281
METHOD_EXIT	com.badlogic.gdx.utils.CharArray#resize(int):char[]	06eb1611b3db374a954d	455	9707	10173	155
METHOD_ENTRY	com.badlogic.gdx.utils.CharArray#require(int):void	4ae470b86b81d7967567	413	9640	10064	248
METHOD_EXIT	com.badlogic.gdx.utils.CharArray#sort():void	c7d9ca0ccba8e9acead4	455	9626	10092	324
METHOD_EXIT	com.badlogic.gdx.utils.CharArray#ensureCapacity(int):char[]	d4ab24f0e8c0adb0fbf1	455	9753	10219	274
METHOD_ENTRY	com.badlogic.gdx.utils.CharArray#shuffle():void	a4befa77dd97fa1f96f0	413	9666	10090	129
METHOD_EXIT	com.badlogic.gdx.utils.CharArray#shuffle():void	c783a27b8eabf098b203	455	9677	10143	240
METHOD_ENTRY	com.badlogic.gdx.utils.CharArray#truncate(int):void	69ed7c15d3c79c871b27	413	9654	10078	252
METHOD_EXIT	com.badlogic.gdx.utils.CharArray#truncate(int):void	5f8d034780b0f3ee777c	455	9665	10131	229
METHOD_ENTRY	com.badlogic.gdx.utils.CharArray#random():char	82d628d855c3ada7b50b	413	9633	10057	293
METHOD_ENTRY	com.badlogic.gdx.utils.CharArray#toArray():char[]	289fbcc69812966718a7	413	9637	10061	198
METHOD_ENTRY	com.badlogic.gdx.utils.CharArray#append(boolean):CharArray	8f48b44eaf8c8c77dcfa	413	9653	10077	53
METHOD_EXIT	com.badlogic.gdx.utils.CharArray#append(boolean):CharArray	07ce6cd018fbb13162e1	455	9731	10197	312
METHOD_EXIT	com.badlogic.gdx.utils.CharArray#toArray():char[]	efe54e84af69e672bb38	455	9711	10177	233
METHOD_EXIT	com.badlogic.gdx.utils.CharArray#random():char	8f9f6ca00f9ff52b3d35	455	9707	10173	315
METHOD_EXIT	com.badlogic.gdx.utils.CharArray#append(char):CharArray	32bfa7beb6a21e358d2a	455	9707	10173	245
METHOD_ENTRY	com.badlogic.gdx.utils.CharArray#append(char[]):CharArray	5cf39f8baefea231f6be	413	9677	10101	214
METHOD_EXIT	com.badlogic.gdx.utils.CharArray#append(char[]):CharArray	db692c5c8b882543e155	455	9755	10221	340
METHOD_ENTRY	com.badlogic.gdx.utils.CharArray#append(char[],int,int):CharArray	0c90c88eeeccdc37fa2f	413	9741	10165	252
METHOD_EXIT	com.badlogic.gdx.utils.CharArray#append(char[],int,int):CharArray	53a65aa12e7030295911	455	9819	10285	312
METHOD_EXIT	com.badlogic.gdx.utils.CharArray#append(CharBuffer):CharArray	317c85ee5c3f6f148f67	455	9723	10189	257
METHOD_ENTRY	com.badlogic.gdx.utils.CharArray#append(CharBuffer,int,int):CharArray	aae90e87032df52f23c9	413	9751	10175	293
METHOD_EXIT	com.badlogic.gdx.utils.CharArray#append(CharBuffer,int,int):CharArray	03fa706bc515f767023d	455	9829	10295	380
METHOD_ENTRY	com.badlogic.gdx.utils.CharArray#append(CharSequence):CharArray	869527f62aae9d319dc5	413	9699	10123	320
METHOD_ENTRY	com.badlogic.gdx.utils.CharArray#append(char):CharArray	76bbffc99c755fcba631	413	9629	10053	158
METHOD_ENTRY	com.badlogic.gdx.utils.CharArray#append(CharSequence,int,int):CharArray	92423e1300169c8d2a30	413	9687	10111	277
METHOD_EXIT	com.badlogic.gdx.utils.CharArray#append(CharSequence):CharArray	0a900851e83643462d4b	455	9777	10243	310
METHOD_EXIT	com.badlogic.gdx.utils.CharArray#append(CharSequence,int,int):CharArray	b5cb8d3ecdf3a987ad04	455	9765	10231	297
METHOD_ENTRY	com.badlogic.gdx.utils.CharArray#append(double):CharArray	b5b20240d64bc1d77160	413	9621	10045	271
METHOD_EXIT	com.badlogic.gdx.utils.CharArray#append(double):CharArray	e7347db87f8b18449b91	455	9699	10165	274
METHOD_ENTRY	com.badlogic.gdx.utils.CharArray#append(float):CharArray	65a49d99b4c1db57dda2	413	9621	10045	110
METHOD_ENTRY	com.badlogic.gdx.utils.CharArray#append(CharBuffer):CharArray	30f21d66a3a998794259	413	9645	10069	246
METHOD_ENTRY	com.badlogic.gdx.utils.CharArray#append(int):CharArray	f282bbbd67a9e3389c1e	413	9624	10048	205
METHOD_EXIT	com.badlogic.gdx.utils.CharArray#append(int):CharArray	70244a5f9b4efe4151e3	455	9702	10168	237
METHOD_EXIT	com.badlogic.gdx.utils.CharArray#append(float):CharArray	a6d5caa012be18d29151	455	9699	10165	225
METHOD_EXIT	com.badlogic.gdx.utils.CharArray#append(int,int):CharArray	d652c540bd040a61470d	455	9713	10179	285
METHOD_ENTRY	com.badlogic.gdx.utils.CharArray#append(int,int):CharArray	b645a3102da1884344ab	413	9635	10059	157
METHOD_EXIT	com.badlogic.gdx.utils.CharArray#append(int,int,char):CharArray	6f96e7346e166d9180a2	455	10045	10511	265
METHOD_ENTRY	com.badlogic.gdx.utils.CharArray#append(int,int,char):CharArray	d9d32d7e313f9491427a	413	9967	10391	294
METHOD_ENTRY	com.badlogic.gdx.utils.CharArray#append(long):CharArray	5ccdc3a6931d9302718b	413	9624	10048	200
METHOD_EXIT	com.badlogic.gdx.utils.CharArray#append(long):CharArray	fe892067eb2e455bdf8a	455	9702	10168	257
METHOD_ENTRY	com.badlogic.gdx.utils.CharArray#append(long,int):CharArray	0b6e189f0d6d33a22a0f	413	9635	10059	215
METHOD_ENTRY	com.badlogic.gdx.utils.CharArray#append(long,int,char):CharArray	6e4d5aec613d56e54229	413	10374	10798	242
METHOD_EXIT	com.badlogic.gdx.utils.CharArray#append(long,int):CharArray	5a304d1a25b4f4819f2a	455	9713	10179	290
METHOD_EXIT	com.badlogic.gdx.utils.CharArray#append(long,int,char):CharArray	69dadd3640ba9309c389	455	10452	10918	275
METHOD_ENTRY	com.badlogic.gdx.utils.CharArray#append(Object):CharArray	4031cf0315db0c2ea7b9	413	9647	10071	297
METHOD_EXIT	com.badlogic.gdx.utils.CharArray#append(Object):CharArray	b10bc77fbd65bbfba051	455	9725	10191	288
METHOD_ENTRY	com.badlogic.gdx.utils.CharArray#append(String,String):CharArray	0c92ed373f19a75a36cf	413	9641	10065	140
METHOD_EXIT	com.badlogic.gdx.utils.CharArray#append(String):CharArray	d7d98b5f3dfba098f528	455	9742	10208	413
METHOD_ENTRY	com.badlogic.gdx.utils.CharArray#append(String):CharArray	2c3e140852b8ba403f1b	413	9664	10088	293
METHOD_ENTRY	com.badlogic.gdx.utils.CharArray#append(StringBuffer):CharArray	faaf812c0edfa1c5e33a	413	9645	10069	239
METHOD_EXIT	com.badlogic.gdx.utils.CharArray#append(String,int,int):CharArray	e1a17646c46795aa2247	455	9796	10262	303
METHOD_EXIT	com.badlogic.gdx.utils.CharArray#append(String,String):CharArray	641c7d90c2949aaf272d	455	9719	10185	347
METHOD_EXIT	com.badlogic.gdx.utils.CharArray#append(StringBuffer):CharArray	70994aefb1bf8bde70f0	455	9723	10189	289
METHOD_EXIT	com.badlogic.gdx.utils.CharArray#append(StringBuffer,int,int):CharArray	ae71ed246bbbcc6252e7	455	9799	10265	306
METHOD_ENTRY	com.badlogic.gdx.utils.CharArray#append(StringBuffer,int,int):CharArray	d37b1a1b169abc9608e7	413	9721	10145	332
METHOD_ENTRY	com.badlogic.gdx.utils.CharArray#append(StringBuilder):CharArray	ee98de80840b43ee0701	413	9645	10069	221
METHOD_ENTRY	com.badlogic.gdx.utils.CharArray#append(String,int,int):CharArray	0e6dcd21553d24c9deea	413	9718	10142	260
METHOD_EXIT	com.badlogic.gdx.utils.CharArray#append(StringBuilder):CharArray	6c0856ed0ac075de8841	455	9723	10189	288
METHOD_ENTRY	com.badlogic.gdx.utils.CharArray#append(StringBuilder,int,int):CharArray	e40e53475d57e726e995	413	9721	10145	238
METHOD_ENTRY	com.badlogic.gdx.utils.CharArray#append(CharArray):CharArray	56fa231f09c029058370	413	9645	10069	232
METHOD_ENTRY	com.badlogic.gdx.utils.CharArray#append(CharArray,int,int):CharArray	88bf8dfab820e0112c3c	413	9721	10145	254
METHOD_EXIT	com.badlogic.gdx.utils.CharArray#append(CharArray):CharArray	bca0fae33186118e8dc7	455	9723	10189	288
METHOD_EXIT	com.badlogic.gdx.utils.CharArray#append(CharArray,int,int):CharArray	ef33a1f0c11856a2551c	455	9799	10265	278
METHOD_EXIT	com.badlogic.gdx.utils.CharArray#appendAll(Iterable<?>):CharArray	63c84d30a66990d27772	455	9720	10186	282
METHOD_EXIT	com.badlogic.gdx.utils.CharArray#append(StringBuilder,int,int):CharArray	01ffd1b98cb3c7e8089f	455	9799	10265	320
METHOD_ENTRY	com.badlogic.gdx.utils.CharArray#appendAll(Iterator<?>):CharArray	be86940d03a3ac89681a	413	9635	10059	129
METHOD_EXIT	com.badlogic.gdx.utils.CharArray#appendAll(Iterator<?>):CharArray	cd3430fc7cc71151e477	455	9713	10179	254
METHOD_ENTRY	com.badlogic.gdx.utils.CharArray#appendAll(T):CharArray	6dd69b19a34d71db5976	413	9647	10071	246
METHOD_EXIT	com.badlogic.gdx.utils.CharArray#appendAll(T):CharArray	9dcc3617e55fd2de3c0f	455	9725	10191	220
METHOD_ENTRY	com.badlogic.gdx.utils.CharArray#appendFalse(int):void	a8b351bfbec9d872ce89	413	9660	10084	247
METHOD_EXIT	com.badlogic.gdx.utils.CharArray#appendFalse(int):void	219998bf273baa1cc58b	455	9671	10137	297
METHOD_ENTRY	com.badlogic.gdx.utils.CharArray#appendAll(Iterable<?>):CharArray	df2fd3756fa34e1dfba3	413	9642	10066	110
METHOD_EXIT	com.badlogic.gdx.utils.CharArray#appendFixedWidthPadLeft(int,int,char):CharArray	064eca0598bb0d57c848	455	9736	10202	342
METHOD_ENTRY	com.badlogic.gdx.utils.CharArray#appendFixedWidthPadLeft(Object,int,char):CharArray	50f8a0f5c14f41b4d569	413	9764	10188	345
METHOD_ENTRY	com.badlogic.gdx.utils.CharArray#appendFixedWidthPadRight(int,int,char):CharArray	3274ae60c7eb43e0429f	413	9658	10082	268
METHOD_EXIT	com.badlogic.gdx.utils.CharArray#appendFixedWidthPadLeft(Object,int,char):CharArray	1a4784ded68b6d61f7c1	455	9842	10308	355
METHOD_EXIT	com.badlogic.gdx.utils.CharArray#appendFixedWidthPadRight(int,int,char):CharArray	a00ac6f464c9f91e2536	455	9736	10202	378
METHOD_ENTRY	com.badlogic.gdx.utils.CharArray#appendFixedWidthPadRight(Object,int,char):CharArray	8fb7475ad7940d2a5368	413	9756	10180	263
METHOD_ENTRY	com.badlogic.gdx.utils.CharArray#appendFixedWidthPadLeft(int,int,char):CharArray	9399769ec45f78ae2245	413	9658	10082	305
METHOD_ENTRY	com.badlogic.gdx.utils.CharArray#appendln(boolean):CharArray	7714110e7e7deb5e9714	413	9623	10047	95
METHOD_EXIT	com.badlogic.gdx.utils.CharArray#appendln(boolean):CharArray	e64fb409f7d5692df520	455	9701	10167	323
METHOD_EXIT	com.badlogic.gdx.utils.CharArray#appendln(char):CharArray	428a3045816c6a3da0a6	455	9701	10167	271
METHOD_ENTRY	com.badlogic.gdx.utils.CharArray#appendln(char):CharArray	9abb7903bab54de70fb6	413	9623	10047	268
METHOD_EXIT	com.badlogic.gdx.utils.CharArray#appendFixedWidthPadRight(Object,int,char):CharArray	5081fa6f29ef68819ecb	455	9834	10300	338
METHOD_EXIT	com.badlogic.gdx.utils.CharArray#appendln(char[]):CharArray	b3ba3a02492d1f7e3cd5	455	9703	10169	339
METHOD_ENTRY	com.badlogic.gdx.utils.CharArray#appendln(char[]):CharArray	ec1ef8755ede5d33a4db	413	9625	10049	238
METHOD_ENTRY	com.badlogic.gdx.utils.CharArray#appendln(char[],int,int):CharArray	1c934b9ed13987abf81e	413	9648	10072	295
METHOD_EXIT	com.badlogic.gdx.utils.CharArray#appendln(char[],int,int):CharArray	95ad4df67d43691e6686	455	9726	10192	297
METHOD_ENTRY	com.badlogic.gdx.utils.CharArray#appendln(double):CharArray	b51e6fbedcaeff9ab05b	413	9623	10047	249
METHOD_ENTRY	com.badlogic.gdx.utils.CharArray#appendln(float):CharArray	d9172ad80256b0a55ee8	413	9623	10047	215
METHOD_EXIT	com.badlogic.gdx.utils.CharArray#appendln(double):CharArray	c1884dc2b2d8024c7420	455	9701	10167	299
METHOD_EXIT	com.badlogic.gdx.utils.CharArray#appendln(float):CharArray	621926a848e90166af5e	455	9701	10167	308
METHOD_ENTRY	com.badlogic.gdx.utils.CharArray#appendln(int):CharArray	b2f2f4639365f077d51d	413	9623	10047	175
METHOD_ENTRY	com.badlogic.gdx.utils.CharArray#appendln(long):CharArray	29f4154b80dc3b5ae4e1	413	9623	10047	92
METHOD_EXIT	com.badlogic.gdx.utils.CharArray#appendln(int):CharArray	0c90adc7811239f8bb4c	455	9701	10167	285
METHOD_ENTRY	com.badlogic.gdx.utils.CharArray#appendln(Object):CharArray	9d1f8ab48df89d1a9b44	413	9624	10048	268
METHOD_EXIT	com.badlogic.gdx.utils.CharArray#appendln(Object):CharArray	23787d0c1564e5ca132d	455	9702	10168	360
METHOD_ENTRY	com.badlogic.gdx.utils.CharArray#appendln(String):CharArray	c76501c797b42f2ac1d2	413	9626	10050	306
METHOD_EXIT	com.badlogic.gdx.utils.CharArray#appendln(long):CharArray	cd2fb04169d0f0e87872	455	9701	10167	306
METHOD_ENTRY	com.badlogic.gdx.utils.CharArray#appendLine(String):CharArray	7a8e8c5d2fca1a3291fe	413	9626	10050	134
METHOD_EXIT	com.badlogic.gdx.utils.CharArray#appendLine(String):CharArray	19d8a42cb789c61300b5	455	9704	10170	323
METHOD_ENTRY	com.badlogic.gdx.utils.CharArray#appendln(String,int,int):CharArray	f7d266e233a6386d0155	413	9646	10070	260
METHOD_EXIT	com.badlogic.gdx.utils.CharArray#appendln(String):CharArray	190a2d39db5600b177a0	455	9704	10170	321
METHOD_EXIT	com.badlogic.gdx.utils.CharArray#appendln(String,int,int):CharArray	d80775f85a70e9e5819f	455	9724	10190	272
METHOD_ENTRY	com.badlogic.gdx.utils.CharArray#appendln(StringBuffer):CharArray	1770f70c651ed03eb9d1	413	9627	10051	193
METHOD_EXIT	com.badlogic.gdx.utils.CharArray#appendln(StringBuffer):CharArray	aaab18c179f2faae2f22	455	9705	10171	304
METHOD_ENTRY	com.badlogic.gdx.utils.CharArray#appendln(StringBuffer,int,int):CharArray	696c00f700d6e7b31637	413	9649	10073	210
METHOD_EXIT	com.badlogic.gdx.utils.CharArray#appendln(StringBuffer,int,int):CharArray	5c03d35125efccad1c58	455	9727	10193	277
METHOD_EXIT	com.badlogic.gdx.utils.CharArray#appendln(StringBuilder):CharArray	111048c52e34afded219	455	9705	10171	284
METHOD_EXIT	com.badlogic.gdx.utils.CharArray#appendln(StringBuilder,int,int):CharArray	d6be73424fa6148552c2	455	9727	10193	307
METHOD_ENTRY	com.badlogic.gdx.utils.CharArray#appendln(CharArray):CharArray	44614d418e7dc679d8fe	413	9627	10051	211
METHOD_EXIT	com.badlogic.gdx.utils.CharArray#appendln(CharArray):CharArray	858ef9a3ccfee29c43f9	455	9705	10171	343
METHOD_ENTRY	com.badlogic.gdx.utils.CharArray#appendln(CharArray,int,int):CharArray	94b6b0f3890859dcd51e	413	9649	10073	293
METHOD_EXIT	com.badlogic.gdx.utils.CharArray#appendln(CharArray,int,int):CharArray	94416e4f9102de40e667	455	9727	10193	346
METHOD_ENTRY	com.badlogic.gdx.utils.CharArray#appendln(StringBuilder):CharArray	a69277aca9ddacd85a92	413	9627	10051	181
METHOD_ENTRY	com.badlogic.gdx.utils.CharArray#appendln(StringBuilder,int,int):CharArray	3c899aa2d58dde52b348	413	9649	10073	220
METHOD_ENTRY	com.badlogic.gdx.utils.CharArray#appendln():CharArray	00843e922c84df7e7fcd	413	9615	10039	271
METHOD_EXIT	com.badlogic.gdx.utils.CharArray#appendln():CharArray	c099ee3c2be6f4cafcc0	455	9690	10156	284
METHOD_ENTRY	com.badlogic.gdx.utils.CharArray#appendLine():CharArray	1ae8dbec18e181023cf9	413	9615	10039	289
METHOD_EXIT	com.badlogic.gdx.utils.CharArray#appendLine():CharArray	d1ccde3034d67a2e3a9e	455	9690	10156	262
METHOD_EXIT	com.badlogic.gdx.utils.CharArray#appendNull():CharArray	8d7118801612769fff4e	455	9748	10214	355
METHOD_ENTRY	com.badlogic.gdx.utils.CharArray#appendNull():CharArray	e5942a9b563c0d6bc19c	413	9673	10097	298
METHOD_ENTRY	com.badlogic.gdx.utils.CharArray#appendSeparator(char):CharArray	377bfefc927dea8f91ba	413	9628	10052	54
METHOD_ENTRY	com.badlogic.gdx.utils.CharArray#appendSeparator(char,char):CharArray	09fbe253997c84e4795c	413	9652	10076	75
METHOD_EXIT	com.badlogic.gdx.utils.CharArray#appendSeparator(char,char):CharArray	d5afcfc65caa7276cb9b	455	9730	10196	301
METHOD_EXIT	com.badlogic.gdx.utils.CharArray#appendSeparator(char):CharArray	d33e6a1403d99abb331a	455	9706	10172	279
METHOD_ENTRY	com.badlogic.gdx.utils.CharArray#appendSeparator(char,int):CharArray	ae64e61aa306b6963d84	413	9642	10066	234
METHOD_EXIT	com.badlogic.gdx.utils.CharArray#appendSeparator(char,int):CharArray	2c141a5062e6146b6641	455	9720	10186	337
METHOD_ENTRY	com.badlogic.gdx.utils.CharArray#appendPadding(int,char):CharArray	bf050b3f6c15575f7bd3	413	9672	10096	272
METHOD_EXIT	com.badlogic.gdx.utils.CharArray#appendPadding(int,char):CharArray	871afe957cd8bf32ee03	455	9750	10216	308
METHOD_EXIT	com.badlogic.gdx.utils.CharArray#appendSeparator(String):CharArray	f6fd104c04ca06adc72b	455	9702	10168	290
METHOD_ENTRY	com.badlogic.gdx.utils.CharArray#appendSeparator(String,int):CharArray	1df556c90d3b253dccbb	413	9647	10071	346
METHOD_ENTRY	com.badlogic.gdx.utils.CharArray#appendSeparator(String):CharArray	c5c4efe2add37e3fa208	413	9624	10048	183
METHOD_EXIT	com.badlogic.gdx.utils.CharArray#appendSeparator(String,int):CharArray	b4ba69c82c5a338fe2bc	455	9725	10191	350
METHOD_ENTRY	com.badlogic.gdx.utils.CharArray#appendSeparator(String,String):CharArray	d55b1bdcec6747b39649	413	9659	10083	240
METHOD_EXIT	com.badlogic.gdx.utils.CharArray#appendSeparator(String,String):CharArray	9be910f8a301242994ec	455	9737	10203	281
METHOD_EXIT	com.badlogic.gdx.utils.CharArray#appendTrue(int):void	9d64bbd1bdcb8e4c8fa2	455	9663	10129	343
METHOD_ENTRY	com.badlogic.gdx.utils.CharArray#appendTrue(int):void	90b5a779dccf26b6a2ab	413	9652	10076	153
METHOD_EXIT	com.badlogic.gdx.utils.CharArray#appendWithSeparators(Iterable<?>,String):CharArray	85b2c0bd31a503a92269	455	9728	10194	312
METHOD_ENTRY	com.badlogic.gdx.utils.CharArray#appendWithSeparators(Iterable<?>,String):CharArray	fd82d495fa876512be87	413	9650	10074	269
METHOD_ENTRY	com.badlogic.gdx.utils.CharArray#appendWithSeparators(Iterator<?>,String):CharArray	0c635e206c40edef70e6	413	9676	10100	197
METHOD_ENTRY	com.badlogic.gdx.utils.CharArray#appendTo(Appendable):void	1c72d3673441bb00ff15	413	9735	10159	338
METHOD_EXIT	com.badlogic.gdx.utils.CharArray#appendWithSeparators(Iterator<?>,String):CharArray	8f2884e089c6249ad5cd	455	9754	10220	263
METHOD_EXIT	com.badlogic.gdx.utils.CharArray#appendTo(Appendable):void	5886c1f42c2de025db6c	455	9746	10212	325
METHOD_ENTRY	com.badlogic.gdx.utils.CharArray#appendWithSeparators(Object[],String):CharArray	ce12e847525df801703a	413	9695	10119	221
METHOD_EXIT	com.badlogic.gdx.utils.CharArray#appendWithSeparators(Object[],String):CharArray	3d377a9e2a76aab6a135	455	9773	10239	337
METHOD_ENTRY	com.badlogic.gdx.utils.CharArray#appendCodePoint(int):CharArray	5e01daec524cf6d14494	413	9631	10055	249
METHOD_ENTRY	com.badlogic.gdx.utils.CharArray#reader():Reader	e2208d89db7f296efae1	413	9612	10036	5
METHOD_EXIT	com.badlogic.gdx.utils.CharArray#charAt(int):char	e8f88aefdd37edd37883	455	9695	10161	134
METHOD_ENTRY	com.badlogic.gdx.utils.CharArray#charAt(int):char	a94a3820579c0648602c	413	9618	10042	256
METHOD_ENTRY	com.badlogic.gdx.utils.CharArray#codePointAt(int):int	c3ffc037fb468a96b723	413	9632	10056	251
METHOD_EXIT	com.badlogic.gdx.utils.CharArray#codePointAt(int):int	901e95852488ddcc6019	455	9709	10175	364
METHOD_EXIT	com.badlogic.gdx.utils.CharArray#appendCodePoint(int):CharArray	c5361cab490b14cabc68	455	9709	10175	295
METHOD_EXIT	com.badlogic.gdx.utils.CharArray#reader():Reader	a5fea4a281eac4de7597	455	9686	10152	263
METHOD_EXIT	com.badlogic.gdx.utils.CharArray#writer():Writer	c4627fd4eadf1d1573c8	455	9686	10152	108
METHOD_ENTRY	com.badlogic.gdx.utils.CharArray#writer():Writer	267ba0b153283a7d1be0	413	9612	10036	233
METHOD_EXIT	com.badlogic.gdx.utils.CharArray#codePointBefore(int):int	b23ba694994c719000e3	455	9735	10201	184
METHOD_ENTRY	com.badlogic.gdx.utils.CharArray#codePointBefore(int):int	844093d7897e42d2ea47	413	9658	10082	274
METHOD_ENTRY	com.badlogic.gdx.utils.CharArray#codePointCount(int,int):int	ba27e72f770c7509fa9d	413	9662	10086	230
METHOD_EXIT	com.badlogic.gdx.utils.CharArray#codePointCount(int,int):int	fa03c83a2ea2b3df0d84	455	9739	10205	258
METHOD_EXIT	com.badlogic.gdx.utils.CharArray#offsetByCodePoints(int,int):int	8d3c5a054384bb8b1eeb	455	9727	10193	304
METHOD_ENTRY	com.badlogic.gdx.utils.CharArray#contains(String):boolean	d89b22b86ea285ea33fa	413	9624	10048	310
METHOD_ENTRY	com.badlogic.gdx.utils.CharArray#containsIgnoreCase(String):boolean	689d99e0e1683a43ae03	413	9630	10054	206
METHOD_EXIT	com.badlogic.gdx.utils.CharArray#containsIgnoreCase(String):boolean	48ae51d87a5855b3867a	455	9707	10173	316
METHOD_ENTRY	com.badlogic.gdx.utils.CharArray#delete(int,int):CharArray	adde864e8a255f1ae879	413	9662	10086	119
METHOD_ENTRY	com.badlogic.gdx.utils.CharArray#offsetByCodePoints(int,int):int	2b440aaf883906ed4781	413	9650	10074	252
METHOD_EXIT	com.badlogic.gdx.utils.CharArray#delete(int,int):CharArray	60a306fbced6b730f20b	455	9740	10206	258
METHOD_ENTRY	com.badlogic.gdx.utils.CharArray#deleteAll(char):CharArray	7b80b6a6d9ec122c0053	413	9696	10120	186
METHOD_EXIT	com.badlogic.gdx.utils.CharArray#deleteAll(char):CharArray	1786515904b43fad1fd5	455	9774	10240	265
METHOD_ENTRY	com.badlogic.gdx.utils.CharArray#deleteAll(String):CharArray	0d6cb5a7943647a8f64c	413	9698	10122	319
METHOD_EXIT	com.badlogic.gdx.utils.CharArray#deleteAll(String):CharArray	4ae8d45d0ee22a233e7d	455	9776	10242	278
METHOD_EXIT	com.badlogic.gdx.utils.CharArray#contains(String):boolean	ec903e130a4c0e6ba0c7	455	9701	10167	306
METHOD_ENTRY	com.badlogic.gdx.utils.CharArray#deleteCharAt(int):CharArray	ffbedf30b4fbe297316e	413	9638	10062	254
METHOD_ENTRY	com.badlogic.gdx.utils.CharArray#deleteFirst(char):CharArray	ffd1e14e3d8ff4ba9354	413	9666	10090	287
METHOD_EXIT	com.badlogic.gdx.utils.CharArray#deleteFirst(char):CharArray	e32bdaaba28d35165c87	455	9744	10210	251
METHOD_ENTRY	com.badlogic.gdx.utils.CharArray#deleteFirst(String):CharArray	be09f13b8de4ba0f5d28	413	9684	10108	226
METHOD_ENTRY	com.badlogic.gdx.utils.CharArray#delete(int,int,int):void	25fe410dbd406b15be5f	413	9649	10073	220
METHOD_EXIT	com.badlogic.gdx.utils.CharArray#deleteFirst(String):CharArray	f8941edb03a11f16235e	455	9762	10228	291
METHOD_ENTRY	com.badlogic.gdx.utils.CharArray#drainChar(int):char	21871013d2a6ab353623	413	9636	10060	234
METHOD_EXIT	com.badlogic.gdx.utils.CharArray#drainChar(int):char	568353436fb4b3482df9	455	9713	10179	271
METHOD_ENTRY	com.badlogic.gdx.utils.CharArray#drainChars(int,int,char[],int):int	9380d84f43959f629e71	413	9723	10147	273
METHOD_EXIT	com.badlogic.gdx.utils.CharArray#deleteCharAt(int):CharArray	f4204e98eb36bfc22f4a	455	9716	10182	242
METHOD_EXIT	com.badlogic.gdx.utils.CharArray#drainChars(int,int,char[],int):int	3c64df337f85d834db79	455	9800	10266	266
METHOD_ENTRY	com.badlogic.gdx.utils.CharArray#endsWith(String):boolean	488222e44549af147242	413	9685	10109	267
METHOD_EXIT	com.badlogic.gdx.utils.CharArray#endsWith(String):boolean	3decacf43af42a1127d7	455	9762	10228	314
METHOD_EXIT	com.badlogic.gdx.utils.CharArray#delete(int,int,int):void	9172ab2435344e8996a9	455	9660	10126	250
METHOD_ENTRY	com.badlogic.gdx.utils.CharArray#getChars(char[]):char[]	b450e44ec65df5e2866c	413	9659	10083	235
METHOD_ENTRY	com.badlogic.gdx.utils.CharArray#getChars(int,int,char[],int):void	0d2a40325ecdf5fbc524	413	9733	10157	235
METHOD_EXIT	com.badlogic.gdx.utils.CharArray#getChars(char[]):char[]	fdd4ca331a89cedf4006	455	9736	10202	264
METHOD_ENTRY	com.badlogic.gdx.utils.CharArray#indexOf(char,int):int	bec34acb5f79264b0374	413	9686	10110	263
METHOD_ENTRY	com.badlogic.gdx.utils.CharArray#indexOf(String):int	b29a6fc52922c2659e86	413	9621	10045	211
METHOD_EXIT	com.badlogic.gdx.utils.CharArray#indexOf(char,int):int	281ff4a7006630dbc029	455	9763	10229	314
METHOD_ENTRY	com.badlogic.gdx.utils.CharArray#indexOf(String,int):int	cf290f7dfdf2de7bbb09	413	9804	10228	248
METHOD_EXIT	com.badlogic.gdx.utils.CharArray#indexOf(String,int):int	3e4019ae9e6f77bc8f29	455	9881	10347	324
METHOD_ENTRY	com.badlogic.gdx.utils.CharArray#indexOfIgnoreCase(String,int):int	4246b29a8496218a7108	413	9876	10300	268
METHOD_EXIT	com.badlogic.gdx.utils.CharArray#indexOfIgnoreCase(String,int):int	da396a4eedd3c9fb70bc	455	9953	10419	289
METHOD_EXIT	com.badlogic.gdx.utils.CharArray#insert(int,boolean):CharArray	1bd626cf9c5dc61fdfb9	455	9784	10250	353
METHOD_ENTRY	com.badlogic.gdx.utils.CharArray#insert(int,boolean):CharArray	b33739f734915a089b17	413	9706	10130	147
METHOD_EXIT	com.badlogic.gdx.utils.CharArray#getChars(int,int,char[],int):void	9797de22e0b45fc583ed	455	9744	10210	292
METHOD_ENTRY	com.badlogic.gdx.utils.CharArray#insert(int,char):void	f24848a75054332b87a2	413	9682	10106	282
METHOD_EXIT	com.badlogic.gdx.utils.CharArray#insert(int,char):void	e53f5c6504e145d87733	455	9693	10159	283
METHOD_EXIT	com.badlogic.gdx.utils.CharArray#indexOf(String):int	203515d04dfd56d35401	455	9698	10164	342
METHOD_ENTRY	com.badlogic.gdx.utils.CharArray#insertRange(int,int):void	475acba479253445b38f	413	9692	10116	261
METHOD_EXIT	com.badlogic.gdx.utils.CharArray#insertRange(int,int):void	f4612e999e73cff46856	455	9703	10169	224
METHOD_ENTRY	com.badlogic.gdx.utils.CharArray#insert(int,char[]):CharArray	215dd8c3ae6fdac8f3f9	413	9706	10130	229
METHOD_EXIT	com.badlogic.gdx.utils.CharArray#insert(int,char[]):CharArray	5cbf0e37d63efb945a00	455	9784	10250	361
METHOD_ENTRY	com.badlogic.gdx.utils.CharArray#insert(int,double):CharArray	c50f273b5e642f58654f	413	9632	10056	220
METHOD_EXIT	com.badlogic.gdx.utils.CharArray#insert(int,char[],int,int):CharArray	9de6647715fa347b94f7	455	9853	10319	253
METHOD_ENTRY	com.badlogic.gdx.utils.CharArray#insert(int,char[],int,int):CharArray	f96c8b4bf835a1eeb6a0	413	9775	10199	299
METHOD_ENTRY	com.badlogic.gdx.utils.CharArray#insert(int,float):CharArray	4ab254943de8385c6a0a	413	9632	10056	236
METHOD_EXIT	com.badlogic.gdx.utils.CharArray#insert(int,double):CharArray	84f8726ac7f523ab2ceb	455	9710	10176	279
METHOD_EXIT	com.badlogic.gdx.utils.CharArray#insert(int,float):CharArray	864062f8fd723e83d15d	455	9710	10176	271
METHOD_ENTRY	com.badlogic.gdx.utils.CharArray#insert(int,int):CharArray	80dcf0298a43bc0726f0	413	9632	10056	267
METHOD_EXIT	com.badlogic.gdx.utils.CharArray#insert(int,int):CharArray	ada9c7ca038c2f26b2cb	455	9710	10176	278
METHOD_ENTRY	com.badlogic.gdx.utils.CharArray#insert(int,long):CharArray	7f7a99a9a251bbc1a555	413	9632	10056	147
METHOD_EXIT	com.badlogic.gdx.utils.CharArray#insert(int,long):CharArray	b2cfb22f19600fab5776	455	9710	10176	294
METHOD_ENTRY	com.badlogic.gdx.utils.CharArray#insert(int,Object):CharArray	a0ef307748de9136568d	413	9646	10070	196
METHOD_EXIT	com.badlogic.gdx.utils.CharArray#insert(int,Object):CharArray	6fd3d87159b00bda41fd	455	9724	10190	293
METHOD_ENTRY	com.badlogic.gdx.utils.CharArray#insert(int,String):CharArray	22020382a36c592ea3b8	413	9708	10132	327
METHOD_EXIT	com.badlogic.gdx.utils.CharArray#insert(int,String):CharArray	eb2bab6792412b530fde	455	9786	10252	284
METHOD_ENTRY	com.badlogic.gdx.utils.CharArray#lastIndexOf(char,int):int	795049ad1e121f52cbc0	413	9682	10106	290
METHOD_EXIT	com.badlogic.gdx.utils.CharArray#lastIndexOf(char,int):int	74bbd0622f277fbdf792	455	9759	10225	334
METHOD_ENTRY	com.badlogic.gdx.utils.CharArray#lastIndexOf(String):int	cb4d9eecad07741e91aa	413	9627	10051	284
METHOD_EXIT	com.badlogic.gdx.utils.CharArray#lastIndexOf(String):int	7da9037f7db2f0118e24	455	9704	10170	301
METHOD_ENTRY	com.badlogic.gdx.utils.CharArray#lastIndexOf(String,int):int	90a4c4712980bf5a5b13	413	9797	10221	281
METHOD_EXIT	com.badlogic.gdx.utils.CharArray#lastIndexOf(String,int):int	65fa41e7b132a9a4ef22	455	9874	10340	350
METHOD_EXIT	com.badlogic.gdx.utils.CharArray#leftString(int):String	a38182578b64aa595105	455	9728	10194	255
METHOD_ENTRY	com.badlogic.gdx.utils.CharArray#leftString(int):String	f0c7f69ba26473541977	413	9651	10075	319
METHOD_ENTRY	com.badlogic.gdx.utils.CharArray#length():int	19b45f9d7e0d511a9753	413	9609	10033	240
METHOD_EXIT	com.badlogic.gdx.utils.CharArray#length():int	db226e911196541ff678	455	9683	10149	242
METHOD_ENTRY	com.badlogic.gdx.utils.CharArray#capacity():int	59de16a176ac9ba0ecd0	413	9610	10034	192
METHOD_ENTRY	com.badlogic.gdx.utils.CharArray#midString(int,int):String	77230ffd8beadc76ae5c	413	9679	10103	251
METHOD_EXIT	com.badlogic.gdx.utils.CharArray#capacity():int	f1a20571b0b4728e8ee3	455	9684	10150	101
METHOD_EXIT	com.badlogic.gdx.utils.CharArray#midString(int,int):String	9cd7dc65bc6d9bb82ee6	455	9756	10222	350
METHOD_ENTRY	com.badlogic.gdx.utils.CharArray#readFrom(CharBuffer):int	5dabd864ee7452650c7a	413	9660	10084	203
METHOD_ENTRY	com.badlogic.gdx.utils.CharArray#readFrom(Readable):int	dc563087fd59531fb4da	413	9721	10145	285
METHOD_EXIT	com.badlogic.gdx.utils.CharArray#readFrom(Readable):int	b930daedd0f7e54882ce	455	9798	10264	343
METHOD_ENTRY	com.badlogic.gdx.utils.CharArray#readFrom(Reader):int	eff7ec49960462f94455	413	9701	10125	259
METHOD_EXIT	com.badlogic.gdx.utils.CharArray#readFrom(CharBuffer):int	9b584ab09b6d0639c012	455	9737	10203	267
METHOD_EXIT	com.badlogic.gdx.utils.CharArray#readFrom(Reader,int):int	dc88af2ac1162979714d	455	9804	10270	311
METHOD_ENTRY	com.badlogic.gdx.utils.CharArray#readFrom(Reader,int):int	2aa01dbce0957501a96a	413	9727	10151	199
METHOD_ENTRY	com.badlogic.gdx.utils.CharArray#replace(int,int,String):CharArray	539325c6da15b17705e8	413	9664	10088	250
METHOD_EXIT	com.badlogic.gdx.utils.CharArray#replace(int,int,String):CharArray	ee4dfa2539b5e320f1dd	455	9742	10208	239
METHOD_ENTRY	com.badlogic.gdx.utils.CharArray#replaceAll(String,String):CharArray	4ce36d2eaebb926369f4	413	9719	10143	170
METHOD_EXIT	com.badlogic.gdx.utils.CharArray#replaceAll(String,String):CharArray	1eb031169f2d1cc51ed3	455	9797	10263	315
METHOD_EXIT	com.badlogic.gdx.utils.CharArray#replace(char,String):CharArray	6f4ebaaa4c2c95f988f7	455	9781	10247	263
METHOD_ENTRY	com.badlogic.gdx.utils.CharArray#replaceFirst(String,String):CharArray	c5b61b8553fd11c6a2d5	413	9706	10130	212
METHOD_EXIT	com.badlogic.gdx.utils.CharArray#replaceFirst(String,String):CharArray	ff0195ba6d31b461397d	455	9784	10250	340
METHOD_ENTRY	com.badlogic.gdx.utils.CharArray#replace(int,int,int,String,int):void	eb70f21443219ea4043c	413	9733	10157	259
METHOD_EXIT	com.badlogic.gdx.utils.CharArray#replace(int,int,int,String,int):void	9e1fbcbef225e0bed6ec	455	9744	10210	322
METHOD_EXIT	com.badlogic.gdx.utils.CharArray#readFrom(Reader):int	74c100ff07e349f0d7ea	455	9778	10244	295
METHOD_ENTRY	com.badlogic.gdx.utils.CharArray#reverse():void	68d3bd84cd92f98631bb	413	9678	10102	261
METHOD_ENTRY	com.badlogic.gdx.utils.CharArray#replace(char,String):CharArray	b79a0c7a40cee6ad51da	413	9703	10127	239
METHOD_EXIT	com.badlogic.gdx.utils.CharArray#reverse():void	d17da20e51eb4a553c2b	455	9689	10155	306
METHOD_ENTRY	com.badlogic.gdx.utils.CharArray#reverseCodePoints():CharArray	8d63a095e8b47396fcb8	413	10099	10523	277
METHOD_EXIT	com.badlogic.gdx.utils.CharArray#reverseCodePoints():CharArray	e3aed4deb616ef3b2225	455	10174	10640	233
METHOD_ENTRY	com.badlogic.gdx.utils.CharArray#rightString(int):String	b53cddbd696330bf3d89	413	9652	10076	310
METHOD_EXIT	com.badlogic.gdx.utils.CharArray#rightString(int):String	1e91892e169addd94f0d	455	9729	10195	288
METHOD_EXIT	com.badlogic.gdx.utils.CharArray#set(CharSequence):CharArray	69ef9158e2942eea8af8	455	9704	10170	345
METHOD_EXIT	com.badlogic.gdx.utils.CharArray#setCharAt(int,char):CharArray	806a8e4913ecf1a346ff	455	9719	10185	266
METHOD_EXIT	com.badlogic.gdx.utils.CharArray#setLength(int):CharArray	b044af58a7a6fb645f85	455	9773	10239	216
METHOD_ENTRY	com.badlogic.gdx.utils.CharArray#setLength(int):CharArray	689abf3e948b352be97d	413	9695	10119	221
METHOD_ENTRY	com.badlogic.gdx.utils.CharArray#startsWith(String):boolean	059d3e9718205ca9c4b3	413	9675	10099	225
METHOD_EXIT	com.badlogic.gdx.utils.CharArray#startsWith(String):boolean	30093d6c40ddbcf56b92	455	9752	10218	343
METHOD_ENTRY	com.badlogic.gdx.utils.CharArray#subSequence(int,int):CharSequence	d2b1d6f42f8896af39e0	413	9638	10062	231
METHOD_ENTRY	com.badlogic.gdx.utils.CharArray#set(CharSequence):CharArray	d329defbd6eb14e869af	413	9626	10050	286
METHOD_ENTRY	com.badlogic.gdx.utils.CharArray#substring(int):String	049c47776e3639913ea4	413	9618	10042	226
METHOD_EXIT	com.badlogic.gdx.utils.CharArray#subSequence(int,int):CharSequence	010a2dffff7733a79b73	455	9716	10182	275
METHOD_EXIT	com.badlogic.gdx.utils.CharArray#substring(int):String	8988229c330de2518e54	455	9695	10161	227
METHOD_ENTRY	com.badlogic.gdx.utils.CharArray#setCharAt(int,char):CharArray	74e2fb71e86986fb041f	413	9641	10065	245
METHOD_ENTRY	com.badlogic.gdx.utils.CharArray#substring(int,int):String	0d15694f87593f4d7d7c	413	9641	10065	202
METHOD_EXIT	com.badlogic.gdx.utils.CharArray#substring(int,int):String	83698f8bc8492ad0a217	455	9718	10184	278
METHOD_ENTRY	com.badlogic.gdx.utils.CharArray#toCharArray():char[]	1ffd1c847256e85a2e8b	413	9620	10044	182
METHOD_ENTRY	com.badlogic.gdx.utils.CharArray#toCharArray(int,int):char[]	635035e28d2643402e46	413	9647	10071	245
METHOD_EXIT	com.badlogic.gdx.utils.CharArray#toCharArray(int,int):char[]	ee6412b59e41e3b2f30a	455	9724	10190	223
METHOD_ENTRY	com.badlogic.gdx.utils.CharArray#toString():String	b4805e196e7c52a4ee6e	413	9628	10052	216
METHOD_ENTRY	com.badlogic.gdx.utils.CharArray#toStringAndClear():String	07fc4052b7a59a94bae9	413	9625	10049	228
METHOD_EXIT	com.badlogic.gdx.utils.CharArray#toString(String):String	d52419488d3cffcc607e	455	9762	10228	296
METHOD_ENTRY	com.badlogic.gdx.utils.CharArray#toString(String):String	79dfc7fc891a1fce59f8	413	9685	10109	267
METHOD_EXIT	com.badlogic.gdx.utils.CharArray#toCharArray():char[]	b8b068f60711c6a93d98	455	9694	10160	212
METHOD_EXIT	com.badlogic.gdx.utils.CharArray#toString():String	d03c0bbf181ea531501b	455	9702	10168	271
METHOD_EXIT	com.badlogic.gdx.utils.CharArray#toStringAndClear():String	ef470c4d6f17b3a28d16	455	9699	10165	269
METHOD_ENTRY	com.badlogic.gdx.utils.CharArray#validateIndex(int):void	0dc9e7f333d9e40f4861	413	9646	10070	139
METHOD_EXIT	com.badlogic.gdx.utils.CharArray#trim():CharArray	3f8b916ce0b7ec34b262	455	9778	10244	261
METHOD_ENTRY	com.badlogic.gdx.utils.CharArray#validateRange(int,int):int	21aa03f4b526ef9bfc39	413	9704	10128	139
METHOD_EXIT	com.badlogic.gdx.utils.CharArray#validateIndex(int):void	cf20a321775dbf6fbd5c	455	9657	10123	247
METHOD_ENTRY	com.badlogic.gdx.utils.CharArray#trim():CharArray	58c4f3415866248d6d53	413	9703	10127	208
METHOD_ENTRY	com.badlogic.gdx.utils.CharArray#equals(Object):boolean	ddae13886b5aedf65d4d	413	9736	10160	280
METHOD_EXIT	com.badlogic.gdx.utils.CharArray#equals(Object):boolean	b013e3a1f3401a540fb3	455	9813	10279	346
METHOD_EXIT	com.badlogic.gdx.utils.CharArray#validateRange(int,int):int	51774574af637ddde01d	455	9781	10247	227
METHOD_EXIT	com.badlogic.gdx.utils.CharArray#equals(CharArray):boolean	c23130e4b668782e78df	455	9776	10242	292
METHOD_ENTRY	com.badlogic.gdx.utils.CharArray#equalsIgnoreCase(CharArray):boolean	d3be4da0b705ca3f886c	413	9731	10155	234
METHOD_EXIT	com.badlogic.gdx.utils.CharArray#equalsIgnoreCase(CharArray):boolean	1b3c02a1723022501fa2	455	9808	10274	308
METHOD_ENTRY	com.badlogic.gdx.utils.CharArray#equalsString(String):boolean	a74b3051a590ffd60651	413	9684	10108	291
METHOD_ENTRY	com.badlogic.gdx.utils.CharArray#equals(CharArray):boolean	b9206322cfdd01de0ec5	413	9699	10123	252
METHOD_ENTRY	com.badlogic.gdx.utils.CharArray#equalsIgnoreCase(String):boolean	8232572a062cdd17fcd8	413	9714	10138	268
METHOD_EXIT	com.badlogic.gdx.utils.CharArray#equalsString(String):boolean	f7c6b3d65839f1c779a2	455	9761	10227	271
METHOD_ENTRY	com.badlogic.gdx.utils.CharArray#wrap(char[]):CharArray	6e2c81d70ca57290f752	413	9629	10053	97
METHOD_EXIT	com.badlogic.gdx.utils.CharArray#hashCode():int	3ea458a34f60e081a686	455	9739	10205	290
METHOD_ENTRY	com.badlogic.gdx.utils.CharArray#hashCode():int	12b7b22e30084c8b50c6	413	9665	10089	214
METHOD_EXIT	com.badlogic.gdx.utils.CharArray#wrap(char[]):CharArray	5cf86a6a7a4f0342b691	455	9707	10173	283
METHOD_EXIT	com.badlogic.gdx.utils.CharArray#wrap(char[],int):CharArray	b1f3f017c9e60b653717	455	9715	10181	266
METHOD_EXIT	com.badlogic.gdx.utils.CharArray#equalsIgnoreCase(String):boolean	42064579cb3b2f4dfbdc	455	9791	10257	317
METHOD_EXIT	com.badlogic.gdx.utils.CharArray#with(char):CharArray	6097b31b7d92893173d9	455	9700	10166	262
METHOD_ENTRY	com.badlogic.gdx.utils.CharArray#numChars(int,int):int	bea1fc53280233cc14a9	413	9660	10084	297
METHOD_ENTRY	com.badlogic.gdx.utils.CharArray#with(char):CharArray	8a67fac2279a9f17de08	413	9622	10046	101
METHOD_EXIT	com.badlogic.gdx.utils.CharArray#numChars(int,int):int	9d0b7a799d008c3689d6	455	9737	10203	358
METHOD_ENTRY	com.badlogic.gdx.utils.CharArray#numChars(long,int):int	2be8dfb89856ec2f8c51	413	9660	10084	245
METHOD_ENTRY	com.badlogic.gdx.utils.CharArray#wrap(char[],int):CharArray	7ec636e5848d252dc1d7	413	9637	10061	206
METHOD_EXIT	com.badlogic.gdx.utils.CharArray#numChars(long,int):int	299a23415196752d1426	455	9737	10203	362
METHOD_ENTRY	com.badlogic.gdx.utils.CharArray#mark(int):void	cff408a38a762247a4d3	413	9622	10046	111
METHOD_EXIT	com.badlogic.gdx.utils.CharArray#close():void	457449e5d5e286945f11	455	9617	10083	56
METHOD_EXIT	com.badlogic.gdx.utils.CharArray#mark(int):void	2df0f0c8b3b46601169a	455	9633	10099	62
METHOD_ENTRY	com.badlogic.gdx.utils.CharArray#markSupported():boolean	542f4a1542df3067c5f6	413	9612	10036	59
METHOD_EXIT	com.badlogic.gdx.utils.CharArray#markSupported():boolean	b786203765f9032afd5a	455	9686	10152	44
METHOD_EXIT	com.badlogic.gdx.utils.CharArray#read():int	76b20f74ceebad8be703	455	9695	10161	184
METHOD_ENTRY	com.badlogic.gdx.utils.CharArray#read():int	1f54d10207f9c576e95f	413	9621	10045	290
METHOD_ENTRY	com.badlogic.gdx.utils.CharArray#close():void	aecee97ffde7693a83c0	413	9606	10030	304
METHOD_EXIT	com.badlogic.gdx.utils.CharArray#read(char[],int,int):int	e7c44f80a121abaea2a6	455	9814	10280	341
METHOD_ENTRY	com.badlogic.gdx.utils.CharArray#read(char[],int,int):int	fa7c445de4a155fc22d1	413	9737	10161	259
METHOD_EXIT	com.badlogic.gdx.utils.CharArray#ready():boolean	00b6bb7158e4a5ed8744	455	9686	10152	218
METHOD_ENTRY	com.badlogic.gdx.utils.CharArray#reset():void	65e0f12f704bb37a2fab	413	9611	10035	176
METHOD_EXIT	com.badlogic.gdx.utils.CharArray#reset():void	299448ed2953e1f258cb	455	9622	10088	69
METHOD_ENTRY	com.badlogic.gdx.utils.CharArray#skip(long):long	28d9dab371544398f5fb	413	9650	10074	181
METHOD_EXIT	com.badlogic.gdx.utils.CharArray#close():void	457449e5d5e286945f11	455	9617	10083	56
METHOD_ENTRY	com.badlogic.gdx.utils.CharArray#close():void	aecee97ffde7693a83c0	413	9606	10030	304
METHOD_ENTRY	com.badlogic.gdx.utils.CharArray#ready():boolean	176ce69462cdb548f22a	413	9612	10036	244
METHOD_ENTRY	com.badlogic.gdx.utils.CharArray#flush():void	a41379216c0f36ca9b5f	413	9606	10030	210
METHOD_EXIT	com.badlogic.gdx.utils.CharArray#flush():void	2f76472358bd2872ddc8	455	9617	10083	138
METHOD_ENTRY	com.badlogic.gdx.utils.CharArray#write(char[]):void	5496162169a6e0fc1124	413	9624	10048	144
METHOD_EXIT	com.badlogic.gdx.utils.CharArray#write(char[]):void	45c0e349b77b65d83a3a	455	9635	10101	218
METHOD_EXIT	com.badlogic.gdx.utils.CharArray#write(char[],int,int):void	19a25b05975147249678	455	9658	10124	284
METHOD_ENTRY	com.badlogic.gdx.utils.CharArray#write(char[],int,int):void	b5f7d8224e407e08123e	413	9647	10071	275
METHOD_EXIT	com.badlogic.gdx.utils.CharArray#skip(long):long	3a28505deefa80b8801d	455	9727	10193	224
METHOD_EXIT	com.badlogic.gdx.utils.CharArray#write(int):void	68ac51fb3d2688a97a9b	455	9633	10099	320
METHOD_ENTRY	com.badlogic.gdx.utils.CharArray#write(String):void	38011c158326f678b9b2	413	9620	10044	317
METHOD_ENTRY	com.badlogic.gdx.utils.CharArrayReader#close():void	334049d637993b7f0ec9	413	375	799	5
METHOD_EXIT	com.badlogic.gdx.utils.CharArray#write(String):void	45f2b79dec19d819ec6d	455	9631	10097	290
METHOD_ENTRY	com.badlogic.gdx.utils.CharArray#write(String,int,int):void	a48818721b08f23981f6	413	9642	10066	269
METHOD_ENTRY	com.badlogic.gdx.utils.CharArrayReader#mark(int):void	d4e278f3b00d18ffd65f	413	391	815	88
METHOD_EXIT	com.badlogic.gdx.utils.CharArrayReader#mark(int):void	2feae19003e33b9891d6	455	402	868	120
METHOD_EXIT	com.badlogic.gdx.utils.CharArray#write(String,int,int):void	1df937f03c31e55f85af	455	9653	10119	228
METHOD_ENTRY	com.badlogic.gdx.utils.CharArrayReader#markSupported():boolean	62c285952ff0c6888dcb	413	381	805	52
METHOD_EXIT	com.badlogic.gdx.utils.CharArrayReader#markSupported():boolean	770212b5fdaeb6549e01	455	455	921	46
METHOD_ENTRY	com.badlogic.gdx.utils.CharArray#write(int):void	f08d542051082c0ff46b	413	9622	10046	70
METHOD_ENTRY	com.badlogic.gdx.utils.CharArrayReader#read():int	c13e1997e507b0b19cca	413	390	814	259
METHOD_EXIT	com.badlogic.gdx.utils.CharArrayReader#read():int	e2ae191cea482079c50c	455	464	930	129
METHOD_ENTRY	com.badlogic.gdx.utils.CharArrayReader#read(char[],int,int):int	50d9fcaaa9c18ec37331	413	506	930	213
METHOD_EXIT	com.badlogic.gdx.utils.CharArrayReader#read(char[],int,int):int	8818af9e4a0cb6fb47af	455	583	1049	300
METHOD_EXIT	com.badlogic.gdx.utils.CharArrayReader#close():void	1fa9b873a63461544246	455	386	852	5
METHOD_EXIT	com.badlogic.gdx.utils.CharArrayReader#ready():boolean	31c986a04d6dee646026	455	455	921	237
METHOD_ENTRY	com.badlogic.gdx.utils.CharArrayReader#ready():boolean	54f6a343e7b2f28a767d	413	381	805	196
METHOD_EXIT	com.badlogic.gdx.utils.CharArrayReader#reset():void	752d9f9d8740d8a21484	455	391	857	64
METHOD_ENTRY	com.badlogic.gdx.utils.CharArrayReader#skip(long):long	4678aec9a8dd685f0e8e	413	419	843	135
METHOD_ENTRY	com.badlogic.gdx.utils.CharArrayWriter#close():void	7053b7330f9c6f990d07	413	375	799	5
METHOD_EXIT	com.badlogic.gdx.utils.CharArrayReader#skip(long):long	516e97f1d71c98fad080	455	496	962	258
METHOD_ENTRY	com.badlogic.gdx.utils.CharArrayWriter#flush():void	7d9aa8b04cbf0ac4a9cc	413	375	799	5
METHOD_EXIT	com.badlogic.gdx.utils.CharArrayWriter#flush():void	43898de73964155b688a	455	386	852	5
METHOD_ENTRY	com.badlogic.gdx.utils.CharArrayWriter#write(char[]):void	3085523652de6f65e1f8	413	393	817	155
METHOD_ENTRY	com.badlogic.gdx.utils.CharArrayReader#reset():void	c3beb1308049883c01cd	413	380	804	215
METHOD_EXIT	com.badlogic.gdx.utils.CharArrayWriter#write(char[]):void	df1d0b585bf103320fc0	455	404	870	184
METHOD_ENTRY	com.badlogic.gdx.utils.CharArrayWriter#write(char[],int,int):void	5af080b46a15e443cc42	413	416	840	198
METHOD_EXIT	com.badlogic.gdx.utils.CharArrayWriter#write(char[],int,int):void	ee8bf876521eb9f38ab7	455	427	893	193
METHOD_ENTRY	com.badlogic.gdx.utils.CharArrayWriter#write(int):void	76aedf469df973a108df	413	391	815	106
METHOD_EXIT	com.badlogic.gdx.utils.CharArrayWriter#write(int):void	b6dd8c03f8741b906354	455	402	868	153
METHOD_EXIT	com.badlogic.gdx.utils.CharArrayWriter#close():void	ffd1cb635eaac484e214	455	386	852	5
METHOD_ENTRY	com.badlogic.gdx.utils.CharArrayWriter#write(String):void	d54ca3ef042053e4afc9	413	389	813	105
METHOD_ENTRY	com.badlogic.gdx.utils.IntIntMap#place(int):int	5dd38f9c51eaa0454cd3	413	1802	2226	225
METHOD_EXIT	com.badlogic.gdx.utils.IntIntMap#place(int):int	bc344b7fedc135d6bdee	455	1879	2345	351
METHOD_ENTRY	com.badlogic.gdx.utils.IntIntMap#put(int,int):void	6ba08716e28b69f40809	413	1911	2335	59
METHOD_ENTRY	com.badlogic.gdx.utils.CharArrayWriter#write(String,int,int):void	8d789e4151c2d9931fdc	413	411	835	235
METHOD_EXIT	com.badlogic.gdx.utils.CharArrayWriter#write(String,int,int):void	1f12b0192a551a3a6b82	455	422	888	247
METHOD_EXIT	com.badlogic.gdx.utils.IntIntMap#put(int,int):void	23ab548a915dfb471e87	455	1922	2388	345
METHOD_ENTRY	com.badlogic.gdx.utils.IntIntMap#locateKey(int):int	ed10d2e35909d462a5ff	413	1857	2281	299
METHOD_ENTRY	com.badlogic.gdx.utils.IntIntMap#put(int,int,int):int	d27838291e12e2731477	413	1953	2377	233
METHOD_ENTRY	com.badlogic.gdx.utils.IntIntMap#putAll(IntIntMap):void	2d8d8062bf03ee4290f3	413	1875	2299	236
METHOD_ENTRY	com.badlogic.gdx.utils.IntIntMap#putResize(int,int):void	4092df46db48a8cb9745	413	1856	2280	265
METHOD_EXIT	com.badlogic.gdx.utils.IntIntMap#putAll(IntIntMap):void	ede3179c05133c35b5ee	455	1886	2352	303
METHOD_EXIT	com.badlogic.gdx.utils.IntIntMap#locateKey(int):int	3c1e13189a086499d39d	455	1934	2400	383
METHOD_EXIT	com.badlogic.gdx.utils.IntIntMap#putResize(int,int):void	85b560bd70b6e49e869a	455	1867	2333	275
METHOD_ENTRY	com.badlogic.gdx.utils.IntIntMap#get(int,int):int	4483da7ddfd6755902de	413	1828	2252	270
METHOD_EXIT	com.badlogic.gdx.utils.IntIntMap#get(int,int):int	8eb9aa831aaecf747ec3	455	1905	2371	319
METHOD_ENTRY	com.badlogic.gdx.utils.IntIntMap#getAndIncrement(int,int,int):int	fbcf782c78f04d350ce8	413	1969	2393	241
METHOD_EXIT	com.badlogic.gdx.utils.IntIntMap#getAndIncrement(int,int,int):int	5d5c4428e444952f48ad	455	2046	2512	348
METHOD_EXIT	com.badlogic.gdx.utils.IntIntMap#put(int,int,int):int	1e1e35a09c915e1776dd	455	2030	2496	366
METHOD_EXIT	com.badlogic.gdx.utils.CharArrayWriter#write(String):void	643c4379a0932f4549a7	455	400	866	175
METHOD_ENTRY	com.badlogic.gdx.utils.IntIntMap#notEmpty():boolean	9806002a4ae4b34bb4a0	413	1779	2203	228
METHOD_EXIT	com.badlogic.gdx.utils.IntIntMap#isEmpty():boolean	52088b05d6472fefcabf	455	1853	2319	171
METHOD_ENTRY	com.badlogic.gdx.utils.IntIntMap#isEmpty():boolean	92a97533fe76bbb718a8	413	1779	2203	221
METHOD_EXIT	com.badlogic.gdx.utils.IntIntMap#notEmpty():boolean	df6d8d15c4cf3d2b9580	455	1853	2319	138
METHOD_ENTRY	com.badlogic.gdx.utils.IntIntMap#shrink(int):void	1f0fb5b91d91c67fddef	413	1835	2259	239
METHOD_ENTRY	com.badlogic.gdx.utils.IntIntMap#clear(int):void	9e7598a86888373bf7c1	413	1831	2255	219
METHOD_EXIT	com.badlogic.gdx.utils.IntIntMap#clear(int):void	75cf5580484ba849ae19	455	1842	2308	250
METHOD_EXIT	com.badlogic.gdx.utils.IntIntMap#remove(int,int):int	310ab03c0bd2f2fd40c4	455	2060	2526	316
METHOD_EXIT	com.badlogic.gdx.utils.IntIntMap#clear():void	76fdc7387b1a3d5d0e40	455	1813	2279	273
METHOD_ENTRY	com.badlogic.gdx.utils.IntIntMap#clear():void	1774fdb7e5d96bebb6f2	413	1802	2226	223
METHOD_ENTRY	com.badlogic.gdx.utils.IntIntMap#remove(int,int):int	aa18bf697f01fa7c4c4a	413	1983	2407	215
METHOD_ENTRY	com.badlogic.gdx.utils.IntIntMap#containsValue(int):boolean	eb1374866b7b131acdee	413	1858	2282	276
METHOD_ENTRY	com.badlogic.gdx.utils.IntIntMap#containsKey(int):boolean	ba2b4dd0619bab73c79c	413	1801	2225	291
METHOD_EXIT	com.badlogic.gdx.utils.IntIntMap#containsValue(int):boolean	8f719f47228fb9075087	455	1935	2401	437
METHOD_ENTRY	com.badlogic.gdx.utils.IntIntMap#findKey(int,int):int	77419eecb243cc150f27	413	1880	2304	267
METHOD_EXIT	com.badlogic.gdx.utils.IntIntMap#findKey(int,int):int	6a5b4b89186532f39caf	455	1957	2423	348
METHOD_EXIT	com.badlogic.gdx.utils.IntIntMap#shrink(int):void	98631148d8262a3ec7e4	455	1846	2312	317
METHOD_ENTRY	com.badlogic.gdx.utils.IntIntMap#resize(int):void	aa82e3c6509c7f58c2d2	413	1916	2340	256
METHOD_EXIT	com.badlogic.gdx.utils.IntIntMap#resize(int):void	d04bd379c46238703b28	455	1927	2393	265
METHOD_EXIT	com.badlogic.gdx.utils.IntIntMap#containsKey(int):boolean	f8be8680ed10c01899ae	455	1878	2344	309
METHOD_ENTRY	com.badlogic.gdx.utils.IntIntMap#hashCode():int	b4f9d1d4fc9ee6c3793c	413	1866	2290	231
METHOD_EXIT	com.badlogic.gdx.utils.IntIntMap#hashCode():int	b4b1dea8cebf1e8e6358	455	1940	2406	291
METHOD_EXIT	com.badlogic.gdx.utils.IntIntMap#ensureCapacity(int):void	d7023b6f503a91e952a7	455	1820	2286	306
METHOD_EXIT	com.badlogic.gdx.utils.IntIntMap#equals(Object):boolean	bd2fc0ce11ffe662cb5a	455	2049	2515	512
METHOD_ENTRY	com.badlogic.gdx.utils.IntIntMap#toString():String	c2f5dcf45e8b399025b5	413	1977	2401	517
METHOD_EXIT	com.badlogic.gdx.utils.IntIntMap#iterator():Iterator<Entry>	497ca8cd07083a34b3a8	455	1853	2319	86
METHOD_ENTRY	com.badlogic.gdx.utils.IntIntMap#ensureCapacity(int):void	2ba470176a15f61c8078	413	1809	2233	263
METHOD_ENTRY	com.badlogic.gdx.utils.IntIntMap#values():Values	1ee65d53e96b3914bc31	413	1870	2294	244
METHOD_EXIT	com.badlogic.gdx.utils.IntIntMap#toString():String	cce2fd59f7eb105e0d01	455	2051	2517	277
METHOD_EXIT	com.badlogic.gdx.utils.IntIntMap#entries():Entries	9604b5ee487a760be414	455	1952	2418	280
METHOD_ENTRY	com.badlogic.gdx.utils.IntIntMap#iterator():Iterator<Entry>	a0d381eb73008caf858f	413	1778	2202	459
METHOD_ENTRY	com.badlogic.gdx.utils.IntIntMap#entries():Entries	8353c4c78129b5d9e15d	413	1878	2302	249
METHOD_ENTRY	com.badlogic.gdx.utils.IntIntMap#equals(Object):boolean	4113237867cd5e556973	413	1972	2396	276
METHOD_EXIT	com.badlogic.gdx.utils.IntIntMap#values():Values	b36bac934a2cd77fc97a	455	1944	2410	299
METHOD_EXIT	com.badlogic.gdx.utils.IntIntMap#keys():Keys	7a820d66995ea1c60ac6	455	1944	2410	276
METHOD_EXIT	com.badlogic.gdx.utils.IntIntMap#toString():String	cce2fd59f7eb105e0d01	455	2051	2517	277
METHOD_ENTRY	com.badlogic.gdx.utils.IntIntMap#reset():void	303e5e82e26df046e85f	413	1808	2232	295
METHOD_ENTRY	com.badlogic.gdx.utils.IntIntMap#toString():String	c2f5dcf45e8b399025b5	413	1977	2401	517
METHOD_EXIT	com.badlogic.gdx.utils.IntIntMap#findNextIndex():void	e4e2c32b484a784e19ef	455	1846	2312	292
METHOD_ENTRY	com.badlogic.gdx.utils.IntIntMap#remove():void	cb9d113c023dd25860ad	413	1984	2408	255
METHOD_ENTRY	com.badlogic.gdx.utils.IntIntMap#keys():Keys	368ef2bac4b3488d2b93	413	1870	2294	237
METHOD_EXIT	com.badlogic.gdx.utils.IntIntMap#remove():void	3ce6e40c883248374ce9	455	1995	2461	265
METHOD_ENTRY	com.badlogic.gdx.utils.IntIntMap#next():Entry	433a085e18aa25de39a0	413	1881	2305	317
METHOD_EXIT	com.badlogic.gdx.utils.IntIntMap#reset():void	37753c3b14de9f0e148e	455	1819	2285	267
METHOD_ENTRY	com.badlogic.gdx.utils.IntIntMap#hasNext():boolean	7f91d9dd1a4ab020a7f4	413	1797	2221	280
METHOD_ENTRY	com.badlogic.gdx.utils.IntIntMap#findNextIndex():void	722e413631418cb31eaf	413	1835	2259	207
METHOD_EXIT	com.badlogic.gdx.utils.IntIntMap#iterator():Iterator<Entry>	497ca8cd07083a34b3a8	455	1853	2319	86
METHOD_EXIT	com.badlogic.gdx.utils.IntIntMap#hasNext():boolean	c47e1005f008e05be73e	455	1871	2337	260
METHOD_ENTRY	com.badlogic.gdx.utils.IntIntMap#hasNext():boolean	7f91d9dd1a4ab020a7f4	413	1797	2221	280
METHOD_ENTRY	com.badlogic.gdx.utils.IntIntMap#iterator():Iterator<Entry>	a0d381eb73008caf858f	413	1778	2202	459
METHOD_ENTRY	com.badlogic.gdx.utils.IntIntMap#next():int	c9f66e884090ce582a9d	413	1839	2263	262
METHOD_EXIT	com.badlogic.gdx.utils.IntIntMap#hasNext():boolean	c47e1005f008e05be73e	455	1871	2337	260
METHOD_ENTRY	com.badlogic.gdx.utils.IntIntMap#iterator():Values	f585e5b85256ceead37d	413	1775	2199	198
METHOD_EXIT	com.badlogic.gdx.utils.IntIntMap#iterator():Values	0a329358ec7d31270236	455	1849	2315	260
METHOD_EXIT	com.badlogic.gdx.utils.IntIntMap#next():Entry	a51e2a1c75809123918a	455	1955	2421	360
METHOD_ENTRY	com.badlogic.gdx.utils.IntIntMap#toArray():IntArray	a59bdaa4e2719f645dfb	413	1803	2227	232
METHOD_ENTRY	com.badlogic.gdx.utils.IntIntMap#toArray(IntArray):IntArray	4e5459cb7bb9e02a957d	413	1799	2223	195
METHOD_ENTRY	com.badlogic.gdx.utils.IntIntMap#next():int	c9f66e884090ce582a9d	413	1839	2263	262
METHOD_EXIT	com.badlogic.gdx.utils.IntIntMap#next():int	25f19a1fbe339a73fc59	455	1913	2379	277
METHOD_EXIT	com.badlogic.gdx.utils.IntIntMap#next():int	25f19a1fbe339a73fc59	455	1913	2379	277
METHOD_EXIT	com.badlogic.gdx.utils.IntIntMap#toArray():IntArray	af47e1cf6709f2aae819	455	1878	2344	220
METHOD_EXIT	com.badlogic.gdx.utils.IntIntMap#toArray(IntArray):IntArray	565ab2abbcb61cce0aa6	455	1877	2343	264
METHOD_ENTRY	com.badlogic.gdx.utils.IntIntMap#toArray():IntArray	a59bdaa4e2719f645dfb	413	1803	2227	232
METHOD_ENTRY	com.badlogic.gdx.utils.Entry#toString():String	0addf26d4b55fed25ead	413	579	1003	292
METHOD_ENTRY	com.badlogic.gdx.utils.IntIntMap#toArray(IntArray):IntArray	4e5459cb7bb9e02a957d	413	1799	2223	195
METHOD_EXIT	com.badlogic.gdx.utils.IntIntMap#toArray(IntArray):IntArray	565ab2abbcb61cce0aa6	455	1877	2343	264
METHOD_EXIT	com.badlogic.gdx.utils.MapIterator#reset():void	2e7b94150607e5816dc6	455	422	888	206
METHOD_ENTRY	com.badlogic.gdx.utils.MapIterator#reset():void	cacb9ece3e8666c9236a	413	411	835	308
METHOD_EXIT	com.badlogic.gdx.utils.IntIntMap#toArray():IntArray	af47e1cf6709f2aae819	455	1878	2344	220
METHOD_ENTRY	com.badlogic.gdx.utils.MapIterator#findNextIndex():void	6f71aa1af8ff7843e18d	413	438	862	135
METHOD_EXIT	com.badlogic.gdx.utils.MapIterator#findNextIndex():void	be7920a1d93522a58eae	455	449	915	280
METHOD_EXIT	com.badlogic.gdx.utils.MapIterator#remove():void	3678eb6d7fac1270d6cb	455	598	1064	286
METHOD_ENTRY	com.badlogic.gdx.utils.MapIterator#remove():void	a8b98345a76c7a9437c2	413	587	1011	292
METHOD_ENTRY	com.badlogic.gdx.utils.Entries#next():Entry	c0ed7e6ffe09a622ba5c	413	484	908	306
METHOD_EXIT	com.badlogic.gdx.utils.Entries#next():Entry	46bdb53c113f653d6bf9	455	558	1024	297
METHOD_EXIT	com.badlogic.gdx.utils.Entries#hasNext():boolean	51d8833918c042716129	455	474	940	140
METHOD_ENTRY	com.badlogic.gdx.utils.Entries#iterator():Iterator<Entry>	23bd996b16f8c0eb9bd3	413	381	805	62
METHOD_EXIT	com.badlogic.gdx.utils.Entry#toString():String	706c25d65a56a46f846b	455	653	1119	337
METHOD_EXIT	com.badlogic.gdx.utils.Entries#iterator():Iterator<Entry>	f27e8aba85f3e641ec4e	455	456	922	213
METHOD_ENTRY	com.badlogic.gdx.utils.Values#hasNext():boolean	599be60232ea0cf859da	413	399	823	259
METHOD_EXIT	com.badlogic.gdx.utils.Values#hasNext():boolean	96aff0b5e6f9e0a06f76	455	473	939	174
METHOD_ENTRY	com.badlogic.gdx.utils.Values#next():int	9ac5e848f56b881a0740	413	441	865	226
METHOD_EXIT	com.badlogic.gdx.utils.Values#next():int	c57cff290c89d5f51c1a	455	515	981	330
METHOD_ENTRY	com.badlogic.gdx.utils.Values#iterator():Values	efef29e1e56810c987a2	413	377	801	98
METHOD_EXIT	com.badlogic.gdx.utils.Values#toArray():IntArray	e31178ca23e4837c74fb	455	480	946	211
METHOD_ENTRY	com.badlogic.gdx.utils.Values#toArray():IntArray	bab247e07dc9daa0e38c	413	405	829	191
METHOD_ENTRY	com.badlogic.gdx.utils.Entries#hasNext():boolean	f8379590b9bc167d4dbb	413	400	824	145
METHOD_ENTRY	com.badlogic.gdx.utils.Values#toArray(IntArray):IntArray	02101e9a48883957941c	413	401	825	179
METHOD_EXIT	com.badlogic.gdx.utils.Values#toArray(IntArray):IntArray	73bc50e2c100bd1da3ce	455	479	945	260
METHOD_ENTRY	com.badlogic.gdx.utils.Keys#next():int	dce9d8bc4447544bf259	413	441	865	329
METHOD_EXIT	com.badlogic.gdx.utils.Keys#next():int	799aa04e1d9ebcdf6e64	455	515	981	128
METHOD_EXIT	com.badlogic.gdx.utils.Values#iterator():Values	c420ebfe50bdd2532e9b	455	451	917	35
METHOD_ENTRY	com.badlogic.gdx.utils.Keys#toArray():IntArray	e62f05c0a4dc72639185	413	405	829	245
METHOD_EXIT	com.badlogic.gdx.utils.Keys#toArray(IntArray):IntArray	b30a5b3e703f22ec0917	455	479	945	260
METHOD_EXIT	com.badlogic.gdx.utils.ObjectSet#place(T):int	75dfe6e46528fad193e4	455	1730	2196	283
METHOD_ENTRY	com.badlogic.gdx.utils.ObjectSet#place(T):int	16ff8b37b3955a32d0a7	413	1653	2077	171
METHOD_ENTRY	com.badlogic.gdx.utils.ObjectSet#locateKey(T):int	8435a0f69a3f72cf31e6	413	1721	2145	260
METHOD_EXIT	com.badlogic.gdx.utils.Keys#toArray():IntArray	ceb2747f89a478681103	455	480	946	6788
METHOD_ENTRY	com.badlogic.gdx.utils.ObjectSet#add(T):boolean	d79b64d321e1a11d194b	413	1691	2115	237
METHOD_EXIT	com.badlogic.gdx.utils.ObjectSet#add(T):boolean	02c3289015e5edca2307	455	1768	2234	297
METHOD_ENTRY	com.badlogic.gdx.utils.Keys#toArray(IntArray):IntArray	d228e68c5169dbaae5bd	413	401	825	148
METHOD_EXIT	com.badlogic.gdx.utils.ObjectSet#locateKey(T):int	7de7caf12eb5db653229	455	1798	2264	340
METHOD_EXIT	com.badlogic.gdx.utils.ObjectSet#addAll(Array<? extends T>):boolean	bc3b6fda4babed393541	455	1726	2192	305
METHOD_ENTRY	com.badlogic.gdx.utils.ObjectSet#addAll(Array<? extends T>):boolean	efe3311fa93709ff2d08	413	1649	2073	265
METHOD_ENTRY	com.badlogic.gdx.utils.ObjectSet#addAll(Array<? extends T>,int,int):boolean	4d40663b05ee3feba8ca	413	1708	2132	251
METHOD_EXIT	com.badlogic.gdx.utils.ObjectSet#addAll(Array<? extends T>,int,int):boolean	d8efa18362ff1394ab47	455	1785	2251	247
METHOD_ENTRY	com.badlogic.gdx.utils.ObjectSet#addAll(T):boolean	7030ea4262bb8ffcfe47	413	1639	2063	210
METHOD_EXIT	com.badlogic.gdx.utils.ObjectSet#addAll(T):boolean	16b2becd9045aecffdbc	455	1716	2182	287
METHOD_ENTRY	com.badlogic.gdx.utils.ObjectSet#addAll(ObjectSet<T>):boolean	1e0a208045c4fb67b2ad	413	1707	2131	238
METHOD_ENTRY	com.badlogic.gdx.utils.ObjectSet#addResize(T):void	4b67b23332434b56112c	413	1686	2110	264
METHOD_EXIT	com.badlogic.gdx.utils.ObjectSet#addAll(ObjectSet<T>):boolean	9ff8ed36482d4bd0f9ff	455	1784	2250	246
METHOD_EXIT	com.badlogic.gdx.utils.ObjectSet#addResize(T):void	3b577ec630844a4347c9	455	1697	2163	314
METHOD_ENTRY	com.badlogic.gdx.utils.ObjectSet#remove(T):boolean	41161ba3d7c2e2201a70	413	1751	2175	224
METHOD_EXIT	com.badlogic.gdx.utils.ObjectSet#remove(T):boolean	af11043a2edf84c043cd	455	1828	2294	277
METHOD_ENTRY	com.badlogic.gdx.utils.ObjectSet#notEmpty():boolean	d90204745fe03e85d639	413	1627	2051	208
METHOD_EXIT	com.badlogic.gdx.utils.ObjectSet#notEmpty():boolean	d40c58a1b53c27970f43	455	1701	2167	177
METHOD_ENTRY	com.badlogic.gdx.utils.ObjectSet#addAll(T[],int,int):boolean	26e5151de724945d54cd	413	1691	2115	223
METHOD_ENTRY	com.badlogic.gdx.utils.ObjectSet#isEmpty():boolean	9ac0052fb787814126d2	413	1627	2051	272
METHOD_EXIT	com.badlogic.gdx.utils.ObjectSet#isEmpty():boolean	732719e3b86b43282511	455	1701	2167	189
METHOD_ENTRY	com.badlogic.gdx.utils.ObjectSet#shrink(int):void	188119b6152d85811674	413	1683	2107	297
METHOD_EXIT	com.badlogic.gdx.utils.ObjectSet#shrink(int):void	f67dd4c7b3c639f94378	455	1694	2160	271
METHOD_EXIT	com.badlogic.gdx.utils.ObjectSet#addAll(T[],int,int):boolean	24e69c7fbb5059f92f71	455	1768	2234	339
METHOD_ENTRY	com.badlogic.gdx.utils.ObjectSet#clear(int):void	9ae6ff01f46eb8584cd1	413	1672	2096	245
METHOD_EXIT	com.badlogic.gdx.utils.ObjectSet#clear():void	b4593d362d482364546b	455	1653	2119	167
METHOD_EXIT	com.badlogic.gdx.utils.ObjectSet#clear(int):void	4fd08e8526982a3c7683	455	1683	2149	284
METHOD_ENTRY	com.badlogic.gdx.utils.ObjectSet#contains(T):boolean	aa9ab39e3d83d592cc93	413	1634	2058	230
METHOD_ENTRY	com.badlogic.gdx.utils.ObjectSet#get(T):T	8c174b3d6652ea6b6a85	413	1646	2070	261
METHOD_ENTRY	com.badlogic.gdx.utils.ObjectSet#first():T	f5768cd087905d4ce779	413	1676	2100	292
METHOD_ENTRY	com.badlogic.gdx.utils.ObjectSet#ensureCapacity(int):void	6bb295d838573a3928ba	413	1657	2081	273
METHOD_EXIT	com.badlogic.gdx.utils.ObjectSet#first():T	18bcdd043ce9cec349bc	455	1750	2216	256
METHOD_EXIT	com.badlogic.gdx.utils.ObjectSet#ensureCapacity(int):void	6c6eeeaffaa0aadcad78	455	1668	2134	333
METHOD_EXIT	com.badlogic.gdx.utils.ObjectSet#contains(T):boolean	13ebd5752fa9d1c50062	455	1711	2177	161
METHOD_ENTRY	com.badlogic.gdx.utils.ObjectSet#resize(int):void	8681d452a83c852cb10a	413	1743	2167	284
METHOD_EXIT	com.badlogic.gdx.utils.ObjectSet#hashCode():int	7f30fdc81cf4dbb9f1f2	455	1760	2226	346
METHOD_ENTRY	com.badlogic.gdx.utils.ObjectSet#equals(Object):boolean	9a43860faa453da2ae8b	413	1711	2135	197
METHOD_ENTRY	com.badlogic.gdx.utils.ObjectSet#hashCode():int	cdfb9a840ada234026ff	413	1686	2110	208
METHOD_EXIT	com.badlogic.gdx.utils.ObjectSet#resize(int):void	e675f2ead93cb05bb3d9	455	1754	2220	227
METHOD_ENTRY	com.badlogic.gdx.utils.ObjectSet#clear():void	bc5daf11f7baa16f38b9	413	1642	2066	233
METHOD_ENTRY	com.badlogic.gdx.utils.ObjectSet#toString():String	88fe29d82008b416cb2e	413	1631	2055	205
METHOD_EXIT	com.badlogic.gdx.utils.ObjectSet#equals(Object):boolean	9aa1e10fbe8e5b1220fc	455	1788	2254	320
METHOD_EXIT	com.badlogic.gdx.utils.ObjectSet#toString(String):String	a28932b33bd657f8f5ae	455	1846	2312	311
METHOD_EXIT	com.badlogic.gdx.utils.ObjectSet#toString():String	abaffb8b0d198a035c99	455	1705	2171	222
METHOD_EXIT	com.badlogic.gdx.utils.ObjectSet#get(T):T	d70a99fe2e477e113032	455	1723	2189	277
METHOD_ENTRY	com.badlogic.gdx.utils.ObjectSet#iterator():ObjectSetIterator<T>	cc3eb3b8658c64dc0d11	413	1740	2164	198
METHOD_ENTRY	com.badlogic.gdx.utils.ObjectSet#toString(String):String	7014040630c8fad8b772	413	1769	2193	220
METHOD_ENTRY	com.badlogic.gdx.utils.ObjectSet#with(T):ObjectSet<T>	894a6709394657d8b5d9	413	1660	2084	280
METHOD_EXIT	com.badlogic.gdx.utils.ObjectSet#with(T):ObjectSet<T>	fc9e3938346dc7711406	455	1739	2205	268
METHOD_ENTRY	com.badlogic.gdx.utils.ObjectSet#tableSize(int,float):int	5e3896753dfbfb065480	413	1722	2146	311
METHOD_EXIT	com.badlogic.gdx.utils.ObjectSet#tableSize(int,float):int	6fcc995ef8e68b3f176e	455	1799	2265	323
METHOD_ENTRY	com.badlogic.gdx.utils.ObjectSet#findNextIndex():void	a4952844c9c1e8b7eae5	413	1684	2108	221
METHOD_EXIT	com.badlogic.gdx.utils.ObjectSet#reset():void	cda84153ff96f3e892ca	455	1649	2115	238
METHOD_EXIT	com.badlogic.gdx.utils.ObjectSet#findNextIndex():void	1ba046a3eeb63c2b702d	455	1695	2161	283
METHOD_EXIT	com.badlogic.gdx.utils.ObjectSet#iterator():ObjectSetIterator<T>	bc740d459990b2991876	455	1817	2283	323
METHOD_ENTRY	com.badlogic.gdx.utils.ObjectSet#remove():void	bd4dbd833fddbcb9e9ca	413	1776	2200	237
METHOD_EXIT	com.badlogic.gdx.utils.ObjectSet#remove():void	fbb437478c279af764a5	455	1787	2253	224
METHOD_EXIT	com.badlogic.gdx.utils.ObjectSet#hasNext():boolean	fe7f80c3720833375242	455	1719	2185	83
METHOD_ENTRY	com.badlogic.gdx.utils.ObjectSet#hasNext():boolean	d0356ca2934a07565db0	413	1645	2069	223
METHOD_ENTRY	com.badlogic.gdx.utils.ObjectSet#next():K	714c2f2190cf7c96fcd3	413	1677	2101	191
METHOD_EXIT	com.badlogic.gdx.utils.ObjectSet#next():K	8dd0ffa4a6481b9e87c4	455	1751	2217	324
METHOD_ENTRY	com.badlogic.gdx.utils.ObjectSet#reset():void	ba78d433ec6f0c641ea3	413	1638	2062	260
METHOD_EXIT	com.badlogic.gdx.utils.ObjectSet#iterator():ObjectSetIterator<K>	d1dfac688cf39e79c3bf	455	1708	2174	60
METHOD_ENTRY	com.badlogic.gdx.utils.ObjectSet#toArray(Array<K>):Array<K>	dd32bf162412e5e5ffc2	413	1650	2074	229
METHOD_EXIT	com.badlogic.gdx.utils.ObjectSet#toArray(Array<K>):Array<K>	c68c212ec54a34e0b945	455	1728	2194	245
METHOD_ENTRY	com.badlogic.gdx.utils.ObjectSetIterator#reset():void	ff3e05876d2a6f9385a0	413	394	818	54
METHOD_ENTRY	com.badlogic.gdx.utils.ObjectSet#toArray():Array<K>	b83bb54cc277fc435245	413	1638	2062	276
METHOD_EXIT	com.badlogic.gdx.utils.ObjectSet#toArray():Array<K>	5d30f5a2ffc010ea2571	455	1713	2179	253
METHOD_EXIT	com.badlogic.gdx.utils.ObjectSetIterator#findNextIndex():void	b1b45b6302979253fd93	455	451	917	353
METHOD_ENTRY	com.badlogic.gdx.utils.ObjectSetIterator#findNextIndex():void	0c97b8f52d36bbd5ba25	413	440	864	232
METHOD_ENTRY	com.badlogic.gdx.utils.ObjectSetIterator#remove():void	261d253ce400e4e27deb	413	532	956	293
METHOD_EXIT	com.badlogic.gdx.utils.ObjectSetIterator#remove():void	d4897faafa7ca5aed452	455	543	1009	267
METHOD_ENTRY	com.badlogic.gdx.utils.ObjectSetIterator#hasNext():boolean	059fe4389bfe0d1c5bd4	413	401	825	94
METHOD_EXIT	com.badlogic.gdx.utils.ObjectSetIterator#hasNext():boolean	2882ec45660e465d4859	455	475	941	223
METHOD_EXIT	com.badlogic.gdx.utils.ObjectSetIterator#reset():void	9859ebc0a8c90a60987b	455	405	871	208
METHOD_ENTRY	com.badlogic.gdx.utils.ObjectSet#iterator():ObjectSetIterator<K>	7ea7584b682aa58e1a26	413	1631	2055	362
METHOD_ENTRY	com.badlogic.gdx.utils.ObjectSetIterator#next():K	fd537c5bb7dec264e7bf	413	433	857	295
METHOD_EXIT	com.badlogic.gdx.utils.ObjectSetIterator#next():K	2a5ac421abd3965ef626	455	507	973	320
METHOD_ENTRY	com.badlogic.gdx.utils.ObjectSetIterator#iterator():ObjectSetIterator<K>	e385819aad979d52d130	413	387	811	51
METHOD_EXIT	com.badlogic.gdx.utils.ObjectSetIterator#iterator():ObjectSetIterator<K>	571295af6b088e8ead9f	455	464	930	109
METHOD_ENTRY	com.badlogic.gdx.utils.ObjectSetIterator#toArray(Array<K>):Array<K>	4179cda6eda5889304b2	413	406	830	236
METHOD_EXIT	com.badlogic.gdx.utils.ObjectSetIterator#toArray(Array<K>):Array<K>	3e90c83acd23d32d6de3	455	484	950	289
METHOD_ENTRY	com.badlogic.gdx.utils.ObjectSetIterator#toArray():Array<K>	582cd1b981b413d6fc97	413	394	818	114
METHOD_ENTRY	com.badlogic.gdx.utils.Array#add(T):void	3a6ecc16d58dc4f4effc	413	2400	2824	227
METHOD_EXIT	com.badlogic.gdx.utils.Array#add(T):void	7418c875798677a5eef4	455	2411	2877	283
METHOD_ENTRY	com.badlogic.gdx.utils.Array#add(T,T):void	680d233dc8f374c79a50	413	2434	2858	283
METHOD_EXIT	com.badlogic.gdx.utils.Array#add(T,T):void	3308e2943e6ff15591fb	455	2445	2911	287
METHOD_ENTRY	com.badlogic.gdx.utils.Array#add(T,T,T):void	603aba1487e75464eb7e	413	2456	2880	217
METHOD_EXIT	com.badlogic.gdx.utils.ObjectSetIterator#toArray():Array<K>	164b31bb1f49a97d2c55	455	469	935	249
METHOD_EXIT	com.badlogic.gdx.utils.Array#add(T,T,T):void	efa3b7357a7c06db79ff	455	2467	2933	299
METHOD_EXIT	com.badlogic.gdx.utils.Array#add(T,T,T,T):void	bec165c694df88ac4379	455	2501	2967	328
METHOD_ENTRY	com.badlogic.gdx.utils.Array#addAll(Array<? extends T>,int,int):void	06cba00c18f4195a722f	413	2441	2865	134
METHOD_EXIT	com.badlogic.gdx.utils.Array#addAll(Array<? extends T>):void	a91f18d128cba99893a2	455	2393	2859	231
METHOD_ENTRY	com.badlogic.gdx.utils.Array#addAll(Array<? extends T>):void	f5489393c39d655fd2bf	413	2382	2806	248
METHOD_EXIT	com.badlogic.gdx.utils.Array#addAll(Array<? extends T>,int,int):void	454e69bbe10c9488043e	455	2452	2918	214
METHOD_EXIT	com.badlogic.gdx.utils.Array#addAll(T):void	3732f78631d30303f787	455	2383	2849	214
METHOD_ENTRY	com.badlogic.gdx.utils.Array#addAll(T[],int,int):void	3008c86e360b1b9d2b50	413	2449	2873	225
METHOD_EXIT	com.badlogic.gdx.utils.Array#addAll(T[],int,int):void	eaf72fe24374e05d17fc	455	2460	2926	251
METHOD_ENTRY	com.badlogic.gdx.utils.Array#get(int):T	90bc384d1ab7e7b0bae0	413	2393	2817	200
METHOD_EXIT	com.badlogic.gdx.utils.Array#get(int):T	eea6360b8b10acbf02b3	455	2470	2936	189
METHOD_ENTRY	com.badlogic.gdx.utils.Array#set(int,T):void	588865093a833cd4df51	413	2404	2828	239
METHOD_EXIT	com.badlogic.gdx.utils.Array#set(int,T):void	8ccd8296c29942380765	455	2415	2881	171
METHOD_ENTRY	com.badlogic.gdx.utils.Array#add(T,T,T,T):void	9b6393a7db93c81bed2f	413	2490	2914	250
METHOD_ENTRY	com.badlogic.gdx.utils.Array#addAll(T):void	bf8de021805b675ef276	413	2372	2796	93
METHOD_EXIT	com.badlogic.gdx.utils.Array#insert(int,T):void	9f3f748546d1a38feed9	455	2488	2954	267
METHOD_ENTRY	com.badlogic.gdx.utils.Array#insert(int,T):void	cf96181a8767e4a7899c	413	2477	2901	221
METHOD_ENTRY	com.badlogic.gdx.utils.Array#insertRange(int,int):void	91ccfeb37289de2887fa	413	2465	2889	250
METHOD_EXIT	com.badlogic.gdx.utils.Array#insertRange(int,int):void	64084a6b3b5488a8aa07	455	2476	2942	321
METHOD_ENTRY	com.badlogic.gdx.utils.Array#swap(int,int):void	92697958961b1954bfca	413	2463	2887	218
METHOD_EXIT	com.badlogic.gdx.utils.Array#swap(int,int):void	5aba4b9aecf537ea7039	455	2474	2940	257
METHOD_ENTRY	com.badlogic.gdx.utils.Array#replaceAll(T,boolean,T):int	2bb74252c089c99fe13e	413	2512	2936	225
METHOD_EXIT	com.badlogic.gdx.utils.Array#replaceAll(T,boolean,T):int	52d9fa0ffbee9f85ffb0	455	2589	3055	284
METHOD_ENTRY	com.badlogic.gdx.utils.Array#contains(T,boolean):boolean	870c8adc9309b86348af	413	2449	2873	195
METHOD_EXIT	com.badlogic.gdx.utils.Array#contains(T,boolean):boolean	44af4db7511da2bf9e34	455	2526	2992	364
METHOD_ENTRY	com.badlogic.gdx.utils.Array#containsAll(Array<? extends T>,boolean):boolean	8aede9ac745c777fda37	413	2424	2848	245
METHOD_EXIT	com.badlogic.gdx.utils.Array#containsAll(Array<? extends T>,boolean):boolean	49c6eee4bd7390af4db5	455	2501	2967	498
METHOD_ENTRY	com.badlogic.gdx.utils.Array#containsAny(Array<? extends T>,boolean):boolean	d99caccc6a4db52923d9	413	2424	2848	222
METHOD_EXIT	com.badlogic.gdx.utils.Array#containsAny(Array<? extends T>,boolean):boolean	15c135bcd7a0516b3da9	455	2501	2967	289
METHOD_EXIT	com.badlogic.gdx.utils.Array#indexOf(T,boolean):int	a53c7d0aec652264ca73	455	2539	3005	303
METHOD_ENTRY	com.badlogic.gdx.utils.Array#indexOf(T,boolean):int	282d3149d9811dfc3222	413	2462	2886	236
METHOD_ENTRY	com.badlogic.gdx.utils.Array#replaceFirst(T,boolean,T):boolean	455ba121caac67de9fa7	413	2503	2927	242
METHOD_ENTRY	com.badlogic.gdx.utils.Array#lastIndexOf(T,boolean):int	36816fdacd0f6e71b456	413	2463	2887	195
METHOD_EXIT	com.badlogic.gdx.utils.Array#lastIndexOf(T,boolean):int	67fc09f14af66430e3d6	455	2540	3006	347
METHOD_EXIT	com.badlogic.gdx.utils.Array#replaceFirst(T,boolean,T):boolean	e3f1ead53d239c5cf6ea	455	2580	3046	280
METHOD_ENTRY	com.badlogic.gdx.utils.Array#removeValue(T,boolean):boolean	e78dec1bb7ba0c5c05eb	413	2490	2914	269
METHOD_EXIT	com.badlogic.gdx.utils.Array#removeValue(T,boolean):boolean	8d0e29ae98fc9727ba1e	455	2567	3033	363
METHOD_ENTRY	com.badlogic.gdx.utils.Array#removeIndex(int):T	ee3df48e1332e71607af	413	2454	2878	237
METHOD_EXIT	com.badlogic.gdx.utils.Array#removeIndex(int):T	06054ea432931da4fbac	455	2531	2997	318
METHOD_EXIT	com.badlogic.gdx.utils.Array#removeRange(int,int):void	9ddf376bf9b22f802b57	455	2563	3029	296
METHOD_ENTRY	com.badlogic.gdx.utils.Array#removeAll(Array<? extends T>,boolean):boolean	fef25189d08aecbcae44	413	2571	2995	213
METHOD_ENTRY	com.badlogic.gdx.utils.Array#pop():T	7fa1828bfb9297b845cd	413	2393	2817	238
METHOD_EXIT	com.badlogic.gdx.utils.Array#pop():T	5baadc0475e4bc2d2532	455	2467	2933	301
METHOD_EXIT	com.badlogic.gdx.utils.Array#peek():T	bc5d070dbd92607276c6	455	2452	2918	215
METHOD_ENTRY	com.badlogic.gdx.utils.Array#peek():T	21daa444c018787ed50e	413	2378	2802	231
METHOD_ENTRY	com.badlogic.gdx.utils.Array#first():T	9ca6c2daa3ad02b97f1d	413	2376	2800	249
METHOD_EXIT	com.badlogic.gdx.utils.Array#first():T	890000a3735145d80a4b	455	2450	2916	220
METHOD_ENTRY	com.badlogic.gdx.utils.Array#removeRange(int,int):void	f61741e472ac79f090f8	413	2552	2976	250
METHOD_ENTRY	com.badlogic.gdx.utils.Array#notEmpty():boolean	be2f169843a7161b597b	413	2361	2785	179
METHOD_EXIT	com.badlogic.gdx.utils.Array#removeAll(Array<? extends T>,boolean):boolean	c8b109efcaa003f3e20b	455	2648	3114	283
METHOD_EXIT	com.badlogic.gdx.utils.Array#notEmpty():boolean	5d5ed5b8d49ffa3663dc	455	2435	2901	206
METHOD_ENTRY	com.badlogic.gdx.utils.Array#isEmpty():boolean	4df2ea8ee38b57773ce4	413	2361	2785	189
METHOD_EXIT	com.badlogic.gdx.utils.Array#isEmpty():boolean	5c1ab58e035c2adb23d8	455	2435	2901	225
METHOD_ENTRY	com.badlogic.gdx.utils.Array#clear():void	eea1ee6eacbdfd47cc33	413	2370	2794	189
METHOD_EXIT	com.badlogic.gdx.utils.Array#clear():void	1f83861b6a4d70cffc8e	455	2381	2847	221
METHOD_EXIT	com.badlogic.gdx.utils.Array#shrink():T[]	d4bd1684fdeeb0e139dc	455	2444	2910	270
METHOD_EXIT	com.badlogic.gdx.utils.Array#ensureCapacity(int):T[]	0101c1fdc66f61a18291	455	2514	2980	228
METHOD_ENTRY	com.badlogic.gdx.utils.Array#setSize(int):T[]	d1f88d409040f18a71d6	413	2397	2821	216
METHOD_EXIT	com.badlogic.gdx.utils.Array#setSize(int):T[]	43042e403f400ecd44cc	455	2474	2940	214
METHOD_ENTRY	com.badlogic.gdx.utils.Array#resize(int):T[]	1843ea3f995f8ccafada	413	2377	2801	165
METHOD_EXIT	com.badlogic.gdx.utils.Array#resize(int):T[]	1a93cac6a9c4d927f191	455	2454	2920	211
METHOD_ENTRY	com.badlogic.gdx.utils.Array#sort():void	97fef606bb3e6259ccf5	413	2365	2789	187
METHOD_EXIT	com.badlogic.gdx.utils.Array#sort():void	8fd2d3808c08b22b1664	455	2376	2842	273
METHOD_EXIT	com.badlogic.gdx.utils.Array#sort(Comparator<? super T>):void	f2574c3017af26a21216	455	2395	2861	239
METHOD_ENTRY	com.badlogic.gdx.utils.Array#sort(Comparator<? super T>):void	43e9d89b9fecad58ad74	413	2384	2808	240
METHOD_ENTRY	com.badlogic.gdx.utils.Array#shrink():T[]	83f47da1098528cd2fa9	413	2370	2794	179
METHOD_ENTRY	com.badlogic.gdx.utils.Array#ensureCapacity(int):T[]	d8ce1f3623ab13305449	413	2437	2861	243
METHOD_ENTRY	com.badlogic.gdx.utils.Array#selectRanked(Comparator<T>,int):T	ba93cd9d53f76d1c8e0c	413	2436	2860	119
METHOD_EXIT	com.badlogic.gdx.utils.Array#selectRanked(Comparator<T>,int):T	9d0f36433c1156fcf2b4	455	2513	2979	273
METHOD_ENTRY	com.badlogic.gdx.utils.Array#selectRankedIndex(Comparator<T>,int):int	abf7a3a89bef67ae9f87	413	2439	2863	141
METHOD_EXIT	com.badlogic.gdx.utils.Array#selectRankedIndex(Comparator<T>,int):int	52d54191f6717bef631d	455	2516	2982	279
METHOD_EXIT	com.badlogic.gdx.utils.Array#reverse():void	9410356f07f50ad5c480	455	2436	2902	202
METHOD_ENTRY	com.badlogic.gdx.utils.Array#reverse():void	22e470901a00bbb68b33	413	2425	2849	192
METHOD_ENTRY	com.badlogic.gdx.utils.Array#iterator():ArrayIterator<T>	709e77bab8094f22c8a2	413	2398	2822	278
METHOD_EXIT	com.badlogic.gdx.utils.Array#iterator():ArrayIterator<T>	a17890f81abeacf65e79	455	2474	2940	251
METHOD_ENTRY	com.badlogic.gdx.utils.Array#select(Predicate<T>):Iterable<T>	8800ad92531dcc3cd3a0	413	2426	2850	151
METHOD_EXIT	com.badlogic.gdx.utils.Array#select(Predicate<T>):Iterable<T>	98537dcf820c853a308b	455	2504	2970	281
METHOD_ENTRY	com.badlogic.gdx.utils.Array#truncate(int):void	045da6250a045e386b2c	413	2426	2850	262
METHOD_EXIT	com.badlogic.gdx.utils.Array#truncate(int):void	e25b59f2b1b903dea459	455	2437	2903	302
METHOD_ENTRY	com.badlogic.gdx.utils.Array#shuffle():void	d3c6c154067bf2c52f11	413	2413	2837	207
METHOD_ENTRY	com.badlogic.gdx.utils.Array#random():T	92d1f2aedc201f81a67f	413	2379	2803	211
METHOD_ENTRY	com.badlogic.gdx.utils.Array#toArray():T[]	3bde5744793c013a7a13	413	2365	2789	256
METHOD_EXIT	com.badlogic.gdx.utils.Array#random():T	62f4139271e8e1a3cd2e	455	2453	2919	334
METHOD_EXIT	com.badlogic.gdx.utils.Array#shuffle():void	5c8d7689cc304baf3dc5	455	2424	2890	259
METHOD_EXIT	com.badlogic.gdx.utils.Array#toArray():T[]	b984d9774b5e7784a8b2	455	2439	2905	265
METHOD_ENTRY	com.badlogic.gdx.utils.Array#toArray(ArraySupplier<T[]>):T[]	cb8425b34e8d80dc9ce3	413	2402	2826	217
METHOD_EXIT	com.badlogic.gdx.utils.Array#toArray(ArraySupplier<T[]>):T[]	3b1f4abb207dbfa9dd5b	455	2479	2945	245
METHOD_ENTRY	com.badlogic.gdx.utils.Array#hashCode():int	800cf6f26695bf6dfe05	413	2432	2856	273
METHOD_EXIT	com.badlogic.gdx.utils.Array#toArray(Class<V>):V[]	f3240396074767da60ef	455	2484	2950	236
METHOD_EXIT	com.badlogic.gdx.utils.Array#hashCode():int	99bd2bb001f667c0d213	455	2506	2972	384
METHOD_EXIT	com.badlogic.gdx.utils.Array#equals(Object):boolean	3f1ed025f8dd278033a4	455	2574	3040	382
METHOD_ENTRY	com.badlogic.gdx.utils.Array#equalsIdentity(Object):boolean	0b2439755f3fd8ba2391	413	2472	2896	257
METHOD_EXIT	com.badlogic.gdx.utils.Array#equalsIdentity(Object):boolean	3dbe0f51a1488773d8cb	455	2549	3015	347
METHOD_ENTRY	com.badlogic.gdx.utils.Array#toString():String	83fb1ea8743c88d3b8ad	413	2439	2863	271
METHOD_EXIT	com.badlogic.gdx.utils.Array#toString():String	8ec08b4be8e5ab987a16	455	2513	2979	271
METHOD_ENTRY	com.badlogic.gdx.utils.Array#toString(String):String	d0e138060bf5187eb674	413	2432	2856	266
METHOD_ENTRY	com.badlogic.gdx.utils.Array#toArray(Class<V>):V[]	115b67b15693b5cee3ba	413	2407	2831	227
METHOD_EXIT	com.badlogic.gdx.utils.Array#toString(String):String	e040cfb89726e9eac371	455	2509	2975	301
METHOD_EXIT	com.badlogic.gdx.utils.Array#of(ArraySupplier<T[]>):Array<T>	129801a430025d06a37e	455	2463	2929	210
METHOD_ENTRY	com.badlogic.gdx.utils.Array#of(ArraySupplier<T[]>):Array<T>	9561c96617bc398562da	413	2385	2809	245
METHOD_ENTRY	com.badlogic.gdx.utils.Array#equals(Object):boolean	3784d114b322c479e28c	413	2497	2921	258
METHOD_ENTRY	com.badlogic.gdx.utils.Array#of(boolean,int,ArraySupplier<T[]>):Array<T>	bd2d6a90e9978c9c0f16	413	2408	2832	230
METHOD_EXIT	com.badlogic.gdx.utils.Array#of(boolean,int,ArraySupplier<T[]>):Array<T>	f4e909cfc76495d58627	455	2486	2952	195
METHOD_ENTRY	com.badlogic.gdx.utils.Array#of(Class<T>):Array<T>	ffab0e810d5867846bb7	413	2382	2806	406
METHOD_ENTRY	com.badlogic.gdx.utils.Array#of(boolean,int,Class<T>):Array<T>	1848c71a4a53210cea38	413	2406	2830	206
METHOD_ENTRY	com.badlogic.gdx.utils.Array#with(T):Array<T>	88fdd82c4412b83a54af	413	2373	2797	140
METHOD_EXIT	com.badlogic.gdx.utils.Array#of(boolean,int,Class<T>):Array<T>	8c6f48f64d3312540e94	455	2484	2950	242
METHOD_ENTRY	com.badlogic.gdx.utils.Array#hasNext():boolean	aa7a340d68b02f18aa6a	413	2394	2818	188
METHOD_EXIT	com.badlogic.gdx.utils.Array#hasNext():boolean	24a5189c61b157267ebe	455	2468	2934	241
METHOD_ENTRY	com.badlogic.gdx.utils.Array#next():T	ead0b823752ee8374a27	413	2410	2834	273
METHOD_EXIT	com.badlogic.gdx.utils.Array#remove():void	1c1618518660f4e65e74	455	2390	2856	256
METHOD_ENTRY	com.badlogic.gdx.utils.Array#remove():void	e20105814e0642cf3d9d	413	2379	2803	252
METHOD_EXIT	com.badlogic.gdx.utils.Array#next():T	2f58592bc87585240246	455	2484	2950	314
METHOD_EXIT	com.badlogic.gdx.utils.Array#with(T):Array<T>	42601869ddea6882b4e1	455	2451	2917	294
METHOD_EXIT	com.badlogic.gdx.utils.Array#of(Class<T>):Array<T>	4c39997ecb24be0ba847	455	2460	2926	226
METHOD_ENTRY	com.badlogic.gdx.utils.Array#reset():void	0ba2fe0a8f91695c10c2	413	2359	2783	191
METHOD_EXIT	com.badlogic.gdx.utils.Array#reset():void	2329a3c1764a22507610	455	2370	2836	241
METHOD_ENTRY	com.badlogic.gdx.utils.Array#iterator():ArrayIterator<T>	709e77bab8094f22c8a2	413	2398	2822	278
METHOD_ENTRY	com.badlogic.gdx.utils.Array#iterator():ArrayIterator<T>	709e77bab8094f22c8a2	413	2398	2822	278
METHOD_EXIT	com.badlogic.gdx.utils.Array#iterator():ArrayIterator<T>	a17890f81abeacf65e79	455	2474	2940	251
METHOD_EXIT	com.badlogic.gdx.utils.Array#iterator():ArrayIterator<T>	a17890f81abeacf65e79	455	2474	2940	251
METHOD_ENTRY	com.badlogic.gdx.utils.ArrayIterator#next():T	0366a978c700b46a5eaa	413	431	855	221
METHOD_EXIT	com.badlogic.gdx.utils.ArrayIterator#hasNext():boolean	9ac54edfd9dc2f100b7c	455	489	955	217
METHOD_EXIT	com.badlogic.gdx.utils.ArrayIterator#next():T	35c327c72c2226813fcc	455	505	971	251
METHOD_ENTRY	com.badlogic.gdx.utils.ArrayIterator#remove():void	d997ed604e07f772a345	413	400	824	163
METHOD_ENTRY	com.badlogic.gdx.utils.ArrayIterator#reset():void	cf9f566623e7749ccc68	413	380	804	49
METHOD_EXIT	com.badlogic.gdx.utils.ArrayIterator#remove():void	6aa04b9e9cac37510074	455	411	877	173
METHOD_ENTRY	com.badlogic.gdx.utils.ArrayIterator#hasNext():boolean	0c49bc4c6b9ab63b4773	413	415	839	225
METHOD_ENTRY	com.badlogic.gdx.utils.ArrayIterator#iterator():ArrayIterator<T>	a8ac78c2781c6a9416f0	413	419	843	45
METHOD_EXIT	com.badlogic.gdx.utils.ArrayIterator#reset():void	1c4695f2d0b0c62aaee5	455	391	857	39
METHOD_ENTRY	com.badlogic.gdx.utils.ArrayIterable#iterator():ArrayIterator<T>	495d7aed6b9e83d4a74c	413	419	843	5
METHOD_EXIT	com.badlogic.gdx.utils.ArrayIterable#iterator():ArrayIterator<T>	351f750a5ae903f7c919	455	495	961	266
METHOD_ENTRY	com.badlogic.gdx.utils.UBJsonWriter#object():UBJsonWriter	eb97f290828ef338d02e	413	2564	2988	274
METHOD_EXIT	com.badlogic.gdx.utils.UBJsonWriter#object():UBJsonWriter	b44f819a5b25e0e267cb	455	2640	3106	256
METHOD_EXIT	com.badlogic.gdx.utils.UBJsonWriter#object(String):UBJsonWriter	575081ef53918c9b585b	455	2602	3068	280
METHOD_ENTRY	com.badlogic.gdx.utils.UBJsonWriter#array():UBJsonWriter	ee5fb0eeb2b1ad5a969b	413	2564	2988	268
METHOD_EXIT	com.badlogic.gdx.utils.UBJsonWriter#array(String):UBJsonWriter	d9dee75bc4fcfaf153df	455	2602	3068	279
METHOD_ENTRY	com.badlogic.gdx.utils.UBJsonWriter#name(String):UBJsonWriter	02b77a04e2aa6ec14913	413	2639	3063	281
METHOD_EXIT	com.badlogic.gdx.utils.UBJsonWriter#array():UBJsonWriter	095c34bdd4bc4d0622d3	455	2640	3106	232
METHOD_ENTRY	com.badlogic.gdx.utils.UBJsonWriter#array(String):UBJsonWriter	19d91e2960f93a64c536	413	2523	2947	209
METHOD_EXIT	com.badlogic.gdx.utils.UBJsonWriter#name(String):UBJsonWriter	de9dd5fdeced09b75b32	455	2718	3184	232
METHOD_ENTRY	com.badlogic.gdx.utils.UBJsonWriter#object(String):UBJsonWriter	18741bd0d8901cbd800a	413	2523	2947	172
METHOD_ENTRY	com.badlogic.gdx.utils.UBJsonWriter#value(byte):UBJsonWriter	c1ed0e9dfc4abab6ccfb	413	2534	2958	89
METHOD_EXIT	com.badlogic.gdx.utils.ArrayIterator#iterator():ArrayIterator<T>	cf6d2ad746a5faaebb45	455	495	961	231
METHOD_EXIT	com.badlogic.gdx.utils.UBJsonWriter#value(short):UBJsonWriter	d9db7b4a2f028c0e1ad5	455	2613	3079	191
METHOD_EXIT	com.badlogic.gdx.utils.UBJsonWriter#value(byte):UBJsonWriter	7e30b9f2f263d5914424	455	2613	3079	282
METHOD_ENTRY	com.badlogic.gdx.utils.UBJsonWriter#value(short):UBJsonWriter	9087c0953b02b3cd0c40	413	2534	2958	147
METHOD_ENTRY	com.badlogic.gdx.utils.UBJsonWriter#value(int):UBJsonWriter	6b581d9c15cd208201fa	413	2534	2958	53
METHOD_EXIT	com.badlogic.gdx.utils.UBJsonWriter#value(int):UBJsonWriter	5eb31b060ce931848212	455	2613	3079	295
METHOD_EXIT	com.badlogic.gdx.utils.UBJsonWriter#value(long):UBJsonWriter	bbb5e637ff10190a9057	455	2613	3079	199
METHOD_EXIT	com.badlogic.gdx.utils.UBJsonWriter#value(float):UBJsonWriter	5a417d4e9e73cc463f7c	455	2613	3079	178
METHOD_ENTRY	com.badlogic.gdx.utils.UBJsonWriter#value(double):UBJsonWriter	3c7c0764deab1f11ebbf	413	2534	2958	237
METHOD_ENTRY	com.badlogic.gdx.utils.UBJsonWriter#value(boolean):UBJsonWriter	3935b9b9cadd0678d3ed	413	2534	2958	57
METHOD_EXIT	com.badlogic.gdx.utils.UBJsonWriter#value(double):UBJsonWriter	4e8ceb69452cb6525b1b	455	2613	3079	169
METHOD_EXIT	com.badlogic.gdx.utils.UBJsonWriter#value(boolean):UBJsonWriter	0b55e8aebb2433b27853	455	2613	3079	180
METHOD_ENTRY	com.badlogic.gdx.utils.UBJsonWriter#value(char):UBJsonWriter	a0321ecae4f2d41bf7e2	413	2534	2958	168
METHOD_ENTRY	com.badlogic.gdx.utils.UBJsonWriter#value(long):UBJsonWriter	2b6f8365793c53f3d2dc	413	2534	2958	127
METHOD_EXIT	com.badlogic.gdx.utils.UBJsonWriter#value(char):UBJsonWriter	6243ed7dfc2524c441e0	455	2613	3079	213
METHOD_ENTRY	com.badlogic.gdx.utils.UBJsonWriter#value(String):UBJsonWriter	b8e9f07e69eae3e210ba	413	2621	3045	268
METHOD_ENTRY	com.badlogic.gdx.utils.UBJsonWriter#value(float):UBJsonWriter	dd57a7f89a5fdf0e4173	413	2534	2958	223
METHOD_EXIT	com.badlogic.gdx.utils.UBJsonWriter#value(byte[]):UBJsonWriter	626807691fb8f3f57a7f	455	2659	3125	260
METHOD_EXIT	com.badlogic.gdx.utils.UBJsonWriter#value(String):UBJsonWriter	101a52fa5350f228ba30	455	2700	3166	185
METHOD_ENTRY	com.badlogic.gdx.utils.UBJsonWriter#value(byte[]):UBJsonWriter	91daee3d291f1e790d6e	413	2580	3004	187
METHOD_ENTRY	com.badlogic.gdx.utils.UBJsonWriter#value(short[]):UBJsonWriter	a9a759fa159de2e97616	413	2580	3004	219
METHOD_ENTRY	com.badlogic.gdx.utils.UBJsonWriter#value(int[]):UBJsonWriter	d33969b1ba2c0d7a288a	413	2580	3004	164
METHOD_EXIT	com.badlogic.gdx.utils.UBJsonWriter#value(int[]):UBJsonWriter	0b9ff1f6d3d6c2503dae	455	2659	3125	227
METHOD_EXIT	com.badlogic.gdx.utils.UBJsonWriter#value(long[]):UBJsonWriter	970753de8d68841057d0	455	2659	3125	192
METHOD_ENTRY	com.badlogic.gdx.utils.UBJsonWriter#value(float[]):UBJsonWriter	bc9ce045582fd921439c	413	2580	3004	330
METHOD_EXIT	com.badlogic.gdx.utils.UBJsonWriter#value(float[]):UBJsonWriter	92e1ce4521b45187b4e9	455	2659	3125	267
METHOD_ENTRY	com.badlogic.gdx.utils.UBJsonWriter#value(double[]):UBJsonWriter	e8a1d1ad43506a4065dd	413	2580	3004	151
METHOD_EXIT	com.badlogic.gdx.utils.UBJsonWriter#value(short[]):UBJsonWriter	f064d7906644f07f0ba9	455	2659	3125	209
METHOD_ENTRY	com.badlogic.gdx.utils.UBJsonWriter#value(boolean[]):UBJsonWriter	adc55e8a6b518ca32374	413	2563	2987	191
METHOD_EXIT	com.badlogic.gdx.utils.UBJsonWriter#value(double[]):UBJsonWriter	e7a07fb815ffb68e3024	455	2659	3125	256
METHOD_EXIT	com.badlogic.gdx.utils.UBJsonWriter#value(boolean[]):UBJsonWriter	9865ab8a8e97be6077fc	455	2642	3108	213
METHOD_ENTRY	com.badlogic.gdx.utils.UBJsonWriter#value(char[]):UBJsonWriter	fcb36d4320dd7028c427	413	2580	3004	155
METHOD_EXIT	com.badlogic.gdx.utils.UBJsonWriter#value(char[]):UBJsonWriter	82c812ea146c8e5e66e3	455	2659	3125	206
METHOD_ENTRY	com.badlogic.gdx.utils.UBJsonWriter#value(String[]):UBJsonWriter	0b664ad6e5cabecdc577	413	2668	3092	268
METHOD_ENTRY	com.badlogic.gdx.utils.UBJsonWriter#value(long[]):UBJsonWriter	df119474c912e99116fe	413	2580	3004	221
METHOD_ENTRY	com.badlogic.gdx.utils.UBJsonWriter#value(JsonValue):UBJsonWriter	60239c55929e066390cc	413	2789	3213	348
METHOD_EXIT	com.badlogic.gdx.utils.UBJsonWriter#value(JsonValue):UBJsonWriter	85b180ec52cf0f37fff6	455	2868	3334	314
METHOD_ENTRY	com.badlogic.gdx.utils.UBJsonWriter#value(Object):UBJsonWriter	41e62cf86e28b9af91f5	413	2681	3105	302
METHOD_EXIT	com.badlogic.gdx.utils.UBJsonWriter#value():UBJsonWriter	5fc857ce17a582ad816d	455	2598	3064	57
METHOD_EXIT	com.badlogic.gdx.utils.UBJsonWriter#value(Object):UBJsonWriter	d2c58ddb8bbda1bcda05	455	2760	3226	364
METHOD_ENTRY	com.badlogic.gdx.utils.UBJsonWriter#value():UBJsonWriter	b8b3f3370844b7aef229	413	2522	2946	54
METHOD_EXIT	com.badlogic.gdx.utils.UBJsonWriter#set(String,byte):UBJsonWriter	02ae8543c2bf34318117	455	2609	3075	242
METHOD_ENTRY	com.badlogic.gdx.utils.UBJsonWriter#set(String,short):UBJsonWriter	229fe6578c0e3aaf873d	413	2530	2954	259
METHOD_EXIT	com.badlogic.gdx.utils.UBJsonWriter#set(String,short):UBJsonWriter	2cafd612aad62a7c4db1	455	2609	3075	289
METHOD_EXIT	com.badlogic.gdx.utils.UBJsonWriter#set(String,int):UBJsonWriter	5823d0d5aa34ad3994ec	455	2608	3074	184
METHOD_ENTRY	com.badlogic.gdx.utils.UBJsonWriter#set(String,int):UBJsonWriter	549027a89f734869b647	413	2529	2953	179
METHOD_ENTRY	com.badlogic.gdx.utils.UBJsonWriter#set(String,long):UBJsonWriter	6f97e0194f4ace1d4571	413	2529	2953	251
METHOD_EXIT	com.badlogic.gdx.utils.UBJsonWriter#value(String[]):UBJsonWriter	ad5cd3e2d68a510f548e	455	2747	3213	224
METHOD_EXIT	com.badlogic.gdx.utils.UBJsonWriter#set(String,long):UBJsonWriter	f71c7b876bcd6d754015	455	2608	3074	206
METHOD_ENTRY	com.badlogic.gdx.utils.UBJsonWriter#set(String,float):UBJsonWriter	b30b9bb4b3d1f400b94d	413	2529	2953	201
METHOD_ENTRY	com.badlogic.gdx.utils.UBJsonWriter#set(String,byte):UBJsonWriter	8c45a32c7c885a5d7181	413	2530	2954	163
METHOD_EXIT	com.badlogic.gdx.utils.UBJsonWriter#set(String,float):UBJsonWriter	203efdfb19783df0a057	455	2608	3074	295
METHOD_EXIT	com.badlogic.gdx.utils.UBJsonWriter#set(String,double):UBJsonWriter	a58716429de4960a88bd	455	2608	3074	294
METHOD_ENTRY	com.badlogic.gdx.utils.UBJsonWriter#set(String,double):UBJsonWriter	18d82fc6c915af9cc05f	413	2529	2953	331
METHOD_ENTRY	com.badlogic.gdx.utils.UBJsonWriter#set(String,boolean):UBJsonWriter	37ab2b5f87db527b07f3	413	2530	2954	88
METHOD_ENTRY	com.badlogic.gdx.utils.UBJsonWriter#set(String,char):UBJsonWriter	e675f848a731dfe0a1d3	413	2529	2953	247
METHOD_EXIT	com.badlogic.gdx.utils.UBJsonWriter#set(String,char):UBJsonWriter	6c7a47591c0e79c45af3	455	2608	3074	221
METHOD_EXIT	com.badlogic.gdx.utils.UBJsonWriter#set(String,String):UBJsonWriter	f9bd71bfd40e67988094	455	2608	3074	302
METHOD_ENTRY	com.badlogic.gdx.utils.UBJsonWriter#set(String,byte[]):UBJsonWriter	0625d4c046cc338a2916	413	2531	2955	188
METHOD_EXIT	com.badlogic.gdx.utils.UBJsonWriter#set(String,byte[]):UBJsonWriter	b0cce00eded4c5ef7d7a	455	2610	3076	294
METHOD_ENTRY	com.badlogic.gdx.utils.UBJsonWriter#set(String,short[]):UBJsonWriter	fd26bd6f2a137f019ff9	413	2531	2955	287
METHOD_EXIT	com.badlogic.gdx.utils.UBJsonWriter#set(String,short[]):UBJsonWriter	8e3a92bc96d5bc0d8ef7	455	2610	3076	187
METHOD_ENTRY	com.badlogic.gdx.utils.UBJsonWriter#set(String,int[]):UBJsonWriter	5e4d545cffd8732c4fb4	413	2530	2954	251
METHOD_EXIT	com.badlogic.gdx.utils.UBJsonWriter#set(String,int[]):UBJsonWriter	738e1f8cd6ce4378cf20	455	2609	3075	281
METHOD_ENTRY	com.badlogic.gdx.utils.UBJsonWriter#set(String,String):UBJsonWriter	0348185b9f139a7c26e2	413	2529	2953	320
METHOD_ENTRY	com.badlogic.gdx.utils.UBJsonWriter#set(String,long[]):UBJsonWriter	6b378bc303baab57f418	413	2530	2954	218
METHOD_EXIT	com.badlogic.gdx.utils.UBJsonWriter#set(String,long[]):UBJsonWriter	5cca7473695c9ba11776	455	2609	3075	196
METHOD_ENTRY	com.badlogic.gdx.utils.UBJsonWriter#set(String,float[]):UBJsonWriter	4809994b6b0c2720badc	413	2530	2954	231
METHOD_EXIT	com.badlogic.gdx.utils.UBJsonWriter#set(String,boolean):UBJsonWriter	d40204b6497cc6ec1c73	455	2609	3075	244
METHOD_EXIT	com.badlogic.gdx.utils.UBJsonWriter#set(String,float[]):UBJsonWriter	e8b72bbff4be5f9bf9e7	455	2609	3075	255
METHOD_ENTRY	com.badlogic.gdx.utils.UBJsonWriter#set(String,double[]):UBJsonWriter	81a884d407cfb5765d7f	413	2530	2954	210
METHOD_EXIT	com.badlogic.gdx.utils.UBJsonWriter#set(String,double[]):UBJsonWriter	7fd51cb877dcda6500e9	455	2609	3075	257
METHOD_EXIT	com.badlogic.gdx.utils.UBJsonWriter#set(String,boolean[]):UBJsonWriter	875b1714f7493b4bc8c7	455	2610	3076	348
METHOD_ENTRY	com.badlogic.gdx.utils.UBJsonWriter#set(String,char[]):UBJsonWriter	a58566516db3eb51e421	413	2530	2954	195
METHOD_EXIT	com.badlogic.gdx.utils.UBJsonWriter#set(String,char[]):UBJsonWriter	98a705644ff029e4d3dc	455	2609	3075	265
METHOD_ENTRY	com.badlogic.gdx.utils.UBJsonWriter#set(String):UBJsonWriter	f34018ea9a01f34ee4c7	413	2519	2943	218
METHOD_EXIT	com.badlogic.gdx.utils.UBJsonWriter#set(String,String[]):UBJsonWriter	f51a4106b1239de26a56	455	2609	3075	261
METHOD_EXIT	com.badlogic.gdx.utils.UBJsonWriter#set(String):UBJsonWriter	3ac526bc07151d724036	455	2598	3064	247
METHOD_ENTRY	com.badlogic.gdx.utils.UBJsonWriter#checkName():void	2cb093d0572aca4ee394	413	2546	2970	128
METHOD_ENTRY	com.badlogic.gdx.utils.UBJsonWriter#set(String,boolean[]):UBJsonWriter	099c5e2128958c827b66	413	2531	2955	186
METHOD_EXIT	com.badlogic.gdx.utils.UBJsonWriter#checkName():void	692f4af0fea64a23c327	455	2557	3023	210
METHOD_ENTRY	com.badlogic.gdx.utils.UBJsonWriter#pop():UBJsonWriter	0e39cc3a1b9b11bb8a21	413	2512	2936	311
METHOD_ENTRY	com.badlogic.gdx.utils.UBJsonWriter#pop(boolean):UBJsonWriter	563b52f5804c1515184a	413	2574	2998	47
METHOD_EXIT	com.badlogic.gdx.utils.UBJsonWriter#pop():UBJsonWriter	22ae5e802f9ae791c452	455	2588	3054	269
METHOD_EXIT	com.badlogic.gdx.utils.UBJsonWriter#pop(boolean):UBJsonWriter	ed310a8daf3fdc684435	455	2653	3119	285
METHOD_ENTRY	com.badlogic.gdx.utils.UBJsonWriter#set(String,String[]):UBJsonWriter	b36733158046b90366ee	413	2530	2954	181
METHOD_ENTRY	com.badlogic.gdx.utils.JsonObject#close():void	e8d21e51ac43a4c3db8d	413	391	815	97
METHOD_ENTRY	com.badlogic.gdx.utils.UBJsonWriter#flush():void	198af937e17d09fab185	413	2507	2931	193
METHOD_ENTRY	com.badlogic.gdx.utils.UBJsonWriter#close():void	5e240ad6e6b18618380f	413	2519	2943	193
METHOD_EXIT	com.badlogic.gdx.utils.UBJsonWriter#close():void	417da089c46d7ee79165	455	2530	2996	135
METHOD_ENTRY	com.badlogic.gdx.utils.XmlWriter#indent():void	a634e0213142572b48c9	413	583	1007	246
METHOD_EXIT	com.badlogic.gdx.utils.XmlWriter#indent():void	a75271035953e5002be1	455	594	1060	238
METHOD_ENTRY	com.badlogic.gdx.utils.UBJsonWriter#close():void	5e240ad6e6b18618380f	413	2519	2943	193
METHOD_EXIT	com.badlogic.gdx.utils.UBJsonWriter#close():void	417da089c46d7ee79165	455	2530	2996	135
METHOD_ENTRY	com.badlogic.gdx.utils.XmlWriter#element(String):XmlWriter	df5c3618bd6100da2f8f	413	590	1014	257
METHOD_ENTRY	com.badlogic.gdx.utils.XmlWriter#element(String,Object):XmlWriter	80551ddf112d6c2ec764	413	573	997	227
METHOD_EXIT	com.badlogic.gdx.utils.XmlWriter#element(String):XmlWriter	a1b9ff04c1984b481720	455	668	1134	273
METHOD_EXIT	com.badlogic.gdx.utils.XmlWriter#element(String,Object):XmlWriter	0456b57e665503171184	455	651	1117	275
METHOD_ENTRY	com.badlogic.gdx.utils.XmlWriter#startElementContent():boolean	4988af0327f894a844c0	413	586	1010	230
METHOD_EXIT	com.badlogic.gdx.utils.XmlWriter#startElementContent():boolean	0dff17dd4bcab9cb9dbd	455	660	1126	285
METHOD_ENTRY	com.badlogic.gdx.utils.XmlWriter#attribute(String,Object):XmlWriter	36ec5aa47c84d095b29d	413	617	1041	319
METHOD_EXIT	com.badlogic.gdx.utils.XmlWriter#attribute(String,Object):XmlWriter	29cff5e81dfe2ab91b82	455	695	1161	246
METHOD_EXIT	com.badlogic.gdx.utils.XmlWriter#text(Object):XmlWriter	9963022e7af725e92df1	455	708	1174	284
METHOD_ENTRY	com.badlogic.gdx.utils.XmlWriter#text(Object):XmlWriter	3448b560ea252c8668eb	413	630	1054	325
METHOD_ENTRY	com.badlogic.gdx.utils.XmlWriter#pop():XmlWriter	11f532d30dc9f0b27b53	413	631	1055	259
METHOD_EXIT	com.badlogic.gdx.utils.XmlWriter#pop():XmlWriter	89d80330c724aa3bae2f	455	706	1172	244
METHOD_ENTRY	com.badlogic.gdx.utils.XmlWriter#close():void	42b676b8f92bb6d2e60a	413	562	986	208
METHOD_EXIT	com.badlogic.gdx.utils.UBJsonWriter#flush():void	600eeb99b98528ce75ab	455	2518	2984	288
METHOD_ENTRY	com.badlogic.gdx.utils.XmlWriter#write(char[],int,int):void	f0b9a2db394ca0485bb4	413	589	1013	279
METHOD_EXIT	com.badlogic.gdx.utils.XmlWriter#write(char[],int,int):void	72d5586833797315dda9	455	600	1066	248
METHOD_ENTRY	com.badlogic.gdx.utils.XmlWriter#flush():void	2fecc87366ce4052f0b1	413	550	974	221
METHOD_EXIT	com.badlogic.gdx.utils.XmlWriter#flush():void	2191be2f1e7c068916fc	455	561	1027	254
METHOD_EXIT	com.badlogic.gdx.utils.XmlWriter#close():void	6c462392d2c0ebe54e7f	455	573	1039	233
METHOD_EXIT	com.badlogic.gdx.utils.JsonObject#close():void	aeb88943c162559f2b05	455	402	868	149
METHOD_ENTRY	com.badlogic.gdx.utils.PoolManager#addPool(Class<T>,PoolSupplier<T>):void	7b1433772ca2b8860ea5	413	822	1246	203
METHOD_ENTRY	com.badlogic.gdx.utils.PoolManager#addPool(Class<T>,Pool<T>):void	853f0ec82451cf5a1421	413	886	1310	268
METHOD_ENTRY	com.badlogic.gdx.utils.PoolManager#getPool(Class<T>):Pool<T>	751a10b87021286f16cd	413	864	1288	249
METHOD_EXIT	com.badlogic.gdx.utils.PoolManager#getPool(Class<T>):Pool<T>	2f0ea89ee3a3ec40efe3	455	942	1408	282
METHOD_EXIT	com.badlogic.gdx.utils.PoolManager#addPool(Class<T>,Pool<T>):void	74ba9c7e170bad48315f	455	897	1363	240
METHOD_ENTRY	com.badlogic.gdx.utils.PoolManager#getPoolOrNull(Class<T>):Pool<T>	87a8be0103045eab34da	413	806	1230	198
METHOD_ENTRY	com.badlogic.gdx.utils.PoolManager#hasPool(Class<?>):boolean	6b309ffaf97431bf209c	413	792	1216	234
METHOD_ENTRY	com.badlogic.gdx.utils.PoolManager#obtain(Class<T>):T	4b445051c149b07a2c8f	413	862	1286	191
METHOD_EXIT	com.badlogic.gdx.utils.PoolManager#obtain(Class<T>):T	fcca87b41b5d00abf555	455	939	1405	297
METHOD_ENTRY	com.badlogic.gdx.utils.PoolManager#obtainOrNull(Class<T>):T	9f9a5a50f69b8af6f8d7	413	827	1251	268
METHOD_EXIT	com.badlogic.gdx.utils.PoolManager#obtainOrNull(Class<T>):T	6e49576c857c8c5c3428	455	904	1370	242
METHOD_EXIT	com.badlogic.gdx.utils.PoolManager#hasPool(Class<?>):boolean	13d58fc4890963b7aea4	455	869	1335	156
METHOD_EXIT	com.badlogic.gdx.utils.PoolManager#getPoolOrNull(Class<T>):Pool<T>	8ebc19a56573dcbc2923	455	884	1350	297
METHOD_ENTRY	com.badlogic.gdx.utils.PoolManager#free(T):void	ff688bfe2c31213d50a2	413	865	1289	159
METHOD_ENTRY	com.badlogic.gdx.utils.PoolManager#clear():void	2ac98fe9a5fd97778104	413	793	1217	214
METHOD_EXIT	com.badlogic.gdx.utils.PoolManager#free(T):void	c9ee97950e5063fde6a7	455	876	1342	213
METHOD_EXIT	com.badlogic.gdx.utils.PoolManager#clear():void	480759c67e5f3be2f8e4	455	804	1270	218
METHOD_ENTRY	com.badlogic.gdx.utils.DataInput#readInt(boolean):int	b9faa1643aa9297ba065	413	683	1107	58
METHOD_EXIT	com.badlogic.gdx.utils.DataInput#readInt(boolean):int	fd678bf8b8ea0256503a	455	760	1226	339
METHOD_EXIT	com.badlogic.gdx.utils.PoolManager#addPool(Class<T>,PoolSupplier<T>):void	45748ac6fe8aff9c4f96	455	833	1299	239
METHOD_ENTRY	com.badlogic.gdx.utils.DataInput#readUtf8_slow(int,int,int):void	f3a2f9bfd38febe65043	413	720	1144	271
METHOD_EXIT	com.badlogic.gdx.utils.DataInput#readUtf8_slow(int,int,int):void	1c8d5cad62fe5d230105	455	731	1197	326
METHOD_EXIT	com.badlogic.gdx.utils.DataInput#readString():String	f1d2a927cd6f153a9103	455	740	1206	225
METHOD_EXIT	com.badlogic.gdx.utils.OrderedSet#add(T):boolean	498eaaa58a94ae32eba6	455	1422	1888	308
METHOD_ENTRY	com.badlogic.gdx.utils.OrderedSet#add(T):boolean	8948bcdc124f44953eb7	413	1345	1769	145
METHOD_ENTRY	com.badlogic.gdx.utils.OrderedSet#add(T,int):boolean	c4316c3a24050e2a9ec8	413	1391	1815	243
METHOD_ENTRY	com.badlogic.gdx.utils.DataInput#readString():String	6781e058dc6d4e0eeaf2	413	666	1090	62
METHOD_ENTRY	com.badlogic.gdx.utils.OrderedSet#addAll(OrderedSet<T>):boolean	91170ad3121641945ba6	413	1392	1816	219
METHOD_EXIT	com.badlogic.gdx.utils.OrderedSet#addAll(OrderedSet<T>):boolean	e6c8342a042dc613dd0c	455	1469	1935	373
METHOD_ENTRY	com.badlogic.gdx.utils.OrderedSet#ensureCapacity(int):void	6638a2053b40f999336c	413	1346	1770	262
METHOD_EXIT	com.badlogic.gdx.utils.OrderedSet#ensureCapacity(int):void	1eef1010b3dc4654ca56	455	1357	1823	267
METHOD_EXIT	com.badlogic.gdx.utils.OrderedSet#remove(T):boolean	fbda532fb30e6edd7d62	455	1425	1891	261
METHOD_ENTRY	com.badlogic.gdx.utils.OrderedSet#remove(T):boolean	b6d9eaebfcb795f0ab67	413	1348	1772	246
METHOD_EXIT	com.badlogic.gdx.utils.OrderedSet#removeIndex(int):T	632cb97a8bc882a5ecbd	455	1423	1889	268
METHOD_ENTRY	com.badlogic.gdx.utils.OrderedSet#alter(T,T):boolean	fae2919f5c3054efa18b	413	1375	1799	273
METHOD_EXIT	com.badlogic.gdx.utils.OrderedSet#alter(T,T):boolean	3abfe164d7013e089aa4	455	1452	1918	403
METHOD_ENTRY	com.badlogic.gdx.utils.OrderedSet#alterIndex(int,T):boolean	bdb4d6abacfea91f5c3e	413	1378	1802	242
METHOD_EXIT	com.badlogic.gdx.utils.OrderedSet#alterIndex(int,T):boolean	bd23289fac764780b9f1	455	1455	1921	311
METHOD_ENTRY	com.badlogic.gdx.utils.OrderedSet#clear(int):void	2fafd82d92f292146668	413	1339	1763	118
METHOD_ENTRY	com.badlogic.gdx.utils.OrderedSet#clear():void	73ed9ae41fdd0faa1d10	413	1328	1752	173
METHOD_EXIT	com.badlogic.gdx.utils.OrderedSet#clear(int):void	028ccd0be41755e184b0	455	1350	1816	240
METHOD_EXIT	com.badlogic.gdx.utils.OrderedSet#add(T,int):boolean	d9783ec69acb6ae70fc8	455	1468	1934	334
METHOD_EXIT	com.badlogic.gdx.utils.OrderedSet#clear():void	bc1f4e109db6af7d3ced	455	1339	1805	190
METHOD_ENTRY	com.badlogic.gdx.utils.OrderedSet#orderedItems():Array<T>	30109be53b6c2055ff97	413	1330	1754	276
METHOD_EXIT	com.badlogic.gdx.utils.OrderedSet#orderedItems():Array<T>	5f871c1351b93a972e3d	455	1405	1871	278
METHOD_ENTRY	com.badlogic.gdx.utils.OrderedSet#first():T	877206db029ed220dca9	413	1325	1749	211
METHOD_ENTRY	com.badlogic.gdx.utils.OrderedSet#hashCode():int	6342b7e7a4a13a6fda00	413	1386	1810	204
METHOD_EXIT	com.badlogic.gdx.utils.OrderedSet#first():T	97453acf163d55886273	455	1399	1865	192
METHOD_ENTRY	com.badlogic.gdx.utils.OrderedSet#equals(Object):boolean	0000393909eb17e32194	413	1410	1834	231
METHOD_ENTRY	com.badlogic.gdx.utils.OrderedSet#removeIndex(int):T	e0147034602971bf8fb6	413	1346	1770	149
METHOD_EXIT	com.badlogic.gdx.utils.OrderedSet#equals(Object):boolean	3a65ed534006923f4acd	455	1487	1953	323
METHOD_ENTRY	com.badlogic.gdx.utils.OrderedSet#iterator():OrderedSetIterator<T>	dc18566270b455e348ab	413	1442	1866	263
METHOD_EXIT	com.badlogic.gdx.utils.OrderedSet#iterator():OrderedSetIterator<T>	c98434b86cd0e4d6513f	455	1519	1985	313
METHOD_ENTRY	com.badlogic.gdx.utils.OrderedSet#toString():String	0f3e5223507d59fcc29d	413	1410	1834	188
METHOD_EXIT	com.badlogic.gdx.utils.OrderedSet#toString():String	911a818836a78bb54b5a	455	1484	1950	256
METHOD_ENTRY	com.badlogic.gdx.utils.OrderedSet#toString(String):String	57c9052b81d0a085fe6f	413	1335	1759	258
METHOD_ENTRY	com.badlogic.gdx.utils.OrderedSet#reset():void	7e71e11cd2113b850e7d	413	1338	1762	262
METHOD_EXIT	com.badlogic.gdx.utils.OrderedSet#reset():void	d9ff117c7bd24af7509c	455	1349	1815	287
METHOD_EXIT	com.badlogic.gdx.utils.OrderedSet#next():K	9fff51fdf25d08cd131c	455	1454	1920	301
METHOD_ENTRY	com.badlogic.gdx.utils.OrderedSet#next():K	3ead5390e53c46b47087	413	1380	1804	278
METHOD_EXIT	com.badlogic.gdx.utils.OrderedSet#toString(String):String	78cd90d29067ee1cea15	455	1412	1878	278
METHOD_ENTRY	com.badlogic.gdx.utils.OrderedSet#remove():void	a23445afe16dc9aa6cce	413	1359	1783	244
METHOD_ENTRY	com.badlogic.gdx.utils.OrderedSet#toArray(Array<K>):Array<K>	04bca1b8ee00f85f63b3	413	1369	1793	200
METHOD_EXIT	com.badlogic.gdx.utils.OrderedSet#toArray(Array<K>):Array<K>	481f0721fe91d77284bd	455	1447	1913	302
METHOD_EXIT	com.badlogic.gdx.utils.OrderedSet#remove():void	171029a431bdf0eae693	455	1370	1836	290
METHOD_EXIT	com.badlogic.gdx.utils.OrderedSet#toArray():Array<K>	e4c230b553f23efd4294	455	1416	1882	218
METHOD_ENTRY	com.badlogic.gdx.utils.OrderedSet#toArray():Array<K>	fe2a0f19140eb729e90e	413	1341	1765	189
METHOD_ENTRY	com.badlogic.gdx.utils.OrderedSetIterator#reset():void	dff1ecf64ab2cddc1735	413	393	817	226
METHOD_EXIT	com.badlogic.gdx.utils.OrderedSet#with(T):OrderedSet<T>	7684769615251a8e4cee	455	1439	1905	353
METHOD_EXIT	com.badlogic.gdx.utils.OrderedSet#hashCode():int	3e652ebc1b45dee9d489	455	1460	1926	291
METHOD_EXIT	com.badlogic.gdx.utils.OrderedSetIterator#reset():void	51857e7db2df756e14ba	455	404	870	189
METHOD_ENTRY	com.badlogic.gdx.utils.OrderedSetIterator#next():K	992056b4b8e2cac3c4fd	413	435	859	252
METHOD_EXIT	com.badlogic.gdx.utils.OrderedSetIterator#next():K	08e6eb104bc80190a08b	455	509	975	274
METHOD_ENTRY	com.badlogic.gdx.utils.OrderedSetIterator#remove():void	97b60011ff5afa13e12f	413	414	838	255
METHOD_ENTRY	com.badlogic.gdx.utils.OrderedSetIterator#toArray(Array<K>):Array<K>	69782cdec6530de70028	413	424	848	203
METHOD_ENTRY	com.badlogic.gdx.utils.OrderedSetIterator#toArray():Array<K>	83e8d03118222e43fa48	413	396	820	5
METHOD_EXIT	com.badlogic.gdx.utils.OrderedSetIterator#remove():void	3e953dd11b47175543e9	455	425	891	263
METHOD_EXIT	com.badlogic.gdx.utils.OrderedSetIterator#toArray():Array<K>	3bc80d5c625a14978e5b	455	471	937	498
METHOD_EXIT	com.badlogic.gdx.utils.OrderedSetIterator#toArray(Array<K>):Array<K>	ecd6bc73fd440cc86001	455	502	968	253
METHOD_ENTRY	com.badlogic.gdx.utils.Queue#addLast(T):void	4e670918afd3a98d605e	413	1329	1753	201
METHOD_ENTRY	com.badlogic.gdx.utils.OrderedSet#with(T):OrderedSet<T>	4d82c4296be40febff22	413	1360	1784	160
METHOD_ENTRY	com.badlogic.gdx.utils.Queue#addFirst(T):void	82ac47d1fe372f8f5089	413	1348	1772	193
METHOD_EXIT	com.badlogic.gdx.utils.Queue#addLast(T):void	315938207d09f695f9bc	455	1340	1806	279
METHOD_ENTRY	com.badlogic.gdx.utils.Queue#ensureCapacity(int):void	c4d5654e65ffdde4bf46	413	1286	1710	237
METHOD_EXIT	com.badlogic.gdx.utils.Queue#addFirst(T):void	43a40c697a1f438fe841	455	1359	1825	269
METHOD_EXIT	com.badlogic.gdx.utils.Queue#ensureCapacity(int):void	d7db8a164e711a41e6ea	455	1297	1763	243
METHOD_EXIT	com.badlogic.gdx.utils.Queue#resize(int):void	c35f46a79fd9d07b3637	455	1420	1886	244
METHOD_EXIT	com.badlogic.gdx.utils.Queue#removeFirst():T	6396b8ace37968a2ddae	455	1411	1877	287
METHOD_EXIT	com.badlogic.gdx.utils.Queue#removeLast():T	63a8c9009f29e700394d	455	1423	1889	295
METHOD_ENTRY	com.badlogic.gdx.utils.Queue#removeLast():T	af777a88fe71ac2bcd87	413	1349	1773	269
METHOD_ENTRY	com.badlogic.gdx.utils.Queue#indexOf(T,boolean):int	8e32732fa28d9714e928	413	1539	1963	291
METHOD_EXIT	com.badlogic.gdx.utils.Queue#indexOf(T,boolean):int	ccc94438fa22417952ee	455	1616	2082	367
METHOD_ENTRY	com.badlogic.gdx.utils.Queue#removeValue(T,boolean):boolean	ae635e2f8990ee00b588	413	1299	1723	231
METHOD_EXIT	com.badlogic.gdx.utils.Queue#removeValue(T,boolean):boolean	97642c988c056cf816e4	455	1376	1842	279
METHOD_ENTRY	com.badlogic.gdx.utils.Queue#removeIndex(int):T	f2a38f766406eef18f56	413	1533	1957	259
METHOD_ENTRY	com.badlogic.gdx.utils.Queue#notEmpty():boolean	0bbc9b1388b5ecef8479	413	1260	1684	219
METHOD_EXIT	com.badlogic.gdx.utils.Queue#removeIndex(int):T	a63e09b40aefd9b234e8	455	1610	2076	300
METHOD_EXIT	com.badlogic.gdx.utils.Queue#notEmpty():boolean	947df9c54bdc11dd368b	455	1334	1800	251
METHOD_ENTRY	com.badlogic.gdx.utils.Queue#resize(int):void	09b12b48060158693a89	413	1409	1833	244
METHOD_ENTRY	com.badlogic.gdx.utils.Queue#isEmpty():boolean	df37a6276c307937256e	413	1260	1684	189
METHOD_ENTRY	com.badlogic.gdx.utils.Queue#first():T	f427a70a7a20938eec88	413	1287	1711	235
METHOD_EXIT	com.badlogic.gdx.utils.Queue#isEmpty():boolean	22dfabf2c6d13c57f345	455	1334	1800	245
METHOD_EXIT	com.badlogic.gdx.utils.Queue#first():T	c26d5368c90a98b8f0cd	455	1361	1827	229
METHOD_ENTRY	com.badlogic.gdx.utils.Queue#last():T	fae308d839b860133cae	413	1329	1753	222
METHOD_ENTRY	com.badlogic.gdx.utils.Queue#removeFirst():T	164cd11badb27d795323	413	1337	1761	218
METHOD_EXIT	com.badlogic.gdx.utils.Queue#last():T	e9e8374f4a50ae1dcbc1	455	1403	1869	251
METHOD_EXIT	com.badlogic.gdx.utils.Queue#get(int):T	a0895fd757ff31539023	455	1431	1897	298
METHOD_ENTRY	com.badlogic.gdx.utils.Queue#clear():void	fc455e11cd553a932996	413	1410	1834	247
METHOD_EXIT	com.badlogic.gdx.utils.Queue#clear():void	1fe88154f9776b866b6b	455	1421	1887	284
METHOD_ENTRY	com.badlogic.gdx.utils.Queue#iterator():Iterator<T>	677a9088a90e3756e57e	413	1291	1715	251
METHOD_EXIT	com.badlogic.gdx.utils.Queue#iterator():Iterator<T>	3eae1dc2df86a7ba8ab8	455	1366	1832	296
METHOD_EXIT	com.badlogic.gdx.utils.Queue#toString():String	c39a27cd24139d57d907	455	1449	1915	300
METHOD_ENTRY	com.badlogic.gdx.utils.Queue#toString(String):String	11e56fd3acf6c686959a	413	1359	1783	217
METHOD_EXIT	com.badlogic.gdx.utils.Queue#toString(String):String	4226e2f6a43e484ae727	455	1436	1902	335
METHOD_ENTRY	com.badlogic.gdx.utils.Queue#hashCode():int	712b36c0aa184488382e	413	1361	1785	253
METHOD_EXIT	com.badlogic.gdx.utils.Queue#hashCode():int	0c0dbbdb6cd138c8a47c	455	1435	1901	294
METHOD_ENTRY	com.badlogic.gdx.utils.Queue#equals(Object):boolean	2a1757c73ea987cea732	413	1478	1902	256
METHOD_EXIT	com.badlogic.gdx.utils.Queue#equals(Object):boolean	5af4a184cd55453a34d1	455	1555	2021	308
METHOD_ENTRY	com.badlogic.gdx.utils.Queue#get(int):T	2df48be6bea8d8c0c9ae	413	1354	1778	278
METHOD_ENTRY	com.badlogic.gdx.utils.Queue#equalsIdentity(Object):boolean	5df3217461cb4debaac7	413	1454	1878	263
METHOD_EXIT	com.badlogic.gdx.utils.Queue#equalsIdentity(Object):boolean	c4364bb1f157c784ff83	455	1531	1997	401
METHOD_ENTRY	com.badlogic.gdx.utils.Queue#hasNext():boolean	fcd74e30d29069791eff	413	1293	1717	225
METHOD_EXIT	com.badlogic.gdx.utils.Queue#hasNext():boolean	2078249aff9c721b7930	455	1367	1833	293
METHOD_ENTRY	com.badlogic.gdx.utils.Queue#toString():String	dad19c9d697a58b88587	413	1375	1799	250
METHOD_ENTRY	com.badlogic.gdx.utils.Queue#next():T	70cc9ac494aac9482087	413	1309	1733	253
METHOD_EXIT	com.badlogic.gdx.utils.Queue#next():T	0df1a765d7f685f05ce2	455	1383	1849	327
METHOD_EXIT	com.badlogic.gdx.utils.Queue#remove():void	fb3f6d9e2f57f2efbcec	455	1289	1755	227
METHOD_ENTRY	com.badlogic.gdx.utils.Queue#reset():void	15c0db1042c33fd34546	413	1258	1682	198
METHOD_EXIT	com.badlogic.gdx.utils.Queue#reset():void	81c87c4b845e8d2dd49f	455	1269	1735	187
METHOD_ENTRY	com.badlogic.gdx.utils.Queue#iterator():Iterator<T>	677a9088a90e3756e57e	413	1291	1715	251
METHOD_ENTRY	com.badlogic.gdx.utils.Queue#iterator():Iterator<T>	677a9088a90e3756e57e	413	1291	1715	251
METHOD_EXIT	com.badlogic.gdx.utils.QueueIterator#hasNext():boolean	bc508da452885b4a6663	455	489	955	227
METHOD_ENTRY	com.badlogic.gdx.utils.QueueIterator#hasNext():boolean	c2c87bd42487ed47e0b2	413	415	839	238
METHOD_ENTRY	com.badlogic.gdx.utils.QueueIterator#next():T	3f4ed00ba2b17c68503b	413	431	855	185
METHOD_EXIT	com.badlogic.gdx.utils.Queue#iterator():Iterator<T>	3eae1dc2df86a7ba8ab8	455	1366	1832	296
METHOD_EXIT	com.badlogic.gdx.utils.QueueIterator#next():T	52973b2c69f05ee5eb53	455	505	971	227
METHOD_ENTRY	com.badlogic.gdx.utils.QueueIterator#remove():void	3ab7a394decd48c2fd94	413	400	824	244
METHOD_EXIT	com.badlogic.gdx.utils.QueueIterator#remove():void	ce49b317e1395ea77609	455	411	877	240
METHOD_ENTRY	com.badlogic.gdx.utils.QueueIterator#reset():void	35db0a463087799a7fd9	413	380	804	73
METHOD_EXIT	com.badlogic.gdx.utils.QueueIterator#reset():void	811e6a9d0607fdae451d	455	391	857	60
METHOD_EXIT	com.badlogic.gdx.utils.Queue#iterator():Iterator<T>	3eae1dc2df86a7ba8ab8	455	1366	1832	296
METHOD_ENTRY	com.badlogic.gdx.utils.QueueIterator#iterator():Iterator<T>	9459a644d33d9de12222	413	413	837	266
METHOD_EXIT	com.badlogic.gdx.utils.QueueIterator#iterator():Iterator<T>	07d95fff76f0c6bde3bd	455	488	954	311
METHOD_ENTRY	com.badlogic.gdx.utils.QueueIterable#iterator():Iterator<T>	fb32860f6f7e4dd722e0	413	413	837	191
METHOD_EXIT	com.badlogic.gdx.utils.QueueIterable#iterator():Iterator<T>	e1004b0f567a6a7f7b20	455	488	954	128
METHOD_ENTRY	com.badlogic.gdx.utils.LongQueue#addLast(long):void	596b670eeb705366baf7	413	1155	1579	197
METHOD_ENTRY	com.badlogic.gdx.utils.Queue#remove():void	8fed763a6865ee542cff	413	1278	1702	244
METHOD_EXIT	com.badlogic.gdx.utils.LongQueue#addLast(long):void	042ed1743887c4e24f0a	455	1166	1632	293
METHOD_EXIT	com.badlogic.gdx.utils.LongQueue#addFirst(long):void	0a5704dcce4833976ed6	455	1185	1651	259
METHOD_ENTRY	com.badlogic.gdx.utils.LongQueue#ensureCapacity(int):void	45226a07a497d788315f	413	1113	1537	244
METHOD_EXIT	com.badlogic.gdx.utils.LongQueue#ensureCapacity(int):void	ed4a43fe7ef7fc17dad0	455	1124	1590	270
METHOD_EXIT	com.badlogic.gdx.utils.LongQueue#resize(int):void	86642d4fe8f9ddf18ff5	455	1244	1710	248
METHOD_ENTRY	com.badlogic.gdx.utils.LongQueue#resize(int):void	4af52faf8ebed553ccf1	413	1233	1657	243
METHOD_EXIT	com.badlogic.gdx.utils.LongQueue#removeFirst():long	15e0e1b99aaba72acfc0	455	1230	1696	297
METHOD_ENTRY	com.badlogic.gdx.utils.LongQueue#removeLast():long	ad21240bbc8094e42bdb	413	1168	1592	207
METHOD_EXIT	com.badlogic.gdx.utils.LongQueue#removeLast():long	dd54307f1370906e145b	455	1242	1708	266
METHOD_ENTRY	com.badlogic.gdx.utils.LongQueue#indexOf(long):int	d0e25194c3fbd3136d71	413	1232	1656	263
METHOD_ENTRY	com.badlogic.gdx.utils.LongQueue#addFirst(long):void	0334c905ca7da3b74960	413	1174	1598	261
METHOD_EXIT	com.badlogic.gdx.utils.LongQueue#indexOf(long):int	fcd7ec241253eecb4d12	455	1309	1775	387
METHOD_EXIT	com.badlogic.gdx.utils.LongQueue#removeValue(long):boolean	f0c84cb9b53f40e2ea2a	455	1191	1657	282
METHOD_ENTRY	com.badlogic.gdx.utils.LongQueue#removeFirst():long	78b76d7679c817a751c4	413	1156	1580	283
METHOD_ENTRY	com.badlogic.gdx.utils.LongQueue#removeValue(long):boolean	b00f17701286555e07bb	413	1114	1538	208
METHOD_EXIT	com.badlogic.gdx.utils.LongQueue#removeIndex(int):long	1c40c0b9687fc4960c4a	455	1421	1887	312
METHOD_ENTRY	com.badlogic.gdx.utils.LongQueue#removeIndex(int):long	9036b24cca91b21ff356	413	1344	1768	196
METHOD_ENTRY	com.badlogic.gdx.utils.LongQueue#notEmpty():boolean	babfedf755b587acb29f	413	1087	1511	242
METHOD_ENTRY	com.badlogic.gdx.utils.LongQueue#isEmpty():boolean	78dd22b649e44130cb70	413	1087	1511	172
METHOD_EXIT	com.badlogic.gdx.utils.LongQueue#isEmpty():boolean	a3d67df8312c5a8bd9ba	455	1161	1627	184
METHOD_EXIT	com.badlogic.gdx.utils.LongQueue#first():long	f12df066280f00f7731f	455	1188	1654	210
METHOD_ENTRY	com.badlogic.gdx.utils.LongQueue#last():long	e2681cb4cebb57c1502b	413	1156	1580	249
METHOD_EXIT	com.badlogic.gdx.utils.LongQueue#last():long	9ee1d5c76a3e671de329	455	1230	1696	307
METHOD_EXIT	com.badlogic.gdx.utils.LongQueue#get(int):long	ab8e8130ab3a5b6b601c	455	1258	1724	271
METHOD_ENTRY	com.badlogic.gdx.utils.LongQueue#clear():void	a1b7cd7a472b64d1d300	413	1109	1533	193
METHOD_EXIT	com.badlogic.gdx.utils.LongQueue#clear():void	4edb1c4804f09555f655	455	1120	1586	183
METHOD_ENTRY	com.badlogic.gdx.utils.LongQueue#get(int):long	adc893505d7197e39f77	413	1181	1605	237
METHOD_ENTRY	com.badlogic.gdx.utils.LongQueue#first():long	92add9610be6dd719005	413	1114	1538	260
METHOD_EXIT	com.badlogic.gdx.utils.LongQueue#toString():String	970448f1066a0d62f0a9	455	1276	1742	223
METHOD_ENTRY	com.badlogic.gdx.utils.LongQueue#toString(String):String	f8e62ba93862aa51f8da	413	1186	1610	262
METHOD_EXIT	com.badlogic.gdx.utils.LongQueue#toString(String):String	31899771d834e8857f1d	455	1263	1729	331
METHOD_ENTRY	com.badlogic.gdx.utils.compression.lzma.Base#StateInit():int	b35c1b23e3e385825018	413	772	1196	209
METHOD_ENTRY	com.badlogic.gdx.utils.LongQueue#hashCode():int	c544d308cb025cbb33e1	413	1187	1611	283
METHOD_EXIT	com.badlogic.gdx.utils.compression.lzma.Base#StateInit():int	194d195d203f992faef4	455	846	1312	43
METHOD_ENTRY	com.badlogic.gdx.utils.compression.lzma.Base#StateUpdateChar(int):int	8d74be810d2a8a1304e7	413	808	1232	198
METHOD_ENTRY	com.badlogic.gdx.utils.LongQueue#toString():String	e8d76c5faf0849620eb6	413	1202	1626	212
METHOD_EXIT	com.badlogic.gdx.utils.compression.lzma.Base#StateUpdateChar(int):int	bf8fde372e5236efa133	455	885	1351	330
METHOD_EXIT	com.badlogic.gdx.utils.LongQueue#notEmpty():boolean	ce03ff3ba89b77de5d0c	455	1161	1627	298
METHOD_ENTRY	com.badlogic.gdx.utils.compression.lzma.Base#StateUpdateMatch(int):int	cb960156717638b75b5d	413	789	1213	278
METHOD_EXIT	com.badlogic.gdx.utils.compression.lzma.Base#StateUpdateMatch(int):int	c1679c66609b892b1ef3	455	866	1332	293
METHOD_EXIT	com.badlogic.gdx.utils.LongQueue#equals(Object):boolean	2d987f2702dfb8c8a9e7	455	1356	1822	317
METHOD_EXIT	com.badlogic.gdx.utils.compression.lzma.Base#StateUpdateRep(int):int	d7c8a3cc32151671a57d	455	866	1332	267
METHOD_ENTRY	com.badlogic.gdx.utils.compression.lzma.Base#StateUpdateRep(int):int	ff7d2f03ab1b168d28db	413	789	1213	233
METHOD_EXIT	com.badlogic.gdx.utils.compression.lzma.Base#StateUpdateShortRep(int):int	5e52200de133b3ee215e	455	868	1334	251
METHOD_ENTRY	com.badlogic.gdx.utils.compression.lzma.Base#StateIsCharState(int):boolean	e6e81789405a21bf0229	413	784	1208	288
METHOD_ENTRY	com.badlogic.gdx.utils.compression.lzma.Base#GetLenToPosState(int):int	594f532f4e76e61e7efa	413	817	1241	327
METHOD_EXIT	com.badlogic.gdx.utils.compression.lzma.Base#StateIsCharState(int):boolean	378982700988623576f5	455	861	1327	165
METHOD_EXIT	com.badlogic.gdx.utils.LongQueue#hashCode():int	0e6ff3abad699c36eb2d	455	1261	1727	348
METHOD_ENTRY	com.badlogic.gdx.utils.compression.lzma.Base#StateUpdateShortRep(int):int	a41d87533ecca18f729d	413	791	1215	653
METHOD_ENTRY	com.badlogic.gdx.utils.compression.lzma.Decoder#Create(int):void	bd576ff969a7e2c58d7f	413	734	1158	320
METHOD_EXIT	com.badlogic.gdx.utils.compression.lzma.Base#GetLenToPosState(int):int	a3910730fd833416f202	455	894	1360	379
METHOD_EXIT	com.badlogic.gdx.utils.compression.lzma.Decoder#Create(int):void	4db6ab2d24ea27f7bfe8	455	745	1211	334
METHOD_ENTRY	com.badlogic.gdx.utils.compression.lzma.Decoder#Decode(com.badlogic.gdx.utils.compression.rangecoder.Decoder,int):int	405f551ca54d0f977e1e	413	813	1237	230
METHOD_EXIT	com.badlogic.gdx.utils.compression.lzma.Decoder#Init():void	e7127ce1946eed25874d	455	907	1373	354
METHOD_ENTRY	com.badlogic.gdx.utils.LongQueue#equals(Object):boolean	959ddb70e9ef1860a664	413	1279	1703	214
METHOD_EXIT	com.badlogic.gdx.utils.compression.lzma.Decoder#Init():void	e7127ce1946eed25874d	455	907	1373	354
METHOD_ENTRY	com.badlogic.gdx.utils.compression.lzma.Decoder#Init():void	6f97c9e1cad2fd7706f5	413	896	1320	269
METHOD_ENTRY	com.badlogic.gdx.utils.compression.lzma.Decoder#DecodeNormal(com.badlogic.gdx.utils.compression.rangecoder.Decoder):byte	3945f478938a906f71b2	413	753	1177	256
METHOD_ENTRY	com.badlogic.gdx.utils.compression.lzma.Decoder#Init():void	6f97c9e1cad2fd7706f5	413	896	1320	269
METHOD_EXIT	com.badlogic.gdx.utils.compression.lzma.Decoder#DecodeNormal(com.badlogic.gdx.utils.compression.rangecoder.Decoder):byte	cf85db163392e96e7501	455	830	1296	305
METHOD_ENTRY	com.badlogic.gdx.utils.compression.lzma.Decoder#DecodeWithMatchByte(com.badlogic.gdx.utils.compression.rangecoder.Decoder,byte):byte	457e69d45c18adc38da8	413	859	1283	90
METHOD_EXIT	com.badlogic.gdx.utils.compression.lzma.Decoder#Create(int,int):void	064c862771e4ee83b5f9	455	815	1281	338
METHOD_EXIT	com.badlogic.gdx.utils.compression.lzma.Decoder#Decode(com.badlogic.gdx.utils.compression.rangecoder.Decoder,int):int	702df1acea50fdb27894	455	890	1356	301
METHOD_ENTRY	com.badlogic.gdx.utils.compression.lzma.Decoder#Init():void	6f97c9e1cad2fd7706f5	413	896	1320	269
METHOD_ENTRY	com.badlogic.gdx.utils.compression.lzma.Decoder#GetDecoder(int,byte):Decoder2	825973241cc050333b8b	413	718	1142	262
METHOD_EXIT	com.badlogic.gdx.utils.compression.lzma.Decoder#GetDecoder(int,byte):Decoder2	1dee9fb18a81f547de99	455	796	1262	320
METHOD_ENTRY	com.badlogic.gdx.utils.compression.lzma.Decoder#SetDictionarySize(int):boolean	a47e8f16bb1925cc104f	413	745	1169	67
METHOD_EXIT	com.badlogic.gdx.utils.compression.lzma.Decoder#Init():void	e7127ce1946eed25874d	455	907	1373	354
METHOD_EXIT	com.badlogic.gdx.utils.compression.lzma.Decoder#DecodeWithMatchByte(com.badlogic.gdx.utils.compression.rangecoder.Decoder,byte):byte	e2c907500a1e67b9a81c	455	936	1402	326
METHOD_ENTRY	com.badlogic.gdx.utils.compression.lzma.Decoder#SetLcLpPb(int,int,int):boolean	56716d61983b9f73a1e5	413	777	1201	332
METHOD_ENTRY	com.badlogic.gdx.utils.compression.lzma.Decoder#Init():void	6f97c9e1cad2fd7706f5	413	896	1320	269
METHOD_EXIT	com.badlogic.gdx.utils.compression.lzma.Decoder#SetLcLpPb(int,int,int):boolean	6ce5151fe0bc4468172b	455	854	1320	359
METHOD_ENTRY	com.badlogic.gdx.utils.compression.lzma.Decoder#Create(int,int):void	1edd4b80c1b664a7fcc1	413	804	1228	233
METHOD_EXIT	com.badlogic.gdx.utils.compression.lzma.Decoder#Init():void	e7127ce1946eed25874d	455	907	1373	354
METHOD_ENTRY	com.badlogic.gdx.utils.compression.lzma.Decoder#SetDecoderProperties(byte[]):boolean	9f047dd033bd8b890819	413	807	1231	443
METHOD_ENTRY	com.badlogic.gdx.utils.compression.lzma.LenDecoder#Create(int):void	137080aaabe0f500057f	413	454	878	286
METHOD_EXIT	com.badlogic.gdx.utils.compression.lzma.Decoder#SetDecoderProperties(byte[]):boolean	77ed6f5458665a550b61	455	884	1350	451
METHOD_EXIT	com.badlogic.gdx.utils.compression.lzma.Decoder#SetDictionarySize(int):boolean	a1bb9b115ef850fb8620	455	822	1288	340
METHOD_ENTRY	com.badlogic.gdx.utils.compression.lzma.LenDecoder#Init():void	7fa93aba0ab70f2c1523	413	616	1040	361
METHOD_EXIT	com.badlogic.gdx.utils.compression.lzma.LenDecoder#Create(int):void	ce5492d04e00e30044f1	455	465	931	349
METHOD_EXIT	com.badlogic.gdx.utils.compression.lzma.LenDecoder#Init():void	3f81f2e46b4014d93144	455	627	1093	251
METHOD_ENTRY	com.badlogic.gdx.utils.compression.lzma.LenDecoder#Decode(com.badlogic.gdx.utils.compression.rangecoder.Decoder,int):int	2e08b5bac16106e39d2d	413	533	957	290
METHOD_EXIT	com.badlogic.gdx.utils.compression.lzma.LenDecoder#Decode(com.badlogic.gdx.utils.compression.rangecoder.Decoder,int):int	f39c6b7c819fe1f677d3	455	610	1076	335
METHOD_EXIT	com.badlogic.gdx.utils.compression.lzma.LiteralDecoder#Init():void	01457a9ec5fc7157c696	455	628	1094	235
METHOD_EXIT	com.badlogic.gdx.utils.compression.lzma.Decoder#Code(java.io.InputStream,java.io.OutputStream,long):boolean	6936f59893910c260548	455	1673	2139	307
METHOD_ENTRY	com.badlogic.gdx.utils.compression.lzma.Decoder#Code(java.io.InputStream,java.io.OutputStream,long):boolean	2ce0fe9a307ba9984e7d	413	1596	2020	234
METHOD_EXIT	com.badlogic.gdx.utils.compression.lzma.LiteralDecoder#DecodeNormal(com.badlogic.gdx.utils.compression.rangecoder.Decoder):byte	530784820eafa446e2dd	455	551	1017	104
METHOD_ENTRY	com.badlogic.gdx.utils.compression.lzma.LiteralDecoder#DecodeWithMatchByte(com.badlogic.gdx.utils.compression.rangecoder.Decoder,byte):byte	f59d93cac4eb86b77c32	413	580	1004	112
METHOD_EXIT	com.badlogic.gdx.utils.compression.lzma.LiteralDecoder#DecodeWithMatchByte(com.badlogic.gdx.utils.compression.rangecoder.Decoder,byte):byte	5873cf25442b04799218	455	657	1123	349
METHOD_ENTRY	com.badlogic.gdx.utils.compression.lzma.LiteralDecoder#Create(int,int):void	5c261d25b8c67088e359	413	525	949	297
METHOD_ENTRY	com.badlogic.gdx.utils.compression.lzma.LiteralDecoder#DecodeNormal(com.badlogic.gdx.utils.compression.rangecoder.Decoder):byte	9ab92db1f421a4956e42	413	474	898	264
METHOD_EXIT	com.badlogic.gdx.utils.compression.lzma.LiteralDecoder#Init():void	01457a9ec5fc7157c696	455	628	1094	235
METHOD_ENTRY	com.badlogic.gdx.utils.compression.lzma.LiteralDecoder#GetDecoder(int,byte):Decoder2	609c333e0b76a33d18dd	413	439	863	279
METHOD_ENTRY	com.badlogic.gdx.utils.compression.lzma.LiteralDecoder#Init():void	a1f0d4e9525557ced362	413	617	1041	5
METHOD_EXIT	com.badlogic.gdx.utils.compression.lzma.LiteralDecoder#GetDecoder(int,byte):Decoder2	f027f5b2c943907a8bd7	455	517	983	380
METHOD_ENTRY	com.badlogic.gdx.utils.compression.lzma.Decoder2#Init():void	782718fc9fa4f8eca24f	413	617	1041	284
METHOD_ENTRY	com.badlogic.gdx.utils.compression.lzma.LiteralDecoder#Init():void	a1f0d4e9525557ced362	413	617	1041	5
METHOD_EXIT	com.badlogic.gdx.utils.compression.lzma.LiteralDecoder#Create(int,int):void	2449c7ecee064b7889cf	455	536	1002	224
METHOD_ENTRY	com.badlogic.gdx.utils.compression.lzma.Decoder2#DecodeNormal(com.badlogic.gdx.utils.compression.rangecoder.Decoder):byte	cc570dd699da5d197d48	413	474	898	266
METHOD_EXIT	com.badlogic.gdx.utils.compression.lzma.Decoder2#Init():void	4f94739b30b52d95afd2	455	628	1094	344
METHOD_EXIT	com.badlogic.gdx.utils.compression.lzma.Decoder2#DecodeWithMatchByte(com.badlogic.gdx.utils.compression.rangecoder.Decoder,byte):byte	9d852768616003243e89	455	657	1123	348
METHOD_ENTRY	com.badlogic.gdx.utils.compression.lzma.Decoder2#DecodeWithMatchByte(com.badlogic.gdx.utils.compression.rangecoder.Decoder,byte):byte	fafa8987290106dfbbea	413	580	1004	98
METHOD_EXIT	com.badlogic.gdx.utils.compression.lzma.Decoder2#DecodeNormal(com.badlogic.gdx.utils.compression.rangecoder.Decoder):byte	08c098d95bdc637242f6	455	551	1017	362
METHOD_ENTRY	com.badlogic.gdx.utils.compression.lzma.Encoder#GetPosSlot(int):int	968e40c4d93d0c21a92f	413	1507	1931	123
METHOD_EXIT	com.badlogic.gdx.utils.compression.lzma.Encoder#GetPosSlot2(int):int	011393e77d87681ba1db	455	1594	2060	393
METHOD_ENTRY	com.badlogic.gdx.utils.compression.lzma.Encoder#BaseInit():void	326db878f035702bb46a	413	1483	1907	252
METHOD_EXIT	com.badlogic.gdx.utils.compression.lzma.Encoder#GetPosSlot(int):int	e6609414ad3d43b51131	455	1584	2050	370
METHOD_EXIT	com.badlogic.gdx.utils.compression.lzma.Encoder#BaseInit():void	a9f21a18f43e4d51256e	455	1494	1960	331
METHOD_ENTRY	com.badlogic.gdx.utils.compression.lzma.Encoder#GetPosSlot2(int):int	07ae4f862bdb34fab9fe	413	1517	1941	384
METHOD_ENTRY	com.badlogic.gdx.utils.compression.lzma.Encoder#Init():void	a293b790a15ba3f7f8c8	413	1705	2129	252
METHOD_EXIT	com.badlogic.gdx.utils.compression.lzma.Encoder#Encode(com.badlogic.gdx.utils.compression.rangecoder.Encoder,byte):void	ac0164e70bf3a3458d7a	455	1567	2033	250
METHOD_ENTRY	com.badlogic.gdx.utils.compression.lzma.Encoder#EncodeMatched(com.badlogic.gdx.utils.compression.rangecoder.Encoder,byte,byte):void	019f1293d4301350c129	413	1630	2054	218
METHOD_ENTRY	com.badlogic.gdx.utils.compression.lzma.Encoder#Encode(com.badlogic.gdx.utils.compression.rangecoder.Encoder,byte):void	68cbf41f11b807c48dab	413	1556	1980	150
METHOD_ENTRY	com.badlogic.gdx.utils.compression.lzma.Encoder#GetPrice(boolean,byte,byte):int	979fc1eee897156da261	413	1681	2105	261
METHOD_EXIT	com.badlogic.gdx.utils.compression.lzma.Encoder#Init():void	e0b8a62a01dafae59853	455	1716	2182	271
METHOD_EXIT	com.badlogic.gdx.utils.compression.lzma.Encoder#GetPrice(boolean,byte,byte):int	e51d9ff90af9979dbe00	455	1758	2224	335
METHOD_ENTRY	com.badlogic.gdx.utils.compression.lzma.Encoder#Create(int,int):void	03122269962629942473	413	1583	2007	269
METHOD_EXIT	com.badlogic.gdx.utils.compression.lzma.Encoder#Create(int,int):void	94d20a28e5a5cd463597	455	1594	2060	287
METHOD_ENTRY	com.badlogic.gdx.utils.compression.lzma.Encoder#Init():void	a293b790a15ba3f7f8c8	413	1705	2129	252
METHOD_EXIT	com.badlogic.gdx.utils.compression.lzma.Encoder#Init():void	e0b8a62a01dafae59853	455	1716	2182	271
METHOD_EXIT	com.badlogic.gdx.utils.compression.lzma.Encoder#EncodeMatched(com.badlogic.gdx.utils.compression.rangecoder.Encoder,byte,byte):void	330ee599ec1c2da8c4f3	455	1641	2107	276
METHOD_ENTRY	com.badlogic.gdx.utils.compression.lzma.Encoder#GetSubCoder(int,byte):Encoder2	a0fd4970b2e2294e50b4	413	1500	1924	348
METHOD_ENTRY	com.badlogic.gdx.utils.compression.lzma.Encoder#Init(int):void	781fda3a5112949d4e43	413	1515	1939	270
METHOD_ENTRY	com.badlogic.gdx.utils.compression.lzma.Encoder#Encode(com.badlogic.gdx.utils.compression.rangecoder.Encoder,int,int):void	08f0e8782d55b4ce0439	413	1650	2074	282
METHOD_EXIT	com.badlogic.gdx.utils.compression.lzma.Encoder#Init(int):void	eae781ad1354e3726568	455	1526	1992	342
METHOD_ENTRY	com.badlogic.gdx.utils.compression.lzma.Encoder#SetTableSize(int):void	8ad24a9d78b63d495783	413	1458	1882	154
METHOD_EXIT	com.badlogic.gdx.utils.compression.lzma.Encoder#Encode(com.badlogic.gdx.utils.compression.rangecoder.Encoder,int,int):void	c7ed50cdee35e12f3145	455	1661	2127	316
METHOD_ENTRY	com.badlogic.gdx.utils.compression.lzma.Encoder#SetPrices(int,int,int[],int):void	288d58896d432c5339a4	413	1754	2178	242
METHOD_EXIT	com.badlogic.gdx.utils.compression.lzma.Encoder#GetSubCoder(int,byte):Encoder2	ae7ab3b4fd034f9971f2	455	1578	2044	287
METHOD_EXIT	com.badlogic.gdx.utils.compression.lzma.Encoder#SetTableSize(int):void	da64d400f6640601db32	455	1469	1935	258
METHOD_EXIT	com.badlogic.gdx.utils.compression.lzma.Encoder#SetPrices(int,int,int[],int):void	f066ba907ad67ebfed57	455	1765	2231	210
METHOD_ENTRY	com.badlogic.gdx.utils.compression.lzma.Encoder#GetPrice(int,int):int	eefc098e5e6f959239f8	413	1472	1896	305
METHOD_EXIT	com.badlogic.gdx.utils.compression.lzma.Encoder#UpdateTable(int):void	804a7fbc897d6840b5e6	455	1492	1958	319
METHOD_ENTRY	com.badlogic.gdx.utils.compression.lzma.Encoder#UpdateTables(int):void	277b730638a3a1334763	413	1476	1900	298
METHOD_ENTRY	com.badlogic.gdx.utils.compression.lzma.Encoder#UpdateTable(int):void	001b72a8756f27685ff0	413	1481	1905	324
METHOD_EXIT	com.badlogic.gdx.utils.compression.lzma.Encoder#GetPrice(int,int):int	d6ed5e0e7e8b58653570	455	1549	2015	295
METHOD_ENTRY	com.badlogic.gdx.utils.compression.lzma.Encoder#Encode(com.badlogic.gdx.utils.compression.rangecoder.Encoder,int,int):void	08f0e8782d55b4ce0439	413	1650	2074	282
METHOD_ENTRY	com.badlogic.gdx.utils.compression.lzma.Encoder#MakeAsChar():void	1b4aefa7e9192c070ef9	413	1459	1883	212
METHOD_EXIT	com.badlogic.gdx.utils.compression.lzma.Encoder#MakeAsChar():void	4fac26a0d6b7cf2aa2cd	455	1470	1936	85
METHOD_ENTRY	com.badlogic.gdx.utils.compression.lzma.Encoder#MakeAsShortRep():void	7ef20a66f6ebe82c76e2	413	1464	1888	150
METHOD_EXIT	com.badlogic.gdx.utils.compression.lzma.Encoder#MakeAsShortRep():void	365cccc4071f0a378c23	455	1475	1941	132
METHOD_EXIT	com.badlogic.gdx.utils.compression.lzma.Encoder#UpdateTables(int):void	cfbbbadb47b2e114accf	455	1487	1953	252
METHOD_EXIT	com.badlogic.gdx.utils.compression.lzma.Encoder#IsShortRep():boolean	b39ea63b1a37a6cda922	455	1525	1991	179
METHOD_ENTRY	com.badlogic.gdx.utils.compression.lzma.Encoder#IsShortRep():boolean	08814bac03791ec8362e	413	1451	1875	250
METHOD_EXIT	com.badlogic.gdx.utils.compression.lzma.Encoder#Encode(com.badlogic.gdx.utils.compression.rangecoder.Encoder,int,int):void	c7ed50cdee35e12f3145	455	1661	2127	316
METHOD_ENTRY	com.badlogic.gdx.utils.compression.lzma.Encoder#Create():void	26b9cb3a8cee4aa4ace6	413	1611	2035	276
METHOD_EXIT	com.badlogic.gdx.utils.compression.lzma.Encoder#Create():void	8b35215cc55235ae670e	455	1622	2088	325
METHOD_ENTRY	com.badlogic.gdx.utils.compression.lzma.Encoder#SetWriteEndMarkerMode(boolean):void	8a62cf44be4060adc528	413	1464	1888	52
METHOD_EXIT	com.badlogic.gdx.utils.compression.lzma.Encoder#SetWriteEndMarkerMode(boolean):void	0d22f443a2ee63ccd791	455	1475	1941	183
METHOD_ENTRY	com.badlogic.gdx.utils.compression.lzma.Encoder#ReadMatchDistances():int	8d3f82bf0d0478df6fb2	413	1557	1981	209
METHOD_ENTRY	com.badlogic.gdx.utils.compression.lzma.Encoder#MovePos(int):void	e03db7d5be1bca3a1b89	413	1475	1899	325
METHOD_EXIT	com.badlogic.gdx.utils.compression.lzma.Encoder#Init():void	e0b8a62a01dafae59853	455	1716	2182	271
METHOD_ENTRY	com.badlogic.gdx.utils.compression.lzma.Encoder#Init():void	a293b790a15ba3f7f8c8	413	1705	2129	252
METHOD_EXIT	com.badlogic.gdx.utils.compression.lzma.Encoder#MovePos(int):void	3baf7a8696801e4a7c6c	455	1486	1952	192
METHOD_ENTRY	com.badlogic.gdx.utils.compression.lzma.Encoder#GetRepLen1Price(int,int):int	7f6c43e8538fe615cc1e	413	1526	1950	259
METHOD_EXIT	com.badlogic.gdx.utils.compression.lzma.Encoder#GetRepLen1Price(int,int):int	d8cade73f6a4c9a60847	455	1603	2069	195
METHOD_EXIT	com.badlogic.gdx.utils.compression.lzma.Encoder#ReadMatchDistances():int	f19afa68f6fd8f05570a	455	1631	2097	377
METHOD_EXIT	com.badlogic.gdx.utils.compression.lzma.Encoder#GetPureRepPrice(int,int,int):int	c3554e2ca6373060baf7	455	1759	2225	315
METHOD_ENTRY	com.badlogic.gdx.utils.compression.lzma.Encoder#GetPosLenPrice(int,int,int):int	5a1bd354c3fc49bbb47a	413	1581	2005	254
METHOD_EXIT	com.badlogic.gdx.utils.compression.lzma.Encoder#GetRepPrice(int,int,int,int):int	b6aea521051e8533e785	455	1592	2058	270
METHOD_ENTRY	com.badlogic.gdx.utils.compression.lzma.Encoder#GetPureRepPrice(int,int,int):int	29d7b7ec75d823652dc9	413	1682	2106	282
METHOD_ENTRY	com.badlogic.gdx.utils.compression.lzma.Encoder#GetRepPrice(int,int,int,int):int	1e44c218e9012100e904	413	1515	1939	312
METHOD_EXIT	com.badlogic.gdx.utils.compression.lzma.Encoder#Backward(int):int	818c0739b796d6b6d62e	455	1796	2262	332
METHOD_ENTRY	com.badlogic.gdx.utils.compression.lzma.Encoder#Backward(int):int	ec7f73ddfe5eb65c4bad	413	1719	2143	286
METHOD_ENTRY	com.badlogic.gdx.utils.compression.lzma.Encoder#GetOptimum(int):int	5634cce5b4a3df9bf0ca	413	6021	6445	217
METHOD_EXIT	com.badlogic.gdx.utils.compression.lzma.Encoder#GetOptimum(int):int	312da3f7789aea3b6775	455	6098	6564	326
METHOD_EXIT	com.badlogic.gdx.utils.compression.lzma.Encoder#ChangePair(int,int):boolean	4936be43f91decb82472	455	1568	2034	299
METHOD_ENTRY	com.badlogic.gdx.utils.compression.lzma.Encoder#WriteEndMarker(int):void	2f5b5b573caea940f9ef	413	1662	2086	264
METHOD_EXIT	com.badlogic.gdx.utils.compression.lzma.Encoder#GetPosLenPrice(int,int,int):int	3a2f76e7ae4117af2488	455	1658	2124	259
METHOD_EXIT	com.badlogic.gdx.utils.compression.lzma.Encoder#WriteEndMarker(int):void	18cdf0a22deffd47691b	455	1673	2139	310
METHOD_ENTRY	com.badlogic.gdx.utils.compression.lzma.Encoder#Flush(int):void	1c8c38a4fa38036f1ff1	413	1478	1902	308
METHOD_EXIT	com.badlogic.gdx.utils.compression.lzma.Encoder#Flush(int):void	1bf2f030d3627631e9b4	455	1489	1955	309
METHOD_ENTRY	com.badlogic.gdx.utils.compression.lzma.Encoder#ChangePair(int,int):boolean	804d8196e4c2dba2824f	413	1491	1915	225
METHOD_ENTRY	com.badlogic.gdx.utils.compression.lzma.Encoder#CodeOneBlock(long[],long[],boolean[]):void	f8fb655cc6f15d31da69	413	2860	3284	274
METHOD_ENTRY	com.badlogic.gdx.utils.compression.lzma.Encoder#ReleaseMFStream():void	5bfed93fe873074fc2f4	413	1474	1898	238
METHOD_EXIT	com.badlogic.gdx.utils.compression.lzma.Encoder#CodeOneBlock(long[],long[],boolean[]):void	4d0527acc347a8c6f9ec	455	2871	3337	281
METHOD_ENTRY	com.badlogic.gdx.utils.compression.lzma.Encoder#SetOutStream(java.io.OutputStream):void	cf2335eb6bfebe1627ec	413	1466	1890	260
METHOD_EXIT	com.badlogic.gdx.utils.compression.lzma.Encoder#SetOutStream(java.io.OutputStream):void	45427705adb350fe40b2	455	1477	1943	131
METHOD_ENTRY	com.badlogic.gdx.utils.compression.lzma.Encoder#ReleaseOutStream():void	77e6785775e0731dbfc6	413	1447	1871	255
METHOD_ENTRY	com.badlogic.gdx.utils.compression.lzma.Encoder#ReleaseStreams():void	f035747892f5bdffa5f7	413	1450	1874	273
METHOD_EXIT	com.badlogic.gdx.utils.compression.lzma.Encoder#ReleaseStreams():void	b959a3c195ee8a0eb752	455	1461	1927	272
METHOD_EXIT	com.badlogic.gdx.utils.compression.lzma.Encoder#ReleaseMFStream():void	0439ad11cbbc1331dae3	455	1485	1951	353
METHOD_ENTRY	com.badlogic.gdx.utils.compression.lzma.Encoder#SetStreams(java.io.InputStream,java.io.OutputStream,long,long):void	884788bd478c09ca0deb	413	1633	2057	303
METHOD_EXIT	com.badlogic.gdx.utils.compression.lzma.Encoder#SetStreams(java.io.InputStream,java.io.OutputStream,long,long):void	c19bd1b390594894f3c0	455	1644	2110	244
METHOD_ENTRY	com.badlogic.gdx.utils.compression.lzma.Encoder#Code(java.io.InputStream,java.io.OutputStream,long,long,ICodeProgress):void	d06701d7b93947d76dbc	413	1618	2042	247
METHOD_EXIT	com.badlogic.gdx.utils.compression.lzma.Encoder#Code(java.io.InputStream,java.io.OutputStream,long,long,ICodeProgress):void	8dbb6ec58dab60b39742	455	1629	2095	247
METHOD_EXIT	com.badlogic.gdx.utils.compression.lzma.Encoder#ReleaseOutStream():void	dab5e5acee0e5cb9f6c4	455	1458	1924	49
METHOD_ENTRY	com.badlogic.gdx.utils.compression.lzma.Encoder#WriteCoderProperties(java.io.OutputStream):void	4d1d91a7e3163f92a7ca	413	1542	1966	284
METHOD_EXIT	com.badlogic.gdx.utils.compression.lzma.Encoder#WriteCoderProperties(java.io.OutputStream):void	e71e42a8dadd7028ca21	455	1553	2019	354
METHOD_EXIT	com.badlogic.gdx.utils.compression.lzma.Encoder#FillDistancesPrices():void	83373e94bd4d69b48568	455	1857	2323	355
METHOD_ENTRY	com.badlogic.gdx.utils.compression.lzma.Encoder#FillAlignPrices():void	ca087c7d4ea4a176f3ac	413	1485	1909	216
METHOD_EXIT	com.badlogic.gdx.utils.compression.lzma.Encoder#FillAlignPrices():void	7f359b4fbc78aed84a14	455	1496	1962	259
METHOD_ENTRY	com.badlogic.gdx.utils.compression.lzma.Encoder#SetAlgorithm(int):boolean	97b849c9c6cd9f310ed5	413	1476	1900	249
METHOD_ENTRY	com.badlogic.gdx.utils.compression.lzma.Encoder#SetDictionarySize(int):boolean	ad8f6b51e6c7380a9663	413	1552	1976	282
METHOD_ENTRY	com.badlogic.gdx.utils.compression.lzma.Encoder#FillDistancesPrices():void	42fdb258ddbedcbd08df	413	1846	2270	285
METHOD_EXIT	com.badlogic.gdx.utils.compression.lzma.Encoder#SetDictionarySize(int):boolean	2cf5bf2aab5b2a13b9b0	455	1629	2095	344
METHOD_EXIT	com.badlogic.gdx.utils.compression.lzma.Encoder#SetNumFastBytes(int):boolean	c43b00b0f4e6664314f3	455	1567	2033	312
METHOD_ENTRY	com.badlogic.gdx.utils.compression.lzma.Encoder#SetNumFastBytes(int):boolean	31eb6643a78c4372518f	413	1490	1914	261
METHOD_EXIT	com.badlogic.gdx.utils.compression.lzma.Encoder#SetMatchFinder(int):boolean	e18788b11c08f8544bf9	455	1612	2078	325
METHOD_ENTRY	com.badlogic.gdx.utils.compression.lzma.Encoder#SetMatchFinder(int):boolean	8f9c4b0a1e4c716c91b8	413	1535	1959	332
METHOD_EXIT	com.badlogic.gdx.utils.compression.lzma.Encoder#SetAlgorithm(int):boolean	1391ea0b07e0ce67bc67	455	1553	2019	212
METHOD_ENTRY	com.badlogic.gdx.utils.compression.lzma.Encoder#SetLcLpPb(int,int,int):boolean	40c4be2a24e694552a1e	413	1574	1998	190
METHOD_ENTRY	com.badlogic.gdx.utils.compression.lzma.LiteralEncoder#Init():void	aa9f78183e23490a97a3	413	647	1071	316
METHOD_ENTRY	com.badlogic.gdx.utils.compression.lzma.Encoder#SetEndMarkerMode(boolean):void	10bc46368336e1e8afff	413	1463	1887	191
METHOD_EXIT	com.badlogic.gdx.utils.compression.lzma.LiteralEncoder#Init():void	4680fa4a1be762bb4ff3	455	658	1124	233
METHOD_ENTRY	com.badlogic.gdx.utils.compression.lzma.LiteralEncoder#Encode(com.badlogic.gdx.utils.compression.rangecoder.Encoder,byte):void	24ced34022bb90097a2c	413	498	922	200
METHOD_EXIT	com.badlogic.gdx.utils.compression.lzma.Encoder#SetEndMarkerMode(boolean):void	02b297208d39e148d691	455	1474	1940	124
METHOD_ENTRY	com.badlogic.gdx.utils.compression.lzma.LiteralEncoder#EncodeMatched(com.badlogic.gdx.utils.compression.rangecoder.Encoder,byte,byte):void	bf65ea0cca9d4e4730b5	413	572	996	133
METHOD_EXIT	com.badlogic.gdx.utils.compression.lzma.LiteralEncoder#Encode(com.badlogic.gdx.utils.compression.rangecoder.Encoder,byte):void	629fbb78f2cd3c9420c5	455	509	975	207
METHOD_ENTRY	com.badlogic.gdx.utils.compression.lzma.LiteralEncoder#GetPrice(boolean,byte,byte):int	753784865ec3fbb32382	413	623	1047	246
METHOD_EXIT	com.badlogic.gdx.utils.compression.lzma.LiteralEncoder#GetPrice(boolean,byte,byte):int	f12baab323e9cf4331eb	455	700	1166	356
METHOD_EXIT	com.badlogic.gdx.utils.compression.lzma.LiteralEncoder#EncodeMatched(com.badlogic.gdx.utils.compression.rangecoder.Encoder,byte,byte):void	71066db2ad2e9a63586d	455	583	1049	266
METHOD_EXIT	com.badlogic.gdx.utils.compression.lzma.LiteralEncoder#Create(int,int):void	29f2ae5d133e5fc5f82c	455	536	1002	322
METHOD_ENTRY	com.badlogic.gdx.utils.compression.lzma.LiteralEncoder#Create(int,int):void	a35a495c19435740cfae	413	525	949	278
METHOD_EXIT	com.badlogic.gdx.utils.compression.lzma.Encoder#SetLcLpPb(int,int,int):boolean	cf726e1c2930eb758b13	455	1651	2117	262
METHOD_ENTRY	com.badlogic.gdx.utils.compression.lzma.LiteralEncoder#Init():void	aa9f78183e23490a97a3	413	647	1071	316
METHOD_ENTRY	com.badlogic.gdx.utils.compression.lzma.LiteralEncoder#GetSubCoder(int,byte):Encoder2	3c0602d38413d05195cc	413	442	866	282
METHOD_EXIT	com.badlogic.gdx.utils.compression.lzma.LiteralEncoder#GetSubCoder(int,byte):Encoder2	1ba7a2a435c59cdc2048	455	520	986	340
METHOD_EXIT	com.badlogic.gdx.utils.compression.lzma.Encoder2#Init():void	bd5f744f18f311a1c210	455	658	1124	276
METHOD_ENTRY	com.badlogic.gdx.utils.compression.lzma.Encoder2#Encode(com.badlogic.gdx.utils.compression.rangecoder.Encoder,byte):void	3ced7be87148b04fd0b0	413	498	922	290
METHOD_ENTRY	com.badlogic.gdx.utils.compression.lzma.Encoder2#Init():void	bd6dfc3047ed6934927f	413	647	1071	414
METHOD_ENTRY	com.badlogic.gdx.utils.compression.lzma.Encoder2#EncodeMatched(com.badlogic.gdx.utils.compression.rangecoder.Encoder,byte,byte):void	611b36ec95470b4e3bdb	413	572	996	260
METHOD_EXIT	com.badlogic.gdx.utils.compression.lzma.LiteralEncoder#Init():void	4680fa4a1be762bb4ff3	455	658	1124	233
METHOD_EXIT	com.badlogic.gdx.utils.compression.lzma.Encoder2#EncodeMatched(com.badlogic.gdx.utils.compression.rangecoder.Encoder,byte,byte):void	470669e439acf2383a0b	455	583	1049	318
METHOD_EXIT	com.badlogic.gdx.utils.compression.lzma.Encoder2#GetPrice(boolean,byte,byte):int	deac6f37953c8c58e97d	455	700	1166	356
METHOD_ENTRY	com.badlogic.gdx.utils.compression.lzma.Encoder2#GetPrice(boolean,byte,byte):int	13ff05917efc390bed20	413	623	1047	199
METHOD_ENTRY	com.badlogic.gdx.utils.compression.lzma.LenEncoder#Init(int):void	b8f4d9e6a9ca66b3db15	413	456	880	267
METHOD_EXIT	com.badlogic.gdx.utils.compression.lzma.LenEncoder#Init(int):void	dc065a9d2729b662178a	455	467	933	294
METHOD_EXIT	com.badlogic.gdx.utils.compression.lzma.Encoder2#Encode(com.badlogic.gdx.utils.compression.rangecoder.Encoder,byte):void	317bfa09d5c3625b1b2a	455	509	975	298
METHOD_ENTRY	com.badlogic.gdx.utils.compression.lzma.LenEncoder#Encode(com.badlogic.gdx.utils.compression.rangecoder.Encoder,int,int):void	114d14bb16815ffeffa7	413	591	1015	258
METHOD_EXIT	com.badlogic.gdx.utils.compression.lzma.LenEncoder#Encode(com.badlogic.gdx.utils.compression.rangecoder.Encoder,int,int):void	3522be3f99e9ef027140	455	602	1068	292
METHOD_ENTRY	com.badlogic.gdx.utils.compression.lzma.LenEncoder#SetPrices(int,int,int[],int):void	787b6d4d970023b65c50	413	695	1119	261
METHOD_ENTRY	com.badlogic.gdx.utils.compression.lzma.LenPriceTableEncoder#SetTableSize(int):void	d535148c98295319a3ec	413	401	825	76
METHOD_EXIT	com.badlogic.gdx.utils.compression.lzma.LenPriceTableEncoder#SetTableSize(int):void	549520a6299f00af8612	455	412	878	147
METHOD_EXIT	com.badlogic.gdx.utils.compression.lzma.LenEncoder#SetPrices(int,int,int[],int):void	c8d8611061da503605e8	455	706	1172	241
METHOD_EXIT	com.badlogic.gdx.utils.compression.lzma.LenPriceTableEncoder#GetPrice(int,int):int	401097a5c756f299566a	455	492	958	247
METHOD_ENTRY	com.badlogic.gdx.utils.compression.lzma.LenPriceTableEncoder#GetPrice(int,int):int	50ccb0ae9cc521f03c9f	413	415	839	222
METHOD_ENTRY	com.badlogic.gdx.utils.compression.lzma.LenPriceTableEncoder#UpdateTable(int):void	afbf17863fa98afb70a2	413	424	848	252
METHOD_EXIT	com.badlogic.gdx.utils.compression.lzma.LenPriceTableEncoder#UpdateTable(int):void	dd96c510d3ec9e9f0296	455	435	901	246
METHOD_ENTRY	com.badlogic.gdx.utils.compression.lzma.LenPriceTableEncoder#UpdateTables(int):void	2c47b1c88d5ec56c4318	413	419	843	133
METHOD_EXIT	com.badlogic.gdx.utils.compression.lzma.LenPriceTableEncoder#UpdateTables(int):void	71dc860165f258ce6888	455	430	896	181
METHOD_ENTRY	com.badlogic.gdx.utils.compression.lzma.LenPriceTableEncoder#Encode(com.badlogic.gdx.utils.compression.rangecoder.Encoder,int,int):void	92bbe0c6df1ad618f706	413	593	1017	223
METHOD_EXIT	com.badlogic.gdx.utils.compression.lzma.LenPriceTableEncoder#Encode(com.badlogic.gdx.utils.compression.rangecoder.Encoder,int,int):void	db383e1e5ae9b7b03353	455	604	1070	347
METHOD_ENTRY	com.badlogic.gdx.utils.compression.lzma.Optimal#MakeAsChar():void	291af58b7b5e27db2d7f	413	400	824	100
METHOD_ENTRY	com.badlogic.gdx.utils.compression.Lzma#compress(InputStream,OutputStream):void	960621ac38ad4d3cf097	413	890	1314	226
METHOD_EXIT	com.badlogic.gdx.utils.compression.Lzma#compress(InputStream,OutputStream):void	ab34bc5af11e74639820	455	901	1367	248
METHOD_ENTRY	com.badlogic.gdx.utils.compression.Lzma#decompress(InputStream,OutputStream):void	1bbfc8e011f10ed33009	413	788	1212	59
METHOD_ENTRY	com.badlogic.gdx.utils.compression.CRC#Init():void	61f18d80954ce77e876e	413	457	881	182
METHOD_EXIT	com.badlogic.gdx.utils.compression.Lzma#decompress(InputStream,OutputStream):void	4743a64ca8b545aedfa0	455	799	1265	243
METHOD_EXIT	com.badlogic.gdx.utils.compression.CRC#Init():void	60fbc7a6cbd12b16e0d4	455	468	934	106
METHOD_ENTRY	com.badlogic.gdx.utils.compression.lzma.Optimal#MakeAsShortRep():void	dbf647a09631510cb743	413	405	829	82
METHOD_ENTRY	com.badlogic.gdx.utils.compression.CRC#Update(byte[],int,int):void	33215fca1451f1f227ca	413	518	942	272
METHOD_ENTRY	com.badlogic.gdx.utils.compression.CRC#Update(byte[]):void	4cb9ed9bb25e86bab17d	413	504	928	212
METHOD_EXIT	com.badlogic.gdx.utils.compression.CRC#Update(byte[],int,int):void	4f0a46329ca53fc0bfac	455	529	995	231
METHOD_ENTRY	com.badlogic.gdx.utils.compression.CRC#UpdateByte(int):void	592df5badfca37f79a04	413	482	906	278
METHOD_EXIT	com.badlogic.gdx.utils.compression.CRC#Update(byte[]):void	e15dd025abd63eaf2097	455	515	981	306
METHOD_EXIT	com.badlogic.gdx.utils.compression.CRC#UpdateByte(int):void	f3492525a832b840a003	455	493	959	232
METHOD_ENTRY	com.badlogic.gdx.utils.compression.CRC#GetDigest():int	a713a8f17d7c7ad217d6	413	460	884	196
METHOD_EXIT	com.badlogic.gdx.utils.compression.lzma.Optimal#MakeAsChar():void	81b4872336d5834cb4ae	455	411	877	83
METHOD_EXIT	com.badlogic.gdx.utils.compression.CRC#GetDigest():int	155743001a4e24575806	455	534	1000	185
METHOD_ENTRY	com.badlogic.gdx.utils.compression.lz.OutWindow#Create(int):void	676c39f4cff4eb9bed0d	413	568	992	220
METHOD_EXIT	com.badlogic.gdx.utils.compression.lz.OutWindow#Create(int):void	f68a87f730a9cae7bc18	455	579	1045	231
METHOD_ENTRY	com.badlogic.gdx.utils.compression.lz.OutWindow#SetStream(java.io.OutputStream):void	f83afb45c80ef3f8ef34	413	544	968	201
METHOD_EXIT	com.badlogic.gdx.utils.compression.lzma.Optimal#MakeAsShortRep():void	451c4a6f9f2586a2b0ab	455	416	882	98
METHOD_ENTRY	com.badlogic.gdx.utils.compression.lz.OutWindow#ReleaseStream():void	2a25ecdd4e9dad788e18	413	528	952	205
METHOD_ENTRY	com.badlogic.gdx.utils.compression.lz.OutWindow#Init(boolean):void	1e3e838fbfcecd5c6646	413	544	968	98
METHOD_EXIT	com.badlogic.gdx.utils.compression.lz.OutWindow#SetStream(java.io.OutputStream):void	ffb0e6b447c5f78ef698	455	555	1021	228
METHOD_EXIT	com.badlogic.gdx.utils.compression.lz.OutWindow#ReleaseStream():void	b79de42d8e4e72c8492f	455	539	1005	268
METHOD_EXIT	com.badlogic.gdx.utils.compression.lz.OutWindow#Init(boolean):void	c10e87a201d5faed0231	455	555	1021	281
METHOD_ENTRY	com.badlogic.gdx.utils.compression.lz.OutWindow#Flush():void	6747b17a48fa4e10e4af	413	573	997	277
METHOD_EXIT	com.badlogic.gdx.utils.compression.lz.OutWindow#Flush():void	1f1ce8d0a35be5fee4d1	455	584	1050	331
METHOD_ENTRY	com.badlogic.gdx.utils.compression.lz.OutWindow#CopyBlock(int,int):void	05cc5675b2424d877f41	413	609	1033	291
METHOD_ENTRY	com.badlogic.gdx.utils.compression.lz.OutWindow#PutByte(byte):void	2b4b3d667bed32c88c34	413	544	968	205
METHOD_EXIT	com.badlogic.gdx.utils.compression.lz.OutWindow#PutByte(byte):void	b212b09991cd2a668b37	455	555	1021	289
METHOD_EXIT	com.badlogic.gdx.utils.compression.lz.OutWindow#CopyBlock(int,int):void	93300484d8c0905f423e	455	620	1086	205
METHOD_ENTRY	com.badlogic.gdx.utils.compression.lz.OutWindow#GetByte(int):byte	687cfa66bab618d0e9c1	413	554	978	223
METHOD_EXIT	com.badlogic.gdx.utils.compression.lz.OutWindow#GetByte(int):byte	6d7ee059bf8ab1eab5d4	455	631	1097	296
METHOD_ENTRY	com.badlogic.gdx.utils.compression.lzma.Optimal#IsShortRep():boolean	b3bad0a8d07539f20abf	413	392	816	227
METHOD_EXIT	com.badlogic.gdx.utils.compression.lzma.Optimal#IsShortRep():boolean	b793f788c1bb8dfb9f91	455	466	932	230
METHOD_ENTRY	com.badlogic.gdx.utils.compression.lz.BinTree#SetType(int):void	c5e1784a912cd39ee4d9	413	786	1210	333
METHOD_EXIT	com.badlogic.gdx.utils.compression.lz.BinTree#SetType(int):void	eca89cb4b06dd470b242	455	797	1263	309
METHOD_ENTRY	com.badlogic.gdx.utils.compression.lz.BinTree#MovePos():void	11f84272b9c8715cc326	413	726	1150	217
METHOD_ENTRY	com.badlogic.gdx.utils.compression.lz.BinTree#Init():void	928c15ecf4c72e1a3f78	413	732	1156	251
METHOD_EXIT	com.badlogic.gdx.utils.compression.lz.BinTree#MovePos():void	940cf9d7a6af636c5f26	455	737	1203	282
METHOD_EXIT	com.badlogic.gdx.utils.compression.lz.BinTree#Init():void	9d33d52030c97f6bfd02	455	743	1209	329
METHOD_EXIT	com.badlogic.gdx.utils.compression.lz.BinTree#Create(int,int,int,int):boolean	43a6908d2c50a5c9c438	455	1099	1565	255
METHOD_ENTRY	com.badlogic.gdx.utils.compression.lz.BinTree#GetMatches(int[]):int	1a1bbe31432457b0346e	413	1841	2265	250
METHOD_EXIT	com.badlogic.gdx.utils.compression.lz.BinTree#GetMatches(int[]):int	5f61b0e15ef5a9ddb142	455	1918	2384	337
METHOD_ENTRY	com.badlogic.gdx.utils.compression.lz.BinTree#Skip(int):void	af338146cae182286790	413	1457	1881	250
METHOD_EXIT	com.badlogic.gdx.utils.compression.lz.BinTree#Skip(int):void	0b84df987f46aab54cdd	455	1468	1934	306
METHOD_ENTRY	com.badlogic.gdx.utils.compression.lz.BinTree#Create(int,int,int,int):boolean	46baed09ea2040df287a	413	1022	1446	262
METHOD_ENTRY	com.badlogic.gdx.utils.compression.lz.BinTree#Normalize():void	ef67e6b43235fa61c71a	413	734	1158	255
METHOD_ENTRY	com.badlogic.gdx.utils.compression.lz.InWindow#MoveBlock():void	ed1edeae9fd5f75ff5eb	413	727	1151	185
METHOD_EXIT	com.badlogic.gdx.utils.compression.lz.BinTree#NormalizeLinks(int[],int,int):void	d9f495a2577760a5534e	455	781	1247	312
METHOD_ENTRY	com.badlogic.gdx.utils.compression.lz.BinTree#NormalizeLinks(int[],int,int):void	c5743d0d9030b67e669c	413	770	1194	236
METHOD_EXIT	com.badlogic.gdx.utils.compression.lz.InWindow#MoveBlock():void	1e6507eaedb6ed288d48	455	738	1204	375
METHOD_ENTRY	com.badlogic.gdx.utils.compression.lz.InWindow#ReadBlock():void	4b90028f86b01d42709e	413	813	1237	269
METHOD_EXIT	com.badlogic.gdx.utils.compression.lz.BinTree#Normalize():void	4eeef9f5e5204e3031ae	455	745	1211	297
METHOD_EXIT	com.badlogic.gdx.utils.compression.lz.InWindow#ReadBlock():void	9284c36f8f47ae9492a7	455	824	1290	312
METHOD_ENTRY	com.badlogic.gdx.utils.compression.lz.BinTree#SetCutValue(int):void	3d9ef3ec48ad2fade32a	413	700	1124	213
METHOD_ENTRY	com.badlogic.gdx.utils.compression.lz.InWindow#Free():void	7922d8506762ed000dd2	413	627	1051	44
METHOD_EXIT	com.badlogic.gdx.utils.compression.lz.BinTree#SetCutValue(int):void	35dd2ddcc3904d308096	455	711	1177	121
METHOD_ENTRY	com.badlogic.gdx.utils.compression.lz.InWindow#Create(int,int,int):void	44c01c440cc309ef550f	413	752	1176	315
METHOD_EXIT	com.badlogic.gdx.utils.compression.lz.InWindow#Create(int,int,int):void	04410a10ef9b6587bd60	455	763	1229	263
METHOD_EXIT	com.badlogic.gdx.utils.compression.lz.InWindow#Free():void	c66654b71269ecadc74c	455	638	1104	257
METHOD_EXIT	com.badlogic.gdx.utils.compression.lz.InWindow#SetStream(java.io.InputStream):void	d6d4515094ba5953437b	455	655	1121	233
METHOD_ENTRY	com.badlogic.gdx.utils.compression.lz.InWindow#ReleaseStream():void	01e57268bae2c6f063d4	413	629	1053	261
METHOD_ENTRY	com.badlogic.gdx.utils.compression.lz.InWindow#Init():void	ef778dd13664a6f15cb9	413	659	1083	247
METHOD_EXIT	com.badlogic.gdx.utils.compression.lz.InWindow#ReleaseStream():void	91deaec5a7ecd6af4b91	455	640	1106	64
METHOD_EXIT	com.badlogic.gdx.utils.compression.lz.InWindow#Init():void	cdb64568b0376dc7a0e3	455	670	1136	205
METHOD_ENTRY	com.badlogic.gdx.utils.compression.lz.InWindow#MovePos():void	559cd1d82569d75c5395	413	678	1102	237
METHOD_ENTRY	com.badlogic.gdx.utils.compression.lz.InWindow#SetStream(java.io.InputStream):void	1cc18d22fd814d0127bc	413	644	1068	211
METHOD_EXIT	com.badlogic.gdx.utils.compression.lz.InWindow#GetIndexByte(int):byte	0f834f9a788aaf8e4a1a	455	722	1188	235
METHOD_ENTRY	com.badlogic.gdx.utils.compression.lz.InWindow#GetIndexByte(int):byte	71476d233a709422b9d9	413	645	1069	224
METHOD_ENTRY	com.badlogic.gdx.utils.compression.lz.InWindow#GetMatchLen(int,int,int):int	e03213ea5ff975acb63f	413	762	1186	286
METHOD_ENTRY	com.badlogic.gdx.utils.compression.lz.InWindow#GetNumAvailableBytes():int	6837d4a317274b547c96	413	636	1060	275
METHOD_ENTRY	com.badlogic.gdx.utils.compression.rangecoder.BitTreeDecoder#Init():void	2f159ba160d1b26f47a3	413	463	887	222
METHOD_EXIT	com.badlogic.gdx.utils.compression.lz.InWindow#GetNumAvailableBytes():int	1263acee16e7b9460e15	455	710	1176	240
METHOD_EXIT	com.badlogic.gdx.utils.compression.rangecoder.BitTreeDecoder#Init():void	a7fcd2c41ab347d5191d	455	474	940	166
METHOD_EXIT	com.badlogic.gdx.utils.compression.lz.InWindow#ReduceOffsets(int):void	c7a3e4f3d43a1e860425	455	673	1139	267
METHOD_EXIT	com.badlogic.gdx.utils.compression.lz.InWindow#MovePos():void	f2219d3556f769d45b0e	455	689	1155	318
METHOD_EXIT	com.badlogic.gdx.utils.compression.lz.InWindow#GetMatchLen(int,int,int):int	20a8bf69fd4c25321a03	455	839	1305	319
METHOD_ENTRY	com.badlogic.gdx.utils.compression.rangecoder.BitTreeDecoder#Decode(Decoder):int	728f697460cb5b4bc81b	413	524	948	210
METHOD_EXIT	com.badlogic.gdx.utils.compression.rangecoder.BitTreeDecoder#Decode(Decoder):int	34077569124d4e435c61	455	601	1067	262
METHOD_EXIT	com.badlogic.gdx.utils.compression.rangecoder.BitTreeDecoder#ReverseDecode(Decoder):int	7b46d9c058560ac71228	455	622	1088	310
METHOD_ENTRY	com.badlogic.gdx.utils.compression.rangecoder.BitTreeDecoder#ReverseDecode(short[],int,Decoder,int):int	2bea60e35c0567cc7eb1	413	585	1009	206
METHOD_ENTRY	com.badlogic.gdx.utils.compression.lz.InWindow#ReduceOffsets(int):void	f0fc928b22e0275d8f9b	413	662	1086	241
METHOD_EXIT	com.badlogic.gdx.utils.compression.rangecoder.Decoder#SetStream(java.io.InputStream):void	276b01a25ef7f45724da	455	554	1020	117
METHOD_ENTRY	com.badlogic.gdx.utils.compression.rangecoder.Decoder#ReleaseStream():void	e289522a025feabe6d8c	413	528	952	282
METHOD_ENTRY	com.badlogic.gdx.utils.compression.rangecoder.Decoder#SetStream(java.io.InputStream):void	e30741301742a3a0e151	413	543	967	180
METHOD_EXIT	com.badlogic.gdx.utils.compression.rangecoder.Decoder#ReleaseStream():void	625b84da26b541ad4b6a	455	539	1005	37
METHOD_ENTRY	com.badlogic.gdx.utils.compression.rangecoder.Decoder#Init():void	8bc420e3749eda558ad0	413	564	988	244
METHOD_ENTRY	com.badlogic.gdx.utils.compression.rangecoder.Decoder#DecodeDirectBits(int):int	6ddb959ce4925c97ea89	413	652	1076	285
METHOD_EXIT	com.badlogic.gdx.utils.compression.rangecoder.BitTreeDecoder#ReverseDecode(short[],int,Decoder,int):int	30432531f34045ee84a8	455	662	1128	291
METHOD_EXIT	com.badlogic.gdx.utils.compression.rangecoder.Decoder#DecodeDirectBits(int):int	e68884970d2d37bab8ec	455	729	1195	177
METHOD_ENTRY	com.badlogic.gdx.utils.compression.rangecoder.Decoder#InitBitModels(short[]):void	bc394da9268cea423951	413	562	986	301
METHOD_EXIT	com.badlogic.gdx.utils.compression.rangecoder.Decoder#DecodeBit(short[],int):int	79f1507cdca570a51fc3	455	824	1290	349
METHOD_EXIT	com.badlogic.gdx.utils.compression.rangecoder.Decoder#InitBitModels(short[]):void	7c94cabccf7258dd8019	455	573	1039	287
METHOD_ENTRY	com.badlogic.gdx.utils.compression.rangecoder.Decoder#DecodeBit(short[],int):int	58463547c01c8384c2db	413	747	1171	242
METHOD_ENTRY	com.badlogic.gdx.utils.compression.rangecoder.BitTreeDecoder#ReverseDecode(Decoder):int	eedaefd1d13b098349e8	413	545	969	276
METHOD_EXIT	com.badlogic.gdx.utils.compression.rangecoder.Encoder#ReleaseStream():void	a3cac9428bfdac5be470	455	670	1136	40
METHOD_ENTRY	com.badlogic.gdx.utils.compression.rangecoder.Encoder#ReleaseStream():void	6a022ba56ff272a32719	413	659	1083	226
METHOD_ENTRY	com.badlogic.gdx.utils.compression.rangecoder.Encoder#Init():void	eeecf126da1c1b0f0683	413	687	1111	182
METHOD_EXIT	com.badlogic.gdx.utils.compression.rangecoder.Decoder#Init():void	454d021ce12a818f2422	455	575	1041	274
METHOD_EXIT	com.badlogic.gdx.utils.compression.rangecoder.Encoder#SetStream(java.io.OutputStream):void	b65f2a7a78af680239db	455	685	1151	244
METHOD_EXIT	com.badlogic.gdx.utils.compression.rangecoder.Encoder#Init():void	e5c33cb449dbeb1ab4d9	455	698	1164	175
METHOD_ENTRY	com.badlogic.gdx.utils.compression.rangecoder.Encoder#FlushStream():void	98580f5bb883ca2b5e00	413	660	1084	194
METHOD_EXIT	com.badlogic.gdx.utils.compression.rangecoder.Encoder#FlushData():void	09dff29bf0839aadc8ab	455	687	1153	221
METHOD_EXIT	com.badlogic.gdx.utils.compression.rangecoder.Encoder#FlushStream():void	04c90de3a403d8dcf8ca	455	671	1137	177
METHOD_ENTRY	com.badlogic.gdx.utils.compression.rangecoder.Encoder#SetStream(java.io.OutputStream):void	05e90aae0caf406b4f5c	413	674	1098	237
METHOD_ENTRY	com.badlogic.gdx.utils.compression.rangecoder.Encoder#ShiftLow():void	ddfaccade9c729b370e5	413	772	1196	342
METHOD_ENTRY	com.badlogic.gdx.utils.compression.rangecoder.Encoder#GetProcessedSizeAdd():long	90c11a025e0442e3e8a8	413	669	1093	249
METHOD_EXIT	com.badlogic.gdx.utils.compression.rangecoder.Encoder#EncodeDirectBits(int,int):void	5afe328df48bece90cde	455	768	1234	315
METHOD_EXIT	com.badlogic.gdx.utils.compression.rangecoder.Encoder#GetProcessedSizeAdd():long	87a20c76a97c818463b6	455	743	1209	354
METHOD_ENTRY	com.badlogic.gdx.utils.compression.rangecoder.Encoder#EncodeDirectBits(int,int):void	6e6a98e4a4a4a0b16a2e	413	757	1181	222
METHOD_ENTRY	com.badlogic.gdx.utils.compression.rangecoder.Encoder#FlushData():void	b164e20ca164531da152	413	676	1100	318
METHOD_EXIT	com.badlogic.gdx.utils.compression.rangecoder.Encoder#ShiftLow():void	79dbc9215c33c91702ec	455	783	1249	383
METHOD_EXIT	com.badlogic.gdx.utils.compression.rangecoder.Encoder#InitBitModels(short[]):void	3a6cf3d62c53c1598572	455	705	1171	382
METHOD_ENTRY	com.badlogic.gdx.utils.compression.rangecoder.Encoder#Encode(short[],int,int):void	09e2e0c7211564f44c44	413	823	1247	235
METHOD_EXIT	com.badlogic.gdx.utils.compression.rangecoder.Encoder#Encode(short[],int,int):void	1a3de3b73cff8d70abde	455	834	1300	260
METHOD_ENTRY	com.badlogic.gdx.utils.compression.rangecoder.Encoder#GetPrice(int,int):int	5a0ca78bc4e7e7156652	413	702	1126	282
METHOD_ENTRY	com.badlogic.gdx.utils.compression.rangecoder.BitTreeEncoder#Init():void	454f469271f0fff722bb	413	507	931	220
METHOD_ENTRY	com.badlogic.gdx.utils.compression.rangecoder.Encoder#GetPrice0(int):int	23a7d4b4ba10a2cd6b6b	413	676	1100	273
METHOD_ENTRY	com.badlogic.gdx.utils.compression.rangecoder.Encoder#InitBitModels(short[]):void	6d2f9f2a4185a5264e9d	413	694	1118	279
METHOD_EXIT	com.badlogic.gdx.utils.compression.rangecoder.Encoder#GetPrice(int,int):int	570e2b1701243b8a3e34	455	779	1245	317
METHOD_EXIT	com.badlogic.gdx.utils.compression.rangecoder.Encoder#GetPrice1(int):int	32686fd9f9b7d3fd8832	455	759	1225	335
METHOD_EXIT	com.badlogic.gdx.utils.compression.rangecoder.BitTreeEncoder#Init():void	3b66dd7cd8e6c6ab3856	455	518	984	203
METHOD_ENTRY	com.badlogic.gdx.utils.compression.rangecoder.Encoder#GetPrice1(int):int	f5963f7a3f5bf393b37e	413	682	1106	265
METHOD_EXIT	com.badlogic.gdx.utils.compression.rangecoder.Encoder#GetPrice0(int):int	60d6f639a6c72369f85a	455	753	1219	296
METHOD_ENTRY	com.badlogic.gdx.utils.compression.rangecoder.BitTreeEncoder#Encode(Encoder,int):void	0fd2d70279e7212181fe	413	588	1012	232
METHOD_EXIT	com.badlogic.gdx.utils.compression.rangecoder.BitTreeEncoder#Encode(Encoder,int):void	33442c75263c2d38d532	455	599	1065	303
METHOD_ENTRY	com.badlogic.gdx.utils.compression.rangecoder.BitTreeEncoder#ReverseGetPrice(int):int	bc4393fbbffa8934ffdf	413	588	1012	238
METHOD_EXIT	com.badlogic.gdx.utils.compression.rangecoder.BitTreeEncoder#GetPrice(int):int	f05b5618a6c984bd5315	455	665	1131	285
METHOD_ENTRY	com.badlogic.gdx.utils.compression.rangecoder.BitTreeEncoder#GetPrice(int):int	78ac5ac0b6e0c19963ba	413	588	1012	286
METHOD_EXIT	com.badlogic.gdx.utils.compression.rangecoder.BitTreeEncoder#ReverseEncode(Encoder,int):void	f86e5df79df23085ff60	455	598	1064	244
METHOD_ENTRY	com.badlogic.gdx.utils.compression.rangecoder.BitTreeEncoder#ReverseGetPrice(short[],int,int,int):int	fdb5bf5f7f1b9ff86c8c	413	627	1051	285
METHOD_EXIT	com.badlogic.gdx.utils.compression.rangecoder.BitTreeEncoder#ReverseGetPrice(int):int	bd7273e0c3e416ad7fb5	455	665	1131	271
METHOD_ENTRY	com.badlogic.gdx.utils.compression.rangecoder.BitTreeEncoder#ReverseEncode(Encoder,int):void	c9c68785927fe99a4b17	413	587	1011	186
METHOD_EXIT	com.badlogic.gdx.utils.compression.rangecoder.BitTreeEncoder#ReverseGetPrice(short[],int,int,int):int	c89d8050bb451e56885a	455	704	1170	259
METHOD_ENTRY	com.badlogic.gdx.utils.DataBuffer#toArray():byte[]	e66b791c420b5878b9cc	413	464	888	252
METHOD_EXIT	com.badlogic.gdx.utils.DataBuffer#toArray():byte[]	87beff227be95472896f	455	538	1004	281
METHOD_EXIT	com.badlogic.gdx.utils.DataBuffer#getBuffer():byte[]	2dd350dc9829723af91c	455	536	1002	249
METHOD_EXIT	com.badlogic.gdx.utils.compression.rangecoder.BitTreeEncoder#ReverseEncode(short[],int,Encoder,int,int):void	e9b4ba16afd35c56e9df	455	638	1104	243
METHOD_ENTRY	com.badlogic.gdx.utils.compression.rangecoder.BitTreeEncoder#ReverseEncode(short[],int,Encoder,int,int):void	396e96e9aca3f9a9ab9e	413	627	1051	283
METHOD_EXIT	com.badlogic.gdx.utils.PerformanceCounter#tick():void	c988e99b89f5f880a699	455	851	1317	264
METHOD_ENTRY	com.badlogic.gdx.utils.DataBuffer#getBuffer():byte[]	d778830f8d0ec306dc77	413	462	886	249
METHOD_ENTRY	com.badlogic.gdx.utils.PerformanceCounter#tick(float):void	12c9607c38115020af71	413	909	1333	224
METHOD_EXIT	com.badlogic.gdx.utils.PerformanceCounter#tick(float):void	1f40f6553c41c3e6f765	455	920	1386	177
METHOD_EXIT	com.badlogic.gdx.utils.PerformanceCounter#start():void	2d292d6892b0ceed96eb	455	827	1293	293
METHOD_ENTRY	com.badlogic.gdx.utils.PerformanceCounter#stop():void	3b281ffdbfe7426c4738	413	847	1271	222
METHOD_ENTRY	com.badlogic.gdx.utils.PerformanceCounter#tick():void	a2a090cd5cc7ec359f8b	413	840	1264	215
METHOD_EXIT	com.badlogic.gdx.utils.PerformanceCounter#stop():void	5717b5dfbc4bc57a1614	455	858	1324	250
METHOD_ENTRY	com.badlogic.gdx.utils.PerformanceCounter#start():void	5b2b9086ba7c34ccdea5	413	816	1240	149
METHOD_ENTRY	com.badlogic.gdx.utils.PerformanceCounter#reset():void	ed8cf2ae1bc2bd339bda	413	838	1262	125
METHOD_EXIT	com.badlogic.gdx.utils.PerformanceCounter#reset():void	142ad6530283308f271e	455	849	1315	263
METHOD_ENTRY	com.badlogic.gdx.utils.PerformanceCounter#toString():String	b0ee8566a93a6dd56abe	413	825	1249	186
METHOD_EXIT	com.badlogic.gdx.utils.PerformanceCounter#toString():String	9ebf929bcac02717b4fa	455	899	1365	243
METHOD_ENTRY	com.badlogic.gdx.utils.PerformanceCounter#toString(StringBuilder):StringBuilder	96baaca36fa63d9a6839	413	847	1271	249
METHOD_EXIT	com.badlogic.gdx.utils.PerformanceCounter#toString(StringBuilder):StringBuilder	249f7a9da3e49da3209d	455	925	1391	268
METHOD_ENTRY	com.badlogic.gdx.utils.Bits#get(int):boolean	e2df8eb445be6c465e5e	413	1394	1818	290
METHOD_ENTRY	com.badlogic.gdx.utils.Bits#getAndClear(int):boolean	29e79ae04ff8dcd055b6	413	1409	1833	313
METHOD_EXIT	com.badlogic.gdx.utils.Bits#getAndClear(int):boolean	be40c9e9e7542c979524	455	1486	1952	318
METHOD_ENTRY	com.badlogic.gdx.utils.Bits#getAndSet(int):boolean	574fd27914833af966fd	413	1403	1827	248
METHOD_EXIT	com.badlogic.gdx.utils.Bits#getAndSet(int):boolean	dd8ee3ab70113dcd0027	455	1480	1946	325
METHOD_ENTRY	com.badlogic.gdx.utils.Bits#set(int):void	2f41c62c7c94d7241432	413	1382	1806	286
METHOD_EXIT	com.badlogic.gdx.utils.Bits#set(int):void	fcb8b1e93b19d2b2d52f	455	1393	1859	308
METHOD_EXIT	com.badlogic.gdx.utils.Bits#get(int):boolean	39511c7d1b0aa7c38339	455	1471	1937	339
METHOD_ENTRY	com.badlogic.gdx.utils.Bits#checkCapacity(int):void	65aa3061933543f22389	413	1400	1824	272
METHOD_EXIT	com.badlogic.gdx.utils.Bits#checkCapacity(int):void	5ce69c6fdb5735ddc2df	455	1411	1877	176
METHOD_ENTRY	com.badlogic.gdx.utils.Bits#flip(int):void	e1a2ae072aa6f33a81a6	413	1383	1807	292
METHOD_EXIT	com.badlogic.gdx.utils.Bits#flip(int):void	af2c37f0472299880afd	455	1394	1860	321
METHOD_ENTRY	com.badlogic.gdx.utils.Bits#clear(int):void	82cef9f956f1684407be	413	1388	1812	179
METHOD_EXIT	com.badlogic.gdx.utils.Bits#clear(int):void	a881e8034ba8ebf757e6	455	1399	1865	256
METHOD_ENTRY	com.badlogic.gdx.utils.Bits#clear():void	51d80e024da7b9754069	413	1351	1775	157
METHOD_ENTRY	com.badlogic.gdx.utils.Bits#numBits():int	2fa09c7bbfbf3ef5fde8	413	1353	1777	232
METHOD_EXIT	com.badlogic.gdx.utils.Bits#length():int	48dd9fbbaef4351ab192	455	1541	2007	213
METHOD_EXIT	com.badlogic.gdx.utils.Bits#clear():void	a038eef68920bbf7baa4	455	1362	1828	237
METHOD_ENTRY	com.badlogic.gdx.utils.Bits#notEmpty():boolean	54921c7e93976c0fa583	413	1351	1775	280
METHOD_EXIT	com.badlogic.gdx.utils.Bits#notEmpty():boolean	f4cbe0f820a5e251199f	455	1425	1891	248
METHOD_ENTRY	com.badlogic.gdx.utils.Bits#length():int	d6dccc86a0cd5a864d4e	413	1467	1891	250
METHOD_ENTRY	com.badlogic.gdx.utils.Bits#isEmpty():boolean	fab22cbdf867f76d431c	413	1402	1826	199
METHOD_EXIT	com.badlogic.gdx.utils.Bits#isEmpty():boolean	75184ba2685e4b42acb2	455	1476	1942	227
METHOD_ENTRY	com.badlogic.gdx.utils.Bits#nextSetBit(int):int	c313d42d8c0d581f6f4f	413	1598	2022	155
METHOD_ENTRY	com.badlogic.gdx.utils.Bits#nextClearBit(int):int	eca46bdfcfdf187eefc3	413	1583	2007	271
METHOD_EXIT	com.badlogic.gdx.utils.Bits#nextClearBit(int):int	920d2255bfa6d5c48ca0	455	1660	2126	308
METHOD_ENTRY	com.badlogic.gdx.utils.Bits#and(Bits):void	8457303998915978d146	413	1441	1865	239
METHOD_EXIT	com.badlogic.gdx.utils.Bits#numBits():int	4537a00e2e7bcfccc354	455	1427	1893	237
METHOD_EXIT	com.badlogic.gdx.utils.Bits#nextSetBit(int):int	6c37ef9daf8fe83991dd	455	1675	2141	316
METHOD_EXIT	com.badlogic.gdx.utils.Bits#and(Bits):void	7b63737eafe5474731e9	455	1452	1918	329
METHOD_EXIT	com.badlogic.gdx.utils.Bits#andNot(Bits):void	3482b1e149316942ec3c	455	1408	1874	299
METHOD_ENTRY	com.badlogic.gdx.utils.Bits#or(Bits):void	f000747cd21711a50c3b	413	1450	1874	223
METHOD_ENTRY	com.badlogic.gdx.utils.Bits#xor(Bits):void	1f05648bd43ec7e48309	413	1450	1874	270
METHOD_EXIT	com.badlogic.gdx.utils.Bits#or(Bits):void	2f8c3c37eb405cabcd68	455	1461	1927	345
METHOD_EXIT	com.badlogic.gdx.utils.Bits#xor(Bits):void	698ee6cf77688e29ac31	455	1461	1927	322
METHOD_ENTRY	com.badlogic.gdx.utils.Bits#andNot(Bits):void	5f3d656d967061284b1d	413	1397	1821	290
METHOD_EXIT	com.badlogic.gdx.utils.Bits#intersects(Bits):boolean	a00d32a517d6aa19696a	455	1502	1968	301
METHOD_ENTRY	com.badlogic.gdx.utils.Bits#intersects(Bits):boolean	7b011fc62c056d669ede	413	1425	1849	247
METHOD_ENTRY	com.badlogic.gdx.utils.Bits#containsAll(Bits):boolean	f8c7aaeb1911e302a886	413	1485	1909	249
METHOD_EXIT	com.badlogic.gdx.utils.Bits#containsAll(Bits):boolean	4257422d873b180852d8	455	1562	2028	307
METHOD_ENTRY	com.badlogic.gdx.utils.Bits#hashCode():int	b27f834019f68615dc18	413	1411	1835	319
METHOD_ENTRY	com.badlogic.gdx.utils.Bits#equals(Object):boolean	3bf963d82f5d517a7ed4	413	1472	1896	277
METHOD_EXIT	com.badlogic.gdx.utils.Bits#equals(Object):boolean	d109f355c8bb8302403f	455	1549	2015	376
METHOD_EXIT	com.badlogic.gdx.utils.Bits#hashCode():int	6bda0dce22ab4b806560	455	1485	1951	296
METHOD_ENTRY	com.badlogic.gdx.utils.Base64Coder#getDecodingMap():byte[]	afedec85758be4207acf	413	1680	2104	211
METHOD_ENTRY	com.badlogic.gdx.utils.Base64Coder#getEncodingMap():char[]	7d90d84c60e581696274	413	1678	2102	254
METHOD_EXIT	com.badlogic.gdx.utils.Base64Coder#getEncodingMap():char[]	153e19a0d0d0a7a66231	455	1752	2218	227
METHOD_EXIT	com.badlogic.gdx.utils.Base64Coder#encodeString(String):String	621715f77fe106387285	455	1761	2227	381
METHOD_EXIT	com.badlogic.gdx.utils.Base64Coder#getDecodingMap():byte[]	f98b88865b508b79c57c	455	1754	2220	389
METHOD_ENTRY	com.badlogic.gdx.utils.Base64Coder#encodeString(String,boolean):String	d2ff19c9d0834b2d69ea	413	1760	2184	216
METHOD_EXIT	com.badlogic.gdx.utils.Base64Coder#encodeString(String,boolean):String	5dedc473c6352626964f	455	1837	2303	347
METHOD_ENTRY	com.badlogic.gdx.utils.Base64Coder#encodeString(String):String	1b14cf09b06e215914aa	413	1684	2108	234
METHOD_ENTRY	com.badlogic.gdx.utils.Base64Coder#encodeLines(byte[]):String	21d49b2f6baa0ba2d10b	413	1701	2125	207
METHOD_ENTRY	com.badlogic.gdx.utils.Base64Coder#encodeLines(byte[],int,int,int,String,CharMap):String	a6a74538031ec880d1ef	413	1760	2184	220
METHOD_EXIT	com.badlogic.gdx.utils.Base64Coder#encodeLines(byte[],int,int,int,String,CharMap):String	ffb1f808a5e7df3745b7	455	1837	2303	266
METHOD_EXIT	com.badlogic.gdx.utils.Base64Coder#encodeLines(byte[],int,int,int,String,char[]):String	836d168e4d62deee4c08	455	1969	2435	334
METHOD_ENTRY	com.badlogic.gdx.utils.Base64Coder#encode(byte[]):char[]	7fd2984cb2c428a56f11	413	1687	2111	251
METHOD_EXIT	com.badlogic.gdx.utils.Base64Coder#encode(byte[]):char[]	a1bad60407da1ef77869	455	1764	2230	283
METHOD_ENTRY	com.badlogic.gdx.utils.Base64Coder#encodeLines(byte[],int,int,int,String,char[]):String	5569fcf23aca609a7e90	413	1892	2316	190
METHOD_EXIT	com.badlogic.gdx.utils.Base64Coder#encodeLines(byte[]):String	ef6eaadfe4be5781e296	455	1778	2244	255
METHOD_ENTRY	com.badlogic.gdx.utils.Base64Coder#encode(byte[],CharMap):char[]	466ac8639cb457107c2a	413	1706	2130	186
METHOD_ENTRY	com.badlogic.gdx.utils.Base64Coder#encode(byte[],char[]):char[]	b747930403460de0929b	413	1704	2128	258
METHOD_EXIT	com.badlogic.gdx.utils.Base64Coder#encode(byte[],CharMap):char[]	3365ff7b1badb4d8b706	455	1783	2249	278
METHOD_EXIT	com.badlogic.gdx.utils.Base64Coder#encode(byte[],char[]):char[]	7d738860a28fb80e3ae4	455	1781	2247	266
METHOD_ENTRY	com.badlogic.gdx.utils.Base64Coder#encode(byte[],int):char[]	839c171f6b13985cb579	413	1705	2129	231
METHOD_EXIT	com.badlogic.gdx.utils.Base64Coder#encode(byte[],int):char[]	109ae8c557ef02a692af	455	1782	2248	312
METHOD_EXIT	com.badlogic.gdx.utils.Base64Coder#encode(byte[],int,int,CharMap):char[]	311d4781ebdd3fbd8de6	455	1808	2274	268
METHOD_ENTRY	com.badlogic.gdx.utils.Base64Coder#encode(byte[],int,int,char[]):char[]	c4b0b3d34368e81d3eb1	413	2012	2436	274
METHOD_ENTRY	com.badlogic.gdx.utils.Base64Coder#encode(byte[],int,int,CharMap):char[]	756e17619d9bb29473be	413	1731	2155	229
METHOD_EXIT	com.badlogic.gdx.utils.Base64Coder#encode(byte[],int,int,char[]):char[]	3b3867b3aa2728d64690	455	2089	2555	212
METHOD_EXIT	com.badlogic.gdx.utils.Base64Coder#decodeString(String):String	7a717551a2f1419ba126	455	1761	2227	279
METHOD_ENTRY	com.badlogic.gdx.utils.Base64Coder#decodeString(String):String	9bb5a2869c04cc056d99	413	1684	2108	268
METHOD_EXIT	com.badlogic.gdx.utils.Base64Coder#decodeString(String,boolean):String	87d5dc05836beff8c041	455	1798	2264	297
METHOD_ENTRY	com.badlogic.gdx.utils.Base64Coder#decodeString(String,boolean):String	dcdfee70a94a9b1e2235	413	1721	2145	250
METHOD_ENTRY	com.badlogic.gdx.utils.Base64Coder#decodeLines(String):byte[]	2de638e5d9bf78e88434	413	1690	2114	285
METHOD_EXIT	com.badlogic.gdx.utils.Base64Coder#decodeLines(String):byte[]	ccc7e3e01dcf6d649784	455	1767	2233	304
METHOD_EXIT	com.badlogic.gdx.utils.Base64Coder#decodeLines(String,CharMap):byte[]	21b2049db5b56d7cacf7	455	1785	2251	228
METHOD_ENTRY	com.badlogic.gdx.utils.Base64Coder#decodeLines(String,byte[]):byte[]	297bc2f20e1aee4a0727	413	1789	2213	175
METHOD_EXIT	com.badlogic.gdx.utils.Base64Coder#decodeLines(String,byte[]):byte[]	daa7015adbb5e51c0629	455	1866	2332	296
METHOD_ENTRY	com.badlogic.gdx.utils.Base64Coder#decode(String):byte[]	e5f5bc9ddca56c5d4ae9	413	1684	2108	325
METHOD_ENTRY	com.badlogic.gdx.utils.Base64Coder#decode(String,CharMap):byte[]	a22788420dffad8e2735	413	1705	2129	282
METHOD_EXIT	com.badlogic.gdx.utils.Base64Coder#decode(String):byte[]	a5286e29db603a09ea99	455	1761	2227	290
METHOD_ENTRY	com.badlogic.gdx.utils.Base64Coder#decodeLines(String,CharMap):byte[]	194f707581deac0043c9	413	1708	2132	250
METHOD_EXIT	com.badlogic.gdx.utils.Base64Coder#decode(String,CharMap):byte[]	f81356f0a34885a09591	455	1782	2248	258
METHOD_ENTRY	com.badlogic.gdx.utils.Base64Coder#decode(char[],byte[]):byte[]	37fe11281a8def3c0e95	413	1707	2131	254
METHOD_EXIT	com.badlogic.gdx.utils.Base64Coder#decode(char[],byte[]):byte[]	68352d4c3fc00cf2dba1	455	1784	2250	321
METHOD_ENTRY	com.badlogic.gdx.utils.Base64Coder#decode(char[],CharMap):byte[]	6f580586eea99701a764	413	1709	2133	222
METHOD_EXIT	com.badlogic.gdx.utils.Base64Coder#decode(char[],CharMap):byte[]	de7f1fbba1700dda6f6f	455	1786	2252	279
METHOD_ENTRY	com.badlogic.gdx.utils.Base64Coder#decode(char[]):byte[]	54f72d494c95148cceff	413	1694	2118	298
METHOD_EXIT	com.badlogic.gdx.utils.Base64Coder#decode(char[],int,int,CharMap):byte[]	68346d684481de128776	455	1812	2278	315
METHOD_EXIT	com.badlogic.gdx.utils.Base64Coder#decode(char[]):byte[]	437261c5a469824ccaeb	455	1771	2237	275
METHOD_ENTRY	com.badlogic.gdx.utils.GdxNativesLoader#load():void	c6cc9c6a90499e87e8cb	413	471	895	208
METHOD_EXIT	com.badlogic.gdx.utils.GdxNativesLoader#load():void	e85a1c386cce101938e3	455	482	948	244
METHOD_ENTRY	com.badlogic.gdx.utils.Base64Coder#decode(char[],int,int,CharMap):byte[]	274c13867ef006effcc3	413	1735	2159	163
METHOD_ENTRY	com.badlogic.gdx.utils.Base64Coder#decode(char[],int,int,byte[]):byte[]	f2163ff6d6aad1d9e832	413	2158	2582	256
METHOD_ENTRY	com.badlogic.gdx.utils.CharMap#getDecodingMap():byte[]	05cdc2c1626bd267b1a8	413	386	810	206
METHOD_EXIT	com.badlogic.gdx.utils.CharMap#getDecodingMap():byte[]	4fb07265467cad1bcc98	455	460	926	216
METHOD_EXIT	com.badlogic.gdx.utils.Base64Coder#decode(char[],int,int,byte[]):byte[]	8af842733adc907c34df	455	2235	2701	295
METHOD_EXIT	com.badlogic.gdx.utils.CharMap#getEncodingMap():char[]	9b144018d5955e92086f	455	458	924	293
METHOD_ENTRY	com.badlogic.gdx.utils.CharMap#getEncodingMap():char[]	d27e008b10a0508ecda0	413	384	808	150
METHOD_ENTRY	com.badlogic.gdx.utils.ArrayMap#put(K,V):int	86f4eb14e746024eeb60	413	1634	2058	229
METHOD_ENTRY	com.badlogic.gdx.utils.ArrayMap#put(K,V,int):int	636afa69a8a4c9f3f3cd	413	1685	2109	289
METHOD_ENTRY	com.badlogic.gdx.utils.ArrayMap#putAll(ArrayMap<? extends K, ? extends V>):void	b15cfa1a22adb8ebf81d	413	1594	2018	253
METHOD_EXIT	com.badlogic.gdx.utils.ArrayMap#put(K,V,int):int	fba7ea01f77c0edc8426	455	1762	2228	309
METHOD_EXIT	com.badlogic.gdx.utils.ArrayMap#putAll(ArrayMap<? extends K, ? extends V>):void	c074d5a8eef231c83c24	455	1605	2071	268
METHOD_EXIT	com.badlogic.gdx.utils.ArrayMap#put(K,V):int	c69d1104d93f229395dd	455	1711	2177	321
METHOD_ENTRY	com.badlogic.gdx.utils.ArrayMap#putAll(ArrayMap<? extends K, ? extends V>,int,int):void	c0017fce596757373731	413	1715	2139	249
METHOD_EXIT	com.badlogic.gdx.utils.ArrayMap#get(K):V	37c24e756feac8a15338	455	1641	2107	308
METHOD_ENTRY	com.badlogic.gdx.utils.ArrayMap#get(K,V):V	3b24811aa058c43f52a1	413	1653	2077	260
METHOD_ENTRY	com.badlogic.gdx.utils.ArrayMap#get(K):V	0f44c008cb4be72f7acf	413	1564	1988	215
METHOD_EXIT	com.badlogic.gdx.utils.ArrayMap#get(K,V):V	f5539d1303863a3b3043	455	1730	2196	339
METHOD_EXIT	com.badlogic.gdx.utils.ArrayMap#putAll(ArrayMap<? extends K, ? extends V>,int,int):void	e0556949a739883cea13	455	1726	2192	268
METHOD_ENTRY	com.badlogic.gdx.utils.ArrayMap#getKey(V,boolean):K	018dfe15a1030f1bed51	413	1653	2077	292
METHOD_EXIT	com.badlogic.gdx.utils.ArrayMap#getKey(V,boolean):K	dad41fdc8dca5449b0da	455	1730	2196	368
METHOD_EXIT	com.badlogic.gdx.utils.ArrayMap#getKeyAt(int):K	7c78a7bb91799d721d3d	455	1660	2126	171
METHOD_ENTRY	com.badlogic.gdx.utils.ArrayMap#getValueAt(int):V	3f004e363735885c3968	413	1583	2007	215
METHOD_ENTRY	com.badlogic.gdx.utils.ArrayMap#getKeyAt(int):K	a03ad9a6772d452eee0b	413	1583	2007	266
METHOD_EXIT	com.badlogic.gdx.utils.ArrayMap#getValueAt(int):V	2b5810f3c4402551f597	455	1660	2126	183
METHOD_ENTRY	com.badlogic.gdx.utils.ArrayMap#firstKey():K	df8fe39ed53165151c93	413	1576	2000	271
METHOD_ENTRY	com.badlogic.gdx.utils.ArrayMap#setKey(int,K):void	cf19f02fb9b98f994b37	413	1592	2016	109
METHOD_ENTRY	com.badlogic.gdx.utils.ArrayMap#setValue(int,V):void	68f4bf5eb962071fee8d	413	1592	2016	252
METHOD_EXIT	com.badlogic.gdx.utils.ArrayMap#firstValue():V	6775d4ad746b9e23a33a	455	1650	2116	281
METHOD_EXIT	com.badlogic.gdx.utils.ArrayMap#setValue(int,V):void	559920615b6aa62c0b80	455	1603	2069	288
METHOD_ENTRY	com.badlogic.gdx.utils.ArrayMap#firstValue():V	c6800950dd2c7a2b4f08	413	1576	2000	268
METHOD_EXIT	com.badlogic.gdx.utils.ArrayMap#setKey(int,K):void	322485d6bb9fe4838823	455	1603	2069	196
METHOD_EXIT	com.badlogic.gdx.utils.ArrayMap#firstKey():K	365b35933a1eb3542f5c	455	1650	2116	295
METHOD_ENTRY	com.badlogic.gdx.utils.ArrayMap#insert(int,K,V):void	e31cf8d562d20a8b25ad	413	1701	2125	209
METHOD_EXIT	com.badlogic.gdx.utils.ArrayMap#insert(int,K,V):void	59da158117c85b2558b8	455	1712	2178	280
METHOD_ENTRY	com.badlogic.gdx.utils.ArrayMap#containsKey(K):boolean	9af5d6252473dd46e0f3	413	1636	2060	138
METHOD_EXIT	com.badlogic.gdx.utils.ArrayMap#containsValue(V,boolean):boolean	8bea04edfd73e9965da1	455	1725	2191	355
METHOD_EXIT	com.badlogic.gdx.utils.ArrayMap#containsKey(K):boolean	9d437825bd6defe9386c	455	1713	2179	256
METHOD_ENTRY	com.badlogic.gdx.utils.ArrayMap#indexOfValue(V,boolean):int	cf319d74668db91b97a7	413	1661	2085	234
METHOD_ENTRY	com.badlogic.gdx.utils.ArrayMap#containsValue(V,boolean):boolean	5919a28c8a3e4bf57197	413	1648	2072	234
METHOD_ENTRY	com.badlogic.gdx.utils.ArrayMap#removeKey(K):V	c152501a17ec592da925	413	1691	2115	293
METHOD_EXIT	com.badlogic.gdx.utils.ArrayMap#removeKey(K):V	eba91131b5991fcc965c	455	1768	2234	327
METHOD_EXIT	com.badlogic.gdx.utils.ArrayMap#removeValue(V,boolean):boolean	a103aebc8473cc77eef9	455	1764	2230	439
METHOD_ENTRY	com.badlogic.gdx.utils.ArrayMap#removeIndex(int):void	b01b0de5ded8d6040b58	413	1668	2092	230
METHOD_ENTRY	com.badlogic.gdx.utils.ArrayMap#removeValue(V,boolean):boolean	4d168247255b53748be1	413	1687	2111	325
METHOD_EXIT	com.badlogic.gdx.utils.ArrayMap#indexOfValue(V,boolean):int	e882ef65c8e7e5afe5a6	455	1738	2204	378
METHOD_EXIT	com.badlogic.gdx.utils.ArrayMap#removeIndex(int):void	df177ae3167641519900	455	1679	2145	236
METHOD_ENTRY	com.badlogic.gdx.utils.ArrayMap#notEmpty():boolean	05d38d88b4f80a18ee35	413	1559	1983	208
METHOD_ENTRY	com.badlogic.gdx.utils.ArrayMap#indexOfKey(K):int	666b1a133a5d1c2fec98	413	1649	2073	64
METHOD_EXIT	com.badlogic.gdx.utils.ArrayMap#indexOfKey(K):int	a6b9bd43e2381d8a19fd	455	1726	2192	299
METHOD_EXIT	com.badlogic.gdx.utils.ArrayMap#notEmpty():boolean	89e0f6d299580584834f	455	1633	2099	161
METHOD_ENTRY	com.badlogic.gdx.utils.ArrayMap#isEmpty():boolean	1232562947b38b1c1217	413	1559	1983	249
METHOD_EXIT	com.badlogic.gdx.utils.ArrayMap#isEmpty():boolean	4f193a1889479a658a75	455	1633	2099	122
METHOD_EXIT	com.badlogic.gdx.utils.ArrayMap#peekKey():K	64ff4a2db9f1288af154	455	1634	2100	276
METHOD_ENTRY	com.badlogic.gdx.utils.ArrayMap#peekValue():V	bc6d41b2faa069277ae6	413	1560	1984	246
METHOD_EXIT	com.badlogic.gdx.utils.ArrayMap#clear(int):void	c0b609cd5c775dc4a5af	455	1601	2067	210
METHOD_ENTRY	com.badlogic.gdx.utils.ArrayMap#clear():void	bfa7944900277ce652a5	413	1580	2004	196
METHOD_ENTRY	com.badlogic.gdx.utils.ArrayMap#shrink():void	14076640d6a5804e6224	413	1566	1990	202
METHOD_EXIT	com.badlogic.gdx.utils.ArrayMap#clear():void	9757cdf93b28c7555790	455	1591	2057	193
METHOD_EXIT	com.badlogic.gdx.utils.ArrayMap#shrink():void	4bfc963204db83191a1f	455	1577	2043	263
METHOD_ENTRY	com.badlogic.gdx.utils.ArrayMap#ensureCapacity(int):void	78342a995145159261df	413	1629	2053	153
METHOD_EXIT	com.badlogic.gdx.utils.ArrayMap#ensureCapacity(int):void	48966fc54bb4734052ca	455	1640	2106	331
METHOD_ENTRY	com.badlogic.gdx.utils.ArrayMap#clear(int):void	fe06defffc84f11a0539	413	1590	2014	296
METHOD_EXIT	com.badlogic.gdx.utils.ArrayMap#peekValue():V	0e59bcd76d31235c509d	455	1634	2100	227
METHOD_ENTRY	com.badlogic.gdx.utils.ArrayMap#resize(int):void	c5a41668affb3e9b8849	413	1582	2006	243
METHOD_ENTRY	com.badlogic.gdx.utils.ArrayMap#reverse():void	3488e84e02d51ff81eb0	413	1641	2065	263
METHOD_EXIT	com.badlogic.gdx.utils.ArrayMap#resize(int):void	4773a55fd17eb184d47b	455	1593	2059	199
METHOD_ENTRY	com.badlogic.gdx.utils.ArrayMap#peekKey():K	5525dc88d97fe65e3c31	413	1560	1984	387
METHOD_EXIT	com.badlogic.gdx.utils.ArrayMap#reverse():void	f22e93fd59d3b842ea9e	455	1652	2118	196
METHOD_ENTRY	com.badlogic.gdx.utils.ArrayMap#shuffle():void	cc3b7429d2cc87e891ff	413	1629	2053	189
METHOD_EXIT	com.badlogic.gdx.utils.ArrayMap#truncate(int):void	4cdb278b1cdbcfd82e9b	455	1646	2112	265
METHOD_ENTRY	com.badlogic.gdx.utils.ArrayMap#truncate(int):void	f1f7ae29af3bb8937a71	413	1635	2059	279
METHOD_ENTRY	com.badlogic.gdx.utils.ArrayMap#hashCode():int	c0ebfead9a2ab24e3732	413	1646	2070	192
METHOD_EXIT	com.badlogic.gdx.utils.ArrayMap#hashCode():int	e6c74bc985e194733601	455	1720	2186	195
METHOD_EXIT	com.badlogic.gdx.utils.ArrayMap#equals(Object):boolean	c1d289e7728d6d8c33f9	455	1778	2244	333
METHOD_EXIT	com.badlogic.gdx.utils.ArrayMap#shuffle():void	e77a1d84a9c20c557914	455	1640	2106	278
METHOD_ENTRY	com.badlogic.gdx.utils.ArrayMap#toString():String	5ad44c5915fbc731a709	413	1666	2090	250
METHOD_ENTRY	com.badlogic.gdx.utils.ArrayMap#equalsIdentity(Object):boolean	42ff80062901bdfcf3d8	413	1659	2083	280
METHOD_EXIT	com.badlogic.gdx.utils.ArrayMap#equalsIdentity(Object):boolean	fd474ecc64034f74db77	455	1736	2202	327
METHOD_EXIT	com.badlogic.gdx.utils.ArrayMap#toString():String	11a4c30b28c249a97fea	455	1740	2206	268
METHOD_ENTRY	com.badlogic.gdx.utils.ArrayMap#equals(Object):boolean	fe4847da5c819b8d5ccf	413	1701	2125	328
METHOD_EXIT	com.badlogic.gdx.utils.ArrayMap#iterator():Iterator<Entry<K, V>>	d1aae454ae84dccbd6c7	455	1642	2108	239
METHOD_ENTRY	com.badlogic.gdx.utils.ArrayMap#iterator():Iterator<Entry<K, V>>	0d324fcdfde026f5702b	413	1564	1988	176
METHOD_EXIT	com.badlogic.gdx.utils.ArrayMap#values():Values<V>	ae518f16b8c773c8ce85	455	1735	2201	298
METHOD_EXIT	com.badlogic.gdx.utils.ArrayMap#entries():Entries<K, V>	76dfe49f9729c156a12b	455	1749	2215	337
METHOD_ENTRY	com.badlogic.gdx.utils.ArrayMap#keys():Keys<K>	972bad61771698d4431f	413	1660	2084	291
METHOD_ENTRY	com.badlogic.gdx.utils.ArrayMap#values():Values<V>	850657e4e463ec9a04f4	413	1660	2084	241
METHOD_ENTRY	com.badlogic.gdx.utils.ArrayMap#entries():Entries<K, V>	ade11661ec299cfc565c	413	1672	2096	290
METHOD_ENTRY	com.badlogic.gdx.utils.ArrayMap#hasNext():boolean	c0f988d22df61c00a284	413	1579	2003	249
METHOD_ENTRY	com.badlogic.gdx.utils.ArrayMap#iterator():Iterator<Entry<K, V>>	0d324fcdfde026f5702b	413	1564	1988	176
METHOD_EXIT	com.badlogic.gdx.utils.ArrayMap#iterator():Iterator<Entry<K, V>>	d1aae454ae84dccbd6c7	455	1642	2108	239
METHOD_ENTRY	com.badlogic.gdx.utils.ArrayMap#next():Entry<K, V>	151514053dbb130f443e	413	1617	2041	257
METHOD_EXIT	com.badlogic.gdx.utils.ArrayMap#keys():Keys<K>	8d5e6a4e64e8321c48cb	455	1735	2201	288
METHOD_EXIT	com.badlogic.gdx.utils.ArrayMap#hasNext():boolean	4406ee25fbdb0b2ae4fc	455	1653	2119	300
METHOD_EXIT	com.badlogic.gdx.utils.ArrayMap#next():Entry<K, V>	3058284e5f5782966109	455	1694	2160	329
METHOD_EXIT	com.badlogic.gdx.utils.ArrayMap#remove():void	977ec7b077a914c8b92e	455	1571	2037	238
METHOD_ENTRY	com.badlogic.gdx.utils.ArrayMap#hasNext():boolean	c0f988d22df61c00a284	413	1579	2003	249
METHOD_EXIT	com.badlogic.gdx.utils.ArrayMap#reset():void	ab9cb1a0a622aa820735	455	1568	2034	182
METHOD_ENTRY	com.badlogic.gdx.utils.ArrayMap#reset():void	89038e115b9dba774600	413	1557	1981	184
METHOD_EXIT	com.badlogic.gdx.utils.ArrayMap#iterator():Iterator<V>	d294f330bcb3ae287d75	455	1634	2100	93
METHOD_EXIT	com.badlogic.gdx.utils.ArrayMap#hasNext():boolean	4406ee25fbdb0b2ae4fc	455	1653	2119	300
METHOD_ENTRY	com.badlogic.gdx.utils.ArrayMap#next():V	275165a4e8bbf85a59e7	413	1595	2019	264
METHOD_ENTRY	com.badlogic.gdx.utils.ArrayMap#iterator():Iterator<V>	6561113a0d93a1ef7669	413	1559	1983	266
METHOD_EXIT	com.badlogic.gdx.utils.ArrayMap#remove():void	977ec7b077a914c8b92e	455	1571	2037	238
METHOD_EXIT	com.badlogic.gdx.utils.ArrayMap#next():V	2ae58179ad5dcbd0b40c	455	1669	2135	283
METHOD_ENTRY	com.badlogic.gdx.utils.ArrayMap#remove():void	eecbddf59a4171790859	413	1560	1984	183
METHOD_ENTRY	com.badlogic.gdx.utils.ArrayMap#remove():void	eecbddf59a4171790859	413	1560	1984	183
METHOD_ENTRY	com.badlogic.gdx.utils.ArrayMap#reset():void	89038e115b9dba774600	413	1557	1981	184
METHOD_ENTRY	com.badlogic.gdx.utils.ArrayMap#toArray():Array<V>	d2ecb81724fd67f1b7ca	413	1573	1997	247
METHOD_ENTRY	com.badlogic.gdx.utils.ArrayMap#toArray(Array):Array<V>	c790d1d943864025b9b0	413	1581	2005	208
METHOD_EXIT	com.badlogic.gdx.utils.ArrayMap#toArray(Array):Array<V>	1d1d274e247825b8d6df	455	1659	2125	344
METHOD_ENTRY	com.badlogic.gdx.utils.ArrayMap#hasNext():boolean	c0f988d22df61c00a284	413	1579	2003	249
METHOD_EXIT	com.badlogic.gdx.utils.ArrayMap#hasNext():boolean	4406ee25fbdb0b2ae4fc	455	1653	2119	300
METHOD_EXIT	com.badlogic.gdx.utils.ArrayMap#reset():void	ab9cb1a0a622aa820735	455	1568	2034	182
METHOD_EXIT	com.badlogic.gdx.utils.ArrayMap#toArray():Array<V>	dec6fd46643f5e242c45	455	1648	2114	254
METHOD_ENTRY	com.badlogic.gdx.utils.ArrayMap#iterator():Iterator<K>	5474af2ee00505c622a3	413	1559	1983	224
METHOD_EXIT	com.badlogic.gdx.utils.ArrayMap#iterator():Iterator<K>	b03cdf7237962ee505de	455	1634	2100	280
METHOD_ENTRY	com.badlogic.gdx.utils.ArrayMap#remove():void	eecbddf59a4171790859	413	1560	1984	183
METHOD_ENTRY	com.badlogic.gdx.utils.ArrayMap#next():K	2dd9ca9f2a06261b1aa8	413	1595	2019	183
METHOD_EXIT	com.badlogic.gdx.utils.ArrayMap#next():K	06866ea54e6e5018c295	455	1669	2135	316
METHOD_EXIT	com.badlogic.gdx.utils.ArrayMap#remove():void	977ec7b077a914c8b92e	455	1571	2037	238
METHOD_ENTRY	com.badlogic.gdx.utils.ArrayMap#reset():void	89038e115b9dba774600	413	1557	1981	184
METHOD_EXIT	com.badlogic.gdx.utils.ArrayMap#reset():void	ab9cb1a0a622aa820735	455	1568	2034	182
METHOD_ENTRY	com.badlogic.gdx.utils.Entries#hasNext():boolean	07fe97e30065b25a8c38	413	402	826	233
METHOD_EXIT	com.badlogic.gdx.utils.Entries#hasNext():boolean	7622e98b8fe149f21caf	455	476	942	248
METHOD_ENTRY	com.badlogic.gdx.utils.ArrayMap#toArray():Array<K>	27b7d5966feb382d45c1	413	1573	1997	239
METHOD_ENTRY	com.badlogic.gdx.utils.Entries#iterator():Iterator<Entry<K, V>>	30c41f7798b9038701aa	413	387	811	93
METHOD_EXIT	com.badlogic.gdx.utils.ArrayMap#toArray():Array<K>	eded05d934205a7d7971	455	1648	2114	188
METHOD_ENTRY	com.badlogic.gdx.utils.ArrayMap#toArray(Array):Array<K>	df2ffcf1b629ac0f9afe	413	1581	2005	204
METHOD_EXIT	com.badlogic.gdx.utils.ArrayMap#toArray(Array):Array<K>	b8a404a4de6f58880317	455	1659	2125	300
METHOD_EXIT	com.badlogic.gdx.utils.Entries#iterator():Iterator<Entry<K, V>>	d12dd914c588d0332907	455	465	931	109
METHOD_ENTRY	com.badlogic.gdx.utils.Entries#next():Entry<K, V>	9fe2dcadc8fb5008d1fa	413	440	864	239
METHOD_EXIT	com.badlogic.gdx.utils.Entries#next():Entry<K, V>	fd80bde4c62c43ef116e	455	517	983	327
METHOD_ENTRY	com.badlogic.gdx.utils.Entries#remove():void	d0810c3592029f9e4718	413	383	807	212
METHOD_ENTRY	com.badlogic.gdx.utils.Entries#reset():void	78159d3f7fc87ea0cf0f	413	380	804	152
METHOD_EXIT	com.badlogic.gdx.utils.Entries#reset():void	4b952f33f0a5923bc90d	455	391	857	64
METHOD_ENTRY	com.badlogic.gdx.utils.Values#hasNext():boolean	a26e1b7c3c404592fb16	413	401	825	176
METHOD_EXIT	com.badlogic.gdx.utils.Entries#remove():void	a3c42f104a95d99c1aa2	455	394	860	269
METHOD_ENTRY	com.badlogic.gdx.utils.Values#iterator():Iterator<V>	47c8c82a1aeb55ffd928	413	381	805	60
METHOD_EXIT	com.badlogic.gdx.utils.Values#iterator():Iterator<V>	7d4f2401c005f13d9b94	455	456	922	55
METHOD_EXIT	com.badlogic.gdx.utils.Values#hasNext():boolean	b7fbacd475c3e77cb123	455	475	941	222
METHOD_ENTRY	com.badlogic.gdx.utils.Values#next():V	2e87abebe8a83daa688d	413	417	841	248
METHOD_ENTRY	com.badlogic.gdx.utils.Values#remove():void	b4f15a87617306c9b9f0	413	382	806	243
METHOD_EXIT	com.badlogic.gdx.utils.Values#next():V	04b7f6de5ebef74f0dc3	455	491	957	243
METHOD_EXIT	com.badlogic.gdx.utils.Values#remove():void	ddeb1825710e19238b40	455	393	859	259
METHOD_ENTRY	com.badlogic.gdx.utils.Values#reset():void	86b69e066f8ee322e6b2	413	379	803	47
METHOD_EXIT	com.badlogic.gdx.utils.Values#reset():void	d5eec378f56aa380101a	455	390	856	38
METHOD_EXIT	com.badlogic.gdx.utils.Values#toArray():Array<V>	9a20310a64a8a889c71f	455	470	936	242
METHOD_ENTRY	com.badlogic.gdx.utils.Values#toArray(Array):Array<V>	ec06f561cc41fd645194	413	403	827	159
METHOD_EXIT	com.badlogic.gdx.utils.Values#toArray(Array):Array<V>	76109e05e9c8ab2807d2	455	481	947	161
METHOD_ENTRY	com.badlogic.gdx.utils.Keys#hasNext():boolean	334deed53b30efdeaa79	413	401	825	233
METHOD_ENTRY	com.badlogic.gdx.utils.Values#toArray():Array<V>	ca2c88f5ff234c331521	413	395	819	236
METHOD_ENTRY	com.badlogic.gdx.utils.Keys#iterator():Iterator<K>	ce974baaae33e58815eb	413	381	805	104
METHOD_EXIT	com.badlogic.gdx.utils.Keys#iterator():Iterator<K>	a7fa19af3bbacf0a2b46	455	456	922	40
METHOD_EXIT	com.badlogic.gdx.utils.Keys#hasNext():boolean	b404441feb20d0432279	455	475	941	271
METHOD_EXIT	com.badlogic.gdx.utils.Keys#next():K	11d493f170f3e189427c	455	491	957	264
METHOD_ENTRY	com.badlogic.gdx.utils.Keys#next():K	576fcb7ddfe72681ee4f	413	417	841	258
METHOD_ENTRY	com.badlogic.gdx.utils.Keys#remove():void	8750f22cd342907b61e7	413	382	806	203
METHOD_EXIT	com.badlogic.gdx.utils.Keys#remove():void	03811a2ee048ecd44ba9	455	393	859	138
METHOD_ENTRY	com.badlogic.gdx.utils.DataOutput#writeInt(int,boolean):int	1cad8c3edbc01e4940ef	413	735	1159	238
METHOD_EXIT	com.badlogic.gdx.utils.DataOutput#writeInt(int,boolean):int	601ac4237d2b578af678	455	812	1278	393
METHOD_ENTRY	com.badlogic.gdx.utils.DataOutput#writeString(String):void	0111c6699865891b2d34	413	649	1073	298
METHOD_EXIT	com.badlogic.gdx.utils.Keys#reset():void	74ecf414f55acae18583	455	390	856	120
METHOD_EXIT	com.badlogic.gdx.utils.DataOutput#writeString(String):void	bf649432c84257ed48b2	455	660	1126	330
METHOD_ENTRY	com.badlogic.gdx.utils.DataOutput#writeString_slow(String,int,int):void	edb1a282b86be6b1e65a	413	695	1119	229
METHOD_ENTRY	com.badlogic.gdx.utils.Keys#reset():void	1d0455650e3d1eb69aca	413	379	803	53
METHOD_ENTRY	com.badlogic.gdx.utils.Keys#toArray():Array<K>	2444542d9779f37bccc9	413	395	819	278
METHOD_EXIT	com.badlogic.gdx.utils.Keys#toArray():Array<K>	14c6bffd3709cfbf8394	455	470	936	241
METHOD_EXIT	com.badlogic.gdx.utils.DataOutput#writeString_slow(String,int,int):void	94592f6697078cae01f1	455	706	1172	292
METHOD_ENTRY	com.badlogic.gdx.utils.NumberUtils#floatToIntBits(float):int	c1d20787ea4a2d36d362	413	638	1062	358
METHOD_EXIT	com.badlogic.gdx.utils.NumberUtils#floatToIntBits(float):int	522bb8e07c07ff039ba4	455	715	1181	306
METHOD_EXIT	com.badlogic.gdx.utils.NumberUtils#floatToRawIntBits(float):int	03b61bc939d7466fbe46	455	718	1184	292
METHOD_ENTRY	com.badlogic.gdx.utils.NumberUtils#floatToRawIntBits(float):int	e0d35520b110ce215564	413	641	1065	361
METHOD_ENTRY	com.badlogic.gdx.utils.Keys#toArray(Array):Array<K>	a470a66127493d59dfda	413	403	827	209
METHOD_ENTRY	com.badlogic.gdx.utils.NumberUtils#floatToIntColor(float):int	8c40744ecbbdb75b7569	413	673	1097	278
METHOD_EXIT	com.badlogic.gdx.utils.Keys#toArray(Array):Array<K>	c380dbbf01180a6f4931	455	481	947	304
METHOD_EXIT	com.badlogic.gdx.utils.NumberUtils#floatToIntColor(float):int	c660cf5ab121c8ff2ce7	455	750	1216	378
METHOD_EXIT	com.badlogic.gdx.utils.NumberUtils#intToFloatColor(int):float	9d7599e460435d8a166e	455	720	1186	269
METHOD_ENTRY	com.badlogic.gdx.utils.NumberUtils#intToFloatColor(int):float	d11cf500b553b8f9f931	413	643	1067	282
METHOD_ENTRY	com.badlogic.gdx.utils.NumberUtils#intBitsToFloat(int):float	240e128e69727f7ab0b1	413	638	1062	129
METHOD_EXIT	com.badlogic.gdx.utils.NumberUtils#doubleToLongBits(double):long	b5f394d4c3c638d3924c	455	715	1181	216
METHOD_ENTRY	com.badlogic.gdx.utils.NumberUtils#doubleToLongBits(double):long	c05fe50496b214ee14b3	413	638	1062	312
METHOD_ENTRY	com.badlogic.gdx.utils.NumberUtils#longBitsToDouble(long):double	6e0c41add2632ff950ea	413	638	1062	62
METHOD_EXIT	com.badlogic.gdx.utils.NumberUtils#longBitsToDouble(long):double	1d7c410f2655912665a2	455	715	1181	308
METHOD_EXIT	com.badlogic.gdx.utils.NumberUtils#intBitsToFloat(int):float	31fffcd2bfb24c9ae1ac	455	715	1181	323
METHOD_ENTRY	com.badlogic.gdx.utils.Align#isLeft(int):boolean	154dfa77efc55fd82048	413	554	978	258
METHOD_EXIT	com.badlogic.gdx.utils.Align#isLeft(int):boolean	b53c7ec478f94d8102e7	455	631	1097	246
METHOD_ENTRY	com.badlogic.gdx.utils.Align#isRight(int):boolean	3c612e6d89554f5f319b	413	554	978	329
METHOD_EXIT	com.badlogic.gdx.utils.Align#isRight(int):boolean	474675ab5291e70ad4ac	455	631	1097	206
METHOD_EXIT	com.badlogic.gdx.utils.Align#isTop(int):boolean	499d08e682aeba5d0658	455	631	1097	190
METHOD_ENTRY	com.badlogic.gdx.utils.Align#isTop(int):boolean	887435d7f1536d6e5dc0	413	554	978	288
METHOD_ENTRY	com.badlogic.gdx.utils.Align#isBottom(int):boolean	29b944eb7da781da868b	413	554	978	281
METHOD_ENTRY	com.badlogic.gdx.utils.Align#isCenterVertical(int):boolean	9a4cc640c31b626f193b	413	565	989	159
METHOD_ENTRY	com.badlogic.gdx.utils.Align#isCenterHorizontal(int):boolean	963f7bb3bcf6d63d26f7	413	565	989	240
METHOD_EXIT	com.badlogic.gdx.utils.Align#isCenterVertical(int):boolean	351932e891da3864a64e	455	642	1108	322
METHOD_EXIT	com.badlogic.gdx.utils.Align#isBottom(int):boolean	7108ae3e646caa97fc39	455	631	1097	232
METHOD_EXIT	com.badlogic.gdx.utils.Align#isCenterHorizontal(int):boolean	7ade6dc9354fd2555e0b	455	642	1108	276
METHOD_ENTRY	com.badlogic.gdx.utils.Align#toString(int):String	9549013ff51d64659f75	413	650	1074	354
METHOD_EXIT	com.badlogic.gdx.utils.Align#toString(int):String	46ca3264f8200773f204	455	727	1193	406
METHOD_ENTRY	com.badlogic.gdx.utils.TextFormatter#format(String,Object):String	542ae77e5a64d41598c4	413	980	1404	302
METHOD_EXIT	com.badlogic.gdx.utils.TextFormatter#format(String,Object):String	efc52e938f3f7aebd059	455	1057	1523	290
METHOD_ENTRY	com.badlogic.gdx.utils.TextFormatter#replaceEscapeChars(String):String	ddf39a7809b4a6c3d823	413	1155	1579	241
METHOD_EXIT	com.badlogic.gdx.utils.TextFormatter#replaceEscapeChars(String):String	445667cab40b1f06ab34	455	1232	1698	277
METHOD_EXIT	com.badlogic.gdx.utils.TextFormatter#simpleFormat(String,Object):String	52389a4afe95b9af86c7	455	1393	1859	270
METHOD_ENTRY	com.badlogic.gdx.utils.TextFormatter#simpleFormat(String,Object):String	48cc3eeffbd4c1fc018c	413	1316	1740	286
METHOD_ENTRY	com.badlogic.gdx.utils.LongSet#place(long):int	9de11214c63824a006dd	413	1509	1933	56
METHOD_EXIT	com.badlogic.gdx.utils.LongSet#place(long):int	dfefa4fbeb564b85bc1a	455	1586	2052	325
METHOD_ENTRY	com.badlogic.gdx.utils.LongSet#locateKey(long):int	77a5a9b8c53526ef2a95	413	1558	1982	247
METHOD_EXIT	com.badlogic.gdx.utils.LongSet#locateKey(long):int	a73e2a85ec16166b0650	455	1635	2101	337
METHOD_ENTRY	com.badlogic.gdx.utils.LongSet#add(long):boolean	3152bd2967a0c5619446	413	1580	2004	259
METHOD_EXIT	com.badlogic.gdx.utils.LongSet#add(long):boolean	8a3e8bf64ac91f8ed429	455	1657	2123	393
METHOD_ENTRY	com.badlogic.gdx.utils.LongSet#addAll(LongArray):boolean	affb59d618764dc45cc1	413	1495	1919	254
METHOD_EXIT	com.badlogic.gdx.utils.LongSet#addAll(LongArray):boolean	5929918b79f12f770c9f	455	1572	2038	263
METHOD_ENTRY	com.badlogic.gdx.utils.LongSet#addAll(LongArray,int,int):boolean	cc1709409accab20d51d	413	1553	1977	289
METHOD_EXIT	com.badlogic.gdx.utils.LongSet#addAll(long):boolean	5458fc7fb2643544f255	455	1569	2035	311
METHOD_EXIT	com.badlogic.gdx.utils.LongSet#addAll(LongArray,int,int):boolean	0f0237b2bd981835f9b5	455	1630	2096	280
METHOD_ENTRY	com.badlogic.gdx.utils.LongSet#addAll(long):boolean	f9ecd44d27e88a18ac9e	413	1492	1916	201
METHOD_ENTRY	com.badlogic.gdx.utils.LongSet#addAll(long[],int,int):boolean	6137d95d738d2e0e9950	413	1544	1968	245
METHOD_ENTRY	com.badlogic.gdx.utils.LongSet#addAll(LongSet):boolean	ddd85519b6a1c8b54563	413	1569	1993	256
METHOD_EXIT	com.badlogic.gdx.utils.LongSet#addAll(long[],int,int):boolean	c90edcfeba21421a540b	455	1621	2087	255
METHOD_ENTRY	com.badlogic.gdx.utils.LongSet#addResize(long):void	a3f1fe8213a210a99700	413	1540	1964	248
METHOD_EXIT	com.badlogic.gdx.utils.LongSet#addAll(LongSet):boolean	25187b4db0c9ab766897	455	1646	2112	298
METHOD_EXIT	com.badlogic.gdx.utils.LongSet#addResize(long):void	2baeecb07bbd4d234e88	455	1551	2017	365
METHOD_EXIT	com.badlogic.gdx.utils.LongSet#remove(long):boolean	7c1de4a488fcc6eccfe2	455	1719	2185	360
METHOD_ENTRY	com.badlogic.gdx.utils.LongSet#remove(long):boolean	c4b18c3da50fa8cd2d71	413	1642	2066	252
METHOD_ENTRY	com.badlogic.gdx.utils.LongSet#notEmpty():boolean	0fb48fca4742cd8eeb15	413	1480	1904	211
METHOD_EXIT	com.badlogic.gdx.utils.LongSet#notEmpty():boolean	d43418c1537c1df95aca	455	1554	2020	211
METHOD_ENTRY	com.badlogic.gdx.utils.LongSet#isEmpty():boolean	044f7fbfd9a8c5c9907d	413	1480	1904	249
METHOD_EXIT	com.badlogic.gdx.utils.LongSet#isEmpty():boolean	3f5798994f00cf2ffb80	455	1554	2020	253
METHOD_EXIT	com.badlogic.gdx.utils.LongSet#shrink(int):void	af045a8a354dea38226e	455	1547	2013	317
METHOD_ENTRY	com.badlogic.gdx.utils.LongSet#shrink(int):void	eae2fb5deb347920a2a9	413	1536	1960	250
METHOD_ENTRY	com.badlogic.gdx.utils.LongSet#clear(int):void	7a3ecbb11f9eb4b01c08	413	1532	1956	227
METHOD_ENTRY	com.badlogic.gdx.utils.LongSet#clear():void	07ef7c1d53051c84827f	413	1503	1927	211
METHOD_EXIT	com.badlogic.gdx.utils.LongSet#clear(int):void	7d88e298dfcf6f912031	455	1543	2009	246
METHOD_EXIT	com.badlogic.gdx.utils.LongSet#clear():void	41e99409eb48dffa523e	455	1514	1980	214
METHOD_ENTRY	com.badlogic.gdx.utils.LongSet#contains(long):boolean	c335eb5f45f03c755893	413	1500	1924	254
METHOD_EXIT	com.badlogic.gdx.utils.LongSet#contains(long):boolean	5d3341e3cbbd1aa45ee7	455	1577	2043	293
METHOD_ENTRY	com.badlogic.gdx.utils.LongSet#first():long	17a1af840e4080af9078	413	1541	1965	228
METHOD_ENTRY	com.badlogic.gdx.utils.LongSet#ensureCapacity(int):void	3282c9da26be0400cff4	413	1510	1934	252
METHOD_EXIT	com.badlogic.gdx.utils.LongSet#ensureCapacity(int):void	595733656369411a2e4b	455	1521	1987	324
METHOD_ENTRY	com.badlogic.gdx.utils.LongSet#resize(int):void	9b4cc6515f97784ae62f	413	1593	2017	272
METHOD_EXIT	com.badlogic.gdx.utils.LongSet#first():long	6c78b37e0c46d97cb57a	455	1615	2081	375
METHOD_EXIT	com.badlogic.gdx.utils.LongSet#resize(int):void	44a3ad6fd566383c7abb	455	1604	2070	301
METHOD_ENTRY	com.badlogic.gdx.utils.LongSet#hashCode():int	ecb40b396d076a0fb8d3	413	1547	1971	251
METHOD_EXIT	com.badlogic.gdx.utils.LongSet#hashCode():int	d7c2e48053265e436ad1	455	1621	2087	337
METHOD_ENTRY	com.badlogic.gdx.utils.LongSet#equals(Object):boolean	9cd8ef55b09f15bda380	413	1580	2004	268
METHOD_EXIT	com.badlogic.gdx.utils.LongSet#equals(Object):boolean	34951d78f7fbc8583c3b	455	1657	2123	330
METHOD_ENTRY	com.badlogic.gdx.utils.LongSet#toString():String	dffd27c21c0302682eca	413	1634	2058	250
METHOD_EXIT	com.badlogic.gdx.utils.LongSet#toString():String	69f7a8c114e313a3714e	455	1708	2174	317
METHOD_EXIT	com.badlogic.gdx.utils.LongSet#iterator():LongSetIterator	62ee5b5b393c6d48dc14	455	1665	2131	222
METHOD_ENTRY	com.badlogic.gdx.utils.LongSet#with(long):LongSet	6f4f75ff6ffc5046c47c	413	1502	1926	177
METHOD_ENTRY	com.badlogic.gdx.utils.LongSet#iterator():LongSetIterator	4045d3cdb75769d10304	413	1589	2013	271
METHOD_EXIT	com.badlogic.gdx.utils.LongSet#with(long):LongSet	6b9d34c8cf081c5d206c	455	1580	2046	314
METHOD_ENTRY	com.badlogic.gdx.utils.LongSet#reset():void	35e9113de5cf459938a2	413	1509	1933	37
METHOD_EXIT	com.badlogic.gdx.utils.LongSet#reset():void	4876afe7440b48a61bee	455	1520	1986	232
METHOD_ENTRY	com.badlogic.gdx.utils.LongSet#findNextIndex():void	858fc5004f8bfc77f32d	413	1536	1960	282
METHOD_EXIT	com.badlogic.gdx.utils.LongSet#findNextIndex():void	b5e36aef31e3abb3d9c3	455	1547	2013	270
METHOD_ENTRY	com.badlogic.gdx.utils.LongSet#remove():void	56d640df7db0f4b48ab1	413	1667	2091	235
METHOD_EXIT	com.badlogic.gdx.utils.LongSet#remove():void	fa482748ea6b264896ad	455	1678	2144	290
METHOD_ENTRY	com.badlogic.gdx.utils.LongSetIterator#reset():void	d1d3ee3ae44d862e5e5d	413	412	836	266
METHOD_ENTRY	com.badlogic.gdx.utils.LongSet#next():long	e729cd959e336f9fc6c6	413	1539	1963	239
METHOD_EXIT	com.badlogic.gdx.utils.LongSet#next():long	fb5c7a0943d7808ae65e	455	1613	2079	306
METHOD_ENTRY	com.badlogic.gdx.utils.LongSet#toArray():LongArray	4d5b5e1ea7b373e2bd57	413	1504	1928	202
METHOD_EXIT	com.badlogic.gdx.utils.LongSetIterator#reset():void	1260f0f5a059face0b1a	455	423	889	216
METHOD_ENTRY	com.badlogic.gdx.utils.LongSetIterator#findNextIndex():void	2f030ccdc384baf01f9d	413	439	863	226
METHOD_EXIT	com.badlogic.gdx.utils.LongSet#toArray():LongArray	b2d589145a4fbdcc3131	455	1579	2045	248
METHOD_ENTRY	com.badlogic.gdx.utils.Select#instance():Select	f8f25be60ac554472ed9	413	687	1111	58
METHOD_EXIT	com.badlogic.gdx.utils.LongSetIterator#findNextIndex():void	d6a691768d1148bfa9dc	455	450	916	323
METHOD_ENTRY	com.badlogic.gdx.utils.LongSetIterator#remove():void	6d4615a6f93f64cacc94	413	570	994	261
METHOD_ENTRY	com.badlogic.gdx.utils.LongSetIterator#next():long	d3423e93c953834b2d28	413	442	866	301
METHOD_EXIT	com.badlogic.gdx.utils.Select#instance():Select	93f2556c2a013ff6cfdf	455	761	1227	115
METHOD_EXIT	com.badlogic.gdx.utils.LongSetIterator#next():long	ba08db49630cfda79966	455	516	982	286
METHOD_ENTRY	com.badlogic.gdx.utils.Select#select(T[],Comparator<T>,int,int):T	af99633cc6c27b47f1e6	413	735	1159	220
METHOD_EXIT	com.badlogic.gdx.utils.Select#select(T[],Comparator<T>,int,int):T	0926f44fa061be3a36b1	455	812	1278	249
METHOD_EXIT	com.badlogic.gdx.utils.LongSetIterator#remove():void	cbb6f15554e39b8ae527	455	581	1047	316
METHOD_ENTRY	com.badlogic.gdx.utils.LongSetIterator#toArray():LongArray	b506094e5acc2f808a60	413	407	831	243
METHOD_EXIT	com.badlogic.gdx.utils.Select#selectIndex(T[],Comparator<T>,int,int):int	33afb84117e77558159d	455	1009	1475	295
METHOD_ENTRY	com.badlogic.gdx.utils.Select#fastMin(T[],Comparator<T>,int):int	0762bb9349f0974ad47d	413	771	1195	195
METHOD_ENTRY	com.badlogic.gdx.utils.Select#selectIndex(T[],Comparator<T>,int,int):int	b90961c1319439a8d434	413	932	1356	235
METHOD_EXIT	com.badlogic.gdx.utils.Select#fastMin(T[],Comparator<T>,int):int	f46eede564c42e0f7c23	455	848	1314	289
METHOD_ENTRY	com.badlogic.gdx.utils.Select#fastMax(T[],Comparator<T>,int):int	eed42cc6e7a63117dd7f	413	771	1195	250
METHOD_EXIT	com.badlogic.gdx.utils.Select#fastMax(T[],Comparator<T>,int):int	31f720f91c7513b4b6b8	455	848	1314	244
METHOD_EXIT	com.badlogic.gdx.utils.LongSetIterator#toArray():LongArray	ebcba8ae1ec7eb1dec1a	455	482	948	260
METHOD_EXIT	com.badlogic.gdx.utils.ObjectFloatMap#place(K):int	551f0b67461478d21467	455	2109	2575	230
METHOD_ENTRY	com.badlogic.gdx.utils.ObjectFloatMap#place(K):int	9d9c888634c32ca133e3	413	2032	2456	251
METHOD_ENTRY	com.badlogic.gdx.utils.ObjectFloatMap#locateKey(K):int	2ff9ffa79ead9e471287	413	2100	2524	271
METHOD_EXIT	com.badlogic.gdx.utils.ObjectFloatMap#put(K,float):void	10a408fd974b271c9f24	455	2106	2572	287
METHOD_ENTRY	com.badlogic.gdx.utils.ObjectFloatMap#put(K,float):void	e9e3346a10c0793ed2ad	413	2095	2519	242
METHOD_ENTRY	com.badlogic.gdx.utils.ObjectFloatMap#put(K,float,float):float	a5b259c1e1a7c66c1a19	413	2122	2546	291
METHOD_EXIT	com.badlogic.gdx.utils.ObjectFloatMap#put(K,float,float):float	3c8a7a9827ee5063285f	455	2199	2665	297
METHOD_EXIT	com.badlogic.gdx.utils.ObjectFloatMap#locateKey(K):int	a9dd06e380b83685cb1c	455	2177	2643	401
METHOD_ENTRY	com.badlogic.gdx.utils.ObjectFloatMap#putAll(ObjectFloatMap<? extends K>):void	500d158bffa911dec448	413	2098	2522	218
METHOD_ENTRY	com.badlogic.gdx.utils.ObjectFloatMap#putResize(K,float):void	c262b70bce8fda904d41	413	2082	2506	200
METHOD_EXIT	com.badlogic.gdx.utils.ObjectFloatMap#putAll(ObjectFloatMap<? extends K>):void	35e7c11d935fd42bc958	455	2109	2575	273
METHOD_EXIT	com.badlogic.gdx.utils.ObjectFloatMap#putResize(K,float):void	66ee7bf91e806a22a902	455	2093	2559	262
METHOD_ENTRY	com.badlogic.gdx.utils.ObjectFloatMap#get(K,float):float	456cfe7fc8bfbe8a3f2c	413	2035	2459	161
METHOD_ENTRY	com.badlogic.gdx.utils.ObjectFloatMap#getAndIncrement(K,float,float):float	aa186126f8a7f6887549	413	2128	2552	251
METHOD_EXIT	com.badlogic.gdx.utils.ObjectFloatMap#get(K,float):float	8b218d2ca2e81d8b35e2	455	2112	2578	306
METHOD_EXIT	com.badlogic.gdx.utils.ObjectFloatMap#getAndIncrement(K,float,float):float	c9430e77c143a26f8441	455	2205	2671	331
METHOD_ENTRY	com.badlogic.gdx.utils.ObjectFloatMap#remove(K,float):float	a74e9c6fe9a69c36631b	413	2172	2596	254
METHOD_EXIT	com.badlogic.gdx.utils.ObjectFloatMap#remove(K,float):float	5dffd7306c26a1230b15	455	2249	2715	299
METHOD_ENTRY	com.badlogic.gdx.utils.ObjectFloatMap#notEmpty():boolean	b088ad84c40c47820de0	413	2006	2430	229
METHOD_EXIT	com.badlogic.gdx.utils.ObjectFloatMap#notEmpty():boolean	6707098c9cd3e11fb337	455	2080	2546	239
METHOD_ENTRY	com.badlogic.gdx.utils.ObjectFloatMap#isEmpty():boolean	791861966b5bddcb2853	413	2006	2430	224
METHOD_EXIT	com.badlogic.gdx.utils.ObjectFloatMap#isEmpty():boolean	28753ea2178eab7a68b2	455	2080	2546	131
METHOD_EXIT	com.badlogic.gdx.utils.ObjectFloatMap#shrink(int):void	8bb29a22c4f776b42860	455	2073	2539	304
METHOD_ENTRY	com.badlogic.gdx.utils.ObjectFloatMap#shrink(int):void	6ada3d386abbd24e0418	413	2062	2486	222
METHOD_ENTRY	com.badlogic.gdx.utils.ObjectFloatMap#clear(int):void	5b8e9eb3deecd99d7e2b	413	2051	2475	229
METHOD_EXIT	com.badlogic.gdx.utils.ObjectFloatMap#clear(int):void	610d2e0e6dd3aae45811	455	2062	2528	228
METHOD_EXIT	com.badlogic.gdx.utils.ObjectFloatMap#clear():void	1f937c343a35d7d713ee	455	2032	2498	180
METHOD_ENTRY	com.badlogic.gdx.utils.ObjectFloatMap#clear():void	427f1eec0b7b30f9a7a3	413	2021	2445	194
METHOD_ENTRY	com.badlogic.gdx.utils.ObjectFloatMap#containsValue(float):boolean	3cab74bcb2885283441d	413	2069	2493	282
METHOD_EXIT	com.badlogic.gdx.utils.ObjectFloatMap#containsValue(float):boolean	53333111c6f70bd9cca6	455	2146	2612	247
METHOD_ENTRY	com.badlogic.gdx.utils.ObjectFloatMap#containsValue(float,float):boolean	cc0329e7bfcd2f336f4b	413	2083	2507	244
METHOD_ENTRY	com.badlogic.gdx.utils.ObjectFloatMap#containsKey(K):boolean	f04f352052ef6db64f5f	413	2015	2439	50
METHOD_ENTRY	com.badlogic.gdx.utils.ObjectFloatMap#findKey(float):K	5997d05b769f513730a6	413	2080	2504	249
METHOD_EXIT	com.badlogic.gdx.utils.ObjectFloatMap#findKey(float):K	9d1299f8b63e5ae82f44	455	2157	2623	259
METHOD_EXIT	com.badlogic.gdx.utils.ObjectFloatMap#containsValue(float,float):boolean	927d49dac33de47acade	455	2160	2626	293
METHOD_ENTRY	com.badlogic.gdx.utils.ObjectFloatMap#findKey(float,float):K	bbe00733ab9857c950c6	413	2094	2518	230
METHOD_EXIT	com.badlogic.gdx.utils.ObjectFloatMap#containsKey(K):boolean	58c797374af2ccc9f4e2	455	2092	2558	182
METHOD_ENTRY	com.badlogic.gdx.utils.ObjectFloatMap#ensureCapacity(int):void	d9eb8c9ed0d694b3feb1	413	2036	2460	199
METHOD_EXIT	com.badlogic.gdx.utils.ObjectFloatMap#ensureCapacity(int):void	cb984e560c832fe53a34	455	2047	2513	301
METHOD_ENTRY	com.badlogic.gdx.utils.ObjectFloatMap#resize(int):void	a3ffd403b00ba75c4d71	413	2145	2569	265
METHOD_EXIT	com.badlogic.gdx.utils.ObjectFloatMap#resize(int):void	07a77d3faff99079c031	455	2156	2622	247
METHOD_EXIT	com.badlogic.gdx.utils.ObjectFloatMap#hashCode():int	2ac96f83b4f56bf65531	455	2161	2627	302
METHOD_EXIT	com.badlogic.gdx.utils.ObjectFloatMap#findKey(float,float):K	15438355513c31327865	455	2171	2637	253
METHOD_ENTRY	com.badlogic.gdx.utils.ObjectFloatMap#hashCode():int	32c601e853a468a9bf64	413	2087	2511	186
METHOD_EXIT	com.badlogic.gdx.utils.ObjectFloatMap#equals(Object):boolean	134537ba6dc7b78eced7	455	2236	2702	301
METHOD_ENTRY	com.badlogic.gdx.utils.ObjectFloatMap#toString(String):String	03dbb2be13681c2013ca	413	2013	2437	252
METHOD_EXIT	com.badlogic.gdx.utils.ObjectFloatMap#toString(String):String	14a1395060832f1f0612	455	2090	2556	280
METHOD_ENTRY	com.badlogic.gdx.utils.ObjectFloatMap#toString():String	60abeab618dfd5dc0906	413	2007	2431	193
METHOD_ENTRY	com.badlogic.gdx.utils.ObjectFloatMap#equals(Object):boolean	468ac6b32949cfcc87b9	413	2159	2583	303
METHOD_EXIT	com.badlogic.gdx.utils.ObjectFloatMap#toString():String	32698358813e35195655	455	2081	2547	269
METHOD_ENTRY	com.badlogic.gdx.utils.ObjectFloatMap#iterator():Entries<K>	2d041fbd292c3d7af56c	413	2005	2429	222
METHOD_EXIT	com.badlogic.gdx.utils.ObjectFloatMap#toString(String,boolean):String	2a0c13c8e5a165c10d74	455	2278	2744	400
METHOD_EXIT	com.badlogic.gdx.utils.ObjectFloatMap#iterator():Entries<K>	496f3750857f19792208	455	2080	2546	238
METHOD_ENTRY	com.badlogic.gdx.utils.ObjectFloatMap#entries():Entries<K>	8bb2dd8d5eb38c767521	413	2109	2533	294
METHOD_EXIT	com.badlogic.gdx.utils.ObjectFloatMap#entries():Entries<K>	366e8f50a7e34b408772	455	2184	2650	213
METHOD_ENTRY	com.badlogic.gdx.utils.ObjectFloatMap#toString(String,boolean):String	95230890df6700e80e1a	413	2201	2625	220
METHOD_EXIT	com.badlogic.gdx.utils.ObjectFloatMap#values():Values	280d2494a4aacc23fdc0	455	2171	2637	257
METHOD_ENTRY	com.badlogic.gdx.utils.ObjectFloatMap#keys():Keys<K>	f500ffbc3f75ba67ae4e	413	2101	2525	255
METHOD_ENTRY	com.badlogic.gdx.utils.ObjectFloatMap#toString():String	60abeab618dfd5dc0906	413	2007	2431	193
METHOD_ENTRY	com.badlogic.gdx.utils.ObjectFloatMap#values():Values	14d3a06739c201af48aa	413	2097	2521	275
METHOD_EXIT	com.badlogic.gdx.utils.ObjectFloatMap#keys():Keys<K>	7d81b0ac472c09f0ceda	455	2176	2642	285
METHOD_EXIT	com.badlogic.gdx.utils.ObjectFloatMap#toString():String	32698358813e35195655	455	2081	2547	269
METHOD_ENTRY	com.badlogic.gdx.utils.ObjectFloatMap#reset():void	4b7aeae921d462d34ad3	413	2017	2441	207
METHOD_ENTRY	com.badlogic.gdx.utils.ObjectFloatMap#findNextIndex():void	916fd1111286dcd0c3cb	413	2061	2485	237
METHOD_EXIT	com.badlogic.gdx.utils.ObjectFloatMap#findNextIndex():void	905e60b381d26827bbbe	455	2072	2538	246
METHOD_ENTRY	com.badlogic.gdx.utils.ObjectFloatMap#remove():void	fb46fc47c0a8bfafccc0	413	2175	2599	264
METHOD_EXIT	com.badlogic.gdx.utils.ObjectFloatMap#next():Entry<K>	955efc0f57086ce8aafd	455	2154	2620	285
METHOD_EXIT	com.badlogic.gdx.utils.ObjectFloatMap#reset():void	556c7a3ed04c931b427f	455	2028	2494	99
METHOD_ENTRY	com.badlogic.gdx.utils.ObjectFloatMap#hasNext():boolean	28e2b9dca3d65e2205bc	413	2024	2448	266
METHOD_ENTRY	com.badlogic.gdx.utils.ObjectFloatMap#next():Entry<K>	e2a33ef281174cadd766	413	2079	2503	127
METHOD_EXIT	com.badlogic.gdx.utils.ObjectFloatMap#hasNext():boolean	de2aa0fa7db83d236be7	455	2098	2564	217
METHOD_ENTRY	com.badlogic.gdx.utils.ObjectFloatMap#iterator():Entries<K>	2d041fbd292c3d7af56c	413	2005	2429	222
METHOD_EXIT	com.badlogic.gdx.utils.ObjectFloatMap#iterator():Entries<K>	496f3750857f19792208	455	2080	2546	238
METHOD_EXIT	com.badlogic.gdx.utils.ObjectFloatMap#remove():void	5ba0c903176ec1e33002	455	2186	2652	275
METHOD_ENTRY	com.badlogic.gdx.utils.ObjectFloatMap#hasNext():boolean	28e2b9dca3d65e2205bc	413	2024	2448	266
METHOD_EXIT	com.badlogic.gdx.utils.ObjectFloatMap#hasNext():boolean	de2aa0fa7db83d236be7	455	2098	2564	217
METHOD_ENTRY	com.badlogic.gdx.utils.ObjectFloatMap#next():float	d38dd00cb7de36a81287	413	2056	2480	273
METHOD_ENTRY	com.badlogic.gdx.utils.ObjectFloatMap#iterator():Values	3249b7dfeb4b7a23bbd7	413	2002	2426	270
METHOD_EXIT	com.badlogic.gdx.utils.ObjectFloatMap#iterator():Values	35c8a3336303574345fd	455	2076	2542	114
METHOD_EXIT	com.badlogic.gdx.utils.ObjectFloatMap#next():float	b84cb38ab7a9d1244c47	455	2130	2596	255
METHOD_EXIT	com.badlogic.gdx.utils.ObjectFloatMap#toArray():FloatArray	95a2af426479a681069e	455	2106	2572	252
METHOD_ENTRY	com.badlogic.gdx.utils.ObjectFloatMap#toArray():FloatArray	f0ee3c07ca9ca9cbeb98	413	2031	2455	190
METHOD_ENTRY	com.badlogic.gdx.utils.ObjectFloatMap#toArray(FloatArray):FloatArray	2888061504b5c10171b2	413	2026	2450	234
METHOD_EXIT	com.badlogic.gdx.utils.ObjectFloatMap#toArray(FloatArray):FloatArray	38f32fdc96124e25d9b5	455	2104	2570	254
METHOD_ENTRY	com.badlogic.gdx.utils.ObjectFloatMap#hasNext():boolean	28e2b9dca3d65e2205bc	413	2024	2448	266
METHOD_EXIT	com.badlogic.gdx.utils.ObjectFloatMap#hasNext():boolean	de2aa0fa7db83d236be7	455	2098	2564	217
METHOD_ENTRY	com.badlogic.gdx.utils.ObjectFloatMap#next():K	3d817269a0f9b0611ba1	413	2056	2480	223
METHOD_ENTRY	com.badlogic.gdx.utils.ObjectFloatMap#iterator():Keys<K>	1cf7bc07fc54b0fd0196	413	2006	2430	260
METHOD_EXIT	com.badlogic.gdx.utils.ObjectFloatMap#iterator():Keys<K>	89db486d7c368288912e	455	2081	2547	97
METHOD_ENTRY	com.badlogic.gdx.utils.ObjectFloatMap#toArray():Array<K>	05c8789caa020f5c9e5c	413	2017	2441	248
METHOD_EXIT	com.badlogic.gdx.utils.ObjectFloatMap#next():K	3efdbadec8c1bd4a0998	455	2130	2596	275
METHOD_ENTRY	com.badlogic.gdx.utils.Entry#toString():String	6d26114defef9899d6e1	413	382	806	132
METHOD_EXIT	com.badlogic.gdx.utils.Entry#toString():String	356df9f7f8344e33c4b6	455	456	922	247
METHOD_EXIT	com.badlogic.gdx.utils.ObjectFloatMap#toArray():Array<K>	126e21bfe3d5cab3e30b	455	2092	2558	252
METHOD_ENTRY	com.badlogic.gdx.utils.MapIterator#reset():void	ace49b9a5dcc132ea0f7	413	393	817	235
METHOD_ENTRY	com.badlogic.gdx.utils.ObjectFloatMap#toArray(Array<K>):Array<K>	77fd7d551670817163d9	413	2029	2453	203
METHOD_EXIT	com.badlogic.gdx.utils.ObjectFloatMap#toArray(Array<K>):Array<K>	5b9a529cad301a9db9ad	455	2107	2573	248
METHOD_EXIT	com.badlogic.gdx.utils.MapIterator#reset():void	0fafe70b9e9540252532	455	404	870	252
METHOD_EXIT	com.badlogic.gdx.utils.MapIterator#findNextIndex():void	ba60ae553fd8a45a22db	455	448	914	272
METHOD_ENTRY	com.badlogic.gdx.utils.MapIterator#findNextIndex():void	6cd41d18d5e0303685f1	413	437	861	230
METHOD_ENTRY	com.badlogic.gdx.utils.MapIterator#remove():void	b502e711264f4bb76627	413	551	975	277
METHOD_EXIT	com.badlogic.gdx.utils.MapIterator#remove():void	683a285c1ed0a022327f	455	562	1028	250
METHOD_ENTRY	com.badlogic.gdx.utils.Entries#next():Entry<K>	9fcb42e0ca6f0e970744	413	455	879	106
METHOD_ENTRY	com.badlogic.gdx.utils.Entries#hasNext():boolean	f8379590b9bc167d4dbb	413	400	824	145
METHOD_EXIT	com.badlogic.gdx.utils.Entries#next():Entry<K>	a8b02d24c8b987dc1062	455	530	996	248
METHOD_EXIT	com.badlogic.gdx.utils.Entries#hasNext():boolean	51d8833918c042716129	455	474	940	140
METHOD_ENTRY	com.badlogic.gdx.utils.Entries#iterator():Entries<K>	8b24b0e686609ac47375	413	381	805	116
METHOD_ENTRY	com.badlogic.gdx.utils.Values#hasNext():boolean	599be60232ea0cf859da	413	399	823	259
METHOD_EXIT	com.badlogic.gdx.utils.Values#hasNext():boolean	96aff0b5e6f9e0a06f76	455	473	939	174
METHOD_ENTRY	com.badlogic.gdx.utils.Values#next():float	8e7ea95e034260737ae1	413	431	855	122
METHOD_EXIT	com.badlogic.gdx.utils.Entries#iterator():Entries<K>	850355f07478e58650c9	455	456	922	145
METHOD_EXIT	com.badlogic.gdx.utils.Values#next():float	5b20e4225785e34747f7	455	505	971	157
METHOD_ENTRY	com.badlogic.gdx.utils.Values#iterator():Values	efef29e1e56810c987a2	413	377	801	98
METHOD_EXIT	com.badlogic.gdx.utils.Values#iterator():Values	c420ebfe50bdd2532e9b	455	451	917	35
METHOD_ENTRY	com.badlogic.gdx.utils.Values#toArray():FloatArray	0c9d17d6eeaae01ecbb5	413	406	830	169
METHOD_EXIT	com.badlogic.gdx.utils.Values#toArray():FloatArray	4c1d64b136e89899b88a	455	481	947	253
METHOD_ENTRY	com.badlogic.gdx.utils.Values#toArray(FloatArray):FloatArray	bf961ae5b6d1da00bd07	413	401	825	195
METHOD_EXIT	com.badlogic.gdx.utils.Values#toArray(FloatArray):FloatArray	601cabddedb8fa54bbbb	455	479	945	277
METHOD_EXIT	com.badlogic.gdx.utils.Keys#hasNext():boolean	d08dfdf53d0a27c077a3	455	473	939	194
METHOD_ENTRY	com.badlogic.gdx.utils.Keys#next():K	e16ce43e0a331dde027f	413	431	855	277
METHOD_ENTRY	com.badlogic.gdx.utils.Keys#hasNext():boolean	4f318acc9e5e23879c98	413	399	823	104
METHOD_EXIT	com.badlogic.gdx.utils.Keys#next():K	eceef93b3ae87aeda7c1	455	505	971	214
METHOD_ENTRY	com.badlogic.gdx.utils.Keys#iterator():Keys<K>	0270e49dc8fd556ad735	413	381	805	55
METHOD_EXIT	com.badlogic.gdx.utils.Keys#iterator():Keys<K>	7ba471b8386a40a0b848	455	456	922	226
METHOD_ENTRY	com.badlogic.gdx.utils.Keys#toArray():Array<K>	44fcf61404f4208f24d2	413	392	816	49
METHOD_EXIT	com.badlogic.gdx.utils.Keys#toArray():Array<K>	7fa2f97c4031cd2ac60d	455	467	933	268
METHOD_ENTRY	com.badlogic.gdx.utils.Keys#toArray(Array<K>):Array<K>	6058188639297a42e060	413	404	828	233
METHOD_EXIT	com.badlogic.gdx.utils.Keys#toArray(Array<K>):Array<K>	3ec9f4cdbcb6aae7b959	455	482	948	240
METHOD_EXIT	com.badlogic.gdx.utils.PropertiesUtils#load(ObjectMap<String, String>,Reader):void	de47ec87389eb4facfbe	455	2113	2579	271
METHOD_ENTRY	com.badlogic.gdx.utils.PropertiesUtils#store(ObjectMap<String, String>,Writer,String):void	ec5523d64aa31a95cf9f	413	986	1410	202
METHOD_EXIT	com.badlogic.gdx.utils.PropertiesUtils#store(ObjectMap<String, String>,Writer,String):void	af147ed3e5d2de6a1c87	455	997	1463	270
METHOD_ENTRY	com.badlogic.gdx.utils.PropertiesUtils#load(ObjectMap<String, String>,Reader):void	f3b8a1f3524e03df4e17	413	2102	2526	292
METHOD_EXIT	com.badlogic.gdx.utils.PropertiesUtils#storeImpl(ObjectMap<String, String>,Writer,String,boolean):void	71b47d4f884042078cc1	455	1126	1592	288
METHOD_ENTRY	com.badlogic.gdx.utils.PropertiesUtils#storeImpl(ObjectMap<String, String>,Writer,String,boolean):void	86a2553b53c37d0e79a5	413	1115	1539	231
METHOD_ENTRY	com.badlogic.gdx.utils.PropertiesUtils#dumpString(StringBuilder,String,boolean,boolean):void	eeed25b21b4142cc6bb3	413	1308	1732	239
METHOD_EXIT	com.badlogic.gdx.utils.PropertiesUtils#dumpString(StringBuilder,String,boolean,boolean):void	c4f69731b49d567d86dc	455	1319	1785	334
METHOD_EXIT	com.badlogic.gdx.utils.PropertiesUtils#writeComment(Writer,String):void	07e7f14a28fa2b4515f7	455	1256	1722	346
METHOD_ENTRY	com.badlogic.gdx.utils.JsonWriter#getWriter():Writer	015d2fbc1afd8a934606	413	927	1351	198
METHOD_ENTRY	com.badlogic.gdx.utils.PropertiesUtils#writeComment(Writer,String):void	6e2af88dc3e9b365fca9	413	1245	1669	252
METHOD_EXIT	com.badlogic.gdx.utils.JsonWriter#setWriter(Writer):void	1e7b174033e98a8dc88b	455	947	1413	277
METHOD_EXIT	com.badlogic.gdx.utils.JsonWriter#getWriter():Writer	5bd39eb19976423110e3	455	1001	1467	182
METHOD_EXIT	com.badlogic.gdx.utils.JsonWriter#setOutputType(OutputType):void	98dfbd1868e7791dce9d	455	955	1421	335
METHOD_ENTRY	com.badlogic.gdx.utils.JsonWriter#setWriter(Writer):void	907306fee0bf57d6a09d	413	936	1360	169
METHOD_ENTRY	com.badlogic.gdx.utils.JsonWriter#setQuoteLongValues(boolean):void	f19063b3ef9179d42dea	413	947	1371	173
METHOD_ENTRY	com.badlogic.gdx.utils.JsonWriter#setOutputType(OutputType):void	cfd5f2aed1a082c10e81	413	944	1368	125
METHOD_EXIT	com.badlogic.gdx.utils.JsonWriter#setQuoteLongValues(boolean):void	369eb00e3ecc2d21a3ea	455	958	1424	137
METHOD_ENTRY	com.badlogic.gdx.utils.JsonWriter#array():JsonWriter	1282255b800aba731b20	413	952	1376	194
METHOD_EXIT	com.badlogic.gdx.utils.JsonWriter#object():JsonWriter	b72d39017beed23cf738	455	1026	1492	303
METHOD_EXIT	com.badlogic.gdx.utils.JsonWriter#array():JsonWriter	793f942d130ff9a587e8	455	1027	1493	247
METHOD_EXIT	com.badlogic.gdx.utils.JsonWriter#value(Object):JsonWriter	ea4dea73b1c64c374c3b	455	1115	1581	396
METHOD_ENTRY	com.badlogic.gdx.utils.JsonWriter#value(String):JsonWriter	88468f1f940fdacc2908	413	951	1375	216
METHOD_EXIT	com.badlogic.gdx.utils.JsonWriter#value(String):JsonWriter	d841678da08899b13d17	455	1029	1495	312
METHOD_ENTRY	com.badlogic.gdx.utils.JsonWriter#value(boolean):JsonWriter	c5c68c8f50e2b4bcee33	413	954	1378	57
METHOD_ENTRY	com.badlogic.gdx.utils.JsonWriter#value(Object):JsonWriter	e0f371831d8f05bd7f38	413	1037	1461	323
METHOD_ENTRY	com.badlogic.gdx.utils.JsonWriter#value(int):JsonWriter	db263f506dd1e40cedec	413	950	1374	56
METHOD_ENTRY	com.badlogic.gdx.utils.JsonWriter#object():JsonWriter	888b8a81c9c16b2407fb	413	951	1375	220
METHOD_EXIT	com.badlogic.gdx.utils.JsonWriter#value(int):JsonWriter	188b89340410d21ed676	455	1028	1494	220
METHOD_EXIT	com.badlogic.gdx.utils.JsonWriter#value(boolean):JsonWriter	227af70c06803766e8e4	455	1032	1498	183
METHOD_ENTRY	com.badlogic.gdx.utils.JsonWriter#value(long):JsonWriter	b2bbf4e76a3bebb454dc	413	970	1394	167
METHOD_EXIT	com.badlogic.gdx.utils.JsonWriter#value(long):JsonWriter	1c3cfcbdcf16a9cd99d9	455	1048	1514	263
METHOD_EXIT	com.badlogic.gdx.utils.JsonWriter#value(float):JsonWriter	c0d5ba646013c10aae97	455	1028	1494	236
METHOD_ENTRY	com.badlogic.gdx.utils.JsonWriter#value(float):JsonWriter	174127c88b3a37f77d61	413	950	1374	240
METHOD_ENTRY	com.badlogic.gdx.utils.JsonWriter#value(double):JsonWriter	d71a59735659d326bce1	413	970	1394	231
METHOD_ENTRY	com.badlogic.gdx.utils.JsonWriter#json(String):JsonWriter	9984994febadf3d21799	413	947	1371	172
METHOD_EXIT	com.badlogic.gdx.utils.JsonWriter#value(double):JsonWriter	b1dfc3b9af90ebc8cdb9	455	1048	1514	207
METHOD_ENTRY	com.badlogic.gdx.utils.JsonWriter#requireCommaOrName():void	2cc009e4e1e90d48e30c	413	1004	1428	341
METHOD_EXIT	com.badlogic.gdx.utils.JsonWriter#requireCommaOrName():void	491f367ac0344451c241	455	1015	1481	368
METHOD_EXIT	com.badlogic.gdx.utils.JsonWriter#json(String):JsonWriter	f58304e53ae40de89c12	455	1025	1491	244
METHOD_ENTRY	com.badlogic.gdx.utils.JsonWriter#name(String):JsonWriter	42e170a1d1d97ad3c513	413	947	1371	221
METHOD_EXIT	com.badlogic.gdx.utils.JsonWriter#name(String):JsonWriter	9cb139c1d10d326e8ce1	455	1025	1491	209
METHOD_ENTRY	com.badlogic.gdx.utils.JsonWriter#object(String):JsonWriter	3f746f37aa6d1316983b	413	956	1380	270
METHOD_EXIT	com.badlogic.gdx.utils.JsonWriter#nameValue(String):void	341959eca115100056bc	455	1007	1473	286
METHOD_ENTRY	com.badlogic.gdx.utils.JsonWriter#nameValue(String):void	970bd584c0312f88c309	413	996	1420	574
METHOD_EXIT	com.badlogic.gdx.utils.JsonWriter#object(String):JsonWriter	0db0b8bb10c75560c6c8	455	1034	1500	317
METHOD_ENTRY	com.badlogic.gdx.utils.JsonWriter#array(String):JsonWriter	9e4f62452d085822e0c5	413	957	1381	252
METHOD_ENTRY	com.badlogic.gdx.utils.JsonWriter#set(String,Object):JsonWriter	d20283eb404ec7e8a7ae	413	952	1376	248
METHOD_EXIT	com.badlogic.gdx.utils.JsonWriter#set(String,Object):JsonWriter	482eb48df27a50d347a7	455	1030	1496	259
METHOD_ENTRY	com.badlogic.gdx.utils.JsonWriter#set(String,boolean):JsonWriter	35ea9fa7bda5611d6d75	413	962	1386	209
METHOD_EXIT	com.badlogic.gdx.utils.JsonWriter#array(String):JsonWriter	2f8c01572ce450d466dc	455	1035	1501	288
METHOD_EXIT	com.badlogic.gdx.utils.JsonWriter#set(String,boolean):JsonWriter	5bfd91549adc6a232a9a	455	1040	1506	258
METHOD_EXIT	com.badlogic.gdx.utils.JsonWriter#set(String,String):JsonWriter	61fd0180d1183ac44ffe	455	1036	1502	297
METHOD_ENTRY	com.badlogic.gdx.utils.JsonWriter#set(String,int):JsonWriter	55ce3b6194e523fefe3b	413	957	1381	188
METHOD_EXIT	com.badlogic.gdx.utils.JsonWriter#set(String,int):JsonWriter	c412878cf276c66838a0	455	1035	1501	201
METHOD_ENTRY	com.badlogic.gdx.utils.JsonWriter#set(String,long):JsonWriter	30303187f23b0753ed96	413	979	1403	230
METHOD_EXIT	com.badlogic.gdx.utils.JsonWriter#set(String,long):JsonWriter	bf3c32506c2162c7d67d	455	1057	1523	275
METHOD_ENTRY	com.badlogic.gdx.utils.JsonWriter#set(String,String):JsonWriter	b90f9c2b9ee92f6a475a	413	958	1382	302
METHOD_ENTRY	com.badlogic.gdx.utils.JsonWriter#set(String,double):JsonWriter	dba2dbbb88322058a570	413	979	1403	257
METHOD_ENTRY	com.badlogic.gdx.utils.JsonWriter#set(String,float):JsonWriter	53602cf6486380925fe9	413	957	1381	254
METHOD_EXIT	com.badlogic.gdx.utils.JsonWriter#set(String,double):JsonWriter	b26406e5f9dfce072ba2	455	1057	1523	319
METHOD_ENTRY	com.badlogic.gdx.utils.JsonWriter#json(String,String):JsonWriter	96011198bbb4125aee23	413	955	1379	387
METHOD_EXIT	com.badlogic.gdx.utils.JsonWriter#json(String,String):JsonWriter	bb1e5bde6d93bc869599	455	1033	1499	254
METHOD_EXIT	com.badlogic.gdx.utils.JsonWriter#set(String,float):JsonWriter	008bf86b71e3fa0ceb78	455	1035	1501	200
METHOD_ENTRY	com.badlogic.gdx.utils.JsonWriter#pop():JsonWriter	e2688e4518e04734eeb0	413	984	1408	284
METHOD_ENTRY	com.badlogic.gdx.utils.JsonWriter#write(char[],int,int):void	701752f8c5f05ef750a0	413	962	1386	287
METHOD_ENTRY	com.badlogic.gdx.utils.JsonWriter#flush():void	105c93200b364e8f35a2	413	928	1352	276
METHOD_EXIT	com.badlogic.gdx.utils.JsonWriter#pop():JsonWriter	d6be28959b03bafe65f5	455	1059	1525	306
METHOD_EXIT	com.badlogic.gdx.utils.JsonWriter#write(char[],int,int):void	7e17e0bae00bece23ed9	455	973	1439	286
METHOD_ENTRY	com.badlogic.gdx.utils.JsonWriter#close():void	efea4120477bc24c3fe4	413	940	1364	227
METHOD_EXIT	com.badlogic.gdx.utils.JsonWriter#close():void	47761fcce71a0c027758	455	951	1417	296
METHOD_ENTRY	com.badlogic.gdx.utils.JsonWriter#quoteValue(Object):String	31e0480c92a6ee30e04e	413	913	1337	54
METHOD_EXIT	com.badlogic.gdx.utils.JsonWriter#quoteValue(Object):String	702872ec2230064b6b72	455	924	1390	293
METHOD_EXIT	com.badlogic.gdx.utils.JsonWriter#flush():void	7443ad6c49df8c5bb3e3	455	939	1405	263
METHOD_ENTRY	com.badlogic.gdx.utils.JsonWriter#quoteName(String):String	e8aa5ad6ff31b1f591ea	413	913	1337	40
METHOD_ENTRY	com.badlogic.gdx.utils.TimeUtils#nanoTime():long	9244947c2abad0dfa90b	413	632	1056	254
METHOD_EXIT	com.badlogic.gdx.utils.TimeUtils#nanoTime():long	5deb418ad65dcf70c68b	455	706	1172	259
METHOD_ENTRY	com.badlogic.gdx.utils.TimeUtils#millis():long	ef8a7d9e0619d37598ba	413	632	1056	56
METHOD_EXIT	com.badlogic.gdx.utils.TimeUtils#millis():long	45b478039582cf70d6a8	455	706	1172	194
METHOD_ENTRY	com.badlogic.gdx.utils.TimeUtils#nanosToMillis(long):long	5c9f52a196337d2d36a4	413	643	1067	308
METHOD_EXIT	com.badlogic.gdx.utils.TimeUtils#nanosToMillis(long):long	9af2e1ea0a93d3e31493	455	720	1186	293
METHOD_ENTRY	com.badlogic.gdx.utils.TimeUtils#millisToNanos(long):long	6eec1e51334204a8ea26	413	645	1069	267
METHOD_EXIT	com.badlogic.gdx.utils.TimeUtils#millisToNanos(long):long	ccd4b5691dab04515a71	455	722	1188	310
METHOD_EXIT	com.badlogic.gdx.utils.JsonWriter#escape(String,int):String	64edac8d3051e740268f	455	924	1390	277
METHOD_ENTRY	com.badlogic.gdx.utils.TimeUtils#timeSinceNanos(long):long	5d557da0876aa5f43c33	413	647	1071	200
METHOD_EXIT	com.badlogic.gdx.utils.TimeUtils#timeSinceNanos(long):long	33b4407f30c7eba68a00	455	724	1190	235
METHOD_ENTRY	com.badlogic.gdx.utils.JsonWriter#escapeQuote(String):String	8a96114104e0988c2708	413	913	1337	234
METHOD_EXIT	com.badlogic.gdx.utils.TimeUtils#timeSinceMillis(long):long	72e0eb602e4d76426295	455	721	1187	203
METHOD_EXIT	com.badlogic.gdx.utils.JsonWriter#escapeQuote(String):String	81148d186a9c85bc5d6f	455	924	1390	263
METHOD_ENTRY	com.badlogic.gdx.utils.TimeUtils#timeSinceMillis(long):long	b201c318f27fd2549e1e	413	644	1068	270
METHOD_ENTRY	com.badlogic.gdx.utils.JsonWriter#escape(String,int):String	59dc8494c2f749a23074	413	913	1337	188
METHOD_ENTRY	com.badlogic.gdx.utils.JsonString#getBuffer():StringBuilder	4e3bf939c03c81b0b3c3	413	914	1338	225
METHOD_EXIT	com.badlogic.gdx.utils.JsonString#getBuffer():StringBuilder	17a84ba3a86ad146353b	455	989	1455	264
METHOD_ENTRY	com.badlogic.gdx.utils.JsonString#setOutputType(OutputType):void	5be1a1900f3d9ea17f46	413	929	1353	134
METHOD_EXIT	com.badlogic.gdx.utils.JsonWriter#quoteName(String):String	7b6690e8d3a1b47fd187	455	924	1390	255
METHOD_EXIT	com.badlogic.gdx.utils.JsonString#setOutputType(OutputType):void	aea765ce79f0cd9272f8	455	940	1406	108
METHOD_ENTRY	com.badlogic.gdx.utils.JsonString#setQuoteLongValues(boolean):void	7f9092639ca9515bc4bc	413	932	1356	56
METHOD_EXIT	com.badlogic.gdx.utils.JsonString#object():JsonString	2242b20fc37de0488750	455	1009	1475	242
METHOD_ENTRY	com.badlogic.gdx.utils.JsonString#array():JsonString	3f68e94894ec95cfbe9f	413	935	1359	262
METHOD_EXIT	com.badlogic.gdx.utils.JsonString#array():JsonString	32998d075b7b66070fe4	455	1010	1476	263
METHOD_ENTRY	com.badlogic.gdx.utils.JsonString#object():JsonString	1ea8b9cdd095419aa691	413	934	1358	174
METHOD_EXIT	com.badlogic.gdx.utils.JsonString#setQuoteLongValues(boolean):void	1f2877caa265de45f312	455	943	1409	63
METHOD_EXIT	com.badlogic.gdx.utils.JsonString#value(Object):JsonString	ba9b4ff2e999b5e40310	455	1098	1564	323
METHOD_ENTRY	com.badlogic.gdx.utils.JsonString#value(String):JsonString	965b8e190e7b4eb3f7eb	413	934	1358	285
METHOD_EXIT	com.badlogic.gdx.utils.JsonString#value(String):JsonString	950bbc9f020c98848280	455	1012	1478	281
METHOD_ENTRY	com.badlogic.gdx.utils.JsonString#value(boolean):JsonString	06968fc0b1919e79da4c	413	930	1354	185
METHOD_EXIT	com.badlogic.gdx.utils.JsonString#value(boolean):JsonString	2f060250575dd6af3f6d	455	1008	1474	124
METHOD_ENTRY	com.badlogic.gdx.utils.JsonString#value(Object):JsonString	162d7df954c88f322526	413	1020	1444	237
METHOD_ENTRY	com.badlogic.gdx.utils.JsonString#value(long):JsonString	6acb4cf1b7f74bd0baa1	413	950	1374	301
METHOD_EXIT	com.badlogic.gdx.utils.JsonString#value(long):JsonString	806f6252ef03784313a0	455	1028	1494	280
METHOD_ENTRY	com.badlogic.gdx.utils.JsonString#value(int):JsonString	2f4b265f2a5ba8a4171d	413	930	1354	32
METHOD_ENTRY	com.badlogic.gdx.utils.JsonString#value(float):JsonString	d5a259e52fda44ba4544	413	930	1354	302
METHOD_ENTRY	com.badlogic.gdx.utils.JsonString#value(double):JsonString	d8bec73aacbbdc8681c0	413	950	1374	158
METHOD_EXIT	com.badlogic.gdx.utils.JsonString#value(float):JsonString	6233cca225351ed6560c	455	1008	1474	258
METHOD_EXIT	com.badlogic.gdx.utils.JsonString#value(int):JsonString	30f8e11bac253248af16	455	1008	1474	293
METHOD_ENTRY	com.badlogic.gdx.utils.JsonString#json(String):JsonString	ee05c33e1e416b5db3a6	413	930	1354	239
METHOD_EXIT	com.badlogic.gdx.utils.JsonString#json(String):JsonString	a7a1c5290728738404ad	455	1008	1474	264
METHOD_EXIT	com.badlogic.gdx.utils.JsonString#requireCommaOrName():void	cd4049a91a2eea8a3182	455	998	1464	334
METHOD_ENTRY	com.badlogic.gdx.utils.JsonString#name(String):JsonString	bc572863b6f66cf3d525	413	930	1354	139
METHOD_EXIT	com.badlogic.gdx.utils.JsonString#name(String):JsonString	26a5414bd6d67447beab	455	1008	1474	258
METHOD_EXIT	com.badlogic.gdx.utils.JsonString#value(double):JsonString	ce740d038b5979af78f9	455	1028	1494	268
METHOD_ENTRY	com.badlogic.gdx.utils.JsonString#requireCommaOrName():void	f386ef1deae12b1ef698	413	987	1411	344
METHOD_EXIT	com.badlogic.gdx.utils.JsonString#nameValue(String):void	d746aab4d05d1e3d0965	455	990	1456	281
METHOD_ENTRY	com.badlogic.gdx.utils.JsonString#object(String):JsonString	91f15a36520e0b484e2f	413	939	1363	256
METHOD_EXIT	com.badlogic.gdx.utils.JsonString#object(String):JsonString	a38181108d4a3186cabd	455	1017	1483	301
METHOD_ENTRY	com.badlogic.gdx.utils.JsonString#array(String):JsonString	155a7d73f88928651c27	413	940	1364	210
METHOD_EXIT	com.badlogic.gdx.utils.JsonString#array(String):JsonString	f0448e929a6e9d09c01c	455	1018	1484	277
METHOD_ENTRY	com.badlogic.gdx.utils.JsonString#nameValue(String):void	4461ab41a5fc25b69d24	413	979	1403	320
METHOD_ENTRY	com.badlogic.gdx.utils.JsonString#set(String,Object):JsonString	c8278124657cce8e8e4b	413	935	1359	309
METHOD_ENTRY	com.badlogic.gdx.utils.JsonString#set(String,String):JsonString	02204745c6c303ffa8c5	413	941	1365	272
METHOD_EXIT	com.badlogic.gdx.utils.JsonString#set(String,Object):JsonString	c7dcd58474ee103c2e46	455	1013	1479	299
METHOD_EXIT	com.badlogic.gdx.utils.JsonString#set(String,String):JsonString	d1a9e10cfeeaf096181b	455	1019	1485	222
METHOD_ENTRY	com.badlogic.gdx.utils.JsonString#set(String,boolean):JsonString	d10153ba8bb886d25572	413	938	1362	299
METHOD_EXIT	com.badlogic.gdx.utils.JsonString#set(String,boolean):JsonString	6fcc125b89031b72d69f	455	1016	1482	255
METHOD_ENTRY	com.badlogic.gdx.utils.JsonString#set(String,int):JsonString	44df807c841f03e758f5	413	937	1361	256
METHOD_EXIT	com.badlogic.gdx.utils.JsonString#set(String,long):JsonString	848be4d3249c00b877ea	455	1037	1503	246
METHOD_EXIT	com.badlogic.gdx.utils.JsonString#set(String,float):JsonString	d943e6b0612d02db65a2	455	1015	1481	263
METHOD_ENTRY	com.badlogic.gdx.utils.JsonString#json(String,String):JsonString	0b8196462c1f7abd81d3	413	938	1362	271
METHOD_EXIT	com.badlogic.gdx.utils.JsonString#set(String,int):JsonString	023f0f5efcd54a793397	455	1015	1481	290
METHOD_ENTRY	com.badlogic.gdx.utils.JsonString#set(String,long):JsonString	82edf6df2c708f9378f5	413	959	1383	209
METHOD_ENTRY	com.badlogic.gdx.utils.JsonString#set(String,float):JsonString	e17b933457d34d4b0704	413	937	1361	263
METHOD_ENTRY	com.badlogic.gdx.utils.JsonString#set(String,double):JsonString	319c84be2b7e520e829d	413	959	1383	258
METHOD_EXIT	com.badlogic.gdx.utils.JsonString#set(String,double):JsonString	878e87115edc13972e66	455	1037	1503	276
METHOD_EXIT	com.badlogic.gdx.utils.JsonString#json(String,String):JsonString	55fcf26cf1fdfb2ff5fc	455	1016	1482	255
METHOD_EXIT	com.badlogic.gdx.utils.JsonString#pop():JsonString	0429f3cf5512f82fe5f9	455	1042	1508	287
METHOD_EXIT	com.badlogic.gdx.utils.JsonString#reset():void	d26372c192601d7ba4b6	455	943	1409	147
METHOD_ENTRY	com.badlogic.gdx.utils.JsonString#toString():String	eaa869214fa6e137d05d	413	915	1339	199
METHOD_ENTRY	com.badlogic.gdx.utils.JsonString#reset():void	d88e391a9a1d831e24d9	413	932	1356	244
METHOD_ENTRY	com.badlogic.gdx.utils.JsonString#pop():JsonString	0dfebd63caee051814bb	413	967	1391	259
METHOD_EXIT	com.badlogic.gdx.utils.JsonString#toString():String	2d525eac8fa9051ffc03	455	989	1455	256
METHOD_ENTRY	com.badlogic.gdx.utils.JsonString#close():JsonString	21863e7f9302aae077b6	413	925	1349	188
METHOD_EXIT	com.badlogic.gdx.utils.JsonString#close():JsonString	d2727fb2267892e3de5b	455	1000	1466	258
METHOD_ENTRY	com.badlogic.gdx.utils.IntFloatMap#place(int):int	ce5024c2d7457d7f75ce	413	1975	2399	227
METHOD_ENTRY	com.badlogic.gdx.utils.IntFloatMap#locateKey(int):int	1abb1ccfee1562676325	413	2030	2454	64
METHOD_EXIT	com.badlogic.gdx.utils.IntFloatMap#place(int):int	9b8ca07f5eded8102757	455	2052	2518	269
METHOD_ENTRY	com.badlogic.gdx.utils.IntFloatMap#put(int,float):void	2db30657114c02eabdfa	413	2084	2508	209
METHOD_EXIT	com.badlogic.gdx.utils.IntFloatMap#put(int,float):void	0ca1e9867ca7d9ec0727	455	2095	2561	355
METHOD_EXIT	com.badlogic.gdx.utils.IntFloatMap#locateKey(int):int	a3b0fdb215b8197ebd72	455	2107	2573	294
METHOD_ENTRY	com.badlogic.gdx.utils.IntFloatMap#put(int,float,float):float	9534a564bffd89f3c9b0	413	2126	2550	227
METHOD_EXIT	com.badlogic.gdx.utils.IntFloatMap#put(int,float,float):float	15acdcbaf8265d7f121c	455	2203	2669	371
METHOD_ENTRY	com.badlogic.gdx.utils.IntFloatMap#putAll(IntFloatMap):void	29aeec684e6c4c8afcf7	413	2048	2472	200
METHOD_EXIT	com.badlogic.gdx.utils.IntFloatMap#putAll(IntFloatMap):void	07c4828f512f98769d2f	455	2059	2525	293
METHOD_ENTRY	com.badlogic.gdx.utils.IntFloatMap#putResize(int,float):void	61c8ead373f06519af18	413	2029	2453	306
METHOD_EXIT	com.badlogic.gdx.utils.IntFloatMap#putResize(int,float):void	92e10b000ac96484378c	455	2040	2506	419
METHOD_ENTRY	com.badlogic.gdx.utils.IntFloatMap#get(int,float):float	7f32cfa8cae4cb5c19e8	413	2001	2425	159
METHOD_EXIT	com.badlogic.gdx.utils.IntFloatMap#getAndIncrement(int,float,float):float	a4aa7941b7f71199bb92	455	2219	2685	336
METHOD_ENTRY	com.badlogic.gdx.utils.IntFloatMap#getAndIncrement(int,float,float):float	1b3136db30e1edfe6aa5	413	2142	2566	259
METHOD_EXIT	com.badlogic.gdx.utils.IntFloatMap#get(int,float):float	e58229e7282324ea3c22	455	2078	2544	392
METHOD_ENTRY	com.badlogic.gdx.utils.IntFloatMap#remove(int,float):float	63fdeb2a9a2b1e3bb562	413	2158	2582	94
METHOD_ENTRY	com.badlogic.gdx.utils.IntFloatMap#notEmpty():boolean	941e2d48e6a5df4574cb	413	1952	2376	216
METHOD_EXIT	com.badlogic.gdx.utils.IntFloatMap#remove(int,float):float	515450b772886437e495	455	2235	2701	298
METHOD_EXIT	com.badlogic.gdx.utils.IntFloatMap#notEmpty():boolean	0f48efc5240518c09677	455	2026	2492	235
METHOD_ENTRY	com.badlogic.gdx.utils.IntFloatMap#isEmpty():boolean	e006e55d7a0b2dc83826	413	1952	2376	232
METHOD_ENTRY	com.badlogic.gdx.utils.IntFloatMap#shrink(int):void	fb61f36a8e99093d07b3	413	2008	2432	236
METHOD_EXIT	com.badlogic.gdx.utils.IntFloatMap#isEmpty():boolean	0e1d575f665944ace918	455	2026	2492	211
METHOD_ENTRY	com.badlogic.gdx.utils.IntFloatMap#clear(int):void	9dc460a78da8d7105a78	413	2004	2428	215
METHOD_EXIT	com.badlogic.gdx.utils.IntFloatMap#shrink(int):void	bd2ed9d4f2f69eef1906	455	2019	2485	300
METHOD_EXIT	com.badlogic.gdx.utils.IntFloatMap#clear(int):void	9550f41eedc105f5bc14	455	2015	2481	273
METHOD_ENTRY	com.badlogic.gdx.utils.IntFloatMap#clear():void	ef61bfe488666f400978	413	1975	2399	286
METHOD_EXIT	com.badlogic.gdx.utils.IntFloatMap#clear():void	9f383a7e06a372682ead	455	1986	2452	272
METHOD_ENTRY	com.badlogic.gdx.utils.IntFloatMap#containsValue(float):boolean	c1b1be614c253556e36d	413	2031	2455	320
METHOD_EXIT	com.badlogic.gdx.utils.IntFloatMap#containsValue(float):boolean	cdb8ecf7ffd93caa57cb	455	2108	2574	326
METHOD_ENTRY	com.badlogic.gdx.utils.IntFloatMap#containsValue(float,float):boolean	2233a6ab12a5de07b6aa	413	2051	2475	249
METHOD_EXIT	com.badlogic.gdx.utils.IntFloatMap#containsValue(float,float):boolean	7fe833a116d34ad90e4e	455	2128	2594	328
METHOD_ENTRY	com.badlogic.gdx.utils.IntFloatMap#findKey(float,int):int	c42bc9f28aab1113fa59	413	2046	2470	278
METHOD_EXIT	com.badlogic.gdx.utils.IntFloatMap#containsKey(int):boolean	94ada1a8c48e5013206b	455	2051	2517	297
METHOD_ENTRY	com.badlogic.gdx.utils.IntFloatMap#containsKey(int):boolean	4fcf9de2215dfccb10d5	413	1974	2398	352
METHOD_EXIT	com.badlogic.gdx.utils.IntFloatMap#findKey(float,int):int	4cdede63c6a667fbc92e	455	2123	2589	349
METHOD_ENTRY	com.badlogic.gdx.utils.IntFloatMap#findKey(float,float,int):int	7e259859e75b93c12cd3	413	2066	2490	272
METHOD_ENTRY	com.badlogic.gdx.utils.IntFloatMap#ensureCapacity(int):void	5d9eef9ece8faacdc52a	413	1982	2406	230
METHOD_EXIT	com.badlogic.gdx.utils.IntFloatMap#findKey(float,float,int):int	70d32792ecf7c226ddb2	455	2143	2609	373
METHOD_EXIT	com.badlogic.gdx.utils.IntFloatMap#ensureCapacity(int):void	2b83d029726189667c06	455	1993	2459	306
METHOD_EXIT	com.badlogic.gdx.utils.IntFloatMap#resize(int):void	ec4f03b1f157949030be	455	2100	2566	220
METHOD_ENTRY	com.badlogic.gdx.utils.IntFloatMap#resize(int):void	a4f857cf5e94d4391ef6	413	2089	2513	287
METHOD_EXIT	com.badlogic.gdx.utils.IntFloatMap#hashCode():int	2f0ac7a2440416b4ce5a	455	2128	2594	266
METHOD_EXIT	com.badlogic.gdx.utils.IntFloatMap#equals(Object):boolean	d30efc50143a7adbfe67	455	2224	2690	341
METHOD_ENTRY	com.badlogic.gdx.utils.IntFloatMap#equals(Object):boolean	d58931062bee3cc9c6ec	413	2147	2571	257
METHOD_ENTRY	com.badlogic.gdx.utils.IntFloatMap#toString():String	460aa3af88ebc03419e7	413	2150	2574	350
METHOD_ENTRY	com.badlogic.gdx.utils.IntFloatMap#hashCode():int	a2a3eac25f5b7d0a0c47	413	2054	2478	325
METHOD_EXIT	com.badlogic.gdx.utils.IntFloatMap#toString():String	21b2a70bf60500006c31	455	2224	2690	268
METHOD_ENTRY	com.badlogic.gdx.utils.IntFloatMap#iterator():Iterator<Entry>	cc24a686b45ed9de703d	413	1951	2375	231
METHOD_EXIT	com.badlogic.gdx.utils.IntFloatMap#iterator():Iterator<Entry>	9fde3fe46f72a904cb39	455	2026	2492	259
METHOD_EXIT	com.badlogic.gdx.utils.IntFloatMap#entries():Entries	9283242ce18a51946c26	455	2125	2591	270
METHOD_ENTRY	com.badlogic.gdx.utils.IntFloatMap#entries():Entries	921c50a5396fb3c81dbf	413	2051	2475	226
METHOD_EXIT	com.badlogic.gdx.utils.IntFloatMap#values():Values	6680c9bf87ca93bb23e6	455	2117	2583	233
METHOD_ENTRY	com.badlogic.gdx.utils.IntFloatMap#values():Values	bcbdfdab2519986d1ba4	413	2043	2467	338
METHOD_EXIT	com.badlogic.gdx.utils.IntFloatMap#keys():Keys	6796924729ef3a94607f	455	2117	2583	290
METHOD_ENTRY	com.badlogic.gdx.utils.IntFloatMap#keys():Keys	4c1a74b6a3ec892d0c1d	413	2043	2467	263
METHOD_EXIT	com.badlogic.gdx.utils.IntFloatMap#toString():String	21b2a70bf60500006c31	455	2224	2690	268
METHOD_ENTRY	com.badlogic.gdx.utils.IntFloatMap#toString():String	460aa3af88ebc03419e7	413	2150	2574	350
METHOD_ENTRY	com.badlogic.gdx.utils.IntFloatMap#reset():void	8eb6484d716374934bc4	413	1981	2405	230
METHOD_EXIT	com.badlogic.gdx.utils.IntFloatMap#reset():void	16391bb722af28ff005e	455	1992	2458	234
METHOD_ENTRY	com.badlogic.gdx.utils.IntFloatMap#findNextIndex():void	db4275d39bbff4ca6f62	413	2008	2432	193
METHOD_EXIT	com.badlogic.gdx.utils.IntFloatMap#findNextIndex():void	3bc9869cf2ecf81e5e30	455	2019	2485	338
METHOD_ENTRY	com.badlogic.gdx.utils.IntFloatMap#remove():void	7117021c61019060dba6	413	2157	2581	284
METHOD_ENTRY	com.badlogic.gdx.utils.IntFloatMap#next():Entry	0f6dcdaa7314c9f67a63	413	2054	2478	287
METHOD_EXIT	com.badlogic.gdx.utils.IntFloatMap#next():Entry	57818454444c13ae4297	455	2128	2594	353
METHOD_EXIT	com.badlogic.gdx.utils.IntFloatMap#remove():void	dbd8cf68f7caaacdafe2	455	2168	2634	293
METHOD_ENTRY	com.badlogic.gdx.utils.IntFloatMap#hasNext():boolean	ab273798be6d6e29ff70	413	1970	2394	261
METHOD_ENTRY	com.badlogic.gdx.utils.IntFloatMap#iterator():Iterator<Entry>	cc24a686b45ed9de703d	413	1951	2375	231
METHOD_EXIT	com.badlogic.gdx.utils.IntFloatMap#hasNext():boolean	ab01da44b040f16d7ec4	455	2044	2510	199
METHOD_EXIT	com.badlogic.gdx.utils.IntFloatMap#iterator():Iterator<Entry>	9fde3fe46f72a904cb39	455	2026	2492	259
METHOD_ENTRY	com.badlogic.gdx.utils.IntFloatMap#remove():void	7117021c61019060dba6	413	2157	2581	284
METHOD_EXIT	com.badlogic.gdx.utils.IntFloatMap#remove():void	dbd8cf68f7caaacdafe2	455	2168	2634	293
METHOD_ENTRY	com.badlogic.gdx.utils.IntFloatMap#hasNext():boolean	ab273798be6d6e29ff70	413	1970	2394	261
METHOD_ENTRY	com.badlogic.gdx.utils.IntFloatMap#next():float	af440bb3ef36903ac8a4	413	2012	2436	283
METHOD_EXIT	com.badlogic.gdx.utils.IntFloatMap#next():float	cf52845e659c8a8d2270	455	2086	2552	345
METHOD_EXIT	com.badlogic.gdx.utils.IntFloatMap#hasNext():boolean	ab01da44b040f16d7ec4	455	2044	2510	199
METHOD_ENTRY	com.badlogic.gdx.utils.IntFloatMap#iterator():Values	0ca1aa2c659904d976ce	413	1948	2372	235
METHOD_EXIT	com.badlogic.gdx.utils.IntFloatMap#iterator():Values	67f02024c60d9670cf02	455	2022	2488	118
METHOD_ENTRY	com.badlogic.gdx.utils.IntFloatMap#toArray():FloatArray	2f9a92c25b2b5fc4de0c	413	1977	2401	307
METHOD_ENTRY	com.badlogic.gdx.utils.IntFloatMap#toArray(FloatArray):FloatArray	b5e16fb067a11aeda117	413	1972	2396	209
METHOD_EXIT	com.badlogic.gdx.utils.IntFloatMap#toArray():FloatArray	d15885c70a9c200e57ab	455	2052	2518	242
METHOD_EXIT	com.badlogic.gdx.utils.IntFloatMap#toArray(FloatArray):FloatArray	580c246729ce1cda564c	455	2050	2516	255
METHOD_ENTRY	com.badlogic.gdx.utils.IntFloatMap#next():int	96afc5d425a5e47fcfb9	413	2011	2435	300
METHOD_ENTRY	com.badlogic.gdx.utils.IntFloatMap#toArray():IntArray	39e468b77531f47aec91	413	1976	2400	311
METHOD_EXIT	com.badlogic.gdx.utils.IntFloatMap#toArray():IntArray	33947bddaf7f88d34ae6	455	2051	2517	248
METHOD_ENTRY	com.badlogic.gdx.utils.Entry#toString():String	b66a5a77dfe358071223	413	579	1003	233
METHOD_EXIT	com.badlogic.gdx.utils.IntFloatMap#next():int	92492191d863586fe5fb	455	2085	2551	366
METHOD_ENTRY	com.badlogic.gdx.utils.IntFloatMap#toArray(IntArray):IntArray	a96d5296c10b50dd6d12	413	1972	2396	239
METHOD_EXIT	com.badlogic.gdx.utils.Entry#toString():String	cfa4a325d7251eca34e1	455	653	1119	249
METHOD_EXIT	com.badlogic.gdx.utils.IntFloatMap#toArray(IntArray):IntArray	0b7457c1ae45d8610454	455	2050	2516	189
METHOD_ENTRY	com.badlogic.gdx.utils.MapIterator#reset():void	cacb9ece3e8666c9236a	413	411	835	308
METHOD_EXIT	com.badlogic.gdx.utils.MapIterator#reset():void	2e7b94150607e5816dc6	455	422	888	206
METHOD_ENTRY	com.badlogic.gdx.utils.MapIterator#findNextIndex():void	6f71aa1af8ff7843e18d	413	438	862	135
METHOD_EXIT	com.badlogic.gdx.utils.MapIterator#findNextIndex():void	be7920a1d93522a58eae	455	449	915	280
METHOD_EXIT	com.badlogic.gdx.utils.MapIterator#remove():void	a79d55d422b854f1e39d	455	598	1064	281
METHOD_ENTRY	com.badlogic.gdx.utils.Entries#next():Entry	c0ed7e6ffe09a622ba5c	413	484	908	306
METHOD_EXIT	com.badlogic.gdx.utils.Entries#next():Entry	46bdb53c113f653d6bf9	455	558	1024	297
METHOD_ENTRY	com.badlogic.gdx.utils.MapIterator#remove():void	38ebc7c8ac0b59b13fc5	413	587	1011	254
METHOD_ENTRY	com.badlogic.gdx.utils.Entries#hasNext():boolean	f8379590b9bc167d4dbb	413	400	824	145
METHOD_EXIT	com.badlogic.gdx.utils.Entries#hasNext():boolean	51d8833918c042716129	455	474	940	140
METHOD_ENTRY	com.badlogic.gdx.utils.Entries#iterator():Iterator<Entry>	23bd996b16f8c0eb9bd3	413	381	805	62
METHOD_EXIT	com.badlogic.gdx.utils.Entries#iterator():Iterator<Entry>	f27e8aba85f3e641ec4e	455	456	922	213
METHOD_ENTRY	com.badlogic.gdx.utils.Entries#remove():void	e9cae23817a63742bb61	413	587	1011	312
METHOD_EXIT	com.badlogic.gdx.utils.Entries#remove():void	1ddb8fb66dae04d37d81	455	598	1064	256
METHOD_ENTRY	com.badlogic.gdx.utils.Values#hasNext():boolean	599be60232ea0cf859da	413	399	823	259
METHOD_ENTRY	com.badlogic.gdx.utils.Values#next():float	a6ec7b008fc55ef6cf37	413	441	865	291
METHOD_EXIT	com.badlogic.gdx.utils.Values#hasNext():boolean	96aff0b5e6f9e0a06f76	455	473	939	174
METHOD_EXIT	com.badlogic.gdx.utils.Values#iterator():Values	c420ebfe50bdd2532e9b	455	451	917	35
METHOD_ENTRY	com.badlogic.gdx.utils.Values#iterator():Values	efef29e1e56810c987a2	413	377	801	98
METHOD_EXIT	com.badlogic.gdx.utils.Values#next():float	232a13982d62745bbb03	455	515	981	303
METHOD_ENTRY	com.badlogic.gdx.utils.Values#toArray():FloatArray	0c9d17d6eeaae01ecbb5	413	406	830	169
METHOD_EXIT	com.badlogic.gdx.utils.Values#toArray():FloatArray	4c1d64b136e89899b88a	455	481	947	253
METHOD_ENTRY	com.badlogic.gdx.utils.Values#toArray(FloatArray):FloatArray	bf961ae5b6d1da00bd07	413	401	825	195
METHOD_EXIT	com.badlogic.gdx.utils.Values#toArray(FloatArray):FloatArray	601cabddedb8fa54bbbb	455	479	945	277
METHOD_ENTRY	com.badlogic.gdx.utils.SnapshotArray#begin():T[]	ff95275210441d70daa5	413	912	1336	234
METHOD_EXIT	com.badlogic.gdx.utils.Keys#next():int	cfcf794a7ca332f4de38	455	514	980	289
METHOD_EXIT	com.badlogic.gdx.utils.SnapshotArray#begin():T[]	15cbcec0e275cbbda558	455	986	1452	186
METHOD_ENTRY	com.badlogic.gdx.utils.Keys#toArray():IntArray	e62f05c0a4dc72639185	413	405	829	245
METHOD_ENTRY	com.badlogic.gdx.utils.Keys#next():int	e6913284d42cc6a75302	413	440	864	282
METHOD_EXIT	com.badlogic.gdx.utils.Keys#toArray():IntArray	ceb2747f89a478681103	455	480	946	6788
METHOD_ENTRY	com.badlogic.gdx.utils.SnapshotArray#end():void	3c1a26dff88bb0c9f251	413	966	1390	266
METHOD_EXIT	com.badlogic.gdx.utils.Keys#toArray(IntArray):IntArray	b30a5b3e703f22ec0917	455	479	945	260
METHOD_EXIT	com.badlogic.gdx.utils.SnapshotArray#end():void	70390ef9f24a7f41ebd5	455	977	1443	277
METHOD_EXIT	com.badlogic.gdx.utils.SnapshotArray#modified():void	6cd19fe78c59f2395ece	455	986	1452	259
METHOD_ENTRY	com.badlogic.gdx.utils.Keys#toArray(IntArray):IntArray	d228e68c5169dbaae5bd	413	401	825	148
METHOD_ENTRY	com.badlogic.gdx.utils.SnapshotArray#insert(int,T):void	7d3b433d3fab9e5f0c1b	413	917	1341	237
METHOD_ENTRY	com.badlogic.gdx.utils.SnapshotArray#set(int,T):void	ac3629f7c5c91f87af31	413	916	1340	172
METHOD_EXIT	com.badlogic.gdx.utils.SnapshotArray#insert(int,T):void	1e2f8474ca41030ade47	455	928	1394	236
METHOD_ENTRY	com.badlogic.gdx.utils.SnapshotArray#insertRange(int,int):void	2337850329906d5cedf0	413	920	1344	226
METHOD_EXIT	com.badlogic.gdx.utils.SnapshotArray#set(int,T):void	db289767eb2258599288	455	927	1393	261
METHOD_EXIT	com.badlogic.gdx.utils.SnapshotArray#insertRange(int,int):void	470672575dd97d94ee6f	455	931	1397	205
METHOD_ENTRY	com.badlogic.gdx.utils.SnapshotArray#modified():void	0f3da89146d3b19d525c	413	975	1399	281
METHOD_EXIT	com.badlogic.gdx.utils.SnapshotArray#swap(int,int):void	c7672f97222178b44c95	455	928	1394	224
METHOD_ENTRY	com.badlogic.gdx.utils.SnapshotArray#swap(int,int):void	bb0034c199fa207ce8e0	413	917	1341	175
METHOD_ENTRY	com.badlogic.gdx.utils.SnapshotArray#replaceFirst(T,boolean,T):boolean	7baa5850b50b2bc8094b	413	934	1358	220
METHOD_EXIT	com.badlogic.gdx.utils.SnapshotArray#replaceFirst(T,boolean,T):boolean	de3624379f95d462ab6b	455	1011	1477	322
METHOD_ENTRY	com.badlogic.gdx.utils.SnapshotArray#replaceAll(T,boolean,T):int	1a27a6b829e873f4aa9f	413	936	1360	338
METHOD_ENTRY	com.badlogic.gdx.utils.SnapshotArray#removeValue(T,boolean):boolean	1c3a439b636cfa19f608	413	922	1346	193
METHOD_EXIT	com.badlogic.gdx.utils.SnapshotArray#removeValue(T,boolean):boolean	6fcd8e2b5375b82ee6b1	455	999	1465	242
METHOD_ENTRY	com.badlogic.gdx.utils.SnapshotArray#removeIndex(int):T	72ada99b23cc7ee7a3b1	413	910	1334	104
METHOD_EXIT	com.badlogic.gdx.utils.SnapshotArray#removeIndex(int):T	e9461e03b7e80541089b	455	987	1453	322
METHOD_EXIT	com.badlogic.gdx.utils.SnapshotArray#replaceAll(T,boolean,T):int	51f1660a4d54321275d2	455	1013	1479	264
METHOD_ENTRY	com.badlogic.gdx.utils.SnapshotArray#removeRange(int,int):void	302b3627c19ed9128221	413	920	1344	136
METHOD_EXIT	com.badlogic.gdx.utils.SnapshotArray#removeRange(int,int):void	12184bc70a571ae8b84d	455	931	1397	254
METHOD_ENTRY	com.badlogic.gdx.utils.SnapshotArray#removeAll(Array<? extends T>,boolean):boolean	b9b963dccdc6eb58fea1	413	932	1356	205
METHOD_EXIT	com.badlogic.gdx.utils.SnapshotArray#removeAll(Array<? extends T>,boolean):boolean	edd5ea779d106d5568ae	455	1009	1475	270
METHOD_ENTRY	com.badlogic.gdx.utils.SnapshotArray#pop():T	d905ceb3e603e9cc3fa4	413	900	1324	261
METHOD_EXIT	com.badlogic.gdx.utils.SnapshotArray#pop():T	afa177a4b2baddd6af49	455	974	1440	180
METHOD_ENTRY	com.badlogic.gdx.utils.SnapshotArray#clear():void	5cc739ebfa5c2ee9e9cb	413	899	1323	242
METHOD_ENTRY	com.badlogic.gdx.utils.SnapshotArray#sort():void	25ca6e8f9e3f47b5e064	413	899	1323	189
METHOD_EXIT	com.badlogic.gdx.utils.SnapshotArray#sort():void	e1d1cfc447e78fcaf7e9	455	910	1376	300
METHOD_ENTRY	com.badlogic.gdx.utils.SnapshotArray#sort(Comparator<? super T>):void	3d4151eed7fcdfd9ad29	413	918	1342	184
METHOD_EXIT	com.badlogic.gdx.utils.SnapshotArray#clear():void	ffce3f0087a40b35290a	455	910	1376	293
METHOD_ENTRY	com.badlogic.gdx.utils.SnapshotArray#reverse():void	544d63aa7e9821a07e4c	413	899	1323	217
METHOD_EXIT	com.badlogic.gdx.utils.SnapshotArray#reverse():void	e0f1a135ffb970a028f9	455	910	1376	282
METHOD_EXIT	com.badlogic.gdx.utils.SnapshotArray#sort(Comparator<? super T>):void	eb4fbca689c748dc8ebd	455	929	1395	219
METHOD_ENTRY	com.badlogic.gdx.utils.SnapshotArray#shuffle():void	bdaa086226f619b74321	413	899	1323	234
METHOD_EXIT	com.badlogic.gdx.utils.SnapshotArray#shuffle():void	721e2965954d9ae3e7a0	455	910	1376	255
METHOD_ENTRY	com.badlogic.gdx.utils.SnapshotArray#truncate(int):void	b19a048f40ee408aa710	413	910	1334	49
METHOD_EXIT	com.badlogic.gdx.utils.SnapshotArray#truncate(int):void	e2fb2df481ca4638fecf	455	921	1387	266
METHOD_EXIT	com.badlogic.gdx.utils.SnapshotArray#setSize(int):T[]	b856ad63af3213420f8b	455	991	1457	245
METHOD_EXIT	com.badlogic.gdx.utils.SnapshotArray#with(T):SnapshotArray<T>	d1593a6066fe27e4ca05	455	994	1460	288
METHOD_ENTRY	com.badlogic.gdx.utils.SnapshotArray#with(T):SnapshotArray<T>	3c66d1f751bd40c0b63c	413	915	1339	216
METHOD_ENTRY	com.badlogic.gdx.utils.SnapshotArray#setSize(int):T[]	3ed4adf09dcefee3a0d1	413	914	1338	107
METHOD_ENTRY	com.badlogic.gdx.utils.I18NBundle#getSimpleFormatter():boolean	cd2e600847f4491822eb	413	3308	3732	99
METHOD_ENTRY	com.badlogic.gdx.utils.I18NBundle#setSimpleFormatter(boolean):void	cd0812773e62631c3eac	413	3316	3740	160
METHOD_EXIT	com.badlogic.gdx.utils.I18NBundle#setSimpleFormatter(boolean):void	3c788df2ed504179f1c5	455	3327	3793	105
METHOD_EXIT	com.badlogic.gdx.utils.I18NBundle#getSimpleFormatter():boolean	4ebc0823c24a27d3799e	455	3382	3848	122
METHOD_ENTRY	com.badlogic.gdx.utils.I18NBundle#getExceptionOnMissingKey():boolean	cbd661d19099f9e44f24	413	3314	3738	49
METHOD_EXIT	com.badlogic.gdx.utils.I18NBundle#getExceptionOnMissingKey():boolean	fd9d90ccb1531c916a43	455	3388	3854	89
METHOD_ENTRY	com.badlogic.gdx.utils.I18NBundle#setExceptionOnMissingKey(boolean):void	21ea6949057d2e42c71e	413	3322	3746	78
METHOD_ENTRY	com.badlogic.gdx.utils.I18NBundle#createBundle(FileHandle):I18NBundle	164638646a51c6cfed33	413	3336	3760	164
METHOD_EXIT	com.badlogic.gdx.utils.I18NBundle#createBundle(FileHandle):I18NBundle	095714b63c2488532872	455	3416	3882	290
METHOD_ENTRY	com.badlogic.gdx.utils.I18NBundle#createBundle(FileHandle,Locale):I18NBundle	afafdee8663015363544	413	3344	3768	235
METHOD_EXIT	com.badlogic.gdx.utils.I18NBundle#setExceptionOnMissingKey(boolean):void	db8af4fb08de6b52cef9	455	3333	3799	90
METHOD_EXIT	com.badlogic.gdx.utils.I18NBundle#createBundle(FileHandle,Locale):I18NBundle	daf23cdd8d648dc39b6a	455	3424	3890	309
METHOD_ENTRY	com.badlogic.gdx.utils.I18NBundle#createBundle(FileHandle,String):I18NBundle	67315bf71632e5b7d4fb	413	3344	3768	217
METHOD_EXIT	com.badlogic.gdx.utils.I18NBundle#createBundle(FileHandle,String):I18NBundle	c243b4be9535181ec852	455	3424	3890	278
METHOD_ENTRY	com.badlogic.gdx.utils.I18NBundle#createBundle(FileHandle,Locale,String):I18NBundle	d1298a9ea92b37bc8be3	413	3352	3776	243
METHOD_EXIT	com.badlogic.gdx.utils.I18NBundle#createBundle(FileHandle,Locale,String):I18NBundle	c0f10a92889d4e1961d9	455	3432	3898	258
METHOD_EXIT	com.badlogic.gdx.utils.I18NBundle#createBundleImpl(FileHandle,Locale,String):I18NBundle	22b969bb36a4fc43f061	455	3810	4276	296
METHOD_ENTRY	com.badlogic.gdx.utils.I18NBundle#createBundleImpl(FileHandle,Locale,String):I18NBundle	0ca1549aecd9367fb6e3	413	3730	4154	257
METHOD_ENTRY	com.badlogic.gdx.utils.I18NBundle#getFallbackLocale(Locale):Locale	3735bf8fe951487a846d	413	3332	3756	192
METHOD_EXIT	com.badlogic.gdx.utils.I18NBundle#getCandidateLocales(Locale):List<Locale>	c827b6e87fa7bcad4fde	455	3516	3982	338
METHOD_EXIT	com.badlogic.gdx.utils.I18NBundle#getFallbackLocale(Locale):Locale	827ffff89963531227ef	455	3409	3875	272
METHOD_ENTRY	com.badlogic.gdx.utils.I18NBundle#loadBundleChain(FileHandle,String,List<Locale>,int,I18NBundle):I18NBundle	25ea941473051d501b41	413	3534	3958	327
METHOD_ENTRY	com.badlogic.gdx.utils.I18NBundle#getCandidateLocales(Locale):List<Locale>	01d7f1def32b6a4fd6b2	413	3437	3861	247
METHOD_EXIT	com.badlogic.gdx.utils.I18NBundle#loadBundleChain(FileHandle,String,List<Locale>,int,I18NBundle):I18NBundle	d708d67f4d0560d103b0	455	3614	4080	366
METHOD_ENTRY	com.badlogic.gdx.utils.I18NBundle#loadBundle(FileHandle,String,Locale):I18NBundle	af814112330f47fca280	413	3495	3919	240
METHOD_ENTRY	com.badlogic.gdx.utils.I18NBundle#checkFileExistence(FileHandle):boolean	b345194536462d2869ef	413	3345	3769	261
METHOD_EXIT	com.badlogic.gdx.utils.I18NBundle#loadBundle(FileHandle,String,Locale):I18NBundle	55a258f90e4be5800225	455	3575	4041	308
METHOD_ENTRY	com.badlogic.gdx.utils.I18NBundle#load(Reader):void	0d8bfc300ef1b3614bec	413	3324	3748	108
METHOD_EXIT	com.badlogic.gdx.utils.I18NBundle#checkFileExistence(FileHandle):boolean	dbad0f383c19b83f08d7	455	3422	3888	291
METHOD_EXIT	com.badlogic.gdx.utils.I18NBundle#load(Reader):void	3daa24e0a8df9789976b	455	3335	3801	305
METHOD_EXIT	com.badlogic.gdx.utils.I18NBundle#toFileHandle(FileHandle,Locale):FileHandle	0d7d0bcf81d54bf01a1a	455	3559	4025	273
METHOD_ENTRY	com.badlogic.gdx.utils.I18NBundle#getLocale():Locale	97d47449dd9df153ea5b	413	3304	3728	198
METHOD_EXIT	com.badlogic.gdx.utils.I18NBundle#getLocale():Locale	7576dd56ab0fca7111d2	455	3378	3844	183
METHOD_ENTRY	com.badlogic.gdx.utils.I18NBundle#setLocale(Locale):void	87de3583adb29607bc58	413	3326	3750	258
METHOD_EXIT	com.badlogic.gdx.utils.I18NBundle#setLocale(Locale):void	668cda25254335256707	455	3337	3803	230
METHOD_ENTRY	com.badlogic.gdx.utils.I18NBundle#get(String):String	ca233da0f1468e371664	413	3397	3821	298
METHOD_ENTRY	com.badlogic.gdx.utils.I18NBundle#toFileHandle(FileHandle,Locale):FileHandle	81c69e802a11df5f3c09	413	3481	3905	302
METHOD_EXIT	com.badlogic.gdx.utils.I18NBundle#get(String):String	68d36143d9cac190106f	455	3474	3940	305
METHOD_ENTRY	com.badlogic.gdx.utils.I18NBundle#keys():Set<String>	107144bf5fc12062f9ef	413	3357	3781	205
METHOD_EXIT	com.badlogic.gdx.utils.I18NBundle#keys():Set<String>	ab4a0eb59049b550f6aa	455	3432	3898	256
METHOD_ENTRY	com.badlogic.gdx.utils.I18NBundle#debug(String):void	13af7361300e417392b4	413	3344	3768	215
METHOD_ENTRY	com.badlogic.gdx.utils.I18NBundle#format(String,Object):String	d7ff8bab35669fb9e967	413	3324	3748	356
METHOD_EXIT	com.badlogic.gdx.utils.I18NBundle#format(String,Object):String	0908c853a888dd581ecb	455	3401	3867	282
METHOD_EXIT	com.badlogic.gdx.utils.I18NBundle#debug(String):void	a03bd445bc6964562531	455	3355	3821	252
METHOD_EXIT	com.badlogic.gdx.utils.BinaryHeap#add(T):T	c79894f2d895059f5208	455	946	1412	288
METHOD_ENTRY	com.badlogic.gdx.utils.BinaryHeap#add(T,float):T	e40a9804805cd2709686	413	804	1228	231
METHOD_EXIT	com.badlogic.gdx.utils.BinaryHeap#add(T,float):T	4b0129a662548709de32	455	881	1347	232
METHOD_ENTRY	com.badlogic.gdx.utils.BinaryHeap#add(T):T	aa5f606a83878ff6e0e5	413	869	1293	244
METHOD_ENTRY	com.badlogic.gdx.utils.BinaryHeap#contains(T,boolean):boolean	93eae977bf374a0a2512	413	866	1290	197
METHOD_EXIT	com.badlogic.gdx.utils.BinaryHeap#contains(T,boolean):boolean	01cc06ba18bf15fa5c77	455	943	1409	341
METHOD_ENTRY	com.badlogic.gdx.utils.BinaryHeap#peek():T	ba0b70e90b726f52b4fc	413	806	1230	202
METHOD_EXIT	com.badlogic.gdx.utils.BinaryHeap#peek():T	82a937c8b436bf5188f3	455	880	1346	375
METHOD_EXIT	com.badlogic.gdx.utils.BinaryHeap#pop():T	d75d15b6f44b77b4f5e2	455	911	1377	321
METHOD_ENTRY	com.badlogic.gdx.utils.BinaryHeap#pop():T	298f62ee9bcc7b332db7	413	837	1261	179
METHOD_ENTRY	com.badlogic.gdx.utils.BinaryHeap#remove(T):T	dd10d21ece86a2ee5543	413	860	1284	276
METHOD_ENTRY	com.badlogic.gdx.utils.BinaryHeap#notEmpty():boolean	8231ed691f3c60bb9a52	413	787	1211	189
METHOD_ENTRY	com.badlogic.gdx.utils.BinaryHeap#isEmpty():boolean	f2be9b5710cd95b8acde	413	787	1211	191
METHOD_EXIT	com.badlogic.gdx.utils.BinaryHeap#notEmpty():boolean	ea7140906e38c56be8af	455	861	1327	222
METHOD_ENTRY	com.badlogic.gdx.utils.BinaryHeap#clear():void	47cc6aefed59afa04d75	413	796	1220	40
METHOD_EXIT	com.badlogic.gdx.utils.BinaryHeap#isEmpty():boolean	cdc3adc7728a56d3f38d	455	861	1327	222
METHOD_ENTRY	com.badlogic.gdx.utils.BinaryHeap#setValue(T,float):void	31336827d60f7cf89bbb	413	834	1258	209
METHOD_EXIT	com.badlogic.gdx.utils.BinaryHeap#clear():void	35f98bb3c874a6f48849	455	807	1273	240
METHOD_EXIT	com.badlogic.gdx.utils.BinaryHeap#remove(T):T	21746ca29b9af43d3425	455	937	1403	276
METHOD_EXIT	com.badlogic.gdx.utils.BinaryHeap#setValue(T,float):void	3f7f251af5e3bcfde1d3	455	845	1311	297
METHOD_ENTRY	com.badlogic.gdx.utils.BinaryHeap#up(int):void	8cd818673d7f6af8fec8	413	894	1318	266
METHOD_EXIT	com.badlogic.gdx.utils.BinaryHeap#up(int):void	1fc79850a4ae8e258c14	455	905	1371	308
METHOD_ENTRY	com.badlogic.gdx.utils.BinaryHeap#down(int):void	feb38b4b594e3a41b253	413	1096	1520	229
METHOD_ENTRY	com.badlogic.gdx.utils.BinaryHeap#equals(Object):boolean	53c9be0ba18872e15ae1	413	873	1297	229
METHOD_EXIT	com.badlogic.gdx.utils.BinaryHeap#down(int):void	2416a09d79fc1d23a5e2	455	1107	1573	380
METHOD_EXIT	com.badlogic.gdx.utils.BinaryHeap#equals(Object):boolean	92f84b4cd981aad49e69	455	950	1416	388
METHOD_EXIT	com.badlogic.gdx.utils.BinaryHeap#hashCode():int	aba8d055d928bd609f03	455	910	1376	270
METHOD_ENTRY	com.badlogic.gdx.utils.BinaryHeap#toString():String	9494fed1f8014bbb9e5d	413	869	1293	257
METHOD_EXIT	com.badlogic.gdx.utils.BinaryHeap#toString():String	8a9e928c0d2af0db2bbe	455	943	1409	345
METHOD_ENTRY	com.badlogic.gdx.utils.BinaryHeap#getValue():float	b9dd1ef65842e9a2daa3	413	784	1208	49
METHOD_EXIT	com.badlogic.gdx.utils.BinaryHeap#getValue():float	ed7f72993a55e3811808	455	858	1324	153
METHOD_ENTRY	com.badlogic.gdx.utils.Node#getValue():float	fa9d3a7c9e7adf3e5124	413	378	802	102
METHOD_ENTRY	com.badlogic.gdx.utils.BinaryHeap#hashCode():int	9e7a0ce1a55fda8179b9	413	836	1260	218
METHOD_ENTRY	com.badlogic.gdx.utils.BinaryHeap#toString():String	9494fed1f8014bbb9e5d	413	869	1293	257
METHOD_EXIT	com.badlogic.gdx.utils.BinaryHeap#toString():String	8a9e928c0d2af0db2bbe	455	943	1409	345
METHOD_ENTRY	com.badlogic.gdx.utils.Node#toString():String	0b8cb6a83db05fb374c5	413	463	887	158
METHOD_EXIT	com.badlogic.gdx.utils.Node#getValue():float	fa099f14c8ea7855af49	455	452	918	206
METHOD_ENTRY	com.badlogic.gdx.utils.AtomicQueue#next(int):int	8896514d9f4c6fc75ea7	413	495	919	150
METHOD_EXIT	com.badlogic.gdx.utils.AtomicQueue#next(int):int	2c60b585838ed0918be8	455	572	1038	221
METHOD_EXIT	com.badlogic.gdx.utils.AtomicQueue#put(T):boolean	20b590cd6b61cd1c18d8	455	611	1077	308
METHOD_ENTRY	com.badlogic.gdx.utils.AtomicQueue#poll():T	339833e0b97e34fcfcf1	413	524	948	134
METHOD_ENTRY	com.badlogic.gdx.utils.PerformanceCounters#add(String,int):PerformanceCounter	0b6f50e4f52dc8bab99f	413	514	938	124
METHOD_EXIT	com.badlogic.gdx.utils.AtomicQueue#poll():T	35c79b92e31862d6a404	455	598	1064	359
METHOD_EXIT	com.badlogic.gdx.utils.Node#toString():String	1c6f6d6cd0fb1a1ef354	455	537	1003	254
METHOD_EXIT	com.badlogic.gdx.utils.PerformanceCounters#add(String,int):PerformanceCounter	743053f4fd8cab18dd66	455	592	1058	291
METHOD_ENTRY	com.badlogic.gdx.utils.AtomicQueue#put(T):boolean	d4a382699682f4d2d9cd	413	534	958	266
METHOD_ENTRY	com.badlogic.gdx.utils.PerformanceCounters#add(String):PerformanceCounter	f546eeba584899d84d03	413	499	923	140
METHOD_EXIT	com.badlogic.gdx.utils.PerformanceCounters#add(String):PerformanceCounter	f8831b763a180ca36e3d	455	577	1043	258
METHOD_EXIT	com.badlogic.gdx.utils.PerformanceCounters#tick():void	059d8570e4db0cf33cac	455	518	984	239
METHOD_ENTRY	com.badlogic.gdx.utils.PerformanceCounters#tick(float):void	52a2f143a5829afad6d3	413	504	928	113
METHOD_ENTRY	com.badlogic.gdx.utils.PerformanceCounters#tick():void	a004dce239984a608340	413	507	931	216
METHOD_EXIT	com.badlogic.gdx.utils.PerformanceCounters#tick(float):void	541175543727f8815ade	455	515	981	260
METHOD_ENTRY	com.badlogic.gdx.utils.PerformanceCounters#toString(StringBuilder):StringBuilder	2820ef03a3140b87fc0f	413	536	960	189
METHOD_ENTRY	com.badlogic.gdx.utils.async.AsyncExecutor#newThread(Runnable):Thread	13e975fba4fa7f1b9ab1	413	538	962	57
METHOD_EXIT	com.badlogic.gdx.utils.async.AsyncExecutor#newThread(Runnable):Thread	c3a0dc691de26d3f3288	455	549	1015	285
METHOD_ENTRY	com.badlogic.gdx.utils.async.AsyncExecutor#submit(AsyncTask<T>):AsyncResult<T>	616b1795bddd53140799	413	638	1062	143
METHOD_EXIT	com.badlogic.gdx.utils.async.AsyncExecutor#submit(AsyncTask<T>):AsyncResult<T>	6482e113ceb5d73d9cad	455	717	1183	289
METHOD_ENTRY	com.badlogic.gdx.utils.async.AsyncExecutor#call():T	c0d62a273fcc4aa2b334	413	535	959	5
METHOD_EXIT	com.badlogic.gdx.utils.async.AsyncExecutor#call():T	e06594e86ba37c0eac56	455	546	1012	300
METHOD_EXIT	com.badlogic.gdx.utils.PerformanceCounters#toString(StringBuilder):StringBuilder	a00dee81986b19540f41	455	614	1080	281
METHOD_ENTRY	com.badlogic.gdx.utils.async.AsyncExecutor#dispose():void	a23b4c6902e1509bf0e7	413	597	1021	131
METHOD_ENTRY	com.badlogic.gdx.utils.async.ThreadUtils#yield():void	64a9eb1178f7bab5c80d	413	409	833	60
METHOD_EXIT	com.badlogic.gdx.utils.async.ThreadUtils#yield():void	388745566a378a4a8ee5	455	420	886	148
METHOD_EXIT	com.badlogic.gdx.utils.async.AsyncExecutor#dispose():void	502b9317f7801bdc77b3	455	608	1074	216
METHOD_ENTRY	com.badlogic.gdx.utils.async.AsyncResult#isDone():boolean	792b0e3e2b7aaa54ecbc	413	485	909	42
METHOD_EXIT	com.badlogic.gdx.utils.async.AsyncResult#isDone():boolean	5f5da8e1b0483a843ca4	455	559	1025	242
METHOD_ENTRY	com.badlogic.gdx.utils.async.AsyncResult#get():T	c7922067797a0e50fc6f	413	522	946	211
METHOD_EXIT	com.badlogic.gdx.utils.async.AsyncResult#get():T	223081c5c81f8b569b1c	455	596	1062	206
METHOD_ENTRY	com.badlogic.gdx.utils.ObjectIntMap#place(K):int	48f53f6ce4c1abfa6edc	413	1870	2294	253
METHOD_ENTRY	com.badlogic.gdx.utils.ObjectIntMap#locateKey(K):int	363d646013858a11a7f3	413	1938	2362	275
METHOD_EXIT	com.badlogic.gdx.utils.ObjectIntMap#locateKey(K):int	9c44807cc42c2ae4e96b	455	2015	2481	319
METHOD_ENTRY	com.badlogic.gdx.utils.ObjectIntMap#put(K,int):void	b78b9577ce588c6510ab	413	1933	2357	236
METHOD_ENTRY	com.badlogic.gdx.utils.ObjectIntMap#put(K,int,int):int	a9a1e7b57bc6d38954e9	413	1960	2384	243
METHOD_EXIT	com.badlogic.gdx.utils.ObjectIntMap#place(K):int	c1e3c3a134882cff29dd	455	1947	2413	284
METHOD_EXIT	com.badlogic.gdx.utils.ObjectIntMap#put(K,int):void	51e9c2b0a91c547c25b7	455	1944	2410	277
METHOD_EXIT	com.badlogic.gdx.utils.ObjectIntMap#putAll(ObjectIntMap<? extends K>):void	157cec19c22e66a4fe32	455	1947	2413	281
METHOD_ENTRY	com.badlogic.gdx.utils.ObjectIntMap#putResize(K,int):void	1c7a09716342b0b5140c	413	1920	2344	262
METHOD_ENTRY	com.badlogic.gdx.utils.ObjectIntMap#putAll(ObjectIntMap<? extends K>):void	0a02e51b3794607938cd	413	1936	2360	261
METHOD_ENTRY	com.badlogic.gdx.utils.ObjectIntMap#get(K,int):int	42bc7eec38fedf22a50e	413	1873	2297	204
METHOD_EXIT	com.badlogic.gdx.utils.ObjectIntMap#putResize(K,int):void	305dcff6c1dc512404a5	455	1931	2397	295
METHOD_EXIT	com.badlogic.gdx.utils.ObjectIntMap#put(K,int,int):int	9ca14a0339e85fb056f8	455	2037	2503	256
METHOD_EXIT	com.badlogic.gdx.utils.ObjectIntMap#get(K,int):int	198340dc4dbb0b7cd0c1	455	1950	2416	234
METHOD_ENTRY	com.badlogic.gdx.utils.ObjectIntMap#getAndIncrement(K,int,int):int	195b8f3971e20122543b	413	1966	2390	227
METHOD_EXIT	com.badlogic.gdx.utils.ObjectIntMap#getAndIncrement(K,int,int):int	4bc62964b44d4de4813f	455	2043	2509	251
METHOD_ENTRY	com.badlogic.gdx.utils.ObjectIntMap#remove(K,int):int	f6fb2dc2ec1edcc7cfbf	413	2010	2434	131
METHOD_ENTRY	com.badlogic.gdx.utils.ObjectIntMap#notEmpty():boolean	82b17ea7d321f8d80fe7	413	1844	2268	274
METHOD_EXIT	com.badlogic.gdx.utils.ObjectIntMap#notEmpty():boolean	e6afaabf6bf1a4eca829	455	1918	2384	225
METHOD_EXIT	com.badlogic.gdx.utils.ObjectIntMap#remove(K,int):int	bdd7499017e1d0c23f51	455	2087	2553	304
METHOD_EXIT	com.badlogic.gdx.utils.ObjectIntMap#isEmpty():boolean	a761de51bda2f0983b92	455	1918	2384	149
METHOD_ENTRY	com.badlogic.gdx.utils.ObjectIntMap#shrink(int):void	95dc96b5e794850ac2a5	413	1900	2324	283
METHOD_ENTRY	com.badlogic.gdx.utils.ObjectIntMap#isEmpty():boolean	b03358891b8de8808358	413	1844	2268	298
METHOD_EXIT	com.badlogic.gdx.utils.ObjectIntMap#shrink(int):void	611b0b485f4f837f2d7f	455	1911	2377	334
METHOD_EXIT	com.badlogic.gdx.utils.ObjectIntMap#clear():void	6aae6829e7939c8da109	455	1870	2336	231
METHOD_ENTRY	com.badlogic.gdx.utils.ObjectIntMap#clear():void	1c5b01e29f46d76a7f33	413	1859	2283	207
METHOD_ENTRY	com.badlogic.gdx.utils.ObjectIntMap#clear(int):void	fabff105e136cf4076d2	413	1889	2313	228
METHOD_EXIT	com.badlogic.gdx.utils.ObjectIntMap#clear(int):void	d1de855641eed36afd3c	455	1900	2366	287
METHOD_ENTRY	com.badlogic.gdx.utils.ObjectIntMap#containsValue(int):boolean	bd720557e9b62e1fff40	413	1907	2331	227
METHOD_EXIT	com.badlogic.gdx.utils.ObjectIntMap#containsValue(int):boolean	932202566d34a3606df2	455	1984	2450	334
METHOD_EXIT	com.badlogic.gdx.utils.ObjectIntMap#containsKey(K):boolean	55eed4f7babf96a927fb	455	1930	2396	237
METHOD_ENTRY	com.badlogic.gdx.utils.ObjectIntMap#findKey(int):K	9e99b7441b7d5e94ee16	413	1918	2342	279
METHOD_EXIT	com.badlogic.gdx.utils.ObjectIntMap#findKey(int):K	ac7ed3b2a722c5fd8ac0	455	1995	2461	235
METHOD_ENTRY	com.badlogic.gdx.utils.ObjectIntMap#ensureCapacity(int):void	b538c115eb9499b4b72d	413	1874	2298	223
METHOD_EXIT	com.badlogic.gdx.utils.ObjectIntMap#ensureCapacity(int):void	87b8e70ce301f6fe8a32	455	1885	2351	298
METHOD_ENTRY	com.badlogic.gdx.utils.ObjectIntMap#resize(int):void	431d618379ad780bb3b5	413	1983	2407	234
METHOD_EXIT	com.badlogic.gdx.utils.ObjectIntMap#resize(int):void	180cbef265a9398ebbd5	455	1994	2460	223
METHOD_ENTRY	com.badlogic.gdx.utils.ObjectIntMap#containsKey(K):boolean	1d639ac2e236438d2a73	413	1853	2277	267
METHOD_ENTRY	com.badlogic.gdx.utils.ObjectIntMap#hashCode():int	90ec5abe5dc7736cd9fa	413	1918	2342	248
METHOD_EXIT	com.badlogic.gdx.utils.ObjectIntMap#hashCode():int	507e6bfd870473a3c07f	455	1992	2458	302
METHOD_ENTRY	com.badlogic.gdx.utils.ObjectIntMap#equals(Object):boolean	42a04e0d42025a2e9187	413	1997	2421	240
METHOD_ENTRY	com.badlogic.gdx.utils.ObjectIntMap#toString(String):String	6d856921f7ec1c232771	413	1851	2275	241
METHOD_EXIT	com.badlogic.gdx.utils.ObjectIntMap#toString(String):String	7a0d49ead420d758a258	455	1928	2394	242
METHOD_ENTRY	com.badlogic.gdx.utils.ObjectIntMap#toString():String	5f0ebbaa363c2ee5a3a2	413	1845	2269	206
METHOD_EXIT	com.badlogic.gdx.utils.ObjectIntMap#equals(Object):boolean	5c81624a9d96cf294085	455	2074	2540	430
METHOD_EXIT	com.badlogic.gdx.utils.ObjectIntMap#toString(String,boolean):String	087ebb166f44b12ac7c5	455	2116	2582	341
METHOD_ENTRY	com.badlogic.gdx.utils.ObjectIntMap#iterator():Entries<K>	ebff5afb6c443ad77a37	413	1843	2267	222
METHOD_ENTRY	com.badlogic.gdx.utils.ObjectIntMap#toString(String,boolean):String	c14bdacb84ca519d0c3e	413	2039	2463	304
METHOD_ENTRY	com.badlogic.gdx.utils.ObjectIntMap#entries():Entries<K>	eef3ff1a8a16d61f6543	413	1947	2371	254
METHOD_EXIT	com.badlogic.gdx.utils.ObjectIntMap#entries():Entries<K>	3fd59a834853c89a3888	455	2022	2488	313
METHOD_EXIT	com.badlogic.gdx.utils.ObjectIntMap#iterator():Entries<K>	c888d5f8b67c865a96e8	455	1918	2384	236
METHOD_EXIT	com.badlogic.gdx.utils.ObjectIntMap#toString():String	313b3b90cfa5e1e5a7aa	455	1919	2385	248
METHOD_ENTRY	com.badlogic.gdx.utils.ObjectIntMap#values():Values	e8cead7359b30d679cb4	413	1935	2359	289
METHOD_EXIT	com.badlogic.gdx.utils.ObjectIntMap#values():Values	3b41d30d7c84b10ced9b	455	2009	2475	270
METHOD_EXIT	com.badlogic.gdx.utils.ObjectIntMap#keys():Keys<K>	7bb097fe2a93c011d571	455	2014	2480	206
METHOD_ENTRY	com.badlogic.gdx.utils.ObjectIntMap#keys():Keys<K>	7e03a4eae9acffd64eda	413	1939	2363	145
METHOD_ENTRY	com.badlogic.gdx.utils.ObjectIntMap#toString():String	5f0ebbaa363c2ee5a3a2	413	1845	2269	206
METHOD_ENTRY	com.badlogic.gdx.utils.ObjectIntMap#reset():void	ee557a10b4d83b82f61c	413	1855	2279	187
METHOD_EXIT	com.badlogic.gdx.utils.ObjectIntMap#toString():String	313b3b90cfa5e1e5a7aa	455	1919	2385	248
METHOD_ENTRY	com.badlogic.gdx.utils.ObjectIntMap#findNextIndex():void	822fd23d48ac351d5b6d	413	1899	2323	271
METHOD_EXIT	com.badlogic.gdx.utils.ObjectIntMap#findNextIndex():void	0336761ff3db176bb685	455	1910	2376	260
METHOD_ENTRY	com.badlogic.gdx.utils.ObjectIntMap#remove():void	bc620ee3d57dd087371e	413	2013	2437	276
METHOD_EXIT	com.badlogic.gdx.utils.ObjectIntMap#remove():void	fbc13d04020ec79846ca	455	2024	2490	304
METHOD_EXIT	com.badlogic.gdx.utils.ObjectIntMap#reset():void	efd236b643cb95396652	455	1866	2332	237
METHOD_ENTRY	com.badlogic.gdx.utils.ObjectIntMap#next():Entry<K>	00644ddfe8a6d17c6269	413	1917	2341	276
METHOD_EXIT	com.badlogic.gdx.utils.ObjectIntMap#next():Entry<K>	c3cc60fc4da3571d9b0f	455	1992	2458	315
METHOD_ENTRY	com.badlogic.gdx.utils.ObjectIntMap#hasNext():boolean	4347db01de0a2a431b81	413	1862	2286	186
METHOD_EXIT	com.badlogic.gdx.utils.ObjectIntMap#hasNext():boolean	da37ba9828e45d3b23e3	455	1936	2402	296
METHOD_ENTRY	com.badlogic.gdx.utils.ObjectIntMap#iterator():Entries<K>	ebff5afb6c443ad77a37	413	1843	2267	222
METHOD_EXIT	com.badlogic.gdx.utils.ObjectIntMap#iterator():Entries<K>	c888d5f8b67c865a96e8	455	1918	2384	236
METHOD_ENTRY	com.badlogic.gdx.utils.ObjectIntMap#hasNext():boolean	4347db01de0a2a431b81	413	1862	2286	186
METHOD_EXIT	com.badlogic.gdx.utils.ObjectIntMap#next():int	ecb98019bcab9a22af94	455	1968	2434	316
METHOD_ENTRY	com.badlogic.gdx.utils.ObjectIntMap#next():int	381ae37dacf046712bbd	413	1894	2318	265
METHOD_ENTRY	com.badlogic.gdx.utils.ObjectIntMap#iterator():Values	6776c314b369f015ad7c	413	1840	2264	295
METHOD_EXIT	com.badlogic.gdx.utils.ObjectIntMap#iterator():Values	645daaa7481cbd44b544	455	1914	2380	160
METHOD_ENTRY	com.badlogic.gdx.utils.ObjectIntMap#toArray():IntArray	f973409e5e6608ca9e69	413	1868	2292	275
METHOD_EXIT	com.badlogic.gdx.utils.ObjectIntMap#hasNext():boolean	da37ba9828e45d3b23e3	455	1936	2402	296
METHOD_EXIT	com.badlogic.gdx.utils.ObjectIntMap#toArray():IntArray	9e71ed10e10a54697d99	455	1943	2409	272
METHOD_ENTRY	com.badlogic.gdx.utils.ObjectIntMap#toArray(IntArray):IntArray	b79d8b9d56debf91345c	413	1864	2288	55
METHOD_EXIT	com.badlogic.gdx.utils.ObjectIntMap#toArray(IntArray):IntArray	511385055311dcfddaa4	455	1942	2408	266
METHOD_ENTRY	com.badlogic.gdx.utils.ObjectIntMap#hasNext():boolean	4347db01de0a2a431b81	413	1862	2286	186
METHOD_EXIT	com.badlogic.gdx.utils.ObjectIntMap#hasNext():boolean	da37ba9828e45d3b23e3	455	1936	2402	296
METHOD_ENTRY	com.badlogic.gdx.utils.ObjectIntMap#next():K	655677d247c2fd00f1a8	413	1894	2318	245
METHOD_EXIT	com.badlogic.gdx.utils.ObjectIntMap#next():K	6868df2b5bb953e4356b	455	1968	2434	313
METHOD_EXIT	com.badlogic.gdx.utils.ObjectIntMap#iterator():Keys<K>	4d70362d14e1b23ad000	455	1919	2385	159
METHOD_ENTRY	com.badlogic.gdx.utils.ObjectIntMap#toArray():Array<K>	f1218e8f9fe0e78ae611	413	1855	2279	191
METHOD_ENTRY	com.badlogic.gdx.utils.Entry#toString():String	6d26114defef9899d6e1	413	382	806	132
METHOD_ENTRY	com.badlogic.gdx.utils.ObjectIntMap#iterator():Keys<K>	031aed6fada80d210b46	413	1844	2268	153
METHOD_EXIT	com.badlogic.gdx.utils.ObjectIntMap#toArray():Array<K>	d190e6f810e0e4d8e0cc	455	1930	2396	211
METHOD_EXIT	com.badlogic.gdx.utils.Entry#toString():String	356df9f7f8344e33c4b6	455	456	922	247
METHOD_ENTRY	com.badlogic.gdx.utils.ObjectIntMap#toArray(Array<K>):Array<K>	ce9cb580bf50e326159f	413	1867	2291	184
METHOD_ENTRY	com.badlogic.gdx.utils.MapIterator#reset():void	ace49b9a5dcc132ea0f7	413	393	817	235
METHOD_EXIT	com.badlogic.gdx.utils.ObjectIntMap#toArray(Array<K>):Array<K>	7188942ff01bf7879370	455	1945	2411	342
METHOD_EXIT	com.badlogic.gdx.utils.MapIterator#reset():void	0fafe70b9e9540252532	455	404	870	252
METHOD_ENTRY	com.badlogic.gdx.utils.MapIterator#findNextIndex():void	6cd41d18d5e0303685f1	413	437	861	230
METHOD_ENTRY	com.badlogic.gdx.utils.MapIterator#remove():void	907cdb319fc214468007	413	551	975	262
METHOD_EXIT	com.badlogic.gdx.utils.MapIterator#remove():void	82e7919a63fa8b48ec70	455	562	1028	202
METHOD_ENTRY	com.badlogic.gdx.utils.Entries#next():Entry<K>	9fcb42e0ca6f0e970744	413	455	879	106
METHOD_EXIT	com.badlogic.gdx.utils.MapIterator#findNextIndex():void	ba60ae553fd8a45a22db	455	448	914	272
METHOD_EXIT	com.badlogic.gdx.utils.Entries#next():Entry<K>	a8b02d24c8b987dc1062	455	530	996	248
METHOD_ENTRY	com.badlogic.gdx.utils.Entries#hasNext():boolean	f8379590b9bc167d4dbb	413	400	824	145
METHOD_EXIT	com.badlogic.gdx.utils.Entries#hasNext():boolean	51d8833918c042716129	455	474	940	140
METHOD_ENTRY	com.badlogic.gdx.utils.Entries#iterator():Entries<K>	8b24b0e686609ac47375	413	381	805	116
METHOD_EXIT	com.badlogic.gdx.utils.Entries#iterator():Entries<K>	850355f07478e58650c9	455	456	922	145
METHOD_ENTRY	com.badlogic.gdx.utils.Values#hasNext():boolean	599be60232ea0cf859da	413	399	823	259
METHOD_EXIT	com.badlogic.gdx.utils.Values#hasNext():boolean	96aff0b5e6f9e0a06f76	455	473	939	174
METHOD_EXIT	com.badlogic.gdx.utils.Values#next():int	512806d98cd73c9d8423	455	505	971	259
METHOD_ENTRY	com.badlogic.gdx.utils.Values#iterator():Values	efef29e1e56810c987a2	413	377	801	98
METHOD_EXIT	com.badlogic.gdx.utils.Values#iterator():Values	c420ebfe50bdd2532e9b	455	451	917	35
METHOD_ENTRY	com.badlogic.gdx.utils.Values#next():int	9c9e1be821fa6dd84b7c	413	431	855	258
METHOD_ENTRY	com.badlogic.gdx.utils.Values#toArray():IntArray	bab247e07dc9daa0e38c	413	405	829	191
METHOD_ENTRY	com.badlogic.gdx.utils.Values#toArray(IntArray):IntArray	02101e9a48883957941c	413	401	825	179
METHOD_EXIT	com.badlogic.gdx.utils.Values#toArray():IntArray	e31178ca23e4837c74fb	455	480	946	211
METHOD_EXIT	com.badlogic.gdx.utils.Values#toArray(IntArray):IntArray	73bc50e2c100bd1da3ce	455	479	945	260
METHOD_ENTRY	com.badlogic.gdx.utils.Keys#hasNext():boolean	4f318acc9e5e23879c98	413	399	823	104
METHOD_EXIT	com.badlogic.gdx.utils.Keys#hasNext():boolean	d08dfdf53d0a27c077a3	455	473	939	194
METHOD_ENTRY	com.badlogic.gdx.utils.Keys#next():K	e16ce43e0a331dde027f	413	431	855	277
METHOD_ENTRY	com.badlogic.gdx.utils.Keys#iterator():Keys<K>	0270e49dc8fd556ad735	413	381	805	55
METHOD_EXIT	com.badlogic.gdx.utils.Keys#next():K	eceef93b3ae87aeda7c1	455	505	971	214
METHOD_EXIT	com.badlogic.gdx.utils.Keys#iterator():Keys<K>	7ba471b8386a40a0b848	455	456	922	226
METHOD_ENTRY	com.badlogic.gdx.utils.Keys#toArray():Array<K>	44fcf61404f4208f24d2	413	392	816	49
METHOD_ENTRY	com.badlogic.gdx.utils.Keys#toArray(Array<K>):Array<K>	6058188639297a42e060	413	404	828	233
METHOD_EXIT	com.badlogic.gdx.utils.Keys#toArray():Array<K>	7fa2f97c4031cd2ac60d	455	467	933	268
METHOD_EXIT	com.badlogic.gdx.utils.Keys#toArray(Array<K>):Array<K>	3ec9f4cdbcb6aae7b959	455	482	948	240
METHOD_ENTRY	com.badlogic.gdx.utils.FloatArray#add(float):void	982a44e493a43e5c395a	413	1356	1780	281
METHOD_EXIT	com.badlogic.gdx.utils.FloatArray#add(float):void	5c5f7b5b82897763af80	455	1367	1833	286
METHOD_EXIT	com.badlogic.gdx.utils.FloatArray#add(float,float):void	8bcdee71d7214f4238de	455	1401	1867	297
METHOD_ENTRY	com.badlogic.gdx.utils.FloatArray#add(float,float,float):void	e1c421677b3702e590cc	413	1412	1836	192
METHOD_ENTRY	com.badlogic.gdx.utils.FloatArray#add(float,float):void	44cac0befa39e43d7b96	413	1390	1814	230
METHOD_EXIT	com.badlogic.gdx.utils.FloatArray#add(float,float,float):void	d2cc94eb4b845331ebf6	455	1423	1889	306
METHOD_ENTRY	com.badlogic.gdx.utils.FloatArray#add(float,float,float,float):void	57d721a79264f0d4e3f5	413	1446	1870	178
METHOD_EXIT	com.badlogic.gdx.utils.FloatArray#add(float,float,float,float):void	73762aa39c2bbb66e71b	455	1457	1923	93
METHOD_ENTRY	com.badlogic.gdx.utils.FloatArray#addAll(FloatArray):void	b02e870bc3a9b7f966aa	413	1331	1755	259
METHOD_EXIT	com.badlogic.gdx.utils.FloatArray#addAll(FloatArray):void	3517fcc042031ae2a2b5	455	1342	1808	261
METHOD_EXIT	com.badlogic.gdx.utils.FloatArray#addAll(FloatArray,int,int):void	626a3ed4844fe2794a31	455	1400	1866	250
METHOD_EXIT	com.badlogic.gdx.utils.FloatArray#addAll(float):void	ba6a0a1e2ac2f5c787a3	455	1339	1805	221
METHOD_ENTRY	com.badlogic.gdx.utils.FloatArray#addAll(float):void	eda2855c84d98dcf9f13	413	1328	1752	213
METHOD_ENTRY	com.badlogic.gdx.utils.FloatArray#addAll(float[],int,int):void	61aa6d25e573f2165acb	413	1404	1828	229
METHOD_EXIT	com.badlogic.gdx.utils.FloatArray#addAll(float[],int,int):void	8007f3d8cba00427b636	455	1415	1881	234
METHOD_ENTRY	com.badlogic.gdx.utils.FloatArray#addAll(FloatArray,int,int):void	ac538bc65bb617c9e331	413	1389	1813	2914
METHOD_ENTRY	com.badlogic.gdx.utils.FloatArray#get(int):float	2fdd80f5729ace6cf4ba	413	1349	1773	247
METHOD_EXIT	com.badlogic.gdx.utils.FloatArray#get(int):float	b26dc71ae85e8ee70203	455	1426	1892	271
METHOD_ENTRY	com.badlogic.gdx.utils.FloatArray#set(int,float):void	923d78ac81cbc418fbf1	413	1360	1784	211
METHOD_EXIT	com.badlogic.gdx.utils.FloatArray#set(int,float):void	88fba421af39cb28a12e	455	1371	1837	279
METHOD_EXIT	com.badlogic.gdx.utils.FloatArray#incr(int,float):void	7be7525381ec87ad82a4	455	1373	1839	283
METHOD_ENTRY	com.badlogic.gdx.utils.FloatArray#incr(int,float):void	062fd641c045b88a11b7	413	1362	1786	219
METHOD_ENTRY	com.badlogic.gdx.utils.FloatArray#incr(float):void	cca932573fbf84da3608	413	1349	1773	196
METHOD_EXIT	com.badlogic.gdx.utils.FloatArray#incr(float):void	160f0ff7a8284b2dad91	455	1360	1826	289
METHOD_ENTRY	com.badlogic.gdx.utils.FloatArray#mul(int,float):void	fb8da2e9a206aabc71d7	413	1361	1785	174
METHOD_EXIT	com.badlogic.gdx.utils.FloatArray#mul(int,float):void	13889515c7205b46d062	455	1372	1838	307
METHOD_ENTRY	com.badlogic.gdx.utils.FloatArray#mul(float):void	3be9a5bb8490db948f37	413	1348	1772	227
METHOD_EXIT	com.badlogic.gdx.utils.FloatArray#mul(float):void	cc162502905c00591eaa	455	1359	1825	285
METHOD_ENTRY	com.badlogic.gdx.utils.FloatArray#insert(int,float):void	fd4a0c6c3421a49ecc9a	413	1433	1857	241
METHOD_EXIT	com.badlogic.gdx.utils.FloatArray#insertRange(int,int):void	02d7f2f825b4d83653b8	455	1432	1898	278
METHOD_ENTRY	com.badlogic.gdx.utils.FloatArray#insertRange(int,int):void	1d7256bde4818d1afa48	413	1421	1845	139
METHOD_ENTRY	com.badlogic.gdx.utils.FloatArray#swap(int,int):void	006bfdb46cc65a1bb60a	413	1419	1843	242
METHOD_EXIT	com.badlogic.gdx.utils.FloatArray#insert(int,float):void	aa1ad440444122da2fe7	455	1444	1910	309
METHOD_ENTRY	com.badlogic.gdx.utils.FloatArray#replaceFirst(float,float):boolean	7b9338e0f1593a351530	413	1384	1808	56
METHOD_EXIT	com.badlogic.gdx.utils.FloatArray#swap(int,int):void	44a74e48aa6c78a51778	455	1430	1896	267
METHOD_EXIT	com.badlogic.gdx.utils.FloatArray#replaceFirst(float,float):boolean	e627c5224d1f8ca46a32	455	1461	1927	303
METHOD_ENTRY	com.badlogic.gdx.utils.FloatArray#replaceAll(float,float):int	1b4d44e541d708f97ea7	413	1391	1815	186
METHOD_EXIT	com.badlogic.gdx.utils.FloatArray#contains(float):boolean	90937181a4d61135b029	455	1433	1899	265
METHOD_EXIT	com.badlogic.gdx.utils.FloatArray#replaceAll(float,float):int	076bebeaeddf3692ad73	455	1468	1934	271
METHOD_ENTRY	com.badlogic.gdx.utils.FloatArray#contains(float):boolean	09c1c1012b815e0f1195	413	1356	1780	218
METHOD_EXIT	com.badlogic.gdx.utils.FloatArray#indexOf(float):int	8db8b1d8e92e8c3a5c3c	455	1436	1902	245
METHOD_ENTRY	com.badlogic.gdx.utils.FloatArray#lastIndexOf(float):int	b8ede11d39e96c76356e	413	1361	1785	299
METHOD_ENTRY	com.badlogic.gdx.utils.FloatArray#indexOf(float):int	0ed86bf57d7623dc3cf8	413	1359	1783	236
METHOD_EXIT	com.badlogic.gdx.utils.FloatArray#lastIndexOf(float):int	cf5a2c13b1aa77e84fb6	455	1438	1904	306
METHOD_ENTRY	com.badlogic.gdx.utils.FloatArray#removeValue(float):boolean	3a1847917fad01772817	413	1373	1797	251
METHOD_ENTRY	com.badlogic.gdx.utils.FloatArray#removeIndex(int):float	e34a96f45954e5822a04	413	1403	1827	237
METHOD_EXIT	com.badlogic.gdx.utils.FloatArray#removeIndex(int):float	5bdbe035de66a6650884	455	1480	1946	312
METHOD_EXIT	com.badlogic.gdx.utils.FloatArray#removeValue(float):boolean	7d4cdbd42508650fda09	455	1450	1916	248
METHOD_ENTRY	com.badlogic.gdx.utils.FloatArray#removeRange(int,int):void	19cabad730ca49e26e67	413	1478	1902	191
METHOD_EXIT	com.badlogic.gdx.utils.FloatArray#removeRange(int,int):void	6eb19274f31f0ad92ac2	455	1489	1955	260
METHOD_EXIT	com.badlogic.gdx.utils.FloatArray#removeAll(FloatArray):boolean	447eefe6617302be7038	455	1499	1965	284
METHOD_ENTRY	com.badlogic.gdx.utils.FloatArray#removeAll(FloatArray):boolean	bd64c18e7d7eb360b447	413	1422	1846	230
METHOD_ENTRY	com.badlogic.gdx.utils.FloatArray#pop():float	db4874567dce47321aa0	413	1315	1739	217
METHOD_EXIT	com.badlogic.gdx.utils.FloatArray#pop():float	02cf5f3b910d7f2a3160	455	1389	1855	233
METHOD_EXIT	com.badlogic.gdx.utils.FloatArray#peek():float	a7194a7a4be2c233179b	455	1390	1856	266
METHOD_ENTRY	com.badlogic.gdx.utils.FloatArray#peek():float	d8f98d711c6d61078303	413	1316	1740	228
METHOD_ENTRY	com.badlogic.gdx.utils.FloatArray#first():float	def38c344a4536a575cc	413	1332	1756	267
METHOD_EXIT	com.badlogic.gdx.utils.FloatArray#first():float	4d80e8513eddcadb5cea	455	1406	1872	267
METHOD_ENTRY	com.badlogic.gdx.utils.FloatArray#notEmpty():boolean	7de39a82bcafe2d28a4f	413	1317	1741	191
METHOD_ENTRY	com.badlogic.gdx.utils.FloatArray#isEmpty():boolean	85d4824ec62f28f56f34	413	1317	1741	247
METHOD_EXIT	com.badlogic.gdx.utils.FloatArray#isEmpty():boolean	75059e1925f3e88560ae	455	1391	1857	183
METHOD_ENTRY	com.badlogic.gdx.utils.FloatArray#clear():void	01cf28844fd836532ff8	413	1314	1738	159
METHOD_EXIT	com.badlogic.gdx.utils.FloatArray#clear():void	520ede9cf701503a0ff7	455	1325	1791	196
METHOD_ENTRY	com.badlogic.gdx.utils.FloatArray#shrink():float[]	4becc5299139144b04a0	413	1326	1750	214
METHOD_EXIT	com.badlogic.gdx.utils.FloatArray#notEmpty():boolean	6710e8ce69063ebc55ea	455	1391	1857	202
METHOD_EXIT	com.badlogic.gdx.utils.FloatArray#shrink():float[]	b2bb2508aa2d329c3506	455	1400	1866	276
METHOD_ENTRY	com.badlogic.gdx.utils.FloatArray#ensureCapacity(int):float[]	095591a41a2323ead048	413	1393	1817	267
METHOD_ENTRY	com.badlogic.gdx.utils.FloatArray#setSize(int):float[]	368cdaebe74c08e508c1	413	1375	1799	126
METHOD_EXIT	com.badlogic.gdx.utils.FloatArray#ensureCapacity(int):float[]	d290a02bc67c75a79f39	455	1470	1936	226
METHOD_EXIT	com.badlogic.gdx.utils.FloatArray#setSize(int):float[]	0816c7e7894c10b3b7df	455	1452	1918	253
METHOD_EXIT	com.badlogic.gdx.utils.FloatArray#resize(int):float[]	99f588cd9ea25849f064	455	1448	1914	246
METHOD_ENTRY	com.badlogic.gdx.utils.FloatArray#resize(int):float[]	6594cfb06b42a46fab75	413	1371	1795	271
METHOD_EXIT	com.badlogic.gdx.utils.FloatArray#sort():void	91079e4681d78ea2f617	455	1329	1795	314
METHOD_ENTRY	com.badlogic.gdx.utils.FloatArray#sort():void	49f91db7d03cde94dc25	413	1318	1742	206
METHOD_ENTRY	com.badlogic.gdx.utils.FloatArray#reverse():void	40e4b46617ce34e678bc	413	1381	1805	191
METHOD_EXIT	com.badlogic.gdx.utils.FloatArray#reverse():void	3eff9b379f9219a4e293	455	1392	1858	306
METHOD_EXIT	com.badlogic.gdx.utils.FloatArray#shuffle():void	8ab072b7cc96aeab5f9c	455	1380	1846	311
METHOD_ENTRY	com.badlogic.gdx.utils.FloatArray#shuffle():void	8a7d603ec9ec054f2fde	413	1369	1793	278
METHOD_ENTRY	com.badlogic.gdx.utils.FloatArray#truncate(int):void	bd86c5cac5c3c37e49ae	413	1357	1781	215
METHOD_EXIT	com.badlogic.gdx.utils.FloatArray#truncate(int):void	0f3160ca30d709055402	455	1368	1834	230
METHOD_ENTRY	com.badlogic.gdx.utils.FloatArray#random():float	24780428e5f9d9576833	413	1334	1758	278
METHOD_ENTRY	com.badlogic.gdx.utils.FloatArray#toArray():float[]	6fe612778026e15dbe7b	413	1340	1764	166
METHOD_EXIT	com.badlogic.gdx.utils.FloatArray#random():float	49041d2c4101a432b828	455	1408	1874	303
METHOD_EXIT	com.badlogic.gdx.utils.FloatArray#toArray():float[]	28868166492f912a53be	455	1414	1880	282
METHOD_ENTRY	com.badlogic.gdx.utils.FloatArray#hashCode():int	2ffa1c6b8230f00b47e8	413	1376	1800	217
METHOD_ENTRY	com.badlogic.gdx.utils.FloatArray#equals(Object):boolean	04f0e700fc514ab66ec2	413	1430	1854	315
METHOD_EXIT	com.badlogic.gdx.utils.FloatArray#hashCode():int	43b93dd6054082766290	455	1450	1916	307
METHOD_EXIT	com.badlogic.gdx.utils.FloatArray#equals(Object):boolean	2cbf87e61162287b62a4	455	1507	1973	372
METHOD_ENTRY	com.badlogic.gdx.utils.FloatArray#equals(Object,float):boolean	95fea039ad6d65d87bfb	413	1444	1868	238
METHOD_ENTRY	com.badlogic.gdx.utils.PauseableThread#run():void	67b1de4a561bcd707fa7	413	588	1012	240
METHOD_EXIT	com.badlogic.gdx.utils.PauseableThread#run():void	617e6b1933464f8d8b6e	455	599	1065	157
METHOD_EXIT	com.badlogic.gdx.utils.FloatArray#equals(Object,float):boolean	50baaddabbf54102cac3	455	1521	1987	311
METHOD_ENTRY	com.badlogic.gdx.utils.PauseableThread#onPause():void	5b6afd31fd87e0969a5e	413	536	960	167
METHOD_EXIT	com.badlogic.gdx.utils.PauseableThread#onPause():void	8559bce125269d2ad959	455	547	1013	210
METHOD_ENTRY	com.badlogic.gdx.utils.PauseableThread#onResume():void	26e0b2d14d5358121dc6	413	550	974	149
METHOD_EXIT	com.badlogic.gdx.utils.PauseableThread#onResume():void	4bc932e13fd739b7864b	455	561	1027	180
METHOD_ENTRY	com.badlogic.gdx.utils.PauseableThread#isPaused():boolean	6188d89e59ced76ba585	413	534	958	135
METHOD_EXIT	com.badlogic.gdx.utils.PauseableThread#isPaused():boolean	bd8226dcedbc4bae119f	455	608	1074	52
METHOD_EXIT	com.badlogic.gdx.utils.FloatArray#toString():String	5253fe59a2d48a253d36	455	1469	1935	302
METHOD_ENTRY	com.badlogic.gdx.utils.PauseableThread#stopThread():void	69068cf9c1eb4a204fd1	413	543	967	212
METHOD_EXIT	com.badlogic.gdx.utils.PauseableThread#stopThread():void	a937636fbe3980740608	455	554	1020	283
METHOD_ENTRY	com.badlogic.gdx.utils.FloatArray#toString(String):String	788a6ae0fe75e5790709	413	1388	1812	237
METHOD_EXIT	com.badlogic.gdx.utils.FloatArray#toString(String):String	7299c2efe31cf463db4f	455	1465	1931	343
METHOD_ENTRY	com.badlogic.gdx.utils.LittleEndianInputStream#readFully(byte[]):void	8e207b9164f69069037e	413	582	1006	148
METHOD_ENTRY	com.badlogic.gdx.utils.FloatArray#with(float):FloatArray	7f8dff5b7b37911142b2	413	1325	1749	159
METHOD_EXIT	com.badlogic.gdx.utils.FloatArray#with(float):FloatArray	a46bc500b1ab49445ad7	455	1403	1869	279
METHOD_EXIT	com.badlogic.gdx.utils.LittleEndianInputStream#readFully(byte[]):void	e22a2ff99556dc34bde1	455	593	1059	239
METHOD_ENTRY	com.badlogic.gdx.utils.LittleEndianInputStream#readFully(byte[],int,int):void	0e26dea48452f2952817	413	605	1029	195
METHOD_EXIT	com.badlogic.gdx.utils.LittleEndianInputStream#readFully(byte[],int,int):void	83a891cc17ba4354a608	455	616	1082	202
METHOD_ENTRY	com.badlogic.gdx.utils.LittleEndianInputStream#skipBytes(int):int	be57f13a385a92bf54f9	413	581	1005	251
METHOD_ENTRY	com.badlogic.gdx.utils.FloatArray#toString():String	22319f5fbca2be92d632	413	1395	1819	233
METHOD_EXIT	com.badlogic.gdx.utils.LittleEndianInputStream#skipBytes(int):int	5499a88c75d44dce7f7a	455	658	1124	263
METHOD_EXIT	com.badlogic.gdx.utils.LittleEndianInputStream#readBoolean():boolean	93f643fe96e4059b5d66	455	648	1114	128
METHOD_ENTRY	com.badlogic.gdx.utils.LittleEndianInputStream#readBoolean():boolean	9a8ea2eff0fd55d48a4f	413	574	998	160
METHOD_EXIT	com.badlogic.gdx.utils.LittleEndianInputStream#readByte():byte	63904077dd4baf8953a2	455	648	1114	56
METHOD_ENTRY	com.badlogic.gdx.utils.LittleEndianInputStream#readByte():byte	4a181c35ac1aae062558	413	574	998	92
METHOD_ENTRY	com.badlogic.gdx.utils.LittleEndianInputStream#readUnsignedByte():int	fd926111097bc2b7d393	413	577	1001	168
METHOD_EXIT	com.badlogic.gdx.utils.LittleEndianInputStream#readUnsignedByte():int	4e8e45a6703657c529a4	455	651	1117	121
METHOD_EXIT	com.badlogic.gdx.utils.LittleEndianInputStream#readShort():short	3482aeb1ed3204e56da4	455	674	1140	350
METHOD_ENTRY	com.badlogic.gdx.utils.LittleEndianInputStream#readUnsignedShort():int	7eb3878093e941aa32b5	413	605	1029	46
METHOD_EXIT	com.badlogic.gdx.utils.LittleEndianInputStream#readUnsignedShort():int	5d799dea9364424b1215	455	679	1145	315
METHOD_ENTRY	com.badlogic.gdx.utils.LittleEndianInputStream#readChar():char	02fb7f6568024c953b58	413	574	998	134
METHOD_ENTRY	com.badlogic.gdx.utils.LittleEndianInputStream#readInt():int	152b4e16a866c7dd170e	413	659	1083	54
METHOD_EXIT	com.badlogic.gdx.utils.LittleEndianInputStream#readChar():char	5bcaff0562e4469c39e0	455	648	1114	117
METHOD_ENTRY	com.badlogic.gdx.utils.LittleEndianInputStream#readShort():short	1a8af09a7860b73ed237	413	600	1024	47
METHOD_EXIT	com.badlogic.gdx.utils.LittleEndianInputStream#readInt():int	76a876f108ec5c85bbdc	455	733	1199	351
METHOD_ENTRY	com.badlogic.gdx.utils.LittleEndianInputStream#readLong():long	76e8b86ddb1e76e2395c	413	739	1163	66
METHOD_EXIT	com.badlogic.gdx.utils.LittleEndianInputStream#readLong():long	089f69671d3495114363	455	813	1279	252
METHOD_EXIT	com.badlogic.gdx.utils.LittleEndianInputStream#readFloat():float	89aa11d31e8e82282015	455	652	1118	287
METHOD_ENTRY	com.badlogic.gdx.utils.LittleEndianInputStream#readFloat():float	37eeaa74d75a6e071057	413	578	1002	60
METHOD_ENTRY	com.badlogic.gdx.utils.LittleEndianInputStream#readDouble():double	5425e89eb06c6d349441	413	578	1002	125
METHOD_EXIT	com.badlogic.gdx.utils.LittleEndianInputStream#readDouble():double	b91ede26bf80af672855	455	652	1118	331
METHOD_EXIT	com.badlogic.gdx.utils.LittleEndianInputStream#readLine():String	65473afe7a71a7d6769a	455	649	1115	245
METHOD_ENTRY	com.badlogic.gdx.utils.LittleEndianInputStream#readUTF():String	5c1789f74606d4c20071	413	574	998	118
METHOD_EXIT	com.badlogic.gdx.utils.LittleEndianInputStream#readUTF():String	bd25db71c66923715752	455	648	1114	262
METHOD_ENTRY	com.badlogic.gdx.utils.LittleEndianInputStream#readLine():String	5a5c45beb4182f58822d	413	575	999	183
METHOD_ENTRY	com.badlogic.gdx.utils.ShortArray#add(int):void	4e40f1f771367915b4c7	413	1355	1779	266
METHOD_ENTRY	com.badlogic.gdx.utils.ShortArray#add(short):void	240a5e29f11d7e42719d	413	1353	1777	95
METHOD_EXIT	com.badlogic.gdx.utils.ShortArray#add(int):void	89afd6dcbe99efb40cd9	455	1366	1832	250
METHOD_EXIT	com.badlogic.gdx.utils.ShortArray#add(short):void	751cc8a6ac12d3ecbcdc	455	1364	1830	270
METHOD_ENTRY	com.badlogic.gdx.utils.ShortArray#add(short,short,short):void	6d100d8387dcd73c00a9	413	1411	1835	136
METHOD_ENTRY	com.badlogic.gdx.utils.ShortArray#add(short,short):void	6c927c575b9cede758be	413	1388	1812	211
METHOD_EXIT	com.badlogic.gdx.utils.ShortArray#add(short,short):void	93d1d589e276dba1f616	455	1399	1865	267
METHOD_EXIT	com.badlogic.gdx.utils.ShortArray#add(short,short,short):void	8e1876eacb7b45844a4d	455	1422	1888	346
METHOD_ENTRY	com.badlogic.gdx.utils.ShortArray#add(short,short,short,short):void	f4f01c0eaed49b7ddb69	413	1446	1870	217
METHOD_EXIT	com.badlogic.gdx.utils.ShortArray#add(short,short,short,short):void	c567e3043fb1a6f4ecad	455	1457	1923	356
METHOD_ENTRY	com.badlogic.gdx.utils.ShortArray#addAll(ShortArray):void	e21d1dbb0083b69547bd	413	1329	1753	279
METHOD_EXIT	com.badlogic.gdx.utils.ShortArray#addAll(ShortArray):void	f19bb40f1913e539901a	455	1340	1806	256
METHOD_ENTRY	com.badlogic.gdx.utils.ShortArray#addAll(short):void	479ecd5c88a5e75383c6	413	1325	1749	215
METHOD_ENTRY	com.badlogic.gdx.utils.ShortArray#addAll(ShortArray,int,int):void	ddabcf9238073c9bcc0e	413	1387	1811	205
METHOD_EXIT	com.badlogic.gdx.utils.ShortArray#addAll(ShortArray,int,int):void	ec14bf4de9e0ec8262e7	455	1398	1864	257
METHOD_ENTRY	com.badlogic.gdx.utils.ShortArray#addAll(short[],int,int):void	4e623c2935b0802a3f97	413	1401	1825	236
METHOD_EXIT	com.badlogic.gdx.utils.ShortArray#addAll(short[],int,int):void	b8c0e8c8859a7af55123	455	1412	1878	219
METHOD_ENTRY	com.badlogic.gdx.utils.ShortArray#get(int):short	c335ef480a23207cd9f6	413	1346	1770	224
METHOD_EXIT	com.badlogic.gdx.utils.ShortArray#get(int):short	d6d9efbb1b2508be920e	455	1423	1889	232
METHOD_EXIT	com.badlogic.gdx.utils.ShortArray#addAll(short):void	540968b5e55ceb88eac0	455	1336	1802	65
METHOD_ENTRY	com.badlogic.gdx.utils.ShortArray#set(int,short):void	fdcf91288e75a4dd8b98	413	1358	1782	79
METHOD_ENTRY	com.badlogic.gdx.utils.ShortArray#incr(int,short):void	badb1bdb50dbde07d9c8	413	1360	1784	228
METHOD_EXIT	com.badlogic.gdx.utils.ShortArray#set(int,short):void	742aff0227be27799174	455	1369	1835	247
METHOD_EXIT	com.badlogic.gdx.utils.ShortArray#incr(int,short):void	929a3c35dba874f72f76	455	1371	1837	273
METHOD_ENTRY	com.badlogic.gdx.utils.ShortArray#incr(short):void	5c985bd54692c249739b	413	1346	1770	177
METHOD_EXIT	com.badlogic.gdx.utils.ShortArray#incr(short):void	ed4e27785ccc1c700a85	455	1357	1823	234
METHOD_ENTRY	com.badlogic.gdx.utils.ShortArray#mul(short):void	1d7677a9b79a605bac0a	413	1345	1769	174
METHOD_ENTRY	com.badlogic.gdx.utils.ShortArray#mul(int,short):void	cb6abe08f144f6194c41	413	1359	1783	187
METHOD_EXIT	com.badlogic.gdx.utils.ShortArray#mul(short):void	0952f2536da865de4bce	455	1356	1822	295
METHOD_ENTRY	com.badlogic.gdx.utils.ShortArray#insert(int,short):void	71d0466d04d554033a3b	413	1431	1855	270
METHOD_EXIT	com.badlogic.gdx.utils.ShortArray#mul(int,short):void	fb056a4fcfe790cdabf5	455	1370	1836	305
METHOD_EXIT	com.badlogic.gdx.utils.ShortArray#insert(int,short):void	e93905d3515fa6245789	455	1442	1908	261
METHOD_ENTRY	com.badlogic.gdx.utils.ShortArray#insertRange(int,int):void	bc04baae509009fa8a14	413	1418	1842	273
METHOD_ENTRY	com.badlogic.gdx.utils.ShortArray#swap(int,int):void	73638642f970f8060813	413	1416	1840	239
METHOD_EXIT	com.badlogic.gdx.utils.ShortArray#insertRange(int,int):void	1bc425a5f75226fa8e88	455	1429	1895	291
METHOD_ENTRY	com.badlogic.gdx.utils.ShortArray#replaceFirst(short,short):boolean	16254b569157d1ca5aa5	413	1382	1806	262
METHOD_EXIT	com.badlogic.gdx.utils.ShortArray#swap(int,int):void	fefbc8d1abc468a211f8	455	1427	1893	247
METHOD_EXIT	com.badlogic.gdx.utils.ShortArray#replaceFirst(short,short):boolean	1a84d3c818cd53403b0c	455	1459	1925	383
METHOD_ENTRY	com.badlogic.gdx.utils.ShortArray#contains(short):boolean	ab860b649843c93b40b6	413	1353	1777	268
METHOD_EXIT	com.badlogic.gdx.utils.ShortArray#replaceAll(short,short):int	76e5292846d3149e9de6	455	1466	1932	274
METHOD_EXIT	com.badlogic.gdx.utils.ShortArray#contains(short):boolean	95921b08d6a306f38000	455	1430	1896	265
METHOD_ENTRY	com.badlogic.gdx.utils.ShortArray#indexOf(short):int	bb5f4cc86b5130d9f4e5	413	1356	1780	78
METHOD_EXIT	com.badlogic.gdx.utils.ShortArray#indexOf(short):int	bd386bc83e7ecce638e5	455	1433	1899	257
METHOD_EXIT	com.badlogic.gdx.utils.ShortArray#lastIndexOf(short):int	830a24f873c69514c3f7	455	1435	1901	281
METHOD_ENTRY	com.badlogic.gdx.utils.ShortArray#replaceAll(short,short):int	1f897e520aac00ab5117	413	1389	1813	282
METHOD_ENTRY	com.badlogic.gdx.utils.ShortArray#lastIndexOf(short):int	d511639113541c06a365	413	1358	1782	191
METHOD_ENTRY	com.badlogic.gdx.utils.ShortArray#removeValue(short):boolean	6e325586ebaea4496c2e	413	1370	1794	195
METHOD_EXIT	com.badlogic.gdx.utils.ShortArray#removeValue(short):boolean	1324f28feb5099cebf58	455	1447	1913	307
METHOD_ENTRY	com.badlogic.gdx.utils.ShortArray#removeIndex(int):short	caeb05bdb358889a3528	413	1400	1824	216
METHOD_ENTRY	com.badlogic.gdx.utils.ShortArray#removeRange(int,int):void	5c17357a38c04c76ad7e	413	1475	1899	229
METHOD_EXIT	com.badlogic.gdx.utils.ShortArray#removeRange(int,int):void	05c6c713e537434cc21e	455	1486	1952	266
METHOD_EXIT	com.badlogic.gdx.utils.ShortArray#removeIndex(int):short	287e355fe3ac909d90a2	455	1477	1943	273
METHOD_EXIT	com.badlogic.gdx.utils.ShortArray#removeAll(ShortArray):boolean	838b8516b10ba351477c	455	1497	1963	296
METHOD_ENTRY	com.badlogic.gdx.utils.ShortArray#removeAll(ShortArray):boolean	3c99b9c2e68b0a6f2634	413	1420	1844	236
METHOD_ENTRY	com.badlogic.gdx.utils.ShortArray#pop():short	2d0966a6c51c2da5fe7b	413	1312	1736	274
METHOD_EXIT	com.badlogic.gdx.utils.ShortArray#pop():short	40b112d161f3e2fa35d2	455	1386	1852	311
METHOD_ENTRY	com.badlogic.gdx.utils.ShortArray#peek():short	8a33234afb92183f3dd8	413	1313	1737	260
METHOD_ENTRY	com.badlogic.gdx.utils.ShortArray#first():short	74d3c3155b39cefeed4f	413	1329	1753	260
METHOD_EXIT	com.badlogic.gdx.utils.ShortArray#first():short	64ffda4fafcaa251e8de	455	1403	1869	133
METHOD_ENTRY	com.badlogic.gdx.utils.ShortArray#notEmpty():boolean	cf44e37ed2154277a236	413	1314	1738	217
METHOD_ENTRY	com.badlogic.gdx.utils.ShortArray#isEmpty():boolean	14ef4dd20221d1a9e5fc	413	1314	1738	147
METHOD_EXIT	com.badlogic.gdx.utils.ShortArray#isEmpty():boolean	07fb62c805f0fd91d196	455	1388	1854	196
METHOD_ENTRY	com.badlogic.gdx.utils.ShortArray#clear():void	cfb4871f55088c8f5eb9	413	1311	1735	208
METHOD_EXIT	com.badlogic.gdx.utils.ShortArray#peek():short	6c71cab8501927859228	455	1387	1853	167
METHOD_EXIT	com.badlogic.gdx.utils.ShortArray#clear():void	95c8dfc244985b362026	455	1322	1788	284
METHOD_EXIT	com.badlogic.gdx.utils.ShortArray#notEmpty():boolean	ef0f56f790cc975ce5e7	455	1388	1854	175
METHOD_ENTRY	com.badlogic.gdx.utils.ShortArray#shrink():short[]	b305d047c10eb9289ed9	413	1323	1747	183
METHOD_EXIT	com.badlogic.gdx.utils.ShortArray#shrink():short[]	363c9e67a13e58f1cb4a	455	1397	1863	227
METHOD_ENTRY	com.badlogic.gdx.utils.ShortArray#ensureCapacity(int):short[]	0513f56c953523667e4c	413	1390	1814	212
METHOD_EXIT	com.badlogic.gdx.utils.ShortArray#ensureCapacity(int):short[]	63d04721f819d4c2f56c	455	1467	1933	175
METHOD_ENTRY	com.badlogic.gdx.utils.ShortArray#setSize(int):short[]	09fb05d30ea9c914fede	413	1372	1796	108
METHOD_EXIT	com.badlogic.gdx.utils.ShortArray#setSize(int):short[]	32032e624f66c39aac17	455	1449	1915	295
METHOD_EXIT	com.badlogic.gdx.utils.ShortArray#resize(int):short[]	fbc7aae0deaac38f7b08	455	1445	1911	244
METHOD_ENTRY	com.badlogic.gdx.utils.ShortArray#sort():void	09adc5a31753973ca043	413	1315	1739	142
METHOD_EXIT	com.badlogic.gdx.utils.ShortArray#sort():void	7eff239fdea633dfa526	455	1326	1792	268
METHOD_ENTRY	com.badlogic.gdx.utils.ShortArray#reverse():void	87d48633102cdb960073	413	1378	1802	203
METHOD_EXIT	com.badlogic.gdx.utils.ShortArray#reverse():void	ce56a3531a513ad8b760	455	1389	1855	271
METHOD_ENTRY	com.badlogic.gdx.utils.ShortArray#resize(int):short[]	084013a02bb3c6b01434	413	1368	1792	241
METHOD_ENTRY	com.badlogic.gdx.utils.ShortArray#shuffle():void	dcb4a495ce875c970dfc	413	1366	1790	190
METHOD_EXIT	com.badlogic.gdx.utils.ShortArray#shuffle():void	4cf921b8d9e13c06f0da	455	1377	1843	258
METHOD_ENTRY	com.badlogic.gdx.utils.ShortArray#truncate(int):void	80490a1567fe91a78c4e	413	1354	1778	116
METHOD_ENTRY	com.badlogic.gdx.utils.ShortArray#random():short	af14d0ed3c6a7d3629cc	413	1331	1755	229
METHOD_EXIT	com.badlogic.gdx.utils.ShortArray#truncate(int):void	65d2f3087cd8355fc3a0	455	1365	1831	211
METHOD_EXIT	com.badlogic.gdx.utils.ShortArray#random():short	ed4f099aadf80dbc0cd1	455	1405	1871	354
METHOD_ENTRY	com.badlogic.gdx.utils.ShortArray#toArray():short[]	1aa550426330333e937e	413	1337	1761	207
METHOD_ENTRY	com.badlogic.gdx.utils.ShortArray#hashCode():int	2b0a962adf4005a22bfe	413	1366	1790	264
METHOD_EXIT	com.badlogic.gdx.utils.ShortArray#hashCode():int	9b4ac73c4ce9465f3731	455	1440	1906	364
METHOD_EXIT	com.badlogic.gdx.utils.ShortArray#equals(Object):boolean	8b543e48870f9962a035	455	1504	1970	334
METHOD_ENTRY	com.badlogic.gdx.utils.ShortArray#equals(Object):boolean	b1928e0bed6c2575b68b	413	1427	1851	270
METHOD_EXIT	com.badlogic.gdx.utils.ShortArray#toArray():short[]	fd68e1eb6bfb0699ce2f	455	1411	1877	263
METHOD_ENTRY	com.badlogic.gdx.utils.ShortArray#toString():String	0f1a587128fea90836cc	413	1392	1816	290
METHOD_ENTRY	com.badlogic.gdx.utils.ScreenUtils#clear(Color):void	63971c2860d2e67b4e96	413	1279	1703	267
METHOD_ENTRY	com.badlogic.gdx.utils.ScreenUtils#clear(float,float,float,float):void	978db27696d3f8f82faf	413	1302	1726	322
METHOD_ENTRY	com.badlogic.gdx.utils.ShortArray#toString(String):String	b4e7330449685b2b515a	413	1385	1809	263
METHOD_EXIT	com.badlogic.gdx.utils.ShortArray#toString():String	0294f96a08e5c7803fc3	455	1466	1932	270
METHOD_EXIT	com.badlogic.gdx.utils.ShortArray#toString(String):String	b88e993a932b97d3a8f0	455	1462	1928	345
METHOD_EXIT	com.badlogic.gdx.utils.ScreenUtils#clear(Color):void	470d784ed0393fc29142	455	1290	1756	312
METHOD_EXIT	com.badlogic.gdx.utils.ScreenUtils#clear(float,float,float,float):void	20c5469c944d8e5b611e	455	1313	1779	287
METHOD_EXIT	com.badlogic.gdx.utils.ScreenUtils#clear(Color,boolean):void	6440cca5fa132014b7d5	455	1303	1769	303
METHOD_ENTRY	com.badlogic.gdx.utils.ScreenUtils#clear(Color,boolean):void	902e20bcb2911599dc48	413	1292	1716	319
METHOD_ENTRY	com.badlogic.gdx.utils.ScreenUtils#clear(float,float,float,float,boolean):void	1d8f1ba568d7b5ade0f8	413	1317	1741	232
METHOD_EXIT	com.badlogic.gdx.utils.ScreenUtils#clear(float,float,float,float,boolean):void	3910c0fdded829b32750	455	1328	1794	292
METHOD_ENTRY	com.badlogic.gdx.utils.ShortArray#with(short):ShortArray	8bd168f786094f15d8db	413	1322	1746	144
METHOD_EXIT	com.badlogic.gdx.utils.ShortArray#with(short):ShortArray	572de3765c7fab5548ce	455	1400	1866	285
METHOD_EXIT	com.badlogic.gdx.utils.ScreenUtils#clear(float,float,float,float,boolean,boolean):void	dee42178e16479998a9f	455	1415	1881	307
METHOD_ENTRY	com.badlogic.gdx.utils.ScreenUtils#clear(float,float,float,float,boolean,boolean):void	c1f1ad855a0693c7ddb6	413	1404	1828	300
METHOD_ENTRY	com.badlogic.gdx.utils.ScreenUtils#getFrameBufferTexture():TextureRegion	9e1cb0f1d759d1110cd3	413	1306	1730	223
METHOD_EXIT	com.badlogic.gdx.utils.ScreenUtils#getFrameBufferTexture():TextureRegion	72266a8d882b8bcab829	455	1381	1847	281
METHOD_ENTRY	com.badlogic.gdx.utils.ScreenUtils#getFrameBufferTexture(int,int,int,int):TextureRegion	0b675a7c92f7c3fdd854	413	1446	1870	239
METHOD_EXIT	com.badlogic.gdx.utils.ScreenUtils#getFrameBufferTexture(int,int,int,int):TextureRegion	bc2d7f61eb5a5b3724aa	455	1524	1990	284
METHOD_ENTRY	com.badlogic.gdx.utils.ScreenUtils#getFrameBufferPixmap(int,int,int,int):Pixmap	ab21cb69ba5d1150d2b6	413	1315	1739	203
METHOD_EXIT	com.badlogic.gdx.utils.ScreenUtils#getFrameBufferPixmap(int,int,int,int):Pixmap	748975c613d9b5bb6da0	455	1393	1859	298
METHOD_ENTRY	com.badlogic.gdx.utils.ScreenUtils#getFrameBufferPixels(boolean):byte[]	7dcbca0e0fb29f3db7e8	413	1317	1741	51
METHOD_ENTRY	com.badlogic.gdx.utils.ScreenUtils#getFrameBufferPixels(int,int,int,int,boolean):byte[]	b983af3abb889648bece	413	1501	1925	255
METHOD_EXIT	com.badlogic.gdx.utils.ScreenUtils#getFrameBufferPixels(int,int,int,int,boolean):byte[]	c76c77f60a5938904fea	455	1578	2044	275
METHOD_EXIT	com.badlogic.gdx.utils.ScreenUtils#getFrameBufferPixels(boolean):byte[]	44415bbb364f0e9e2da9	455	1394	1860	283
METHOD_ENTRY	com.badlogic.gdx.utils.ComparableTimSort#sort(Object[]):void	530aa7116673ecbf1f59	413	2434	2858	259
METHOD_EXIT	com.badlogic.gdx.utils.ComparableTimSort#doSort(Object[],int,int):void	dc89040bbe83de5c2fd8	455	2874	3340	339
METHOD_EXIT	com.badlogic.gdx.utils.ComparableTimSort#sort(Object[],int,int):void	26cae2b561ad2932082e	455	2827	3293	370
METHOD_ENTRY	com.badlogic.gdx.utils.ComparableTimSort#binarySort(Object[],int,int,int):void	6b9d1c6b6f3b76461031	413	2835	3259	230
METHOD_EXIT	com.badlogic.gdx.utils.ComparableTimSort#sort(Object[]):void	1351f278ba37b2ea4dd4	455	2445	2911	311
METHOD_ENTRY	com.badlogic.gdx.utils.ComparableTimSort#doSort(Object[],int,int):void	f35ec6e285de5c57be42	413	2863	3287	238
METHOD_ENTRY	com.badlogic.gdx.utils.ComparableTimSort#sort(Object[],int,int):void	25eb0cbd4c3d02c68565	413	2816	3240	243
METHOD_EXIT	com.badlogic.gdx.utils.ComparableTimSort#binarySort(Object[],int,int,int):void	fb352520dec588e51633	455	2846	3312	281
METHOD_ENTRY	com.badlogic.gdx.utils.ComparableTimSort#countRunAndMakeAscending(Object[],int,int):int	0c04fa7158130ede62b1	413	2624	3048	240
METHOD_EXIT	com.badlogic.gdx.utils.ComparableTimSort#countRunAndMakeAscending(Object[],int,int):int	b241dec53075825efdc4	455	2701	3167	288
METHOD_ENTRY	com.badlogic.gdx.utils.ComparableTimSort#reverseRange(Object[],int,int):void	7e8c80e63f3c5d33961e	413	2488	2912	268
METHOD_EXIT	com.badlogic.gdx.utils.ComparableTimSort#reverseRange(Object[],int,int):void	3d145ec4d51154a2a32e	455	2499	2965	298
METHOD_ENTRY	com.badlogic.gdx.utils.ComparableTimSort#minRunLength(int):int	f74593676e53725d0856	413	2495	2919	278
METHOD_EXIT	com.badlogic.gdx.utils.ComparableTimSort#minRunLength(int):int	f44b61a0aecc23b44c7a	455	2572	3038	320
METHOD_ENTRY	com.badlogic.gdx.utils.ComparableTimSort#pushRun(int,int):void	9c4b5eb44c8c83898cfa	413	2466	2890	305
METHOD_ENTRY	com.badlogic.gdx.utils.ComparableTimSort#mergeCollapse():void	d7ff6a02b04d418f49fa	413	2539	2963	285
METHOD_EXIT	com.badlogic.gdx.utils.ComparableTimSort#mergeCollapse():void	1b603b5dd9bedd5efa39	455	2550	3016	300
METHOD_ENTRY	com.badlogic.gdx.utils.ComparableTimSort#mergeForceCollapse():void	7d64bee3d4ae33edf5a9	413	2475	2899	294
METHOD_ENTRY	com.badlogic.gdx.utils.ComparableTimSort#mergeAt(int):void	8558556e50c5939630c5	413	2931	3355	223
METHOD_EXIT	com.badlogic.gdx.utils.ComparableTimSort#mergeForceCollapse():void	abf948c0dd126e97692b	455	2486	2952	237
METHOD_EXIT	com.badlogic.gdx.utils.ComparableTimSort#mergeAt(int):void	883608a77050215f8222	455	2942	3408	279
METHOD_EXIT	com.badlogic.gdx.utils.ComparableTimSort#pushRun(int,int):void	3ad0e386dc9d38bead9c	455	2477	2943	324
METHOD_ENTRY	com.badlogic.gdx.utils.ComparableTimSort#gallopLeft(Comparable<Object>,Object[],int,int,int):int	3570c911b338af066752	413	3065	3489	159
METHOD_EXIT	com.badlogic.gdx.utils.ComparableTimSort#gallopLeft(Comparable<Object>,Object[],int,int,int):int	f22039e6082b1be95b9e	455	3142	3608	289
METHOD_ENTRY	com.badlogic.gdx.utils.ComparableTimSort#gallopRight(Comparable<Object>,Object[],int,int,int):int	014d2328fa28d96baaad	413	3053	3477	231
METHOD_EXIT	com.badlogic.gdx.utils.ComparableTimSort#gallopRight(Comparable<Object>,Object[],int,int,int):int	993be96b41aec775ff87	455	3130	3596	308
METHOD_EXIT	com.badlogic.gdx.utils.ComparableTimSort#mergeLo(int,int,int,int):void	a3d491965a47883a3ddd	455	3467	3933	286
METHOD_ENTRY	com.badlogic.gdx.utils.ComparableTimSort#mergeLo(int,int,int,int):void	d2fb2881f97db051de11	413	3456	3880	178
METHOD_ENTRY	com.badlogic.gdx.utils.ComparableTimSort#mergeHi(int,int,int,int):void	38798004ad5fe013e2ff	413	3540	3964	243
METHOD_ENTRY	com.badlogic.gdx.utils.ComparableTimSort#ensureCapacity(int):Object[]	54ab039446f49de8405d	413	2589	3013	235
METHOD_EXIT	com.badlogic.gdx.utils.ComparableTimSort#mergeHi(int,int,int,int):void	557b56f9328260ff04a8	455	3551	4017	320
METHOD_EXIT	com.badlogic.gdx.utils.BooleanArray#add(boolean):void	27976882561b910a64b2	455	1311	1777	326
METHOD_ENTRY	com.badlogic.gdx.utils.BooleanArray#add(boolean):void	57d30079f7089fdc39d0	413	1300	1724	202
METHOD_EXIT	com.badlogic.gdx.utils.ComparableTimSort#ensureCapacity(int):Object[]	b45831a2063a321f8465	455	2666	3132	188
METHOD_ENTRY	com.badlogic.gdx.utils.ComparableTimSort#rangeCheck(int,int,int):void	9e89addb52d1a03b0f1c	413	2522	2946	220
METHOD_EXIT	com.badlogic.gdx.utils.ComparableTimSort#rangeCheck(int,int,int):void	38dcf36a5293d29e5ef3	455	2533	2999	280
METHOD_ENTRY	com.badlogic.gdx.utils.BooleanArray#add(boolean,boolean):void	d6fbc0e64cd4fb7c9edb	413	1335	1759	107
METHOD_EXIT	com.badlogic.gdx.utils.BooleanArray#add(boolean,boolean):void	a91d8241721998333a54	455	1346	1812	257
METHOD_ENTRY	com.badlogic.gdx.utils.BooleanArray#add(boolean,boolean,boolean,boolean):void	eba5cee4991b2c4326f5	413	1393	1817	267
METHOD_EXIT	com.badlogic.gdx.utils.BooleanArray#add(boolean,boolean,boolean):void	b2b2df617dae39f72280	455	1369	1835	258
METHOD_EXIT	com.badlogic.gdx.utils.BooleanArray#add(boolean,boolean,boolean,boolean):void	aaafa5a74b8124ee5f80	455	1404	1870	268
METHOD_ENTRY	com.badlogic.gdx.utils.BooleanArray#addAll(BooleanArray):void	5c5cdc87e39b78509e99	413	1275	1699	240
METHOD_ENTRY	com.badlogic.gdx.utils.BooleanArray#add(boolean,boolean,boolean):void	109f36257f7bb267b22e	413	1358	1782	248
METHOD_EXIT	com.badlogic.gdx.utils.BooleanArray#addAll(BooleanArray):void	c226d3c17ce5b00613e1	455	1286	1752	232
METHOD_ENTRY	com.badlogic.gdx.utils.BooleanArray#addAll(BooleanArray,int,int):void	fc7c84a094ec72e6068d	413	1333	1757	241
METHOD_EXIT	com.badlogic.gdx.utils.BooleanArray#addAll(BooleanArray,int,int):void	300991b7e31b218a9641	455	1344	1810	197
METHOD_ENTRY	com.badlogic.gdx.utils.BooleanArray#addAll(boolean):void	7f6578e8e9f91b40a072	413	1272	1696	102
METHOD_EXIT	com.badlogic.gdx.utils.BooleanArray#addAll(boolean):void	6fe0d29dbddfc54fbb1f	455	1283	1749	239
METHOD_ENTRY	com.badlogic.gdx.utils.BooleanArray#addAll(boolean[],int,int):void	8217ff03d190dc5aa173	413	1348	1772	243
METHOD_EXIT	com.badlogic.gdx.utils.BooleanArray#addAll(boolean[],int,int):void	4d614889dc2e4415624d	455	1359	1825	296
METHOD_EXIT	com.badlogic.gdx.utils.BooleanArray#get(int):boolean	1ccaae174789db80e353	455	1370	1836	204
METHOD_ENTRY	com.badlogic.gdx.utils.BooleanArray#set(int,boolean):void	a3977e4bb988e9e3905c	413	1305	1729	246
METHOD_EXIT	com.badlogic.gdx.utils.BooleanArray#set(int,boolean):void	911811f7b705bb667b6d	455	1316	1782	215
METHOD_ENTRY	com.badlogic.gdx.utils.BooleanArray#get(int):boolean	f9a81634cb0453f9aaab	413	1293	1717	255
METHOD_ENTRY	com.badlogic.gdx.utils.BooleanArray#insert(int,boolean):void	8b6d007b03cbfe499223	413	1378	1802	205
METHOD_EXIT	com.badlogic.gdx.utils.BooleanArray#insert(int,boolean):void	c58dccb4c9d7958acebb	455	1389	1855	294
METHOD_ENTRY	com.badlogic.gdx.utils.BooleanArray#insertRange(int,int):void	b48219f8e0881da79e76	413	1365	1789	241
METHOD_EXIT	com.badlogic.gdx.utils.BooleanArray#insertRange(int,int):void	be16e2fe4674681c6f3d	455	1376	1842	284
METHOD_ENTRY	com.badlogic.gdx.utils.BooleanArray#swap(int,int):void	1b4c526bcff2ed6a8d41	413	1363	1787	173
METHOD_EXIT	com.badlogic.gdx.utils.BooleanArray#swap(int,int):void	848a638e607804b1a7b2	455	1374	1840	278
METHOD_ENTRY	com.badlogic.gdx.utils.BooleanArray#replaceFirst(boolean,boolean):boolean	5497bba0eba6b7fa61b1	413	1329	1753	224
METHOD_ENTRY	com.badlogic.gdx.utils.BooleanArray#replaceAll(boolean,boolean):int	78c437004c0ce0de7106	413	1336	1760	166
METHOD_EXIT	com.badlogic.gdx.utils.BooleanArray#replaceAll(boolean,boolean):int	e571869da65e103eb973	455	1413	1879	266
METHOD_EXIT	com.badlogic.gdx.utils.BooleanArray#replaceFirst(boolean,boolean):boolean	d3fd719baa44b1d91314	455	1406	1872	279
METHOD_ENTRY	com.badlogic.gdx.utils.BooleanArray#removeIndex(int):boolean	9afb20bfb56371590bd5	413	1347	1771	247
METHOD_EXIT	com.badlogic.gdx.utils.BooleanArray#removeIndex(int):boolean	bb73d9c539f7c2ad13c5	455	1424	1890	276
METHOD_ENTRY	com.badlogic.gdx.utils.BooleanArray#removeRange(int,int):void	10b48d92a26ffecefd64	413	1422	1846	237
METHOD_ENTRY	com.badlogic.gdx.utils.BooleanArray#removeAll(BooleanArray):boolean	7801438456d2ebcfbab2	413	1366	1790	249
METHOD_EXIT	com.badlogic.gdx.utils.BooleanArray#removeRange(int,int):void	2b290c5cacff85ecd99c	455	1433	1899	337
METHOD_EXIT	com.badlogic.gdx.utils.BooleanArray#removeAll(BooleanArray):boolean	1507a11ad3393318eb0a	455	1443	1909	347
METHOD_ENTRY	com.badlogic.gdx.utils.BooleanArray#pop():boolean	58b4316758bab6389b44	413	1259	1683	185
METHOD_ENTRY	com.badlogic.gdx.utils.BooleanArray#peek():boolean	972a1cf862a901f42e0e	413	1260	1684	262
METHOD_EXIT	com.badlogic.gdx.utils.BooleanArray#peek():boolean	0684817b5db5a3e78ff3	455	1334	1800	111
METHOD_ENTRY	com.badlogic.gdx.utils.BooleanArray#first():boolean	225057ac37953cd32420	413	1276	1700	222
METHOD_EXIT	com.badlogic.gdx.utils.BooleanArray#pop():boolean	37dad87f8d23205bb1a6	455	1333	1799	208
METHOD_EXIT	com.badlogic.gdx.utils.BooleanArray#first():boolean	7d037804562424c40bb8	455	1350	1816	240
METHOD_EXIT	com.badlogic.gdx.utils.BooleanArray#notEmpty():boolean	78ac04557fe7c4f97150	455	1335	1801	199
METHOD_ENTRY	com.badlogic.gdx.utils.BooleanArray#notEmpty():boolean	639dc2946e6b049bf4aa	413	1261	1685	226
METHOD_ENTRY	com.badlogic.gdx.utils.BooleanArray#isEmpty():boolean	69ab418cf29fa23ccf14	413	1261	1685	205
METHOD_EXIT	com.badlogic.gdx.utils.BooleanArray#isEmpty():boolean	9d2e8c72e2a632ab70cd	455	1335	1801	209
METHOD_ENTRY	com.badlogic.gdx.utils.BooleanArray#clear():void	04e72d246bb17151edf1	413	1258	1682	133
METHOD_EXIT	com.badlogic.gdx.utils.BooleanArray#clear():void	d71d0db56c447360d6e0	455	1269	1735	59
METHOD_EXIT	com.badlogic.gdx.utils.BooleanArray#shrink():boolean[]	b84143d6cfa55dda8665	455	1344	1810	154
METHOD_ENTRY	com.badlogic.gdx.utils.BooleanArray#ensureCapacity(int):boolean[]	2051dfd5afdccb09e53e	413	1337	1761	197
METHOD_ENTRY	com.badlogic.gdx.utils.BooleanArray#shrink():boolean[]	dcc1a861a4e44daca4cb	413	1270	1694	222
METHOD_EXIT	com.badlogic.gdx.utils.BooleanArray#ensureCapacity(int):boolean[]	6cf8be06b1d355685ecd	455	1414	1880	291
METHOD_ENTRY	com.badlogic.gdx.utils.BooleanArray#setSize(int):boolean[]	166ac445928cc2124e4f	413	1319	1743	250
METHOD_EXIT	com.badlogic.gdx.utils.BooleanArray#setSize(int):boolean[]	f6ffb321548563439c24	455	1396	1862	305
METHOD_ENTRY	com.badlogic.gdx.utils.BooleanArray#resize(int):boolean[]	30dff19c0862976ddb36	413	1315	1739	271
METHOD_EXIT	com.badlogic.gdx.utils.BooleanArray#resize(int):boolean[]	06ef19579ce09f18f942	455	1392	1858	152
METHOD_EXIT	com.badlogic.gdx.utils.BooleanArray#reverse():void	b387a114c60433dcbb9c	455	1336	1802	291
METHOD_ENTRY	com.badlogic.gdx.utils.BooleanArray#reverse():void	20033f8c5183dd89f086	413	1325	1749	197
METHOD_ENTRY	com.badlogic.gdx.utils.BooleanArray#truncate(int):void	d11efb929859c6bce3f3	413	1301	1725	217
METHOD_EXIT	com.badlogic.gdx.utils.BooleanArray#shuffle():void	ab7c0af8ffae3a3fc289	455	1324	1790	248
METHOD_ENTRY	com.badlogic.gdx.utils.BooleanArray#shuffle():void	66c562ed17c1a1df1e4e	413	1313	1737	276
METHOD_EXIT	com.badlogic.gdx.utils.BooleanArray#truncate(int):void	bf6d239d267cb5ed6dc6	455	1312	1778	265
METHOD_ENTRY	com.badlogic.gdx.utils.BooleanArray#random():boolean	f019fa9ab3cdaa99bad5	413	1277	1701	261
METHOD_EXIT	com.badlogic.gdx.utils.BooleanArray#random():boolean	22099a9856938a642c15	455	1351	1817	232
METHOD_ENTRY	com.badlogic.gdx.utils.BooleanArray#toArray():boolean[]	941782b71fa4d62e91c2	413	1284	1708	216
METHOD_EXIT	com.badlogic.gdx.utils.BooleanArray#toArray():boolean[]	650fceb58ea05293f195	455	1358	1824	185
METHOD_ENTRY	com.badlogic.gdx.utils.BooleanArray#hashCode():int	a4060090e7258ad49209	413	1323	1747	230
METHOD_EXIT	com.badlogic.gdx.utils.BooleanArray#hashCode():int	b7013e193d3f6f6b5451	455	1397	1863	264
METHOD_EXIT	com.badlogic.gdx.utils.BooleanArray#equals(Object):boolean	b64cd66a31737255bdd0	455	1450	1916	295
METHOD_ENTRY	com.badlogic.gdx.utils.BooleanArray#toString():String	6557ecff1368b7d0d898	413	1339	1763	285
METHOD_EXIT	com.badlogic.gdx.utils.BooleanArray#toString():String	beed7d9dbc7cb0ff5a71	455	1413	1879	335
METHOD_ENTRY	com.badlogic.gdx.utils.Pool#obtain():T	002cb10477c9662e7cae	413	841	1265	207
METHOD_ENTRY	com.badlogic.gdx.utils.BooleanArray#equals(Object):boolean	aa46dad1edbcd536c47e	413	1373	1797	239
METHOD_ENTRY	com.badlogic.gdx.utils.BooleanArray#toString(String):String	b6e9ccc43c7b933ca54d	413	1332	1756	267
METHOD_EXIT	com.badlogic.gdx.utils.Pool#obtain():T	1937c897aa0213abc2f6	455	915	1381	259
METHOD_ENTRY	com.badlogic.gdx.utils.Pool#free(T):void	efab9a41ddd76c2a32bc	413	890	1314	258
METHOD_EXIT	com.badlogic.gdx.utils.BooleanArray#toString(String):String	92e24a6d937d2c7ce4de	455	1409	1875	386
METHOD_EXIT	com.badlogic.gdx.utils.Pool#fill(int):void	ac7394519607a083d116	455	883	1349	237
METHOD_ENTRY	com.badlogic.gdx.utils.BooleanArray#with(boolean):BooleanArray	2ef59c5a2fce372b1322	413	1269	1693	147
METHOD_ENTRY	com.badlogic.gdx.utils.Pool#reset(T):void	e0c9fed7ab6b1ec936db	413	844	1268	118
METHOD_EXIT	com.badlogic.gdx.utils.Pool#reset(T):void	186a2174d6f03439972b	455	855	1321	129
METHOD_EXIT	com.badlogic.gdx.utils.Pool#free(T):void	1355f9e268bc9ecd02d8	455	901	1367	311
METHOD_ENTRY	com.badlogic.gdx.utils.Pool#fill(int):void	1fa895902918e3767baa	413	872	1296	236
METHOD_EXIT	com.badlogic.gdx.utils.Pool#discard(T):void	3720fdbe5d1bc5c924c7	455	844	1310	219
METHOD_ENTRY	com.badlogic.gdx.utils.Pool#freeAll(Array<T>):void	966db67a781927e0e47f	413	958	1382	177
METHOD_ENTRY	com.badlogic.gdx.utils.Pool#discard(T):void	1274e2f6a0b9548dd16b	413	833	1257	239
METHOD_EXIT	com.badlogic.gdx.utils.BooleanArray#with(boolean):BooleanArray	85f5e7a949f16f352943	455	1347	1813	259
METHOD_EXIT	com.badlogic.gdx.utils.Pool#freeAll(Array<T>):void	0f9295be236cc90598e2	455	969	1435	247
METHOD_EXIT	com.badlogic.gdx.utils.Pool#clear():void	c153f9b4e459bd1f3da3	455	880	1346	67
METHOD_ENTRY	com.badlogic.gdx.utils.FlushablePool#obtain():T	5c823739eb1522c9ef26	413	502	926	158
METHOD_ENTRY	com.badlogic.gdx.utils.FlushablePool#flush():void	1d8c4ac6a7f5d914aa38	413	495	919	201
METHOD_ENTRY	com.badlogic.gdx.utils.Pool#clear():void	49da6e611ab43bd92fbb	413	869	1293	180
METHOD_ENTRY	com.badlogic.gdx.utils.FlushablePool#free(T):void	72a4717c30dbf4b0e2c3	413	504	928	251
METHOD_EXIT	com.badlogic.gdx.utils.FlushablePool#free(T):void	6b0be64beac96080d76e	455	515	981	128
METHOD_ENTRY	com.badlogic.gdx.utils.Pool#getFree():int	775626ae04ac2e09f1e7	413	830	1254	150
METHOD_EXIT	com.badlogic.gdx.utils.FlushablePool#obtain():T	0b00f34ef14d140c2fd3	455	576	1042	241
METHOD_EXIT	com.badlogic.gdx.utils.Pool#getFree():int	18d7b661cc0b395082b1	455	904	1370	103
METHOD_EXIT	com.badlogic.gdx.utils.FlushablePool#flush():void	bc18f4e5556f75e7bbc2	455	506	972	125
METHOD_ENTRY	com.badlogic.gdx.utils.FlushablePool#freeAll(Array<T>):void	a078bbb06fdda31e2b39	413	511	935	242
METHOD_EXIT	com.badlogic.gdx.utils.FlushablePool#freeAll(Array<T>):void	0b90e9e330ec7e7afa96	455	522	988	226
METHOD_ENTRY	com.badlogic.gdx.utils.StreamUtils#copyStream(InputStream,OutputStream):void	20eaec3c77a5366baec9	413	1067	1491	256
METHOD_EXIT	com.badlogic.gdx.utils.StreamUtils#copyStream(InputStream,OutputStream):void	7cd26a9a37420a3805c4	455	1078	1544	244
METHOD_EXIT	com.badlogic.gdx.utils.StreamUtils#copyStream(InputStream,OutputStream,byte[]):void	3071cf75560497345137	455	1109	1575	234
METHOD_ENTRY	com.badlogic.gdx.utils.StreamUtils#copyStream(InputStream,ByteBuffer):void	cb0bf808b6e8844e70c3	413	1067	1491	199
METHOD_EXIT	com.badlogic.gdx.utils.StreamUtils#copyStream(InputStream,ByteBuffer):void	9f8289bf4825233838d8	455	1078	1544	232
METHOD_ENTRY	com.badlogic.gdx.utils.StreamUtils#copyStream(InputStream,OutputStream,int):void	cb9fd4e013249dfacabd	413	1077	1501	187
METHOD_ENTRY	com.badlogic.gdx.utils.StreamUtils#copyStream(InputStream,OutputStream,byte[]):void	753163f3252acc3d2e64	413	1098	1522	252
METHOD_ENTRY	com.badlogic.gdx.utils.StreamUtils#copyStream(InputStream,ByteBuffer,int):void	9923992a35e54346b24f	413	1077	1501	95
METHOD_EXIT	com.badlogic.gdx.utils.StreamUtils#copyStream(InputStream,OutputStream,int):void	7ab6b14aa877efe64ec7	455	1088	1554	237
METHOD_EXIT	com.badlogic.gdx.utils.StreamUtils#copyStream(InputStream,ByteBuffer,int):void	fcde3ed4f09e3691dab5	455	1088	1554	250
METHOD_ENTRY	com.badlogic.gdx.utils.StreamUtils#copyStream(InputStream,ByteBuffer,byte[]):int	f53acc2e93d06087aa19	413	1147	1571	164
METHOD_ENTRY	com.badlogic.gdx.utils.StreamUtils#copyStreamToByteArray(InputStream,int):byte[]	f96f24ac1c68bb8e321a	413	1095	1519	248
METHOD_ENTRY	com.badlogic.gdx.utils.StreamUtils#copyStreamToString(InputStream):String	45ea2f22e4777a420aee	413	1057	1481	268
METHOD_EXIT	com.badlogic.gdx.utils.StreamUtils#copyStream(InputStream,ByteBuffer,byte[]):int	c6f99b0e71e79736f69d	455	1224	1690	288
METHOD_ENTRY	com.badlogic.gdx.utils.StreamUtils#copyStreamToByteArray(InputStream):byte[]	a76c96adb41987aee399	413	1060	1484	200
METHOD_EXIT	com.badlogic.gdx.utils.StreamUtils#copyStreamToString(InputStream):String	e2ad076ec8a4a7796177	455	1134	1600	267
METHOD_EXIT	com.badlogic.gdx.utils.StreamUtils#copyStreamToByteArray(InputStream,int):byte[]	c8cf0cbc9d0a43809096	455	1172	1638	290
METHOD_ENTRY	com.badlogic.gdx.utils.StreamUtils#copyStreamToString(InputStream,int):String	c92820f3004c06cb5c28	413	1068	1492	199
METHOD_EXIT	com.badlogic.gdx.utils.StreamUtils#copyStreamToString(InputStream,int):String	9aef7b016e3045b18da0	455	1145	1611	266
METHOD_EXIT	com.badlogic.gdx.utils.StreamUtils#copyStreamToByteArray(InputStream):byte[]	827246458aef5517df84	455	1137	1603	277
METHOD_EXIT	com.badlogic.gdx.utils.StreamUtils#copyStreamToString(InputStream,int,String):String	ceaa34f8a03b39a78824	455	1236	1702	266
METHOD_EXIT	com.badlogic.gdx.utils.StreamUtils#closeQuietly(Closeable):void	581424783b98819085da	455	1082	1548	155
METHOD_ENTRY	com.badlogic.gdx.utils.StreamUtils#toByteArray():byte[]	e2a4bae24d1e7c4b4a23	413	1055	1479	266
METHOD_ENTRY	com.badlogic.gdx.utils.StreamUtils#copyStreamToString(InputStream,int,String):String	13b1649104278718a03f	413	1159	1583	265
METHOD_ENTRY	com.badlogic.gdx.utils.StreamUtils#closeQuietly(Closeable):void	ee7cc62f5936ac4576b2	413	1071	1495	147
METHOD_ENTRY	com.badlogic.gdx.utils.StreamUtils#getBuffer():byte[]	8bbb182a1f413d40537a	413	1034	1458	188
METHOD_EXIT	com.badlogic.gdx.utils.StreamUtils#toByteArray():byte[]	4a3213d94d3fa19c6f5e	455	1129	1595	287
METHOD_ENTRY	com.badlogic.gdx.utils.OptimizedByteArrayOutputStream#getBuffer():byte[]	ab3efd72f5c92b996b28	413	386	810	49
METHOD_EXIT	com.badlogic.gdx.utils.OptimizedByteArrayOutputStream#toByteArray():byte[]	74f0f16cb2359f80e56c	455	481	947	272
METHOD_EXIT	com.badlogic.gdx.utils.OptimizedByteArrayOutputStream#getBuffer():byte[]	0b94ad6100f564ce280d	455	460	926	218
METHOD_ENTRY	com.badlogic.gdx.utils.Predicate#set(Iterable<T>,Predicate<T>):void	26743c5dc500685fe75a	413	462	886	251
METHOD_EXIT	com.badlogic.gdx.utils.Predicate#set(Iterable<T>,Predicate<T>):void	2b29a806ca4586eb16cf	455	473	939	334
METHOD_ENTRY	com.badlogic.gdx.utils.OptimizedByteArrayOutputStream#toByteArray():byte[]	2b2353d37d4ebd360b0a	413	407	831	96
METHOD_ENTRY	com.badlogic.gdx.utils.Predicate#set(Iterator<T>,Predicate<T>):void	08df2219a6328f6f8023	413	480	904	245
METHOD_EXIT	com.badlogic.gdx.utils.StreamUtils#getBuffer():byte[]	0c13122e620ac57a8e3a	455	1108	1574	303
METHOD_EXIT	com.badlogic.gdx.utils.Predicate#set(Iterator<T>,Predicate<T>):void	c05b2cac5b8c1687e00a	455	491	957	261
METHOD_ENTRY	com.badlogic.gdx.utils.Predicate#hasNext():boolean	94971619ea21f576edb1	413	506	930	392
METHOD_ENTRY	com.badlogic.gdx.utils.Predicate#next():T	db6ec5769087a7c04552	413	468	892	55
METHOD_ENTRY	com.badlogic.gdx.utils.Predicate#remove():void	5177c815d7883dfadc46	413	462	886	112
METHOD_EXIT	com.badlogic.gdx.utils.Predicate#hasNext():boolean	e81060ecd5e94a75d429	455	580	1046	210
METHOD_EXIT	com.badlogic.gdx.utils.Predicate#next():T	6a9f355ff6da4c9386c9	455	542	1008	282
METHOD_EXIT	com.badlogic.gdx.utils.Predicate#set(Iterable<T>,Predicate<T>):void	2b29a806ca4586eb16cf	455	473	939	334
METHOD_EXIT	com.badlogic.gdx.utils.Predicate#remove():void	19b250d5969b81bb1431	455	473	939	103
METHOD_EXIT	com.badlogic.gdx.utils.Predicate#iterator():Iterator<T>	9b2979bd5d1c1a1e42e2	455	569	1035	199
METHOD_ENTRY	com.badlogic.gdx.utils.Predicate#iterator():Iterator<T>	55c49b20d176feb5cadc	413	494	918	174
METHOD_ENTRY	com.badlogic.gdx.utils.PredicateIterator#set(Iterator<T>,Predicate<T>):void	54171a88a960620ec818	413	426	850	240
METHOD_EXIT	com.badlogic.gdx.utils.PredicateIterator#set(Iterator<T>,Predicate<T>):void	007b456cc13d45d16d02	455	437	903	240
METHOD_ENTRY	com.badlogic.gdx.utils.Predicate#set(Iterable<T>,Predicate<T>):void	26743c5dc500685fe75a	413	462	886	251
METHOD_ENTRY	com.badlogic.gdx.utils.PredicateIterator#hasNext():boolean	7df1b2a1051fae2f0f6c	413	452	876	294
METHOD_EXIT	com.badlogic.gdx.utils.PredicateIterator#set(Iterable<T>,Predicate<T>):void	709f39aa3b67991e71b1	455	419	885	166
METHOD_ENTRY	com.badlogic.gdx.utils.PredicateIterator#set(Iterable<T>,Predicate<T>):void	c44157c2eceb290a77f7	413	408	832	141
METHOD_EXIT	com.badlogic.gdx.utils.PredicateIterator#next():T	427380465de5def55378	455	488	954	143
METHOD_EXIT	com.badlogic.gdx.utils.PredicateIterator#hasNext():boolean	10ac9da8a874734aa8ab	455	526	992	212
METHOD_ENTRY	com.badlogic.gdx.utils.PredicateIterator#remove():void	6c93f916d9b30c79e6f6	413	408	832	113
METHOD_ENTRY	com.badlogic.gdx.utils.PredicateIterator#next():T	0c32b39d5fa86ba9c379	413	414	838	289
METHOD_EXIT	com.badlogic.gdx.utils.PredicateIterable#set(Iterable<T>,Predicate<T>):void	80d0151317c51384fc58	455	419	885	201
METHOD_ENTRY	com.badlogic.gdx.utils.PredicateIterable#set(Iterable<T>,Predicate<T>):void	f2d989eff46c5a9dc4ff	413	408	832	222
METHOD_ENTRY	com.badlogic.gdx.utils.PredicateIterable#iterator():Iterator<T>	f6f776909681b2e997a5	413	440	864	5
METHOD_EXIT	com.badlogic.gdx.utils.PredicateIterable#iterator():Iterator<T>	71dffa1ade97b5b1f9ab	455	515	981	257
METHOD_EXIT	com.badlogic.gdx.utils.PredicateIterator#remove():void	4ece4b3e25c05d33257d	455	419	885	165
METHOD_ENTRY	com.badlogic.gdx.utils.ByteArray#add(byte):void	002eabf56c0a043af73e	413	1338	1762	251
METHOD_EXIT	com.badlogic.gdx.utils.ByteArray#add(byte,byte):void	1267a81dca2d752a7fe0	455	1384	1850	221
METHOD_EXIT	com.badlogic.gdx.utils.ByteArray#add(byte):void	35cd057b22c60ff7241f	455	1349	1815	264
METHOD_ENTRY	com.badlogic.gdx.utils.ByteArray#add(byte,byte,byte):void	578616a4109ad677c541	413	1396	1820	205
METHOD_ENTRY	com.badlogic.gdx.utils.ByteArray#add(byte,byte,byte,byte):void	ff7abadf68e68a9d267a	413	1431	1855	45
METHOD_ENTRY	com.badlogic.gdx.utils.ByteArray#add(byte,byte):void	74a5c2c2df14ba64d490	413	1373	1797	117
METHOD_EXIT	com.badlogic.gdx.utils.ByteArray#add(byte,byte,byte):void	22a187cc9039677f4b66	455	1407	1873	287
METHOD_EXIT	com.badlogic.gdx.utils.ByteArray#add(byte,byte,byte,byte):void	4a4c3f72b03862eb88c9	455	1442	1908	276
METHOD_ENTRY	com.badlogic.gdx.utils.ByteArray#addAll(ByteArray,int,int):void	5633a525827951271e7c	413	1371	1795	233
METHOD_ENTRY	com.badlogic.gdx.utils.ByteArray#addAll(ByteArray):void	6b5942479c69c97a6613	413	1313	1737	191
METHOD_EXIT	com.badlogic.gdx.utils.ByteArray#addAll(ByteArray):void	a1c49fbd46fb2b459fff	455	1324	1790	245
METHOD_ENTRY	com.badlogic.gdx.utils.ByteArray#addAll(byte):void	407ac3bc3213144eae5d	413	1310	1734	103
METHOD_EXIT	com.badlogic.gdx.utils.ByteArray#addAll(byte):void	1933164df129b10f3527	455	1321	1787	231
METHOD_EXIT	com.badlogic.gdx.utils.ByteArray#addAll(ByteArray,int,int):void	03f86d984a301029a123	455	1382	1848	264
METHOD_ENTRY	com.badlogic.gdx.utils.ByteArray#addAll(byte[],int,int):void	279d69304fc3acb3266c	413	1386	1810	198
METHOD_ENTRY	com.badlogic.gdx.utils.ByteArray#set(int,byte):void	9fc10a77725e145fb2e7	413	1343	1767	257
METHOD_EXIT	com.badlogic.gdx.utils.ByteArray#set(int,byte):void	797ce0e04853f1eaf8a7	455	1354	1820	283
METHOD_ENTRY	com.badlogic.gdx.utils.ByteArray#incr(int,byte):void	b52b740b9f991ccc094b	413	1345	1769	241
METHOD_ENTRY	com.badlogic.gdx.utils.ByteArray#get(int):byte	783f32bb0751991a770f	413	1331	1755	239
METHOD_EXIT	com.badlogic.gdx.utils.ByteArray#get(int):byte	a56c1d21a4a13137f488	455	1408	1874	241
METHOD_EXIT	com.badlogic.gdx.utils.ByteArray#incr(int,byte):void	aaebe64072531d1a3d2c	455	1356	1822	218
METHOD_ENTRY	com.badlogic.gdx.utils.ByteArray#incr(byte):void	c0d95e15600f4968ed0d	413	1331	1755	116
METHOD_EXIT	com.badlogic.gdx.utils.ByteArray#addAll(byte[],int,int):void	d373974e1ac2cc3f169f	455	1397	1863	289
METHOD_EXIT	com.badlogic.gdx.utils.ByteArray#incr(byte):void	26998eb50b924f29d665	455	1342	1808	254
METHOD_EXIT	com.badlogic.gdx.utils.ByteArray#mul(int,byte):void	ece5407ec36ea547d038	455	1355	1821	213
METHOD_ENTRY	com.badlogic.gdx.utils.ByteArray#mul(byte):void	346267a2f871683f42cf	413	1330	1754	81
METHOD_EXIT	com.badlogic.gdx.utils.ByteArray#mul(byte):void	9b24a30040cc3b6e1e5e	455	1341	1807	295
METHOD_ENTRY	com.badlogic.gdx.utils.ByteArray#mul(int,byte):void	790f56a97e0838d1a33c	413	1344	1768	231
METHOD_ENTRY	com.badlogic.gdx.utils.ByteArray#insert(int,byte):void	dd59871c48a062a2ae0b	413	1416	1840	267
METHOD_EXIT	com.badlogic.gdx.utils.ByteArray#insert(int,byte):void	82a726856421579f1477	455	1427	1893	279
METHOD_ENTRY	com.badlogic.gdx.utils.ByteArray#swap(int,int):void	b3944a8894dcadc7bbe4	413	1401	1825	193
METHOD_EXIT	com.badlogic.gdx.utils.ByteArray#swap(int,int):void	5b7ecefd027fa6a0a03f	455	1412	1878	252
METHOD_EXIT	com.badlogic.gdx.utils.ByteArray#insertRange(int,int):void	92c10696fe031079df59	455	1414	1880	280
METHOD_ENTRY	com.badlogic.gdx.utils.ByteArray#replaceFirst(byte,byte):boolean	c2968243b65c8850f21f	413	1367	1791	127
METHOD_EXIT	com.badlogic.gdx.utils.ByteArray#replaceFirst(byte,byte):boolean	086a17616e5411903d67	455	1444	1910	298
METHOD_ENTRY	com.badlogic.gdx.utils.ByteArray#insertRange(int,int):void	a2eb50bbab2cd524190f	413	1403	1827	257
METHOD_ENTRY	com.badlogic.gdx.utils.ByteArray#replaceAll(byte,byte):int	a3e642ea31a7964f35c8	413	1374	1798	228
METHOD_EXIT	com.badlogic.gdx.utils.ByteArray#replaceAll(byte,byte):int	ceb5d6f73da2aea07924	455	1451	1917	263
METHOD_ENTRY	com.badlogic.gdx.utils.ByteArray#contains(byte):boolean	5c2225950fd7c1b58628	413	1338	1762	242
METHOD_EXIT	com.badlogic.gdx.utils.ByteArray#indexOf(byte):int	28bd875a5fc1c38836b4	455	1418	1884	282
METHOD_ENTRY	com.badlogic.gdx.utils.ByteArray#indexOf(byte):int	62b0047b6371c7c009d1	413	1341	1765	220
METHOD_EXIT	com.badlogic.gdx.utils.ByteArray#contains(byte):boolean	8b3b23ca4b81a8c0db01	455	1415	1881	345
METHOD_ENTRY	com.badlogic.gdx.utils.ByteArray#lastIndexOf(byte):int	5f26f24944b97cca9683	413	1343	1767	220
METHOD_ENTRY	com.badlogic.gdx.utils.ByteArray#removeValue(byte):boolean	c7c15a183226ad205e84	413	1355	1779	200
METHOD_EXIT	com.badlogic.gdx.utils.ByteArray#removeValue(byte):boolean	4a7f28540ddd4ca6e2e6	455	1432	1898	264
METHOD_EXIT	com.badlogic.gdx.utils.ByteArray#lastIndexOf(byte):int	7362f7d828431c7845a1	455	1420	1886	327
METHOD_ENTRY	com.badlogic.gdx.utils.ByteArray#removeIndex(int):int	501e8b4bf0af39db280e	413	1385	1809	223
METHOD_ENTRY	com.badlogic.gdx.utils.ByteArray#removeRange(int,int):void	5f54715c749346a1564f	413	1460	1884	262
METHOD_EXIT	com.badlogic.gdx.utils.ByteArray#removeIndex(int):int	a05d66adfb1c970593f2	455	1462	1928	227
METHOD_EXIT	com.badlogic.gdx.utils.ByteArray#removeRange(int,int):void	34922bd54a211eda4397	455	1471	1937	279
METHOD_ENTRY	com.badlogic.gdx.utils.ByteArray#removeAll(ByteArray):boolean	9c1e1abc3b26c92c998f	413	1404	1828	223
METHOD_EXIT	com.badlogic.gdx.utils.ByteArray#removeAll(ByteArray):boolean	647790332467f46bd053	455	1481	1947	308
METHOD_ENTRY	com.badlogic.gdx.utils.ByteArray#pop():byte	65160b750b276c119227	413	1297	1721	198
METHOD_ENTRY	com.badlogic.gdx.utils.ByteArray#peek():byte	d23a9f6857df843ce9b0	413	1298	1722	261
METHOD_EXIT	com.badlogic.gdx.utils.ByteArray#peek():byte	a0479724e0533725d67d	455	1372	1838	218
METHOD_EXIT	com.badlogic.gdx.utils.ByteArray#first():byte	d93757da7f76d147a273	455	1388	1854	215
METHOD_ENTRY	com.badlogic.gdx.utils.ByteArray#first():byte	f2be4ef2725ba7d20216	413	1314	1738	233
METHOD_EXIT	com.badlogic.gdx.utils.ByteArray#pop():byte	ffda3b35d8885644ae51	455	1371	1837	240
METHOD_ENTRY	com.badlogic.gdx.utils.ByteArray#notEmpty():boolean	a934f280eb595f16c1f4	413	1299	1723	191
METHOD_EXIT	com.badlogic.gdx.utils.ByteArray#notEmpty():boolean	e91889b8a837846dafa7	455	1373	1839	225
METHOD_ENTRY	com.badlogic.gdx.utils.ByteArray#isEmpty():boolean	c3945fd38930066c4649	413	1299	1723	196
METHOD_EXIT	com.badlogic.gdx.utils.ByteArray#isEmpty():boolean	fb69e526332d5c04f514	455	1373	1839	153
METHOD_ENTRY	com.badlogic.gdx.utils.ByteArray#clear():void	9e6a53318ad784833e1d	413	1296	1720	188
METHOD_EXIT	com.badlogic.gdx.utils.ByteArray#clear():void	894c7d0441eede53160a	455	1307	1773	191
METHOD_ENTRY	com.badlogic.gdx.utils.ByteArray#shrink():byte[]	b68398988fd55f97b8bc	413	1308	1732	284
METHOD_ENTRY	com.badlogic.gdx.utils.ByteArray#ensureCapacity(int):byte[]	1f1951e516aa8b5806f1	413	1375	1799	252
METHOD_EXIT	com.badlogic.gdx.utils.ByteArray#ensureCapacity(int):byte[]	5607908d05dfa163848f	455	1452	1918	203
METHOD_EXIT	com.badlogic.gdx.utils.ByteArray#shrink():byte[]	049d718f6ab338928861	455	1382	1848	163
METHOD_ENTRY	com.badlogic.gdx.utils.ByteArray#setSize(int):byte[]	5ebff8b27ee31493f295	413	1357	1781	268
METHOD_EXIT	com.badlogic.gdx.utils.ByteArray#setSize(int):byte[]	0faa7de6f2669c0f70ce	455	1434	1900	306
METHOD_ENTRY	com.badlogic.gdx.utils.ByteArray#resize(int):byte[]	ca34d1460da0f4faeb4c	413	1353	1777	226
METHOD_EXIT	com.badlogic.gdx.utils.ByteArray#resize(int):byte[]	ce0372a923aa7dfe86a9	455	1430	1896	267
METHOD_ENTRY	com.badlogic.gdx.utils.ByteArray#sort():void	dfa7538889517b468138	413	1300	1724	171
METHOD_EXIT	com.badlogic.gdx.utils.ByteArray#sort():void	00b9a3bbe95ff5f67764	455	1311	1777	151
METHOD_ENTRY	com.badlogic.gdx.utils.ByteArray#reverse():void	037ff43dad8cfefa2051	413	1363	1787	180
METHOD_ENTRY	com.badlogic.gdx.utils.ByteArray#shuffle():void	8e61f606c4ed8b3239ea	413	1351	1775	144
METHOD_EXIT	com.badlogic.gdx.utils.ByteArray#shuffle():void	8101f7d750a4fb7c894b	455	1362	1828	278
METHOD_ENTRY	com.badlogic.gdx.utils.ByteArray#truncate(int):void	43589b43d9e0635f967d	413	1339	1763	214
METHOD_EXIT	com.badlogic.gdx.utils.ByteArray#truncate(int):void	04bc8855d1f93873be3e	455	1350	1816	266
METHOD_ENTRY	com.badlogic.gdx.utils.ByteArray#random():byte	f62f021c862afa3e4362	413	1316	1740	216
METHOD_ENTRY	com.badlogic.gdx.utils.ByteArray#toArray():byte[]	c43c7508b0a051751efd	413	1322	1746	170
METHOD_EXIT	com.badlogic.gdx.utils.ByteArray#random():byte	18abaa175fcf34ab3591	455	1390	1856	307
METHOD_EXIT	com.badlogic.gdx.utils.ByteArray#reverse():void	a4b01eeff334a828d55d	455	1374	1840	237
METHOD_EXIT	com.badlogic.gdx.utils.ByteArray#toArray():byte[]	f91c774959a73ea9bbc1	455	1396	1862	215
METHOD_ENTRY	com.badlogic.gdx.utils.ByteArray#hashCode():int	0f84ce11d12faf2cff0d	413	1351	1775	178
METHOD_ENTRY	com.badlogic.gdx.utils.ByteArray#equals(Object):boolean	8bd68162fe6b1048e5d4	413	1411	1835	223
METHOD_EXIT	com.badlogic.gdx.utils.ByteArray#equals(Object):boolean	d8bb91ca4b87f12d4d5b	455	1488	1954	436
METHOD_ENTRY	com.badlogic.gdx.utils.ByteArray#toString():String	b05f57fcdf0403117101	413	1377	1801	206
METHOD_EXIT	com.badlogic.gdx.utils.ByteArray#hashCode():int	1a8c4d3c22615d7a5f78	455	1425	1891	458
METHOD_EXIT	com.badlogic.gdx.utils.ByteArray#toString():String	84487aae0770581f4038	455	1451	1917	277
METHOD_ENTRY	com.badlogic.gdx.utils.ByteArray#toString(String):String	723c3eaf2aae33ca7cd3	413	1370	1794	253
METHOD_EXIT	com.badlogic.gdx.utils.ByteArray#toString(String):String	fd72770991151656f570	455	1447	1913	291
METHOD_ENTRY	com.badlogic.gdx.utils.ByteArray#with(byte):ByteArray	1b4af65900c5faa98862	413	1307	1731	102
METHOD_EXIT	com.badlogic.gdx.utils.ByteArray#with(byte):ByteArray	4bc851af3a4caff0e765	455	1385	1851	295
METHOD_EXIT	com.badlogic.gdx.utils.Json#setIgnoreUnknownFields(boolean):void	fe34b841226e4d60dcfc	455	3394	3860	210
METHOD_ENTRY	com.badlogic.gdx.utils.Json#setIgnoreUnknownFields(boolean):void	e8b01681abee6a486c00	413	3383	3807	81
METHOD_ENTRY	com.badlogic.gdx.utils.Json#getIgnoreUnknownFields():boolean	c1dc583c6de395b51787	413	3369	3793	44
METHOD_EXIT	com.badlogic.gdx.utils.Json#getIgnoreUnknownFields():boolean	8a08180f160efb0f6a80	455	3443	3909	131
METHOD_EXIT	com.badlogic.gdx.utils.Json#setReadDeprecated(boolean):void	849dc832bddb02f96792	455	3388	3854	125
METHOD_ENTRY	com.badlogic.gdx.utils.Json#setReadDeprecated(boolean):void	06ac11e59ecbd5168465	413	3377	3801	49
METHOD_EXIT	com.badlogic.gdx.utils.Json#setIgnoreDeprecated(boolean):void	94d0919d6d57df01f930	455	3388	3854	112
METHOD_ENTRY	com.badlogic.gdx.utils.Json#setIgnoreDeprecated(boolean):void	b965dc4cd8b6a78223fa	413	3377	3801	93
METHOD_ENTRY	com.badlogic.gdx.utils.Json#setOutputType(OutputType):void	7b6fc9d4884d17090135	413	3380	3804	143
METHOD_EXIT	com.badlogic.gdx.utils.Json#setQuoteLongValues(boolean):void	b96a0ad849d0fb2eab7c	455	3394	3860	116
METHOD_ENTRY	com.badlogic.gdx.utils.Json#setQuoteLongValues(boolean):void	c4212babb538fd113296	413	3383	3807	99
METHOD_EXIT	com.badlogic.gdx.utils.Json#setOutputType(OutputType):void	ef6ce0d0b3f7e05ff7b1	455	3391	3857	192
METHOD_ENTRY	com.badlogic.gdx.utils.Json#setEnumNames(boolean):void	610d149e921590dcc08e	413	3377	3801	153
METHOD_EXIT	com.badlogic.gdx.utils.Json#setEnumNames(boolean):void	8875fb4bb273f8bb70d7	455	3388	3854	120
METHOD_ENTRY	com.badlogic.gdx.utils.Json#addClassTag(String,Class):void	bd095262e52b5b5b0545	413	3396	3820	262
METHOD_ENTRY	com.badlogic.gdx.utils.Json#getClass(String):Class	bb73c979b26ccf9ddc12	413	3375	3799	290
METHOD_EXIT	com.badlogic.gdx.utils.Json#getClass(String):Class	6b4c6054c612536c67df	455	3452	3918	183
METHOD_EXIT	com.badlogic.gdx.utils.Json#addClassTag(String,Class):void	e6f2e74203bd78dd7013	455	3407	3873	249
METHOD_ENTRY	com.badlogic.gdx.utils.Json#setTypeName(String):void	6c0e68498c1817c93b51	413	3378	3802	188
METHOD_EXIT	com.badlogic.gdx.utils.Json#setTypeName(String):void	641bd6199c634693602e	455	3389	3855	236
METHOD_ENTRY	com.badlogic.gdx.utils.Json#setDefaultSerializer(Serializer):void	7058d29247c162381766	413	3379	3803	27
METHOD_EXIT	com.badlogic.gdx.utils.Json#setDefaultSerializer(Serializer):void	99868e7aaea580c0b546	455	3390	3856	253
METHOD_ENTRY	com.badlogic.gdx.utils.Json#getTag(Class):String	a56e7b38890993ab0fdf	413	3375	3799	242
METHOD_EXIT	com.badlogic.gdx.utils.Json#getTag(Class):String	fc392b26a0566ecdb660	455	3452	3918	247
METHOD_ENTRY	com.badlogic.gdx.utils.Json#setSerializer(Class<T>,Serializer<T>):void	cfd468e75a5ecb0057dc	413	3395	3819	209
METHOD_EXIT	com.badlogic.gdx.utils.Json#setSerializer(Class<T>,Serializer<T>):void	51ed3b34b0402dd2e6f9	455	3406	3872	174
METHOD_EXIT	com.badlogic.gdx.utils.Json#getSerializer(Class<T>):Serializer<T>	5ab5fb7ed388382a2198	455	3462	3928	232
METHOD_ENTRY	com.badlogic.gdx.utils.Json#getSerializer(Class<T>):Serializer<T>	de6d576f941b1996043f	413	3384	3808	316
METHOD_ENTRY	com.badlogic.gdx.utils.Json#setUsePrototypes(boolean):void	f845f0e6e0eb2bffced1	413	3383	3807	55
METHOD_EXIT	com.badlogic.gdx.utils.Json#setUsePrototypes(boolean):void	4211e168815f08358bb3	455	3394	3860	125
METHOD_ENTRY	com.badlogic.gdx.utils.Json#setElementType(Class,String,Class):void	957b83230931ab660da8	413	3442	3866	277
METHOD_ENTRY	com.badlogic.gdx.utils.Json#setDeprecated(Class,String,boolean):void	6e54d5765552d38f549f	413	3437	3861	184
METHOD_EXIT	com.badlogic.gdx.utils.Json#setElementType(Class,String,Class):void	5876b46e1b7b26102d1b	455	3453	3919	281
METHOD_ENTRY	com.badlogic.gdx.utils.Json#setSortFields(boolean):void	b9d4531aafd87433034f	413	3377	3801	54
METHOD_EXIT	com.badlogic.gdx.utils.Json#setSortFields(boolean):void	aa10a619cbe365e0f1d7	455	3388	3854	180
METHOD_EXIT	com.badlogic.gdx.utils.Json#setDeprecated(Class,String,boolean):void	cad874eed4c6ad86b721	455	3448	3914	307
METHOD_EXIT	com.badlogic.gdx.utils.Json#sortFields(Class,Array<String>):void	21149ef58270c00855ba	455	3403	3869	361
METHOD_ENTRY	com.badlogic.gdx.utils.Json#sortFields(Class,Array<String>):void	9dbb216b6f12ae8f9c07	413	3392	3816	308
METHOD_ENTRY	com.badlogic.gdx.utils.Json#getFields(Class):OrderedMap<String, FieldMetadata>	1963e9f660a00a2d1853	413	3657	4081	316
METHOD_EXIT	com.badlogic.gdx.utils.Json#getFields(Class):OrderedMap<String, FieldMetadata>	483a9679c60384660ed3	455	3739	4205	266
METHOD_ENTRY	com.badlogic.gdx.utils.Json#toJson(Object):String	6eedd46046a5402b8860	413	3387	3811	266
METHOD_ENTRY	com.badlogic.gdx.utils.Json#toJson(Object,Class):String	e0dae8ac9cdd97a07ba9	413	3394	3818	295
METHOD_EXIT	com.badlogic.gdx.utils.Json#toJson(Object):String	9c4c711097ff658adb5a	455	3464	3930	253
METHOD_EXIT	com.badlogic.gdx.utils.Json#toJson(Object,Class):String	5dfb0c55d9d7d292be0e	455	3471	3937	339
METHOD_ENTRY	com.badlogic.gdx.utils.Json#toJson(Object,Class,Class):String	e358a91838ab91298cd6	413	3423	3847	306
METHOD_EXIT	com.badlogic.gdx.utils.Json#toJson(Object,Class,Class):String	822abda333a44c995edc	455	3500	3966	316
METHOD_ENTRY	com.badlogic.gdx.utils.Json#toJson(Object,FileHandle):void	ed8b3251b35c48dcfa05	413	3399	3823	229
METHOD_EXIT	com.badlogic.gdx.utils.Json#toJson(Object,FileHandle):void	00250917b9aefc17501f	455	3410	3876	232
METHOD_ENTRY	com.badlogic.gdx.utils.Json#toJson(Object,Class,FileHandle):void	240469529ee3f1218727	413	3406	3830	282
METHOD_EXIT	com.badlogic.gdx.utils.Json#toJson(Object,Class,FileHandle):void	3ef6c0dcab3a7e4b3eb2	455	3417	3883	308
METHOD_ENTRY	com.badlogic.gdx.utils.Json#toJson(Object,Class,Class,FileHandle):void	ad8ac17ab332c1d4fcd1	413	3485	3909	295
METHOD_EXIT	com.badlogic.gdx.utils.Json#toJson(Object,Class,Class,FileHandle):void	34fdf5f9ca0255e3eeee	455	3496	3962	295
METHOD_ENTRY	com.badlogic.gdx.utils.Json#toJson(Object,Writer):void	d36c505dfd8fa0fa9430	413	3396	3820	281
METHOD_EXIT	com.badlogic.gdx.utils.Json#toJson(Object,Writer):void	fd2be1083039bf03d47c	455	3407	3873	160
METHOD_ENTRY	com.badlogic.gdx.utils.Json#toJson(Object,Class,Writer):void	b102c17ff92ef26c0140	413	3403	3827	270
METHOD_EXIT	com.badlogic.gdx.utils.Json#toJson(Object,Class,Writer):void	8c2c9cb73fbdb85f2826	455	3414	3880	222
METHOD_ENTRY	com.badlogic.gdx.utils.Json#toJson(Object,Class,Class,Writer):void	c602d6a25751b85858ea	413	3448	3872	231
METHOD_ENTRY	com.badlogic.gdx.utils.Json#setWriter(Writer):void	4ccad24e5438f667e400	413	3412	3836	202
METHOD_EXIT	com.badlogic.gdx.utils.Json#toJson(Object,Class,Class,Writer):void	47b239e35327a519e601	455	3459	3925	326
METHOD_ENTRY	com.badlogic.gdx.utils.Json#getWriter():JsonWriter	7fb3207091daeb4cbf86	413	3365	3789	226
METHOD_EXIT	com.badlogic.gdx.utils.Json#setWriter(Writer):void	9fa36518b6a13a959bf1	455	3423	3889	325
METHOD_EXIT	com.badlogic.gdx.utils.Json#setReader(JsonReader):void	05bddf252922cc47fae8	455	3385	3851	120
METHOD_EXIT	com.badlogic.gdx.utils.Json#getWriter():JsonWriter	82aba9c8ed48196a79b1	455	3440	3906	219
METHOD_ENTRY	com.badlogic.gdx.utils.Json#setReader(JsonReader):void	5af91784d07f1c17fc0a	413	3374	3798	94
METHOD_ENTRY	com.badlogic.gdx.utils.Json#getReader():JsonReader	92a166d8b9d161e1d288	413	3365	3789	219
METHOD_ENTRY	com.badlogic.gdx.utils.Json#writeFields(Object):void	a4a2815a294780049b5b	413	3769	4193	274
METHOD_EXIT	com.badlogic.gdx.utils.Json#getReader():JsonReader	b9ba5c9e1fd2d93a500a	455	3440	3906	164
METHOD_EXIT	com.badlogic.gdx.utils.Json#writeFields(Object):void	d9347e5fe73e5fc6349a	455	3780	4246	289
METHOD_ENTRY	com.badlogic.gdx.utils.Json#getDefaultValues(Class):Object[]	e5014762526f50515e50	413	3683	4107	230
METHOD_ENTRY	com.badlogic.gdx.utils.Json#writeField(Object,String):void	11d25d171d1ca508e85f	413	3386	3810	176
METHOD_EXIT	com.badlogic.gdx.utils.Json#getDefaultValues(Class):Object[]	4af79c7fbea55bc6e2e2	455	3760	4226	352
METHOD_EXIT	com.badlogic.gdx.utils.Json#writeField(Object,String):void	357e2a9faa335665cc18	455	3397	3863	325
METHOD_ENTRY	com.badlogic.gdx.utils.Json#writeField(Object,String,Class):void	634bcc82c77867c193f4	413	3401	3825	222
METHOD_ENTRY	com.badlogic.gdx.utils.Json#writeField(Object,String,String):void	7434a747c126f9192905	413	3401	3825	262
METHOD_EXIT	com.badlogic.gdx.utils.Json#writeField(Object,String,Class):void	5e0a66fdca5d400c1193	455	3412	3878	313
METHOD_EXIT	com.badlogic.gdx.utils.Json#writeField(Object,String,String):void	d58a66a4460b3835f66e	455	3412	3878	334
METHOD_ENTRY	com.badlogic.gdx.utils.Json#writeField(Object,String,String,Class):void	313f1b79b70be37cd9ac	413	3638	4062	271
METHOD_ENTRY	com.badlogic.gdx.utils.Json#writeValue(String,Object):void	9e4a951ac5e1299dfe7d	413	3434	3858	227
METHOD_EXIT	com.badlogic.gdx.utils.Json#writeValue(String,Object):void	76bc18e4b1459c2d365d	455	3445	3911	246
METHOD_EXIT	com.badlogic.gdx.utils.Json#writeField(Object,String,String,Class):void	87ab11ab160bc0313ce7	455	3649	4115	339
METHOD_ENTRY	com.badlogic.gdx.utils.Json#writeValue(String,Object,Class):void	fe0f806e2ccffc0240e5	413	3428	3852	366
METHOD_EXIT	com.badlogic.gdx.utils.Json#writeValue(String,Object,Class,Class):void	6f56a61699144213c7ea	455	3454	3920	327
METHOD_EXIT	com.badlogic.gdx.utils.Json#writeValue(String,Object,Class):void	71419fdb6edb64d1c380	455	3439	3905	300
METHOD_ENTRY	com.badlogic.gdx.utils.Json#writeValue(String,Object,Class,Class):void	2fb0c5fa4cb2e49166b6	413	3443	3867	340
METHOD_ENTRY	com.badlogic.gdx.utils.Json#writeValue(Object,Class):void	04005eb4d1e098ae8e1c	413	3391	3815	351
METHOD_EXIT	com.badlogic.gdx.utils.Json#writeValue(Object):void	d24fea7f49f73b900792	455	3408	3874	287
METHOD_EXIT	com.badlogic.gdx.utils.Json#writeValue(Object,Class):void	7dc784b1f8114a0ba9e3	455	3402	3868	326
METHOD_ENTRY	com.badlogic.gdx.utils.Json#writeValue(Object):void	940596f96f902f6754ef	413	3397	3821	322
METHOD_ENTRY	com.badlogic.gdx.utils.Json#writeValue(Object,Class,Class):void	4e791f6ea527dce502c2	413	5133	5557	379
METHOD_EXIT	com.badlogic.gdx.utils.Json#writeObjectStart(String):void	26612aaf9a1e12d4f0e5	455	3411	3877	256
METHOD_ENTRY	com.badlogic.gdx.utils.Json#writeObjectStart(String):void	943f1994fddba38ff15f	413	3400	3824	316
METHOD_EXIT	com.badlogic.gdx.utils.Json#writeValue(Object,Class,Class):void	a9a5fbb9edddc4aed254	455	5144	5610	324
METHOD_EXIT	com.badlogic.gdx.utils.Json#writeObjectStart(String,Class,Class):void	8b6b7638adab9ea7d6c2	455	3442	3908	315
METHOD_ENTRY	com.badlogic.gdx.utils.Json#writeObjectStart(String,Class,Class):void	7b83c3c4e0331902eefb	413	3431	3855	242
METHOD_ENTRY	com.badlogic.gdx.utils.Json#writeObjectStart():void	54dcf445560024ef3de0	413	3388	3812	188
METHOD_EXIT	com.badlogic.gdx.utils.Json#writeObjectStart():void	030b276ffa3df8f84c3a	455	3399	3865	287
METHOD_ENTRY	com.badlogic.gdx.utils.Json#writeObjectStart(Class,Class):void	56a72e6b83bd7f1cafef	413	3429	3853	273
METHOD_EXIT	com.badlogic.gdx.utils.Json#writeObjectEnd():void	8cc5afe53e0a620753a0	455	3399	3865	246
METHOD_EXIT	com.badlogic.gdx.utils.Json#writeObjectStart(Class,Class):void	e6538dc1eaac88497c44	455	3440	3906	263
METHOD_ENTRY	com.badlogic.gdx.utils.Json#writeObjectEnd():void	cddad4c690859eac9146	413	3388	3812	241
METHOD_ENTRY	com.badlogic.gdx.utils.Json#writeArrayStart(String):void	53b8e862d371f3fcad4d	413	3399	3823	303
METHOD_EXIT	com.badlogic.gdx.utils.Json#writeArrayStart(String):void	a095e045c3b4adae54bb	455	3410	3876	142
METHOD_ENTRY	com.badlogic.gdx.utils.Json#writeArrayStart():void	677ce408cebe5d862559	413	3388	3812	39
METHOD_ENTRY	com.badlogic.gdx.utils.Json#writeArrayEnd():void	7f2be58a8818c3e0501f	413	3388	3812	59
METHOD_EXIT	com.badlogic.gdx.utils.Json#writeArrayStart():void	bbac3587f77014451b59	455	3399	3865	209
METHOD_EXIT	com.badlogic.gdx.utils.Json#writeArrayEnd():void	fb050f16607cd2d555b3	455	3399	3865	211
METHOD_ENTRY	com.badlogic.gdx.utils.Json#writeType(Class):void	120d02dc82969736629f	413	3449	3873	290
METHOD_EXIT	com.badlogic.gdx.utils.Json#writeType(Class):void	1d796f5cf8c8d9a3acd5	455	3460	3926	331
METHOD_ENTRY	com.badlogic.gdx.utils.Json#fromJson(Class<T>,Reader):T	c2a06815dd7d2d940219	413	3397	3821	274
METHOD_EXIT	com.badlogic.gdx.utils.Json#fromJson(Class<T>,Reader):T	020bf5a6f8f4272ceb68	455	3474	3940	324
METHOD_ENTRY	com.badlogic.gdx.utils.Json#fromJson(Class<T>,Class,Reader):T	cfcfb8d325d4ffac98cc	413	3410	3834	236
METHOD_EXIT	com.badlogic.gdx.utils.Json#fromJson(Class<T>,Class,Reader):T	f10ad043fd15b41ee229	455	3487	3953	272
METHOD_EXIT	com.badlogic.gdx.utils.Json#fromJson(Class<T>,InputStream):T	9deb50f3f34020897e1b	455	3477	3943	248
METHOD_ENTRY	com.badlogic.gdx.utils.Json#fromJson(Class<T>,Class,InputStream):T	0224e6b2214503c8e49a	413	3413	3837	256
METHOD_EXIT	com.badlogic.gdx.utils.Json#fromJson(Class<T>,Class,InputStream):T	beb3fbf242d4431b7a9e	455	3490	3956	288
METHOD_ENTRY	com.badlogic.gdx.utils.Json#fromJson(Class<T>,InputStream):T	b48d8f7ddfecc64663b1	413	3400	3824	233
METHOD_ENTRY	com.badlogic.gdx.utils.Json#fromJson(Class<T>,FileHandle):T	90b7745e13cdfe62dbeb	413	3431	3855	234
METHOD_EXIT	com.badlogic.gdx.utils.Json#fromJson(Class<T>,FileHandle):T	b2aca2db4f7a65e2e462	455	3508	3974	302
METHOD_ENTRY	com.badlogic.gdx.utils.Json#fromJson(Class<T>,Class,FileHandle):T	3c794230826f294ea102	413	3444	3868	211
METHOD_EXIT	com.badlogic.gdx.utils.Json#fromJson(Class<T>,Class,FileHandle):T	940b55b12e51a7dc6030	455	3521	3987	306
METHOD_ENTRY	com.badlogic.gdx.utils.Json#fromJson(Class<T>,char[],int,int):T	82a7c5c7ec5acdc464fe	413	3421	3845	243
METHOD_ENTRY	com.badlogic.gdx.utils.Json#fromJson(Class<T>,Class,char[],int,int):T	76da178fd8a6caa7c8dd	413	3433	3857	212
METHOD_EXIT	com.badlogic.gdx.utils.Json#fromJson(Class<T>,char[],int,int):T	47656e53835e721ce0c0	455	3498	3964	253
METHOD_EXIT	com.badlogic.gdx.utils.Json#fromJson(Class<T>,Class,char[],int,int):T	f439dfbe5471637ea648	455	3510	3976	233
METHOD_ENTRY	com.badlogic.gdx.utils.Json#fromJson(Class<T>,String):T	ae8df96c5ceb2a383fef	413	3397	3821	250
METHOD_EXIT	com.badlogic.gdx.utils.Json#fromJson(Class<T>,String):T	fe02f8e3d540aab19c64	455	3474	3940	257
METHOD_EXIT	com.badlogic.gdx.utils.Json#fromJson(Class<T>,Class,String):T	a6ce6850f66d32224eaa	455	3486	3952	301
METHOD_ENTRY	com.badlogic.gdx.utils.Json#fromJson(Class<T>,Class,String):T	8db13613f8e8e8597a20	413	3409	3833	191
METHOD_ENTRY	com.badlogic.gdx.utils.Json#readField(Object,String,JsonValue):void	be9da05b8b829f1d3519	413	3404	3828	243
METHOD_ENTRY	com.badlogic.gdx.utils.Json#readField(Object,String,Class,JsonValue):void	bc5ec44fd92b43ba898c	413	3419	3843	241
METHOD_EXIT	com.badlogic.gdx.utils.Json#readField(Object,String,JsonValue):void	ed5b661a6bdb4d5c913c	455	3415	3881	282
METHOD_EXIT	com.badlogic.gdx.utils.Json#readField(Object,String,Class,JsonValue):void	c5c6bfc4aa83d8c3ca71	455	3430	3896	238
METHOD_ENTRY	com.badlogic.gdx.utils.Json#readField(Object,String,String,JsonValue):void	04b927012158df7a634e	413	3419	3843	219
METHOD_ENTRY	com.badlogic.gdx.utils.Json#readField(Object,String,String,Class,JsonValue):void	be96a2e9f9b879581bc5	413	3506	3930	285
METHOD_EXIT	com.badlogic.gdx.utils.Json#readField(Object,String,String,JsonValue):void	6680572b52e63d1c14b3	455	3430	3896	265
METHOD_EXIT	com.badlogic.gdx.utils.Json#readField(Object,String,String,Class,JsonValue):void	eb692b1274d2978082ed	455	3517	3983	348
METHOD_ENTRY	com.badlogic.gdx.utils.Json#readField(Object,Field,String,Class,JsonValue):void	164c65e4a3871ef78e09	413	3604	4028	255
METHOD_ENTRY	com.badlogic.gdx.utils.Json#readFields(Object,JsonValue):void	1f06a8afc87f929961bc	413	3735	4159	251
METHOD_EXIT	com.badlogic.gdx.utils.Json#readField(Object,Field,String,Class,JsonValue):void	40fdc6080e3dfd0830e2	455	3615	4081	343
METHOD_EXIT	com.badlogic.gdx.utils.Json#readFields(Object,JsonValue):void	0d2442d9968d5564ed7a	455	3746	4212	207
METHOD_ENTRY	com.badlogic.gdx.utils.Json#ignoreUnknownField(Class,String):boolean	43e9bb1224a78499f1f0	413	3383	3807	203
METHOD_EXIT	com.badlogic.gdx.utils.Json#ignoreUnknownField(Class,String):boolean	4a57de886ecd517e1fe6	455	3460	3926	53
METHOD_ENTRY	com.badlogic.gdx.utils.Json#readValue(String,Class<T>,JsonValue):T	c591121b2c224d69a1e2	413	3415	3839	296
METHOD_ENTRY	com.badlogic.gdx.utils.Json#readValue(String,Class<T>,T,JsonValue):T	a8a2969af69e1e90f90d	413	3448	3872	348
METHOD_EXIT	com.badlogic.gdx.utils.Json#readValue(String,Class<T>,JsonValue):T	284c99d3d1c2b333e0ba	455	3492	3958	335
METHOD_EXIT	com.badlogic.gdx.utils.Json#readValue(String,Class<T>,T,JsonValue):T	a222e70fa515e239ef7a	455	3525	3991	338
METHOD_ENTRY	com.badlogic.gdx.utils.Json#readValue(String,Class<T>,Class,JsonValue):T	9c92d13be7ef731a9721	413	3430	3854	226
METHOD_ENTRY	com.badlogic.gdx.utils.Json#readValue(String,Class<T>,Class,T,JsonValue):T	cabc79baa275704ab1c0	413	3453	3877	216
METHOD_EXIT	com.badlogic.gdx.utils.Json#readValue(String,Class<T>,Class,JsonValue):T	50423ed4e2a28b31c3de	455	3507	3973	296
METHOD_ENTRY	com.badlogic.gdx.utils.Json#readValue(Class<T>,Class,T,JsonValue):T	a449c73fdbd6c03e6522	413	3440	3864	240
METHOD_ENTRY	com.badlogic.gdx.utils.Json#readValue(Class<T>,JsonValue):T	80794d0b9c2953f4ec37	413	3402	3826	319
METHOD_EXIT	com.badlogic.gdx.utils.Json#readValue(String,Class<T>,Class,T,JsonValue):T	21c15b3a305c7f41c1be	455	3530	3996	382
METHOD_EXIT	com.badlogic.gdx.utils.Json#readValue(Class<T>,Class,T,JsonValue):T	c39a7e8cff51c042c9b8	455	3517	3983	268
METHOD_EXIT	com.badlogic.gdx.utils.Json#readValue(Class<T>,JsonValue):T	ff1abc4ee76b306a8936	455	3479	3945	315
METHOD_ENTRY	com.badlogic.gdx.utils.Json#readValue(Class<T>,Class,JsonValue):T	e843d5a49bf68eb4f761	413	5573	5997	269
METHOD_ENTRY	com.badlogic.gdx.utils.Json#copyFields(Object,Object):void	c909af18724cc64e2183	413	3508	3932	287
METHOD_EXIT	com.badlogic.gdx.utils.Json#readValue(Class<T>,Class,JsonValue):T	4e6078c809bc450f6f78	455	5650	6116	396
METHOD_EXIT	com.badlogic.gdx.utils.Json#copyFields(Object,Object):void	d44479fe5762802b56cf	455	3519	3985	353
METHOD_ENTRY	com.badlogic.gdx.utils.Json#convertToString(Enum):String	0b12926c2f9d9d446e07	413	3381	3805	190
METHOD_ENTRY	com.badlogic.gdx.utils.Json#newInstance(Class):Object	d548b498f00bfb2a32f2	413	3631	4055	179
METHOD_EXIT	com.badlogic.gdx.utils.Json#convertToString(Object):String	4973825065151c517603	455	3482	3948	308
METHOD_EXIT	com.badlogic.gdx.utils.Json#newInstance(Class):Object	7b8a714e91b789f80422	455	3708	4174	291
METHOD_ENTRY	com.badlogic.gdx.utils.Json#prettyPrint(Object):String	22e5a5072bd8f8775770	413	3376	3800	313
METHOD_EXIT	com.badlogic.gdx.utils.Json#prettyPrint(Object):String	d2afd0fbe08de247a912	455	3453	3919	234
METHOD_EXIT	com.badlogic.gdx.utils.Json#convertToString(Enum):String	4b1e83889fb7c7a68420	455	3458	3924	234
METHOD_ENTRY	com.badlogic.gdx.utils.Json#prettyPrint(String):String	f8d8ac51a76ba766ab6c	413	3375	3799	319
METHOD_ENTRY	com.badlogic.gdx.utils.Json#convertToString(Object):String	269155837524a3995648	413	3405	3829	371
METHOD_EXIT	com.badlogic.gdx.utils.Json#prettyPrint(String):String	4552d04b7d2225badba9	455	3452	3918	238
METHOD_ENTRY	com.badlogic.gdx.utils.Json#prettyPrint(Object,int):String	68c61d3a0f76d3199b9d	413	3392	3816	285
METHOD_EXIT	com.badlogic.gdx.utils.Json#prettyPrint(Object,int):String	b043a945d3b822e775d6	455	3469	3935	257
METHOD_ENTRY	com.badlogic.gdx.utils.Json#prettyPrint(String,int):String	5e2ac978c8d18c82e058	413	3395	3819	245
METHOD_EXIT	com.badlogic.gdx.utils.Json#prettyPrint(String,int):String	951104db7673284cc89f	455	3472	3938	268
METHOD_EXIT	com.badlogic.gdx.utils.Json#prettyPrint(Object,PrettyPrintSettings):String	3b773d1fedd7fdc3f26c	455	3470	3936	299
METHOD_ENTRY	com.badlogic.gdx.utils.SerializationException#causedBy(Class):boolean	5d13c417dfa4aa16ef12	413	529	953	86
METHOD_ENTRY	com.badlogic.gdx.utils.Json#write(Json,T,Class):void	b22055b2819f5d0c0435	413	3386	3810	238
METHOD_EXIT	com.badlogic.gdx.utils.Json#prettyPrint(String,PrettyPrintSettings):String	2bdd7fdb271e9d2f6d84	455	3470	3936	262
METHOD_EXIT	com.badlogic.gdx.utils.SerializationException#causedBy(Class):boolean	b8f92f358805887ffde3	455	606	1072	329
METHOD_ENTRY	com.badlogic.gdx.utils.SerializationException#causedBy(Throwable,Class):boolean	588afba6dffa258ceb35	413	578	1002	260
METHOD_EXIT	com.badlogic.gdx.utils.SerializationException#causedBy(Throwable,Class):boolean	e4fecce96458291cf3f2	455	655	1121	337
METHOD_ENTRY	com.badlogic.gdx.utils.SerializationException#getMessage():String	f448764b5fce23c391b0	413	576	1000	254
METHOD_ENTRY	com.badlogic.gdx.utils.SerializationException#addTrace(String):void	25e31834d4aadb36a4d4	413	564	988	286
METHOD_EXIT	com.badlogic.gdx.utils.SerializationException#getMessage():String	61dfa74c3c73d92de268	455	650	1116	323
METHOD_EXIT	com.badlogic.gdx.utils.SerializationException#addTrace(String):void	9478f9d16a9473966e88	455	575	1041	222
METHOD_EXIT	com.badlogic.gdx.utils.Json#write(Json,T,Class):void	4fe0bfeb83ec7c70daf4	455	3397	3863	240
METHOD_ENTRY	com.badlogic.gdx.utils.ReadOnlySerializer#write(Json,T,Class):void	9ee9b6d1d219717e4cfb	413	402	826	214
METHOD_EXIT	com.badlogic.gdx.utils.ReadOnlySerializer#write(Json,T,Class):void	1d119aa74fae9472bbbf	455	413	879	292
METHOD_ENTRY	com.badlogic.gdx.utils.IntMap#place(int):int	348abe29e8154f19c136	413	1823	2247	244
METHOD_EXIT	com.badlogic.gdx.utils.IntMap#place(int):int	81b399dbd0eae3dc82da	455	1900	2366	286
METHOD_ENTRY	com.badlogic.gdx.utils.IntMap#locateKey(int):int	4d3597a6bb5719eb336e	413	1878	2302	265
METHOD_EXIT	com.badlogic.gdx.utils.IntMap#locateKey(int):int	4b5a83d8b40a1c5d6434	455	1955	2421	365
METHOD_ENTRY	com.badlogic.gdx.utils.Json#prettyPrint(String,PrettyPrintSettings):String	20aa141e38e2ed0f7fc8	413	3393	3817	239
METHOD_ENTRY	com.badlogic.gdx.utils.Json#prettyPrint(Object,PrettyPrintSettings):String	7f5ab68fc97e07599e73	413	3393	3817	249
METHOD_ENTRY	com.badlogic.gdx.utils.IntMap#put(int,V):V	25f4e9f4cd07dac76c3d	413	1961	2385	289
METHOD_EXIT	com.badlogic.gdx.utils.IntMap#put(int,V):V	0b9ee7aad1046b06aa48	455	2038	2504	330
METHOD_ENTRY	com.badlogic.gdx.utils.IntMap#putAll(IntMap<? extends V>):void	aa54c782d88c3983d47c	413	1903	2327	196
METHOD_EXIT	com.badlogic.gdx.utils.IntMap#putAll(IntMap<? extends V>):void	9daddfcc4ebe5d6118e9	455	1914	2380	307
METHOD_ENTRY	com.badlogic.gdx.utils.IntMap#putResize(int,V):void	c356f8575bfa0c43120e	413	1879	2303	268
METHOD_EXIT	com.badlogic.gdx.utils.IntMap#putResize(int,V):void	931e72887fa6c04747bc	455	1890	2356	343
METHOD_EXIT	com.badlogic.gdx.utils.IntMap#get(int,V):V	f355d40eae6ce8d77081	455	1928	2394	388
METHOD_ENTRY	com.badlogic.gdx.utils.IntMap#get(int,V):V	f959b81b3299669a30f9	413	1851	2275	250
METHOD_EXIT	com.badlogic.gdx.utils.IntMap#remove(int):V	afa03f5892a5ff3bde4f	455	2095	2561	285
METHOD_ENTRY	com.badlogic.gdx.utils.IntMap#remove(int):V	6f815fe21b3a1be02881	413	2018	2442	290
METHOD_ENTRY	com.badlogic.gdx.utils.IntMap#notEmpty():boolean	21b3c453c7a7c2f3e26c	413	1800	2224	224
METHOD_EXIT	com.badlogic.gdx.utils.IntMap#notEmpty():boolean	4fa9076f049d3816c697	455	1874	2340	241
METHOD_EXIT	com.badlogic.gdx.utils.IntMap#get(int):V	46dff00826de96482ec5	455	1913	2379	285
METHOD_ENTRY	com.badlogic.gdx.utils.IntMap#isEmpty():boolean	3fd3ff324a2d41fd19b8	413	1800	2224	256
METHOD_ENTRY	com.badlogic.gdx.utils.IntMap#get(int):V	bfa0b1a14d919340e6cd	413	1836	2260	326
METHOD_EXIT	com.badlogic.gdx.utils.IntMap#isEmpty():boolean	c330d0f60faa82560ef2	455	1874	2340	177
METHOD_EXIT	com.badlogic.gdx.utils.IntMap#shrink(int):void	0f7580dde1dc353c55d5	455	1867	2333	165
METHOD_ENTRY	com.badlogic.gdx.utils.IntMap#shrink(int):void	063419d9e89c478eaa11	413	1856	2280	342
METHOD_ENTRY	com.badlogic.gdx.utils.IntMap#clear(int):void	481a8dd4a74d8729e8d5	413	1859	2283	141
METHOD_EXIT	com.badlogic.gdx.utils.IntMap#clear(int):void	0e34c6ad9a796ace2b52	455	1870	2336	201
METHOD_EXIT	com.badlogic.gdx.utils.IntMap#clear():void	eb3be8b22657710faee7	455	1849	2315	231
METHOD_ENTRY	com.badlogic.gdx.utils.IntMap#containsKey(int):boolean	acac32aabb0131d78676	413	1822	2246	54
METHOD_EXIT	com.badlogic.gdx.utils.IntMap#containsValue(Object,boolean):boolean	a4422d398d94621a892e	455	2084	2550	393
METHOD_EXIT	com.badlogic.gdx.utils.IntMap#containsKey(int):boolean	464a5b0d2665a0cca4a5	455	1899	2365	323
METHOD_ENTRY	com.badlogic.gdx.utils.IntMap#findKey(Object,boolean,int):int	e18deabd81784810841a	413	2028	2452	266
METHOD_EXIT	com.badlogic.gdx.utils.IntMap#findKey(Object,boolean,int):int	c439cd60c542b48a1532	455	2105	2571	374
METHOD_ENTRY	com.badlogic.gdx.utils.IntMap#clear():void	a037febb832ddb191b3f	413	1838	2262	263
METHOD_ENTRY	com.badlogic.gdx.utils.IntMap#containsValue(Object,boolean):boolean	1498128f1ef29fc3bf06	413	2007	2431	303
METHOD_ENTRY	com.badlogic.gdx.utils.IntMap#ensureCapacity(int):void	ddec65cf28945e33dd31	413	1830	2254	217
METHOD_EXIT	com.badlogic.gdx.utils.IntMap#ensureCapacity(int):void	548ccb8887940f232267	455	1841	2307	291
METHOD_EXIT	com.badlogic.gdx.utils.IntMap#resize(int):void	87036aadb1d739bbf52b	455	1951	2417	309
METHOD_ENTRY	com.badlogic.gdx.utils.IntMap#hashCode():int	ef1213f143b0b6c682be	413	1916	2340	252
METHOD_ENTRY	com.badlogic.gdx.utils.IntMap#resize(int):void	c70617bd46557268f5bb	413	1940	2364	292
METHOD_EXIT	com.badlogic.gdx.utils.IntMap#hashCode():int	171a8fd4f21ca353944d	455	1990	2456	380
METHOD_ENTRY	com.badlogic.gdx.utils.IntMap#equalsIdentity(Object):boolean	e1e7c305ba8097b8609b	413	1956	2380	250
METHOD_EXIT	com.badlogic.gdx.utils.IntMap#equalsIdentity(Object):boolean	23a5e6ecd8d0afc9dabb	455	2033	2499	328
METHOD_ENTRY	com.badlogic.gdx.utils.IntMap#toString():String	ac360b67f813bf523109	413	1998	2422	306
METHOD_EXIT	com.badlogic.gdx.utils.IntMap#toString():String	2183817dfe8413be29fc	455	2072	2538	267
METHOD_EXIT	com.badlogic.gdx.utils.IntMap#iterator():Iterator<Entry<V>>	29ab67d8319a0dc65805	455	1877	2343	276
METHOD_EXIT	com.badlogic.gdx.utils.IntMap#equals(Object):boolean	4a9375f4ccf94475e4d2	455	2108	2574	405
METHOD_ENTRY	com.badlogic.gdx.utils.IntMap#iterator():Iterator<Entry<V>>	7f2c41e41373dfbaa676	413	1801	2225	267
METHOD_ENTRY	com.badlogic.gdx.utils.IntMap#equals(Object):boolean	3de1dd66fcdcc761142c	413	2031	2455	315
METHOD_ENTRY	com.badlogic.gdx.utils.IntMap#entries():Entries<V>	9f142e413efae6b5029e	413	1903	2327	216
METHOD_EXIT	com.badlogic.gdx.utils.IntMap#entries():Entries<V>	29b6818765c390369bd6	455	1978	2444	233
METHOD_ENTRY	com.badlogic.gdx.utils.IntMap#values():Values<V>	ff8b18902b443bb99938	413	1895	2319	303
METHOD_EXIT	com.badlogic.gdx.utils.IntMap#values():Values<V>	eefef706046e0bcfcc56	455	1970	2436	310
METHOD_ENTRY	com.badlogic.gdx.utils.IntMap#keys():Keys	7ed025c9bda9a24e4df6	413	1891	2315	250
METHOD_ENTRY	com.badlogic.gdx.utils.IntMap#reset():void	ee6f1fca39757ffedc68	413	1829	2253	133
METHOD_ENTRY	com.badlogic.gdx.utils.IntMap#toString():String	ac360b67f813bf523109	413	1998	2422	306
METHOD_EXIT	com.badlogic.gdx.utils.IntMap#toString():String	2183817dfe8413be29fc	455	2072	2538	267
METHOD_ENTRY	com.badlogic.gdx.utils.IntMap#findNextIndex():void	587eeed6f496fb9ec2f5	413	1856	2280	243
METHOD_EXIT	com.badlogic.gdx.utils.IntMap#reset():void	df88d09ec49dbac010b5	455	1840	2306	255
METHOD_ENTRY	com.badlogic.gdx.utils.IntMap#remove():void	6270ac44119b9d2d37b8	413	2020	2444	241
METHOD_EXIT	com.badlogic.gdx.utils.IntMap#findNextIndex():void	217225f4e651fba5b433	455	1867	2333	311
METHOD_EXIT	com.badlogic.gdx.utils.IntMap#keys():Keys	0420824fc31849709a0e	455	1965	2431	318
METHOD_EXIT	com.badlogic.gdx.utils.IntMap#remove():void	947b1be52550bb03ab1e	455	2031	2497	251
METHOD_ENTRY	com.badlogic.gdx.utils.IntMap#next():Entry<V>	3c0f0a9d8f2f070c318f	413	1906	2330	285
METHOD_EXIT	com.badlogic.gdx.utils.IntMap#hasNext():boolean	1716cf7711a1923deac5	455	1892	2358	94
METHOD_ENTRY	com.badlogic.gdx.utils.IntMap#hasNext():boolean	955b21db30010a4fc42f	413	1818	2242	230
METHOD_ENTRY	com.badlogic.gdx.utils.IntMap#iterator():Iterator<Entry<V>>	7f2c41e41373dfbaa676	413	1801	2225	267
METHOD_EXIT	com.badlogic.gdx.utils.IntMap#iterator():Iterator<Entry<V>>	29ab67d8319a0dc65805	455	1877	2343	276
METHOD_EXIT	com.badlogic.gdx.utils.IntMap#hasNext():boolean	1716cf7711a1923deac5	455	1892	2358	94
METHOD_ENTRY	com.badlogic.gdx.utils.IntMap#iterator():Iterator<V>	3dcba6b0e48e93f3f4a5	413	1800	2224	325
METHOD_EXIT	com.badlogic.gdx.utils.IntMap#next():V	066415ce88fddc3e86b5	455	1948	2414	391
METHOD_EXIT	com.badlogic.gdx.utils.IntMap#next():Entry<V>	deb10c8dfb1c96470c12	455	1981	2447	336
METHOD_ENTRY	com.badlogic.gdx.utils.IntMap#hasNext():boolean	955b21db30010a4fc42f	413	1818	2242	230
METHOD_EXIT	com.badlogic.gdx.utils.IntMap#iterator():Iterator<V>	660f4f186abe13c368b4	455	1875	2341	110
METHOD_ENTRY	com.badlogic.gdx.utils.IntMap#next():V	48b51a7270991b86d071	413	1874	2298	290
METHOD_ENTRY	com.badlogic.gdx.utils.IntMap#toArray():Array<V>	8d8058e409907d4d6d1d	413	1824	2248	306
METHOD_EXIT	com.badlogic.gdx.utils.IntMap#toArray():Array<V>	b9dc40c4d2000042dbcb	455	1899	2365	249
METHOD_ENTRY	com.badlogic.gdx.utils.IntMap#next():int	0c63da29fb576ce437ff	413	1859	2283	285
METHOD_EXIT	com.badlogic.gdx.utils.IntMap#next():int	0f1ddcd5e6a598152a32	455	1933	2399	304
METHOD_ENTRY	com.badlogic.gdx.utils.IntMap#toArray():IntArray	b1caf8686d33bc8141fa	413	1824	2248	285
METHOD_ENTRY	com.badlogic.gdx.utils.Entry#toString():String	497a3cd630deedacdabe	413	579	1003	235
METHOD_EXIT	com.badlogic.gdx.utils.IntMap#toArray():IntArray	aa155f3e8bd0cff9fe4e	455	1899	2365	284
METHOD_ENTRY	com.badlogic.gdx.utils.IntMap#toArray(IntArray):IntArray	fa0534ef010fb88b8436	413	1820	2244	190
METHOD_EXIT	com.badlogic.gdx.utils.IntMap#toArray(IntArray):IntArray	e170361c79967393be9b	455	1898	2364	293
METHOD_EXIT	com.badlogic.gdx.utils.Entry#toString():String	1b6bff9b3b190788ecb0	455	653	1119	350
METHOD_EXIT	com.badlogic.gdx.utils.MapIterator#reset():void	2e7b94150607e5816dc6	455	422	888	206
METHOD_ENTRY	com.badlogic.gdx.utils.MapIterator#reset():void	cacb9ece3e8666c9236a	413	411	835	308
METHOD_ENTRY	com.badlogic.gdx.utils.MapIterator#findNextIndex():void	6f71aa1af8ff7843e18d	413	438	862	135
METHOD_ENTRY	com.badlogic.gdx.utils.MapIterator#remove():void	88879412e99d43a5d4fa	413	602	1026	279
METHOD_EXIT	com.badlogic.gdx.utils.MapIterator#findNextIndex():void	be7920a1d93522a58eae	455	449	915	280
METHOD_EXIT	com.badlogic.gdx.utils.MapIterator#remove():void	884dd33d49c44954ab30	455	613	1079	280
METHOD_EXIT	com.badlogic.gdx.utils.Entries#next():Entry<V>	a2d657193e1b44a9ef0b	455	563	1029	396
METHOD_ENTRY	com.badlogic.gdx.utils.Entries#hasNext():boolean	f8379590b9bc167d4dbb	413	400	824	145
METHOD_EXIT	com.badlogic.gdx.utils.Entries#hasNext():boolean	51d8833918c042716129	455	474	940	140
METHOD_EXIT	com.badlogic.gdx.utils.Entries#iterator():Iterator<Entry<V>>	7a671f019ec6b7a529bb	455	459	925	116
METHOD_ENTRY	com.badlogic.gdx.utils.Values#hasNext():boolean	599be60232ea0cf859da	413	399	823	259
METHOD_EXIT	com.badlogic.gdx.utils.Values#hasNext():boolean	96aff0b5e6f9e0a06f76	455	473	939	174
METHOD_ENTRY	com.badlogic.gdx.utils.Entries#next():Entry<V>	bb7bedaefcd77889e476	413	488	912	308
METHOD_ENTRY	com.badlogic.gdx.utils.Values#next():V	0746ea6fda01f3140630	413	455	879	230
METHOD_ENTRY	com.badlogic.gdx.utils.Values#iterator():Iterator<V>	47c8c82a1aeb55ffd928	413	381	805	60
METHOD_EXIT	com.badlogic.gdx.utils.Values#next():V	6f3e2873980504c6a3dd	455	529	995	332
METHOD_EXIT	com.badlogic.gdx.utils.Values#iterator():Iterator<V>	7d4f2401c005f13d9b94	455	456	922	55
METHOD_ENTRY	com.badlogic.gdx.utils.Values#toArray():Array<V>	b4e6b349f3a0be04204b	413	405	829	243
METHOD_EXIT	com.badlogic.gdx.utils.Values#toArray():Array<V>	ec67c0d7bdae5f4e1c5d	455	480	946	190
METHOD_ENTRY	com.badlogic.gdx.utils.Keys#next():int	e6913284d42cc6a75302	413	440	864	282
METHOD_ENTRY	com.badlogic.gdx.utils.Keys#toArray():IntArray	e62f05c0a4dc72639185	413	405	829	245
METHOD_EXIT	com.badlogic.gdx.utils.Keys#next():int	cfcf794a7ca332f4de38	455	514	980	289
METHOD_ENTRY	com.badlogic.gdx.utils.Entries#iterator():Iterator<Entry<V>>	099491c218c7f1a017f9	413	383	807	5
METHOD_ENTRY	com.badlogic.gdx.utils.Keys#toArray(IntArray):IntArray	d228e68c5169dbaae5bd	413	401	825	148
METHOD_EXIT	com.badlogic.gdx.utils.Keys#toArray():IntArray	ceb2747f89a478681103	455	480	946	6788
METHOD_EXIT	com.badlogic.gdx.utils.Keys#toArray(IntArray):IntArray	b30a5b3e703f22ec0917	455	479	945	260
METHOD_ENTRY	com.badlogic.gdx.utils.LongArray#add(long):void	e39d21a62d56125130ff	413	1329	1753	280
METHOD_ENTRY	com.badlogic.gdx.utils.LongArray#add(long,long):void	cd6185949a34281978ac	413	1363	1787	98
METHOD_EXIT	com.badlogic.gdx.utils.LongArray#add(long,long):void	e1dab7fcac21c762332d	455	1374	1840	302
METHOD_EXIT	com.badlogic.gdx.utils.LongArray#add(long,long,long):void	d65515d7fbcdab42df66	455	1396	1862	318
METHOD_ENTRY	com.badlogic.gdx.utils.LongArray#add(long,long,long,long):void	6c6c9ea1ab05363606a0	413	1419	1843	101
METHOD_EXIT	com.badlogic.gdx.utils.LongArray#add(long,long,long,long):void	dba0252e5e623a413762	455	1430	1896	310
METHOD_ENTRY	com.badlogic.gdx.utils.LongArray#addAll(LongArray):void	08905af5e63515c41552	413	1304	1728	227
METHOD_EXIT	com.badlogic.gdx.utils.LongArray#addAll(LongArray):void	5593f5fb62fbdb8ab95e	455	1315	1781	218
METHOD_ENTRY	com.badlogic.gdx.utils.LongArray#addAll(LongArray,int,int):void	846e5134427f0fd2b1ca	413	1362	1786	200
METHOD_EXIT	com.badlogic.gdx.utils.LongArray#addAll(LongArray,int,int):void	cb823df3a7f91e2d2849	455	1373	1839	263
METHOD_ENTRY	com.badlogic.gdx.utils.LongArray#addAll(long):void	f575433f85682c504049	413	1301	1725	115
METHOD_ENTRY	com.badlogic.gdx.utils.LongArray#add(long,long,long):void	8b7daa5261684334d97b	413	1385	1809	124
METHOD_EXIT	com.badlogic.gdx.utils.LongArray#addAll(long):void	13e4afdc5d8b810f4dd6	455	1312	1778	193
METHOD_ENTRY	com.badlogic.gdx.utils.LongArray#addAll(long[],int,int):void	e4ab682cc45f834f9809	413	1377	1801	252
METHOD_EXIT	com.badlogic.gdx.utils.LongArray#add(long):void	64ce2978bfe769aaaa1c	455	1340	1806	279
METHOD_EXIT	com.badlogic.gdx.utils.LongArray#addAll(long[],int,int):void	d3cbf6d3d37b11b4d612	455	1388	1854	257
METHOD_ENTRY	com.badlogic.gdx.utils.LongArray#set(int,long):void	96180de15507ff80b8f6	413	1333	1757	134
METHOD_EXIT	com.badlogic.gdx.utils.LongArray#get(int):long	eaaa978aef7cd74f3fb4	455	1399	1865	259
METHOD_ENTRY	com.badlogic.gdx.utils.LongArray#get(int):long	ca93b5e68cdd96cf9592	413	1322	1746	252
METHOD_ENTRY	com.badlogic.gdx.utils.LongArray#incr(int,long):void	342e1b7fa198ebd1556f	413	1335	1759	235
METHOD_EXIT	com.badlogic.gdx.utils.LongArray#incr(int,long):void	34a665169ffdd07c95b7	455	1346	1812	250
METHOD_EXIT	com.badlogic.gdx.utils.LongArray#incr(long):void	95a0c9dafb02d3eca433	455	1333	1799	251
METHOD_ENTRY	com.badlogic.gdx.utils.LongArray#mul(int,long):void	1818ef8940ad3ed09134	413	1334	1758	201
METHOD_EXIT	com.badlogic.gdx.utils.LongArray#mul(int,long):void	03873608e5bd03396a73	455	1345	1811	255
METHOD_ENTRY	com.badlogic.gdx.utils.LongArray#mul(long):void	44ab51be2605dc2c3c9a	413	1321	1745	60
METHOD_EXIT	com.badlogic.gdx.utils.LongArray#set(int,long):void	9b0f60fa64d65626f47f	455	1344	1810	193
METHOD_ENTRY	com.badlogic.gdx.utils.LongArray#insert(int,long):void	3f67ca9962cb10230af7	413	1406	1830	226
METHOD_EXIT	com.badlogic.gdx.utils.LongArray#mul(long):void	033c15466f3aa48a4dac	455	1332	1798	236
METHOD_EXIT	com.badlogic.gdx.utils.LongArray#insert(int,long):void	612155adcec9383d0896	455	1417	1883	270
METHOD_ENTRY	com.badlogic.gdx.utils.LongArray#incr(long):void	f60f864e596ffa5ac763	413	1322	1746	76
METHOD_ENTRY	com.badlogic.gdx.utils.LongArray#insertRange(int,int):void	f1fbc65c779fe0d48c63	413	1394	1818	236
METHOD_EXIT	com.badlogic.gdx.utils.LongArray#insertRange(int,int):void	f27381a11bcf06b144c7	455	1405	1871	341
METHOD_ENTRY	com.badlogic.gdx.utils.LongArray#swap(int,int):void	61ea75f706d71195410b	413	1392	1816	200
METHOD_ENTRY	com.badlogic.gdx.utils.LongArray#replaceFirst(long,long):boolean	4874221278a2aad38012	413	1357	1781	53
METHOD_EXIT	com.badlogic.gdx.utils.LongArray#replaceFirst(long,long):boolean	75c707f0e4ef5d228288	455	1434	1900	294
METHOD_ENTRY	com.badlogic.gdx.utils.LongArray#replaceAll(long,long):int	842623f7f7dfc13af6ee	413	1364	1788	243
METHOD_ENTRY	com.badlogic.gdx.utils.LongArray#contains(long):boolean	8ef76ce348acb99e4711	413	1329	1753	195
METHOD_ENTRY	com.badlogic.gdx.utils.LongArray#indexOf(long):int	0c146b357ccb24d7e7dc	413	1332	1756	165
METHOD_EXIT	com.badlogic.gdx.utils.LongArray#contains(long):boolean	a760d73a8e3bf98064f3	455	1406	1872	303
METHOD_EXIT	com.badlogic.gdx.utils.LongArray#indexOf(long):int	3aa528d1f20d4921498b	455	1409	1875	301
METHOD_ENTRY	com.badlogic.gdx.utils.LongArray#lastIndexOf(long):int	07a4251f8983295fa84f	413	1334	1758	187
METHOD_EXIT	com.badlogic.gdx.utils.LongArray#replaceAll(long,long):int	cc3c96e682e27e83a2bd	455	1441	1907	276
METHOD_EXIT	com.badlogic.gdx.utils.LongArray#lastIndexOf(long):int	8cc90d7af0f63afef345	455	1411	1877	299
METHOD_ENTRY	com.badlogic.gdx.utils.LongArray#removeValue(long):boolean	1f4b2645b7286f931c8f	413	1346	1770	195
METHOD_EXIT	com.badlogic.gdx.utils.LongArray#swap(int,int):void	15aa1ee59505aa695699	455	1403	1869	306
METHOD_EXIT	com.badlogic.gdx.utils.LongArray#removeValue(long):boolean	9fbd14576b150c51e790	455	1423	1889	295
METHOD_EXIT	com.badlogic.gdx.utils.LongArray#removeIndex(int):long	0ddf695e0707966104aa	455	1453	1919	265
METHOD_ENTRY	com.badlogic.gdx.utils.LongArray#removeIndex(int):long	956f99d4bf66062b6f32	413	1376	1800	258
METHOD_ENTRY	com.badlogic.gdx.utils.LongArray#removeRange(int,int):void	8f577efa82445b382dad	413	1451	1875	269
METHOD_ENTRY	com.badlogic.gdx.utils.LongArray#removeAll(LongArray):boolean	8b9d651a9a1c776ae503	413	1395	1819	254
METHOD_EXIT	com.badlogic.gdx.utils.LongArray#removeAll(LongArray):boolean	18ae872f0a42ccaf91aa	455	1472	1938	296
METHOD_EXIT	com.badlogic.gdx.utils.LongArray#pop():long	b18ceacb1c083975b089	455	1380	1846	229
METHOD_ENTRY	com.badlogic.gdx.utils.LongArray#peek():long	d61ac9cad8de3840edf0	413	1307	1731	272
METHOD_EXIT	com.badlogic.gdx.utils.LongArray#peek():long	e2b7a7d2b5672506abb4	455	1381	1847	214
METHOD_ENTRY	com.badlogic.gdx.utils.LongArray#first():long	72e7efa8e2b1c8ff8392	413	1305	1729	215
METHOD_EXIT	com.badlogic.gdx.utils.LongArray#first():long	15dd9ff9d733bddc40a2	455	1379	1845	329
METHOD_ENTRY	com.badlogic.gdx.utils.LongArray#pop():long	bc4d8682ade167e89631	413	1306	1730	218
METHOD_ENTRY	com.badlogic.gdx.utils.LongArray#notEmpty():boolean	3a8902a9ccd79347defe	413	1290	1714	227
METHOD_EXIT	com.badlogic.gdx.utils.LongArray#notEmpty():boolean	b42543a64bb858590b08	455	1364	1830	138
METHOD_EXIT	com.badlogic.gdx.utils.LongArray#isEmpty():boolean	56853bf38fce6d6f8dd4	455	1364	1830	179
METHOD_ENTRY	com.badlogic.gdx.utils.LongArray#isEmpty():boolean	ff2d92becda7cb6e8379	413	1290	1714	181
METHOD_ENTRY	com.badlogic.gdx.utils.LongArray#clear():void	6c6abac0ba7fdc1daba4	413	1287	1711	185
METHOD_EXIT	com.badlogic.gdx.utils.LongArray#removeRange(int,int):void	5b43abf3432b63c9fe28	455	1462	1928	213
METHOD_EXIT	com.badlogic.gdx.utils.LongArray#clear():void	57d8c7f2a6dd25226799	455	1298	1764	212
METHOD_EXIT	com.badlogic.gdx.utils.LongArray#shrink():long[]	82a793630f0374c1f13b	455	1373	1839	195
METHOD_ENTRY	com.badlogic.gdx.utils.LongArray#setSize(int):long[]	b2e1124e0423dc191973	413	1348	1772	218
METHOD_EXIT	com.badlogic.gdx.utils.LongArray#ensureCapacity(int):long[]	ff475aa9d5ff630883ce	455	1443	1909	268
METHOD_ENTRY	com.badlogic.gdx.utils.LongArray#ensureCapacity(int):long[]	f840260284053ee28b82	413	1366	1790	243
METHOD_EXIT	com.badlogic.gdx.utils.LongArray#setSize(int):long[]	b6b0d73ef07b229cacd7	455	1425	1891	231
METHOD_EXIT	com.badlogic.gdx.utils.LongArray#resize(int):long[]	dd26d924aeba341c9bfb	455	1421	1887	194
METHOD_ENTRY	com.badlogic.gdx.utils.LongArray#sort():void	b21b876ef7aba1dcc299	413	1291	1715	242
METHOD_ENTRY	com.badlogic.gdx.utils.LongArray#reverse():void	6d04df8d036345d26359	413	1354	1778	226
METHOD_EXIT	com.badlogic.gdx.utils.LongArray#sort():void	951bf39993b12f3bcb79	455	1302	1768	264
METHOD_ENTRY	com.badlogic.gdx.utils.LongArray#shrink():long[]	68bd531127e46bd9e7fb	413	1299	1723	216
METHOD_EXIT	com.badlogic.gdx.utils.LongArray#reverse():void	e2856bf551dfeb087951	455	1365	1831	254
METHOD_ENTRY	com.badlogic.gdx.utils.LongArray#shuffle():void	a24b2331bf35acd80fc5	413	1342	1766	189
METHOD_ENTRY	com.badlogic.gdx.utils.LongArray#resize(int):long[]	bd55359893cdb68710cd	413	1344	1768	81
METHOD_EXIT	com.badlogic.gdx.utils.LongArray#shuffle():void	163308b769be88a9b9c9	455	1353	1819	239
METHOD_ENTRY	com.badlogic.gdx.utils.LongArray#truncate(int):void	fb5cb99a7224fd1abd98	413	1330	1754	237
METHOD_EXIT	com.badlogic.gdx.utils.LongArray#truncate(int):void	ade0e3ce909d9ea90cc9	455	1341	1807	237
METHOD_ENTRY	com.badlogic.gdx.utils.LongArray#random():long	e0c57a9850fab6b89f6b	413	1307	1731	241
METHOD_ENTRY	com.badlogic.gdx.utils.LongArray#toArray():long[]	b0a68b36310baa5bc822	413	1313	1737	252
METHOD_EXIT	com.badlogic.gdx.utils.LongArray#toArray():long[]	d5d9220ecf7bd39c1241	455	1387	1853	258
METHOD_EXIT	com.badlogic.gdx.utils.LongArray#hashCode():int	c261dcd8259b95630dc9	455	1435	1901	368
METHOD_ENTRY	com.badlogic.gdx.utils.LongArray#equals(Object):boolean	25f54abd0d9cfeeb8a6d	413	1402	1826	268
METHOD_EXIT	com.badlogic.gdx.utils.LongArray#equals(Object):boolean	d62084232bf4f41f9c83	455	1479	1945	324
METHOD_ENTRY	com.badlogic.gdx.utils.LongArray#toString():String	4f8e84e14dd787371e5d	413	1368	1792	213
METHOD_EXIT	com.badlogic.gdx.utils.LongArray#toString():String	564c023ba8df046466d5	455	1442	1908	298
METHOD_ENTRY	com.badlogic.gdx.utils.Logger#debug(String):void	1be118049eb62a41a308	413	646	1070	203
METHOD_EXIT	com.badlogic.gdx.utils.Logger#debug(String):void	54fcd3e5b2aa1bda5e52	455	657	1123	276
METHOD_ENTRY	com.badlogic.gdx.utils.Logger#debug(String,Exception):void	624b5a9c4f6d3b37d8be	413	658	1082	204
METHOD_EXIT	com.badlogic.gdx.utils.Logger#debug(String,Exception):void	15413b126ec9d6e4062a	455	669	1135	256
METHOD_ENTRY	com.badlogic.gdx.utils.LongArray#hashCode():int	fce53aa4af787961dc97	413	1361	1785	213
METHOD_ENTRY	com.badlogic.gdx.utils.Logger#info(String):void	0c5d69710673ead5f1f9	413	646	1070	252
METHOD_ENTRY	com.badlogic.gdx.utils.LongArray#toString(String):String	44ebd29ba5a0ecef7e9e	413	1361	1785	254
METHOD_EXIT	com.badlogic.gdx.utils.LongArray#random():long	68a97eba08f2ff1d65e7	455	1381	1847	229
METHOD_ENTRY	com.badlogic.gdx.utils.Logger#info(String,Exception):void	2d8bbe476298b5348689	413	658	1082	225
METHOD_EXIT	com.badlogic.gdx.utils.Logger#info(String):void	6b2a5cf02b8390c70cf4	455	657	1123	280
METHOD_ENTRY	com.badlogic.gdx.utils.Logger#error(String):void	169663a5197927f28e6b	413	645	1069	281
METHOD_EXIT	com.badlogic.gdx.utils.LongArray#toString(String):String	a3e5b4ad93439dbc8542	455	1438	1904	282
METHOD_ENTRY	com.badlogic.gdx.utils.LongArray#with(long):LongArray	1ba6bcfb3e96c8ba0213	413	1298	1722	248
METHOD_EXIT	com.badlogic.gdx.utils.Logger#error(String):void	6849b9f585c0d9933e53	455	656	1122	270
METHOD_ENTRY	com.badlogic.gdx.utils.Logger#error(String,Throwable):void	8b806f26103cd5fa9c0c	413	657	1081	256
METHOD_EXIT	com.badlogic.gdx.utils.Logger#error(String,Throwable):void	c12dce72f274450d4994	455	668	1134	224
METHOD_ENTRY	com.badlogic.gdx.utils.Logger#setLevel(int):void	c691177a02b7f883f695	413	638	1062	132
METHOD_ENTRY	com.badlogic.gdx.utils.Logger#getLevel():int	a61222b0bdbd66994875	413	630	1054	207
METHOD_EXIT	com.badlogic.gdx.utils.Logger#setLevel(int):void	a94c3587a6334a72d404	455	649	1115	221
METHOD_EXIT	com.badlogic.gdx.utils.Logger#info(String,Exception):void	60cc07c7671d58d0a9e4	455	669	1135	282
METHOD_EXIT	com.badlogic.gdx.utils.Logger#getLevel():int	7534610324763f01f5a1	455	704	1170	251
METHOD_EXIT	com.badlogic.gdx.utils.LongArray#with(long):LongArray	769b541598673c9bcd9c	455	1376	1842	241
METHOD_ENTRY	com.badlogic.gdx.utils.DelayedRemovalArray#begin():void	3c39d368fc26f58cc788	413	803	1227	153
METHOD_EXIT	com.badlogic.gdx.utils.DelayedRemovalArray#begin():void	4eab702ed31e45695885	455	814	1280	202
METHOD_ENTRY	com.badlogic.gdx.utils.DelayedRemovalArray#end():void	7129ce981a02e515a37e	413	937	1361	307
METHOD_EXIT	com.badlogic.gdx.utils.DelayedRemovalArray#end():void	bd5367b3e1ac09a55185	455	948	1414	229
METHOD_ENTRY	com.badlogic.gdx.utils.DelayedRemovalArray#remove(int):void	a46a12c8485c5a7f4da0	413	884	1308	252
METHOD_EXIT	com.badlogic.gdx.utils.DelayedRemovalArray#removeValue(T,boolean):boolean	cb2a34ac8ebe65f3589d	455	945	1411	342
METHOD_ENTRY	com.badlogic.gdx.utils.DelayedRemovalArray#removeValue(T,boolean):boolean	6075797b6f0be0b7ca0a	413	868	1292	135
METHOD_EXIT	com.badlogic.gdx.utils.DelayedRemovalArray#remove(int):void	be16099f6b4405db0423	455	895	1361	328
METHOD_ENTRY	com.badlogic.gdx.utils.DelayedRemovalArray#removeIndex(int):T	90bf0415a29d83d2d7cc	413	836	1260	183
METHOD_ENTRY	com.badlogic.gdx.utils.DelayedRemovalArray#clear():void	636ab1004384441322dd	413	824	1248	201
METHOD_EXIT	com.badlogic.gdx.utils.DelayedRemovalArray#removeRange(int,int):void	88c5248cd24b3477ed85	455	868	1334	248
METHOD_ENTRY	com.badlogic.gdx.utils.DelayedRemovalArray#removeRange(int,int):void	04412297c6311323dcc4	413	857	1281	230
METHOD_EXIT	com.badlogic.gdx.utils.DelayedRemovalArray#removeIndex(int):T	0288ca52041c0400e63f	455	913	1379	284
METHOD_EXIT	com.badlogic.gdx.utils.DelayedRemovalArray#clear():void	880f8fc617fbe0659989	455	835	1301	257
METHOD_ENTRY	com.badlogic.gdx.utils.DelayedRemovalArray#set(int,T):void	338af73dfa84b18ca4d8	413	840	1264	254
METHOD_ENTRY	com.badlogic.gdx.utils.DelayedRemovalArray#insert(int,T):void	1acbbe8eb65201f59785	413	841	1265	294
METHOD_EXIT	com.badlogic.gdx.utils.DelayedRemovalArray#set(int,T):void	b64c1dd501bf5093793f	455	851	1317	312
METHOD_ENTRY	com.badlogic.gdx.utils.DelayedRemovalArray#insertRange(int,int):void	1112aafe0049176a0734	413	844	1268	157
METHOD_EXIT	com.badlogic.gdx.utils.DelayedRemovalArray#insert(int,T):void	a17206f10eb16720ff1f	455	852	1318	276
METHOD_EXIT	com.badlogic.gdx.utils.DelayedRemovalArray#insertRange(int,int):void	06ab5bdaa4740f7ff89a	455	855	1321	240
METHOD_EXIT	com.badlogic.gdx.utils.DelayedRemovalArray#swap(int,int):void	be1d91e4536df66fd312	455	852	1318	189
METHOD_ENTRY	com.badlogic.gdx.utils.DelayedRemovalArray#swap(int,int):void	93c64a8638e4c7983812	413	841	1265	113
METHOD_ENTRY	com.badlogic.gdx.utils.DelayedRemovalArray#replaceFirst(T,boolean,T):boolean	259f397888f3e2b19621	413	858	1282	263
METHOD_EXIT	com.badlogic.gdx.utils.DelayedRemovalArray#replaceFirst(T,boolean,T):boolean	d2754aba10265d047eb2	455	935	1401	296
METHOD_ENTRY	com.badlogic.gdx.utils.DelayedRemovalArray#pop():T	67d4df386ee4e526309b	413	824	1248	167
METHOD_EXIT	com.badlogic.gdx.utils.DelayedRemovalArray#replaceAll(T,boolean,T):int	4e85f367267402080e84	455	937	1403	299
METHOD_EXIT	com.badlogic.gdx.utils.DelayedRemovalArray#pop():T	45af5f16125ccf7de7a9	455	898	1364	321
METHOD_ENTRY	com.badlogic.gdx.utils.DelayedRemovalArray#replaceAll(T,boolean,T):int	1b197719247ecaa6b98c	413	860	1284	315
METHOD_ENTRY	com.badlogic.gdx.utils.DelayedRemovalArray#sort():void	006dd0cbf4645e9d16f3	413	823	1247	200
METHOD_EXIT	com.badlogic.gdx.utils.DelayedRemovalArray#sort(Comparator<? super T>):void	849bf7500f83f7260a8e	455	853	1319	311
METHOD_ENTRY	com.badlogic.gdx.utils.DelayedRemovalArray#sort(Comparator<? super T>):void	d5afa4e500a467dd8fb7	413	842	1266	186
METHOD_EXIT	com.badlogic.gdx.utils.DelayedRemovalArray#sort():void	60ce01cb1891437ecfca	455	834	1300	180
METHOD_ENTRY	com.badlogic.gdx.utils.DelayedRemovalArray#reverse():void	13470c854408b3b26e9d	413	823	1247	234
METHOD_EXIT	com.badlogic.gdx.utils.DelayedRemovalArray#reverse():void	a98b53f20c7aab054581	455	834	1300	213
METHOD_ENTRY	com.badlogic.gdx.utils.DelayedRemovalArray#shuffle():void	76291c5cef83b36a5463	413	823	1247	444
METHOD_EXIT	com.badlogic.gdx.utils.DelayedRemovalArray#shuffle():void	e7c302be76ac133ca775	455	834	1300	277
METHOD_ENTRY	com.badlogic.gdx.utils.DelayedRemovalArray#truncate(int):void	af72d3392165242f8cad	413	834	1258	180
METHOD_EXIT	com.badlogic.gdx.utils.DelayedRemovalArray#truncate(int):void	85543f49afe50758887f	455	845	1311	250
METHOD_ENTRY	com.badlogic.gdx.utils.DelayedRemovalArray#setSize(int):T[]	774ca2bb9144dae642d3	413	838	1262	240
METHOD_ENTRY	com.badlogic.gdx.utils.DelayedRemovalArray#with(T):DelayedRemovalArray<T>	db391095606ef69b7d21	413	828	1252	126
METHOD_EXIT	com.badlogic.gdx.utils.DelayedRemovalArray#with(T):DelayedRemovalArray<T>	6398258074b76da7f669	455	909	1375	295
METHOD_EXIT	com.badlogic.gdx.utils.DelayedRemovalArray#setSize(int):T[]	2fda7e36e4bf23b8c29a	455	915	1381	259
METHOD_ENTRY	com.badlogic.gdx.utils.ObjectLongMap#place(K):int	9668667d7815a053eee1	413	1870	2294	315
METHOD_ENTRY	com.badlogic.gdx.utils.ObjectLongMap#locateKey(K):int	a5110ee1e2e5fe4099e3	413	1938	2362	286
METHOD_EXIT	com.badlogic.gdx.utils.ObjectLongMap#locateKey(K):int	8298207ae2e54db6e9ca	455	2015	2481	383
METHOD_EXIT	com.badlogic.gdx.utils.ObjectLongMap#put(K,long):void	c1e3a632fb84b01eb566	455	1944	2410	276
METHOD_ENTRY	com.badlogic.gdx.utils.ObjectLongMap#put(K,long,long):long	744d3fe70fe23b5da9aa	413	1960	2384	241
METHOD_ENTRY	com.badlogic.gdx.utils.ObjectLongMap#put(K,long):void	382bc8ed1b99e1095da4	413	1933	2357	252
METHOD_EXIT	com.badlogic.gdx.utils.ObjectLongMap#put(K,long,long):long	fc61795d71904338fcf7	455	2037	2503	263
METHOD_EXIT	com.badlogic.gdx.utils.ObjectLongMap#place(K):int	c96882aba6bc5e847b47	455	1947	2413	302
METHOD_EXIT	com.badlogic.gdx.utils.ObjectLongMap#putAll(ObjectLongMap<? extends K>):void	daeeaf2312020fdf99d5	455	1947	2413	260
METHOD_ENTRY	com.badlogic.gdx.utils.ObjectLongMap#putAll(ObjectLongMap<? extends K>):void	9a14749720ccf6688f71	413	1936	2360	271
METHOD_ENTRY	com.badlogic.gdx.utils.ObjectLongMap#putResize(K,long):void	b9f2af0e96a1b5af9a7b	413	1920	2344	258
METHOD_ENTRY	com.badlogic.gdx.utils.ObjectLongMap#get(K,long):long	27a6dc3f3a312c73213e	413	1873	2297	238
METHOD_EXIT	com.badlogic.gdx.utils.ObjectLongMap#putResize(K,long):void	d85de0279ef8a253f231	455	1931	2397	309
METHOD_EXIT	com.badlogic.gdx.utils.ObjectLongMap#get(K,long):long	bc0a7235d6a5f37f59c4	455	1950	2416	177
METHOD_ENTRY	com.badlogic.gdx.utils.ObjectLongMap#getAndIncrement(K,long,long):long	d9a9246e572a72d8a0de	413	1966	2390	255
METHOD_EXIT	com.badlogic.gdx.utils.ObjectLongMap#getAndIncrement(K,long,long):long	a2a25ee18c3e026e864f	455	2043	2509	266
METHOD_ENTRY	com.badlogic.gdx.utils.ObjectLongMap#notEmpty():boolean	bb7b499520b8ce5f85c5	413	1844	2268	191
METHOD_EXIT	com.badlogic.gdx.utils.ObjectLongMap#remove(K,long):long	2fef1fe918ba152ff4f6	455	2087	2553	312
METHOD_ENTRY	com.badlogic.gdx.utils.ObjectLongMap#isEmpty():boolean	ecfb29a5c7f97f8114b4	413	1844	2268	208
METHOD_EXIT	com.badlogic.gdx.utils.ObjectLongMap#notEmpty():boolean	fd2667b72c86289e655b	455	1918	2384	215
METHOD_ENTRY	com.badlogic.gdx.utils.ObjectLongMap#remove(K,long):long	121077e518320ce409c6	413	2010	2434	97
METHOD_EXIT	com.badlogic.gdx.utils.ObjectLongMap#isEmpty():boolean	37e86cb7ea417e2d3a2c	455	1918	2384	220
METHOD_ENTRY	com.badlogic.gdx.utils.ObjectLongMap#shrink(int):void	e221d981dde367a06d84	413	1900	2324	236
METHOD_ENTRY	com.badlogic.gdx.utils.ObjectLongMap#clear(int):void	3a76774840043848f9df	413	1889	2313	204
METHOD_ENTRY	com.badlogic.gdx.utils.ObjectLongMap#clear():void	021f09b405376fe3da12	413	1859	2283	195
METHOD_EXIT	com.badlogic.gdx.utils.ObjectLongMap#clear():void	55e1baf314e7f5aa58b4	455	1870	2336	243
METHOD_ENTRY	com.badlogic.gdx.utils.ObjectLongMap#containsValue(long):boolean	6cdd9802d4d468e4f145	413	1907	2331	267
METHOD_EXIT	com.badlogic.gdx.utils.ObjectLongMap#clear(int):void	351e16acd7580685fdfa	455	1900	2366	166
METHOD_EXIT	com.badlogic.gdx.utils.ObjectLongMap#containsValue(long):boolean	a6a5f8a7f85035a626b6	455	1984	2450	364
METHOD_EXIT	com.badlogic.gdx.utils.ObjectLongMap#shrink(int):void	ca159f2fdca6672447e7	455	1911	2377	297
METHOD_ENTRY	com.badlogic.gdx.utils.ObjectLongMap#containsKey(K):boolean	dd25877bc43b97620d1b	413	1853	2277	142
METHOD_ENTRY	com.badlogic.gdx.utils.ObjectLongMap#ensureCapacity(int):void	05c0298382c12e84231a	413	1874	2298	255
METHOD_ENTRY	com.badlogic.gdx.utils.ObjectLongMap#findKey(long):K	3976f009cc34a1f634e9	413	1918	2342	119
METHOD_EXIT	com.badlogic.gdx.utils.ObjectLongMap#findKey(long):K	5f5452c46c13154cf396	455	1995	2461	296
METHOD_EXIT	com.badlogic.gdx.utils.ObjectLongMap#containsKey(K):boolean	80f4b685226173dd0157	455	1930	2396	195
METHOD_ENTRY	com.badlogic.gdx.utils.ObjectLongMap#resize(int):void	30b0c9937079d14a277c	413	1983	2407	245
METHOD_EXIT	com.badlogic.gdx.utils.ObjectLongMap#ensureCapacity(int):void	b1aeab489a0034e8864b	455	1885	2351	232
METHOD_ENTRY	com.badlogic.gdx.utils.ObjectLongMap#hashCode():int	23c5b6707397b008ca94	413	1918	2342	220
METHOD_EXIT	com.badlogic.gdx.utils.ObjectLongMap#resize(int):void	58e6b5c28ed3987c5814	455	1994	2460	224
METHOD_EXIT	com.badlogic.gdx.utils.ObjectLongMap#hashCode():int	ee97665ec3073690453e	455	1992	2458	274
METHOD_ENTRY	com.badlogic.gdx.utils.ObjectLongMap#equals(Object):boolean	a0046c2035f5e45ea0d8	413	1997	2421	236
METHOD_EXIT	com.badlogic.gdx.utils.ObjectLongMap#equals(Object):boolean	8bc66acc658f89b90cb1	455	2074	2540	268
METHOD_ENTRY	com.badlogic.gdx.utils.ObjectLongMap#toString(String):String	07145f1591b48acf282a	413	1851	2275	201
METHOD_EXIT	com.badlogic.gdx.utils.ObjectLongMap#toString(String):String	f89747f78c82e3edeccc	455	1928	2394	242
METHOD_ENTRY	com.badlogic.gdx.utils.ObjectLongMap#toString():String	3e48a2aacceffafebcf1	413	1845	2269	184
METHOD_EXIT	com.badlogic.gdx.utils.ObjectLongMap#toString():String	0b4ab492bf9616978653	455	1919	2385	284
METHOD_EXIT	com.badlogic.gdx.utils.ObjectLongMap#toString(String,boolean):String	fa4bc37f6d71f5afc26b	455	2116	2582	336
METHOD_ENTRY	com.badlogic.gdx.utils.ObjectLongMap#toString(String,boolean):String	ed71dc02ee6b4c21955e	413	2039	2463	245
METHOD_ENTRY	com.badlogic.gdx.utils.ObjectLongMap#iterator():Entries<K>	f05eb1cd01fbc0e0ce07	413	1843	2267	398
METHOD_EXIT	com.badlogic.gdx.utils.ObjectLongMap#iterator():Entries<K>	3329c87bfb1cfad01f61	455	1918	2384	303
METHOD_ENTRY	com.badlogic.gdx.utils.ObjectLongMap#entries():Entries<K>	551d1f3f8b0505f5a1fd	413	1947	2371	266
METHOD_EXIT	com.badlogic.gdx.utils.ObjectLongMap#entries():Entries<K>	0618220def2b9cc895e0	455	2022	2488	322
METHOD_ENTRY	com.badlogic.gdx.utils.ObjectLongMap#values():Values	ead8a7a967286a5049c3	413	1935	2359	268
METHOD_EXIT	com.badlogic.gdx.utils.ObjectLongMap#values():Values	b278fd7971919667e187	455	2009	2475	263
METHOD_ENTRY	com.badlogic.gdx.utils.ObjectLongMap#keys():Keys<K>	746109eda77370417237	413	1939	2363	245
METHOD_EXIT	com.badlogic.gdx.utils.ObjectLongMap#toString():String	0b4ab492bf9616978653	455	1919	2385	284
METHOD_ENTRY	com.badlogic.gdx.utils.ObjectLongMap#toString():String	3e48a2aacceffafebcf1	413	1845	2269	184
METHOD_ENTRY	com.badlogic.gdx.utils.ObjectLongMap#reset():void	5a9309a01be536a0a9bb	413	1855	2279	168
METHOD_EXIT	com.badlogic.gdx.utils.ObjectLongMap#reset():void	9798f35787bb09c9fb4c	455	1866	2332	237
METHOD_ENTRY	com.badlogic.gdx.utils.ObjectLongMap#findNextIndex():void	241a69962f8601c2cbe7	413	1899	2323	265
METHOD_EXIT	com.badlogic.gdx.utils.ObjectLongMap#keys():Keys<K>	17b80c342b5c17633a37	455	2014	2480	304
METHOD_EXIT	com.badlogic.gdx.utils.ObjectLongMap#findNextIndex():void	d76ee503dd56b2c3d8f9	455	1910	2376	257
METHOD_ENTRY	com.badlogic.gdx.utils.ObjectLongMap#remove():void	0d18ba2e6d0eae0abe6e	413	2013	2437	254
METHOD_ENTRY	com.badlogic.gdx.utils.ObjectLongMap#next():Entry<K>	1953d3783c690c75157d	413	1917	2341	286
METHOD_EXIT	com.badlogic.gdx.utils.ObjectLongMap#remove():void	17b95a7c511a75ff0edb	455	2024	2490	274
METHOD_EXIT	com.badlogic.gdx.utils.ObjectLongMap#next():Entry<K>	75d13a61cf1a6c356795	455	1992	2458	298
METHOD_ENTRY	com.badlogic.gdx.utils.ObjectLongMap#hasNext():boolean	307a38d0143175f63a06	413	1862	2286	202
METHOD_EXIT	com.badlogic.gdx.utils.ObjectLongMap#hasNext():boolean	18ffcd7981bcc60400e0	455	1936	2402	309
METHOD_EXIT	com.badlogic.gdx.utils.ObjectLongMap#iterator():Entries<K>	3329c87bfb1cfad01f61	455	1918	2384	303
METHOD_ENTRY	com.badlogic.gdx.utils.ObjectLongMap#iterator():Entries<K>	f05eb1cd01fbc0e0ce07	413	1843	2267	398
METHOD_ENTRY	com.badlogic.gdx.utils.ObjectLongMap#hasNext():boolean	307a38d0143175f63a06	413	1862	2286	202
METHOD_EXIT	com.badlogic.gdx.utils.ObjectLongMap#hasNext():boolean	18ffcd7981bcc60400e0	455	1936	2402	309
METHOD_ENTRY	com.badlogic.gdx.utils.ObjectLongMap#next():long	1150b8056eca2983b631	413	1894	2318	273
METHOD_EXIT	com.badlogic.gdx.utils.ObjectLongMap#next():long	e17d52be4a1e3e6cc857	455	1968	2434	299
METHOD_ENTRY	com.badlogic.gdx.utils.ObjectLongMap#iterator():Values	3775860a289bbd8ffa27	413	1840	2264	272
METHOD_EXIT	com.badlogic.gdx.utils.ObjectLongMap#iterator():Values	debd8b5d6ff46e4d31a1	455	1914	2380	170
METHOD_ENTRY	com.badlogic.gdx.utils.ObjectLongMap#toArray():LongArray	dd294284a66c2c1e3083	413	1868	2292	218
METHOD_ENTRY	com.badlogic.gdx.utils.ObjectLongMap#toArray(LongArray):LongArray	ce4d181baeff6af8d139	413	1864	2288	194
METHOD_EXIT	com.badlogic.gdx.utils.ObjectLongMap#toArray():LongArray	1febf01a1c45a75fbd47	455	1943	2409	237
METHOD_ENTRY	com.badlogic.gdx.utils.ObjectLongMap#hasNext():boolean	307a38d0143175f63a06	413	1862	2286	202
METHOD_EXIT	com.badlogic.gdx.utils.ObjectLongMap#toArray(LongArray):LongArray	8d37ae8bea3379e9476d	455	1942	2408	269
METHOD_EXIT	com.badlogic.gdx.utils.ObjectLongMap#hasNext():boolean	18ffcd7981bcc60400e0	455	1936	2402	309
METHOD_ENTRY	com.badlogic.gdx.utils.ObjectLongMap#next():K	36695c7bb464d0b04845	413	1894	2318	236
METHOD_EXIT	com.badlogic.gdx.utils.ObjectLongMap#next():K	5fab313219af05daf999	455	1968	2434	337
METHOD_ENTRY	com.badlogic.gdx.utils.ObjectLongMap#iterator():Keys<K>	ceccd18717ec5c62005f	413	1844	2268	221
METHOD_ENTRY	com.badlogic.gdx.utils.Entry#toString():String	6d26114defef9899d6e1	413	382	806	132
METHOD_EXIT	com.badlogic.gdx.utils.ObjectLongMap#iterator():Keys<K>	69129b7d49b879ba2dfd	455	1919	2385	170
METHOD_EXIT	com.badlogic.gdx.utils.ObjectLongMap#toArray():Array<K>	c2b52330878d6996cda3	455	1930	2396	288
METHOD_ENTRY	com.badlogic.gdx.utils.ObjectLongMap#toArray(Array<K>):Array<K>	9fade4617fe4df31dd2f	413	1867	2291	166
METHOD_EXIT	com.badlogic.gdx.utils.Entry#toString():String	356df9f7f8344e33c4b6	455	456	922	247
METHOD_EXIT	com.badlogic.gdx.utils.ObjectLongMap#toArray(Array<K>):Array<K>	7904f1ab805366c4dedb	455	1945	2411	278
METHOD_ENTRY	com.badlogic.gdx.utils.ObjectLongMap#toArray():Array<K>	6532011ab2d1d3c77c1c	413	1855	2279	236
METHOD_ENTRY	com.badlogic.gdx.utils.MapIterator#reset():void	ace49b9a5dcc132ea0f7	413	393	817	235
METHOD_EXIT	com.badlogic.gdx.utils.MapIterator#reset():void	0fafe70b9e9540252532	455	404	870	252
METHOD_ENTRY	com.badlogic.gdx.utils.MapIterator#findNextIndex():void	6cd41d18d5e0303685f1	413	437	861	230
METHOD_EXIT	com.badlogic.gdx.utils.MapIterator#findNextIndex():void	ba60ae553fd8a45a22db	455	448	914	272
METHOD_ENTRY	com.badlogic.gdx.utils.Entries#next():Entry<K>	9fcb42e0ca6f0e970744	413	455	879	106
METHOD_ENTRY	com.badlogic.gdx.utils.MapIterator#remove():void	b18fc5e9850ffc9a088a	413	551	975	264
METHOD_EXIT	com.badlogic.gdx.utils.MapIterator#remove():void	e4b16149cca5862650ca	455	562	1028	343
METHOD_ENTRY	com.badlogic.gdx.utils.Entries#hasNext():boolean	f8379590b9bc167d4dbb	413	400	824	145
METHOD_EXIT	com.badlogic.gdx.utils.Entries#hasNext():boolean	51d8833918c042716129	455	474	940	140
METHOD_ENTRY	com.badlogic.gdx.utils.Entries#iterator():Entries<K>	8b24b0e686609ac47375	413	381	805	116
METHOD_EXIT	com.badlogic.gdx.utils.Entries#next():Entry<K>	a8b02d24c8b987dc1062	455	530	996	248
METHOD_EXIT	com.badlogic.gdx.utils.Entries#iterator():Entries<K>	850355f07478e58650c9	455	456	922	145
METHOD_ENTRY	com.badlogic.gdx.utils.Values#hasNext():boolean	599be60232ea0cf859da	413	399	823	259
METHOD_EXIT	com.badlogic.gdx.utils.Values#hasNext():boolean	96aff0b5e6f9e0a06f76	455	473	939	174
METHOD_ENTRY	com.badlogic.gdx.utils.Values#next():long	079bd218c73a4f3cc2c3	413	431	855	284
METHOD_EXIT	com.badlogic.gdx.utils.Values#next():long	b2481bb9cd9d5469c74e	455	505	971	285
METHOD_ENTRY	com.badlogic.gdx.utils.Values#iterator():Values	efef29e1e56810c987a2	413	377	801	98
METHOD_EXIT	com.badlogic.gdx.utils.Values#iterator():Values	c420ebfe50bdd2532e9b	455	451	917	35
METHOD_ENTRY	com.badlogic.gdx.utils.Values#toArray():LongArray	1c2ac1a7c36b9d6a7f7a	413	405	829	201
METHOD_EXIT	com.badlogic.gdx.utils.Values#toArray():LongArray	f1cd370717694ff4007b	455	480	946	284
METHOD_ENTRY	com.badlogic.gdx.utils.Values#toArray(LongArray):LongArray	91cd173d459e99376561	413	401	825	167
METHOD_EXIT	com.badlogic.gdx.utils.Values#toArray(LongArray):LongArray	78e35456e5d91ab1b27e	455	479	945	276
METHOD_ENTRY	com.badlogic.gdx.utils.Keys#hasNext():boolean	4f318acc9e5e23879c98	413	399	823	104
METHOD_ENTRY	com.badlogic.gdx.utils.Keys#next():K	e16ce43e0a331dde027f	413	431	855	277
METHOD_EXIT	com.badlogic.gdx.utils.Keys#next():K	eceef93b3ae87aeda7c1	455	505	971	214
METHOD_EXIT	com.badlogic.gdx.utils.Keys#hasNext():boolean	d08dfdf53d0a27c077a3	455	473	939	194
METHOD_EXIT	com.badlogic.gdx.utils.Keys#iterator():Keys<K>	7ba471b8386a40a0b848	455	456	922	226
METHOD_ENTRY	com.badlogic.gdx.utils.Keys#toArray():Array<K>	44fcf61404f4208f24d2	413	392	816	49
METHOD_EXIT	com.badlogic.gdx.utils.Keys#toArray():Array<K>	7fa2f97c4031cd2ac60d	455	467	933	268
METHOD_ENTRY	com.badlogic.gdx.utils.Keys#iterator():Keys<K>	0270e49dc8fd556ad735	413	381	805	55
METHOD_ENTRY	com.badlogic.gdx.utils.Keys#toArray(Array<K>):Array<K>	6058188639297a42e060	413	404	828	233
METHOD_EXIT	com.badlogic.gdx.utils.Timer#instance():Timer	dee7ef58566f79f83ef1	455	995	1461	259
METHOD_EXIT	com.badlogic.gdx.utils.Keys#toArray(Array<K>):Array<K>	3ec9f4cdbcb6aae7b959	455	482	948	240
METHOD_ENTRY	com.badlogic.gdx.utils.Timer#thread():TimerThread	b9703ef08e5e38e789b7	413	934	1358	240
METHOD_EXIT	com.badlogic.gdx.utils.Timer#thread():TimerThread	73fa11e8240bce634335	455	1009	1475	345
METHOD_ENTRY	com.badlogic.gdx.utils.Timer#postTask(Task):Task	b7efaead797f6430554e	413	906	1330	227
METHOD_ENTRY	com.badlogic.gdx.utils.Timer#instance():Timer	1ca06329c8127d4366bd	413	921	1345	118
METHOD_ENTRY	com.badlogic.gdx.utils.Timer#scheduleTask(Task,float):Task	65a004619bf6f89da670	413	917	1341	222
METHOD_EXIT	com.badlogic.gdx.utils.Timer#postTask(Task):Task	11f68da04218bc115778	455	983	1449	275
METHOD_EXIT	com.badlogic.gdx.utils.Timer#scheduleTask(Task,float):Task	7c80843f363bafae58cd	455	994	1460	279
METHOD_EXIT	com.badlogic.gdx.utils.Timer#scheduleTask(Task,float,float):Task	0dd26839db60e960faf5	455	1005	1471	267
METHOD_ENTRY	com.badlogic.gdx.utils.Timer#scheduleTask(Task,float,float,int):Task	2da65e4c60758d15250c	413	1087	1511	309
METHOD_EXIT	com.badlogic.gdx.utils.Timer#scheduleTask(Task,float,float,int):Task	bba62dd4aef1689cc37b	455	1164	1630	302
METHOD_EXIT	com.badlogic.gdx.utils.Timer#stop():void	82efb115c7b3f6178cff	455	930	1396	246
METHOD_EXIT	com.badlogic.gdx.utils.Timer#start():void	ad1031fa566692680eb1	455	983	1449	211
METHOD_ENTRY	com.badlogic.gdx.utils.Timer#stop():void	198e6e082f126df3f9e0	413	919	1343	232
METHOD_ENTRY	com.badlogic.gdx.utils.Timer#start():void	fb6707d0c90443b2d973	413	972	1396	258
METHOD_ENTRY	com.badlogic.gdx.utils.Timer#clear():void	776246ffd212df95495f	413	970	1394	258
METHOD_EXIT	com.badlogic.gdx.utils.Timer#clear():void	87b309c22b26b50a617c	455	981	1447	247
METHOD_ENTRY	com.badlogic.gdx.utils.Timer#isEmpty():boolean	1631b87d43805f40d48a	413	894	1318	122
METHOD_ENTRY	com.badlogic.gdx.utils.Timer#scheduleTask(Task,float,float):Task	400f686d48b3aff43fc5	413	928	1352	239
METHOD_EXIT	com.badlogic.gdx.utils.Timer#isEmpty():boolean	9224bcbf7762d2c43238	455	968	1434	285
METHOD_ENTRY	com.badlogic.gdx.utils.Timer#update(TimerThread,long,long):long	abc4095b892fde5393d6	413	1082	1506	259
METHOD_ENTRY	com.badlogic.gdx.utils.Timer#post(Task):Task	345a8a9a046f46deaf81	413	898	1322	225
METHOD_EXIT	com.badlogic.gdx.utils.Timer#delay(long):void	bbe40bac3c17da5e7072	455	953	1419	207
METHOD_EXIT	com.badlogic.gdx.utils.Timer#post(Task):Task	fd8cbdfd8466f42bdf47	455	975	1441	325
METHOD_ENTRY	com.badlogic.gdx.utils.Timer#delay(long):void	b42abb0627ac150208a6	413	942	1366	56
METHOD_EXIT	com.badlogic.gdx.utils.Timer#schedule(Task,float):Task	e196f7d44e6bc1989147	455	989	1455	231
METHOD_EXIT	com.badlogic.gdx.utils.Timer#update(TimerThread,long,long):long	ed7f69e61efcb541bf34	455	1159	1625	274
METHOD_ENTRY	com.badlogic.gdx.utils.Timer#schedule(Task,float,float):Task	e8ce9a38dc12eb3bff9d	413	926	1350	300
METHOD_EXIT	com.badlogic.gdx.utils.Timer#schedule(Task,float,float):Task	0492a6b7eb171ecc26f3	455	1003	1469	248
METHOD_ENTRY	com.badlogic.gdx.utils.Timer#schedule(Task,float,float,int):Task	a962e5e020ac11404d14	413	940	1364	243
METHOD_EXIT	com.badlogic.gdx.utils.Timer#schedule(Task,float,float,int):Task	e495c247b8db8be3e642	455	1017	1483	252
METHOD_EXIT	com.badlogic.gdx.utils.Timer#cancel():void	00b21f1a89d781ffd0a6	455	958	1424	307
METHOD_ENTRY	com.badlogic.gdx.utils.Timer#schedule(Task,float):Task	d44dc0f5538a67cc50d3	413	912	1336	91
METHOD_EXIT	com.badlogic.gdx.utils.Timer#reset():void	6b55fd31c898c2ec3dde	455	911	1377	198
METHOD_ENTRY	com.badlogic.gdx.utils.Timer#cancel():void	4f6eec31a17cfe2c3c1b	413	947	1371	263
METHOD_ENTRY	com.badlogic.gdx.utils.Timer#isScheduled():boolean	3c61af8f8a912be67dbd	413	892	1316	163
METHOD_EXIT	com.badlogic.gdx.utils.Timer#isScheduled():boolean	a4b175e5929b29181400	455	966	1432	147
METHOD_ENTRY	com.badlogic.gdx.utils.Timer#getExecuteTimeMillis():long	7fbda48af2e8d01ed08b	413	896	1320	69
METHOD_EXIT	com.badlogic.gdx.utils.Timer#getExecuteTimeMillis():long	1b88df900674ebe88c8b	455	970	1436	94
METHOD_ENTRY	com.badlogic.gdx.utils.Timer#reset():void	a7bf0579e7254c9edb0c	413	900	1324	204
METHOD_ENTRY	com.badlogic.gdx.utils.Timer#run():void	fd1c4c83c4705686ea1a	413	1087	1511	197
METHOD_ENTRY	com.badlogic.gdx.utils.Timer#runPostedTasks():void	dba0fd83997d41d0b067	413	957	1381	198
METHOD_EXIT	com.badlogic.gdx.utils.Timer#run():void	34c43d0b89ff2eb7bc69	455	1098	1564	323
METHOD_EXIT	com.badlogic.gdx.utils.Timer#run():void	34c43d0b89ff2eb7bc69	455	1098	1564	323
METHOD_EXIT	com.badlogic.gdx.utils.Timer#runPostedTasks():void	93a35bb87187425b0f45	455	968	1434	207
METHOD_ENTRY	com.badlogic.gdx.utils.Timer#run():void	fd1c4c83c4705686ea1a	413	1087	1511	197
METHOD_EXIT	com.badlogic.gdx.utils.Timer#addPostedTask(Task):void	7dd9c54a451dbecf0ff3	455	937	1403	236
METHOD_ENTRY	com.badlogic.gdx.utils.Timer#addPostedTask(Task):void	f851add22a306584f5cc	413	926	1350	199
METHOD_ENTRY	com.badlogic.gdx.utils.Timer#resume():void	1745d374c8a15fa2b6cc	413	958	1382	236
METHOD_EXIT	com.badlogic.gdx.utils.Timer#resume():void	ca146a4d7868458b10f9	455	969	1435	248
METHOD_EXIT	com.badlogic.gdx.utils.Timer#removePostedTask(Task):void	6413b5386e67edc579ca	455	958	1424	218
METHOD_ENTRY	com.badlogic.gdx.utils.Timer#pause():void	db64e7399a47631ec8ff	413	916	1340	188
METHOD_ENTRY	com.badlogic.gdx.utils.Task#cancel():void	6cebed665cbec333503d	413	436	860	254
METHOD_ENTRY	com.badlogic.gdx.utils.Timer#dispose():void	b4bb3614e95e3c9f570d	413	946	1370	220
METHOD_EXIT	com.badlogic.gdx.utils.Task#cancel():void	1a7250e10b2fcc4c3e1c	455	447	913	211
METHOD_EXIT	com.badlogic.gdx.utils.Timer#dispose():void	8ed5bf03f9603dfce958	455	957	1423	293
METHOD_EXIT	com.badlogic.gdx.utils.Timer#pause():void	7d2127e3ed4521b3fa46	455	927	1393	142
METHOD_ENTRY	com.badlogic.gdx.utils.Timer#removePostedTask(Task):void	2444b7613e5e960fad9b	413	947	1371	154
METHOD_ENTRY	com.badlogic.gdx.utils.Task#reset():void	36896459f733a094a38f	413	389	813	78
METHOD_ENTRY	com.badlogic.gdx.utils.Task#isScheduled():boolean	b1be5ad67cfb481c5f63	413	381	805	146
METHOD_EXIT	com.badlogic.gdx.utils.Task#isScheduled():boolean	7c5612a5f0dd2e47c678	455	455	921	58
METHOD_ENTRY	com.badlogic.gdx.utils.Task#getExecuteTimeMillis():long	72573efd2e7cb88d4c48	413	385	809	53
METHOD_EXIT	com.badlogic.gdx.utils.Task#getExecuteTimeMillis():long	7a0deebe53506e62feef	455	459	925	134
METHOD_EXIT	com.badlogic.gdx.utils.Task#reset():void	b74e8b8d3e8516fcb957	455	400	866	77
METHOD_EXIT	com.badlogic.gdx.utils.TimerThread#run():void	f4e0aabc89f1eb6e392b	455	588	1054	298
METHOD_ENTRY	com.badlogic.gdx.utils.TimerThread#run():void	3b04d7167f52458b1935	413	577	1001	261
METHOD_EXIT	com.badlogic.gdx.utils.TimerThread#run():void	f4e0aabc89f1eb6e392b	455	588	1054	298
METHOD_ENTRY	com.badlogic.gdx.utils.TimerThread#runPostedTasks():void	ed1685df7fd18b8d4cdb	413	447	871	227
METHOD_EXIT	com.badlogic.gdx.utils.TimerThread#runPostedTasks():void	6eaa7fff9e719a85eb50	455	458	924	108
METHOD_ENTRY	com.badlogic.gdx.utils.TimerThread#addPostedTask(Task):void	16fbd0db57673c18d39e	413	416	840	203
METHOD_ENTRY	com.badlogic.gdx.utils.TimerThread#run():void	3b04d7167f52458b1935	413	577	1001	261
METHOD_EXIT	com.badlogic.gdx.utils.TimerThread#addPostedTask(Task):void	07f5f277f42705650bed	455	427	893	243
METHOD_ENTRY	com.badlogic.gdx.utils.TimerThread#resume():void	e66a5d24f869511005af	413	448	872	288
METHOD_EXIT	com.badlogic.gdx.utils.TimerThread#resume():void	d09ac7ba2e340b7916ba	455	459	925	226
METHOD_ENTRY	com.badlogic.gdx.utils.TimerThread#pause():void	869ce502056f5ee483ed	413	406	830	173
METHOD_EXIT	com.badlogic.gdx.utils.TimerThread#removePostedTask(Task):void	76b9f0038bee612f125f	455	448	914	161
METHOD_EXIT	com.badlogic.gdx.utils.TimerThread#pause():void	1b6124efcddc731c02a0	455	417	883	106
METHOD_ENTRY	com.badlogic.gdx.utils.TimerThread#removePostedTask(Task):void	bb46a56f34a034cebf5f	413	437	861	228
METHOD_ENTRY	com.badlogic.gdx.utils.TimerThread#dispose():void	591b109c623a62f458f2	413	436	860	233
METHOD_EXIT	com.badlogic.gdx.utils.TimerThread#dispose():void	c649a97718c8f373aba2	455	447	913	279
METHOD_ENTRY	com.badlogic.gdx.utils.LongMap#place(long):int	264a379dd70c2951e03d	413	1829	2253	289
METHOD_EXIT	com.badlogic.gdx.utils.LongMap#place(long):int	142b218a7a602e25084b	455	1906	2372	319
METHOD_EXIT	com.badlogic.gdx.utils.LongMap#put(long,V):V	5a8dda07790e9fda83eb	455	2038	2504	328
METHOD_ENTRY	com.badlogic.gdx.utils.LongMap#put(long,V):V	0361a291873e0c3951c1	413	1961	2385	236
METHOD_ENTRY	com.badlogic.gdx.utils.LongMap#locateKey(long):int	7fd58a783a986f966711	413	1878	2302	205
METHOD_ENTRY	com.badlogic.gdx.utils.LongMap#putAll(LongMap<? extends V>):void	b650b068742eca9e2e0f	413	1903	2327	232
METHOD_EXIT	com.badlogic.gdx.utils.LongMap#putAll(LongMap<? extends V>):void	8042dc61a3489a58fc13	455	1914	2380	306
METHOD_EXIT	com.badlogic.gdx.utils.LongMap#locateKey(long):int	a0051d403ccb7381d89e	455	1955	2421	309
METHOD_ENTRY	com.badlogic.gdx.utils.LongMap#putResize(long,V):void	82f0237a4d012096e4e1	413	1879	2303	266
METHOD_EXIT	com.badlogic.gdx.utils.LongMap#putResize(long,V):void	ae548026eb748294471a	455	1890	2356	313
METHOD_ENTRY	com.badlogic.gdx.utils.LongMap#get(long):V	cc3baf32e2903a39f185	413	1838	2262	286
METHOD_ENTRY	com.badlogic.gdx.utils.LongMap#get(long,V):V	0b3d52e5392d358ac0aa	413	1851	2275	91
METHOD_EXIT	com.badlogic.gdx.utils.LongMap#get(long):V	386cacfba479ce92c87e	455	1915	2381	401
METHOD_EXIT	com.badlogic.gdx.utils.LongMap#get(long,V):V	ff28e1c8f4743cf58a47	455	1928	2394	313
METHOD_ENTRY	com.badlogic.gdx.utils.LongMap#remove(long):V	988606671e9f67ff6472	413	2018	2442	283
METHOD_ENTRY	com.badlogic.gdx.utils.LongMap#notEmpty():boolean	e5daac1662d10d49b0e6	413	1800	2224	268
METHOD_EXIT	com.badlogic.gdx.utils.LongMap#notEmpty():boolean	4f45b200a484559edb45	455	1874	2340	192
METHOD_ENTRY	com.badlogic.gdx.utils.LongMap#isEmpty():boolean	d53cab0758527f9c045c	413	1800	2224	197
METHOD_EXIT	com.badlogic.gdx.utils.LongMap#remove(long):V	110c9bfef6a779e114c5	455	2095	2561	349
METHOD_EXIT	com.badlogic.gdx.utils.LongMap#isEmpty():boolean	badedff9512e39a44879	455	1874	2340	177
METHOD_ENTRY	com.badlogic.gdx.utils.LongMap#shrink(int):void	426079f5054ad4a4295f	413	1856	2280	262
METHOD_ENTRY	com.badlogic.gdx.utils.LongMap#clear(int):void	c10bb109098c031b5182	413	1859	2283	250
METHOD_EXIT	com.badlogic.gdx.utils.LongMap#shrink(int):void	2e5d71dbb186c5068c7f	455	1867	2333	247
METHOD_EXIT	com.badlogic.gdx.utils.LongMap#clear(int):void	f741945e5e25832e7db1	455	1870	2336	247
METHOD_ENTRY	com.badlogic.gdx.utils.LongMap#clear():void	bdfd6ef70e21c8bbdffe	413	1838	2262	274
METHOD_EXIT	com.badlogic.gdx.utils.LongMap#clear():void	bfa1f6331987f12ceceb	455	1849	2315	251
METHOD_ENTRY	com.badlogic.gdx.utils.LongMap#containsKey(long):boolean	0e29391ca27d9726457c	413	1822	2246	292
METHOD_EXIT	com.badlogic.gdx.utils.LongMap#containsValue(Object,boolean):boolean	167aee2df3fa2a072fcf	455	2084	2550	244
METHOD_ENTRY	com.badlogic.gdx.utils.LongMap#containsValue(Object,boolean):boolean	b7e84a30935d1a6d9e38	413	2007	2431	247
METHOD_ENTRY	com.badlogic.gdx.utils.LongMap#findKey(Object,boolean,long):long	b569bb0f063e886e82d5	413	2028	2452	270
METHOD_EXIT	com.badlogic.gdx.utils.LongMap#containsKey(long):boolean	e99bc37afe3a437a266d	455	1899	2365	347
METHOD_EXIT	com.badlogic.gdx.utils.LongMap#findKey(Object,boolean,long):long	94dca17c14f26fca9271	455	2105	2571	391
METHOD_ENTRY	com.badlogic.gdx.utils.LongMap#ensureCapacity(int):void	e728f3b58912306e1ff9	413	1830	2254	241
METHOD_EXIT	com.badlogic.gdx.utils.LongMap#ensureCapacity(int):void	c336b508b5142c81d9e2	455	1841	2307	274
METHOD_EXIT	com.badlogic.gdx.utils.LongMap#resize(int):void	04727680319d3e517697	455	1951	2417	259
METHOD_ENTRY	com.badlogic.gdx.utils.LongMap#resize(int):void	8ab8c993b3ec897cdea6	413	1940	2364	170
METHOD_ENTRY	com.badlogic.gdx.utils.LongMap#equals(Object):boolean	9d467f2f9692cb9b99c3	413	2031	2455	206
METHOD_EXIT	com.badlogic.gdx.utils.LongMap#hashCode():int	be4ff8eeecab659378fd	455	1990	2456	219
METHOD_EXIT	com.badlogic.gdx.utils.LongMap#equals(Object):boolean	2126d461d584727751cb	455	2108	2574	383
METHOD_ENTRY	com.badlogic.gdx.utils.LongMap#equalsIdentity(Object):boolean	ea36751f59364b723ce0	413	1956	2380	409
METHOD_ENTRY	com.badlogic.gdx.utils.LongMap#hashCode():int	0113a4d8b85ae9bf4fc6	413	1916	2340	311
METHOD_EXIT	com.badlogic.gdx.utils.LongMap#equalsIdentity(Object):boolean	476bbf9b076814d9e415	455	2033	2499	399
METHOD_ENTRY	com.badlogic.gdx.utils.LongMap#toString():String	ffdc63595159a761d61c	413	1998	2422	259
METHOD_EXIT	com.badlogic.gdx.utils.LongMap#toString():String	2f94d4e14f60a4979b0b	455	2072	2538	259
METHOD_EXIT	com.badlogic.gdx.utils.LongMap#iterator():Iterator<Entry<V>>	a12a857154fcfb943162	455	1877	2343	208
METHOD_ENTRY	com.badlogic.gdx.utils.LongMap#iterator():Iterator<Entry<V>>	64a52da9a597eaa69009	413	1801	2225	326
METHOD_EXIT	com.badlogic.gdx.utils.LongMap#values():Values<V>	1022615f1d654bc5b966	455	1970	2436	293
METHOD_ENTRY	com.badlogic.gdx.utils.LongMap#entries():Entries<V>	756d16e30019b7d2954e	413	1903	2327	258
METHOD_EXIT	com.badlogic.gdx.utils.LongMap#entries():Entries<V>	b5353cae8c1ec85165e7	455	1978	2444	182
METHOD_ENTRY	com.badlogic.gdx.utils.LongMap#values():Values<V>	171fbb7f51d88169194b	413	1895	2319	286
METHOD_ENTRY	com.badlogic.gdx.utils.LongMap#keys():Keys	edfa3e38dd83b539ba59	413	1891	2315	224
METHOD_EXIT	com.badlogic.gdx.utils.LongMap#keys():Keys	f1158e81c5d127864b10	455	1965	2431	274
METHOD_EXIT	com.badlogic.gdx.utils.LongMap#toString():String	2f94d4e14f60a4979b0b	455	2072	2538	259
METHOD_ENTRY	com.badlogic.gdx.utils.LongMap#toString():String	ffdc63595159a761d61c	413	1998	2422	259
METHOD_ENTRY	com.badlogic.gdx.utils.LongMap#reset():void	f3ac963b8c38a8f5c57c	413	1829	2253	251
METHOD_EXIT	com.badlogic.gdx.utils.LongMap#reset():void	7fe1cfe2fe99369bc545	455	1840	2306	318
METHOD_ENTRY	com.badlogic.gdx.utils.LongMap#findNextIndex():void	1057230dbd8fb1e7f868	413	1856	2280	218
METHOD_ENTRY	com.badlogic.gdx.utils.LongMap#remove():void	b17a06878b33dbd3e3b9	413	2022	2446	270
METHOD_EXIT	com.badlogic.gdx.utils.LongMap#remove():void	950c37955685e621a6d7	455	2033	2499	299
METHOD_EXIT	com.badlogic.gdx.utils.LongMap#findNextIndex():void	832ade6ac1d80b443cd4	455	1867	2333	307
METHOD_ENTRY	com.badlogic.gdx.utils.LongMap#next():Entry<V>	b91fe7e82127f7010685	413	1906	2330	242
METHOD_EXIT	com.badlogic.gdx.utils.LongMap#next():Entry<V>	8cddd8d3bb787200ee95	455	1981	2447	285
METHOD_ENTRY	com.badlogic.gdx.utils.LongMap#iterator():Iterator<Entry<V>>	64a52da9a597eaa69009	413	1801	2225	326
METHOD_EXIT	com.badlogic.gdx.utils.LongMap#hasNext():boolean	8d8401ba70ff999a651c	455	1892	2358	88
METHOD_ENTRY	com.badlogic.gdx.utils.LongMap#hasNext():boolean	ea67e805914478d9a727	413	1818	2242	322
METHOD_EXIT	com.badlogic.gdx.utils.LongMap#iterator():Iterator<Entry<V>>	a12a857154fcfb943162	455	1877	2343	208
METHOD_ENTRY	com.badlogic.gdx.utils.LongMap#hasNext():boolean	ea67e805914478d9a727	413	1818	2242	322
METHOD_ENTRY	com.badlogic.gdx.utils.LongMap#next():V	fcfb84e330b4924a5936	413	1874	2298	235
METHOD_EXIT	com.badlogic.gdx.utils.LongMap#next():V	2cf863e65a7218ba41c7	455	1948	2414	213
METHOD_ENTRY	com.badlogic.gdx.utils.LongMap#iterator():Iterator<V>	170a5657caa0d0fb557c	413	1800	2224	282
METHOD_EXIT	com.badlogic.gdx.utils.LongMap#iterator():Iterator<V>	85e50d7ada7ee56aa708	455	1875	2341	30
METHOD_ENTRY	com.badlogic.gdx.utils.LongMap#toArray():Array<V>	1accc0617ff4784ff5a4	413	1824	2248	273
METHOD_EXIT	com.badlogic.gdx.utils.LongMap#hasNext():boolean	8d8401ba70ff999a651c	455	1892	2358	88
METHOD_EXIT	com.badlogic.gdx.utils.LongMap#toArray():Array<V>	ea4a9a602c7550c81b67	455	1899	2365	161
METHOD_ENTRY	com.badlogic.gdx.utils.LongMap#next():long	a0188136ed6ed79c7248	413	1859	2283	308
METHOD_ENTRY	com.badlogic.gdx.utils.LongMap#toArray():LongArray	ff46c476f4a8a43ccb0f	413	1824	2248	277
METHOD_EXIT	com.badlogic.gdx.utils.LongMap#next():long	0703c75bc09310222748	455	1933	2399	265
METHOD_ENTRY	com.badlogic.gdx.utils.Entry#toString():String	830ac8ae916608cbc8e8	413	579	1003	272
METHOD_EXIT	com.badlogic.gdx.utils.LongMap#toArray():LongArray	af50ff53efc30217205d	455	1899	2365	265
METHOD_ENTRY	com.badlogic.gdx.utils.LongMap#toArray(LongArray):LongArray	148870651e492be3d972	413	1820	2244	250
METHOD_EXIT	com.badlogic.gdx.utils.LongMap#toArray(LongArray):LongArray	1bce4d341a261045985a	455	1898	2364	312
METHOD_EXIT	com.badlogic.gdx.utils.Entry#toString():String	a7df63cec9a493716d67	455	653	1119	366
METHOD_ENTRY	com.badlogic.gdx.utils.MapIterator#reset():void	cacb9ece3e8666c9236a	413	411	835	308
METHOD_EXIT	com.badlogic.gdx.utils.MapIterator#reset():void	2e7b94150607e5816dc6	455	422	888	206
METHOD_ENTRY	com.badlogic.gdx.utils.MapIterator#findNextIndex():void	5e831bdd861c61cd7991	413	438	862	196
METHOD_ENTRY	com.badlogic.gdx.utils.MapIterator#remove():void	84b93b16c370539b4d6e	413	604	1028	330
METHOD_EXIT	com.badlogic.gdx.utils.MapIterator#remove():void	bdb01fb94cde8d7bc4b3	455	615	1081	268
METHOD_ENTRY	com.badlogic.gdx.utils.Entries#next():Entry<V>	dba839aaaf341862be3a	413	488	912	167
METHOD_EXIT	com.badlogic.gdx.utils.MapIterator#findNextIndex():void	21a14c32d92c035a2cc6	455	449	915	273
METHOD_EXIT	com.badlogic.gdx.utils.Entries#next():Entry<V>	946227ccb4827436bdcd	455	563	1029	327
METHOD_ENTRY	com.badlogic.gdx.utils.Entries#hasNext():boolean	f8379590b9bc167d4dbb	413	400	824	145
METHOD_EXIT	com.badlogic.gdx.utils.Entries#hasNext():boolean	51d8833918c042716129	455	474	940	140
METHOD_ENTRY	com.badlogic.gdx.utils.Entries#iterator():Iterator<Entry<V>>	099491c218c7f1a017f9	413	383	807	5
METHOD_ENTRY	com.badlogic.gdx.utils.Values#hasNext():boolean	599be60232ea0cf859da	413	399	823	259
METHOD_EXIT	com.badlogic.gdx.utils.Values#hasNext():boolean	96aff0b5e6f9e0a06f76	455	473	939	174
METHOD_EXIT	com.badlogic.gdx.utils.Entries#iterator():Iterator<Entry<V>>	7a671f019ec6b7a529bb	455	459	925	116
METHOD_EXIT	com.badlogic.gdx.utils.Values#next():V	6f3e2873980504c6a3dd	455	529	995	332
METHOD_ENTRY	com.badlogic.gdx.utils.Values#next():V	0746ea6fda01f3140630	413	455	879	230
METHOD_ENTRY	com.badlogic.gdx.utils.Values#iterator():Iterator<V>	47c8c82a1aeb55ffd928	413	381	805	60
METHOD_EXIT	com.badlogic.gdx.utils.Values#iterator():Iterator<V>	7d4f2401c005f13d9b94	455	456	922	55
METHOD_ENTRY	com.badlogic.gdx.utils.Values#toArray():Array<V>	b4e6b349f3a0be04204b	413	405	829	243
METHOD_EXIT	com.badlogic.gdx.utils.Values#toArray():Array<V>	ec67c0d7bdae5f4e1c5d	455	480	946	190
METHOD_ENTRY	com.badlogic.gdx.utils.Keys#next():long	0eb88b9204bdfcaaf9c6	413	440	864	284
METHOD_EXIT	com.badlogic.gdx.utils.Keys#next():long	0edaa0bf07be519b3b6a	455	514	980	299
METHOD_ENTRY	com.badlogic.gdx.utils.Keys#toArray():LongArray	de96a9a7fff3d8dad6ac	413	405	829	231
METHOD_ENTRY	com.badlogic.gdx.utils.Keys#toArray(LongArray):LongArray	b98f954af24ff03cce2f	413	401	825	289
METHOD_EXIT	com.badlogic.gdx.utils.Keys#toArray(LongArray):LongArray	92026dc60495443fba47	455	479	945	317
METHOD_EXIT	com.badlogic.gdx.utils.Keys#toArray():LongArray	563ff403abb01e969539	455	480	946	205
METHOD_ENTRY	com.badlogic.gdx.utils.JsonMatcher#setProcessor(Processor):void	45f2e34298e090b7c094	413	3022	3446	95
METHOD_EXIT	com.badlogic.gdx.utils.JsonMatcher#setProcessor(Processor):void	8b71d98ecfb61ca34726	455	3033	3499	116
METHOD_EXIT	com.badlogic.gdx.utils.JsonMatcher#addPattern(String):int	668dec6adde98366862e	455	3100	3566	288
METHOD_ENTRY	com.badlogic.gdx.utils.JsonMatcher#parse(char[],int,int):void	024b9fba3b9ba2f0a6a7	413	3145	3569	253
METHOD_ENTRY	com.badlogic.gdx.utils.JsonMatcher#addPattern(String,Processor):int	5270bb4efd2965acbc63	413	3190	3614	407
METHOD_EXIT	com.badlogic.gdx.utils.JsonMatcher#addPattern(String,Processor):int	a50168f72f82a3680483	455	3267	3733	312
METHOD_ENTRY	com.badlogic.gdx.utils.JsonMatcher#captureRoot():void	0eefbbd8bc235d3e78ad	413	3059	3483	199
METHOD_EXIT	com.badlogic.gdx.utils.JsonMatcher#captureRoot():void	04573f2ceecf86f15649	455	3070	3536	360
METHOD_ENTRY	com.badlogic.gdx.utils.JsonMatcher#parseStart():void	d59f04a996195f7db48a	413	3009	3433	212
METHOD_ENTRY	com.badlogic.gdx.utils.JsonMatcher#addPattern(String):int	12c9462b5ee5becf6650	413	3023	3447	272
METHOD_EXIT	com.badlogic.gdx.utils.JsonMatcher#parseStart():void	a5f57106f627bc985e01	455	3020	3486	259
METHOD_EXIT	com.badlogic.gdx.utils.JsonMatcher#parseEnd():void	5a6a79b2687a3ee1471e	455	3020	3486	305
METHOD_ENTRY	com.badlogic.gdx.utils.JsonMatcher#parseEnd():void	97873c43e9ee2cf4e70b	413	3009	3433	225
METHOD_ENTRY	com.badlogic.gdx.utils.JsonMatcher#push(JsonToken,boolean):void	6ac76b0f9686ab9e1a4b	413	3665	4089	296
METHOD_EXIT	com.badlogic.gdx.utils.JsonMatcher#push(JsonToken,boolean):void	ca539f32cd16f36ed9f8	455	3676	4142	203
METHOD_ENTRY	com.badlogic.gdx.utils.JsonMatcher#pop():void	b1cdf646601ef3b43699	413	3294	3718	263
METHOD_ENTRY	com.badlogic.gdx.utils.JsonMatcher#value(JsonToken,JsonToken):void	fcb7b63c091823e53898	413	3407	3831	312
METHOD_EXIT	com.badlogic.gdx.utils.JsonMatcher#value(JsonToken,JsonToken):void	ad87ba20b9217884525e	455	3418	3884	324
METHOD_EXIT	com.badlogic.gdx.utils.JsonMatcher#parse(char[],int,int):void	caa90233cd3384c471ed	455	3156	3622	231
METHOD_ENTRY	com.badlogic.gdx.utils.JsonMatcher#captureValue(Pattern,int,JsonToken,JsonValue):void	df9c7cb6dff6fd7a59cd	413	3234	3658	320
METHOD_EXIT	com.badlogic.gdx.utils.JsonMatcher#captureValue(Pattern,int,JsonToken,JsonValue):void	9a4826561b6716549e6e	455	3245	3711	340
METHOD_ENTRY	com.badlogic.gdx.utils.JsonMatcher#captured(Pattern):void	59a5401df31d6391af83	413	3109	3533	236
METHOD_EXIT	com.badlogic.gdx.utils.JsonMatcher#captured(Pattern):void	4bf99b5c507e7d31ed4e	455	3120	3586	261
METHOD_ENTRY	com.badlogic.gdx.utils.JsonMatcher#captureAllStart(Pattern,int,JsonToken,boolean):void	be33128d981c2eb6c6ef	413	3186	3610	182
METHOD_EXIT	com.badlogic.gdx.utils.JsonMatcher#captureAllStart(Pattern,int,JsonToken,boolean):void	baf906428c3bf7b0b919	455	3197	3663	337
METHOD_EXIT	com.badlogic.gdx.utils.JsonMatcher#captureAllValue(Pattern,JsonToken,JsonValue):void	aec9dc60ce40ac3b4943	455	3128	3594	315
METHOD_ENTRY	com.badlogic.gdx.utils.JsonMatcher#process(Pattern,boolean):void	6be8488814f3588bb78a	413	3192	3616	255
METHOD_EXIT	com.badlogic.gdx.utils.JsonMatcher#process(Pattern,boolean):void	c31ef0a9429170e65c0d	455	3203	3669	275
METHOD_ENTRY	com.badlogic.gdx.utils.JsonMatcher#process(JsonValue):void	7536744fb2014eaa4b36	413	3016	3440	277
METHOD_EXIT	com.badlogic.gdx.utils.JsonMatcher#pop():void	9eaa717d49e8734f4ab3	455	3305	3771	251
METHOD_EXIT	com.badlogic.gdx.utils.JsonMatcher#process(JsonValue):void	c7d16be490f0832d4e17	455	3027	3493	310
METHOD_ENTRY	com.badlogic.gdx.utils.JsonMatcher#depth():int	1b1a503ddbfd7beb1d26	413	3011	3435	62
METHOD_EXIT	com.badlogic.gdx.utils.JsonMatcher#depth():int	b5d48aba790df2fd9593	455	3085	3551	256
METHOD_ENTRY	com.badlogic.gdx.utils.JsonMatcher#pattern():int	62dc5e475561689cd4f9	413	3045	3469	563
METHOD_ENTRY	com.badlogic.gdx.utils.JsonMatcher#captureAllValue(Pattern,JsonToken,JsonValue):void	af1f5b6894a483b7b090	413	3117	3541	210
METHOD_EXIT	com.badlogic.gdx.utils.JsonMatcher#pattern():int	92e3f4a84595f8baff9d	455	3119	3585	331
METHOD_ENTRY	com.badlogic.gdx.utils.JsonMatcher#stop():void	df67507e8b41767a28f5	413	3023	3447	217
METHOD_ENTRY	com.badlogic.gdx.utils.JsonMatcher#end():void	f3512f901b7d6c33dafb	413	3011	3435	210
METHOD_EXIT	com.badlogic.gdx.utils.JsonMatcher#end():void	878796fd0779355dddd5	455	3022	3488	284
METHOD_ENTRY	com.badlogic.gdx.utils.JsonMatcher#reject():void	c60620a580bb8bd7799f	413	3058	3482	199
METHOD_EXIT	com.badlogic.gdx.utils.JsonMatcher#reject():void	6b932e05a15df63415ec	455	3069	3535	122
METHOD_EXIT	com.badlogic.gdx.utils.JsonMatcher#reject(int):void	d07128ecac52d471f603	455	3085	3551	288
METHOD_ENTRY	com.badlogic.gdx.utils.JsonMatcher#rejectAll():void	8ce191802e009e008f72	413	3074	3498	250
METHOD_EXIT	com.badlogic.gdx.utils.JsonMatcher#rejectAll():void	38290167b0fdc4d5edb3	455	3085	3551	289
METHOD_ENTRY	com.badlogic.gdx.utils.JsonMatcher#clear():void	29ed10086b79da4ad129	413	3039	3463	265
METHOD_EXIT	com.badlogic.gdx.utils.JsonMatcher#clear():void	6c689bf132b04ccf06b7	455	3050	3516	274
METHOD_ENTRY	com.badlogic.gdx.utils.JsonMatcher#clear(int):void	649ba684b60f64af4b33	413	3055	3479	181
METHOD_EXIT	com.badlogic.gdx.utils.JsonMatcher#clear(int):void	36c6e11df186cad0bcd3	455	3066	3532	289
METHOD_ENTRY	com.badlogic.gdx.utils.JsonMatcher#clearAll():void	cde2774bcc8065860773	413	3049	3473	240
METHOD_EXIT	com.badlogic.gdx.utils.JsonMatcher#stop():void	b0afdcb2700edb979872	455	3034	3500	258
METHOD_EXIT	com.badlogic.gdx.utils.JsonMatcher#clearAll():void	3d4c0adf7c9b10a5d9cb	455	3060	3526	280
METHOD_ENTRY	com.badlogic.gdx.utils.JsonMatcher#path():String	756bf5e5d2690a0ac0f3	413	3109	3533	247
METHOD_EXIT	com.badlogic.gdx.utils.JsonMatcher#path():String	87ba48d4bb6580706a17	455	3183	3649	300
METHOD_ENTRY	com.badlogic.gdx.utils.JsonMatcher#reject(int):void	58cd1d507048248aa879	413	3074	3498	242
METHOD_ENTRY	com.badlogic.gdx.utils.JsonMatcher#parent():String	9c5bef408174e5390c12	413	3074	3498	294
METHOD_EXIT	com.badlogic.gdx.utils.JsonMatcher#parent():String	11c93cfe03a7cbef4558	455	3148	3614	333
METHOD_ENTRY	com.badlogic.gdx.utils.JsonMatcher#parent(int):String	8aa1e36c998a0181b82d	413	3090	3514	345
METHOD_ENTRY	com.badlogic.gdx.utils.JsonMatcher#newMatch(String,boolean,boolean,boolean,boolean,boolean,boolean,boolean):Match	bd8f7b6c981030051c94	413	3169	3593	281
METHOD_EXIT	com.badlogic.gdx.utils.JsonMatcher#newMatch(String,boolean,boolean,boolean,boolean,boolean,boolean,boolean):Match	0dc6e212e9ed9c580e5f	455	3246	3712	282
METHOD_ENTRY	com.badlogic.gdx.utils.JsonMatcher#newNode(Match[],boolean,Node,Node):Node	85a0048d30fb96425ce5	413	3152	3576	246
METHOD_ENTRY	com.badlogic.gdx.utils.JsonMatcher#newPattern(Node,Processor):Pattern	fe3d6fa72511f6ff5e61	413	3375	3799	236
METHOD_EXIT	com.badlogic.gdx.utils.JsonMatcher#newPattern(Node,Processor):Pattern	583844c0021043ea2371	455	3452	3918	312
METHOD_ENTRY	com.badlogic.gdx.utils.JsonMatcher#debug(Pattern,String):void	6b6b04635b2f0c386a53	413	3090	3514	128
METHOD_EXIT	com.badlogic.gdx.utils.JsonMatcher#debug(Pattern,String):void	44b01657872a270508ca	455	3101	3567	276
METHOD_ENTRY	com.badlogic.gdx.utils.JsonMatcher#valueStart():JsonValue	928e10da6cc7755cf631	413	3109	3533	289
METHOD_ENTRY	com.badlogic.gdx.utils.JsonMatcher#parseValue(char[],int,int):JsonValue	ce096971a744096b4909	413	3057	3481	143
METHOD_EXIT	com.badlogic.gdx.utils.JsonMatcher#parseValue(char[],int,int):JsonValue	3cd5554dd1243ba02dbd	455	3135	3601	182
METHOD_EXIT	com.badlogic.gdx.utils.JsonMatcher#valueStart():JsonValue	5f7b6bdcbcb80640bd51	455	3184	3650	290
METHOD_ENTRY	com.badlogic.gdx.utils.JsonMatcher#parseValue(String):JsonValue	972cdfeb9b7bce38e2ab	413	3033	3457	315
METHOD_EXIT	com.badlogic.gdx.utils.JsonMatcher#parent(int):String	20d170738dff2bf0b878	455	3167	3633	326
METHOD_EXIT	com.badlogic.gdx.utils.JsonMatcher#parseValue(String):JsonValue	5e3d22fd38581877378e	455	3111	3577	230
METHOD_ENTRY	com.badlogic.gdx.utils.JsonMatcher#parseValue(Reader):JsonValue	dc2e819953e7ab0a0ffd	413	3034	3458	215
METHOD_ENTRY	com.badlogic.gdx.utils.JsonMatcher#parseValue(InputStream):JsonValue	1e823a52a84b89bfe329	413	3036	3460	266
METHOD_EXIT	com.badlogic.gdx.utils.JsonMatcher#parseValue(Reader):JsonValue	bad43d26730c0b02b356	455	3112	3578	280
METHOD_EXIT	com.badlogic.gdx.utils.JsonMatcher#parseValue(InputStream):JsonValue	778ce9140d8b893e1a9e	455	3114	3580	324
METHOD_EXIT	com.badlogic.gdx.utils.JsonMatcher#newNode(Match[],boolean,Node,Node):Node	d28c393c9a0d1d812061	455	3229	3695	285
METHOD_ENTRY	com.badlogic.gdx.utils.JsonMatcher#parseValue(FileHandle):JsonValue	2d2cc02e278ed343a61d	413	3036	3460	178
METHOD_ENTRY	com.badlogic.gdx.utils.JsonMatcher#clearCapture():void	3c37a74f00cdaf7e5732	413	3054	3478	239
METHOD_EXIT	com.badlogic.gdx.utils.JsonMatcher#clearCapture():void	f33215ac52a682d16d38	455	3065	3531	214
METHOD_ENTRY	com.badlogic.gdx.utils.JsonMatcher#reset():void	a723bd8f76c5a0542cc5	413	3060	3484	130
METHOD_EXIT	com.badlogic.gdx.utils.JsonMatcher#reset():void	df1f3d43bf92aebf2740	455	3071	3537	241
METHOD_ENTRY	com.badlogic.gdx.utils.JsonMatcher#toString():String	c3700af2cde1efca69a2	413	3045	3469	344
METHOD_ENTRY	com.badlogic.gdx.utils.JsonMatcher#match(JsonToken):int	4ee63cd4c254e8d9feb6	413	3088	3512	302
METHOD_EXIT	com.badlogic.gdx.utils.JsonMatcher#match(JsonToken):int	2782cd1b6856de9b338f	455	3165	3631	382
METHOD_ENTRY	com.badlogic.gdx.utils.JsonMatcher#toString(StringBuilder):void	d0dc716f0ad1c72a9512	413	3086	3510	263
METHOD_EXIT	com.badlogic.gdx.utils.JsonMatcher#toString(StringBuilder):void	c671bb5a8cf432c21446	455	3097	3563	284
METHOD_ENTRY	com.badlogic.gdx.utils.JsonMatcher#toString():String	c3700af2cde1efca69a2	413	3045	3469	344
METHOD_ENTRY	com.badlogic.gdx.utils.JsonMatcher#toString(StringBuilder):void	d0dc716f0ad1c72a9512	413	3086	3510	263
METHOD_EXIT	com.badlogic.gdx.utils.JsonMatcher#toString():String	c310fd329452357b9f7f	455	3119	3585	307
METHOD_EXIT	com.badlogic.gdx.utils.JsonMatcher#toString():String	c310fd329452357b9f7f	455	3119	3585	307
METHOD_EXIT	com.badlogic.gdx.utils.JsonMatcher#parseValue(FileHandle):JsonValue	1a83edbc86c5484bd4f4	455	3114	3580	301
METHOD_EXIT	com.badlogic.gdx.utils.JsonMatcher#toString(StringBuilder):void	c671bb5a8cf432c21446	455	3097	3563	284
METHOD_ENTRY	com.badlogic.gdx.utils.Pattern#clearCapture():void	4f90f31f022b625bd31c	413	419	843	188
METHOD_EXIT	com.badlogic.gdx.utils.Pattern#clearCapture():void	abd6f08c75ddd5efb600	455	430	896	175
METHOD_ENTRY	com.badlogic.gdx.utils.Pattern#reset():void	2181d135d00fa8e210a9	413	425	849	226
METHOD_EXIT	com.badlogic.gdx.utils.JsonMatcher#toString():String	c310fd329452357b9f7f	455	3119	3585	307
METHOD_ENTRY	com.badlogic.gdx.utils.JsonMatcher#toString():String	c3700af2cde1efca69a2	413	3045	3469	344
METHOD_EXIT	com.badlogic.gdx.utils.Pattern#toString():String	d8b65a16e95906f5c7eb	455	484	950	278
METHOD_ENTRY	com.badlogic.gdx.utils.Node#match(JsonToken):int	6275bbb9f68b59551133	413	453	877	263
METHOD_EXIT	com.badlogic.gdx.utils.Node#match(JsonToken):int	7e820e61a618982981c2	455	530	996	364
METHOD_EXIT	com.badlogic.gdx.utils.Node#toString(StringBuilder):void	c63db130199089dd50ab	455	462	928	302
METHOD_ENTRY	com.badlogic.gdx.utils.Node#toString(StringBuilder):void	9f0abf6976a77cd4de3d	413	451	875	261
METHOD_ENTRY	com.badlogic.gdx.utils.Node#toString():String	fbd7ebca0d7b33b5290d	413	410	834	342
METHOD_EXIT	com.badlogic.gdx.utils.Node#toString():String	8874178c81333197b8b5	455	484	950	243
METHOD_ENTRY	com.badlogic.gdx.utils.Match#toString(StringBuilder):void	46d95e6c529a4e80ae98	413	451	875	104
METHOD_EXIT	com.badlogic.gdx.utils.Match#toString(StringBuilder):void	c627a55fe88a91f60135	455	462	928	295
METHOD_ENTRY	com.badlogic.gdx.utils.Pattern#toString():String	2c04162d1a810236bcad	413	410	834	298
METHOD_ENTRY	com.badlogic.gdx.utils.Match#toString():String	b14619e355954a639c95	413	410	834	239
METHOD_EXIT	com.badlogic.gdx.utils.Match#toString():String	15a752444080c8d047b8	455	484	950	418
METHOD_ENTRY	com.badlogic.gdx.utils.TimSort#doSort(T[],Comparator<T>,int,int):void	1e48343c264c58455ba4	413	3234	3658	217
METHOD_EXIT	com.badlogic.gdx.utils.Pattern#reset():void	79fdeee8e8bbe976363d	455	436	902	104
METHOD_ENTRY	com.badlogic.gdx.utils.TimSort#sort(T[],Comparator<? super T>):void	984c7e68d2808df47238	413	2796	3220	242
METHOD_EXIT	com.badlogic.gdx.utils.TimSort#doSort(T[],Comparator<T>,int,int):void	32dd023f913b6264aacc	455	3245	3711	267
METHOD_EXIT	com.badlogic.gdx.utils.TimSort#sort(T[],Comparator<? super T>):void	33f6ab5912865b8dd395	455	2807	3273	256
METHOD_EXIT	com.badlogic.gdx.utils.TimSort#sort(T[],int,int,Comparator<? super T>):void	ea44307bbce292146c7e	455	3222	3688	380
METHOD_ENTRY	com.badlogic.gdx.utils.TimSort#binarySort(T[],int,int,int,Comparator<? super T>):void	855e831d3040ee113069	413	3182	3606	236
METHOD_EXIT	com.badlogic.gdx.utils.TimSort#binarySort(T[],int,int,int,Comparator<? super T>):void	5bf59efdd113eae66f5c	455	3193	3659	334
METHOD_ENTRY	com.badlogic.gdx.utils.TimSort#reverseRange(Object[],int,int):void	3c8eea9593b7e7f11ac5	413	2825	3249	229
METHOD_EXIT	com.badlogic.gdx.utils.TimSort#countRunAndMakeAscending(T[],int,int,Comparator<? super T>):int	34c824cda741aa268e91	455	3051	3517	261
METHOD_EXIT	com.badlogic.gdx.utils.TimSort#reverseRange(Object[],int,int):void	b6aac37d10d88910a4b7	455	2836	3302	291
METHOD_ENTRY	com.badlogic.gdx.utils.TimSort#minRunLength(int):int	fbb4ce26eb14b90d05b9	413	2832	3256	264
METHOD_EXIT	com.badlogic.gdx.utils.TimSort#minRunLength(int):int	df5aa612a4936e4c0323	455	2909	3375	315
METHOD_ENTRY	com.badlogic.gdx.utils.TimSort#pushRun(int,int):void	1401a88965ba69f49f0b	413	2803	3227	285
METHOD_EXIT	com.badlogic.gdx.utils.TimSort#pushRun(int,int):void	3117bde1ad6b084557fa	455	2814	3280	213
METHOD_ENTRY	com.badlogic.gdx.utils.TimSort#mergeCollapse():void	9877ce90bef00c2c4ba0	413	2892	3316	303
METHOD_ENTRY	com.badlogic.gdx.utils.TimSort#sort(T[],int,int,Comparator<? super T>):void	b547e50b2ff742dfcddf	413	3211	3635	229
METHOD_EXIT	com.badlogic.gdx.utils.TimSort#mergeCollapse():void	af5799215c053f4bca74	455	2903	3369	350
METHOD_ENTRY	com.badlogic.gdx.utils.TimSort#mergeForceCollapse():void	c911fc7d4a7d8d52e5a6	413	2812	3236	310
METHOD_EXIT	com.badlogic.gdx.utils.TimSort#mergeForceCollapse():void	a72f82ed11b1b9587f68	455	2823	3289	258
METHOD_ENTRY	com.badlogic.gdx.utils.TimSort#countRunAndMakeAscending(T[],int,int,Comparator<? super T>):int	25743bf35f5902e36589	413	2974	3398	247
METHOD_ENTRY	com.badlogic.gdx.utils.TimSort#mergeAt(int):void	76c277b970d9bccc50e2	413	3259	3683	195
METHOD_ENTRY	com.badlogic.gdx.utils.TimSort#gallopLeft(T,T[],int,int,int,Comparator<? super T>):int	3ac365a15391689cad05	413	3423	3847	269
METHOD_EXIT	com.badlogic.gdx.utils.TimSort#mergeAt(int):void	b40dee2c519d60ed2ec0	455	3270	3736	317
METHOD_ENTRY	com.badlogic.gdx.utils.TimSort#gallopRight(T,T[],int,int,int,Comparator<? super T>):int	919b9ce099fcb10b74f0	413	3411	3835	286
METHOD_EXIT	com.badlogic.gdx.utils.TimSort#gallopRight(T,T[],int,int,int,Comparator<? super T>):int	426d5b7c8a6e6f172cd7	455	3488	3954	360
METHOD_ENTRY	com.badlogic.gdx.utils.TimSort#mergeLo(int,int,int,int):void	e8147a5671d337c96748	413	3804	4228	178
METHOD_ENTRY	com.badlogic.gdx.utils.TimSort#mergeHi(int,int,int,int):void	de51126a507849fc0032	413	3888	4312	178
METHOD_ENTRY	com.badlogic.gdx.utils.TimSort#ensureCapacity(int):T[]	8be0185f60a8e7983744	413	2929	3353	252
METHOD_EXIT	com.badlogic.gdx.utils.TimSort#ensureCapacity(int):T[]	2865dd950b746f227f1c	455	3006	3472	277
METHOD_EXIT	com.badlogic.gdx.utils.TimSort#mergeHi(int,int,int,int):void	dc9e45f861deee710036	455	3899	4365	277
METHOD_ENTRY	com.badlogic.gdx.utils.Pools#get(Class<T>,int):Pool<T>	27189faf35d21a3811da	413	1013	1437	105
METHOD_ENTRY	com.badlogic.gdx.utils.Pools#get(Class<T>):Pool<T>	e3cb83c2039f8b139b22	413	877	1301	126
METHOD_EXIT	com.badlogic.gdx.utils.Pools#get(Class<T>):Pool<T>	ecfa9595b86a37c5ca07	455	955	1421	282
METHOD_EXIT	com.badlogic.gdx.utils.Pools#get(Class<T>,int):Pool<T>	98f52a80bcbe733d7c6a	455	1091	1557	280
METHOD_ENTRY	com.badlogic.gdx.utils.Pools#set(Class<T>,Pool<T>):void	f9e646fcbf743c615548	413	887	1311	248
METHOD_ENTRY	com.badlogic.gdx.utils.TimSort#rangeCheck(int,int,int):void	d0ef435cbba79490a417	413	2859	3283	294
METHOD_EXIT	com.badlogic.gdx.utils.Pools#set(Class<T>,Pool<T>):void	0d880796604c2294005c	455	898	1364	246
METHOD_ENTRY	com.badlogic.gdx.utils.Pools#set(PoolSupplier<T>,int):void	607fd32f708a457ffe6e	413	910	1334	208
METHOD_EXIT	com.badlogic.gdx.utils.Pools#set(PoolSupplier<T>,int):void	d00e25d8f447ce11c126	455	921	1387	244
METHOD_EXIT	com.badlogic.gdx.utils.Pools#set(PoolSupplier<T>):void	9f5dac6f97b8498c15c2	455	893	1359	178
METHOD_ENTRY	com.badlogic.gdx.utils.Pools#obtain(Class<T>):T	3dfd57a7961abee698e5	413	875	1299	205
METHOD_EXIT	com.badlogic.gdx.utils.TimSort#rangeCheck(int,int,int):void	89bf4c82bede68f6396d	455	2870	3336	320
METHOD_ENTRY	com.badlogic.gdx.utils.Pools#set(PoolSupplier<T>):void	bca39699b0e4e55176ed	413	882	1306	181
METHOD_EXIT	com.badlogic.gdx.utils.Pools#obtain(Class<T>):T	8fc0c98e6366317033be	455	952	1418	186
METHOD_ENTRY	com.badlogic.gdx.utils.Pools#free(Object):void	03516fcc488f838d564d	413	914	1338	229
METHOD_EXIT	com.badlogic.gdx.utils.TimSort#gallopLeft(T,T[],int,int,int,Comparator<? super T>):int	d35846c14c89208830c5	455	3500	3966	265
METHOD_EXIT	com.badlogic.gdx.utils.Pools#free(Object):void	a83675a29bdc1c0271ea	455	925	1391	287
METHOD_ENTRY	com.badlogic.gdx.utils.Pools#freeAll(Array):void	1ed1819f4ac2b212edc3	413	868	1292	261
METHOD_EXIT	com.badlogic.gdx.utils.Pools#freeAll(Array):void	e081f0adef6fec116f26	455	879	1345	147
METHOD_EXIT	com.badlogic.gdx.utils.Pools#freeAll(Array,boolean):void	afc5d2c9c9eba5fa9e5d	455	1007	1473	232
METHOD_ENTRY	com.badlogic.gdx.utils.Pools#freeAll(Array,boolean):void	dc95a77beabb83037d8c	413	996	1420	248
METHOD_ENTRY	com.badlogic.gdx.utils.UBJsonReader#parse(InputStream):JsonValue	851fd1d1b5c1f3428a40	413	762	1186	220
METHOD_EXIT	com.badlogic.gdx.utils.UBJsonReader#parse(FileHandle):JsonValue	455ef4dcf3d9d2f0cc03	455	819	1285	302
METHOD_ENTRY	com.badlogic.gdx.utils.UBJsonReader#parse(FileHandle):JsonValue	818d169979ba5d3381f5	413	741	1165	229
METHOD_ENTRY	com.badlogic.gdx.utils.UBJsonReader#parse(DataInputStream):JsonValue	4f85e970614c643de0e8	413	736	1160	205
METHOD_EXIT	com.badlogic.gdx.utils.TimSort#mergeLo(int,int,int,int):void	da735a0266b8b4c046ce	455	3815	4281	224
METHOD_ENTRY	com.badlogic.gdx.utils.UBJsonReader#parse(DataInputStream,byte):JsonValue	1697aa6de3dd3d240798	413	1072	1496	317
METHOD_EXIT	com.badlogic.gdx.utils.UBJsonReader#parse(DataInputStream):JsonValue	e9b4816ea3a104d81337	455	814	1280	312
METHOD_EXIT	com.badlogic.gdx.utils.UBJsonReader#parse(DataInputStream,byte):JsonValue	5d5812266a61f37b7448	455	1150	1616	359
METHOD_ENTRY	com.badlogic.gdx.utils.UBJsonReader#parseArray(DataInputStream):JsonValue	5d9df82381cce706b0b3	413	990	1414	184
METHOD_EXIT	com.badlogic.gdx.utils.UBJsonReader#parseArray(DataInputStream):JsonValue	7a5e3df6cb182d320b48	455	1068	1534	270
METHOD_ENTRY	com.badlogic.gdx.utils.UBJsonReader#parseObject(DataInputStream):JsonValue	0047376d59c03d2ee26b	413	1002	1426	215
METHOD_EXIT	com.badlogic.gdx.utils.UBJsonReader#parseData(DataInputStream,byte):JsonValue	ba8e93d064f01b104632	455	991	1457	267
METHOD_ENTRY	com.badlogic.gdx.utils.UBJsonReader#parseData(DataInputStream,byte):JsonValue	b206d7672a2ccf0e33c1	413	913	1337	285
METHOD_EXIT	com.badlogic.gdx.utils.UBJsonReader#parse(InputStream):JsonValue	c9ea525217b3323c1865	455	840	1306	248
METHOD_ENTRY	com.badlogic.gdx.utils.UBJsonReader#parseString(DataInputStream,byte):String	002abf16871617ebd254	413	727	1151	298
METHOD_EXIT	com.badlogic.gdx.utils.UBJsonReader#parseString(DataInputStream,byte):String	384bd0b97e0e2ce2302d	455	804	1270	299
METHOD_ENTRY	com.badlogic.gdx.utils.UBJsonReader#parseString(DataInputStream,boolean,byte):String	c23fe9628cf621d036ba	413	841	1265	278
METHOD_ENTRY	com.badlogic.gdx.utils.UBJsonReader#parseSize(DataInputStream,boolean,long):long	4148c936b0d33285e964	413	753	1177	127
METHOD_EXIT	com.badlogic.gdx.utils.UBJsonReader#parseString(DataInputStream,boolean,byte):String	e0302fba2bd16cc1fe45	455	918	1384	406
METHOD_EXIT	com.badlogic.gdx.utils.UBJsonReader#parseSize(DataInputStream,byte,boolean,long):long	8b0e4efd67814ae7692e	455	992	1458	366
METHOD_EXIT	com.badlogic.gdx.utils.UBJsonReader#parseSize(DataInputStream,boolean,long):long	bf7ba04a6431f56b9169	455	830	1296	255
METHOD_ENTRY	com.badlogic.gdx.utils.UBJsonReader#readUChar(DataInputStream):short	f6e3d2d2ab188a0d6381	413	724	1148	73
METHOD_EXIT	com.badlogic.gdx.utils.UBJsonReader#readUChar(DataInputStream):short	b143f61caa268a38378b	455	801	1267	182
METHOD_ENTRY	com.badlogic.gdx.utils.UBJsonReader#readUShort(DataInputStream):int	06d6f7bcc37591d1ce09	413	722	1146	110
METHOD_EXIT	com.badlogic.gdx.utils.UBJsonReader#readUShort(DataInputStream):int	0662b2fdc8c0f88e7069	455	799	1265	226
METHOD_EXIT	com.badlogic.gdx.utils.UBJsonReader#readUInt(DataInputStream):long	88808d5e982ded45b064	455	797	1263	158
METHOD_EXIT	com.badlogic.gdx.utils.UBJsonReader#parseObject(DataInputStream):JsonValue	d8e7370afe3b718a005d	455	1080	1546	261
METHOD_ENTRY	com.badlogic.gdx.utils.UBJsonReader#readUInt(DataInputStream):long	9d6a5a53faca3e32d419	413	720	1144	151
METHOD_ENTRY	com.badlogic.gdx.utils.Sort#sort(Array<T>):void	b464d30cd047d2f6fde4	413	663	1087	247
METHOD_EXIT	com.badlogic.gdx.utils.Sort#sort(Array<T>):void	7f2447d732291e038c61	455	674	1140	271
METHOD_ENTRY	com.badlogic.gdx.utils.Sort#sort(Object[]):void	a179759a13d9fc4b495c	413	654	1078	187
METHOD_ENTRY	com.badlogic.gdx.utils.Sort#sort(Object[],int,int):void	3f53bfc9a29cfcba4538	413	677	1101	231
METHOD_EXIT	com.badlogic.gdx.utils.Sort#sort(Object[],int,int):void	54cde18997a0347ccd21	455	688	1154	349
METHOD_ENTRY	com.badlogic.gdx.utils.UBJsonReader#readString(DataInputStream,long):String	d5945c44e80034214dc3	413	746	1170	276
METHOD_EXIT	com.badlogic.gdx.utils.UBJsonReader#readString(DataInputStream,long):String	ff3ec0c7069aaa1202bc	455	823	1289	386
METHOD_ENTRY	com.badlogic.gdx.utils.UBJsonReader#parseSize(DataInputStream,byte,boolean,long):long	0d50c787e81055de6cb6	413	915	1339	384
METHOD_ENTRY	com.badlogic.gdx.utils.Sort#sort(Array<T>,Comparator<? super T>):void	748f8830506dfd91a3b5	413	678	1102	200
METHOD_ENTRY	com.badlogic.gdx.utils.Sort#sort(T[],Comparator<? super T>):void	ad43718138f21ac807f5	413	674	1098	167
METHOD_EXIT	com.badlogic.gdx.utils.Sort#sort(T[],Comparator<? super T>):void	10910791a213da8a85b4	455	685	1151	233
METHOD_EXIT	com.badlogic.gdx.utils.Sort#sort(Object[]):void	ffd8d5efb592e2ad757a	455	665	1131	321
METHOD_EXIT	com.badlogic.gdx.utils.Sort#sort(Array<T>,Comparator<? super T>):void	0d71bd3ff9f476a521a8	455	689	1155	312
METHOD_ENTRY	com.badlogic.gdx.utils.Sort#sort(T[],Comparator<? super T>,int,int):void	c4658777864223d03f3a	413	697	1121	194
METHOD_EXIT	com.badlogic.gdx.utils.Sort#sort(T[],Comparator<? super T>,int,int):void	a2fd586f8d0e5c87d14e	455	708	1174	381
METHOD_EXIT	com.badlogic.gdx.utils.Sort#instance():Sort	04e6de9adf56440875c2	455	704	1170	222
METHOD_ENTRY	com.badlogic.gdx.utils.Sort#instance():Sort	958baadf9434bcb2aad9	413	630	1054	52
METHOD_ENTRY	com.badlogic.gdx.utils.PatternParser#init__parser_key_offsets_0():byte[]	41ecdd7be6033bcffe4a	413	757	1181	51
METHOD_EXIT	com.badlogic.gdx.utils.PatternParser#init__parser_actions_0():byte[]	be4dd7aa42d508554d4a	455	932	1398	201
METHOD_EXIT	com.badlogic.gdx.utils.PatternParser#init__parser_key_offsets_0():byte[]	be450f86099e298e6fd6	455	831	1297	283
METHOD_EXIT	com.badlogic.gdx.utils.PatternParser#parse(JsonMatcher,String,Processor):Pattern	0bfa8e39df5cd31cfd56	455	3005	3471	226
METHOD_ENTRY	com.badlogic.gdx.utils.PatternParser#init__parser_actions_0():byte[]	c31c47519e7da64bd9cf	413	858	1282	249
METHOD_ENTRY	com.badlogic.gdx.utils.PatternParser#parse(JsonMatcher,String,Processor):Pattern	f96e48c05b15eb978840	413	2928	3352	173
METHOD_ENTRY	com.badlogic.gdx.utils.PatternParser#init__parser_trans_keys_0():char[]	cdb114826f16aab80c24	413	964	1388	315
METHOD_EXIT	com.badlogic.gdx.utils.PatternParser#init__parser_trans_keys_0():char[]	73c74d1b158163bc79a1	455	1038	1504	276
METHOD_ENTRY	com.badlogic.gdx.utils.PatternParser#init__parser_single_lengths_0():byte[]	57b71406bf6763b0525b	413	757	1181	5
METHOD_EXIT	com.badlogic.gdx.utils.PatternParser#init__parser_single_lengths_0():byte[]	9fc573ec26785621e58e	455	831	1297	213
METHOD_ENTRY	com.badlogic.gdx.utils.PatternParser#init__parser_range_lengths_0():byte[]	3c493e07bc6e7f10aeb8	413	757	1181	66
METHOD_EXIT	com.badlogic.gdx.utils.PatternParser#init__parser_range_lengths_0():byte[]	b61699e81c988e91663a	455	831	1297	277
METHOD_ENTRY	com.badlogic.gdx.utils.PatternParser#init__parser_index_offsets_0():short[]	b634becf9e385e65aa7f	413	757	1181	251
METHOD_EXIT	com.badlogic.gdx.utils.PatternParser#init__parser_index_offsets_0():short[]	6f546547a61b7c57cbfb	455	831	1297	235
METHOD_ENTRY	com.badlogic.gdx.utils.PatternParser#init__parser_indicies_0():byte[]	605a75d8cdb4507ef7b5	413	1030	1454	290
METHOD_ENTRY	com.badlogic.gdx.utils.PatternParser#init__parser_trans_targs_0():byte[]	de4397914fec8240c0f2	413	841	1265	1075
METHOD_ENTRY	com.badlogic.gdx.utils.PatternParser#init__parser_trans_actions_0():byte[]	e8dc913b771b112221e8	413	839	1263	43
METHOD_EXIT	com.badlogic.gdx.utils.PatternParser#init__parser_trans_targs_0():byte[]	9573f471e10b28399fc0	455	915	1381	211
METHOD_EXIT	com.badlogic.gdx.utils.PatternParser#init__parser_trans_actions_0():byte[]	888765c892b537433bed	455	913	1379	262
METHOD_ENTRY	com.badlogic.gdx.utils.PatternParser#init__parser_eof_actions_0():byte[]	90372e1a0bb3fc6904a1	413	759	1183	64
METHOD_EXIT	com.badlogic.gdx.utils.PatternParser#init__parser_eof_actions_0():byte[]	b88684cd09f8b648acca	455	833	1299	292
METHOD_EXIT	com.badlogic.gdx.utils.PatternParser#init__parser_indicies_0():byte[]	49cce045eccadb035d8b	455	1104	1570	243
METHOD_ENTRY	com.badlogic.gdx.utils.ObjectMap#place(K):int	73fb403a5c5e711ef10f	413	1916	2340	246
METHOD_EXIT	com.badlogic.gdx.utils.ObjectMap#place(K):int	0f15f6297d980b876173	455	1993	2459	229
METHOD_ENTRY	com.badlogic.gdx.utils.ObjectMap#locateKey(K):int	f302aef6967150ee65b4	413	1984	2408	244
METHOD_EXIT	com.badlogic.gdx.utils.ObjectMap#locateKey(K):int	0e21e7c21165ad1bde6d	455	2061	2527	358
METHOD_ENTRY	com.badlogic.gdx.utils.ObjectMap#put(K,V):V	0bd23a498aa8007cd2dd	413	1998	2422	229
METHOD_EXIT	com.badlogic.gdx.utils.ObjectMap#put(K,V):V	610952b1c98d61701299	455	2075	2541	360
METHOD_ENTRY	com.badlogic.gdx.utils.ObjectMap#putAll(ObjectMap<? extends K, ? extends V>):void	123adde2fd9af2303e24	413	1991	2415	231
METHOD_ENTRY	com.badlogic.gdx.utils.ObjectMap#putResize(K,V):void	92823345692b012b0b64	413	1968	2392	215
METHOD_EXIT	com.badlogic.gdx.utils.ObjectMap#putResize(K,V):void	43478750a986289a44d0	455	1979	2445	288
METHOD_ENTRY	com.badlogic.gdx.utils.ObjectMap#get(T):V	a12b10158af678de1dd9	413	1914	2338	260
METHOD_ENTRY	com.badlogic.gdx.utils.ObjectMap#get(K,V):V	df71ebb42c0d19ed0d47	413	1921	2345	211
METHOD_EXIT	com.badlogic.gdx.utils.ObjectMap#get(T):V	00ec5b3522647e869173	455	1991	2457	304
METHOD_EXIT	com.badlogic.gdx.utils.ObjectMap#putAll(ObjectMap<? extends K, ? extends V>):void	1a8481a8314ae17ac91e	455	2002	2468	263
METHOD_EXIT	com.badlogic.gdx.utils.ObjectMap#get(K,V):V	fa28d0e960647b25755d	455	1998	2464	318
METHOD_ENTRY	com.badlogic.gdx.utils.ObjectMap#remove(K):V	f673835b41efd3a657ef	413	2054	2478	272
METHOD_EXIT	com.badlogic.gdx.utils.ObjectMap#remove(K):V	27f51552595283b6a6c2	455	2131	2597	288
METHOD_ENTRY	com.badlogic.gdx.utils.ObjectMap#notEmpty():boolean	c7c3dabe70384df623e8	413	1890	2314	188
METHOD_EXIT	com.badlogic.gdx.utils.ObjectMap#notEmpty():boolean	816fd0dae44f88f53f1c	455	1964	2430	207
METHOD_EXIT	com.badlogic.gdx.utils.ObjectMap#isEmpty():boolean	a599d86d4307fec15565	455	1964	2430	150
METHOD_ENTRY	com.badlogic.gdx.utils.ObjectMap#isEmpty():boolean	955ffd693f925a58e9ed	413	1890	2314	223
METHOD_EXIT	com.badlogic.gdx.utils.ObjectMap#shrink(int):void	422209f7034714680508	455	1957	2423	282
METHOD_ENTRY	com.badlogic.gdx.utils.ObjectMap#clear(int):void	5a12e66cb06c9f73bbed	413	1935	2359	170
METHOD_ENTRY	com.badlogic.gdx.utils.ObjectMap#shrink(int):void	6fc922e3c6e6eea4f321	413	1946	2370	216
METHOD_EXIT	com.badlogic.gdx.utils.ObjectMap#clear(int):void	b916daaecf82ea122e28	455	1946	2412	258
METHOD_ENTRY	com.badlogic.gdx.utils.ObjectMap#clear():void	50e5ae870188db6ed117	413	1913	2337	231
METHOD_EXIT	com.badlogic.gdx.utils.ObjectMap#containsValue(Object,boolean):boolean	204e61af1c246bff2215	455	2131	2597	358
METHOD_EXIT	com.badlogic.gdx.utils.ObjectMap#clear():void	aa12c674fbc5d83dfdb3	455	1924	2390	153
METHOD_ENTRY	com.badlogic.gdx.utils.ObjectMap#containsValue(Object,boolean):boolean	d1b2968d94eda6882454	413	2054	2478	209
METHOD_EXIT	com.badlogic.gdx.utils.ObjectMap#containsKey(K):boolean	390a0fc9688098958a3b	455	1976	2442	249
METHOD_EXIT	com.badlogic.gdx.utils.ObjectMap#findKey(Object,boolean):K	aa6c9d41eebbbe25d6a2	455	2139	2605	371
METHOD_ENTRY	com.badlogic.gdx.utils.ObjectMap#ensureCapacity(int):void	f902fa1c0573eec96469	413	1920	2344	134
METHOD_ENTRY	com.badlogic.gdx.utils.ObjectMap#containsKey(K):boolean	9858891974c69576a5cd	413	1899	2323	274
METHOD_EXIT	com.badlogic.gdx.utils.ObjectMap#ensureCapacity(int):void	00d0079530dc89c8ce1f	455	1931	2397	299
METHOD_ENTRY	com.badlogic.gdx.utils.ObjectMap#resize(int):void	5b12f37d2a9dee2b772f	413	2032	2456	281
METHOD_ENTRY	com.badlogic.gdx.utils.ObjectMap#findKey(Object,boolean):K	671fe3434cebcd3b6b33	413	2062	2486	231
METHOD_EXIT	com.badlogic.gdx.utils.ObjectMap#resize(int):void	9178e05d49d7a11708e2	455	2043	2509	302
METHOD_ENTRY	com.badlogic.gdx.utils.ObjectMap#equals(Object):boolean	e3076a36c9727597bf0b	413	2048	2472	257
METHOD_EXIT	com.badlogic.gdx.utils.ObjectMap#hashCode():int	52712552fd0914e9ca04	455	2059	2525	360
METHOD_EXIT	com.badlogic.gdx.utils.ObjectMap#equalsIdentity(Object):boolean	93708e6353a63d358742	455	2087	2553	417
METHOD_ENTRY	com.badlogic.gdx.utils.ObjectMap#equalsIdentity(Object):boolean	5ebf281d770ddc08f60c	413	2010	2434	240
METHOD_EXIT	com.badlogic.gdx.utils.ObjectMap#toString(String):String	5db25698cd90e463bf7f	455	1974	2440	186
METHOD_EXIT	com.badlogic.gdx.utils.ObjectMap#equals(Object):boolean	00b4638c0412bc99c924	455	2125	2591	377
METHOD_ENTRY	com.badlogic.gdx.utils.ObjectMap#toString(String):String	1515c662ce489f9f191c	413	1897	2321	208
METHOD_ENTRY	com.badlogic.gdx.utils.ObjectMap#hashCode():int	473ec3a83fa8cf468ecc	413	1985	2409	654
METHOD_EXIT	com.badlogic.gdx.utils.ObjectMap#toString():String	e05bbf03813dc15d0f3c	455	1965	2431	268
METHOD_ENTRY	com.badlogic.gdx.utils.ObjectMap#toString(String,boolean):String	23bf317362523aea7936	413	2129	2553	247
METHOD_EXIT	com.badlogic.gdx.utils.ObjectMap#toString(String,boolean):String	cb21f7f305da07546b71	455	2206	2672	351
METHOD_ENTRY	com.badlogic.gdx.utils.ObjectMap#toString():String	8c33b0d5a1859b94806b	413	1891	2315	306
METHOD_ENTRY	com.badlogic.gdx.utils.ObjectMap#iterator():Entries<K, V>	aec4a040cfba45778c53	413	1893	2317	183
METHOD_EXIT	com.badlogic.gdx.utils.ObjectMap#iterator():Entries<K, V>	7155851ef615d82e99d3	455	1970	2436	297
METHOD_ENTRY	com.badlogic.gdx.utils.ObjectMap#values():Values<V>	d9abe3c09ec00a620f24	413	1985	2409	207
METHOD_EXIT	com.badlogic.gdx.utils.ObjectMap#values():Values<V>	2cfa755ac548201c3353	455	2060	2526	304
METHOD_ENTRY	com.badlogic.gdx.utils.ObjectMap#keys():Keys<K>	b76ff0b298908318bb01	413	1985	2409	236
METHOD_ENTRY	com.badlogic.gdx.utils.ObjectMap#entries():Entries<K, V>	4f8534bd1c8a431e9de7	413	1997	2421	335
METHOD_ENTRY	com.badlogic.gdx.utils.ObjectMap#toString():String	8c33b0d5a1859b94806b	413	1891	2315	306
METHOD_EXIT	com.badlogic.gdx.utils.ObjectMap#entries():Entries<K, V>	37a452954c6ed2425b26	455	2074	2540	208
METHOD_EXIT	com.badlogic.gdx.utils.ObjectMap#toString():String	e05bbf03813dc15d0f3c	455	1965	2431	268
METHOD_ENTRY	com.badlogic.gdx.utils.ObjectMap#reset():void	589dc4534689039b0c6c	413	1901	2325	233
METHOD_EXIT	com.badlogic.gdx.utils.ObjectMap#reset():void	348e2dcce702c68bffb3	455	1912	2378	219
METHOD_ENTRY	com.badlogic.gdx.utils.ObjectMap#findNextIndex():void	74aa5672a7845fcd61c2	413	1945	2369	254
METHOD_EXIT	com.badlogic.gdx.utils.ObjectMap#keys():Keys<K>	645cfd1bf3147b4b0dc7	455	2060	2526	284
METHOD_ENTRY	com.badlogic.gdx.utils.ObjectMap#remove():void	4599a6fa3be0936ec074	413	2067	2491	215
METHOD_ENTRY	com.badlogic.gdx.utils.ObjectMap#next():Entry<K, V>	0d741dceef0717023551	413	1967	2391	281
METHOD_EXIT	com.badlogic.gdx.utils.ObjectMap#findNextIndex():void	0d10bbf0b656aa99551d	455	1956	2422	328
METHOD_EXIT	com.badlogic.gdx.utils.ObjectMap#next():Entry<K, V>	1de38c8616eb72ae8b65	455	2044	2510	234
METHOD_ENTRY	com.badlogic.gdx.utils.ObjectMap#hasNext():boolean	c6fa245530fbdea6b6d2	413	1908	2332	280
METHOD_EXIT	com.badlogic.gdx.utils.ObjectMap#hasNext():boolean	9795a15ea736aeb9ebf7	455	1982	2448	171
METHOD_EXIT	com.badlogic.gdx.utils.ObjectMap#iterator():Entries<K, V>	7155851ef615d82e99d3	455	1970	2436	297
METHOD_EXIT	com.badlogic.gdx.utils.ObjectMap#remove():void	15c3ec7921b81967d987	455	2078	2544	241
METHOD_ENTRY	com.badlogic.gdx.utils.ObjectMap#hasNext():boolean	c6fa245530fbdea6b6d2	413	1908	2332	280
METHOD_EXIT	com.badlogic.gdx.utils.ObjectMap#next():V	3b6aa34670cb1abc8f5a	455	2016	2482	305
METHOD_ENTRY	com.badlogic.gdx.utils.ObjectMap#next():V	058d6a0542adb26da4e5	413	1942	2366	238
METHOD_ENTRY	com.badlogic.gdx.utils.ObjectMap#iterator():Entries<K, V>	aec4a040cfba45778c53	413	1893	2317	183
METHOD_EXIT	com.badlogic.gdx.utils.ObjectMap#hasNext():boolean	9795a15ea736aeb9ebf7	455	1982	2448	171
METHOD_ENTRY	com.badlogic.gdx.utils.ObjectMap#iterator():Values<V>	d03e8425ad31618905b6	413	1890	2314	265
METHOD_ENTRY	com.badlogic.gdx.utils.ObjectMap#toArray():Array<V>	188fbc6484b25c90e72e	413	1899	2323	141
METHOD_EXIT	com.badlogic.gdx.utils.ObjectMap#toArray():Array<V>	dd7b1f73fe2ac4a38751	455	1974	2440	211
METHOD_EXIT	com.badlogic.gdx.utils.ObjectMap#iterator():Values<V>	e5f230b41a3769baa78a	455	1965	2431	242
METHOD_ENTRY	com.badlogic.gdx.utils.ObjectMap#toArray(Array<V>):Array<V>	9fb15e4509573019c55d	413	1913	2337	212
METHOD_EXIT	com.badlogic.gdx.utils.ObjectMap#toArray(Array<V>):Array<V>	eb5349b077203a6fdac8	455	1991	2457	307
METHOD_ENTRY	com.badlogic.gdx.utils.ObjectMap#hasNext():boolean	c6fa245530fbdea6b6d2	413	1908	2332	280
METHOD_ENTRY	com.badlogic.gdx.utils.ObjectMap#iterator():Keys<K>	3b83436c93f2a59e8617	413	1890	2314	131
METHOD_EXIT	com.badlogic.gdx.utils.ObjectMap#hasNext():boolean	9795a15ea736aeb9ebf7	455	1982	2448	171
METHOD_EXIT	com.badlogic.gdx.utils.ObjectMap#iterator():Keys<K>	eff0f0f652cd922c952e	455	1965	2431	161
METHOD_ENTRY	com.badlogic.gdx.utils.ObjectMap#toArray():Array<K>	1fc0e91b0ae9851c0a2e	413	1901	2325	292
METHOD_EXIT	com.badlogic.gdx.utils.ObjectMap#next():K	12da6a8096d6b5f42cec	455	2014	2480	299
METHOD_EXIT	com.badlogic.gdx.utils.ObjectMap#toArray():Array<K>	604a16b7d93335dfbf2c	455	1976	2442	253
METHOD_ENTRY	com.badlogic.gdx.utils.ObjectMap#toArray(Array<K>):Array<K>	a0410df929c9a8fb1915	413	1913	2337	171
METHOD_ENTRY	com.badlogic.gdx.utils.ObjectMap#next():K	7adececf25ba08d53dc6	413	1940	2364	340
METHOD_EXIT	com.badlogic.gdx.utils.Entry#toString():String	356df9f7f8344e33c4b6	455	456	922	247
METHOD_ENTRY	com.badlogic.gdx.utils.MapIterator#reset():void	ace49b9a5dcc132ea0f7	413	393	817	235
METHOD_EXIT	com.badlogic.gdx.utils.ObjectMap#toArray(Array<K>):Array<K>	3326cd6f3303411e24fd	455	1991	2457	272
METHOD_EXIT	com.badlogic.gdx.utils.MapIterator#reset():void	0fafe70b9e9540252532	455	404	870	252
METHOD_EXIT	com.badlogic.gdx.utils.MapIterator#findNextIndex():void	ba60ae553fd8a45a22db	455	448	914	272
METHOD_ENTRY	com.badlogic.gdx.utils.MapIterator#findNextIndex():void	6cd41d18d5e0303685f1	413	437	861	230
METHOD_ENTRY	com.badlogic.gdx.utils.Entry#toString():String	6d26114defef9899d6e1	413	382	806	132
METHOD_EXIT	com.badlogic.gdx.utils.MapIterator#remove():void	45b0ee53040f27513a3b	455	570	1036	315
METHOD_ENTRY	com.badlogic.gdx.utils.Entries#next():Entry<K, V>	81edab71bbfd709e6c06	413	459	883	265
METHOD_EXIT	com.badlogic.gdx.utils.Entries#next():Entry<K, V>	09841d60d88f6f24f5b7	455	536	1002	300
METHOD_EXIT	com.badlogic.gdx.utils.Entries#hasNext():boolean	51d8833918c042716129	455	474	940	140
METHOD_ENTRY	com.badlogic.gdx.utils.Entries#iterator():Entries<K, V>	0c432cd3ec51bb504485	413	385	809	106
METHOD_ENTRY	com.badlogic.gdx.utils.Values#hasNext():boolean	599be60232ea0cf859da	413	399	823	259
METHOD_EXIT	com.badlogic.gdx.utils.Entries#iterator():Entries<K, V>	d138a6dc78c8a7f32f8f	455	462	928	181
METHOD_ENTRY	com.badlogic.gdx.utils.Entries#hasNext():boolean	f8379590b9bc167d4dbb	413	400	824	145
METHOD_EXIT	com.badlogic.gdx.utils.Values#hasNext():boolean	96aff0b5e6f9e0a06f76	455	473	939	174
METHOD_ENTRY	com.badlogic.gdx.utils.MapIterator#remove():void	a87a2227739e93b31368	413	559	983	243
METHOD_EXIT	com.badlogic.gdx.utils.Values#next():V	6ce97d4163e4908b7fa7	455	507	973	271
METHOD_ENTRY	com.badlogic.gdx.utils.Values#next():V	5995fe70c4325ac82405	413	433	857	295
METHOD_ENTRY	com.badlogic.gdx.utils.Values#iterator():Values<V>	fb2734d971021c4f5892	413	381	805	101
METHOD_EXIT	com.badlogic.gdx.utils.Values#iterator():Values<V>	bdc59863922d88716411	455	456	922	129
METHOD_ENTRY	com.badlogic.gdx.utils.Values#toArray():Array<V>	618e89828cf00ec77943	413	390	814	5
METHOD_ENTRY	com.badlogic.gdx.utils.Values#toArray(Array<V>):Array<V>	0f10d39d4c7e649c4012	413	404	828	263
METHOD_ENTRY	com.badlogic.gdx.utils.Keys#hasNext():boolean	4f318acc9e5e23879c98	413	399	823	104
METHOD_EXIT	com.badlogic.gdx.utils.Keys#hasNext():boolean	d08dfdf53d0a27c077a3	455	473	939	194
METHOD_ENTRY	com.badlogic.gdx.utils.Keys#next():K	e16ce43e0a331dde027f	413	431	855	277
METHOD_EXIT	com.badlogic.gdx.utils.Keys#next():K	eceef93b3ae87aeda7c1	455	505	971	214
METHOD_EXIT	com.badlogic.gdx.utils.Values#toArray(Array<V>):Array<V>	e5c5bc527edc941d959c	455	482	948	266
METHOD_EXIT	com.badlogic.gdx.utils.Keys#iterator():Keys<K>	7ba471b8386a40a0b848	455	456	922	226
METHOD_ENTRY	com.badlogic.gdx.utils.Keys#toArray():Array<K>	44fcf61404f4208f24d2	413	392	816	49
METHOD_ENTRY	com.badlogic.gdx.utils.Keys#iterator():Keys<K>	0270e49dc8fd556ad735	413	381	805	55
METHOD_EXIT	com.badlogic.gdx.utils.Keys#toArray():Array<K>	7fa2f97c4031cd2ac60d	455	467	933	268
METHOD_ENTRY	com.badlogic.gdx.utils.Keys#toArray(Array<K>):Array<K>	6058188639297a42e060	413	404	828	233
METHOD_EXIT	com.badlogic.gdx.utils.Keys#toArray(Array<K>):Array<K>	3ec9f4cdbcb6aae7b959	455	482	948	240
METHOD_EXIT	com.badlogic.gdx.utils.Values#toArray():Array<V>	502789f93dc42e71b9c5	455	465	931	185
METHOD_EXIT	com.badlogic.gdx.utils.IntSet#place(int):int	9ed541ae0b92bd67a0a7	455	1580	2046	313
METHOD_ENTRY	com.badlogic.gdx.utils.IntSet#locateKey(int):int	b48156d5539dc767f6ad	413	1558	1982	291
METHOD_ENTRY	com.badlogic.gdx.utils.IntSet#add(int):boolean	bf0ccd04f728dd6098b3	413	1580	2004	283
METHOD_EXIT	com.badlogic.gdx.utils.IntSet#add(int):boolean	ebb621be36d0bc528356	455	1657	2123	385
METHOD_EXIT	com.badlogic.gdx.utils.IntSet#locateKey(int):int	f1839c0bc155aa8cb41b	455	1635	2101	304
METHOD_ENTRY	com.badlogic.gdx.utils.IntSet#addAll(IntArray):boolean	392dc972a6beb8ecdffa	413	1495	1919	188
METHOD_ENTRY	com.badlogic.gdx.utils.IntSet#place(int):int	f08d93454ee7f7969a93	413	1503	1927	277
METHOD_ENTRY	com.badlogic.gdx.utils.IntSet#addAll(IntArray,int,int):boolean	f70244a179d87b83ba5c	413	1553	1977	242
METHOD_EXIT	com.badlogic.gdx.utils.IntSet#addAll(IntArray,int,int):boolean	b6a1a8d052e121951fe9	455	1630	2096	273
METHOD_ENTRY	com.badlogic.gdx.utils.IntSet#addAll(int):boolean	07372e71d41d0a076658	413	1492	1916	256
METHOD_EXIT	com.badlogic.gdx.utils.IntSet#addAll(int):boolean	bac143493ed4614118f9	455	1569	2035	260
METHOD_EXIT	com.badlogic.gdx.utils.IntSet#addAll(IntArray):boolean	f995755f9b6d25eb1289	455	1572	2038	283
METHOD_EXIT	com.badlogic.gdx.utils.IntSet#addAll(int[],int,int):boolean	9ff781b316bf6557fe8a	455	1621	2087	277
METHOD_ENTRY	com.badlogic.gdx.utils.IntSet#addAll(int[],int,int):boolean	c724c0049ab21641914e	413	1544	1968	259
METHOD_EXIT	com.badlogic.gdx.utils.IntSet#addAll(IntSet):boolean	ec521bd674ef4bcaa223	455	1646	2112	267
METHOD_ENTRY	com.badlogic.gdx.utils.IntSet#addResize(int):void	3b627af7ff7e6fcb9261	413	1540	1964	360
METHOD_EXIT	com.badlogic.gdx.utils.IntSet#addResize(int):void	6244d2c8a20132a55cb1	455	1551	2017	309
METHOD_ENTRY	com.badlogic.gdx.utils.IntSet#remove(int):boolean	46631da3a896eb7d6885	413	1642	2066	289
METHOD_ENTRY	com.badlogic.gdx.utils.IntSet#notEmpty():boolean	3c7c877a6dfbd7ee5835	413	1480	1904	276
METHOD_ENTRY	com.badlogic.gdx.utils.IntSet#addAll(IntSet):boolean	f229c19fd479f5c281df	413	1569	1993	259
METHOD_ENTRY	com.badlogic.gdx.utils.IntSet#isEmpty():boolean	85ac4b6b2fb12922dbf3	413	1480	1904	262
METHOD_EXIT	com.badlogic.gdx.utils.IntSet#notEmpty():boolean	402555a0d41eeba262a9	455	1554	2020	238
METHOD_EXIT	com.badlogic.gdx.utils.IntSet#isEmpty():boolean	bd28c366474d9bb092da	455	1554	2020	220
METHOD_ENTRY	com.badlogic.gdx.utils.IntSet#shrink(int):void	68a1d149303736c5b841	413	1536	1960	217
METHOD_EXIT	com.badlogic.gdx.utils.IntSet#remove(int):boolean	5ccb5adedc966f5cfed4	455	1719	2185	281
METHOD_EXIT	com.badlogic.gdx.utils.IntSet#shrink(int):void	db4c74898e1f9aaccb17	455	1547	2013	278
METHOD_ENTRY	com.badlogic.gdx.utils.IntSet#clear(int):void	6e6df399e8adb5e7602a	413	1532	1956	255
METHOD_ENTRY	com.badlogic.gdx.utils.IntSet#clear():void	7d5656f651bb803e332a	413	1503	1927	207
METHOD_ENTRY	com.badlogic.gdx.utils.IntSet#contains(int):boolean	e4214b2f6043026acc24	413	1500	1924	258
METHOD_EXIT	com.badlogic.gdx.utils.IntSet#clear():void	0fff13c021315f855fd2	455	1514	1980	266
METHOD_EXIT	com.badlogic.gdx.utils.IntSet#contains(int):boolean	e2546f934f213cda646b	455	1577	2043	353
METHOD_EXIT	com.badlogic.gdx.utils.IntSet#clear(int):void	3ee60e1d8419f08ae7cb	455	1543	2009	265
METHOD_ENTRY	com.badlogic.gdx.utils.IntSet#ensureCapacity(int):void	b9aa90eadb44796f52e7	413	1510	1934	218
METHOD_EXIT	com.badlogic.gdx.utils.IntSet#first():int	adca4f384d6732da5dea	455	1615	2081	307
METHOD_EXIT	com.badlogic.gdx.utils.IntSet#ensureCapacity(int):void	abf778ca5df412bf685a	455	1521	1987	325
METHOD_ENTRY	com.badlogic.gdx.utils.IntSet#resize(int):void	40b0435fdb59d36425c1	413	1593	2017	273
METHOD_ENTRY	com.badlogic.gdx.utils.IntSet#hashCode():int	8a2b2473d6e501dfcfaa	413	1538	1962	239
METHOD_EXIT	com.badlogic.gdx.utils.IntSet#resize(int):void	dffb254b3b8098f49bc9	455	1604	2070	284
METHOD_ENTRY	com.badlogic.gdx.utils.IntSet#equals(Object):boolean	a40b53c38126338ba79b	413	1580	2004	294
METHOD_ENTRY	com.badlogic.gdx.utils.IntSet#first():int	73fdbd3ebacae2eb7450	413	1541	1965	267
METHOD_EXIT	com.badlogic.gdx.utils.IntSet#equals(Object):boolean	cbcd1fd24ce75bc8fd82	455	1657	2123	393
METHOD_ENTRY	com.badlogic.gdx.utils.IntSet#toString():String	6fe6d3e6fdb866082855	413	1634	2058	234
METHOD_EXIT	com.badlogic.gdx.utils.IntSet#toString():String	24c89723a834c90781bc	455	1708	2174	325
METHOD_ENTRY	com.badlogic.gdx.utils.IntSet#iterator():IntSetIterator	da1831a3caf147078316	413	1589	2013	223
METHOD_EXIT	com.badlogic.gdx.utils.IntSet#hashCode():int	24b3ec9de56a655c4ebe	455	1612	2078	305
METHOD_ENTRY	com.badlogic.gdx.utils.IntSet#with(int):IntSet	6d700cc0611deca233e3	413	1502	1926	254
METHOD_ENTRY	com.badlogic.gdx.utils.IntSet#reset():void	2e0e7a2ca5bf2f204b5e	413	1509	1933	209
METHOD_EXIT	com.badlogic.gdx.utils.IntSet#reset():void	b7b95cfc922b6f9f1b12	455	1520	1986	326
METHOD_EXIT	com.badlogic.gdx.utils.IntSet#iterator():IntSetIterator	d37d375f069169def2d5	455	1665	2131	142
METHOD_ENTRY	com.badlogic.gdx.utils.IntSet#findNextIndex():void	cbc631174e0c7cfbb8fe	413	1536	1960	234
METHOD_EXIT	com.badlogic.gdx.utils.IntSet#with(int):IntSet	f4b1c85b754a84ff69a5	455	1580	2046	299
METHOD_EXIT	com.badlogic.gdx.utils.IntSet#findNextIndex():void	a39222fb7af6d5e494a6	455	1547	2013	337
METHOD_EXIT	com.badlogic.gdx.utils.IntSet#remove():void	ad49a3725f236d979d01	455	1676	2142	255
METHOD_ENTRY	com.badlogic.gdx.utils.IntSet#next():int	64e46c055897bc5372c7	413	1539	1963	306
METHOD_EXIT	com.badlogic.gdx.utils.IntSet#next():int	122216980482b692b123	455	1613	2079	331
METHOD_ENTRY	com.badlogic.gdx.utils.IntSetIterator#reset():void	145cf12baa5786ab24c6	413	412	836	245
METHOD_ENTRY	com.badlogic.gdx.utils.IntSet#remove():void	80ab35bf603c51ee358b	413	1665	2089	210
METHOD_EXIT	com.badlogic.gdx.utils.IntSet#toArray():IntArray	9ca66014674b1f2cc28b	455	1579	2045	245
METHOD_EXIT	com.badlogic.gdx.utils.IntSetIterator#reset():void	8eed27dba9a3ba9d8f23	455	423	889	276
METHOD_ENTRY	com.badlogic.gdx.utils.IntSetIterator#findNextIndex():void	c388c2e4114fa7783481	413	439	863	301
METHOD_ENTRY	com.badlogic.gdx.utils.IntSet#toArray():IntArray	07f19d3c37391ee0a2db	413	1504	1928	52
METHOD_EXIT	com.badlogic.gdx.utils.IntSetIterator#findNextIndex():void	7e3f69453490dcc3179d	455	450	916	336
METHOD_ENTRY	com.badlogic.gdx.utils.IntSetIterator#remove():void	b9ab2838f725d793e7e6	413	568	992	292
METHOD_EXIT	com.badlogic.gdx.utils.IntSetIterator#remove():void	49e5d5f625ec9b2aacf4	455	579	1045	276
METHOD_EXIT	com.badlogic.gdx.utils.IntSetIterator#next():int	a4bb8490e5d0b0fe23e6	455	516	982	263
METHOD_ENTRY	com.badlogic.gdx.utils.IntSetIterator#next():int	d620c8b731c7521f77c3	413	442	866	183
METHOD_EXIT	com.badlogic.gdx.utils.IntSetIterator#toArray():IntArray	cc7ed941fad9c0c9ac34	455	482	948	246
METHOD_ENTRY	com.badlogic.gdx.utils.IntSetIterator#toArray():IntArray	6a8f411440ef0897af20	413	407	831	226
METHOD_EXIT	com.badlogic.gdx.math.Matrix4#set(float[]):Matrix4	92e3518fe7c805aef09f	455	7020	7486	336
METHOD_ENTRY	com.badlogic.gdx.math.Matrix4#set(float[]):Matrix4	e818e48d4c3b7e5e0b58	413	6942	7366	293
METHOD_EXIT	com.badlogic.gdx.math.Matrix4#set(Matrix4):Matrix4	947520cd02d82089e005	455	7008	7474	231
METHOD_ENTRY	com.badlogic.gdx.math.Matrix4#set(Quaternion):Matrix4	390457f4ced304da94d4	413	6938	7362	258
METHOD_EXIT	com.badlogic.gdx.math.Matrix4#set(Quaternion):Matrix4	b341f690b1ba31853916	455	7016	7482	253
METHOD_ENTRY	com.badlogic.gdx.math.Matrix4#set(float,float,float,float):Matrix4	d012ece6167b6b81a64e	413	6983	7407	324
METHOD_EXIT	com.badlogic.gdx.math.Matrix4#set(float,float,float,float):Matrix4	ffb8e54a0e09e53959ff	455	7061	7527	305
METHOD_ENTRY	com.badlogic.gdx.math.Matrix4#set(Matrix4):Matrix4	574904521a417ace1cc6	413	6930	7354	271
METHOD_ENTRY	com.badlogic.gdx.math.Matrix4#set(Vector3,Quaternion):Matrix4	018b8b1e6e66ba939309	413	6958	7382	305
METHOD_EXIT	com.badlogic.gdx.math.Matrix4#set(Vector3,Quaternion):Matrix4	c23e52faa5ebb5716477	455	7036	7502	291
METHOD_ENTRY	com.badlogic.gdx.math.Matrix4#set(Vector3,Quaternion,Vector3):Matrix4	e00584db0d17e8ec4be4	413	6981	7405	295
METHOD_ENTRY	com.badlogic.gdx.math.Matrix4#set(float,float,float,float,float,float,float):Matrix4	326a12632d12440f1338	413	7271	7695	423
METHOD_EXIT	com.badlogic.gdx.math.Matrix4#set(Vector3,Quaternion,Vector3):Matrix4	1c3f20bd441f3454021a	455	7059	7525	223
METHOD_EXIT	com.badlogic.gdx.math.Matrix4#set(float,float,float,float,float,float,float):Matrix4	d75f42b557e1247c879e	455	7349	7815	307
METHOD_ENTRY	com.badlogic.gdx.math.Matrix4#set(float,float,float,float,float,float,float,float,float,float):Matrix4	f63dc64d2898da29767b	413	7341	7765	302
METHOD_EXIT	com.badlogic.gdx.math.Matrix4#set(float,float,float,float,float,float,float,float,float,float):Matrix4	768bb36fd50049a29bd1	455	7419	7885	348
METHOD_EXIT	com.badlogic.gdx.math.Matrix4#set(Vector3,Vector3,Vector3,Vector3):Matrix4	3eca8313606689023c70	455	7208	7674	299
METHOD_ENTRY	com.badlogic.gdx.math.Matrix4#set(Vector3,Vector3,Vector3,Vector3):Matrix4	0962f74022bf791faa2f	413	7130	7554	224
METHOD_ENTRY	com.badlogic.gdx.math.Matrix4#trn(Vector3):Matrix4	fa6dc3af0b2728331b70	413	6958	7382	227
METHOD_EXIT	com.badlogic.gdx.math.Matrix4#trn(Vector3):Matrix4	07720dc8d02f700b34bc	455	7036	7502	303
METHOD_EXIT	com.badlogic.gdx.math.Matrix4#cpy():Matrix4	c308aa6a9f55576742b3	455	6999	7465	313
METHOD_ENTRY	com.badlogic.gdx.math.Matrix4#trn(float,float,float):Matrix4	7b532c759cb593239eeb	413	6970	7394	195
METHOD_ENTRY	com.badlogic.gdx.math.Matrix4#cpy():Matrix4	3cd73da099e7de529c77	413	6924	7348	244
METHOD_EXIT	com.badlogic.gdx.math.Matrix4#trn(float,float,float):Matrix4	88645373740571fb212e	455	7048	7514	339
METHOD_ENTRY	com.badlogic.gdx.math.Matrix4#getValues():float[]	648db30877c469a7f21b	413	6921	7345	312
METHOD_EXIT	com.badlogic.gdx.math.Matrix4#mul(Matrix4):Matrix4	7b33cd0810b6b26dac9d	455	7015	7481	260
METHOD_ENTRY	com.badlogic.gdx.math.Matrix4#mul(Matrix4):Matrix4	92eac36ef6fe958d432a	413	6937	7361	292
METHOD_ENTRY	com.badlogic.gdx.math.Matrix4#mulLeft(Matrix4):Matrix4	580bc592cff762104c44	413	6948	7372	258
METHOD_EXIT	com.badlogic.gdx.math.Matrix4#mulLeft(Matrix4):Matrix4	4ac60abb7f9dac088360	455	7026	7492	298
METHOD_EXIT	com.badlogic.gdx.math.Matrix4#getValues():float[]	6f4f40c905b4b4973fcd	455	6995	7461	282
METHOD_ENTRY	com.badlogic.gdx.math.Matrix4#idt():Matrix4	d1aaaf04aa9adf5a9d2d	413	7081	7505	382
METHOD_EXIT	com.badlogic.gdx.math.Matrix4#idt():Matrix4	b01fa1d925dc458b1abc	455	7156	7622	284
METHOD_ENTRY	com.badlogic.gdx.math.Matrix4#inv():Matrix4	b8ef6d6178271240df97	413	9189	9613	321
METHOD_EXIT	com.badlogic.gdx.math.Matrix4#tra():Matrix4	ecb3ed49cb6a1b3e9159	455	7163	7629	265
METHOD_EXIT	com.badlogic.gdx.math.Matrix4#inv():Matrix4	268a5837ceb1279000a4	455	9264	9730	316
METHOD_ENTRY	com.badlogic.gdx.math.Matrix4#det():float	a4555ec9e8d5188bd7fd	413	7417	7841	337
METHOD_ENTRY	com.badlogic.gdx.math.Matrix4#tra():Matrix4	a4928e5795f7dd114074	413	7088	7512	274
METHOD_ENTRY	com.badlogic.gdx.math.Matrix4#det3x3():float	d4874e33714e6bf8bcfb	413	7013	7437	283
METHOD_ENTRY	com.badlogic.gdx.math.Matrix4#setToProjection(float,float,float,float):Matrix4	2e5e3d12fca2b0e89cf3	413	7181	7605	264
METHOD_EXIT	com.badlogic.gdx.math.Matrix4#det3x3():float	e28b5a90c78dcd635fb2	455	7087	7553	464
METHOD_EXIT	com.badlogic.gdx.math.Matrix4#setToProjection(float,float,float,float,float,float):Matrix4	8ff03dbcc4bd8bd30f9a	455	7294	7760	300
METHOD_ENTRY	com.badlogic.gdx.math.Matrix4#setToProjection(float,float,float,float,float,float):Matrix4	4588d9fd3eda7209e28d	413	7216	7640	247
METHOD_EXIT	com.badlogic.gdx.math.Matrix4#setToProjection(float,float,float,float):Matrix4	7169c17f685d5919d2e9	455	7259	7725	394
METHOD_EXIT	com.badlogic.gdx.math.Matrix4#setToOrtho2D(float,float,float,float):Matrix4	23628c4d40569674983b	455	7063	7529	278
METHOD_EXIT	com.badlogic.gdx.math.Matrix4#det():float	e1d96515856e178f6403	455	7491	7957	152
METHOD_ENTRY	com.badlogic.gdx.math.Matrix4#setToOrtho2D(float,float,float,float,float,float):Matrix4	ff8a62c5be28de4ddc8b	413	7001	7425	253
METHOD_EXIT	com.badlogic.gdx.math.Matrix4#setToOrtho2D(float,float,float,float,float,float):Matrix4	783e19959c36106a7392	455	7079	7545	250
METHOD_ENTRY	com.badlogic.gdx.math.Matrix4#setToOrtho(float,float,float,float,float,float):Matrix4	873fe7d083c0aacb4933	413	7207	7631	373
METHOD_EXIT	com.badlogic.gdx.math.Matrix4#setToOrtho(float,float,float,float,float,float):Matrix4	2b5e1d72f2960c29c5b6	455	7285	7751	280
METHOD_ENTRY	com.badlogic.gdx.math.Matrix4#setToOrtho2D(float,float,float,float):Matrix4	796cd372cc6a2126e7a8	413	6985	7409	267
METHOD_ENTRY	com.badlogic.gdx.math.Matrix4#setTranslation(Vector3):Matrix4	055e39601137ecc9b951	413	6957	7381	167
METHOD_EXIT	com.badlogic.gdx.math.Matrix4#setTranslation(Vector3):Matrix4	0b3aca2ccc53fe1286aa	455	7035	7501	256
METHOD_EXIT	com.badlogic.gdx.math.Matrix4#setTranslation(float,float,float):Matrix4	f9692f45d9104cd2a2ee	455	7047	7513	244
METHOD_ENTRY	com.badlogic.gdx.math.Matrix4#setToTranslation(Vector3):Matrix4	6b7127d2cf1cd09b48ed	413	6963	7387	236
METHOD_EXIT	com.badlogic.gdx.math.Matrix4#setToTranslation(Vector3):Matrix4	ba2ba7f50cb1901a383c	455	7041	7507	282
METHOD_EXIT	com.badlogic.gdx.math.Matrix4#setToTranslation(float,float,float):Matrix4	f9d6ca7b89aaefb7b071	455	7053	7519	298
METHOD_ENTRY	com.badlogic.gdx.math.Matrix4#setToTranslationAndScaling(Vector3,Vector3):Matrix4	801741030dac64898148	413	7007	7431	336
METHOD_EXIT	com.badlogic.gdx.math.Matrix4#setToTranslationAndScaling(Vector3,Vector3):Matrix4	e152e34925e000dcdb35	455	7085	7551	294
METHOD_ENTRY	com.badlogic.gdx.math.Matrix4#setTranslation(float,float,float):Matrix4	4229ef1d719fba277cd3	413	6969	7393	174
METHOD_ENTRY	com.badlogic.gdx.math.Matrix4#setToTranslation(float,float,float):Matrix4	92a8bbc64ae1abbabe78	413	6975	7399	143
METHOD_EXIT	com.badlogic.gdx.math.Matrix4#setToTranslationAndScaling(float,float,float,float,float,float):Matrix4	2402e7159d6b7d021e36	455	7127	7593	355
METHOD_ENTRY	com.badlogic.gdx.math.Matrix4#setToTranslationAndScaling(float,float,float,float,float,float):Matrix4	3564b1815b4308706dd5	413	7049	7473	241
METHOD_ENTRY	com.badlogic.gdx.math.Matrix4#setToRotation(Vector3,float):Matrix4	5280fc4b629eb9d2204c	413	6967	7391	242
METHOD_EXIT	com.badlogic.gdx.math.Matrix4#setToRotation(Vector3,float):Matrix4	485b5d34457891d45c5a	455	7045	7511	314
METHOD_ENTRY	com.badlogic.gdx.math.Matrix4#setToRotationRad(Vector3,float):Matrix4	d873c73b6434f7e5ef18	413	6973	7397	228
METHOD_EXIT	com.badlogic.gdx.math.Matrix4#setToRotationRad(Vector3,float):Matrix4	bd6704418efa04066dde	455	7051	7517	323
METHOD_ENTRY	com.badlogic.gdx.math.Matrix4#setToRotation(float,float,float,float):Matrix4	d7d7d81ae60f93288473	413	6997	7421	342
METHOD_ENTRY	com.badlogic.gdx.math.Matrix4#setToRotationRad(float,float,float,float):Matrix4	68d9211971f16cdf86d3	413	7001	7425	321
METHOD_EXIT	com.badlogic.gdx.math.Matrix4#setToRotationRad(float,float,float,float):Matrix4	426641ba52dd18b715d3	455	7079	7545	375
METHOD_EXIT	com.badlogic.gdx.math.Matrix4#setToRotation(float,float,float,float):Matrix4	86e5067c977e3691f341	455	7075	7541	427
METHOD_ENTRY	com.badlogic.gdx.math.Matrix4#setToRotation(float,float,float,float,float,float):Matrix4	64d993d789532ae77327	413	7014	7438	265
METHOD_ENTRY	com.badlogic.gdx.math.Matrix4#setToRotation(Vector3,Vector3):Matrix4	45890a1364e1df31cc5a	413	6961	7385	311
METHOD_EXIT	com.badlogic.gdx.math.Matrix4#setToRotation(Vector3,Vector3):Matrix4	2670cc4cc2ad69455e84	455	7039	7505	323
METHOD_EXIT	com.badlogic.gdx.math.Matrix4#setToRotation(float,float,float,float,float,float):Matrix4	3ffbb10c855d23730329	455	7092	7558	250
METHOD_ENTRY	com.badlogic.gdx.math.Matrix4#setFromEulerAngles(float,float,float):Matrix4	0aff415ff6803d0c6193	413	6964	7388	223
METHOD_ENTRY	com.badlogic.gdx.math.Matrix4#setFromEulerAnglesRad(float,float,float):Matrix4	1691f3f7048f3ff1a5d5	413	6967	7391	220
METHOD_EXIT	com.badlogic.gdx.math.Matrix4#setFromEulerAnglesRad(float,float,float):Matrix4	46bff1ba07aed80e2b36	455	7045	7511	328
METHOD_EXIT	com.badlogic.gdx.math.Matrix4#setFromEulerAngles(float,float,float):Matrix4	8166c323e4c9d6e62d8e	455	7042	7508	277
METHOD_ENTRY	com.badlogic.gdx.math.Matrix4#setToScaling(Vector3):Matrix4	731076ed6fc9e0aa2819	413	6963	7387	236
METHOD_EXIT	com.badlogic.gdx.math.Matrix4#setToScaling(Vector3):Matrix4	1747a2e121da9d26c031	455	7041	7507	414
METHOD_ENTRY	com.badlogic.gdx.math.Matrix4#setToScaling(float,float,float):Matrix4	3c2be5ed538d135ad449	413	6975	7399	288
METHOD_EXIT	com.badlogic.gdx.math.Matrix4#setToScaling(float,float,float):Matrix4	7508246070ac7a63b07c	455	7053	7519	270
METHOD_ENTRY	com.badlogic.gdx.math.Matrix4#setToLookAt(Vector3,Vector3):Matrix4	6f1b2802b0718d2673de	413	7092	7516	169
METHOD_EXIT	com.badlogic.gdx.math.Matrix4#setToLookAt(Vector3,Vector3):Matrix4	233b14a0b8064c6db9e2	455	7170	7636	387
METHOD_ENTRY	com.badlogic.gdx.math.Matrix4#setToLookAt(Vector3,Vector3,Vector3):Matrix4	85cd747346b7448a938f	413	6999	7423	290
METHOD_EXIT	com.badlogic.gdx.math.Matrix4#setToLookAt(Vector3,Vector3,Vector3):Matrix4	c691c871242e6596f036	455	7077	7543	254
METHOD_ENTRY	com.badlogic.gdx.math.Matrix4#setToWorld(Vector3,Vector3,Vector3):Matrix4	00b4156233bf9a9a285c	413	7008	7432	239
METHOD_EXIT	com.badlogic.gdx.math.Matrix4#setToWorld(Vector3,Vector3,Vector3):Matrix4	4a880baee97292d1119c	455	7086	7552	250
METHOD_ENTRY	com.badlogic.gdx.math.Matrix4#lerp(Matrix4,float):Matrix4	9e14c8a53f151f089bf3	413	6978	7402	280
METHOD_EXIT	com.badlogic.gdx.math.Matrix4#lerp(Matrix4,float):Matrix4	34138de3dad4228b6120	455	7056	7522	342
METHOD_EXIT	com.badlogic.gdx.math.Matrix4#avg(Matrix4,float):Matrix4	299113f5368d045ef263	455	7113	7579	272
METHOD_ENTRY	com.badlogic.gdx.math.Matrix4#avg(Matrix4[]):Matrix4	1b2d3a3006b4974cccf8	413	7088	7512	236
METHOD_EXIT	com.badlogic.gdx.math.Matrix4#avg(Matrix4[]):Matrix4	56717a1f81a3688c65b2	455	7166	7632	269
METHOD_ENTRY	com.badlogic.gdx.math.Matrix4#avg(Matrix4[],float[]):Matrix4	c12540a809756cd5e536	413	7094	7518	301
METHOD_EXIT	com.badlogic.gdx.math.Matrix4#avg(Matrix4[],float[]):Matrix4	abd18713bdcbe8526919	455	7172	7638	220
METHOD_ENTRY	com.badlogic.gdx.math.Matrix4#set(Matrix3):Matrix4	ad347abdd2fe513ebe88	413	7090	7514	288
METHOD_EXIT	com.badlogic.gdx.math.Matrix4#set(Matrix3):Matrix4	92daebc1a90dbf552da4	455	7168	7634	385
METHOD_ENTRY	com.badlogic.gdx.math.Matrix4#avg(Matrix4,float):Matrix4	448ad6af5a615bd4fcd5	413	7035	7459	230
METHOD_ENTRY	com.badlogic.gdx.math.Matrix4#set(Affine2):Matrix4	0df0634736426b452ae4	413	7081	7505	135
METHOD_EXIT	com.badlogic.gdx.math.Matrix4#set(Affine2):Matrix4	26b98165c7594c3dcc7b	455	7159	7625	280
METHOD_ENTRY	com.badlogic.gdx.math.Matrix4#setAsAffine(Affine2):Matrix4	e211f3da6d6d0f3d2039	413	6995	7419	203
METHOD_EXIT	com.badlogic.gdx.math.Matrix4#setAsAffine(Affine2):Matrix4	2424c6561a36b5380236	455	7073	7539	300
METHOD_ENTRY	com.badlogic.gdx.math.Matrix4#scl(Vector3):Matrix4	a776ba576710fef94964	413	6957	7381	286
METHOD_EXIT	com.badlogic.gdx.math.Matrix4#setAsAffine(Matrix4):Matrix4	23fb71646c24dd07bb98	455	7076	7542	342
METHOD_ENTRY	com.badlogic.gdx.math.Matrix4#setAsAffine(Matrix4):Matrix4	bd91247229b2df49414e	413	6998	7422	274
METHOD_ENTRY	com.badlogic.gdx.math.Matrix4#scl(float,float,float):Matrix4	96fb916c825a0b3c6765	413	6969	7393	197
METHOD_ENTRY	com.badlogic.gdx.math.Matrix4#scl(float):Matrix4	c2bb03758dcbb1c38aa4	413	6951	7375	287
METHOD_EXIT	com.badlogic.gdx.math.Matrix4#scl(float,float,float):Matrix4	b006ee0fb61a5385f1de	455	7047	7513	428
METHOD_EXIT	com.badlogic.gdx.math.Matrix4#scl(Vector3):Matrix4	c09feee94cfa253db3ec	455	7035	7501	311
METHOD_EXIT	com.badlogic.gdx.math.Matrix4#scl(float):Matrix4	38b4dac7f2115b1f4183	455	7029	7495	304
METHOD_ENTRY	com.badlogic.gdx.math.Matrix4#getTranslation(Vector3):Vector3	1ad6c9a49ba05b8f1ad9	413	6954	7378	255
METHOD_EXIT	com.badlogic.gdx.math.Matrix4#getTranslation(Vector3):Vector3	fa74dd0948e88b339dd0	455	7032	7498	208
METHOD_ENTRY	com.badlogic.gdx.math.Matrix4#getRotation(Quaternion,boolean):Quaternion	f78ebc96c39604fded15	413	6946	7370	198
METHOD_EXIT	com.badlogic.gdx.math.Matrix4#getRotation(Quaternion,boolean):Quaternion	5975dbfe9342ae961704	455	7023	7489	255
METHOD_ENTRY	com.badlogic.gdx.math.Matrix4#getRotation(Quaternion):Quaternion	09cebcf3484700beeb98	413	6930	7354	227
METHOD_EXIT	com.badlogic.gdx.math.Matrix4#getRotation(Quaternion):Quaternion	c5ddc7a10457d6291519	455	7007	7473	301
METHOD_ENTRY	com.badlogic.gdx.math.Matrix4#getScaleYSquared():float	f86ebe4d08692a573ffa	413	6950	7374	331
METHOD_EXIT	com.badlogic.gdx.math.Matrix4#getScaleXSquared():float	588466cfadb7c6fbea86	455	7024	7490	180
METHOD_EXIT	com.badlogic.gdx.math.Matrix4#getScaleYSquared():float	a33c13d6449fc195efcb	455	7024	7490	162
METHOD_ENTRY	com.badlogic.gdx.math.Matrix4#getScaleZSquared():float	844586dd43385e6f0970	413	6950	7374	344
METHOD_EXIT	com.badlogic.gdx.math.Matrix4#getScaleZSquared():float	872ceb989588d4abd212	455	7024	7490	114
METHOD_ENTRY	com.badlogic.gdx.math.Matrix4#getScaleX():float	5c51efa7d54e94275003	413	6956	7380	288
METHOD_EXIT	com.badlogic.gdx.math.Matrix4#getScaleX():float	ea703e1ac36dd82ba788	455	7030	7496	279
METHOD_ENTRY	com.badlogic.gdx.math.Matrix4#getScaleXSquared():float	603d416dc7ba21f8295c	413	6950	7374	291
METHOD_ENTRY	com.badlogic.gdx.math.Matrix4#getScaleY():float	53719a820e5031317794	413	6956	7380	322
METHOD_ENTRY	com.badlogic.gdx.math.Matrix4#getScaleZ():float	8c1fe010cb1184952d89	413	6956	7380	331
METHOD_EXIT	com.badlogic.gdx.math.Matrix4#getScaleY():float	12253356d1c481d9ec29	455	7030	7496	322
METHOD_EXIT	com.badlogic.gdx.math.Matrix4#getScaleZ():float	caf0758186d4ce72deb2	455	7030	7496	342
METHOD_ENTRY	com.badlogic.gdx.math.Matrix4#getScale(Vector3):Vector3	4ce4078d03b9b0b3b9b1	413	6942	7366	262
METHOD_EXIT	com.badlogic.gdx.math.Matrix4#getScale(Vector3):Vector3	9ee2ae69937a2cefa67c	455	7020	7486	344
METHOD_ENTRY	com.badlogic.gdx.math.Matrix4#toNormalMatrix():Matrix4	8adabca4c7515991df52	413	6953	7377	309
METHOD_ENTRY	com.badlogic.gdx.math.Matrix4#toString():String	62480cc4fb07190f830f	413	7058	7482	300
METHOD_EXIT	com.badlogic.gdx.math.Matrix4#toString():String	68673100983a746a5e61	455	7132	7598	266
METHOD_EXIT	com.badlogic.gdx.math.Matrix4#toNormalMatrix():Matrix4	63f9bbf198ab4b8358cf	455	7028	7494	277
METHOD_EXIT	com.badlogic.gdx.math.Matrix4#mul(float[],float[]):void	ed029323fac1433765a1	455	7874	8340	350
METHOD_ENTRY	com.badlogic.gdx.math.Matrix4#mulVec(float[],float[]):void	08d35b75cd58e5f3ebf0	413	7073	7497	289
METHOD_ENTRY	com.badlogic.gdx.math.Matrix4#mul(float[],float[]):void	f55b8204f41699678eea	413	7863	8287	291
METHOD_EXIT	com.badlogic.gdx.math.Matrix4#mulVec(float[],float[]):void	209ed4f68150a4752efd	455	7084	7550	303
METHOD_ENTRY	com.badlogic.gdx.math.Matrix4#prj(float[],float[]):void	706dc0d6e9c4c564298a	413	7134	7558	333
METHOD_EXIT	com.badlogic.gdx.math.Matrix4#prj(float[],float[]):void	918ef09c5f3ad6668498	455	7145	7611	598
METHOD_ENTRY	com.badlogic.gdx.math.Matrix4#rot(float[],float[]):void	1b0042ebcd02124d7c8b	413	7056	7480	277
METHOD_EXIT	com.badlogic.gdx.math.Matrix4#rot(float[],float[]):void	ec8adf85ba983356883e	455	7067	7533	391
METHOD_ENTRY	com.badlogic.gdx.math.Matrix4#inv(float[]):boolean	bcef2bff67f3793dbc26	413	8720	9144	295
METHOD_EXIT	com.badlogic.gdx.math.Matrix4#inv(float[]):boolean	f13394b11ef2a4649f77	455	8797	9263	271
METHOD_ENTRY	com.badlogic.gdx.math.Matrix4#det(float[]):float	8886c18e101d2d1fc519	413	7425	7849	158
METHOD_EXIT	com.badlogic.gdx.math.Matrix4#det(float[]):float	e621f88c576b205b480d	455	7502	7968	229
METHOD_EXIT	com.badlogic.gdx.math.Matrix4#translate(Vector3):Matrix4	664e7c5fee350977e98e	455	7016	7482	305
METHOD_ENTRY	com.badlogic.gdx.math.Matrix4#translate(float,float,float):Matrix4	ca0e7977aa4fb3f18119	413	7052	7476	320
METHOD_ENTRY	com.badlogic.gdx.math.Matrix4#translate(Vector3):Matrix4	ead1b230e2192ee5e797	413	6938	7362	266
METHOD_EXIT	com.badlogic.gdx.math.Matrix4#translate(float,float,float):Matrix4	a563c8bae31e137ea121	455	7130	7596	369
METHOD_ENTRY	com.badlogic.gdx.math.Matrix4#rotate(Vector3,float):Matrix4	60ec4b0726409a368964	413	6959	7383	177
METHOD_EXIT	com.badlogic.gdx.math.Matrix4#rotate(Vector3,float):Matrix4	8226a74a2907a9eb69e9	455	7037	7503	274
METHOD_EXIT	com.badlogic.gdx.math.Matrix4#rotateRad(Vector3,float):Matrix4	7c5e7d1bb69f967dae2f	455	7043	7509	321
METHOD_ENTRY	com.badlogic.gdx.math.Matrix4#rotateRad(Vector3,float):Matrix4	4ef48f939e3ab2331481	413	6965	7389	268
METHOD_EXIT	com.badlogic.gdx.math.Matrix4#rotate(float,float,float,float):Matrix4	ceb946badd55c0d9a9f0	455	7067	7533	333
METHOD_ENTRY	com.badlogic.gdx.math.Matrix4#rotate(float,float,float,float):Matrix4	e45e2de276a348083b58	413	6989	7413	316
METHOD_EXIT	com.badlogic.gdx.math.Matrix4#rotateRad(float,float,float,float):Matrix4	eba82fbc84d31ada4476	455	7071	7537	279
METHOD_ENTRY	com.badlogic.gdx.math.Matrix4#rotateRad(float,float,float,float):Matrix4	70a20930b68237105594	413	6993	7417	308
METHOD_EXIT	com.badlogic.gdx.math.Matrix4#rotate(Quaternion):Matrix4	bcdad0aba3b788e89f4f	455	7693	8159	236
METHOD_ENTRY	com.badlogic.gdx.math.Matrix4#rotate(Quaternion):Matrix4	e651e8d2f9248d228be5	413	7615	8039	353
METHOD_ENTRY	com.badlogic.gdx.math.Matrix4#rotate(Vector3,Vector3):Matrix4	8fd87ade249e817a8965	413	6958	7382	211
METHOD_EXIT	com.badlogic.gdx.math.Matrix4#rotate(Vector3,Vector3):Matrix4	1389f657cc899cf38605	455	7036	7502	310
METHOD_ENTRY	com.badlogic.gdx.math.Matrix4#rotateTowardTarget(Vector3,Vector3):Matrix4	18ac8c7c02249dd78d4a	413	6982	7406	236
METHOD_EXIT	com.badlogic.gdx.math.Matrix4#rotateTowardDirection(Vector3,Vector3):Matrix4	f1f83c3f7da3d0a8f9fb	455	7607	8073	253
METHOD_ENTRY	com.badlogic.gdx.math.Matrix4#rotateTowardDirection(Vector3,Vector3):Matrix4	ffe3fbf549acfeec2ba3	413	7529	7953	264
METHOD_ENTRY	com.badlogic.gdx.math.Polygon#getVertices():float[]	700b589dfa749a9d5aed	413	1203	1627	210
METHOD_EXIT	com.badlogic.gdx.math.Matrix4#rotateTowardTarget(Vector3,Vector3):Matrix4	94d9a8c73ec5d462afa9	455	7060	7526	257
METHOD_EXIT	com.badlogic.gdx.math.Polygon#getVertices():float[]	4e381d26a89fc18a4a28	455	1277	1743	298
METHOD_ENTRY	com.badlogic.gdx.math.Polygon#getTransformedVertices():float[]	28221957cb6818ee6e3c	413	1536	1960	277
METHOD_ENTRY	com.badlogic.gdx.math.Matrix4#scale(float,float,float):Matrix4	f4d0acffedde499bd76b	413	7058	7482	334
METHOD_EXIT	com.badlogic.gdx.math.Polygon#getTransformedVertices():float[]	b287c6b76185fe7cd89a	455	1610	2076	313
METHOD_EXIT	com.badlogic.gdx.math.Matrix4#scale(float,float,float):Matrix4	ae5bacec12fe191cc481	455	7136	7602	389
METHOD_ENTRY	com.badlogic.gdx.math.Polygon#setOrigin(float,float):void	7493c5935326dee8954a	413	1237	1661	147
METHOD_EXIT	com.badlogic.gdx.math.Polygon#setOrigin(float,float):void	d040a22b289ed96b068b	455	1248	1714	262
METHOD_ENTRY	com.badlogic.gdx.math.Polygon#setPosition(float,float):void	926121dd97e45e21ed90	413	1229	1653	169
METHOD_EXIT	com.badlogic.gdx.math.Polygon#setPosition(float,float):void	c6a8f2547405548a0d7d	455	1240	1706	234
METHOD_EXIT	com.badlogic.gdx.math.Polygon#setVertices(float[]):void	da0d3b6b1e35619c91ad	455	1251	1717	247
METHOD_ENTRY	com.badlogic.gdx.math.Polygon#setVertices(float[]):void	b0c35bfb73ba4629ff63	413	1240	1664	280
METHOD_ENTRY	com.badlogic.gdx.math.Polygon#setVertex(int,float,float):void	d246449faa20bc834eb3	413	1295	1719	239
METHOD_ENTRY	com.badlogic.gdx.math.Matrix4#extract4x3Matrix(float[]):void	4fe8da3280372453b0d7	413	7049	7473	281
METHOD_ENTRY	com.badlogic.gdx.math.Polygon#translate(float,float):void	02b37d46b45b5b5481aa	413	1228	1652	243
METHOD_EXIT	com.badlogic.gdx.math.Polygon#setVertex(int,float,float):void	1b211bec8883aabe6fbc	455	1306	1772	337
METHOD_EXIT	com.badlogic.gdx.math.Polygon#translate(float,float):void	09f04eaff691650baf00	455	1239	1705	223
METHOD_ENTRY	com.badlogic.gdx.math.Polygon#setRotation(float):void	31659cc48ac72f0847bd	413	1214	1638	172
METHOD_EXIT	com.badlogic.gdx.math.Polygon#setRotation(float):void	f0b4750be8768906fb58	455	1225	1691	238
METHOD_ENTRY	com.badlogic.gdx.math.Polygon#rotate(float):void	3672e1568eaa52b0daaf	413	1213	1637	260
METHOD_EXIT	com.badlogic.gdx.math.Polygon#rotate(float):void	d3ad87e7bcc2e8f2fff1	455	1224	1690	208
METHOD_ENTRY	com.badlogic.gdx.math.Polygon#setScale(float,float):void	4a2444d5e0f60c6593c6	413	1237	1661	251
METHOD_EXIT	com.badlogic.gdx.math.Polygon#setScale(float,float):void	b85c78181d4a1fa971d0	455	1248	1714	244
METHOD_ENTRY	com.badlogic.gdx.math.Polygon#scale(float):void	5d15287f1a0d7db8de11	413	1221	1645	214
METHOD_EXIT	com.badlogic.gdx.math.Polygon#scale(float):void	666ea0f66c6b8c24b961	455	1232	1698	290
METHOD_EXIT	com.badlogic.gdx.math.Matrix4#extract4x3Matrix(float[]):void	6a0b15af93a500bc5257	455	7060	7526	318
METHOD_ENTRY	com.badlogic.gdx.math.Polygon#dirty():void	9de58491bb3ca197e40b	413	1201	1625	241
METHOD_EXIT	com.badlogic.gdx.math.Polygon#dirty():void	fc6ff169cf3db7ea6028	455	1212	1678	270
METHOD_ENTRY	com.badlogic.gdx.math.Polygon#area():float	9d3f99246d46309649fd	413	1220	1644	242
METHOD_EXIT	com.badlogic.gdx.math.Polygon#area():float	3e0f007919d253dee453	455	1294	1760	167
METHOD_EXIT	com.badlogic.gdx.math.Matrix4#hasRotationOrScaling():boolean	3ee7b91f9ff0dfa32e84	455	7090	7556	522
METHOD_ENTRY	com.badlogic.gdx.math.Polygon#getVertexCount():int	221334cdcaf955be847c	413	1208	1632	212
METHOD_EXIT	com.badlogic.gdx.math.Polygon#getVertexCount():int	5c29a56ec0ab8d742ea5	455	1282	1748	263
METHOD_ENTRY	com.badlogic.gdx.math.Polygon#getVertex(int,Vector2):Vector2	8f7532713b943675f6a0	413	1285	1709	130
METHOD_ENTRY	com.badlogic.gdx.math.Matrix4#hasRotationOrScaling():boolean	49d53a1ae6d9bc2ee951	413	7016	7440	410
METHOD_EXIT	com.badlogic.gdx.math.Polygon#getVertex(int,Vector2):Vector2	d036348c6dd6a1614b5c	455	1363	1829	318
METHOD_ENTRY	com.badlogic.gdx.math.Polygon#getCentroid(Vector2):Vector2	406c6b83b677c09a34c1	413	1237	1661	173
METHOD_EXIT	com.badlogic.gdx.math.Polygon#getCentroid(Vector2):Vector2	c287ab297f2913abd059	455	1315	1781	270
METHOD_ENTRY	com.badlogic.gdx.math.Polygon#getBoundingRectangle():Rectangle	c7de05e8d6351b9a357e	413	1416	1840	299
METHOD_EXIT	com.badlogic.gdx.math.Polygon#getBoundingRectangle():Rectangle	add39ed0424de0bd1cdb	455	1490	1956	282
METHOD_EXIT	com.badlogic.gdx.math.Polygon#contains(float,float):boolean	db2ad6a1f01919df9109	455	1463	1929	312
METHOD_ENTRY	com.badlogic.gdx.math.Polygon#contains(float,float):boolean	405d89ceebfc298c76aa	413	1386	1810	252
METHOD_EXIT	com.badlogic.gdx.math.Polygon#getX():float	a1c11d563644930fb007	455	1274	1740	220
METHOD_ENTRY	com.badlogic.gdx.math.Polygon#getY():float	906abba79499dff17edb	413	1200	1624	40
METHOD_ENTRY	com.badlogic.gdx.math.Polygon#getX():float	74f4b69ec02b0c4d7ef9	413	1200	1624	186
METHOD_EXIT	com.badlogic.gdx.math.Polygon#contains(Vector2):boolean	2d4905a216d8353173a3	455	1292	1758	308
METHOD_EXIT	com.badlogic.gdx.math.Polygon#getY():float	f8577d550bf7b2ff59ee	455	1274	1740	150
METHOD_ENTRY	com.badlogic.gdx.math.Polygon#getOriginX():float	45b6c546302db2785301	413	1203	1627	178
METHOD_EXIT	com.badlogic.gdx.math.Polygon#getOriginY():float	2894027e771b5dbe0f06	455	1277	1743	183
METHOD_ENTRY	com.badlogic.gdx.math.Polygon#getOriginY():float	9482bc2c666e58255b23	413	1203	1627	170
METHOD_EXIT	com.badlogic.gdx.math.Polygon#getRotation():float	776f5c445f0552421e3a	455	1274	1740	263
METHOD_ENTRY	com.badlogic.gdx.math.Polygon#getRotation():float	9e33441ecb357898b277	413	1200	1624	221
METHOD_EXIT	com.badlogic.gdx.math.Polygon#getOriginX():float	336e6f6947e632e6da71	455	1277	1743	109
METHOD_ENTRY	com.badlogic.gdx.math.Polygon#getScaleX():float	d93c43c41fef22fd8851	413	1203	1627	217
METHOD_ENTRY	com.badlogic.gdx.math.Polygon#contains(Vector2):boolean	e776c9f750d23abe6044	413	1215	1639	242
METHOD_ENTRY	com.badlogic.gdx.math.Polygon#getScaleY():float	5597b992d4b69e2102e0	413	1203	1627	245
METHOD_EXIT	com.badlogic.gdx.math.Polygon#getScaleX():float	1682d218626156946a5a	455	1277	1743	220
METHOD_EXIT	com.badlogic.gdx.math.Polygon#resetTransformations():void	51fa5a55df77a257bc54	455	1265	1731	217
METHOD_EXIT	com.badlogic.gdx.math.Polygon#getScaleY():float	f92712d103ebf1080812	455	1277	1743	257
METHOD_ENTRY	com.badlogic.gdx.math.Polygon#resetTransformations():void	8926f0d9e07c457d5ad2	413	1254	1678	197
METHOD_ENTRY	com.badlogic.gdx.math.Matrix3#idt():Matrix3	7915ec27488b2195dd8b	413	2378	2802	441
METHOD_ENTRY	com.badlogic.gdx.math.Matrix3#mul(Matrix3):Matrix3	d81943bfa17be580cac8	413	2719	3143	261
METHOD_EXIT	com.badlogic.gdx.math.Matrix3#mul(Matrix3):Matrix3	647dbbbc9cca26b89b5d	455	2797	3263	255
METHOD_EXIT	com.badlogic.gdx.math.Matrix3#mulLeft(Matrix3):Matrix3	812785adb665a1dbb599	455	2799	3265	300
METHOD_ENTRY	com.badlogic.gdx.math.Matrix3#mulLeft(Matrix3):Matrix3	2420e73ab57cb06cd490	413	2721	3145	271
METHOD_ENTRY	com.badlogic.gdx.math.Matrix3#setToRotation(float):Matrix3	02cd36e0765459cb165b	413	2308	2732	244
METHOD_EXIT	com.badlogic.gdx.math.Matrix3#setToRotation(float):Matrix3	fc217d76dd8be295dcc4	455	2386	2852	263
METHOD_EXIT	com.badlogic.gdx.math.Matrix3#idt():Matrix3	396ec87ef745926c333b	455	2453	2919	304
METHOD_ENTRY	com.badlogic.gdx.math.Matrix3#setToRotationRad(float):Matrix3	244d9817fc113e16b586	413	2407	2831	330
METHOD_EXIT	com.badlogic.gdx.math.Matrix3#setToRotationRad(float):Matrix3	6b9bb9e70bf7f98ed8bf	455	2485	2951	327
METHOD_ENTRY	com.badlogic.gdx.math.Matrix3#setToRotation(Vector3,float):Matrix3	82783679b270109d6473	413	2326	2750	208
METHOD_EXIT	com.badlogic.gdx.math.Matrix3#setToRotation(Vector3,float):Matrix3	d6736b3b4c2086f601ae	455	2404	2870	284
METHOD_EXIT	com.badlogic.gdx.math.Matrix3#setToRotation(Vector3,float,float):Matrix3	4a19fe7b4ea9e2d6f2a1	455	2578	3044	317
METHOD_ENTRY	com.badlogic.gdx.math.Matrix3#setToRotation(Vector3,float,float):Matrix3	31d44f830aede578ae4d	413	2500	2924	232
METHOD_ENTRY	com.badlogic.gdx.math.Matrix3#setToTranslation(float,float):Matrix3	c39122eb70bb7f78b0d7	413	2393	2817	223
METHOD_EXIT	com.badlogic.gdx.math.Matrix3#setToTranslation(float,float):Matrix3	bd2a2707be3d9b48edfb	455	2471	2937	335
METHOD_ENTRY	com.badlogic.gdx.math.Matrix3#setToScaling(float,float):Matrix3	498686df8bbeac49a75a	413	2399	2823	310
METHOD_ENTRY	com.badlogic.gdx.math.Matrix3#setToTranslation(Vector2):Matrix3	93b85417b4adb7941ed4	413	2389	2813	202
METHOD_EXIT	com.badlogic.gdx.math.Matrix3#setToTranslation(Vector2):Matrix3	dc107b18c198c1e66f0d	455	2467	2933	167
METHOD_EXIT	com.badlogic.gdx.math.Matrix3#setToScaling(float,float):Matrix3	c15d5f89016c2377a862	455	2477	2943	305
METHOD_ENTRY	com.badlogic.gdx.math.Matrix3#setToScaling(Vector2):Matrix3	202b8b0d122412acd6af	413	2389	2813	180
METHOD_EXIT	com.badlogic.gdx.math.Matrix3#setToScaling(Vector2):Matrix3	ff85fb532169cbff1cd1	455	2467	2933	360
METHOD_ENTRY	com.badlogic.gdx.math.Matrix3#toString():String	95e5b61453b68cf6727b	413	2374	2798	261
METHOD_ENTRY	com.badlogic.gdx.math.Matrix3#det():float	ce9556e92e75a418120e	413	2383	2807	291
METHOD_EXIT	com.badlogic.gdx.math.Matrix3#det():float	d3d9f57b21d3ed08fd1a	455	2457	2923	103
METHOD_EXIT	com.badlogic.gdx.math.Matrix3#inv():Matrix3	d1134c2e10a28aeea007	455	2735	3201	285
METHOD_ENTRY	com.badlogic.gdx.math.Matrix3#set(Matrix3):Matrix3	8d2ddd3ad49dd56928fe	413	2313	2737	257
METHOD_EXIT	com.badlogic.gdx.math.Matrix3#toString():String	de49989aea5f51c935c8	455	2448	2914	261
METHOD_ENTRY	com.badlogic.gdx.math.Matrix3#inv():Matrix3	a24832d073e22bc94e06	413	2660	3084	253
METHOD_EXIT	com.badlogic.gdx.math.Matrix3#set(Matrix3):Matrix3	fb78b985ae2fbdc04274	455	2391	2857	279
METHOD_ENTRY	com.badlogic.gdx.math.Matrix3#set(Affine2):Matrix3	1c731bcff309e20c19a0	413	2394	2818	302
METHOD_EXIT	com.badlogic.gdx.math.Matrix3#set(Affine2):Matrix3	45c5fc68b7881371ac9e	455	2472	2938	291
METHOD_ENTRY	com.badlogic.gdx.math.Matrix3#set(Matrix4):Matrix3	734c849930ff9c4b358d	413	2430	2854	278
METHOD_EXIT	com.badlogic.gdx.math.Matrix3#set(Matrix4):Matrix3	f9e2cc247e2cb1d0f2d6	455	2508	2974	307
METHOD_ENTRY	com.badlogic.gdx.math.Matrix3#set(float[]):Matrix3	9cab83e4faaefbd17a14	413	2310	2734	230
METHOD_ENTRY	com.badlogic.gdx.math.Matrix3#trn(Vector2):Matrix3	22be57e3f568508da66f	413	2317	2741	175
METHOD_EXIT	com.badlogic.gdx.math.Matrix3#trn(Vector2):Matrix3	4a5a9841a93d68f948b3	455	2395	2861	361
METHOD_ENTRY	com.badlogic.gdx.math.Matrix3#trn(float,float):Matrix3	1a8d1d2dd5af3462865d	413	2321	2745	235
METHOD_EXIT	com.badlogic.gdx.math.Matrix3#set(float[]):Matrix3	1a066133d5b09d69f06c	455	2388	2854	306
METHOD_ENTRY	com.badlogic.gdx.math.Matrix3#trn(Vector3):Matrix3	50ab5e71704e7af6f3de	413	2317	2741	302
METHOD_EXIT	com.badlogic.gdx.math.Matrix3#trn(float,float):Matrix3	fbc03bbd0574a1b9f8fc	455	2399	2865	334
METHOD_EXIT	com.badlogic.gdx.math.Matrix3#trn(Vector3):Matrix3	eede8ab4a794beb39782	455	2395	2861	283
METHOD_ENTRY	com.badlogic.gdx.math.Matrix3#translate(float,float):Matrix3	626c97b4df6d52fda46e	413	2403	2827	236
METHOD_EXIT	com.badlogic.gdx.math.Matrix3#translate(float,float):Matrix3	24013cbf21bf7c3558dc	455	2481	2947	240
METHOD_ENTRY	com.badlogic.gdx.math.Matrix3#translate(Vector2):Matrix3	91f751a886abbfa882d9	413	2399	2823	157
METHOD_EXIT	com.badlogic.gdx.math.Matrix3#translate(Vector2):Matrix3	f2c3c3325754605c2b65	455	2477	2943	310
METHOD_EXIT	com.badlogic.gdx.math.Matrix3#rotate(float):Matrix3	eca4d6962862a543cc37	455	2381	2847	249
METHOD_ENTRY	com.badlogic.gdx.math.Matrix3#rotateRad(float):Matrix3	81ffb49852b742bdb141	413	2429	2853	294
METHOD_EXIT	com.badlogic.gdx.math.Matrix3#rotateRad(float):Matrix3	45e134b9e9170e2dc56a	455	2507	2973	353
METHOD_ENTRY	com.badlogic.gdx.math.Matrix3#rotate(float):Matrix3	9d8430a7cc239518ac04	413	2303	2727	298
METHOD_ENTRY	com.badlogic.gdx.math.Matrix3#scale(float,float):Matrix3	81a36e1b845480f3ee4d	413	2409	2833	321
METHOD_EXIT	com.badlogic.gdx.math.Matrix3#scale(float,float):Matrix3	2fbad3df6408059701b7	455	2487	2953	261
METHOD_EXIT	com.badlogic.gdx.math.Matrix3#scale(Vector2):Matrix3	5acb9be0bcd98d72a4f4	455	2477	2943	280
METHOD_ENTRY	com.badlogic.gdx.math.Matrix3#scale(Vector2):Matrix3	62b19ed7a6e2643183e4	413	2399	2823	261
METHOD_ENTRY	com.badlogic.gdx.math.Matrix3#getValues():float[]	3e9af087bb83ff9b8be6	413	2289	2713	66
METHOD_EXIT	com.badlogic.gdx.math.Matrix3#getValues():float[]	58b98ddfdfde33c8a9f2	455	2363	2829	188
METHOD_ENTRY	com.badlogic.gdx.math.Matrix3#getTranslation(Vector2):Vector2	5399d8dd5200e4dd1208	413	2314	2738	236
METHOD_ENTRY	com.badlogic.gdx.math.Matrix3#getScale(Vector2):Vector2	4d7ea6ca24a13e2d0959	413	2360	2784	165
METHOD_EXIT	com.badlogic.gdx.math.Matrix3#getScale(Vector2):Vector2	69861da0daa68ed08ebd	455	2438	2904	337
METHOD_EXIT	com.badlogic.gdx.math.Matrix3#getTranslation(Vector2):Vector2	2605a76ce16e00cff1b3	455	2392	2858	287
METHOD_EXIT	com.badlogic.gdx.math.Matrix3#getRotation():float	38ed6ec219bc9d7d86a7	455	2379	2845	308
METHOD_ENTRY	com.badlogic.gdx.math.Matrix3#getRotation():float	191552e5644633241d45	413	2305	2729	291
METHOD_ENTRY	com.badlogic.gdx.math.Matrix3#getRotationRad():float	08cc8f4becf9ae2f0bd9	413	2300	2724	284
METHOD_EXIT	com.badlogic.gdx.math.Matrix3#getRotationRad():float	7886873b2e3c5440b524	455	2374	2840	313
METHOD_ENTRY	com.badlogic.gdx.math.Matrix3#scl(float):Matrix3	9f2f83db4623a5d921fe	413	2311	2735	292
METHOD_EXIT	com.badlogic.gdx.math.Matrix3#scl(float):Matrix3	8a2ddd4b8b24058468fb	455	2389	2855	262
METHOD_ENTRY	com.badlogic.gdx.math.Matrix3#scl(Vector2):Matrix3	914c982ecf3700eedbd1	413	2316	2740	247
METHOD_ENTRY	com.badlogic.gdx.math.Matrix3#scl(Vector3):Matrix3	21ff8535f8e88f21e7d7	413	2316	2740	214
METHOD_ENTRY	com.badlogic.gdx.math.Matrix3#transpose():Matrix3	63013c111dd9bd034cab	413	2419	2843	233
METHOD_EXIT	com.badlogic.gdx.math.Matrix3#scl(Vector3):Matrix3	773830427ab0b5fdf245	455	2394	2860	271
METHOD_EXIT	com.badlogic.gdx.math.Matrix3#transpose():Matrix3	69de23f64153a8af74a4	455	2494	2960	282
METHOD_ENTRY	com.badlogic.gdx.math.Interpolation#apply(float,float,float):float	dfc6079fcb4523292e64	413	894	1318	257
METHOD_EXIT	com.badlogic.gdx.math.Matrix3#scl(Vector2):Matrix3	37d7ded57194758ebef8	455	2394	2860	363
METHOD_ENTRY	com.badlogic.gdx.math.Matrix3#mul(float[],float[]):void	6ac70c8a639d437743fe	413	2726	3150	259
METHOD_EXIT	com.badlogic.gdx.math.Matrix3#mul(float[],float[]):void	1c0a9c8d19acc2d20b1f	455	2737	3203	364
METHOD_ENTRY	com.badlogic.gdx.math.Interpolation#apply(float):float	013825bca75576d23f52	413	929	1353	320
METHOD_EXIT	com.badlogic.gdx.math.Interpolation#apply(float,float,float):float	e20b1513451a966bf594	455	971	1437	278
METHOD_EXIT	com.badlogic.gdx.math.Interpolation#apply(float):float	f2bd1829d16a5983ec91	455	1006	1472	369
METHOD_ENTRY	com.badlogic.gdx.math.Interpolation#apply(float):float	013825bca75576d23f52	413	929	1353	320
METHOD_EXIT	com.badlogic.gdx.math.Interpolation#apply(float):float	f2bd1829d16a5983ec91	455	1006	1472	369
METHOD_EXIT	com.badlogic.gdx.math.Interpolation#apply(float):float	f2bd1829d16a5983ec91	455	1006	1472	369
METHOD_ENTRY	com.badlogic.gdx.math.Interpolation#apply(float):float	013825bca75576d23f52	413	929	1353	320
METHOD_ENTRY	com.badlogic.gdx.math.Interpolation#apply(float):float	013825bca75576d23f52	413	929	1353	320
METHOD_EXIT	com.badlogic.gdx.math.Interpolation#apply(float):float	f2bd1829d16a5983ec91	455	1006	1472	369
METHOD_EXIT	com.badlogic.gdx.math.Interpolation#apply(float):float	f2bd1829d16a5983ec91	455	1006	1472	369
METHOD_ENTRY	com.badlogic.gdx.math.Interpolation#apply(float):float	013825bca75576d23f52	413	929	1353	320
METHOD_ENTRY	com.badlogic.gdx.math.Interpolation#apply(float):float	013825bca75576d23f52	413	929	1353	320
METHOD_EXIT	com.badlogic.gdx.math.Interpolation#apply(float):float	f2bd1829d16a5983ec91	455	1006	1472	369
METHOD_ENTRY	com.badlogic.gdx.math.Interpolation#apply(float):float	013825bca75576d23f52	413	929	1353	320
METHOD_ENTRY	com.badlogic.gdx.math.Interpolation#apply(float):float	013825bca75576d23f52	413	929	1353	320
METHOD_EXIT	com.badlogic.gdx.math.Interpolation#apply(float):float	f2bd1829d16a5983ec91	455	1006	1472	369
METHOD_EXIT	com.badlogic.gdx.math.Interpolation#apply(float):float	f2bd1829d16a5983ec91	455	1006	1472	369
METHOD_ENTRY	com.badlogic.gdx.math.Interpolation#apply(float):float	013825bca75576d23f52	413	929	1353	320
METHOD_EXIT	com.badlogic.gdx.math.Interpolation#apply(float):float	f2bd1829d16a5983ec91	455	1006	1472	369
METHOD_ENTRY	com.badlogic.gdx.math.Interpolation#apply(float):float	013825bca75576d23f52	413	929	1353	320
METHOD_EXIT	com.badlogic.gdx.math.Interpolation#apply(float):float	f2bd1829d16a5983ec91	455	1006	1472	369
METHOD_EXIT	com.badlogic.gdx.math.Interpolation#apply(float):float	f2bd1829d16a5983ec91	455	1006	1472	369
METHOD_ENTRY	com.badlogic.gdx.math.Interpolation#apply(float):float	013825bca75576d23f52	413	929	1353	320
METHOD_EXIT	com.badlogic.gdx.math.Interpolation#apply(float):float	f2bd1829d16a5983ec91	455	1006	1472	369
METHOD_ENTRY	com.badlogic.gdx.math.Interpolation#apply(float):float	013825bca75576d23f52	413	929	1353	320
METHOD_ENTRY	com.badlogic.gdx.math.Interpolation#apply(float):float	013825bca75576d23f52	413	929	1353	320
METHOD_EXIT	com.badlogic.gdx.math.Interpolation#apply(float):float	f2bd1829d16a5983ec91	455	1006	1472	369
METHOD_ENTRY	com.badlogic.gdx.math.Interpolation#apply(float):float	013825bca75576d23f52	413	929	1353	320
METHOD_EXIT	com.badlogic.gdx.math.Interpolation#apply(float):float	f2bd1829d16a5983ec91	455	1006	1472	369
METHOD_ENTRY	com.badlogic.gdx.math.Interpolation#apply(float):float	013825bca75576d23f52	413	929	1353	320
METHOD_EXIT	com.badlogic.gdx.math.Interpolation#apply(float):float	f2bd1829d16a5983ec91	455	1006	1472	369
METHOD_ENTRY	com.badlogic.gdx.math.Interpolation#apply(float):float	013825bca75576d23f52	413	929	1353	320
METHOD_ENTRY	com.badlogic.gdx.math.Interpolation#apply(float):float	013825bca75576d23f52	413	929	1353	320
METHOD_EXIT	com.badlogic.gdx.math.Interpolation#apply(float):float	f2bd1829d16a5983ec91	455	1006	1472	369
METHOD_EXIT	com.badlogic.gdx.math.Interpolation#apply(float):float	f2bd1829d16a5983ec91	455	1006	1472	369
METHOD_ENTRY	com.badlogic.gdx.math.Interpolation#apply(float):float	013825bca75576d23f52	413	929	1353	320
METHOD_EXIT	com.badlogic.gdx.math.Interpolation#apply(float):float	f2bd1829d16a5983ec91	455	1006	1472	369
METHOD_ENTRY	com.badlogic.gdx.math.Interpolation#apply(float):float	013825bca75576d23f52	413	929	1353	320
METHOD_EXIT	com.badlogic.gdx.math.Interpolation#apply(float):float	f2bd1829d16a5983ec91	455	1006	1472	369
METHOD_ENTRY	com.badlogic.gdx.math.Interpolation#apply(float):float	013825bca75576d23f52	413	929	1353	320
METHOD_EXIT	com.badlogic.gdx.math.Interpolation#apply(float):float	f2bd1829d16a5983ec91	455	1006	1472	369
METHOD_EXIT	com.badlogic.gdx.math.Interpolation#apply(float):float	f2bd1829d16a5983ec91	455	1006	1472	369
METHOD_EXIT	com.badlogic.gdx.math.Interpolation#apply(float):float	f2bd1829d16a5983ec91	455	1006	1472	369
METHOD_ENTRY	com.badlogic.gdx.math.Interpolation#apply(float):float	013825bca75576d23f52	413	929	1353	320
METHOD_ENTRY	com.badlogic.gdx.math.Interpolation#apply(float):float	013825bca75576d23f52	413	929	1353	320
METHOD_ENTRY	com.badlogic.gdx.math.Interpolation#apply(float):float	013825bca75576d23f52	413	929	1353	320
METHOD_EXIT	com.badlogic.gdx.math.Interpolation#apply(float):float	f2bd1829d16a5983ec91	455	1006	1472	369
METHOD_ENTRY	com.badlogic.gdx.math.Interpolation#out(float):float	93f34c1e8fa832a80607	413	910	1334	264
METHOD_EXIT	com.badlogic.gdx.math.Interpolation#out(float):float	debd69241fbafc6793da	455	987	1453	494
METHOD_EXIT	com.badlogic.gdx.math.Interpolation#apply(float):float	f2bd1829d16a5983ec91	455	1006	1472	369
METHOD_ENTRY	com.badlogic.gdx.math.Interpolation#apply(float):float	013825bca75576d23f52	413	929	1353	320
METHOD_ENTRY	com.badlogic.gdx.math.Interpolation#apply(float):float	013825bca75576d23f52	413	929	1353	320
METHOD_ENTRY	com.badlogic.gdx.math.Interpolation#apply(float):float	013825bca75576d23f52	413	929	1353	320
METHOD_EXIT	com.badlogic.gdx.math.Interpolation#apply(float):float	f2bd1829d16a5983ec91	455	1006	1472	369
METHOD_EXIT	com.badlogic.gdx.math.Interpolation#apply(float):float	f2bd1829d16a5983ec91	455	1006	1472	369
METHOD_ENTRY	com.badlogic.gdx.math.Interpolation#apply(float):float	013825bca75576d23f52	413	929	1353	320
METHOD_EXIT	com.badlogic.gdx.math.Interpolation#apply(float):float	f2bd1829d16a5983ec91	455	1006	1472	369
METHOD_ENTRY	com.badlogic.gdx.math.Interpolation#apply(float):float	013825bca75576d23f52	413	929	1353	320
METHOD_EXIT	com.badlogic.gdx.math.Interpolation#apply(float):float	f2bd1829d16a5983ec91	455	1006	1472	369
METHOD_ENTRY	com.badlogic.gdx.math.Interpolation#apply(float):float	013825bca75576d23f52	413	929	1353	320
METHOD_EXIT	com.badlogic.gdx.math.Pow#apply(float):float	88b05eeaab3d20e04e6e	455	521	987	366
METHOD_EXIT	com.badlogic.gdx.math.Interpolation#apply(float):float	f2bd1829d16a5983ec91	455	1006	1472	369
METHOD_ENTRY	com.badlogic.gdx.math.Pow#apply(float):float	b92b51320688e65a1527	413	444	868	364
METHOD_ENTRY	com.badlogic.gdx.math.PowIn#apply(float):float	2cab99682eb4f87fe523	413	445	869	273
METHOD_EXIT	com.badlogic.gdx.math.PowIn#apply(float):float	7aca13be901d622db37e	455	522	988	373
METHOD_ENTRY	com.badlogic.gdx.math.PowOut#apply(float):float	4d711d53f4c9b8824210	413	445	869	221
METHOD_EXIT	com.badlogic.gdx.math.PowOut#apply(float):float	5e263149c35cb3b6e520	455	522	988	371
METHOD_ENTRY	com.badlogic.gdx.math.ExpIn#apply(float):float	61f878054701302306db	413	445	869	251
METHOD_ENTRY	com.badlogic.gdx.math.Exp#apply(float):float	f817ffe67d1a7bfcdad7	413	444	868	208
METHOD_EXIT	com.badlogic.gdx.math.Exp#apply(float):float	11133d5c3d05f2044050	455	521	987	374
METHOD_EXIT	com.badlogic.gdx.math.ExpIn#apply(float):float	5a0fa930c92a4d602fe3	455	522	988	414
METHOD_ENTRY	com.badlogic.gdx.math.ExpOut#apply(float):float	93e6648ea267e07ee66d	413	445	869	301
METHOD_EXIT	com.badlogic.gdx.math.ExpOut#apply(float):float	b2c1049de9dbe840442d	455	522	988	487
METHOD_ENTRY	com.badlogic.gdx.math.Elastic#apply(float):float	49b26f7a609b7d9287bf	413	445	869	193
METHOD_EXIT	com.badlogic.gdx.math.Elastic#apply(float):float	8b701ff44709e5bafebf	455	522	988	398
METHOD_ENTRY	com.badlogic.gdx.math.ElasticIn#apply(float):float	3f06ba268b09e3a55bb9	413	446	870	305
METHOD_ENTRY	com.badlogic.gdx.math.ElasticOut#apply(float):float	ee8bb8f3fbe1df7ef997	413	446	870	128
METHOD_EXIT	com.badlogic.gdx.math.ElasticIn#apply(float):float	895ed50d8d4b66d84517	455	523	989	350
METHOD_EXIT	com.badlogic.gdx.math.Bounce#out(float):float	ca66d5af014b1f2e951b	455	503	969	426
METHOD_ENTRY	com.badlogic.gdx.math.Bounce#out(float):float	65e2925260d6d7010fa4	413	426	850	281
METHOD_ENTRY	com.badlogic.gdx.math.Bounce#apply(float):float	fefa4f9207651dcb63d8	413	445	869	278
METHOD_EXIT	com.badlogic.gdx.math.ElasticOut#apply(float):float	74a375487ae15bdbf7dd	455	523	989	325
METHOD_EXIT	com.badlogic.gdx.math.Bounce#apply(float):float	62242c307e127286d5b4	455	522	988	307
METHOD_ENTRY	com.badlogic.gdx.math.BounceOut#apply(float):float	ad44162027a2ee062bd3	413	446	870	172
METHOD_ENTRY	com.badlogic.gdx.math.BounceIn#apply(float):float	497b16314c24ac3add30	413	446	870	228
METHOD_ENTRY	com.badlogic.gdx.math.Swing#apply(float):float	f53b1236785bfee30bce	413	444	868	286
METHOD_EXIT	com.badlogic.gdx.math.Swing#apply(float):float	22495604e3799bcde2dc	455	521	987	397
METHOD_EXIT	com.badlogic.gdx.math.BounceIn#apply(float):float	a1274e5dcea39bf92120	455	523	989	344
METHOD_ENTRY	com.badlogic.gdx.math.SwingIn#apply(float):float	37b6d5b5dda1fcd4615e	413	445	869	265
METHOD_EXIT	com.badlogic.gdx.math.SwingOut#apply(float):float	7481141d8604c77a5f31	455	522	988	348
METHOD_EXIT	com.badlogic.gdx.math.SwingIn#apply(float):float	19f86c807ed6721b7d55	455	522	988	401
METHOD_ENTRY	com.badlogic.gdx.math.SwingOut#apply(float):float	6b12364746bda68a4d10	413	445	869	321
METHOD_EXIT	com.badlogic.gdx.math.BounceOut#apply(float):float	4478cf9914c411333235	455	523	989	372
METHOD_ENTRY	com.badlogic.gdx.math.Vector3#set(float,float,float):Vector3	ebf3e5b57e887ac00900	413	2947	3371	182
METHOD_EXIT	com.badlogic.gdx.math.Vector3#set(float,float,float):Vector3	4c1a79b8451119c51957	455	3025	3491	254
METHOD_ENTRY	com.badlogic.gdx.math.Vector3#set(Vector3):Vector3	03709d5b9379db5a91e5	413	2926	3350	213
METHOD_EXIT	com.badlogic.gdx.math.Vector3#set(Vector3):Vector3	935835e14d1ff7b82630	455	3004	3470	270
METHOD_EXIT	com.badlogic.gdx.math.Vector3#set(float[]):Vector3	7fb9bc6789debf46ec81	455	3003	3469	293
METHOD_ENTRY	com.badlogic.gdx.math.Vector3#set(Vector2,float):Vector3	428c5fec7b70c39e7715	413	2932	3356	211
METHOD_ENTRY	com.badlogic.gdx.math.Vector3#setFromSpherical(float,float):Vector3	098cd392c268b3e2c0d0	413	3006	3430	317
METHOD_ENTRY	com.badlogic.gdx.math.Vector3#setToRandomDirection():Vector3	6787db94775b22b44703	413	2976	3400	281
METHOD_EXIT	com.badlogic.gdx.math.Vector3#setFromSpherical(float,float):Vector3	9a507ecb5da2d57fdbe3	455	3084	3550	364
METHOD_EXIT	com.badlogic.gdx.math.Vector3#setToRandomDirection():Vector3	c93534eb9e35c606b909	455	3051	3517	338
METHOD_ENTRY	com.badlogic.gdx.math.Vector3#set(float[]):Vector3	4edf7d58f0391fed05df	413	2925	3349	269
METHOD_ENTRY	com.badlogic.gdx.math.Vector3#cpy():Vector3	48d32335a352ae1d7351	413	2912	3336	52
METHOD_EXIT	com.badlogic.gdx.math.Vector3#set(Vector2,float):Vector3	6bedf04c6055b8815d11	455	3010	3476	255
METHOD_EXIT	com.badlogic.gdx.math.Vector3#add(Vector3):Vector3	e57a6921008ce0932033	455	3005	3471	264
METHOD_ENTRY	com.badlogic.gdx.math.Vector3#add(float,float,float):Vector3	f14c38d7570c98aa27a8	413	2945	3369	258
METHOD_ENTRY	com.badlogic.gdx.math.Vector3#add(Vector3):Vector3	2127dfa4a020e0040095	413	2927	3351	261
METHOD_EXIT	com.badlogic.gdx.math.Vector3#cpy():Vector3	666911336d94ac5a3eec	455	2987	3453	267
METHOD_EXIT	com.badlogic.gdx.math.Vector3#add(float,float,float):Vector3	fc9b57474e4fdd40c9c8	455	3023	3489	249
METHOD_EXIT	com.badlogic.gdx.math.Vector3#add(float):Vector3	e29769ae858c8a872cec	455	3005	3471	272
METHOD_ENTRY	com.badlogic.gdx.math.Vector3#sub(float,float,float):Vector3	648e66d918c63f22f8ad	413	2945	3369	190
METHOD_EXIT	com.badlogic.gdx.math.Vector3#sub(Vector3):Vector3	c7a28e4b0abe985f1a53	455	3010	3476	204
METHOD_EXIT	com.badlogic.gdx.math.Vector3#sub(float,float,float):Vector3	3d36be2e698c9ba670a2	455	3023	3489	282
METHOD_EXIT	com.badlogic.gdx.math.Vector3#sub(float):Vector3	310dd799d00fc78d1421	455	3005	3471	275
METHOD_ENTRY	com.badlogic.gdx.math.Vector3#scl(float):Vector3	75f3ad790d03d8f7abd3	413	2930	3354	56
METHOD_ENTRY	com.badlogic.gdx.math.Vector3#sub(float):Vector3	86b3e4cc4b99027e7edd	413	2927	3351	103
METHOD_ENTRY	com.badlogic.gdx.math.Vector3#add(float):Vector3	1fa2b55fd7b191a5eca7	413	2927	3351	232
METHOD_ENTRY	com.badlogic.gdx.math.Vector3#sub(Vector3):Vector3	fcbd41a56e6159166e31	413	2932	3356	237
METHOD_EXIT	com.badlogic.gdx.math.Vector3#scl(float):Vector3	410a5d584a13247fe17b	455	3008	3474	253
METHOD_EXIT	com.badlogic.gdx.math.Vector3#scl(Vector3):Vector3	b4ae01998b7ae1edb182	455	3012	3478	276
METHOD_ENTRY	com.badlogic.gdx.math.Vector3#scl(Vector3):Vector3	a945ee80a9014dabfa3a	413	2934	3358	209
METHOD_ENTRY	com.badlogic.gdx.math.Vector3#scl(float,float,float):Vector3	40ca1368f23147d242e5	413	2946	3370	289
METHOD_EXIT	com.badlogic.gdx.math.Vector3#mulAdd(Vector3,float):Vector3	cb5c9614cf2b438f59e7	455	3033	3499	318
METHOD_EXIT	com.badlogic.gdx.math.Vector3#scl(float,float,float):Vector3	64a2017eb7b267bd19f2	455	3024	3490	281
METHOD_ENTRY	com.badlogic.gdx.math.Vector3#mulAdd(Vector3,Vector3):Vector3	e6eb4f98ea90abcf9df7	413	2967	3391	240
METHOD_ENTRY	com.badlogic.gdx.math.Vector3#mulAdd(Vector3,float):Vector3	e0b816bfb921a09f91c7	413	2955	3379	234
METHOD_EXIT	com.badlogic.gdx.math.Vector3#mulAdd(Vector3,Vector3):Vector3	23de9f355bc58bdf0263	455	3045	3511	277
METHOD_ENTRY	com.badlogic.gdx.math.Vector3#len(float,float,float):float	e6b0c6b2781a98961712	413	2946	3370	209
METHOD_EXIT	com.badlogic.gdx.math.Vector3#len(float,float,float):float	d1976a33eb27da5cefc6	455	3023	3489	248
METHOD_ENTRY	com.badlogic.gdx.math.Vector3#len():float	a7c406ba444b4268a0a8	413	2920	3344	231
METHOD_ENTRY	com.badlogic.gdx.math.Vector3#len2(float,float,float):float	8a69e8cff293164fbc28	413	2944	3368	244
METHOD_EXIT	com.badlogic.gdx.math.Vector3#len2(float,float,float):float	ed8362673459ed41b869	455	3021	3487	298
METHOD_EXIT	com.badlogic.gdx.math.Vector3#len():float	1024595d761429dd88fe	455	2994	3460	336
METHOD_EXIT	com.badlogic.gdx.math.Vector3#len2():float	1b820b26fb019eefed24	455	2992	3458	279
METHOD_EXIT	com.badlogic.gdx.math.Vector3#idt(Vector3):boolean	0f2caccb69145a4d830c	455	3005	3471	293
METHOD_ENTRY	com.badlogic.gdx.math.Vector3#len2():float	2ac43b903d8be5b17e62	413	2918	3342	245
METHOD_ENTRY	com.badlogic.gdx.math.Vector3#idt(Vector3):boolean	085a47a1c168222bed05	413	2928	3352	245
METHOD_ENTRY	com.badlogic.gdx.math.Vector3#dst(float,float,float,float,float,float):float	8d7bb27afb18a4ba192d	413	3021	3445	364
METHOD_ENTRY	com.badlogic.gdx.math.Vector3#dst(Vector3):float	d2a678331a75f87f7067	413	2960	3384	278
METHOD_EXIT	com.badlogic.gdx.math.Vector3#dst(float,float,float,float,float,float):float	32ae9dcee4031c6d4a37	455	3098	3564	347
METHOD_EXIT	com.badlogic.gdx.math.Vector3#dst(Vector3):float	898e7555f93a325b18d6	455	3037	3503	276
METHOD_ENTRY	com.badlogic.gdx.math.Vector3#dst(float,float,float):float	3bf93feb420310d783e7	413	2972	3396	249
METHOD_EXIT	com.badlogic.gdx.math.Vector3#dst(float,float,float):float	1dde1bcf91b4dbcbf01e	455	3049	3515	273
METHOD_EXIT	com.badlogic.gdx.math.Vector3#dst2(float,float,float,float,float,float):float	b1d78cb2e36827808913	455	3096	3562	337
METHOD_ENTRY	com.badlogic.gdx.math.Vector3#dst2(Vector3):float	fcfe0c77855194d66e41	413	2957	3381	210
METHOD_ENTRY	com.badlogic.gdx.math.Vector3#dst2(float,float,float,float,float,float):float	d7a780512430ade03561	413	3019	3443	189
METHOD_EXIT	com.badlogic.gdx.math.Vector3#dst2(Vector3):float	17792aae143dc82cf144	455	3034	3500	324
METHOD_ENTRY	com.badlogic.gdx.math.Vector3#dst2(float,float,float):float	c21bce96253349754d9d	413	2970	3394	241
METHOD_EXIT	com.badlogic.gdx.math.Vector3#dst2(float,float,float):float	fc7cdb3acd17aabac51b	455	3047	3513	314
METHOD_ENTRY	com.badlogic.gdx.math.Vector3#nor():Vector3	380871c4875aa1ac383a	413	2950	3374	309
METHOD_EXIT	com.badlogic.gdx.math.Vector3#nor():Vector3	e48191556abe8bc57735	455	3025	3491	399
METHOD_ENTRY	com.badlogic.gdx.math.Vector3#dot(float,float,float,float,float,float):float	f2c59802de87374eb1b9	413	2984	3408	269
METHOD_EXIT	com.badlogic.gdx.math.Vector3#dot(float,float,float,float,float,float):float	1a9f934d8276d2908ca4	455	3061	3527	275
METHOD_EXIT	com.badlogic.gdx.math.Vector3#dot(Vector3):float	615c571e1281bc704364	455	3006	3472	326
METHOD_ENTRY	com.badlogic.gdx.math.Vector3#dot(Vector3):float	8358bcdab03e42c98590	413	2929	3353	213
METHOD_ENTRY	com.badlogic.gdx.math.Vector3#dot(float,float,float):float	d589ea797cba49c3e4e5	413	2941	3365	244
METHOD_EXIT	com.badlogic.gdx.math.Vector3#dot(float,float,float):float	f7326082c12d1b68f314	455	3018	3484	307
METHOD_ENTRY	com.badlogic.gdx.math.Vector3#crs(Vector3):Vector3	37e4f3dc9722bf779b20	413	2948	3372	245
METHOD_EXIT	com.badlogic.gdx.math.Vector3#crs(Vector3):Vector3	b8499bda652bad6884a0	455	3026	3492	265
METHOD_ENTRY	com.badlogic.gdx.math.Vector3#crs(float,float,float):Vector3	a60caa9ed42ac0f80434	413	2962	3386	258
METHOD_EXIT	com.badlogic.gdx.math.Vector3#crs(float,float,float):Vector3	d78b3423301d579ba781	455	3040	3506	315
METHOD_ENTRY	com.badlogic.gdx.math.Vector3#mul4x3(float[]):Vector3	155c50835bad4c188fea	413	2994	3418	314
METHOD_ENTRY	com.badlogic.gdx.math.Vector3#mul(Matrix4):Vector3	dc906dee9eb218593096	413	3051	3475	249
METHOD_EXIT	com.badlogic.gdx.math.Vector3#mul(Matrix4):Vector3	e2b1b0f1a2acc17e2f35	455	3129	3595	398
METHOD_EXIT	com.badlogic.gdx.math.Vector3#mul4x3(float[]):Vector3	620055c7d8763c82a520	455	3072	3538	385
METHOD_EXIT	com.badlogic.gdx.math.Vector3#traMul(Matrix4):Vector3	4fef84c6ae2a88b18106	455	3131	3597	377
METHOD_ENTRY	com.badlogic.gdx.math.Vector3#traMul(Matrix4):Vector3	5fee0c524e67f568248b	413	3053	3477	311
METHOD_ENTRY	com.badlogic.gdx.math.Vector3#mul(Matrix3):Vector3	b061439a4a51cef2e110	413	3022	3446	288
METHOD_EXIT	com.badlogic.gdx.math.Vector3#mul(Matrix3):Vector3	773a47ff3c80f01a4496	455	3100	3566	333
METHOD_ENTRY	com.badlogic.gdx.math.Vector3#traMul(Matrix3):Vector3	5da5dd7c9a498a0bb7f6	413	3024	3448	313
METHOD_EXIT	com.badlogic.gdx.math.Vector3#traMul(Matrix3):Vector3	406f5383e3dff23d9b6d	455	3102	3568	334
METHOD_ENTRY	com.badlogic.gdx.math.Vector3#mul(Quaternion):Vector3	2d82c138c1922e63195a	413	2916	3340	190
METHOD_ENTRY	com.badlogic.gdx.math.Vector3#prj(Matrix4):Vector3	1514441d773cc69e8be8	413	3120	3544	265
METHOD_EXIT	com.badlogic.gdx.math.Vector3#prj(Matrix4):Vector3	d38bc7ea47963b5751cf	455	3198	3664	278
METHOD_ENTRY	com.badlogic.gdx.math.Vector3#rot(Matrix4):Vector3	7aabaf241486d3833033	413	3024	3448	303
METHOD_EXIT	com.badlogic.gdx.math.Vector3#rot(Matrix4):Vector3	f8a6f1121eb2d91a457b	455	3102	3568	341
METHOD_EXIT	com.badlogic.gdx.math.Vector3#mul(Quaternion):Vector3	7c0fde8064c476c364a5	455	2994	3460	274
METHOD_ENTRY	com.badlogic.gdx.math.Vector3#unrotate(Matrix4):Vector3	fe4070a37764a096c0b1	413	3026	3450	264
METHOD_EXIT	com.badlogic.gdx.math.Vector3#unrotate(Matrix4):Vector3	a56c1f045312b6511237	455	3104	3570	383
METHOD_ENTRY	com.badlogic.gdx.math.Vector3#untransform(Matrix4):Vector3	b12e206e806560a31289	413	3059	3483	280
METHOD_ENTRY	com.badlogic.gdx.math.Vector3#rotate(float,float,float,float):Vector3	bc02677dac363c2013de	413	2961	3385	279
METHOD_EXIT	com.badlogic.gdx.math.Vector3#untransform(Matrix4):Vector3	95145a54137e3c59cd5f	455	3137	3603	323
METHOD_ENTRY	com.badlogic.gdx.math.Vector3#rotateRad(float,float,float,float):Vector3	c6e654867d4416028299	413	2964	3388	261
METHOD_EXIT	com.badlogic.gdx.math.Vector3#rotate(float,float,float,float):Vector3	f93a60f29c7fccf5fd1b	455	3039	3505	303
METHOD_ENTRY	com.badlogic.gdx.math.Vector3#rotate(Vector3,float):Vector3	cc7e89cec57354babc1f	413	2938	3362	199
METHOD_EXIT	com.badlogic.gdx.math.Vector3#rotateRad(float,float,float,float):Vector3	95cd21f67f5b0143775b	455	3042	3508	277
METHOD_EXIT	com.badlogic.gdx.math.Vector3#rotate(Vector3,float):Vector3	d8e1408de543e91619c7	455	3016	3482	265
METHOD_ENTRY	com.badlogic.gdx.math.Vector3#isUnit():boolean	687e8c8e6b18b7e862bd	413	2916	3340	242
METHOD_EXIT	com.badlogic.gdx.math.Vector3#rotateRad(Vector3,float):Vector3	c738e62cecf6de4de7b2	455	3019	3485	298
METHOD_ENTRY	com.badlogic.gdx.math.Vector3#rotateRad(Vector3,float):Vector3	71dee14b116b420479a5	413	2941	3365	265
METHOD_ENTRY	com.badlogic.gdx.math.Vector3#isUnit(float):boolean	63e33741c7b97351ed4e	413	2926	3350	197
METHOD_EXIT	com.badlogic.gdx.math.Vector3#isUnit():boolean	1851e9575dd0023dbac4	455	2990	3456	374
METHOD_EXIT	com.badlogic.gdx.math.Vector3#isUnit(float):boolean	7d3096717b0d5eeaa81c	455	3003	3469	243
METHOD_ENTRY	com.badlogic.gdx.math.Vector3#isZero(float):boolean	9d52e48c701f25fdd935	413	2919	3343	242
METHOD_EXIT	com.badlogic.gdx.math.Vector3#isZero(float):boolean	fe39608b971d665aba72	455	2996	3462	250
METHOD_EXIT	com.badlogic.gdx.math.Vector3#isZero():boolean	3e785002d41dfa978751	455	2995	3461	302
METHOD_ENTRY	com.badlogic.gdx.math.Vector3#isZero():boolean	61d4223625105f466e5d	413	2921	3345	175
METHOD_ENTRY	com.badlogic.gdx.math.Vector3#isOnLine(Vector3,float):boolean	00d415849b0630cc0907	413	2961	3385	306
METHOD_EXIT	com.badlogic.gdx.math.Vector3#isOnLine(Vector3,float):boolean	a42620f6045686bb673a	455	3038	3504	331
METHOD_ENTRY	com.badlogic.gdx.math.Vector3#isOnLine(Vector3):boolean	0f87231d959291232e3d	413	2959	3383	306
METHOD_EXIT	com.badlogic.gdx.math.Vector3#isOnLine(Vector3):boolean	92b5183f64aafe4e287f	455	3036	3502	384
METHOD_EXIT	com.badlogic.gdx.math.Vector3#isCollinear(Vector3,float):boolean	e58b9b7b7b8ed8185ad9	455	3016	3482	262
METHOD_ENTRY	com.badlogic.gdx.math.Vector3#isCollinear(Vector3,float):boolean	c04625e490e6a9e0bf56	413	2939	3363	271
METHOD_ENTRY	com.badlogic.gdx.math.Vector3#isCollinear(Vector3):boolean	99bc445857b9838ba7a7	413	2928	3352	272
METHOD_ENTRY	com.badlogic.gdx.math.Vector3#isCollinearOpposite(Vector3,float):boolean	d67ac99242c2efd9b672	413	2944	3368	273
METHOD_EXIT	com.badlogic.gdx.math.Vector3#isCollinearOpposite(Vector3,float):boolean	f4ed7646aa77d612e224	455	3021	3487	332
METHOD_ENTRY	com.badlogic.gdx.math.Vector3#isCollinearOpposite(Vector3):boolean	0cbb83cbce181945c6c3	413	2933	3357	264
METHOD_EXIT	com.badlogic.gdx.math.Vector3#isCollinearOpposite(Vector3):boolean	182f6f9b3013e625d993	455	3010	3476	287
METHOD_EXIT	com.badlogic.gdx.math.Vector3#isCollinear(Vector3):boolean	3cb18f726bb79d8d7d9e	455	3005	3471	210
METHOD_EXIT	com.badlogic.gdx.math.Vector3#isPerpendicular(Vector3):boolean	9f9c261705ef248e7ac9	455	3001	3467	315
METHOD_ENTRY	com.badlogic.gdx.math.Vector3#isPerpendicular(Vector3):boolean	10ed8a27d3d32d36e6f1	413	2924	3348	241
METHOD_ENTRY	com.badlogic.gdx.math.Vector3#isPerpendicular(Vector3,float):boolean	a526b24aaf8312653cc6	413	2935	3359	244
METHOD_ENTRY	com.badlogic.gdx.math.Vector3#hasSameDirection(Vector3):boolean	75fc24e4ecf36634bc30	413	2924	3348	219
METHOD_EXIT	com.badlogic.gdx.math.Vector3#isPerpendicular(Vector3,float):boolean	900850b95256bdb7e4b1	455	3012	3478	245
METHOD_EXIT	com.badlogic.gdx.math.Vector3#hasSameDirection(Vector3):boolean	4348b7b7f4b2a4307556	455	3001	3467	260
METHOD_ENTRY	com.badlogic.gdx.math.Vector3#hasOppositeDirection(Vector3):boolean	7cfc2504020a598c2bb9	413	2926	3350	262
METHOD_EXIT	com.badlogic.gdx.math.Vector3#hasOppositeDirection(Vector3):boolean	7ef927cee76dde9ddbef	455	3003	3469	255
METHOD_ENTRY	com.badlogic.gdx.math.Vector3#lerp(Vector3,float):Vector3	3f9954b1a97cf298f9f8	413	2962	3386	273
METHOD_EXIT	com.badlogic.gdx.math.Vector3#lerp(Vector3,float):Vector3	2fb58a83f02644954720	455	3040	3506	334
METHOD_ENTRY	com.badlogic.gdx.math.Vector3#interpolate(Vector3,float,Interpolation):Vector3	85e5f58240de5ee2ba1c	413	2956	3380	271
METHOD_EXIT	com.badlogic.gdx.math.Vector3#interpolate(Vector3,float,Interpolation):Vector3	06cdc03c1724839896f2	455	3034	3500	302
METHOD_EXIT	com.badlogic.gdx.math.Vector3#slerp(Vector3,float):Vector3	a3aadf6dc8f370d16ebe	455	3223	3689	344
METHOD_ENTRY	com.badlogic.gdx.math.Vector3#toString():String	cf8c16ac2eb66fdfbfb2	413	2919	3343	214
METHOD_ENTRY	com.badlogic.gdx.math.Vector3#slerp(Vector3,float):Vector3	e485124d195169948a83	413	3145	3569	303
METHOD_ENTRY	com.badlogic.gdx.math.Vector3#fromString(String):Vector3	12c36fa1e22432d31765	413	3085	3509	271
METHOD_EXIT	com.badlogic.gdx.math.Vector3#fromString(String):Vector3	13d7d71612be80da50f6	455	3163	3629	335
METHOD_EXIT	com.badlogic.gdx.math.Vector3#limit(float):Vector3	8dd9c62f4411ae0b2ae3	455	2996	3462	241
METHOD_EXIT	com.badlogic.gdx.math.Vector3#toString():String	444528adc76788bf647e	455	2993	3459	245
METHOD_ENTRY	com.badlogic.gdx.math.Vector3#limit(float):Vector3	07a670bd31011de83db4	413	2918	3342	107
METHOD_ENTRY	com.badlogic.gdx.math.Vector3#limit2(float):Vector3	21f4213ebcb3af7735ef	413	2952	3376	158
METHOD_EXIT	com.badlogic.gdx.math.Vector3#limit2(float):Vector3	c0e40421e6691ab2e905	455	3030	3496	252
METHOD_ENTRY	com.badlogic.gdx.math.Vector3#setLength(float):Vector3	885b9b76609a51571750	413	2920	3344	97
METHOD_EXIT	com.badlogic.gdx.math.Vector3#setLength(float):Vector3	4843c23099ec091eee80	455	2998	3464	248
METHOD_ENTRY	com.badlogic.gdx.math.Vector3#setLength2(float):Vector3	bd4681b9f2826d2c3d90	413	2956	3380	240
METHOD_EXIT	com.badlogic.gdx.math.Vector3#hashCode():int	4f0902fa20ab44e8d2d0	455	3042	3508	385
METHOD_ENTRY	com.badlogic.gdx.math.Vector3#hashCode():int	d64051602d6a10ec2e24	413	2968	3392	232
METHOD_EXIT	com.badlogic.gdx.math.Vector3#setLength2(float):Vector3	ba3f7d7a550789fd6584	455	3034	3500	322
METHOD_EXIT	com.badlogic.gdx.math.Vector3#clamp(float,float):Vector3	bdf11ee898798381e300	455	3084	3550	236
METHOD_ENTRY	com.badlogic.gdx.math.Vector3#equals(Object):boolean	ab4dade51118c58959c4	413	3028	3452	281
METHOD_ENTRY	com.badlogic.gdx.math.Vector3#clamp(float,float):Vector3	d6459ae6f7529231f504	413	3006	3430	210
METHOD_ENTRY	com.badlogic.gdx.math.Vector3#epsilonEquals(Vector3,float):boolean	a66eb336f2da86aa8065	413	2985	3409	239
METHOD_EXIT	com.badlogic.gdx.math.Vector3#equals(Object):boolean	81f51c2c29387753428d	455	3105	3571	540
METHOD_ENTRY	com.badlogic.gdx.math.Vector3#epsilonEquals(float,float,float,float):boolean	4a92e61110a4a34d7d74	413	2987	3411	203
METHOD_EXIT	com.badlogic.gdx.math.Vector3#epsilonEquals(Vector3,float):boolean	ed48a7960dcfe7727b0f	455	3062	3528	273
METHOD_ENTRY	com.badlogic.gdx.math.Vector3#epsilonEquals(Vector3):boolean	bb6a48686441f4ff63cb	413	2926	3350	293
METHOD_EXIT	com.badlogic.gdx.math.Vector3#epsilonEquals(float,float,float,float):boolean	dc97da00a538e09f1b1e	455	3064	3530	266
METHOD_EXIT	com.badlogic.gdx.math.Vector3#epsilonEquals(Vector3):boolean	19dbcb18405284552b79	455	3003	3469	364
METHOD_ENTRY	com.badlogic.gdx.math.DelaunayTriangulator#computeTriangles(FloatArray,boolean):ShortArray	af03922bba523b70cfe2	413	963	1387	188
METHOD_ENTRY	com.badlogic.gdx.math.DelaunayTriangulator#computeTriangles(float[],boolean):ShortArray	55d3d18044a0616e033e	413	961	1385	249
METHOD_EXIT	com.badlogic.gdx.math.DelaunayTriangulator#computeTriangles(FloatArray,boolean):ShortArray	7a857b392e6534e94d3f	455	1041	1507	264
METHOD_ENTRY	com.badlogic.gdx.math.Vector3#epsilonEquals(float,float,float):boolean	5640412cf0dda077c11b	413	2944	3368	181
METHOD_ENTRY	com.badlogic.gdx.math.Vector3#setZero():Vector3	7e56dfcdbd9b69f22637	413	2930	3354	226
METHOD_EXIT	com.badlogic.gdx.math.DelaunayTriangulator#computeTriangles(float[],boolean):ShortArray	9e10ab3b410d824ffb1d	455	1039	1505	278
METHOD_EXIT	com.badlogic.gdx.math.Vector3#epsilonEquals(float,float,float):boolean	f782735e9d9afe7b0d28	455	3021	3487	407
METHOD_EXIT	com.badlogic.gdx.math.Vector3#setZero():Vector3	2733f64e0e75983cc772	455	3005	3471	251
METHOD_ENTRY	com.badlogic.gdx.math.DelaunayTriangulator#computeTriangles(float[],int,int,boolean):ShortArray	396282667096c00c8849	413	2504	2928	291
METHOD_EXIT	com.badlogic.gdx.math.DelaunayTriangulator#computeTriangles(float[],int,int,boolean):ShortArray	1f99f2c658f33ff0df02	455	2582	3048	260
METHOD_ENTRY	com.badlogic.gdx.math.DelaunayTriangulator#circumCircle(float,float,float,float,float,float,float,float):int	353895775afcbe9406ff	413	1466	1890	370
METHOD_ENTRY	com.badlogic.gdx.math.DelaunayTriangulator#sort(float[],int):void	e709bd2f5f352cbf373b	413	1166	1590	253
METHOD_EXIT	com.badlogic.gdx.math.DelaunayTriangulator#sort(float[],int):void	ef3c69e887cb9bf39b66	455	1177	1643	256
METHOD_ENTRY	com.badlogic.gdx.math.DelaunayTriangulator#quicksortPartition(float[],int,int,short[]):int	f195b6fa1757177505eb	413	1296	1720	201
METHOD_EXIT	com.badlogic.gdx.math.DelaunayTriangulator#quicksortPartition(float[],int,int,short[]):int	851e8a8ab9be934141ac	455	1373	1839	348
METHOD_EXIT	com.badlogic.gdx.math.DelaunayTriangulator#circumCircle(float,float,float,float,float,float,float,float):int	b899816a0b49992279f4	455	1543	2009	700
METHOD_EXIT	com.badlogic.gdx.math.Ellipse#contains(float,float):boolean	46f81a0f1307d701eefd	455	1117	1583	378
METHOD_ENTRY	com.badlogic.gdx.math.Ellipse#contains(float,float):boolean	ffde48f01e778d559263	413	1040	1464	234
METHOD_ENTRY	com.badlogic.gdx.math.Ellipse#contains(Vector2):boolean	efa689b3782afe4802a9	413	971	1395	192
METHOD_EXIT	com.badlogic.gdx.math.Ellipse#contains(Vector2):boolean	2a4d49f197a0ba2cec15	455	1048	1514	301
METHOD_ENTRY	com.badlogic.gdx.math.DelaunayTriangulator#trim(ShortArray,float[],float[],int,int):void	526320b4cf24fcc32793	413	1157	1581	214
METHOD_ENTRY	com.badlogic.gdx.math.Ellipse#set(Ellipse):void	158fc8768a81e57c2b6e	413	985	1409	245
METHOD_EXIT	com.badlogic.gdx.math.DelaunayTriangulator#trim(ShortArray,float[],float[],int,int):void	591ba1254e84aa086bd9	455	1168	1634	296
METHOD_ENTRY	com.badlogic.gdx.math.Ellipse#set(float,float,float,float):void	1cea17eb61d4ee6dbf13	413	1009	1433	235
METHOD_ENTRY	com.badlogic.gdx.math.Ellipse#set(Circle):void	afa8f2571df74f91addd	413	995	1419	197
METHOD_EXIT	com.badlogic.gdx.math.Ellipse#set(Ellipse):void	84b6d8137df1f3e181e3	455	996	1462	265
METHOD_EXIT	com.badlogic.gdx.math.Ellipse#set(Circle):void	14ae5d9e09a1827647e7	455	1006	1472	207
METHOD_ENTRY	com.badlogic.gdx.math.Ellipse#set(Vector2,Vector2):void	d482bcc9cabacc761c45	413	1002	1426	124
METHOD_EXIT	com.badlogic.gdx.math.Ellipse#set(float,float,float,float):void	54af39680dbe318e5972	455	1020	1486	247
METHOD_ENTRY	com.badlogic.gdx.math.Ellipse#setPosition(Vector2):Ellipse	3bf96d55f6004c464acd	413	982	1406	245
METHOD_EXIT	com.badlogic.gdx.math.Ellipse#setPosition(Vector2):Ellipse	4f35669a1aa4c2ba80b0	455	1060	1526	237
METHOD_EXIT	com.badlogic.gdx.math.Ellipse#set(Vector2,Vector2):void	49c6abcda41b023eef9a	455	1013	1479	242
METHOD_ENTRY	com.badlogic.gdx.math.Ellipse#setPosition(float,float):Ellipse	57cfb9c7aaf9859fda95	413	986	1410	131
METHOD_EXIT	com.badlogic.gdx.math.Ellipse#setPosition(float,float):Ellipse	1c2e4c3045f833c9ec94	455	1064	1530	258
METHOD_ENTRY	com.badlogic.gdx.math.Ellipse#setSize(float,float):Ellipse	af55b90bd0146cbfb8e3	413	986	1410	249
METHOD_EXIT	com.badlogic.gdx.math.Ellipse#setSize(float,float):Ellipse	ec25bebcb3d1e05df2fd	455	1064	1530	225
METHOD_EXIT	com.badlogic.gdx.math.Ellipse#area():float	7a54b023bcaa4932581a	455	1044	1510	256
METHOD_ENTRY	com.badlogic.gdx.math.Ellipse#circumference():float	d687c1e46ebd9c729de7	413	1089	1513	316
METHOD_EXIT	com.badlogic.gdx.math.Ellipse#circumference():float	d3b9412e7805dc375963	455	1163	1629	312
METHOD_ENTRY	com.badlogic.gdx.math.Ellipse#equals(Object):boolean	ea270adaeae7b0f51b7f	413	1026	1450	324
METHOD_ENTRY	com.badlogic.gdx.math.Ellipse#toString():String	2019c0a88df456928eb7	413	976	1400	221
METHOD_EXIT	com.badlogic.gdx.math.Ellipse#toString():String	95bd2b4b630f677542e6	455	1050	1516	227
METHOD_ENTRY	com.badlogic.gdx.math.Ellipse#area():float	106aa8f9516cfc00ce7a	413	970	1394	224
METHOD_EXIT	com.badlogic.gdx.math.Ellipse#equals(Object):boolean	e60a9d1c706baca048b9	455	1103	1569	270
METHOD_ENTRY	com.badlogic.gdx.math.Ellipse#hashCode():int	2123a5bf2381ccab1e06	413	1044	1468	162
METHOD_EXIT	com.badlogic.gdx.math.Ellipse#hashCode():int	1015025dd7c23344b27d	455	1118	1584	445
METHOD_ENTRY	com.badlogic.gdx.math.GeometryUtils#toBarycoord(Vector2,Vector2,Vector2,Vector2,Vector2):Vector2	5f7bfcf0ab2f311a4dd3	413	1514	1938	230
METHOD_EXIT	com.badlogic.gdx.math.GeometryUtils#toBarycoord(Vector2,Vector2,Vector2,Vector2,Vector2):Vector2	a85e27001a7ec5e0c242	455	1592	2058	256
METHOD_ENTRY	com.badlogic.gdx.math.GeometryUtils#barycoordInsideTriangle(Vector2):boolean	8236eba400c425e1e76c	413	1321	1745	268
METHOD_EXIT	com.badlogic.gdx.math.GeometryUtils#barycoordInsideTriangle(Vector2):boolean	16d1368e37e58151efd9	455	1398	1864	312
METHOD_EXIT	com.badlogic.gdx.math.GeometryUtils#fromBarycoord(Vector2,Vector2,Vector2,Vector2,Vector2):Vector2	25ef6b93ff4e3eb005c5	455	1503	1969	335
METHOD_ENTRY	com.badlogic.gdx.math.GeometryUtils#fromBarycoord(Vector2,float,float,float):float	498168be1ae99836dc99	413	1352	1776	312
METHOD_EXIT	com.badlogic.gdx.math.GeometryUtils#fromBarycoord(Vector2,float,float,float):float	999baa48b1f1664c5db7	455	1429	1895	361
METHOD_ENTRY	com.badlogic.gdx.math.GeometryUtils#fromBarycoord(Vector2,Vector2,Vector2,Vector2,Vector2):Vector2	89da05de7e803980cb14	413	1425	1849	325
METHOD_ENTRY	com.badlogic.gdx.math.GeometryUtils#lowestPositiveRoot(float,float,float):float	47f8fb4e452460eb503b	413	1498	1922	364
METHOD_EXIT	com.badlogic.gdx.math.GeometryUtils#lowestPositiveRoot(float,float,float):float	2bf307100a3c35df5317	455	1575	2041	423
METHOD_ENTRY	com.badlogic.gdx.math.GeometryUtils#colinear(float,float,float,float,float,float):boolean	a3ff33cf3845e1e6ce66	413	1412	1836	175
METHOD_EXIT	com.badlogic.gdx.math.GeometryUtils#colinear(float,float,float,float,float,float):boolean	4752356a46fec43bc74f	455	1489	1955	353
METHOD_ENTRY	com.badlogic.gdx.math.GeometryUtils#triangleCentroid(float,float,float,float,float,float,Vector2):Vector2	cb0ec3f550510f3626f4	413	1402	1826	241
METHOD_EXIT	com.badlogic.gdx.math.GeometryUtils#triangleCentroid(float,float,float,float,float,float,Vector2):Vector2	5227a42b8fa4a3a7ac01	455	1480	1946	299
METHOD_ENTRY	com.badlogic.gdx.math.GeometryUtils#triangleCircumcenter(float,float,float,float,float,float,Vector2):Vector2	c02c9c1c3e5e4a33b1e2	413	1587	2011	244
METHOD_EXIT	com.badlogic.gdx.math.GeometryUtils#triangleCircumradius(float,float,float,float,float,float):float	29c76a559f9a5b58ec1d	455	1835	2301	382
METHOD_ENTRY	com.badlogic.gdx.math.GeometryUtils#triangleCircumradius(float,float,float,float,float,float):float	4bbdee196923ac60518c	413	1758	2182	336
METHOD_ENTRY	com.badlogic.gdx.math.GeometryUtils#triangleQuality(float,float,float,float,float,float):float	a5551f88f08da0318ce6	413	1502	1926	478
METHOD_EXIT	com.badlogic.gdx.math.GeometryUtils#triangleQuality(float,float,float,float,float,float):float	a517764fa56eb60732e8	455	1579	2045	381
METHOD_ENTRY	com.badlogic.gdx.math.GeometryUtils#triangleArea(float,float,float,float,float,float):float	4df769866a4155a08c9e	413	1383	1807	216
METHOD_EXIT	com.badlogic.gdx.math.GeometryUtils#triangleArea(float,float,float,float,float,float):float	642dbafc9d38a5f52e08	455	1460	1926	393
METHOD_ENTRY	com.badlogic.gdx.math.GeometryUtils#quadrilateralCentroid(float,float,float,float,float,float,float,float,Vector2):Vector2	41d2c1a6eed9d797b5f7	413	1638	2062	371
METHOD_EXIT	com.badlogic.gdx.math.GeometryUtils#triangleCircumcenter(float,float,float,float,float,float,Vector2):Vector2	a5bc79f9c7beb48cfebe	455	1665	2131	368
METHOD_ENTRY	com.badlogic.gdx.math.GeometryUtils#polygonCentroid(float[],int,int,Vector2):Vector2	135ffd7b8f85cdd951af	413	1566	1990	206
METHOD_EXIT	com.badlogic.gdx.math.GeometryUtils#quadrilateralCentroid(float,float,float,float,float,float,float,float,Vector2):Vector2	1a1dd4a65683e21b0e6d	455	1716	2182	833
METHOD_ENTRY	com.badlogic.gdx.math.GeometryUtils#polygonArea(float[],int,int):float	0893759d3e84fb7c6d9e	413	1419	1843	290
METHOD_EXIT	com.badlogic.gdx.math.GeometryUtils#polygonCentroid(float[],int,int,Vector2):Vector2	9ad12fdacbfecf5b71eb	455	1644	2110	339
METHOD_EXIT	com.badlogic.gdx.math.GeometryUtils#polygonArea(float[],int,int):float	8772db0ae09c86d3f0b1	455	1496	1962	304
METHOD_ENTRY	com.badlogic.gdx.math.GeometryUtils#ensureCCW(float[]):void	f693488f50735a0c44e7	413	1301	1725	243
METHOD_EXIT	com.badlogic.gdx.math.GeometryUtils#ensureCCW(float[]):void	9517dcd2d9d983e1f281	455	1312	1778	267
METHOD_EXIT	com.badlogic.gdx.math.GeometryUtils#ensureCCW(float[],int,int):void	582e466259434d7dc079	455	1343	1809	258
METHOD_ENTRY	com.badlogic.gdx.math.GeometryUtils#ensureClockwise(float[]):void	138821bb9c80a7de9bcc	413	1301	1725	266
METHOD_EXIT	com.badlogic.gdx.math.GeometryUtils#ensureClockwise(float[],int,int):void	8ca7f4f7f4faa68e8a31	455	1343	1809	305
METHOD_ENTRY	com.badlogic.gdx.math.GeometryUtils#ensureCCW(float[],int,int):void	9317bbd46c9237b7c676	413	1332	1756	198
METHOD_ENTRY	com.badlogic.gdx.math.GeometryUtils#reverseVertices(float[],int,int):void	8e30fc0d1e60cf1f6006	413	1419	1843	253
METHOD_EXIT	com.badlogic.gdx.math.GeometryUtils#ensureClockwise(float[]):void	709b8f27c542d01dc170	455	1312	1778	269
METHOD_ENTRY	com.badlogic.gdx.math.GeometryUtils#ensureClockwise(float[],int,int):void	2cbfbd05daa9867bdc88	413	1332	1756	243
METHOD_EXIT	com.badlogic.gdx.math.GeometryUtils#reverseVertices(float[],int,int):void	2694bfb72a745146ac05	455	1430	1896	232
METHOD_ENTRY	com.badlogic.gdx.math.Plane#set(Vector3,Vector3,Vector3):void	939703afeaef61770a32	413	998	1422	305
METHOD_EXIT	com.badlogic.gdx.math.Plane#set(Vector3,Vector3,Vector3):void	f44c82b9693d228036d9	455	1009	1475	395
METHOD_ENTRY	com.badlogic.gdx.math.Plane#set(float,float,float,float):void	87d42a870212c0ce39c1	413	958	1382	263
METHOD_EXIT	com.badlogic.gdx.math.Plane#set(float,float,float,float):void	aa61922bf81aad98d948	455	969	1435	289
METHOD_ENTRY	com.badlogic.gdx.math.Plane#distance(Vector3):float	ef5915424be45bd131ad	413	928	1352	228
METHOD_EXIT	com.badlogic.gdx.math.Plane#distance(Vector3):float	0582896ae9ea0aa8a337	455	1005	1471	188
METHOD_EXIT	com.badlogic.gdx.math.Plane#testPoint(Vector3):PlaneSide	068b6611abe7aff97631	455	1052	1518	365
METHOD_ENTRY	com.badlogic.gdx.math.Plane#testPoint(Vector3):PlaneSide	35f65d2dd6f195ff1531	413	974	1398	223
METHOD_ENTRY	com.badlogic.gdx.math.GeometryUtils#isClockwise(float[],int,int):boolean	458a18ce22d04ce9c831	413	1427	1851	263
METHOD_EXIT	com.badlogic.gdx.math.GeometryUtils#isClockwise(float[],int,int):boolean	4618834e51730b4c393a	455	1504	1970	451
METHOD_ENTRY	com.badlogic.gdx.math.Plane#testPoint(float,float,float):PlaneSide	059b33c38c7b272aefdf	413	993	1417	203
METHOD_EXIT	com.badlogic.gdx.math.Plane#testPoint(float,float,float):PlaneSide	808e42e2a893d83e9374	455	1071	1537	321
METHOD_ENTRY	com.badlogic.gdx.math.GeometryUtils#isCCW(float[],int,int):boolean	1facd1189c3857f5e8f8	413	1319	1743	156
METHOD_EXIT	com.badlogic.gdx.math.Plane#isFrontFacing(Vector3):boolean	113bc4768e6bc92df1cb	455	1015	1481	228
METHOD_EXIT	com.badlogic.gdx.math.Plane#getNormal():Vector3	866e50a79bd96c617854	455	992	1458	277
METHOD_ENTRY	com.badlogic.gdx.math.Plane#getNormal():Vector3	95a5ee642d5d2c265f7c	413	917	1341	250
METHOD_ENTRY	com.badlogic.gdx.math.Plane#getD():float	2998218ea2ced1ebffdb	413	915	1339	224
METHOD_ENTRY	com.badlogic.gdx.math.Plane#set(Vector3,Vector3):void	d44b863cf83ff61e7f28	413	945	1369	270
METHOD_EXIT	com.badlogic.gdx.math.Plane#getD():float	d840c03548dc26c7b26c	455	989	1455	249
METHOD_ENTRY	com.badlogic.gdx.math.Plane#isFrontFacing(Vector3):boolean	268d9622d43bf0c32595	413	938	1362	260
METHOD_ENTRY	com.badlogic.gdx.math.Plane#set(float,float,float,float,float,float):void	38f72cf1297807dde4ba	413	1008	1432	222
METHOD_EXIT	com.badlogic.gdx.math.Plane#set(float,float,float,float,float,float):void	b02f02583c488faf3d19	455	1019	1485	370
METHOD_ENTRY	com.badlogic.gdx.math.Plane#set(Plane):void	356b5b2f69866ff1fb53	413	931	1355	219
METHOD_EXIT	com.badlogic.gdx.math.Plane#set(Plane):void	77b226b4a5d0f35019d3	455	942	1408	244
METHOD_ENTRY	com.badlogic.gdx.math.Plane#toString():String	8c765a46415e12e53b00	413	924	1348	170
METHOD_EXIT	com.badlogic.gdx.math.Plane#set(Vector3,Vector3):void	3b7043779800906c88aa	455	956	1422	305
METHOD_ENTRY	com.badlogic.gdx.math.GridPoint3#set(GridPoint3):GridPoint3	6271bc2e0ea2637d0c17	413	1003	1427	227
METHOD_EXIT	com.badlogic.gdx.math.GridPoint3#set(GridPoint3):GridPoint3	5a2fcc9fd809d35a1615	455	1082	1548	232
METHOD_ENTRY	com.badlogic.gdx.math.GridPoint3#set(int,int,int):GridPoint3	86569984225514909468	413	1012	1436	161
METHOD_EXIT	com.badlogic.gdx.math.GeometryUtils#isCCW(float[],int,int):boolean	eb3afd0028d075d66926	455	1396	1862	291
METHOD_EXIT	com.badlogic.gdx.math.Plane#toString():String	cebe9f20c3042e60c38a	455	998	1464	253
METHOD_EXIT	com.badlogic.gdx.math.GridPoint3#set(int,int,int):GridPoint3	d2d4d5666868547f2b52	455	1091	1557	263
METHOD_ENTRY	com.badlogic.gdx.math.GridPoint3#dst2(GridPoint3):float	ac2f3799e3b3d70e9717	413	1018	1442	227
METHOD_ENTRY	com.badlogic.gdx.math.GridPoint3#dst2(int,int,int):float	081d4c60361cd95dd251	413	1030	1454	262
METHOD_EXIT	com.badlogic.gdx.math.GridPoint3#dst2(int,int,int):float	8f23f4e2811d078815e7	455	1107	1573	331
METHOD_ENTRY	com.badlogic.gdx.math.GridPoint3#dst(GridPoint3):float	a8dd32c6d1bbfd80b9a5	413	1021	1445	233
METHOD_EXIT	com.badlogic.gdx.math.GridPoint3#dst(int,int,int):float	7171828d251945529b9b	455	1110	1576	372
METHOD_ENTRY	com.badlogic.gdx.math.GridPoint3#add(GridPoint3):GridPoint3	47a83e4c5bd25db5d712	413	1001	1425	152
METHOD_ENTRY	com.badlogic.gdx.math.GridPoint3#dst(int,int,int):float	0aed98e30a3ed4cb10d0	413	1033	1457	307
METHOD_EXIT	com.badlogic.gdx.math.GridPoint3#add(GridPoint3):GridPoint3	8ad9e6ad4fa185d5b569	455	1080	1546	258
METHOD_ENTRY	com.badlogic.gdx.math.GridPoint3#add(int,int,int):GridPoint3	80aa942354cf9b6b059e	413	1013	1437	312
METHOD_EXIT	com.badlogic.gdx.math.GridPoint3#add(int,int,int):GridPoint3	d55c3ac5da56f15ce985	455	1092	1558	274
METHOD_EXIT	com.badlogic.gdx.math.GridPoint3#dst(GridPoint3):float	0937dbd4c8e3a508a4ce	455	1098	1564	372
METHOD_ENTRY	com.badlogic.gdx.math.GridPoint3#sub(GridPoint3):GridPoint3	bcd3f525946658e60818	413	1001	1425	128
METHOD_EXIT	com.badlogic.gdx.math.GridPoint3#dst2(GridPoint3):float	4d2cc2c55131940d19ce	455	1095	1561	263
METHOD_EXIT	com.badlogic.gdx.math.GridPoint3#sub(GridPoint3):GridPoint3	252f0f5f7f38e12ec6c7	455	1080	1546	284
METHOD_EXIT	com.badlogic.gdx.math.GridPoint3#sub(int,int,int):GridPoint3	097890c04bb9ef5fb0d5	455	1092	1558	245
METHOD_ENTRY	com.badlogic.gdx.math.GridPoint3#cpy():GridPoint3	f6829688f14dc3a4ab5a	413	976	1400	202
METHOD_EXIT	com.badlogic.gdx.math.GridPoint3#cpy():GridPoint3	7828e93330c0eaa79896	455	1052	1518	238
METHOD_EXIT	com.badlogic.gdx.math.GridPoint3#equals(Object):boolean	ed1a7257b68da19b413e	455	1109	1575	493
METHOD_ENTRY	com.badlogic.gdx.math.GridPoint3#hashCode():int	4f34ee1e2a484663d346	413	1016	1440	260
METHOD_ENTRY	com.badlogic.gdx.math.GridPoint3#toString():String	d2961e854185f2a21017	413	984	1408	55
METHOD_EXIT	com.badlogic.gdx.math.GridPoint3#hashCode():int	d196b04620c8c5db83e4	455	1090	1556	403
METHOD_EXIT	com.badlogic.gdx.math.GridPoint3#toString():String	681adc8a86a3d6e2ac2a	455	1058	1524	219
METHOD_ENTRY	com.badlogic.gdx.math.GridPoint3#sub(int,int,int):GridPoint3	53e373b438c56e5887c9	413	1013	1437	102
METHOD_ENTRY	com.badlogic.gdx.math.Circle#set(float,float,float):void	143bed9f2fb6a1c0347e	413	1026	1450	184
METHOD_ENTRY	com.badlogic.gdx.math.GridPoint3#equals(Object):boolean	ffe129ee6fc4ecd99b64	413	1032	1456	233
METHOD_EXIT	com.badlogic.gdx.math.Circle#set(float,float,float):void	5e093825db50df2bb7ec	455	1037	1503	217
METHOD_EXIT	com.badlogic.gdx.math.Circle#set(Vector2,float):void	c2539285152294aa9c3e	455	1033	1499	235
METHOD_EXIT	com.badlogic.gdx.math.Circle#set(Circle):void	402a3a34dd6b8ce68803	455	1023	1489	213
METHOD_ENTRY	com.badlogic.gdx.math.Circle#set(Circle):void	979efff30472512b96cc	413	1012	1436	217
METHOD_EXIT	com.badlogic.gdx.math.Circle#set(Vector2,Vector2):void	ad4d82aa95b44b4435b3	455	1050	1516	207
METHOD_EXIT	com.badlogic.gdx.math.Circle#setPosition(Vector2):void	43eb4f13cbdb1afffed7	455	1020	1486	253
METHOD_ENTRY	com.badlogic.gdx.math.Circle#setPosition(float,float):void	6d6e60b60a0d96fc4c59	413	1013	1437	150
METHOD_EXIT	com.badlogic.gdx.math.Circle#setPosition(float,float):void	be175cc8b23fb705f9a8	455	1024	1490	216
METHOD_ENTRY	com.badlogic.gdx.math.Circle#set(Vector2,Vector2):void	c0b8fef3098bb4e2db9a	413	1039	1463	246
METHOD_ENTRY	com.badlogic.gdx.math.Circle#setX(float):void	118017dd3c9610250f36	413	998	1422	194
METHOD_EXIT	com.badlogic.gdx.math.Circle#setX(float):void	bea459773a192cca7cd3	455	1009	1475	164
METHOD_ENTRY	com.badlogic.gdx.math.Circle#setPosition(Vector2):void	eacbdb992ec7e132a6a1	413	1009	1433	279
METHOD_ENTRY	com.badlogic.gdx.math.Circle#setY(float):void	13beb672f2149f876cea	413	998	1422	109
METHOD_EXIT	com.badlogic.gdx.math.Circle#setY(float):void	51ca2f7d81c40a13723d	455	1009	1475	269
METHOD_ENTRY	com.badlogic.gdx.math.Circle#setRadius(float):void	6ac1de04c6d3dfb5da00	413	998	1422	93
METHOD_ENTRY	com.badlogic.gdx.math.Circle#set(Vector2,float):void	28eab0157ace97fa0cd0	413	1022	1446	229
METHOD_ENTRY	com.badlogic.gdx.math.Circle#contains(float,float):boolean	445400848b1dfadecebe	413	1030	1454	193
METHOD_EXIT	com.badlogic.gdx.math.Circle#contains(float,float):boolean	83182b1b96ddec4835ca	455	1107	1573	368
METHOD_EXIT	com.badlogic.gdx.math.Circle#contains(Vector2):boolean	455684ddb38e68ca4eea	455	1103	1569	284
METHOD_ENTRY	com.badlogic.gdx.math.Circle#contains(Circle):boolean	36b7c21e1ca4e3471867	413	1087	1511	259
METHOD_EXIT	com.badlogic.gdx.math.Circle#contains(Circle):boolean	87dbdf0b458f6d028a79	455	1164	1630	431
METHOD_EXIT	com.badlogic.gdx.math.Circle#setRadius(float):void	a22b99ff5729115b572a	455	1009	1475	109
METHOD_ENTRY	com.badlogic.gdx.math.Circle#toString():String	7a5b820098d2f1a459b2	413	1001	1425	218
METHOD_EXIT	com.badlogic.gdx.math.Circle#overlaps(Circle):boolean	aa5abac2f6f04cba2cb0	455	1120	1586	334
METHOD_ENTRY	com.badlogic.gdx.math.Circle#contains(Vector2):boolean	114182587681ab083d76	413	1026	1450	197
METHOD_EXIT	com.badlogic.gdx.math.Circle#toString():String	80394e7ddfce623a0796	455	1075	1541	199
METHOD_ENTRY	com.badlogic.gdx.math.Circle#circumference():float	36555cd1f0129d682316	413	997	1421	156
METHOD_ENTRY	com.badlogic.gdx.math.Circle#overlaps(Circle):boolean	0f459aa85259327a7789	413	1043	1467	195
METHOD_EXIT	com.badlogic.gdx.math.Circle#circumference():float	8ed86882f5403326da15	455	1071	1537	280
METHOD_EXIT	com.badlogic.gdx.math.Circle#area():float	a9c8a718739c0c3a929f	455	1071	1537	300
METHOD_ENTRY	com.badlogic.gdx.math.FloatCounter#put(float):void	29e1c1d58857354b9d83	413	636	1060	264
METHOD_ENTRY	com.badlogic.gdx.math.Circle#equals(Object):boolean	2af91ac908617d435ac9	413	1051	1475	267
METHOD_EXIT	com.badlogic.gdx.math.FloatCounter#put(float):void	ecdbc7633b0080c50813	455	647	1113	308
METHOD_ENTRY	com.badlogic.gdx.math.Circle#hashCode():int	3d18c09131ff0536edd4	413	1056	1480	186
METHOD_ENTRY	com.badlogic.gdx.math.FloatCounter#reset():void	4f546aba75651d90bb27	413	595	1019	168
METHOD_EXIT	com.badlogic.gdx.math.FloatCounter#reset():void	114ec64f201507ace98a	455	606	1072	220
METHOD_EXIT	com.badlogic.gdx.math.FloatCounter#toString():String	39a13e943a7a2092110e	455	663	1129	334
METHOD_ENTRY	com.badlogic.gdx.math.FloatCounter#toString():String	d208ebde022411b7568d	413	589	1013	264
METHOD_EXIT	com.badlogic.gdx.math.Circle#hashCode():int	8d0d1db428fee9886c69	455	1130	1596	201
METHOD_EXIT	com.badlogic.gdx.math.Circle#equals(Object):boolean	6d05306bf44956dd33ab	455	1128	1594	446
METHOD_ENTRY	com.badlogic.gdx.math.Circle#area():float	7367d7bc088c8409eeb8	413	997	1421	183
METHOD_EXIT	com.badlogic.gdx.math.MathUtils#sin(float):float	e5c2617f94cca346edba	455	4974	5440	288
METHOD_ENTRY	com.badlogic.gdx.math.MathUtils#sin(float):float	dfc7b65f00eadf54c0e6	413	4897	5321	234
METHOD_ENTRY	com.badlogic.gdx.math.MathUtils#cos(float):float	fc75aed7060f013cece1	413	4901	5325	275
METHOD_EXIT	com.badlogic.gdx.math.MathUtils#cos(float):float	2e2eb08c43530891a4d7	455	4978	5444	383
METHOD_ENTRY	com.badlogic.gdx.math.MathUtils#sinDeg(float):float	c6f643b489f20c24f8d8	413	4898	5322	344
METHOD_ENTRY	com.badlogic.gdx.math.MathUtils#tanDeg(float):float	724948e6aba993a6fe66	413	5023	5447	291
METHOD_ENTRY	com.badlogic.gdx.math.MathUtils#tan(float):float	846ee5c162b55042ed57	413	5149	5573	228
METHOD_EXIT	com.badlogic.gdx.math.MathUtils#tanDeg(float):float	74ae32cfdb145598079d	455	5100	5566	400
METHOD_EXIT	com.badlogic.gdx.math.MathUtils#cosDeg(float):float	195aba9d8df6807c4386	455	4979	5445	251
METHOD_EXIT	com.badlogic.gdx.math.MathUtils#tan(float):float	ee66fbabb5051ca53bca	455	5226	5692	375
METHOD_ENTRY	com.badlogic.gdx.math.MathUtils#cosDeg(float):float	54c928d3a924e344b558	413	4902	5326	314
METHOD_ENTRY	com.badlogic.gdx.math.MathUtils#atanUnchecked(double):float	9ecc03c4bb24e289745b	413	5108	5532	274
METHOD_EXIT	com.badlogic.gdx.math.MathUtils#sinDeg(float):float	f2319bd2a58330ba4efe	455	4975	5441	243
METHOD_ENTRY	com.badlogic.gdx.math.MathUtils#atan2(float,float):float	b67aaba8f8b1ba9d736c	413	5077	5501	297
METHOD_EXIT	com.badlogic.gdx.math.MathUtils#atan2(float,float):float	55441bc1bfccae880c2c	455	5154	5620	370
METHOD_ENTRY	com.badlogic.gdx.math.MathUtils#atanUncheckedDeg(double):double	213a083495732a84d616	413	5118	5542	263
METHOD_EXIT	com.badlogic.gdx.math.MathUtils#atanUnchecked(double):float	1dca29ef3c5efc1f44ee	455	5185	5651	562
METHOD_EXIT	com.badlogic.gdx.math.MathUtils#atanUncheckedDeg(double):double	6555d6e9bf8921c2ab04	455	5195	5661	522
METHOD_EXIT	com.badlogic.gdx.math.MathUtils#atan2Deg(float,float):float	38268209fe13e52d51f8	455	5178	5644	389
METHOD_ENTRY	com.badlogic.gdx.math.MathUtils#atan2Deg360(float,float):float	4db4f5124a23354e18da	413	5110	5534	298
METHOD_ENTRY	com.badlogic.gdx.math.MathUtils#acos(float):float	42d0a341a31dc10c4114	413	5041	5465	171
METHOD_ENTRY	com.badlogic.gdx.math.MathUtils#asin(float):float	51e96b9b50ec1808da09	413	5051	5475	182
METHOD_EXIT	com.badlogic.gdx.math.MathUtils#atan2Deg360(float,float):float	4a1aa52a710aa82c84c6	455	5187	5653	435
METHOD_EXIT	com.badlogic.gdx.math.MathUtils#acos(float):float	4b2cd63234130ac6d29b	455	5118	5584	374
METHOD_EXIT	com.badlogic.gdx.math.MathUtils#asin(float):float	ef87b4c347833937fca7	455	5128	5594	296
METHOD_EXIT	com.badlogic.gdx.math.MathUtils#atan(float):float	d1940554f468f351a7b5	455	5216	5682	268
METHOD_ENTRY	com.badlogic.gdx.math.MathUtils#atan(float):float	bae41bc7ce64776afaaf	413	5139	5563	272
METHOD_ENTRY	com.badlogic.gdx.math.MathUtils#atan2Deg(float,float):float	c98c0240d26e50dfaa78	413	5101	5525	292
METHOD_EXIT	com.badlogic.gdx.math.MathUtils#acosDeg(float):float	1de78bec118925ab50c7	455	5131	5597	310
METHOD_ENTRY	com.badlogic.gdx.math.MathUtils#acosDeg(float):float	f10e1df2bcad6fb0aa52	413	5054	5478	301
METHOD_EXIT	com.badlogic.gdx.math.MathUtils#atanDeg(float):float	c7353f1e6cd11a93869c	455	5229	5695	302
METHOD_ENTRY	com.badlogic.gdx.math.MathUtils#random(int):int	e41d067012b576b15902	413	4889	5313	198
METHOD_ENTRY	com.badlogic.gdx.math.MathUtils#asinDeg(float):float	f1be885ed07ab4c2105f	413	5061	5485	289
METHOD_ENTRY	com.badlogic.gdx.math.MathUtils#atanDeg(float):float	769b785a59e55fc696e3	413	5152	5576	335
METHOD_EXIT	com.badlogic.gdx.math.MathUtils#asinDeg(float):float	9f3d5280a6b8f1400299	455	5138	5604	329
METHOD_EXIT	com.badlogic.gdx.math.MathUtils#random(int,int):int	43f8979a3b642e76f31a	455	4979	5445	262
METHOD_EXIT	com.badlogic.gdx.math.MathUtils#random(int):int	644eb2b595c409b91a06	455	4966	5432	293
METHOD_ENTRY	com.badlogic.gdx.math.MathUtils#random(long):long	d5b485b5ebc8bee5914c	413	4909	5333	129
METHOD_ENTRY	com.badlogic.gdx.math.MathUtils#random(int,int):int	5b493e1fd36bf25ceb95	413	4902	5326	289
METHOD_ENTRY	com.badlogic.gdx.math.MathUtils#random(long,long):long	206fa56cc12ae80843db	413	5109	5533	139
METHOD_EXIT	com.badlogic.gdx.math.MathUtils#random(long,long):long	eed58d6bf243d7434cb1	455	5186	5652	373
METHOD_EXIT	com.badlogic.gdx.math.MathUtils#random(long):long	a142c1f916324cf5fe52	455	4986	5452	265
METHOD_EXIT	com.badlogic.gdx.math.MathUtils#randomBoolean():boolean	943496eec6fc37c59f1b	455	4955	5421	275
METHOD_ENTRY	com.badlogic.gdx.math.MathUtils#randomBoolean(float):boolean	a34fac38a1abf0ec2239	413	4890	5314	223
METHOD_ENTRY	com.badlogic.gdx.math.MathUtils#randomBoolean():boolean	588bde69e2a60b7232ec	413	4881	5305	41
METHOD_EXIT	com.badlogic.gdx.math.MathUtils#random():float	851b002658aa6801624a	455	4953	5419	249
METHOD_EXIT	com.badlogic.gdx.math.MathUtils#randomBoolean(float):boolean	7e90461981e3da1f0387	455	4967	5433	237
METHOD_ENTRY	com.badlogic.gdx.math.MathUtils#random(float):float	5b2bd2f622db35f25c55	413	4888	5312	223
METHOD_ENTRY	com.badlogic.gdx.math.MathUtils#random(float,float):float	0e761d2f361ec1025980	413	4902	5326	266
METHOD_EXIT	com.badlogic.gdx.math.MathUtils#random(float,float):float	1944c884ba40ad11f422	455	4979	5445	324
METHOD_EXIT	com.badlogic.gdx.math.MathUtils#randomSign():int	1e5daa6344d594ce0271	455	4963	5429	153
METHOD_EXIT	com.badlogic.gdx.math.MathUtils#randomTriangular():float	fd4e7710bf0c6b4fa4ac	455	4962	5428	310
METHOD_ENTRY	com.badlogic.gdx.math.MathUtils#randomTriangular():float	a0973194a9dad45133fa	413	4888	5312	38
METHOD_EXIT	com.badlogic.gdx.math.MathUtils#random(float):float	4bc86506f4e10880ef92	455	4965	5431	339
METHOD_ENTRY	com.badlogic.gdx.math.MathUtils#randomSign():int	ad9776150b5855ddd920	413	4889	5313	73
METHOD_ENTRY	com.badlogic.gdx.math.MathUtils#random():float	ef45e536e190a267efa9	413	4879	5303	219
METHOD_ENTRY	com.badlogic.gdx.math.MathUtils#randomTriangular(float):float	4d64211b87001ae74751	413	4898	5322	174
METHOD_EXIT	com.badlogic.gdx.math.MathUtils#randomTriangular(float):float	f510ddd67b90cf48184f	455	4975	5441	227
METHOD_ENTRY	com.badlogic.gdx.math.MathUtils#randomTriangular(float,float):float	6038708a1b0305111b98	413	4913	5337	246
METHOD_EXIT	com.badlogic.gdx.math.MathUtils#randomTriangular(float,float):float	825334c3cb4e86e6071a	455	4990	5456	255
METHOD_ENTRY	com.badlogic.gdx.math.MathUtils#randomTriangular(float,float,float):float	6e9c1c8e8ab7cfeb9ac7	413	4967	5391	304
METHOD_ENTRY	com.badlogic.gdx.math.MathUtils#isPowerOfTwo(int):boolean	5f238929c3cb786dba28	413	4904	5328	301
METHOD_EXIT	com.badlogic.gdx.math.MathUtils#isPowerOfTwo(int):boolean	3c07afd665e8c03ef461	455	4981	5447	391
METHOD_ENTRY	com.badlogic.gdx.math.MathUtils#nextPowerOfTwo(int):int	f86d919f27fdf93f31c5	413	4947	5371	179
METHOD_ENTRY	com.badlogic.gdx.math.MathUtils#clamp(short,short,short):short	6297320d8c5e5b764c76	413	4924	5348	259
METHOD_EXIT	com.badlogic.gdx.math.MathUtils#clamp(short,short,short):short	3da43b88482640926080	455	5001	5467	292
METHOD_EXIT	com.badlogic.gdx.math.MathUtils#nextPowerOfTwo(int):int	7e80cef4ff036fc8dd9a	455	5024	5490	352
METHOD_ENTRY	com.badlogic.gdx.math.MathUtils#clamp(int,int,int):int	53fd5f18347c9e389c81	413	4922	5346	265
METHOD_ENTRY	com.badlogic.gdx.math.MathUtils#clamp(long,long,long):long	f81b4b7fb16b423245e0	413	4922	5346	298
METHOD_EXIT	com.badlogic.gdx.math.MathUtils#clamp(int,int,int):int	a1c71df3941f9ba88e2a	455	4999	5465	318
METHOD_EXIT	com.badlogic.gdx.math.MathUtils#randomTriangular(float,float,float):float	00c869e6adfdb9d408a9	455	5044	5510	274
METHOD_EXIT	com.badlogic.gdx.math.MathUtils#clamp(long,long,long):long	5755b55926af9ebe099e	455	4999	5465	266
METHOD_ENTRY	com.badlogic.gdx.math.MathUtils#clamp(float,float,float):float	3a4eda1169a081f4fae7	413	4922	5346	260
METHOD_EXIT	com.badlogic.gdx.math.MathUtils#clamp(float,float,float):float	7e9d7300735c41d9fd31	455	4999	5465	269
METHOD_EXIT	com.badlogic.gdx.math.MathUtils#clamp(double,double,double):double	6c9ee2800da82f865008	455	4999	5465	276
METHOD_ENTRY	com.badlogic.gdx.math.MathUtils#lerp(float,float,float):float	e0c205c589177b8b1c10	413	4918	5342	296
METHOD_EXIT	com.badlogic.gdx.math.MathUtils#lerp(float,float,float):float	69472be52107c7b7e154	455	4995	5461	338
METHOD_ENTRY	com.badlogic.gdx.math.MathUtils#map(float,float,float,float,float):float	ed446e0e84e3c80c5e9b	413	4964	5388	239
METHOD_EXIT	com.badlogic.gdx.math.MathUtils#map(float,float,float,float,float):float	ebf8632a36aca5cb1664	455	5041	5507	403
METHOD_EXIT	com.badlogic.gdx.math.MathUtils#norm(float,float,float):float	641bbedc46b3c1edc177	455	4994	5460	246
METHOD_ENTRY	com.badlogic.gdx.math.MathUtils#clamp(double,double,double):double	ab5318876642cd57677d	413	4922	5346	237
METHOD_ENTRY	com.badlogic.gdx.math.MathUtils#norm(float,float,float):float	863ac6036836dbb236dd	413	4917	5341	254
METHOD_ENTRY	com.badlogic.gdx.math.MathUtils#lerpAngle(float,float,float):float	2a40034751ad34480b48	413	4953	5377	269
METHOD_EXIT	com.badlogic.gdx.math.MathUtils#lerpAngle(float,float,float):float	cfc5b79f23e704e6670c	455	5030	5496	400
METHOD_ENTRY	com.badlogic.gdx.math.MathUtils#lerpAngleDeg(float,float,float):float	6977356e1183ab52c3eb	413	4965	5389	265
METHOD_EXIT	com.badlogic.gdx.math.MathUtils#lerpAngleDeg(float,float,float):float	eb8b400033ccb3734c0c	455	5042	5508	321
METHOD_ENTRY	com.badlogic.gdx.math.MathUtils#floor(float):int	c2499621996948d1a904	413	4899	5323	280
METHOD_ENTRY	com.badlogic.gdx.math.MathUtils#floorPositive(float):int	021cb288746dd0e8fbb4	413	4887	5311	264
METHOD_EXIT	com.badlogic.gdx.math.MathUtils#floor(float):int	1920d9cd2332151bf0a1	455	4976	5442	297
METHOD_EXIT	com.badlogic.gdx.math.MathUtils#floorPositive(float):int	6022a7b12c7bffdd310c	455	4964	5430	219
METHOD_ENTRY	com.badlogic.gdx.math.MathUtils#ceil(float):int	2bc9d205c8f1b81891f1	413	4898	5322	332
METHOD_EXIT	com.badlogic.gdx.math.MathUtils#ceil(float):int	98b41debd8a45962ba1c	455	4975	5441	275
METHOD_ENTRY	com.badlogic.gdx.math.MathUtils#ceilPositive(float):int	7a14c9eb096f9829c0cc	413	4891	5315	249
METHOD_EXIT	com.badlogic.gdx.math.MathUtils#ceilPositive(float):int	66fc89d6a4254265ba3b	455	4968	5434	226
METHOD_ENTRY	com.badlogic.gdx.math.MathUtils#round(float):int	9ad4d3959ae726882710	413	4898	5322	282
METHOD_EXIT	com.badlogic.gdx.math.MathUtils#round(float):int	594f8025563c719b9e75	455	4975	5441	275
METHOD_EXIT	com.badlogic.gdx.math.MathUtils#roundPositive(float):int	0772d9cdfeaf7142bf96	455	4971	5437	287
METHOD_EXIT	com.badlogic.gdx.math.MathUtils#isZero(float):boolean	9c008cbe11cf19e98534	455	4971	5437	248
METHOD_ENTRY	com.badlogic.gdx.math.MathUtils#isZero(float,float):boolean	dbe54b5df6f4ca011c4c	413	4899	5323	247
METHOD_ENTRY	com.badlogic.gdx.math.MathUtils#isZero(float):boolean	acab699e513bc13c63f9	413	4894	5318	242
METHOD_ENTRY	com.badlogic.gdx.math.MathUtils#roundPositive(float):int	75ccec24a6f7a7fcc49d	413	4894	5318	276
METHOD_EXIT	com.badlogic.gdx.math.MathUtils#isZero(float,float):boolean	2c1ca85064f3471a3584	455	4976	5442	183
METHOD_ENTRY	com.badlogic.gdx.math.MathUtils#isEqual(float,float):boolean	a7082965e6345fe5ad7c	413	4905	5329	224
METHOD_EXIT	com.badlogic.gdx.math.MathUtils#isEqual(float,float):boolean	c2e7850d604fe5dfc2d7	455	4982	5448	284
METHOD_ENTRY	com.badlogic.gdx.math.MathUtils#log(float,float):float	81a14af1ee22c11c4e25	413	4902	5326	348
METHOD_EXIT	com.badlogic.gdx.math.MathUtils#isEqual(float,float,float):boolean	5f10f23950c5ba2a83e7	455	4987	5453	219
METHOD_ENTRY	com.badlogic.gdx.math.MathUtils#isEqual(float,float,float):boolean	67416a0631034035508e	413	4910	5334	221
METHOD_EXIT	com.badlogic.gdx.math.MathUtils#log(float,float):float	7f2b5d9b99bf73a4949b	455	4979	5445	349
METHOD_ENTRY	com.badlogic.gdx.math.Affine2#idt():Affine2	5e049b88e3a3e87564f3	413	2963	3387	235
METHOD_EXIT	com.badlogic.gdx.math.MathUtils#log2(float):float	3f7dbf6a649cfdccbbb5	455	4966	5432	385
METHOD_EXIT	com.badlogic.gdx.math.Affine2#idt():Affine2	127db97098ebb1650fe7	455	3039	3505	434
METHOD_ENTRY	com.badlogic.gdx.math.MathUtils#log2(float):float	31c8089f87ca6e4d6e26	413	4889	5313	254
METHOD_ENTRY	com.badlogic.gdx.math.Affine2#set(Affine2):Affine2	3806bef401fe8233685a	413	2979	3403	241
METHOD_EXIT	com.badlogic.gdx.math.Affine2#set(Affine2):Affine2	89998d2f39675a2a1640	455	3058	3524	302
METHOD_ENTRY	com.badlogic.gdx.math.Affine2#set(Matrix3):Affine2	675b925be154e5da6bdf	413	3002	3426	413
METHOD_EXIT	com.badlogic.gdx.math.Affine2#set(Matrix3):Affine2	b2eda244a6d19055ee5c	455	3081	3547	313
METHOD_ENTRY	com.badlogic.gdx.math.Affine2#set(Matrix4):Affine2	800a1e7468573882adee	413	3002	3426	239
METHOD_EXIT	com.badlogic.gdx.math.Affine2#set(Matrix4):Affine2	7a0129c7f92c152d3176	455	3081	3547	337
METHOD_ENTRY	com.badlogic.gdx.math.Affine2#setToTranslation(float,float):Affine2	2dd4ae7b3e09eaaea693	413	2978	3402	170
METHOD_EXIT	com.badlogic.gdx.math.Affine2#setToTranslation(Vector2):Affine2	1d00678c048793b855d1	455	3022	3488	329
METHOD_ENTRY	com.badlogic.gdx.math.Affine2#setToTranslation(Vector2):Affine2	07a6f028ec8e7f243f91	413	2943	3367	180
METHOD_EXIT	com.badlogic.gdx.math.Affine2#setToTranslation(float,float):Affine2	d6e103f06725db28fa5d	455	3057	3523	325
METHOD_ENTRY	com.badlogic.gdx.math.Affine2#setToScaling(float,float):Affine2	1ad982d318d4b05a8e49	413	2984	3408	228
METHOD_EXIT	com.badlogic.gdx.math.Affine2#setToScaling(float,float):Affine2	80968a0d8bb5bb10d667	455	3063	3529	277
METHOD_ENTRY	com.badlogic.gdx.math.Affine2#setToScaling(Vector2):Affine2	c9898f51084704f3860c	413	2939	3363	242
METHOD_EXIT	com.badlogic.gdx.math.Affine2#setToScaling(Vector2):Affine2	7ef99ef244d1801feda0	455	3018	3484	271
METHOD_ENTRY	com.badlogic.gdx.math.Affine2#setToRotation(float):Affine2	aea13f4f234e221011c4	413	2990	3414	303
METHOD_EXIT	com.badlogic.gdx.math.Affine2#setToRotation(float):Affine2	5e9b6be5706a6f9c1758	455	3069	3535	255
METHOD_ENTRY	com.badlogic.gdx.math.Affine2#setToRotationRad(float):Affine2	d8301b0af4e361773455	413	2990	3414	332
METHOD_EXIT	com.badlogic.gdx.math.Affine2#setToRotation(float,float):Affine2	c1ad742ba6cbed75e80e	455	3056	3522	240
METHOD_ENTRY	com.badlogic.gdx.math.Affine2#setToRotation(float,float):Affine2	d98facdcfe3fda77127d	413	2977	3401	238
METHOD_ENTRY	com.badlogic.gdx.math.Affine2#setToShearing(float,float):Affine2	cb1ca5285497efc4f255	413	2986	3410	260
METHOD_EXIT	com.badlogic.gdx.math.Affine2#setToShearing(float,float):Affine2	26b1bfcb78b65029f2c0	455	3065	3531	245
METHOD_EXIT	com.badlogic.gdx.math.Affine2#setToRotationRad(float):Affine2	249084d07009a4c9f0ef	455	3069	3535	319
METHOD_ENTRY	com.badlogic.gdx.math.Affine2#setToShearing(Vector2):Affine2	7355e8acae436f97f7c9	413	2943	3367	264
METHOD_EXIT	com.badlogic.gdx.math.Affine2#setToShearing(Vector2):Affine2	c998fe32b2e4644a9c11	455	3022	3488	300
METHOD_ENTRY	com.badlogic.gdx.math.Affine2#setToTrnRotScl(float,float,float,float,float):Affine2	f89a4d642051291ea3ef	413	3093	3517	202
METHOD_EXIT	com.badlogic.gdx.math.Affine2#setToTrnRotScl(Vector2,float,Vector2):Affine2	b450df406840f3633bca	455	3064	3530	284
METHOD_EXIT	com.badlogic.gdx.math.Affine2#setToTrnRotScl(float,float,float,float,float):Affine2	dbde6ecfffbc889b2e52	455	3172	3638	283
METHOD_ENTRY	com.badlogic.gdx.math.Affine2#setToTrnRotScl(Vector2,float,Vector2):Affine2	ea6012aed25a4aea2cf3	413	2985	3409	207
METHOD_ENTRY	com.badlogic.gdx.math.Affine2#setToTrnRotRadScl(float,float,float,float,float):Affine2	f4ca2cd223fa7b5e971c	413	3094	3518	267
METHOD_ENTRY	com.badlogic.gdx.math.Affine2#setToTrnRotRadScl(Vector2,float,Vector2):Affine2	74145c4f3879a9a1ab01	413	2988	3412	254
METHOD_EXIT	com.badlogic.gdx.math.Affine2#setToTrnRotRadScl(Vector2,float,Vector2):Affine2	09b0ac4686e9d2ff3702	455	3067	3533	321
METHOD_EXIT	com.badlogic.gdx.math.Affine2#setToTrnRotRadScl(float,float,float,float,float):Affine2	03e296de3c0bd63be2d8	455	3173	3639	366
METHOD_ENTRY	com.badlogic.gdx.math.Affine2#setToTrnScl(float,float,float,float):Affine2	f88fb130568f22aa4d81	413	3006	3430	185
METHOD_EXIT	com.badlogic.gdx.math.Affine2#setToTrnScl(float,float,float,float):Affine2	ea7d92a045117e85671b	455	3085	3551	218
METHOD_EXIT	com.badlogic.gdx.math.Affine2#setToTrnScl(Vector2,Vector2):Affine2	abcb632b6f745d27b09d	455	3050	3516	328
METHOD_ENTRY	com.badlogic.gdx.math.Affine2#setToTrnScl(Vector2,Vector2):Affine2	47f87a68a5213d79b8be	413	2971	3395	239
METHOD_ENTRY	com.badlogic.gdx.math.Affine2#setToProduct(Affine2,Affine2):Affine2	a98b1c1a807e878e4b55	413	3078	3502	308
METHOD_EXIT	com.badlogic.gdx.math.Affine2#setToProduct(Affine2,Affine2):Affine2	afb5236806b29a91f86b	455	3157	3623	308
METHOD_ENTRY	com.badlogic.gdx.math.Affine2#inv():Affine2	3a5fe4cddc11f98cc5e1	413	3089	3513	236
METHOD_ENTRY	com.badlogic.gdx.math.Affine2#mul(Affine2):Affine2	30d1c3f997b459401cba	413	3094	3518	373
METHOD_EXIT	com.badlogic.gdx.math.Affine2#mul(Affine2):Affine2	8e66bc3fd8ac9912a97a	455	3173	3639	260
METHOD_EXIT	com.badlogic.gdx.math.Affine2#inv():Affine2	7d9eb954495a651f9677	455	3165	3631	425
METHOD_ENTRY	com.badlogic.gdx.math.Affine2#translate(float,float):Affine2	f52051c816a32a3f92b1	413	2963	3387	125
METHOD_ENTRY	com.badlogic.gdx.math.Affine2#preMul(Affine2):Affine2	b73e314f5c62e141d9a5	413	3098	3522	217
METHOD_EXIT	com.badlogic.gdx.math.Affine2#preMul(Affine2):Affine2	29219cb0900ec6102079	455	3177	3643	339
METHOD_EXIT	com.badlogic.gdx.math.Affine2#translate(float,float):Affine2	67f84edf562ce323f865	455	3042	3508	275
METHOD_ENTRY	com.badlogic.gdx.math.Affine2#translate(Vector2):Affine2	6dd3c12c1f58a4326e3b	413	2938	3362	236
METHOD_EXIT	com.badlogic.gdx.math.Affine2#translate(Vector2):Affine2	fc4e045c2f352ef5fb2b	455	3017	3483	289
METHOD_ENTRY	com.badlogic.gdx.math.Affine2#preTranslate(float,float):Affine2	030eb872340832a090a6	413	2949	3373	236
METHOD_ENTRY	com.badlogic.gdx.math.Affine2#preTranslate(Vector2):Affine2	0b579a1b70afae6ef09d	413	2941	3365	177
METHOD_ENTRY	com.badlogic.gdx.math.Affine2#scale(float,float):Affine2	0ac756ae888194a2b4cf	413	2967	3391	259
METHOD_EXIT	com.badlogic.gdx.math.Affine2#preTranslate(Vector2):Affine2	baafce017b47b70f3091	455	3020	3486	311
METHOD_EXIT	com.badlogic.gdx.math.Affine2#preTranslate(float,float):Affine2	03e17caac4785c4ada60	455	3028	3494	282
METHOD_EXIT	com.badlogic.gdx.math.Affine2#scale(float,float):Affine2	dbf610744cce6d13c239	455	3046	3512	260
METHOD_ENTRY	com.badlogic.gdx.math.Affine2#scale(Vector2):Affine2	a3db2e6a5cffcdab71e5	413	2934	3358	272
METHOD_EXIT	com.badlogic.gdx.math.Affine2#scale(Vector2):Affine2	b4d2fcdc2d6a59471221	455	3013	3479	301
METHOD_ENTRY	com.badlogic.gdx.math.Affine2#preScale(float,float):Affine2	145e7541a66c83ee031b	413	2983	3407	261
METHOD_EXIT	com.badlogic.gdx.math.Affine2#preScale(float,float):Affine2	0ddcd0aab7dc464e9003	455	3062	3528	356
METHOD_ENTRY	com.badlogic.gdx.math.Affine2#preScale(Vector2):Affine2	13c0df7d7ef067badb2e	413	2937	3361	243
METHOD_EXIT	com.badlogic.gdx.math.Affine2#preScale(Vector2):Affine2	28761e546b01761ee2be	455	3016	3482	237
METHOD_EXIT	com.badlogic.gdx.math.Affine2#rotate(float):Affine2	d1800e6299b1d1022616	455	3128	3594	188
METHOD_ENTRY	com.badlogic.gdx.math.Affine2#rotateRad(float):Affine2	16e7b863bc89ef7afa77	413	3050	3474	202
METHOD_EXIT	com.badlogic.gdx.math.Affine2#rotateRad(float):Affine2	c3cf5ce2748b68c50c59	455	3129	3595	385
METHOD_ENTRY	com.badlogic.gdx.math.Affine2#preRotate(float):Affine2	cf2b8e1efaec95783a48	413	3093	3517	220
METHOD_ENTRY	com.badlogic.gdx.math.Affine2#rotate(float):Affine2	cbe0da50f64c4afb2649	413	3049	3473	307
METHOD_EXIT	com.badlogic.gdx.math.Affine2#preRotate(float):Affine2	b43fae26bf63a4e09729	455	3172	3638	351
METHOD_ENTRY	com.badlogic.gdx.math.Affine2#preRotateRad(float):Affine2	2623cb4fd9acfad835d0	413	3094	3518	333
METHOD_EXIT	com.badlogic.gdx.math.Affine2#preRotateRad(float):Affine2	0c1c6687006e502ca7ee	455	3173	3639	304
METHOD_ENTRY	com.badlogic.gdx.math.Affine2#shear(float,float):Affine2	d99e807120acd43ca4d4	413	3022	3446	241
METHOD_EXIT	com.badlogic.gdx.math.Affine2#shear(float,float):Affine2	b72979e66ab91b23104f	455	3101	3567	315
METHOD_ENTRY	com.badlogic.gdx.math.Affine2#shear(Vector2):Affine2	814fef7de8eb1f3ffc80	413	2936	3360	268
METHOD_EXIT	com.badlogic.gdx.math.Affine2#shear(Vector2):Affine2	02e3e69070aee1b113a1	455	3015	3481	304
METHOD_EXIT	com.badlogic.gdx.math.Affine2#preShear(float,float):Affine2	e25f3f695d11b1792438	455	3148	3614	253
METHOD_ENTRY	com.badlogic.gdx.math.Affine2#preShear(Vector2):Affine2	98ef658daa1d2fb2ba5e	413	2941	3365	255
METHOD_EXIT	com.badlogic.gdx.math.Affine2#preShear(Vector2):Affine2	4bb67f770c7fe1a74c76	455	3020	3486	288
METHOD_ENTRY	com.badlogic.gdx.math.Affine2#det():float	aa56c05eb087bc59a39e	413	2927	3351	169
METHOD_EXIT	com.badlogic.gdx.math.Affine2#det():float	67cca099a00be69dc475	455	3001	3467	297
METHOD_ENTRY	com.badlogic.gdx.math.Affine2#preShear(float,float):Affine2	22564f377f0e0d52c89c	413	3069	3493	248
METHOD_ENTRY	com.badlogic.gdx.math.Affine2#getTranslation(Vector2):Vector2	bcae7f21b3d552c77e25	413	2943	3367	212
METHOD_EXIT	com.badlogic.gdx.math.Affine2#getTranslation(Vector2):Vector2	4b6e0d29b73292c03559	455	3021	3487	303
METHOD_ENTRY	com.badlogic.gdx.math.Affine2#isTranslation():boolean	2e91c30d4b3cc088e57e	413	2942	3366	209
METHOD_EXIT	com.badlogic.gdx.math.Affine2#isIdt():boolean	f19f41763a193fb4e02a	455	3030	3496	468
METHOD_ENTRY	com.badlogic.gdx.math.Affine2#isIdt():boolean	1bcde4f18fc753d24d3b	413	2956	3380	251
METHOD_EXIT	com.badlogic.gdx.math.Affine2#isTranslation():boolean	99711264c2a938aee182	455	3016	3482	316
METHOD_ENTRY	com.badlogic.gdx.math.Affine2#applyTo(Vector2):void	f08e0a6493268ef6e2af	413	2972	3396	208
METHOD_ENTRY	com.badlogic.gdx.math.Affine2#toString():String	a74a9b6f5b3c9a6b549b	413	2968	3392	180
METHOD_ENTRY	com.badlogic.gdx.math.BSpline#cubic(T,float,T[],boolean,T):T	7c5e2ea4adf91820469d	413	1763	2187	243
METHOD_EXIT	com.badlogic.gdx.math.Affine2#toString():String	c27bbde04791a19d02df	455	3042	3508	247
METHOD_EXIT	com.badlogic.gdx.math.Affine2#applyTo(Vector2):void	29bd2f2a971d374984a3	455	2983	3449	323
METHOD_ENTRY	com.badlogic.gdx.math.BSpline#cubic_derivative(T,float,T[],boolean,T):T	f6f5ea03ebde4b0c6e19	413	1767	2191	292
METHOD_EXIT	com.badlogic.gdx.math.BSpline#cubic_derivative(T,float,T[],boolean,T):T	bf106bccf4289dd9c17d	455	1844	2310	293
METHOD_ENTRY	com.badlogic.gdx.math.BSpline#cubic(T,int,float,T[],boolean,T):T	c32cd8c8671dd1780287	413	1908	2332	298
METHOD_EXIT	com.badlogic.gdx.math.BSpline#cubic(T,float,T[],boolean,T):T	6a7046311b4362ed97c6	455	1840	2306	273
METHOD_EXIT	com.badlogic.gdx.math.BSpline#cubic(T,int,float,T[],boolean,T):T	fa0728517851c673a1c2	455	1985	2451	256
METHOD_ENTRY	com.badlogic.gdx.math.BSpline#cubic_derivative(T,int,float,T[],boolean,T):T	8cd6e070f10adc766332	413	1897	2321	299
METHOD_EXIT	com.badlogic.gdx.math.BSpline#cubic_derivative(T,int,float,T[],boolean,T):T	47e60574709c1b33c1ee	455	1974	2440	324
METHOD_EXIT	com.badlogic.gdx.math.BSpline#calculate(T,float,T[],int,boolean,T):T	b46e6ee480023a8f4a37	455	1851	2317	393
METHOD_EXIT	com.badlogic.gdx.math.BSpline#derivative(T,float,T[],int,boolean,T):T	dfac00dc7708fb0c2611	455	1852	2318	225
METHOD_ENTRY	com.badlogic.gdx.math.BSpline#derivative(T,float,T[],int,boolean,T):T	8fc569a0a73a754acadf	413	1775	2199	154
METHOD_ENTRY	com.badlogic.gdx.math.BSpline#calculate(T,int,float,T[],int,boolean,T):T	6231854783addfb1b17d	413	1751	2175	205
METHOD_ENTRY	com.badlogic.gdx.math.BSpline#calculate(T,float,T[],int,boolean,T):T	aa70d09bb5f606d9a648	413	1774	2198	220
METHOD_EXIT	com.badlogic.gdx.math.BSpline#calculate(T,int,float,T[],int,boolean,T):T	bb24af8c19e210f2de06	455	1828	2294	292
METHOD_ENTRY	com.badlogic.gdx.math.BSpline#derivative(T,int,float,T[],int,boolean,T):T	4928c377684857cf07f4	413	1754	2178	289
METHOD_EXIT	com.badlogic.gdx.math.BSpline#derivative(T,int,float,T[],int,boolean,T):T	f370bf0200ff9ccd52e6	455	1831	2297	292
METHOD_ENTRY	com.badlogic.gdx.math.BSpline#set(T[],int,boolean):BSpline	84a377ffa0b91f7f21e8	413	1904	2328	287
METHOD_EXIT	com.badlogic.gdx.math.BSpline#set(T[],int,boolean):BSpline	36244bcaed1731392d13	455	1982	2448	294
METHOD_EXIT	com.badlogic.gdx.math.BSpline#valueAt(T,float):T	f229d801d978c984ee1f	455	1788	2254	287
METHOD_ENTRY	com.badlogic.gdx.math.BSpline#valueAt(T,float):T	447764dea69568772197	413	1711	2135	317
METHOD_EXIT	com.badlogic.gdx.math.BSpline#valueAt(T,int,float):T	2c892477ab71af962a9c	455	1777	2243	281
METHOD_ENTRY	com.badlogic.gdx.math.BSpline#derivativeAt(T,float):T	695429be3d651c24b47f	413	1714	2138	169
METHOD_EXIT	com.badlogic.gdx.math.BSpline#derivativeAt(T,float):T	102dd04f5824a32fb4b7	455	1791	2257	284
METHOD_ENTRY	com.badlogic.gdx.math.BSpline#valueAt(T,int,float):T	60a3135756246516609d	413	1700	2124	311
METHOD_ENTRY	com.badlogic.gdx.math.BSpline#derivativeAt(T,int,float):T	0b815ed10bdf1d21e8cd	413	1701	2125	252
METHOD_EXIT	com.badlogic.gdx.math.BSpline#derivativeAt(T,int,float):T	095b880ec2c0c005d223	455	1778	2244	301
METHOD_ENTRY	com.badlogic.gdx.math.BSpline#nearest(T):int	e3ae9bd0a886323a0519	413	1655	2079	259
METHOD_EXIT	com.badlogic.gdx.math.BSpline#nearest(T):int	8a29734b0823178590e4	455	1732	2198	277
METHOD_ENTRY	com.badlogic.gdx.math.BSpline#nearest(T,int,int):int	8dec80b8ca06f4422c8d	413	1777	2201	288
METHOD_EXIT	com.badlogic.gdx.math.BSpline#nearest(T,int,int):int	ccc9ae149e67517d1fc5	455	1854	2320	310
METHOD_ENTRY	com.badlogic.gdx.math.BSpline#approximate(T):float	8b3179059991bb36bbde	413	1654	2078	248
METHOD_ENTRY	com.badlogic.gdx.math.BSpline#approximate(T,int,int):float	cc24ab52ae37c3150ce4	413	1676	2100	227
METHOD_EXIT	com.badlogic.gdx.math.BSpline#approximate(T,int,int):float	1cd7c03cde3881869399	455	1753	2219	284
METHOD_EXIT	com.badlogic.gdx.math.BSpline#approximate(T):float	73720ae91fa491c24edc	455	1731	2197	265
METHOD_ENTRY	com.badlogic.gdx.math.BSpline#approximate(T,int):float	dfabb2b4a9d27d38322e	413	1959	2383	243
METHOD_EXIT	com.badlogic.gdx.math.BSpline#approximate(T,int):float	40fae552ec70111666d4	455	2036	2502	352
METHOD_ENTRY	com.badlogic.gdx.math.BSpline#locate(T):float	55fd7c4c26a86f6bb46d	413	1660	2084	248
METHOD_ENTRY	com.badlogic.gdx.math.Bresenham2#newObject():GridPoint2	0218d9712579965f7da0	413	767	1191	233
METHOD_ENTRY	com.badlogic.gdx.math.Bresenham2#line(GridPoint2,GridPoint2):Array<GridPoint2>	96ede7cb4a66db0d4fbc	413	825	1249	264
METHOD_EXIT	com.badlogic.gdx.math.Bresenham2#newObject():GridPoint2	d872996f35feb6cb5275	455	778	1244	130
METHOD_EXIT	com.badlogic.gdx.math.BSpline#locate(T):float	fa1d997c073dda84b7b5	455	1737	2203	272
METHOD_EXIT	com.badlogic.gdx.math.Bresenham2#line(GridPoint2,GridPoint2):Array<GridPoint2>	bee67e9407ce7ea93281	455	905	1371	280
METHOD_ENTRY	com.badlogic.gdx.math.Bresenham2#line(int,int,int,int):Array<GridPoint2>	5c7a6bf056b1c1b54dc7	413	853	1277	280
METHOD_EXIT	com.badlogic.gdx.math.Bresenham2#line(int,int,int,int):Array<GridPoint2>	3b578c3d49ef94c90992	455	933	1399	233
METHOD_ENTRY	com.badlogic.gdx.math.BSpline#approxLength(int):float	db2397e8e0ea73fb6b0b	413	1722	2146	294
METHOD_ENTRY	com.badlogic.gdx.math.Bresenham2#line(int,int,int,int,Pool<GridPoint2>,Array<GridPoint2>):Array<GridPoint2>	d696e7152dba474a1b78	413	1211	1635	253
METHOD_EXIT	com.badlogic.gdx.math.Bresenham2#line(int,int,int,int,Pool<GridPoint2>,Array<GridPoint2>):Array<GridPoint2>	869e773c783da45600d6	455	1291	1757	362
METHOD_EXIT	com.badlogic.gdx.math.BSpline#approxLength(int):float	1087f272a74cc3ff4404	455	1799	2265	270
METHOD_ENTRY	com.badlogic.gdx.math.collision.BoundingBox#getCenter(Vector3):Vector3	b3db71dcee220e7e3952	413	1566	1990	267
METHOD_EXIT	com.badlogic.gdx.math.collision.BoundingBox#getCenterX():float	eb83774648faa08fab5e	455	1630	2096	77
METHOD_ENTRY	com.badlogic.gdx.math.collision.BoundingBox#getCenterY():float	5e19e8aec1b4a6410d24	413	1556	1980	275
METHOD_ENTRY	com.badlogic.gdx.math.collision.BoundingBox#getCenterX():float	46e38aa9b3c70f55480a	413	1556	1980	213
METHOD_EXIT	com.badlogic.gdx.math.collision.BoundingBox#getCenter(Vector3):Vector3	189f242132484c70bdcb	455	1644	2110	322
METHOD_ENTRY	com.badlogic.gdx.math.collision.BoundingBox#getCenterZ():float	b7a7030cf1657121a9a2	413	1556	1980	43
METHOD_EXIT	com.badlogic.gdx.math.collision.BoundingBox#getCenterZ():float	7a775a26535265255ae8	455	1630	2096	94
METHOD_EXIT	com.badlogic.gdx.math.collision.BoundingBox#getCenterY():float	a68947b7ed26e189f918	455	1630	2096	80
METHOD_ENTRY	com.badlogic.gdx.math.collision.BoundingBox#getCorner000(Vector3):Vector3	f58f5e134f97959c04f3	413	1576	2000	285
METHOD_ENTRY	com.badlogic.gdx.math.collision.BoundingBox#getCorner001(Vector3):Vector3	67194c1c68c0d9c2747b	413	1576	2000	224
METHOD_EXIT	com.badlogic.gdx.math.collision.BoundingBox#getCorner000(Vector3):Vector3	d0637397df1e54a846af	455	1654	2120	248
METHOD_EXIT	com.badlogic.gdx.math.collision.BoundingBox#getCorner001(Vector3):Vector3	728946a0d395df2ad723	455	1654	2120	295
METHOD_ENTRY	com.badlogic.gdx.math.collision.BoundingBox#getCorner010(Vector3):Vector3	9a3bb2f5a2d16eea8ebd	413	1576	2000	198
METHOD_EXIT	com.badlogic.gdx.math.collision.BoundingBox#getCorner010(Vector3):Vector3	a3fa98f42a0413e6763a	455	1654	2120	274
METHOD_ENTRY	com.badlogic.gdx.math.collision.BoundingBox#getCorner100(Vector3):Vector3	ea9a7a2cf9b3979c5aa7	413	1576	2000	249
METHOD_ENTRY	com.badlogic.gdx.math.collision.BoundingBox#getCorner011(Vector3):Vector3	6b973bcf514d2903c14b	413	1576	2000	196
METHOD_ENTRY	com.badlogic.gdx.math.collision.BoundingBox#getCorner101(Vector3):Vector3	092172bdff4fed82ff14	413	1576	2000	263
METHOD_ENTRY	com.badlogic.gdx.math.collision.BoundingBox#getCorner110(Vector3):Vector3	742f69575530bf31dd7e	413	1576	2000	227
METHOD_EXIT	com.badlogic.gdx.math.collision.BoundingBox#getCorner011(Vector3):Vector3	89bba99614b71a23b53b	455	1654	2120	286
METHOD_EXIT	com.badlogic.gdx.math.collision.BoundingBox#getCorner110(Vector3):Vector3	de946e13413291bf12d2	455	1654	2120	269
METHOD_EXIT	com.badlogic.gdx.math.collision.BoundingBox#getCorner101(Vector3):Vector3	0e948de1d41ba6c8f079	455	1654	2120	250
METHOD_ENTRY	com.badlogic.gdx.math.collision.BoundingBox#getCorner111(Vector3):Vector3	868d2d6f64cdb0b64827	413	1576	2000	240
METHOD_EXIT	com.badlogic.gdx.math.collision.BoundingBox#getCorner111(Vector3):Vector3	158bb17590007bba7780	455	1654	2120	273
METHOD_ENTRY	com.badlogic.gdx.math.collision.BoundingBox#getDimensions(Vector3):Vector3	2b54dd93ff1cddcbf441	413	1567	1991	296
METHOD_EXIT	com.badlogic.gdx.math.collision.BoundingBox#getDimensions(Vector3):Vector3	67db2e064202ca9dcf4e	455	1645	2111	326
METHOD_EXIT	com.badlogic.gdx.math.collision.BoundingBox#getCorner100(Vector3):Vector3	5f20f2f71b898376a20b	455	1654	2120	218
METHOD_EXIT	com.badlogic.gdx.math.collision.BoundingBox#getWidth():float	29a9e46e3aa499f649de	455	1628	2094	151
METHOD_EXIT	com.badlogic.gdx.math.collision.BoundingBox#getHeight():float	269ba44a52afd8d6e3cd	455	1628	2094	96
METHOD_EXIT	com.badlogic.gdx.math.collision.BoundingBox#getDepth():float	e18f7fe250039077fc23	455	1628	2094	161
METHOD_ENTRY	com.badlogic.gdx.math.collision.BoundingBox#getWidth():float	65f028668fd7330d6fa0	413	1554	1978	224
METHOD_ENTRY	com.badlogic.gdx.math.collision.BoundingBox#getMin(Vector3):Vector3	1ad051026cc59c05abf0	413	1567	1991	272
METHOD_ENTRY	com.badlogic.gdx.math.collision.BoundingBox#getMax(Vector3):Vector3	a3ac2c44cda66a0feb7d	413	1567	1991	251
METHOD_ENTRY	com.badlogic.gdx.math.collision.BoundingBox#getHeight():float	b484f3c0488f1e76a233	413	1554	1978	186
METHOD_EXIT	com.badlogic.gdx.math.collision.BoundingBox#getMax(Vector3):Vector3	99990bb5d007b3502e46	455	1645	2111	305
METHOD_ENTRY	com.badlogic.gdx.math.collision.BoundingBox#getDepth():float	44f67fc9aaba070eeb95	413	1554	1978	203
METHOD_ENTRY	com.badlogic.gdx.math.collision.BoundingBox#set(BoundingBox):BoundingBox	4ab5524fab86e11b96f5	413	1569	1993	258
METHOD_EXIT	com.badlogic.gdx.math.collision.BoundingBox#getMin(Vector3):Vector3	7e75fa98975dfc424e78	455	1645	2111	229
METHOD_ENTRY	com.badlogic.gdx.math.collision.BoundingBox#set(Vector3,Vector3):BoundingBox	3bf8089c3d4135d6092a	413	1662	2086	205
METHOD_EXIT	com.badlogic.gdx.math.collision.BoundingBox#set(Vector3,Vector3):BoundingBox	4fade4196dda685daebd	455	1740	2206	277
METHOD_EXIT	com.badlogic.gdx.math.collision.BoundingBox#update():void	6903345a0ff87acf918d	455	1584	2050	314
METHOD_EXIT	com.badlogic.gdx.math.collision.BoundingBox#set(BoundingBox):BoundingBox	30cd5217ba9921eb6ebc	455	1647	2113	311
METHOD_ENTRY	com.badlogic.gdx.math.collision.BoundingBox#set(Vector3[]):BoundingBox	20a6df1c33b944076740	413	1583	2007	227
METHOD_EXIT	com.badlogic.gdx.math.collision.BoundingBox#set(Vector3[]):BoundingBox	5ddd11e5e05d38356167	455	1661	2127	364
METHOD_ENTRY	com.badlogic.gdx.math.collision.BoundingBox#set(List<Vector3>):BoundingBox	17f738f104b5c2725baa	413	1586	2010	223
METHOD_ENTRY	com.badlogic.gdx.math.collision.BoundingBox#update():void	fa92c4526f98789df996	413	1573	1997	212
METHOD_EXIT	com.badlogic.gdx.math.collision.BoundingBox#set(List<Vector3>):BoundingBox	1da4f265fb274027ee0f	455	1664	2130	213
METHOD_EXIT	com.badlogic.gdx.math.collision.BoundingBox#inf():BoundingBox	f5e360d8a0def1f96857	455	1693	2159	364
METHOD_ENTRY	com.badlogic.gdx.math.collision.BoundingBox#inf():BoundingBox	c1f286c153a563be0f25	413	1618	2042	172
METHOD_EXIT	com.badlogic.gdx.math.collision.BoundingBox#ext(Vector3):BoundingBox	b9c1659ad02ca977556c	455	1691	2157	298
METHOD_ENTRY	com.badlogic.gdx.math.collision.BoundingBox#clr():BoundingBox	de1dee202c253cfc90ab	413	1576	2000	222
METHOD_EXIT	com.badlogic.gdx.math.collision.BoundingBox#clr():BoundingBox	19f0cc61dddbe821cdb1	455	1651	2117	289
METHOD_EXIT	com.badlogic.gdx.math.collision.BoundingBox#isValid():boolean	7e41af6bdc9b51617ccc	455	1644	2110	305
METHOD_ENTRY	com.badlogic.gdx.math.collision.BoundingBox#ext(BoundingBox):BoundingBox	746fe65661e218c28ec9	413	1625	2049	289
METHOD_ENTRY	com.badlogic.gdx.math.collision.BoundingBox#ext(Vector3):BoundingBox	adf844877be2cbf6a8e5	413	1613	2037	258
METHOD_ENTRY	com.badlogic.gdx.math.collision.BoundingBox#ext(Vector3,float):BoundingBox	51e84f8964fdb8a5c967	413	1631	2055	197
METHOD_EXIT	com.badlogic.gdx.math.collision.BoundingBox#ext(Vector3,float):BoundingBox	719d478ee9da542f474d	455	1709	2175	361
METHOD_ENTRY	com.badlogic.gdx.math.collision.BoundingBox#ext(BoundingBox,Matrix4):BoundingBox	70533ce1f76b6d8523e9	413	1745	2169	242
METHOD_EXIT	com.badlogic.gdx.math.collision.BoundingBox#ext(BoundingBox):BoundingBox	a7026bef3741ee6e45e2	455	1703	2169	363
METHOD_EXIT	com.badlogic.gdx.math.collision.BoundingBox#ext(BoundingBox,Matrix4):BoundingBox	b1cdd9b1039aa8842a86	455	1823	2289	305
METHOD_ENTRY	com.badlogic.gdx.math.collision.BoundingBox#mul(Matrix4):BoundingBox	8f0b4ce0a73b98aceb99	413	1750	2174	181
METHOD_ENTRY	com.badlogic.gdx.math.collision.BoundingBox#contains(BoundingBox):boolean	1be1d1cac165edcee5c4	413	1611	2035	248
METHOD_EXIT	com.badlogic.gdx.math.collision.BoundingBox#contains(BoundingBox):boolean	3b1f37d83e9fec9b360e	455	1688	2154	321
METHOD_ENTRY	com.badlogic.gdx.math.collision.BoundingBox#isValid():boolean	efa78366258fdc6085b4	413	1570	1994	315
METHOD_ENTRY	com.badlogic.gdx.math.collision.BoundingBox#contains(OrientedBoundingBox):boolean	7c8e8a0b7e37629a4975	413	1653	2077	301
METHOD_ENTRY	com.badlogic.gdx.math.collision.BoundingBox#intersects(BoundingBox):boolean	d1aa8d60a4f3076c98ac	413	1733	2157	245
METHOD_EXIT	com.badlogic.gdx.math.collision.BoundingBox#mul(Matrix4):BoundingBox	6523fd604bd710760bed	455	1828	2294	281
METHOD_EXIT	com.badlogic.gdx.math.collision.BoundingBox#intersects(BoundingBox):boolean	5c6f2aa07d9263824f54	455	1810	2276	446
METHOD_ENTRY	com.badlogic.gdx.math.collision.BoundingBox#contains(Vector3):boolean	27140a15dd58e0863a2f	413	1595	2019	294
METHOD_EXIT	com.badlogic.gdx.math.collision.BoundingBox#contains(Vector3):boolean	940f25607b3463fc7889	455	1672	2138	270
METHOD_EXIT	com.badlogic.gdx.math.collision.BoundingBox#toString():String	d72337bd4b6e188ec706	455	1637	2103	282
METHOD_ENTRY	com.badlogic.gdx.math.collision.BoundingBox#toString():String	e05b82c046e3cd77ac4e	413	1563	1987	273
METHOD_EXIT	com.badlogic.gdx.math.collision.BoundingBox#contains(OrientedBoundingBox):boolean	2c5ca991ef5b1e0a14d1	455	1730	2196	453
METHOD_ENTRY	com.badlogic.gdx.math.collision.BoundingBox#min(float,float):float	e759b264538f78996a4a	413	1576	2000	183
METHOD_ENTRY	com.badlogic.gdx.math.collision.BoundingBox#ext(float,float,float):BoundingBox	61316bafbb61c88b3e3c	413	1618	2042	265
METHOD_ENTRY	com.badlogic.gdx.math.collision.Sphere#overlaps(Sphere):boolean	b38027393188c76b309b	413	534	958	256
METHOD_ENTRY	com.badlogic.gdx.math.collision.Sphere#hashCode():int	78f419e06b26bce69e97	413	555	979	198
METHOD_EXIT	com.badlogic.gdx.math.collision.Sphere#hashCode():int	6430aed2ae6d001c1821	455	629	1095	303
METHOD_EXIT	com.badlogic.gdx.math.collision.BoundingBox#min(float,float):float	e3823891d00c8174249b	455	1653	2119	219
METHOD_EXIT	com.badlogic.gdx.math.collision.Sphere#overlaps(Sphere):boolean	f8b8275abedadf4201ed	455	611	1077	274
METHOD_EXIT	com.badlogic.gdx.math.collision.Sphere#equals(Object):boolean	75887c1606a460b4baec	455	640	1106	359
METHOD_ENTRY	com.badlogic.gdx.math.collision.BoundingBox#max(float,float):float	a47a25d55fa7e86299d8	413	1576	2000	245
METHOD_ENTRY	com.badlogic.gdx.math.collision.Sphere#equals(Object):boolean	b8cd09310d66a3eaf701	413	563	987	242
METHOD_EXIT	com.badlogic.gdx.math.collision.Sphere#volume():float	c1bfb05394250cc3ca78	455	594	1060	249
METHOD_ENTRY	com.badlogic.gdx.math.collision.Sphere#surfaceArea():float	bbcfc36d2dcb46db544e	413	520	944	201
METHOD_EXIT	com.badlogic.gdx.math.collision.BoundingBox#max(float,float):float	61033951c6780d62eedd	455	1653	2119	285
METHOD_EXIT	com.badlogic.gdx.math.collision.Sphere#surfaceArea():float	7e203ce22e7cd25ac6f9	455	594	1060	242
METHOD_EXIT	com.badlogic.gdx.math.collision.BoundingBox#ext(float,float,float):BoundingBox	49af4b40b7f05affc12e	455	1696	2162	290
METHOD_ENTRY	com.badlogic.gdx.math.collision.Ray#cpy():Ray	ce3af2a44423148e4b24	413	768	1192	212
METHOD_ENTRY	com.badlogic.gdx.math.collision.Sphere#volume():float	1138175753a0d1e827e2	413	520	944	124
METHOD_ENTRY	com.badlogic.gdx.math.collision.Ray#getEndPoint(Vector3,float):Vector3	2d7646d6ca15f9966834	413	795	1219	216
METHOD_EXIT	com.badlogic.gdx.math.collision.Ray#getEndPoint(Vector3,float):Vector3	abead2c751890d0d2639	455	873	1339	297
METHOD_ENTRY	com.badlogic.gdx.math.collision.Ray#mul(Matrix4):Ray	887ccb771e8c66e1ca6f	413	799	1223	205
METHOD_EXIT	com.badlogic.gdx.math.collision.Ray#mul(Matrix4):Ray	6948f55d32ed7ae648ed	455	876	1342	253
METHOD_EXIT	com.badlogic.gdx.math.collision.Ray#toString():String	5df32d1bcac81da6e055	455	846	1312	269
METHOD_EXIT	com.badlogic.gdx.math.collision.Ray#cpy():Ray	6285c4500cd018b91271	455	842	1308	264
METHOD_EXIT	com.badlogic.gdx.math.collision.Ray#set(Vector3,Vector3):Ray	e32afd75b2fb02a2e1ae	455	873	1339	246
METHOD_ENTRY	com.badlogic.gdx.math.collision.Ray#set(Ray):Ray	fecf7b464726bad6d5b2	413	783	1207	224
METHOD_EXIT	com.badlogic.gdx.math.collision.Ray#set(float,float,float,float,float,float):Ray	429d256f8206e132f7dd	455	910	1376	297
METHOD_ENTRY	com.badlogic.gdx.math.collision.Ray#set(float,float,float,float,float,float):Ray	e587317739116c630fc8	413	833	1257	197
METHOD_ENTRY	com.badlogic.gdx.math.collision.Ray#toString():String	84988ffcf36b961286f3	413	772	1196	194
METHOD_ENTRY	com.badlogic.gdx.math.collision.Ray#set(Vector3,Vector3):Ray	63e3c33d8d45231aaf6c	413	796	1220	217
METHOD_EXIT	com.badlogic.gdx.math.collision.Ray#set(Ray):Ray	0f4379af611bf8287b7e	455	860	1326	243
METHOD_EXIT	com.badlogic.gdx.math.collision.Ray#equals(Object):boolean	afb37ddb6b1ce401f078	455	895	1361	386
METHOD_ENTRY	com.badlogic.gdx.math.collision.Ray#hashCode():int	8a17b48fea3e8d076499	413	804	1228	93
METHOD_EXIT	com.badlogic.gdx.math.collision.Ray#hashCode():int	ffc310ee7b36aec6132d	455	878	1344	237
METHOD_ENTRY	com.badlogic.gdx.math.collision.OrientedBoundingBox#init():void	9941ba248ad834a7a13c	413	1047	1471	239
METHOD_ENTRY	com.badlogic.gdx.math.collision.Ray#equals(Object):boolean	9630bf085c09a0420690	413	818	1242	265
METHOD_EXIT	com.badlogic.gdx.math.collision.OrientedBoundingBox#getVertices():Vector3[]	a434f1bde3eaa872568c	455	1068	1534	301
METHOD_EXIT	com.badlogic.gdx.math.collision.OrientedBoundingBox#getBounds():BoundingBox	2daa46b198f889f2d643	455	1066	1532	308
METHOD_ENTRY	com.badlogic.gdx.math.collision.OrientedBoundingBox#getBounds():BoundingBox	e4b2722ae48c6d1be117	413	991	1415	189
METHOD_ENTRY	com.badlogic.gdx.math.collision.OrientedBoundingBox#setBounds(BoundingBox):void	ff203700e7aa4f822692	413	1121	1545	311
METHOD_ENTRY	com.badlogic.gdx.math.collision.OrientedBoundingBox#getVertices():Vector3[]	5374714928dc4032478e	413	993	1417	215
METHOD_EXIT	com.badlogic.gdx.math.collision.OrientedBoundingBox#init():void	af266e2c56605494f301	455	1058	1524	309
METHOD_EXIT	com.badlogic.gdx.math.collision.OrientedBoundingBox#setBounds(BoundingBox):void	253d5edce7f79dc29008	455	1132	1598	311
METHOD_EXIT	com.badlogic.gdx.math.collision.OrientedBoundingBox#getTransform():Matrix4	d11f8eb7fc59792c234f	455	1066	1532	250
METHOD_ENTRY	com.badlogic.gdx.math.collision.OrientedBoundingBox#setTransform(Matrix4):void	1a69291881c72bfa520c	413	1003	1427	285
METHOD_ENTRY	com.badlogic.gdx.math.collision.OrientedBoundingBox#set(BoundingBox,Matrix4):OrientedBoundingBox	b0bb8208c8f9dacd3120	413	1026	1450	221
METHOD_EXIT	com.badlogic.gdx.math.collision.OrientedBoundingBox#setTransform(Matrix4):void	5c6a24aacf858a61aba2	455	1014	1480	230
METHOD_ENTRY	com.badlogic.gdx.math.collision.OrientedBoundingBox#getTransform():Matrix4	cd1fb7555ba51222c852	413	991	1415	280
METHOD_ENTRY	com.badlogic.gdx.math.collision.OrientedBoundingBox#getCorner001(Vector3):Vector3	a7c6b2551f95d3f1a5b3	413	1009	1433	212
METHOD_EXIT	com.badlogic.gdx.math.collision.OrientedBoundingBox#getCorner000(Vector3):Vector3	2501275077e6bbf70f07	455	1087	1553	307
METHOD_EXIT	com.badlogic.gdx.math.collision.OrientedBoundingBox#getCorner001(Vector3):Vector3	5f5fd0bdaff52126084a	455	1087	1553	303
METHOD_ENTRY	com.badlogic.gdx.math.collision.OrientedBoundingBox#getCorner010(Vector3):Vector3	c422415e05d8a5f884c9	413	1009	1433	283
METHOD_EXIT	com.badlogic.gdx.math.collision.OrientedBoundingBox#getCorner010(Vector3):Vector3	91c5d31a6b08f12897d8	455	1087	1553	342
METHOD_ENTRY	com.badlogic.gdx.math.collision.OrientedBoundingBox#getCorner000(Vector3):Vector3	28d16af741812c522d16	413	1009	1433	239
METHOD_EXIT	com.badlogic.gdx.math.collision.OrientedBoundingBox#getCorner011(Vector3):Vector3	37fe28dfa4f26e0b12ec	455	1087	1553	296
METHOD_ENTRY	com.badlogic.gdx.math.collision.OrientedBoundingBox#getCorner100(Vector3):Vector3	6a6ced4cb8111c555e2e	413	1009	1433	225
METHOD_EXIT	com.badlogic.gdx.math.collision.OrientedBoundingBox#getCorner100(Vector3):Vector3	3a1f1193d884d176c08c	455	1087	1553	289
METHOD_ENTRY	com.badlogic.gdx.math.collision.OrientedBoundingBox#getCorner101(Vector3):Vector3	3ea969ebda8d46d83168	413	1009	1433	200
METHOD_EXIT	com.badlogic.gdx.math.collision.OrientedBoundingBox#getCorner101(Vector3):Vector3	c4c5bc5fcefa00b36e2e	455	1087	1553	331
METHOD_EXIT	com.badlogic.gdx.math.collision.OrientedBoundingBox#getCorner110(Vector3):Vector3	a01c6a6058298354b565	455	1087	1553	376
METHOD_EXIT	com.badlogic.gdx.math.collision.OrientedBoundingBox#set(BoundingBox,Matrix4):OrientedBoundingBox	4b0cf9fc9ccaf4fe3278	455	1106	1572	258
METHOD_ENTRY	com.badlogic.gdx.math.collision.OrientedBoundingBox#getCorner111(Vector3):Vector3	a435814c8de1e707f347	413	1009	1433	245
METHOD_EXIT	com.badlogic.gdx.math.collision.OrientedBoundingBox#getCorner111(Vector3):Vector3	5a686561a78a707e5b46	455	1087	1553	299
METHOD_ENTRY	com.badlogic.gdx.math.collision.OrientedBoundingBox#contains(Vector3):boolean	cdc8d21c4392629ffc4b	413	1001	1425	233
METHOD_EXIT	com.badlogic.gdx.math.collision.OrientedBoundingBox#contains(Vector3):boolean	e45131d99a130542fadd	455	1078	1544	163
METHOD_ENTRY	com.badlogic.gdx.math.collision.OrientedBoundingBox#getCorner110(Vector3):Vector3	b01054dab738b3deb706	413	1009	1433	302
METHOD_ENTRY	com.badlogic.gdx.math.collision.OrientedBoundingBox#contains(Vector3,Matrix4):boolean	05896123d7c0426e57b6	413	1033	1457	241
METHOD_ENTRY	com.badlogic.gdx.math.collision.OrientedBoundingBox#contains(BoundingBox):boolean	4acca7fd4ce8af6f2e6a	413	1108	1532	284
METHOD_EXIT	com.badlogic.gdx.math.collision.OrientedBoundingBox#contains(BoundingBox):boolean	fb878acdf33875e7f685	455	1185	1651	597
METHOD_ENTRY	com.badlogic.gdx.math.collision.OrientedBoundingBox#contains(OrientedBoundingBox):boolean	615abf6f69d49686c76a	413	1137	1561	268
METHOD_EXIT	com.badlogic.gdx.math.collision.OrientedBoundingBox#contains(OrientedBoundingBox):boolean	ed791e4aef4030eff466	455	1214	1680	442
METHOD_ENTRY	com.badlogic.gdx.math.collision.OrientedBoundingBox#getCorner011(Vector3):Vector3	c10dd8f681a82c59d253	413	1009	1433	223
METHOD_EXIT	com.badlogic.gdx.math.collision.OrientedBoundingBox#intersects(BoundingBox):boolean	79441cc2d690d899b03e	455	1402	1868	278
METHOD_ENTRY	com.badlogic.gdx.math.collision.OrientedBoundingBox#intersects(OrientedBoundingBox):boolean	96aba90882fba5946429	413	1335	1759	248
METHOD_EXIT	com.badlogic.gdx.math.collision.OrientedBoundingBox#intersects(OrientedBoundingBox):boolean	90e0216529809db235c1	455	1412	1878	318
METHOD_ENTRY	com.badlogic.gdx.math.collision.OrientedBoundingBox#getVertices(BoundingBox):Vector3[]	b661f85b9a5d476a0a75	413	1100	1524	268
METHOD_ENTRY	com.badlogic.gdx.math.collision.OrientedBoundingBox#intersects(BoundingBox):boolean	c8bcc8b4857c6a4cd3f9	413	1325	1749	248
METHOD_ENTRY	com.badlogic.gdx.math.collision.Segment#len():float	8161d7af36fa9193a491	413	474	898	222
METHOD_EXIT	com.badlogic.gdx.math.collision.OrientedBoundingBox#getVertices(BoundingBox):Vector3[]	8394104f3d1498c65d9c	455	1178	1644	298
METHOD_ENTRY	com.badlogic.gdx.math.collision.Segment#len2():float	6164cfb422e6cd2971d1	413	477	901	186
METHOD_EXIT	com.badlogic.gdx.math.collision.Segment#len():float	2e588acac46b2fa57fab	455	548	1014	223
METHOD_ENTRY	com.badlogic.gdx.math.collision.Segment#equals(Object):boolean	f5d9ac67d0288900b283	413	529	953	276
METHOD_EXIT	com.badlogic.gdx.math.collision.Segment#len2():float	ed285da0ea50c24166a8	455	551	1017	151
METHOD_EXIT	com.badlogic.gdx.math.collision.OrientedBoundingBox#mul(Matrix4):void	dc448fbc7720f53c2181	455	1013	1479	263
METHOD_EXIT	com.badlogic.gdx.math.collision.OrientedBoundingBox#contains(Vector3,Matrix4):boolean	0599bf63a6cadc4d0b6a	455	1110	1576	321
METHOD_EXIT	com.badlogic.gdx.math.collision.OrientedBoundingBox#update():void	9ea675aa4a231c737a0c	455	1229	1695	298
METHOD_ENTRY	com.badlogic.gdx.math.collision.Segment#hashCode():int	092300efb058311e1bea	413	515	939	187
METHOD_ENTRY	com.badlogic.gdx.math.collision.OrientedBoundingBox#update():void	b9e75e0d87c85409d1b7	413	1218	1642	254
METHOD_EXIT	com.badlogic.gdx.math.collision.Segment#hashCode():int	f2e56eb9695e8477be78	455	589	1055	280
METHOD_EXIT	com.badlogic.gdx.math.collision.Segment#equals(Object):boolean	fe52ee2778e6018ce2be	455	606	1072	406
METHOD_ENTRY	com.badlogic.gdx.math.Polyline#getVertices():float[]	9f241b8839ebd041cb5f	413	854	1278	278
METHOD_ENTRY	com.badlogic.gdx.math.Polyline#getTransformedVertices():float[]	a913078d4d382991672d	413	1187	1611	157
METHOD_EXIT	com.badlogic.gdx.math.Polyline#getTransformedVertices():float[]	ef7c5a7272fdb1625021	455	1261	1727	252
METHOD_ENTRY	com.badlogic.gdx.math.Polyline#getLength():float	1369aa36eaedf5cebafa	413	954	1378	258
METHOD_EXIT	com.badlogic.gdx.math.Polyline#getLength():float	5529a3be15bb04bb6bf5	455	1028	1494	247
METHOD_ENTRY	com.badlogic.gdx.math.collision.OrientedBoundingBox#mul(Matrix4):void	2b37a4e1d6279e6a46e8	413	1002	1426	307
METHOD_EXIT	com.badlogic.gdx.math.Polyline#getScaledLength():float	59a20ae09e56d4c87d70	455	1052	1518	229
METHOD_ENTRY	com.badlogic.gdx.math.Polyline#getX():float	ea448d75aefa655e6a66	413	851	1275	42
METHOD_EXIT	com.badlogic.gdx.math.Polyline#getX():float	4f0dbeac8fd74b7fcd40	455	925	1391	151
METHOD_ENTRY	com.badlogic.gdx.math.Polyline#getY():float	58d0635cb13139a27ee9	413	851	1275	233
METHOD_ENTRY	com.badlogic.gdx.math.Polyline#getScaledLength():float	870f62f374c06d07d0ad	413	978	1402	242
METHOD_EXIT	com.badlogic.gdx.math.Polyline#getY():float	827be80fec7462a16b69	455	925	1391	212
METHOD_ENTRY	com.badlogic.gdx.math.Polyline#getOriginX():float	96c8e1643ff4f0a51345	413	854	1278	131
METHOD_EXIT	com.badlogic.gdx.math.Polyline#getVertices():float[]	4a8a6cc27213aa4437f0	455	928	1394	281
METHOD_EXIT	com.badlogic.gdx.math.Polyline#getOriginX():float	aa6c30603b7a1ef18c2e	455	928	1394	234
METHOD_ENTRY	com.badlogic.gdx.math.Polyline#getOriginY():float	33da4b6b9c58146624d4	413	854	1278	238
METHOD_EXIT	com.badlogic.gdx.math.Polyline#getOriginY():float	a45ec2170f2fa6bd7036	455	928	1394	223
METHOD_ENTRY	com.badlogic.gdx.math.Polyline#getRotation():float	55e15be8abc81f9357d5	413	851	1275	252
METHOD_ENTRY	com.badlogic.gdx.math.Polyline#getScaleX():float	2b3d93013593e8c0c8b7	413	854	1278	148
METHOD_EXIT	com.badlogic.gdx.math.Polyline#getScaleY():float	b94eb44c8bd4e60fefef	455	928	1394	239
METHOD_ENTRY	com.badlogic.gdx.math.Polyline#setOrigin(float,float):void	7e7c9befe7492ec3ef14	413	888	1312	239
METHOD_EXIT	com.badlogic.gdx.math.Polyline#setOrigin(float,float):void	4676e2c75745a5adbd91	455	899	1365	350
METHOD_EXIT	com.badlogic.gdx.math.Polyline#getRotation():float	b870774158979ef0ae2a	455	925	1391	224
METHOD_ENTRY	com.badlogic.gdx.math.Polyline#setPosition(float,float):void	b4de171b6e393ff8ce48	413	880	1304	132
METHOD_EXIT	com.badlogic.gdx.math.Polyline#setPosition(float,float):void	01226b6919c23b23226a	455	891	1357	183
METHOD_ENTRY	com.badlogic.gdx.math.Polyline#getScaleY():float	2dfe83688c71cf776bf3	413	854	1278	251
METHOD_ENTRY	com.badlogic.gdx.math.Polyline#setVertices(float[]):void	66c81a604b56990d3c23	413	893	1317	273
METHOD_EXIT	com.badlogic.gdx.math.Polyline#setVertices(float[]):void	012509e4a03698563213	455	904	1370	257
METHOD_ENTRY	com.badlogic.gdx.math.Polyline#setRotation(float):void	ed4050e4448064ab38c3	413	865	1289	164
METHOD_ENTRY	com.badlogic.gdx.math.Polyline#rotate(float):void	ee1b7ff37c7be8b195ee	413	864	1288	223
METHOD_EXIT	com.badlogic.gdx.math.Polyline#getScaleX():float	a8751e4bd0f5a2d2dce4	455	928	1394	212
METHOD_EXIT	com.badlogic.gdx.math.Polyline#rotate(float):void	8d6c994172fbe9b443a5	455	875	1341	101
METHOD_EXIT	com.badlogic.gdx.math.Polyline#setScale(float,float):void	5e03a57c903ab985dba4	455	907	1373	248
METHOD_ENTRY	com.badlogic.gdx.math.Polyline#scale(float):void	cd37308c841755fe2baa	413	880	1304	240
METHOD_EXIT	com.badlogic.gdx.math.Polyline#scale(float):void	941b010e501797c49a3d	455	891	1357	247
METHOD_EXIT	com.badlogic.gdx.math.Polyline#setRotation(float):void	650b2d61a6ea20b87dbe	455	876	1342	223
METHOD_ENTRY	com.badlogic.gdx.math.Polyline#calculateLength():void	8d25e70f5295b7c96d7b	413	855	1279	294
METHOD_ENTRY	com.badlogic.gdx.math.Polyline#setScale(float,float):void	eab0d9fb97b6bdfa8ccd	413	896	1320	269
METHOD_EXIT	com.badlogic.gdx.math.Polyline#calculateLength():void	ed941cb45a775e976a33	455	866	1332	236
METHOD_ENTRY	com.badlogic.gdx.math.Polyline#calculateScaledLength():void	6c0b78f4a01c5e499ad4	413	858	1282	306
METHOD_ENTRY	com.badlogic.gdx.math.Polyline#dirty():void	842d230df0c685cfd40a	413	852	1276	56
METHOD_EXIT	com.badlogic.gdx.math.Polyline#calculateScaledLength():void	0236f4b5a7eb544d2c8d	455	869	1335	206
METHOD_EXIT	com.badlogic.gdx.math.Polyline#dirty():void	e8586ef72f9728113a77	455	863	1329	198
METHOD_EXIT	com.badlogic.gdx.math.Polyline#translate(float,float):void	56eadf32aee8d4e60d95	455	890	1356	266
METHOD_ENTRY	com.badlogic.gdx.math.Polyline#getBoundingRectangle():Rectangle	2d4ee5357f68b4b56282	413	1067	1491	279
METHOD_EXIT	com.badlogic.gdx.math.Polyline#getBoundingRectangle():Rectangle	496d05311430f4a6468c	455	1141	1607	343
METHOD_ENTRY	com.badlogic.gdx.math.Polyline#contains(Vector2):boolean	6b67de61e430d8bef2e6	413	861	1285	152
METHOD_EXIT	com.badlogic.gdx.math.Polyline#contains(Vector2):boolean	d4c3553c34e2b4fcd518	455	938	1404	59
METHOD_ENTRY	com.badlogic.gdx.math.Polyline#contains(float,float):boolean	827dc5c73556fcc40a16	413	867	1291	233
METHOD_EXIT	com.badlogic.gdx.math.Polyline#contains(float,float):boolean	3ca36fa3569289586ffb	455	944	1410	48
METHOD_ENTRY	com.badlogic.gdx.math.Polyline#translate(float,float):void	3da760dc975bc2f2b02a	413	879	1303	120
METHOD_EXIT	com.badlogic.gdx.math.Octree#newObject():OctreeNode	acf86c56cc78dd6f496d	455	952	1418	275
METHOD_ENTRY	com.badlogic.gdx.math.Octree#newObject():OctreeNode	a93d512f4a0e1c5203d6	413	941	1365	248
METHOD_ENTRY	com.badlogic.gdx.math.Octree#createNode(Vector3,Vector3,int):OctreeNode	551c0f70a8b4004b226f	413	1020	1444	226
METHOD_ENTRY	com.badlogic.gdx.math.Octree#add(T):void	c27d2e250835b294c752	413	960	1384	248
METHOD_EXIT	com.badlogic.gdx.math.Octree#add(T):void	00cb41f426fd8f058923	455	971	1437	269
METHOD_EXIT	com.badlogic.gdx.math.Octree#createNode(Vector3,Vector3,int):OctreeNode	4b0e3f647cbe125fc1e2	455	1099	1565	254
METHOD_ENTRY	com.badlogic.gdx.math.Octree#remove(T):void	d67a986285de71aa68fe	413	960	1384	151
METHOD_EXIT	com.badlogic.gdx.math.Octree#update(T):void	42970e7163ad4829ab16	455	976	1442	267
METHOD_EXIT	com.badlogic.gdx.math.Octree#getAll(ObjectSet<T>):ObjectSet<T>	3f352a588925a6f9ab19	455	1062	1528	216
METHOD_ENTRY	com.badlogic.gdx.math.Octree#query(BoundingBox,ObjectSet<T>):ObjectSet<T>	06a03e589d5a71524768	413	1056	1480	262
METHOD_EXIT	com.badlogic.gdx.math.Octree#query(BoundingBox,ObjectSet<T>):ObjectSet<T>	b7ab82a455728e7c84e0	455	1067	1533	274
METHOD_ENTRY	com.badlogic.gdx.math.Octree#query(Frustum,ObjectSet<T>):ObjectSet<T>	cca3c59019de47eac791	413	1057	1481	254
METHOD_EXIT	com.badlogic.gdx.math.Octree#query(Frustum,ObjectSet<T>):ObjectSet<T>	b36aa9acaf2a8bd5f4ec	455	1068	1534	226
METHOD_ENTRY	com.badlogic.gdx.math.Octree#rayCast(Ray,RayCastResult<T>):T	4c0607adcd9aa104d5d0	413	1062	1486	259
METHOD_EXIT	com.badlogic.gdx.math.Octree#rayCast(Ray,RayCastResult<T>):T	683c9d99c297c60217aa	455	1070	1536	280
METHOD_ENTRY	com.badlogic.gdx.math.Octree#update(T):void	93aab626573f98a5cbc2	413	965	1389	209
METHOD_EXIT	com.badlogic.gdx.math.Octree#getNodesBoxes(ObjectSet<BoundingBox>):ObjectSet<BoundingBox>	b5a57d7bcd80807255c8	455	1074	1540	209
METHOD_ENTRY	com.badlogic.gdx.math.Octree#getNodesBoxes(ObjectSet<BoundingBox>):ObjectSet<BoundingBox>	e32a7294135e1673d433	413	993	1417	263
METHOD_EXIT	com.badlogic.gdx.math.Octree#split():void	493fface5b1eff498be6	455	1435	1901	253
METHOD_EXIT	com.badlogic.gdx.math.Octree#remove(T):void	33c5528b4dac6110f02e	455	971	1437	243
METHOD_ENTRY	com.badlogic.gdx.math.Octree#merge():void	3fa0c0b5a022ed6f77ca	413	960	1384	54
METHOD_ENTRY	com.badlogic.gdx.math.Octree#split():void	2bf9f576d5fb46828940	413	1424	1848	278
METHOD_EXIT	com.badlogic.gdx.math.Octree#free():void	ff5bedecd11658b6c8f4	455	982	1448	207
METHOD_ENTRY	com.badlogic.gdx.math.Octree#free():void	a03da4b1de3f3848ae5c	413	971	1395	260
METHOD_ENTRY	com.badlogic.gdx.math.Octree#add(T):void	c27d2e250835b294c752	413	960	1384	248
METHOD_ENTRY	com.badlogic.gdx.math.Octree#getAll(ObjectSet<T>):ObjectSet<T>	5e6b0e99be02b3f1d9a1	413	983	1407	217
METHOD_ENTRY	com.badlogic.gdx.math.Octree#clearChildren():void	8259c5dcf64f2a69b42e	413	985	1409	267
METHOD_EXIT	com.badlogic.gdx.math.Octree#remove(T):boolean	f294e8fced8b28622ece	455	1176	1642	313
METHOD_ENTRY	com.badlogic.gdx.math.Octree#remove(T):boolean	2a72bf670fffd0b287a4	413	1099	1523	255
METHOD_EXIT	com.badlogic.gdx.math.Octree#add(T):void	00cb41f426fd8f058923	455	971	1437	269
METHOD_ENTRY	com.badlogic.gdx.math.Octree#isLeaf():boolean	29a4ece377dfd4df85dc	413	956	1380	62
METHOD_ENTRY	com.badlogic.gdx.math.Octree#query(BoundingBox,ObjectSet<T>):void	ae35df778d67a781e8f2	413	1138	1562	274
METHOD_EXIT	com.badlogic.gdx.math.Octree#query(BoundingBox,ObjectSet<T>):void	bc3d0632840cbd993389	455	1149	1615	267
METHOD_ENTRY	com.badlogic.gdx.math.Octree#query(Frustum,ObjectSet<T>):void	900fd71844225b9c04ec	413	1147	1571	238
METHOD_EXIT	com.badlogic.gdx.math.Octree#query(Frustum,ObjectSet<T>):void	4055185a053e45e80d91	455	1158	1624	296
METHOD_ENTRY	com.badlogic.gdx.math.Octree#rayCast(Ray,RayCastResult<T>):void	93171b71c50d31c5c151	413	1221	1645	214
METHOD_EXIT	com.badlogic.gdx.math.Octree#rayCast(Ray,RayCastResult<T>):void	f90478d861840de17978	455	1232	1698	304
METHOD_EXIT	com.badlogic.gdx.math.Octree#getAll(ObjectSet<T>):void	930e7748f107cc5c76ff	455	1020	1486	294
METHOD_ENTRY	com.badlogic.gdx.math.Octree#getAll(ObjectSet<T>):void	2131fc647f07ed01a268	413	1009	1433	145
METHOD_ENTRY	com.badlogic.gdx.math.Octree#getBoundingBox(ObjectSet<BoundingBox>):void	d494aeec06c394f710d1	413	1012	1436	253
METHOD_ENTRY	com.badlogic.gdx.math.OctreeNode#split():void	56c28f64f1462f13966d	413	850	1274	254
METHOD_EXIT	com.badlogic.gdx.math.Octree#clearChildren():void	32447d0d6f3f3da47cbd	455	996	1462	224
METHOD_EXIT	com.badlogic.gdx.math.Octree#getBoundingBox(ObjectSet<BoundingBox>):void	48fca2e8c7a487f742e8	455	1023	1489	225
METHOD_ENTRY	com.badlogic.gdx.math.OctreeNode#merge():void	1f692e06850762c75a26	413	386	810	131
METHOD_EXIT	com.badlogic.gdx.math.OctreeNode#split():void	bd6632bfa3415f3898fd	455	861	1327	237
METHOD_ENTRY	com.badlogic.gdx.math.OctreeNode#free():void	332089fe6645d071ddd2	413	397	821	268
METHOD_EXIT	com.badlogic.gdx.math.OctreeNode#merge():void	c79f3a5fe846a38246c2	455	397	863	82
METHOD_ENTRY	com.badlogic.gdx.math.OctreeNode#clearChildren():void	9c0cfdbcd25ffaa72eeb	413	411	835	305
METHOD_EXIT	com.badlogic.gdx.math.Octree#isLeaf():boolean	9ea1a7ccda10b8ad188f	455	1030	1496	47
METHOD_EXIT	com.badlogic.gdx.math.OctreeNode#clearChildren():void	1b282be862fa5c9ca21b	455	422	888	223
METHOD_ENTRY	com.badlogic.gdx.math.OctreeNode#add(T):void	dc1e1a0906cec847bf63	413	386	810	46
METHOD_EXIT	com.badlogic.gdx.math.Octree#merge():void	e3abd831a94083e01fe8	455	971	1437	11684
METHOD_EXIT	com.badlogic.gdx.math.OctreeNode#add(T):void	5250ede26920c2b22fcc	455	397	863	115
METHOD_ENTRY	com.badlogic.gdx.math.OctreeNode#remove(T):boolean	906925e0e3465376feb6	413	525	949	147
METHOD_EXIT	com.badlogic.gdx.math.OctreeNode#remove(T):boolean	58740a1130c8e538495e	455	602	1068	308
METHOD_EXIT	com.badlogic.gdx.math.OctreeNode#free():void	830eb85d516be65721ee	455	408	874	184
METHOD_EXIT	com.badlogic.gdx.math.OctreeNode#isLeaf():boolean	80433b1beeec321f9fa8	455	456	922	42
METHOD_ENTRY	com.badlogic.gdx.math.OctreeNode#query(BoundingBox,ObjectSet<T>):void	2245d3c4333357a5a934	413	564	988	265
METHOD_ENTRY	com.badlogic.gdx.math.OctreeNode#query(Frustum,ObjectSet<T>):void	71a9df0fa2315e1eaab0	413	573	997	212
METHOD_ENTRY	com.badlogic.gdx.math.OctreeNode#rayCast(Ray,RayCastResult<T>):void	5cfa8d2e11dbcde17b40	413	647	1071	238
METHOD_ENTRY	com.badlogic.gdx.math.OctreeNode#isLeaf():boolean	ffed0664e1e23bfe6b92	413	382	806	51
METHOD_EXIT	com.badlogic.gdx.math.OctreeNode#query(Frustum,ObjectSet<T>):void	d64cfa7e34e6d8f24fee	455	584	1050	334
METHOD_EXIT	com.badlogic.gdx.math.OctreeNode#query(BoundingBox,ObjectSet<T>):void	b118ff2b65aa7015ef65	455	575	1041	353
METHOD_ENTRY	com.badlogic.gdx.math.OctreeNode#getAll(ObjectSet<T>):void	655692e2ad32682a479f	413	435	859	191
METHOD_EXIT	com.badlogic.gdx.math.OctreeNode#rayCast(Ray,RayCastResult<T>):void	8ac32217344864bd0722	455	658	1124	286
METHOD_EXIT	com.badlogic.gdx.math.OctreeNode#getAll(ObjectSet<T>):void	699598c39d360eb23fea	455	446	912	284
METHOD_EXIT	com.badlogic.gdx.math.OctreeNode#getBoundingBox(ObjectSet<BoundingBox>):void	4229b056b2ae014b5c68	455	449	915	215
METHOD_ENTRY	com.badlogic.gdx.math.OctreeNode#getBoundingBox(ObjectSet<BoundingBox>):void	80738eab9043adeb0efb	413	438	862	150
METHOD_EXIT	com.badlogic.gdx.math.Quaternion#set(Quaternion):Quaternion	bd2a6d1b731529bad788	455	4580	5046	272
METHOD_ENTRY	com.badlogic.gdx.math.Quaternion#set(Vector3,float):Quaternion	9f99b0da87dbd285b23b	413	4513	4937	286
METHOD_EXIT	com.badlogic.gdx.math.Quaternion#set(Vector3,float):Quaternion	f5366c6fbafb1a1d4559	455	4590	5056	236
METHOD_ENTRY	com.badlogic.gdx.math.Quaternion#cpy():Quaternion	f6101d23ccdaf29fa75c	413	4487	4911	352
METHOD_EXIT	com.badlogic.gdx.math.Quaternion#cpy():Quaternion	3531ea93daf832c19ee3	455	4561	5027	272
METHOD_ENTRY	com.badlogic.gdx.math.Quaternion#set(float,float,float,float):Quaternion	244be8a40ac4d7118ac1	413	4540	4964	250
METHOD_ENTRY	com.badlogic.gdx.math.Quaternion#set(Quaternion):Quaternion	3c12ca9f761eda2bc429	413	4503	4927	243
METHOD_ENTRY	com.badlogic.gdx.math.Quaternion#len(float,float,float,float):float	1640b92ab8a0e94d764f	413	4541	4965	285
METHOD_EXIT	com.badlogic.gdx.math.Quaternion#len(float,float,float,float):float	5d43b2355d5bc8db8466	455	4618	5084	295
METHOD_EXIT	com.badlogic.gdx.math.Quaternion#len():float	6b0f71c20856ba8b33b5	455	4576	5042	306
METHOD_EXIT	com.badlogic.gdx.math.Quaternion#set(float,float,float,float):Quaternion	4dba6421bacb96b066f2	455	4617	5083	239
METHOD_ENTRY	com.badlogic.gdx.math.Quaternion#len():float	c96a42450a82259552ca	413	4502	4926	227
METHOD_ENTRY	com.badlogic.gdx.math.Quaternion#toString():String	2fdc32886932ab1f5b62	413	4503	4927	185
METHOD_EXIT	com.badlogic.gdx.math.Quaternion#setEulerAngles(float,float,float):Quaternion	529563cab3e685334209	455	4620	5086	287
METHOD_ENTRY	com.badlogic.gdx.math.Quaternion#setEulerAnglesRad(float,float,float):Quaternion	dc938871147b01b1ab71	413	4913	5337	293
METHOD_EXIT	com.badlogic.gdx.math.Quaternion#setEulerAnglesRad(float,float,float):Quaternion	6126563f0cd0ed648822	455	4990	5456	301
METHOD_ENTRY	com.badlogic.gdx.math.Quaternion#getRollRad():float	27566ba1ae632f4f1a9d	413	4554	4978	167
METHOD_EXIT	com.badlogic.gdx.math.Quaternion#getGimbalPole():int	e9fa638abee96602a7f0	455	4600	5066	396
METHOD_EXIT	com.badlogic.gdx.math.Quaternion#toString():String	d689c11cfcdfb2d6c1c7	455	4577	5043	223
METHOD_EXIT	com.badlogic.gdx.math.Quaternion#getRollRad():float	4f8de9bb844718a5154a	455	4628	5094	123
METHOD_ENTRY	com.badlogic.gdx.math.Quaternion#getGimbalPole():int	48b2a2fada43b6adef38	413	4526	4950	269
METHOD_ENTRY	com.badlogic.gdx.math.Quaternion#getRoll():float	ddee67c09524020fed1e	413	4495	4919	248
METHOD_ENTRY	com.badlogic.gdx.math.Quaternion#setEulerAngles(float,float,float):Quaternion	a4e36eeeb6368ce5fe2a	413	4543	4967	329
METHOD_ENTRY	com.badlogic.gdx.math.Quaternion#getPitchRad():float	6fcbc86acc73c70cd697	413	4546	4970	241
METHOD_EXIT	com.badlogic.gdx.math.Quaternion#getRoll():float	fa8d695e0a9657221272	455	4569	5035	244
METHOD_EXIT	com.badlogic.gdx.math.Quaternion#getPitchRad():float	85928665dd2221d33372	455	4620	5086	373
METHOD_EXIT	com.badlogic.gdx.math.Quaternion#getPitch():float	0db644efa8adc7e09a3e	455	4569	5035	127
METHOD_EXIT	com.badlogic.gdx.math.Quaternion#getYawRad():float	80456c33fea01b57f472	455	4607	5073	345
METHOD_ENTRY	com.badlogic.gdx.math.Quaternion#len2(float,float,float,float):float	a2d40ad9f85686850969	413	4539	4963	266
METHOD_EXIT	com.badlogic.gdx.math.Quaternion#getYaw():float	7c8d4602e008e40a2c10	455	4569	5035	255
METHOD_EXIT	com.badlogic.gdx.math.Quaternion#len2(float,float,float,float):float	df0ad04367c2ee2f784d	455	4616	5082	244
METHOD_ENTRY	com.badlogic.gdx.math.Quaternion#getYawRad():float	c6a9ac48e0ab96d086ee	413	4533	4957	316
METHOD_ENTRY	com.badlogic.gdx.math.Quaternion#getYaw():float	416ae6c252ed0c28b85b	413	4495	4919	158
METHOD_ENTRY	com.badlogic.gdx.math.Quaternion#getPitch():float	2af32ec34d943f03e895	413	4495	4919	268
METHOD_ENTRY	com.badlogic.gdx.math.Quaternion#len2():float	a0a494d79a0391b88cfb	413	4500	4924	335
METHOD_EXIT	com.badlogic.gdx.math.Quaternion#len2():float	7490aa02f82274d67092	455	4574	5040	245
METHOD_EXIT	com.badlogic.gdx.math.Quaternion#nor():Quaternion	ff48d225a66552ff3809	455	4618	5084	288
METHOD_ENTRY	com.badlogic.gdx.math.Quaternion#nor():Quaternion	016ec1e6f3c35945d395	413	4544	4968	259
METHOD_ENTRY	com.badlogic.gdx.math.Quaternion#conjugate():Quaternion	2dda9317885ed5e0fea3	413	4505	4929	307
METHOD_EXIT	com.badlogic.gdx.math.Quaternion#conjugate():Quaternion	4c81ac9633c29c5cde95	455	4579	5045	238
METHOD_ENTRY	com.badlogic.gdx.math.Quaternion#transform(Vector3):Vector3	2377f0fbb951b4bd7836	413	4556	4980	194
METHOD_ENTRY	com.badlogic.gdx.math.Quaternion#mul(Quaternion):Quaternion	858480de9b2687f706fd	413	4640	5064	122
METHOD_EXIT	com.badlogic.gdx.math.Quaternion#mul(Quaternion):Quaternion	fe18d156c077d662be40	455	4717	5183	338
METHOD_EXIT	com.badlogic.gdx.math.Quaternion#mul(float,float,float,float):Quaternion	f5d28d8cb9e1631fd582	455	4730	5196	316
METHOD_ENTRY	com.badlogic.gdx.math.Quaternion#mul(float,float,float,float):Quaternion	50329712495b7ec397c2	413	4653	5077	244
METHOD_ENTRY	com.badlogic.gdx.math.Quaternion#mulLeft(Quaternion):Quaternion	6f8fc5ea72d860dd7880	413	4641	5065	297
METHOD_EXIT	com.badlogic.gdx.math.Quaternion#mulLeft(Quaternion):Quaternion	e0b73568063001748ae5	455	4718	5184	348
METHOD_ENTRY	com.badlogic.gdx.math.Quaternion#mulLeft(float,float,float,float):Quaternion	c0780d0c6ee60635f4dc	413	4655	5079	193
METHOD_EXIT	com.badlogic.gdx.math.Quaternion#transform(Vector3):Vector3	3065293c2be1904bab11	455	4634	5100	309
METHOD_EXIT	com.badlogic.gdx.math.Quaternion#mulLeft(float,float,float,float):Quaternion	ad33e2f2a19cb6eca70f	455	4732	5198	287
METHOD_ENTRY	com.badlogic.gdx.math.Quaternion#add(Quaternion):Quaternion	d62355b294f4ab45322e	413	4519	4943	216
METHOD_EXIT	com.badlogic.gdx.math.Quaternion#add(Quaternion):Quaternion	7eed8837dd0c0cbc892d	455	4596	5062	263
METHOD_ENTRY	com.badlogic.gdx.math.Quaternion#add(float,float,float,float):Quaternion	6b30f76f56e94f0050d1	413	4550	4974	246
METHOD_EXIT	com.badlogic.gdx.math.Quaternion#add(float,float,float,float):Quaternion	97c408a32b28030f966d	455	4627	5093	239
METHOD_ENTRY	com.badlogic.gdx.math.Quaternion#toMatrix(float[]):void	77561d8c6dcb225d4024	413	4829	5253	305
METHOD_EXIT	com.badlogic.gdx.math.Quaternion#toMatrix(float[]):void	2952e74f7241d0d797b4	455	4840	5306	379
METHOD_EXIT	com.badlogic.gdx.math.Quaternion#idt():Quaternion	71e2ee5ee122238e522e	455	4571	5037	192
METHOD_ENTRY	com.badlogic.gdx.math.Quaternion#isIdentity():boolean	c6dd3cdc6b767369d661	413	4515	4939	211
METHOD_EXIT	com.badlogic.gdx.math.Quaternion#isIdentity():boolean	d8a1895f31b1929fc5fe	455	4589	5055	491
METHOD_ENTRY	com.badlogic.gdx.math.Quaternion#isIdentity(float):boolean	1415f8a04c8958200e96	413	4532	4956	400
METHOD_EXIT	com.badlogic.gdx.math.Quaternion#isIdentity(float):boolean	256e683ae5281a6c9436	455	4609	5075	290
METHOD_ENTRY	com.badlogic.gdx.math.Quaternion#idt():Quaternion	a45fd67c01a3c814e3f3	413	4497	4921	234
METHOD_EXIT	com.badlogic.gdx.math.Quaternion#setFromAxis(Vector3,float):Quaternion	988c31c5b1d2d05ddf88	455	4596	5062	336
METHOD_ENTRY	com.badlogic.gdx.math.Quaternion#setFromAxis(Vector3,float):Quaternion	71b747709a0ee0d3979c	413	4519	4943	304
METHOD_ENTRY	com.badlogic.gdx.math.Quaternion#setFromAxisRad(Vector3,float):Quaternion	172e23372b1ff3f1f498	413	4522	4946	256
METHOD_EXIT	com.badlogic.gdx.math.Quaternion#setFromAxisRad(Vector3,float):Quaternion	0fa8576a8a0826ed1b7c	455	4599	5065	353
METHOD_ENTRY	com.badlogic.gdx.math.Quaternion#setFromAxis(float,float,float,float):Quaternion	bed252bc316ffe1ad2e4	413	4541	4965	251
METHOD_EXIT	com.badlogic.gdx.math.Quaternion#setFromAxis(float,float,float,float):Quaternion	1ba3324f7bf93db344ef	455	4618	5084	305
METHOD_ENTRY	com.badlogic.gdx.math.Quaternion#setFromAxisRad(float,float,float,float):Quaternion	d7cd710a9c2ed8467693	413	4653	5077	362
METHOD_ENTRY	com.badlogic.gdx.math.Quaternion#setFromMatrix(boolean,Matrix4):Quaternion	8625a663729537ca4f54	413	4587	5011	273
METHOD_EXIT	com.badlogic.gdx.math.Quaternion#setFromMatrix(boolean,Matrix4):Quaternion	12e72323f3913744472c	455	4664	5130	368
METHOD_ENTRY	com.badlogic.gdx.math.Quaternion#setFromMatrix(Matrix4):Quaternion	d59b1274751007ed5f20	413	4501	4925	273
METHOD_EXIT	com.badlogic.gdx.math.Quaternion#setFromMatrix(Matrix4):Quaternion	c1704564ca563e62cd7f	455	4578	5044	330
METHOD_ENTRY	com.badlogic.gdx.math.Quaternion#setFromMatrix(boolean,Matrix3):Quaternion	2e75141c6944d218b8b6	413	4587	5011	243
METHOD_EXIT	com.badlogic.gdx.math.Quaternion#setFromMatrix(boolean,Matrix3):Quaternion	9a9184f62592330217b6	455	4664	5130	319
METHOD_EXIT	com.badlogic.gdx.math.Quaternion#setFromAxisRad(float,float,float,float):Quaternion	71758248e001a045beaa	455	4730	5196	327
METHOD_ENTRY	com.badlogic.gdx.math.Quaternion#setFromMatrix(Matrix3):Quaternion	3ec9376c7e4c28718521	413	4501	4925	200
METHOD_EXIT	com.badlogic.gdx.math.Quaternion#setFromMatrix(Matrix3):Quaternion	423d8b6ac2addd22b5b9	455	4578	5044	353
METHOD_EXIT	com.badlogic.gdx.math.Quaternion#setFromAxes(float,float,float,float,float,float,float,float,float):Quaternion	749b662b7a94caf9d04e	455	4669	5135	338
METHOD_ENTRY	com.badlogic.gdx.math.Quaternion#setFromAxes(float,float,float,float,float,float,float,float,float):Quaternion	d0792ca5d1b8d0ae762a	413	4592	5016	245
METHOD_ENTRY	com.badlogic.gdx.math.Quaternion#setFromAxes(boolean,float,float,float,float,float,float,float,float,float):Quaternion	66ad2d0108845b61c73a	413	5165	5589	227
METHOD_EXIT	com.badlogic.gdx.math.Quaternion#setFromAxes(boolean,float,float,float,float,float,float,float,float,float):Quaternion	9e8458d0b64ea51768e5	455	5242	5708	438
METHOD_ENTRY	com.badlogic.gdx.math.Quaternion#setFromCross(Vector3,Vector3):Quaternion	989587adbcf2caa8264c	413	4602	5026	281
METHOD_ENTRY	com.badlogic.gdx.math.Quaternion#setFromCross(float,float,float,float,float,float):Quaternion	512260a22e3fd3422614	413	4647	5071	382
METHOD_EXIT	com.badlogic.gdx.math.Quaternion#setFromCross(float,float,float,float,float,float):Quaternion	c1fdbf6bc5aa7b76843f	455	4724	5190	398
METHOD_ENTRY	com.badlogic.gdx.math.Quaternion#slerp(Quaternion,float):Quaternion	7f56c110357b1f193797	413	4870	5294	252
METHOD_EXIT	com.badlogic.gdx.math.Quaternion#slerp(Quaternion,float):Quaternion	3b47ca62e00fd610007b	455	4947	5413	342
METHOD_EXIT	com.badlogic.gdx.math.Quaternion#setFromCross(Vector3,Vector3):Quaternion	5c5dbbbca01f41d6f0be	455	4679	5145	251
METHOD_ENTRY	com.badlogic.gdx.math.Quaternion#slerp(Quaternion[]):Quaternion	d735b7650d0518e3cb0d	413	4565	4989	166
METHOD_EXIT	com.badlogic.gdx.math.Quaternion#slerp(Quaternion[]):Quaternion	cfd0b80849cedb189cb1	455	4642	5108	291
METHOD_ENTRY	com.badlogic.gdx.math.Quaternion#slerp(Quaternion[],float[]):Quaternion	8a171fb6325accb36868	413	4565	4989	217
METHOD_ENTRY	com.badlogic.gdx.math.Quaternion#exp(float):Quaternion	f7614c499cdd5445cd11	413	4680	5104	185
METHOD_EXIT	com.badlogic.gdx.math.Quaternion#slerp(Quaternion[],float[]):Quaternion	b5d12917f564ab0f87b1	455	4642	5108	307
METHOD_EXIT	com.badlogic.gdx.math.Quaternion#exp(float):Quaternion	e0b0cad120966de7c744	455	4757	5223	312
METHOD_ENTRY	com.badlogic.gdx.math.Quaternion#hashCode():int	7552789fa205810f5f02	413	4567	4991	177
METHOD_ENTRY	com.badlogic.gdx.math.Quaternion#equals(Object):boolean	bbcb7a838f5953b821f7	413	4637	5061	299
METHOD_EXIT	com.badlogic.gdx.math.Quaternion#equals(Object):boolean	fe3e39785a9456b0ec64	455	4714	5180	355
METHOD_ENTRY	com.badlogic.gdx.math.Quaternion#dot(float,float,float,float,float,float,float,float):float	08a76e09f6548a1d0355	413	4602	5026	286
METHOD_EXIT	com.badlogic.gdx.math.Quaternion#hashCode():int	293569b50e2142b7d0f9	455	4641	5107	401
METHOD_EXIT	com.badlogic.gdx.math.Quaternion#dot(float,float,float,float,float,float,float,float):float	68f93d669de7c83d6a05	455	4679	5145	463
METHOD_ENTRY	com.badlogic.gdx.math.Quaternion#dot(Quaternion):float	b81f003e477ca0926b8a	413	4514	4938	337
METHOD_EXIT	com.badlogic.gdx.math.Quaternion#dot(Quaternion):float	39ccd1c17ae1c5dbeb8b	455	4591	5057	270
METHOD_ENTRY	com.badlogic.gdx.math.Quaternion#dot(float,float,float,float):float	c9de87f676bc82c8870e	413	4539	4963	236
METHOD_EXIT	com.badlogic.gdx.math.Quaternion#dot(float,float,float,float):float	8abf2be8c5130436486b	455	4616	5082	191
METHOD_ENTRY	com.badlogic.gdx.math.Quaternion#mul(float):Quaternion	cc02d5a7f48f6a20e73b	413	4514	4938	194
METHOD_EXIT	com.badlogic.gdx.math.Quaternion#mul(float):Quaternion	575c26cd3992ff3264a3	455	4591	5057	240
METHOD_EXIT	com.badlogic.gdx.math.Quaternion#getAxisAngle(Vector3):float	c38044e2b108d1577dde	455	4585	5051	334
METHOD_EXIT	com.badlogic.gdx.math.Quaternion#getAxisAngleRad(Vector3):float	f2ac40fce22848bf824d	455	4802	5268	349
METHOD_ENTRY	com.badlogic.gdx.math.Quaternion#getAxisAngleRad(Vector3):float	2081453e5851534bb92c	413	4725	5149	131
METHOD_EXIT	com.badlogic.gdx.math.Quaternion#getAngleRad():float	fa4731b021ea6d3d60ba	455	4587	5053	445
METHOD_ENTRY	com.badlogic.gdx.math.Quaternion#getAxisAngle(Vector3):float	1c42b80253cda4365f46	413	4508	4932	287
METHOD_ENTRY	com.badlogic.gdx.math.Quaternion#getAngleRad():float	fa53d48ac940c5d32b29	413	4513	4937	344
METHOD_ENTRY	com.badlogic.gdx.math.Quaternion#getAngle():float	d3de1ac9a1fd37a8d107	413	4495	4919	316
METHOD_EXIT	com.badlogic.gdx.math.Quaternion#getAngle():float	e674f013a08c6d064384	455	4569	5035	335
METHOD_ENTRY	com.badlogic.gdx.math.Quaternion#getSwingTwist(float,float,float,Quaternion,Quaternion):void	74f1582efe33239f13ee	413	4620	5044	338
METHOD_EXIT	com.badlogic.gdx.math.Quaternion#getSwingTwist(float,float,float,Quaternion,Quaternion):void	dc3e421b43e2c3ddde6d	455	4631	5097	346
METHOD_ENTRY	com.badlogic.gdx.math.Quaternion#getSwingTwist(Vector3,Quaternion,Quaternion):void	ef9f4092b2a6c39aac50	413	4535	4959	263
METHOD_EXIT	com.badlogic.gdx.math.Quaternion#getSwingTwist(Vector3,Quaternion,Quaternion):void	135d175ca73eeb26c8bc	455	4546	5012	278
METHOD_ENTRY	com.badlogic.gdx.math.Quaternion#getAngleAroundRad(Vector3):float	1eed09d0cdd7ea908113	413	4510	4934	292
METHOD_EXIT	com.badlogic.gdx.math.Quaternion#getAngleAroundRad(float,float,float):float	363710a1662b18e1dbbf	455	4708	5174	350
METHOD_EXIT	com.badlogic.gdx.math.Quaternion#getAngleAroundRad(Vector3):float	0a887ae4ec0496cbb758	455	4587	5053	264
METHOD_ENTRY	com.badlogic.gdx.math.CumulativeDistribution#add(T,float):void	8a2c03c89b5991b63602	413	887	1311	155
METHOD_EXIT	com.badlogic.gdx.math.CumulativeDistribution#add(T,float):void	d986adcbe7eaba69b3bf	455	898	1364	286
METHOD_ENTRY	com.badlogic.gdx.math.CumulativeDistribution#add(T):void	45edc8a40c547466c7dd	413	876	1300	177
METHOD_EXIT	com.badlogic.gdx.math.CumulativeDistribution#add(T):void	3706cffda41c23e3ec23	455	887	1353	261
METHOD_ENTRY	com.badlogic.gdx.math.CumulativeDistribution#generate():void	41321900bbdc9400c773	413	900	1324	246
METHOD_EXIT	com.badlogic.gdx.math.CumulativeDistribution#generate():void	75d04cc0635f586d9ab5	455	911	1377	313
METHOD_ENTRY	com.badlogic.gdx.math.CumulativeDistribution#generateNormalized():void	611e137ba7dc96d91352	413	945	1369	214
METHOD_EXIT	com.badlogic.gdx.math.CumulativeDistribution#generateNormalized():void	306bff8ae23ff2478267	455	956	1422	296
METHOD_ENTRY	com.badlogic.gdx.math.Quaternion#getAngleAroundRad(float,float,float):float	8fb48279e9014934dc08	413	4631	5055	253
METHOD_ENTRY	com.badlogic.gdx.math.CumulativeDistribution#generateUniform():void	eee300701c318170448a	413	924	1348	288
METHOD_EXIT	com.badlogic.gdx.math.CumulativeDistribution#generateUniform():void	bad8d5e58c5a63ed1639	455	935	1401	365
METHOD_ENTRY	com.badlogic.gdx.math.CumulativeDistribution#value():T	4ed9708f2138b09ef6db	413	861	1285	348
METHOD_ENTRY	com.badlogic.gdx.math.CumulativeDistribution#value(float):T	149f1d2bf5e3d9fb4b73	413	978	1402	277
METHOD_EXIT	com.badlogic.gdx.math.Quaternion#getAngleAround(float,float,float):float	53d24f796f055ae87d55	455	4616	5082	360
METHOD_EXIT	com.badlogic.gdx.math.CumulativeDistribution#value(float):T	e248d968a0612fb2c756	455	1055	1521	254
METHOD_EXIT	com.badlogic.gdx.math.CumulativeDistribution#value():T	94611201011de544d1c3	455	935	1401	233
METHOD_ENTRY	com.badlogic.gdx.math.CumulativeDistribution#size():int	e333b11a422a1b349bf4	413	859	1283	187
METHOD_EXIT	com.badlogic.gdx.math.CumulativeDistribution#size():int	60ae390ed79649001e69	455	933	1399	94
METHOD_ENTRY	com.badlogic.gdx.math.CumulativeDistribution#getInterval(int):float	3f30fd866aeed7b3a7dc	413	869	1293	147
METHOD_ENTRY	com.badlogic.gdx.math.CumulativeDistribution#getValue(int):T	8df31d613ed69b1a4691	413	869	1293	192
METHOD_ENTRY	com.badlogic.gdx.math.Quaternion#getAngleAround(Vector3):float	be3bc664ae467324687f	413	4507	4931	289
METHOD_EXIT	com.badlogic.gdx.math.Quaternion#getAngleAround(Vector3):float	41cb8287adb4b0edc78e	455	4584	5050	329
METHOD_EXIT	com.badlogic.gdx.math.CumulativeDistribution#getValue(int):T	81c0983e96b6f5e7b387	455	946	1412	216
METHOD_ENTRY	com.badlogic.gdx.math.CumulativeDistribution#setInterval(T,float):void	c166ff599d55c27f2387	413	906	1330	242
METHOD_EXIT	com.badlogic.gdx.math.CumulativeDistribution#clear():void	e5d9c69a7d0d6b5c0c06	455	869	1335	63
METHOD_EXIT	com.badlogic.gdx.math.CumulativeDistribution#setInterval(T,float):void	0083f00fa73f768d717a	455	917	1383	203
METHOD_ENTRY	com.badlogic.gdx.math.CumulativeDistribution#setInterval(int,float):void	da29c71931b4c6c386c4	413	882	1306	148
METHOD_ENTRY	com.badlogic.gdx.math.CumulativeDistribution#clear():void	9c9bd4e21bd5f309b250	413	858	1282	235
METHOD_EXIT	com.badlogic.gdx.math.CumulativeDistribution#setInterval(int,float):void	0d756110ed408267e528	455	893	1359	271
METHOD_EXIT	com.badlogic.gdx.math.CumulativeDistribution#getInterval(int):float	c240ed5cc675573a22c0	455	946	1412	216
METHOD_ENTRY	com.badlogic.gdx.math.Quaternion#getAngleAround(float,float,float):float	dccfcf44d37b8f783326	413	4539	4963	358
METHOD_ENTRY	com.badlogic.gdx.math.ConvexHull#computePolygon(FloatArray,boolean):FloatArray	1032813c9f7a3c4557ea	413	948	1372	183
METHOD_EXIT	com.badlogic.gdx.math.ConvexHull#computePolygon(FloatArray,boolean):FloatArray	22360375ab5d03f32381	455	1026	1492	233
METHOD_EXIT	com.badlogic.gdx.math.ConvexHull#computePolygon(float[],boolean):FloatArray	acfcc4c32fbbe6f2057e	455	1024	1490	199
METHOD_ENTRY	com.badlogic.gdx.math.ConvexHull#computePolygon(float[],boolean):FloatArray	887fec54b5f5c106a14e	413	946	1370	203
METHOD_EXIT	com.badlogic.gdx.math.ConvexHull#computePolygon(float[],int,int,boolean):FloatArray	7a847e2b85b8cee43f8a	455	1301	1767	240
METHOD_ENTRY	com.badlogic.gdx.math.ConvexHull#computePolygon(float[],int,int,boolean):FloatArray	ffb6ed0e947d965899eb	413	1223	1647	263
METHOD_ENTRY	com.badlogic.gdx.math.ConvexHull#computeIndices(FloatArray,boolean,boolean):IntArray	49b704ebf4207da345c1	413	963	1387	236
METHOD_ENTRY	com.badlogic.gdx.math.ConvexHull#computeIndices(float[],boolean,boolean):IntArray	0a5ea5cc2c3c99e4c465	413	961	1385	213
METHOD_EXIT	com.badlogic.gdx.math.ConvexHull#computeIndices(float[],boolean,boolean):IntArray	f04b94f5a0552cd7805a	455	1039	1505	237
METHOD_ENTRY	com.badlogic.gdx.math.ConvexHull#computeIndices(float[],int,int,boolean,boolean):IntArray	1941cc4fcda295a5acce	413	1400	1824	229
METHOD_EXIT	com.badlogic.gdx.math.ConvexHull#computeIndices(float[],int,int,boolean,boolean):IntArray	b65d77e916446deb6a9b	455	1478	1944	309
METHOD_ENTRY	com.badlogic.gdx.math.ConvexHull#ccw(float,float):float	387db9a44d97a2cd3566	413	1041	1465	56
METHOD_EXIT	com.badlogic.gdx.math.ConvexHull#ccw(float,float):float	bfa2db5e809ef1c27c8c	455	1118	1584	379
METHOD_EXIT	com.badlogic.gdx.math.ConvexHull#computeIndices(FloatArray,boolean,boolean):IntArray	a72bc5a7cb2c5c5404a5	455	1041	1507	234
METHOD_EXIT	com.badlogic.gdx.math.ConvexHull#sort(float[],int):void	49da1d9d241b01ea65af	455	1096	1562	433
METHOD_ENTRY	com.badlogic.gdx.math.ConvexHull#quicksortPartition(float[],int,int):int	71d0d28d6c8cc460377c	413	1200	1624	194
METHOD_EXIT	com.badlogic.gdx.math.ConvexHull#quicksortPartition(float[],int,int):int	dee62147c83a8fb7ba5f	455	1277	1743	301
METHOD_ENTRY	com.badlogic.gdx.math.ConvexHull#sortWithIndices(float[],int,boolean):void	25ca0380504ec2149c11	413	1172	1596	205
METHOD_EXIT	com.badlogic.gdx.math.ConvexHull#sortWithIndices(float[],int,boolean):void	4bc2fbf3304adb3efb61	455	1183	1649	236
METHOD_ENTRY	com.badlogic.gdx.math.ConvexHull#quicksortPartitionWithIndices(float[],int,int,boolean,short[]):int	26055e7502bab20572de	413	1390	1814	251
METHOD_ENTRY	com.badlogic.gdx.math.ConvexHull#sort(float[],int):void	f536d0352d30c0d89c25	413	1085	1509	216
METHOD_EXIT	com.badlogic.gdx.math.ConvexHull#quicksortPartitionWithIndices(float[],int,int,boolean,short[]):int	2175d0e0f894f0844fd1	455	1467	1933	345
METHOD_ENTRY	com.badlogic.gdx.math.Vector2#cpy():Vector2	cecd335b7f34d109f747	413	2571	2995	249
METHOD_ENTRY	com.badlogic.gdx.math.Vector2#len(float,float):float	a87ff4bd8b8067963444	413	2589	3013	166
METHOD_EXIT	com.badlogic.gdx.math.Vector2#len(float,float):float	f20d41153a613eb18781	455	2666	3132	316
METHOD_EXIT	com.badlogic.gdx.math.Vector2#cpy():Vector2	1ad49e7dbecc18cdef01	455	2646	3112	259
METHOD_ENTRY	com.badlogic.gdx.math.Vector2#len():float	0f5f56cfbc5b26db1575	413	2575	2999	221
METHOD_EXIT	com.badlogic.gdx.math.Vector2#len():float	3c2a15faead3e3b99739	455	2649	3115	253
METHOD_ENTRY	com.badlogic.gdx.math.Vector2#len2(float,float):float	b3af749fe8c7fd78881a	413	2587	3011	258
METHOD_EXIT	com.badlogic.gdx.math.Vector2#len2():float	b6bbe0a80954841d322f	455	2647	3113	227
METHOD_ENTRY	com.badlogic.gdx.math.Vector2#set(Vector2):Vector2	a3aa0e8629565af07831	413	2587	3011	174
METHOD_ENTRY	com.badlogic.gdx.math.Vector2#len2():float	37909d1f84a82f0b40b5	413	2573	2997	292
METHOD_EXIT	com.badlogic.gdx.math.Vector2#set(Vector2):Vector2	248573dcd78442ba2314	455	2665	3131	295
METHOD_ENTRY	com.badlogic.gdx.math.Vector2#set(float,float):Vector2	514f0059b99657838d29	413	2591	3015	220
METHOD_EXIT	com.badlogic.gdx.math.Vector2#set(float,float):Vector2	6238a2fb6a47eb163291	455	2669	3135	258
METHOD_EXIT	com.badlogic.gdx.math.Vector2#len2(float,float):float	c27ee84774ddc7b401a6	455	2664	3130	341
METHOD_EXIT	com.badlogic.gdx.math.Vector2#sub(Vector2):Vector2	8c3b5b1d5e3cd9f3830f	455	2666	3132	316
METHOD_ENTRY	com.badlogic.gdx.math.Vector2#sub(float,float):Vector2	589d5bc994909c3e7aac	413	2592	3016	205
METHOD_EXIT	com.badlogic.gdx.math.Vector2#sub(float,float):Vector2	5a917d63db4bdd3c6238	455	2670	3136	345
METHOD_EXIT	com.badlogic.gdx.math.Vector2#nor():Vector2	b897063450dc9d1021ec	455	2670	3136	267
METHOD_ENTRY	com.badlogic.gdx.math.Vector2#nor():Vector2	a217afca668355bb990d	413	2595	3019	57
METHOD_ENTRY	com.badlogic.gdx.math.Vector2#add(Vector2):Vector2	e55a7b4940b27f4dcb74	413	2588	3012	248
METHOD_ENTRY	com.badlogic.gdx.math.Vector2#sub(Vector2):Vector2	79f260fd4070395101c7	413	2588	3012	276
METHOD_ENTRY	com.badlogic.gdx.math.Vector2#add(float,float):Vector2	d18e2dcadf73bae64b2c	413	2592	3016	259
METHOD_ENTRY	com.badlogic.gdx.math.Vector2#dot(float,float,float,float):float	a24f37bac49074285a35	413	2615	3039	266
METHOD_EXIT	com.badlogic.gdx.math.Vector2#add(float,float):Vector2	bd8e554c1fd60317233f	455	2670	3136	270
METHOD_EXIT	com.badlogic.gdx.math.Vector2#dot(float,float,float,float):float	228314cdf4bd0dde3fb5	455	2692	3158	261
METHOD_ENTRY	com.badlogic.gdx.math.Vector2#dot(Vector2):float	6db31fb482b81b3cba2e	413	2582	3006	207
METHOD_EXIT	com.badlogic.gdx.math.Vector2#dot(Vector2):float	f368ee73edd93707bc45	455	2659	3125	340
METHOD_EXIT	com.badlogic.gdx.math.Vector2#add(Vector2):Vector2	4c261b82b2f8eeebaa79	455	2666	3132	337
METHOD_EXIT	com.badlogic.gdx.math.Vector2#dot(float,float):float	0a120cac00154bf7b997	455	2661	3127	213
METHOD_ENTRY	com.badlogic.gdx.math.Vector2#scl(float):Vector2	ce8c560db08a2f59bd0f	413	2584	3008	225
METHOD_EXIT	com.badlogic.gdx.math.Vector2#scl(float):Vector2	31f26cc84b16ca700abd	455	2662	3128	290
METHOD_ENTRY	com.badlogic.gdx.math.Vector2#scl(float,float):Vector2	969705e0b274fefb264f	413	2593	3017	249
METHOD_ENTRY	com.badlogic.gdx.math.Vector2#dot(float,float):float	0b786f9e7b67f704de8c	413	2584	3008	241
METHOD_EXIT	com.badlogic.gdx.math.Vector2#scl(float,float):Vector2	0ae38322dac6af58b619	455	2671	3137	290
METHOD_ENTRY	com.badlogic.gdx.math.Vector2#scl(Vector2):Vector2	595219888b1e7224a078	413	2591	3015	231
METHOD_ENTRY	com.badlogic.gdx.math.Vector2#mulAdd(Vector2,Vector2):Vector2	b4fb989db1745b608807	413	2615	3039	292
METHOD_EXIT	com.badlogic.gdx.math.Vector2#mulAdd(Vector2,float):Vector2	2efac86d030147e09a8e	455	2683	3149	265
METHOD_ENTRY	com.badlogic.gdx.math.Vector2#mulAdd(Vector2,float):Vector2	2b7c90cd7c35bb5b486b	413	2605	3029	222
METHOD_EXIT	com.badlogic.gdx.math.Vector2#mulAdd(Vector2,Vector2):Vector2	949902b050214ceb8e56	455	2693	3159	287
METHOD_EXIT	com.badlogic.gdx.math.Vector2#idt(Vector2):boolean	e6b76e96502b5dc23bc5	455	2659	3125	257
METHOD_ENTRY	com.badlogic.gdx.math.Vector2#idt(Vector2):boolean	14a38feb84fecdb68490	413	2582	3006	258
METHOD_ENTRY	com.badlogic.gdx.math.Vector2#dst(float,float,float,float):float	0922fe9078febc0a3bae	413	2643	3067	204
METHOD_EXIT	com.badlogic.gdx.math.Vector2#scl(Vector2):Vector2	f25b32a5fa956be0c146	455	2669	3135	388
METHOD_EXIT	com.badlogic.gdx.math.Vector2#dst(float,float,float,float):float	f5777ec11ff61c157071	455	2720	3186	297
METHOD_ENTRY	com.badlogic.gdx.math.Vector2#dst(Vector2):float	374202bb71fe7d92e73f	413	2610	3034	262
METHOD_ENTRY	com.badlogic.gdx.math.Vector2#dst(float,float):float	81509b9bdf7490be691d	413	2614	3038	151
METHOD_EXIT	com.badlogic.gdx.math.Vector2#dst(Vector2):float	054cd483716a3c951e78	455	2687	3153	315
METHOD_EXIT	com.badlogic.gdx.math.Vector2#dst(float,float):float	996003927ec9d31272bb	455	2691	3157	274
METHOD_EXIT	com.badlogic.gdx.math.Vector2#dst2(float,float,float,float):float	65c3b9793c880d424374	455	2718	3184	264
METHOD_ENTRY	com.badlogic.gdx.math.Vector2#dst2(float,float):float	d7cf652d73691c90f234	413	2612	3036	281
METHOD_EXIT	com.badlogic.gdx.math.Vector2#dst2(Vector2):float	110a0d577cb3bca0dac1	455	2685	3151	276
METHOD_ENTRY	com.badlogic.gdx.math.Vector2#limit(float):Vector2	78451ec76edba503cef1	413	2577	3001	86
METHOD_EXIT	com.badlogic.gdx.math.Vector2#dst2(float,float):float	d24d6ef2385612e262bd	455	2689	3155	320
METHOD_ENTRY	com.badlogic.gdx.math.Vector2#dst2(float,float,float,float):float	5ddb3281f00095f953bc	413	2641	3065	248
METHOD_EXIT	com.badlogic.gdx.math.Vector2#limit(float):Vector2	4983f5a740c8763345fe	455	2655	3121	301
METHOD_ENTRY	com.badlogic.gdx.math.Vector2#dst2(Vector2):float	b0ed2a0eaded90223491	413	2608	3032	245
METHOD_ENTRY	com.badlogic.gdx.math.Vector2#limit2(float):Vector2	2b956cdd388be69171e1	413	2611	3035	186
METHOD_EXIT	com.badlogic.gdx.math.Vector2#limit2(float):Vector2	5ff830fe6c9b59e7a9b3	455	2689	3155	314
METHOD_ENTRY	com.badlogic.gdx.math.Vector2#setLength(float):Vector2	f063627b01706c5f2f09	413	2579	3003	133
METHOD_EXIT	com.badlogic.gdx.math.Vector2#clamp(float,float):Vector2	630ba8812b0aea122e6a	455	2743	3209	353
METHOD_ENTRY	com.badlogic.gdx.math.Vector2#clamp(float,float):Vector2	494331380c108fb7e9a5	413	2665	3089	264
METHOD_ENTRY	com.badlogic.gdx.math.Vector2#setLength2(float):Vector2	434e2982e10128af2f83	413	2615	3039	261
METHOD_ENTRY	com.badlogic.gdx.math.Vector2#toString():String	2f57438cbb2a79449dfc	413	2574	2998	268
METHOD_EXIT	com.badlogic.gdx.math.Vector2#setLength2(float):Vector2	c37589f0a1fe31c7b449	455	2693	3159	290
METHOD_ENTRY	com.badlogic.gdx.math.Vector2#mul(Matrix3):Vector2	ad114d0d5fb6f752f5f6	413	2640	3064	151
METHOD_EXIT	com.badlogic.gdx.math.Vector2#toString():String	e76712eb36409650e1e1	455	2648	3114	339
METHOD_EXIT	com.badlogic.gdx.math.Vector2#setLength(float):Vector2	d8c5a649206a03bffbcd	455	2657	3123	282
METHOD_EXIT	com.badlogic.gdx.math.Vector2#fromString(String):Vector2	1ec743831933c8f12725	455	2777	3243	295
METHOD_ENTRY	com.badlogic.gdx.math.Vector2#crs(Vector2):float	1f4ee445b0f5d9efd6c3	413	2584	3008	213
METHOD_EXIT	com.badlogic.gdx.math.Vector2#crs(Vector2):float	c45a45c30ecbf520e182	455	2661	3127	278
METHOD_EXIT	com.badlogic.gdx.math.Vector2#mul(Matrix3):Vector2	b579c62a6145a78cd62c	455	2718	3184	317
METHOD_ENTRY	com.badlogic.gdx.math.Vector2#crs(float,float):float	a4fcdd28b3be2fae9c96	413	2588	3012	238
METHOD_EXIT	com.badlogic.gdx.math.Vector2#crs(float,float):float	59edb2def6128134c5e2	455	2665	3131	291
METHOD_EXIT	com.badlogic.gdx.math.Vector2#angle():float	3792507ab696c5b23254	455	2674	3140	309
METHOD_EXIT	com.badlogic.gdx.math.Vector2#angle(Vector2):float	05a833b0c4e8fb62f919	455	2670	3136	283
METHOD_ENTRY	com.badlogic.gdx.math.Vector2#fromString(String):Vector2	4c8c5fe8bbfc6dc89d29	413	2699	3123	276
METHOD_ENTRY	com.badlogic.gdx.math.Vector2#angle(Vector2):float	d39621e97b9fd43a0886	413	2593	3017	250
METHOD_ENTRY	com.badlogic.gdx.math.Vector2#angleDeg():float	111085bba46840b563e9	413	2599	3023	166
METHOD_EXIT	com.badlogic.gdx.math.Vector2#angleDeg():float	dbaff13f34d7bd68ca5d	455	2673	3139	266
METHOD_ENTRY	com.badlogic.gdx.math.Vector2#angleDeg(Vector2):float	bd44ab01ceb2a49078eb	413	2613	3037	200
METHOD_EXIT	com.badlogic.gdx.math.Vector2#angleDeg(Vector2):float	c8da4ba68ebf75459501	455	2690	3156	335
METHOD_ENTRY	com.badlogic.gdx.math.Vector2#angleDeg(float,float):float	ab24985463f22d9a4bc8	413	2615	3039	224
METHOD_ENTRY	com.badlogic.gdx.math.Vector2#angleRad(Vector2):float	e4b7a0214143050a12de	413	2586	3010	155
METHOD_ENTRY	com.badlogic.gdx.math.Vector2#angleRad():float	409e258deb9e04e6cfdc	413	2572	2996	252
METHOD_EXIT	com.badlogic.gdx.math.Vector2#angleRad():float	987c905443ff0487556b	455	2646	3112	212
METHOD_EXIT	com.badlogic.gdx.math.Vector2#angleRad(Vector2):float	68eb56870da9c988dbeb	455	2663	3129	341
METHOD_ENTRY	com.badlogic.gdx.math.Vector2#angleRad(float,float):float	08fe2fd3089c61740f32	413	2588	3012	246
METHOD_ENTRY	com.badlogic.gdx.math.Vector2#angle():float	52c982c840b03e2ff819	413	2600	3024	131
METHOD_EXIT	com.badlogic.gdx.math.Vector2#angleRad(float,float):float	1b7b1a24bcc93a3200e5	455	2665	3131	278
METHOD_ENTRY	com.badlogic.gdx.math.Vector2#setAngle(float):Vector2	8f6bb7ec65970b5d800d	413	2586	3010	307
METHOD_EXIT	com.badlogic.gdx.math.Vector2#setAngle(float):Vector2	8f3c41d2580913bd9b14	455	2664	3130	353
METHOD_ENTRY	com.badlogic.gdx.math.Vector2#setAngleDeg(float):Vector2	b068a94fb8e0b970dc60	413	2585	3009	184
METHOD_EXIT	com.badlogic.gdx.math.Vector2#setAngleDeg(float):Vector2	5c46181a66e3f7ec3ed7	455	2663	3129	310
METHOD_ENTRY	com.badlogic.gdx.math.Vector2#setAngleRad(float):Vector2	698448662f1fa30fd1e8	413	2590	3014	154
METHOD_EXIT	com.badlogic.gdx.math.Vector2#angleDeg(float,float):float	42925fecc9a2341a98de	455	2692	3158	525
METHOD_ENTRY	com.badlogic.gdx.math.Vector2#rotate(float):Vector2	305fd1d50d82216103b9	413	2584	3008	61
METHOD_EXIT	com.badlogic.gdx.math.Vector2#rotate(float):Vector2	4cd457deee8f791939b1	455	2662	3128	263
METHOD_ENTRY	com.badlogic.gdx.math.Vector2#rotateAround(Vector2,float):Vector2	a107a061615b35167576	413	2598	3022	213
METHOD_EXIT	com.badlogic.gdx.math.Vector2#rotateAround(Vector2,float):Vector2	19c883ee63304f27794f	455	2676	3142	306
METHOD_ENTRY	com.badlogic.gdx.math.Vector2#rotateDeg(float):Vector2	7f08f66b32d14070ceef	413	2583	3007	123
METHOD_EXIT	com.badlogic.gdx.math.Vector2#rotateDeg(float):Vector2	9340bc0dbc02399a8811	455	2661	3127	353
METHOD_EXIT	com.badlogic.gdx.math.Vector2#rotateRad(float):Vector2	450b87bbc0344e87364b	455	2717	3183	287
METHOD_ENTRY	com.badlogic.gdx.math.Vector2#rotateAroundDeg(Vector2,float):Vector2	c0413ffc9f543d875ac9	413	2597	3021	202
METHOD_EXIT	com.badlogic.gdx.math.Vector2#setAngleRad(float):Vector2	00701564c45fbcaccd1e	455	2668	3134	334
METHOD_EXIT	com.badlogic.gdx.math.Vector2#rotateAroundDeg(Vector2,float):Vector2	22ef27ef562cc9c6aa81	455	2675	3141	274
METHOD_ENTRY	com.badlogic.gdx.math.Vector2#rotateAroundRad(Vector2,float):Vector2	ce5ac8ca5df6f154cd9b	413	2597	3021	286
METHOD_ENTRY	com.badlogic.gdx.math.Vector2#rotate90(int):Vector2	ec2777abd14667cba225	413	2621	3045	130
METHOD_EXIT	com.badlogic.gdx.math.Vector2#rotateAroundRad(Vector2,float):Vector2	280f1c14ac8dc3c3a054	455	2675	3141	258
METHOD_ENTRY	com.badlogic.gdx.math.Vector2#rotateRad(float):Vector2	9b13d1dc0f3907970d44	413	2639	3063	255
METHOD_ENTRY	com.badlogic.gdx.math.Vector2#lerp(Vector2,float):Vector2	fb63e4f04cc2113293c6	413	2635	3059	209
METHOD_EXIT	com.badlogic.gdx.math.Vector2#rotate90(int):Vector2	0c6033e6ca4dc5462673	455	2699	3165	319
METHOD_ENTRY	com.badlogic.gdx.math.Vector2#interpolate(Vector2,float,Interpolation):Vector2	d28dccb54776a0da1f33	413	2604	3028	215
METHOD_EXIT	com.badlogic.gdx.math.Vector2#interpolate(Vector2,float,Interpolation):Vector2	3e7b165c3109b035c9f9	455	2682	3148	315
METHOD_ENTRY	com.badlogic.gdx.math.Vector2#setToRandomDirection():Vector2	853e686740507c099078	413	2598	3022	44
METHOD_EXIT	com.badlogic.gdx.math.Vector2#lerp(Vector2,float):Vector2	0041c8532754991b5785	455	2713	3179	300
METHOD_EXIT	com.badlogic.gdx.math.Vector2#setToRandomDirection():Vector2	29245df5e4e74e17411e	455	2673	3139	341
METHOD_ENTRY	com.badlogic.gdx.math.Vector2#hashCode():int	bd779298e2e69e2da229	413	2612	3036	217
METHOD_EXIT	com.badlogic.gdx.math.Vector2#hashCode():int	028dfbc386c6fac31b21	455	2686	3152	415
METHOD_ENTRY	com.badlogic.gdx.math.Vector2#equals(Object):boolean	8990d4f0393992fa73d3	413	2663	3087	267
METHOD_EXIT	com.badlogic.gdx.math.Vector2#epsilonEquals(Vector2,float):boolean	7288fdd4257ee307d773	455	2704	3170	229
METHOD_EXIT	com.badlogic.gdx.math.Vector2#equals(Object):boolean	197edc3f76fb225edea6	455	2740	3206	411
METHOD_ENTRY	com.badlogic.gdx.math.Vector2#epsilonEquals(Vector2,float):boolean	6e65f97912b1482df11e	413	2627	3051	249
METHOD_EXIT	com.badlogic.gdx.math.Vector2#epsilonEquals(float,float,float):boolean	7fd6540b54e2311a1064	455	2698	3164	338
METHOD_ENTRY	com.badlogic.gdx.math.Vector2#epsilonEquals(float,float,float):boolean	13c395f5a30729c7002a	413	2621	3045	270
METHOD_ENTRY	com.badlogic.gdx.math.Vector2#epsilonEquals(Vector2):boolean	b752872f6af8ec5c4998	413	2585	3009	269
METHOD_EXIT	com.badlogic.gdx.math.Vector2#epsilonEquals(Vector2):boolean	8785c0d23077663fca50	455	2662	3128	292
METHOD_ENTRY	com.badlogic.gdx.math.Vector2#epsilonEquals(float,float):boolean	0c66226c7dac3934b09f	413	2592	3016	287
METHOD_EXIT	com.badlogic.gdx.math.Vector2#epsilonEquals(float,float):boolean	ba85162bb328ebdd7491	455	2669	3135	413
METHOD_EXIT	com.badlogic.gdx.math.Vector2#isUnit():boolean	6ca84a8c32e2a0e0a9b4	455	2649	3115	118
METHOD_ENTRY	com.badlogic.gdx.math.Vector2#isUnit():boolean	19e6aea854ccb47d5b98	413	2575	2999	246
METHOD_ENTRY	com.badlogic.gdx.math.Vector2#isUnit(float):boolean	96483be6fded69e4d720	413	2585	3009	248
METHOD_ENTRY	com.badlogic.gdx.math.Vector2#isZero():boolean	3315adf15b7b190587fa	413	2575	2999	281
METHOD_EXIT	com.badlogic.gdx.math.Vector2#isUnit(float):boolean	e34bbdcb3f38a95ea4c6	455	2662	3128	255
METHOD_EXIT	com.badlogic.gdx.math.Vector2#isZero():boolean	d4bb8bb41c2bd3789a06	455	2649	3115	222
METHOD_ENTRY	com.badlogic.gdx.math.Vector2#isZero(float):boolean	c0205a2a7a4dfcf4cb29	413	2578	3002	254
METHOD_EXIT	com.badlogic.gdx.math.Vector2#isZero(float):boolean	f4524dbd7d122228e0da	455	2655	3121	209
METHOD_ENTRY	com.badlogic.gdx.math.Vector2#isOnLine(Vector2):boolean	5200e0c36752110cff6a	413	2590	3014	264
METHOD_EXIT	com.badlogic.gdx.math.Vector2#isOnLine(Vector2):boolean	887988f780be8b2be1d3	455	2667	3133	332
METHOD_ENTRY	com.badlogic.gdx.math.Vector2#isOnLine(Vector2,float):boolean	7fd460f4d95a262ab182	413	2601	3025	46
METHOD_EXIT	com.badlogic.gdx.math.Vector2#isOnLine(Vector2,float):boolean	ebbf1b7c7fc3f6324d1c	455	2678	3144	314
METHOD_EXIT	com.badlogic.gdx.math.Vector2#isCollinear(Vector2,float):boolean	7a2b808ecd7daf48d8f1	455	2678	3144	285
METHOD_ENTRY	com.badlogic.gdx.math.Vector2#isCollinear(Vector2,float):boolean	74441cbbacdf7b9c7d1c	413	2601	3025	234
METHOD_ENTRY	com.badlogic.gdx.math.Vector2#isCollinear(Vector2):boolean	685669b3ebbd859d8c40	413	2590	3014	292
METHOD_EXIT	com.badlogic.gdx.math.Vector2#isCollinear(Vector2):boolean	1d041b1838c522539b0d	455	2667	3133	300
METHOD_ENTRY	com.badlogic.gdx.math.Vector2#isCollinearOpposite(Vector2):boolean	ada37524bc9658b2d965	413	2594	3018	356
METHOD_ENTRY	com.badlogic.gdx.math.Vector2#isCollinearOpposite(Vector2,float):boolean	54a44c34bf12cf9e529b	413	2605	3029	274
METHOD_EXIT	com.badlogic.gdx.math.Vector2#isCollinearOpposite(Vector2,float):boolean	469c185680fe9df88e00	455	2682	3148	256
METHOD_EXIT	com.badlogic.gdx.math.Vector2#isCollinearOpposite(Vector2):boolean	820d3e65ff485513bb89	455	2671	3137	278
METHOD_ENTRY	com.badlogic.gdx.math.Vector2#isPerpendicular(Vector2):boolean	e852da58597c676e30b7	413	2583	3007	216
METHOD_ENTRY	com.badlogic.gdx.math.Vector2#isPerpendicular(Vector2,float):boolean	128737414a785878bbbd	413	2594	3018	264
METHOD_EXIT	com.badlogic.gdx.math.Vector2#isPerpendicular(Vector2,float):boolean	baac7a32475c01bbe01a	455	2671	3137	285
METHOD_EXIT	com.badlogic.gdx.math.Vector2#isPerpendicular(Vector2):boolean	2f76cbc9444d26072372	455	2660	3126	303
METHOD_ENTRY	com.badlogic.gdx.math.Vector2#hasSameDirection(Vector2):boolean	da66f2952826b95d4e6d	413	2583	3007	238
METHOD_ENTRY	com.badlogic.gdx.math.Vector2#hasOppositeDirection(Vector2):boolean	e652902a44c3a311f2ee	413	2585	3009	243
METHOD_EXIT	com.badlogic.gdx.math.Vector2#hasSameDirection(Vector2):boolean	3d9225d5eb5ce528ae8a	455	2660	3126	284
METHOD_EXIT	com.badlogic.gdx.math.Vector2#hasOppositeDirection(Vector2):boolean	f66d3f0704f92e41094e	455	2662	3128	279
METHOD_ENTRY	com.badlogic.gdx.math.Vector2#setZero():Vector2	bec2a51c408c63871737	413	2582	3006	252
METHOD_EXIT	com.badlogic.gdx.math.Vector2#setZero():Vector2	9bd04fa5d9ed1ba61f43	455	2657	3123	205
METHOD_ENTRY	com.badlogic.gdx.math.Intersector#isPointInTriangle(Vector3,Vector3,Vector3,Vector3):boolean	624a9dbed8f3f0555810	413	4792	5216	311
METHOD_ENTRY	com.badlogic.gdx.math.Intersector#isPointInTriangle(Vector2,Vector2,Vector2,Vector2):boolean	4e866a1337bd1a032d2e	413	4725	5149	277
METHOD_EXIT	com.badlogic.gdx.math.Intersector#isPointInTriangle(Vector2,Vector2,Vector2,Vector2):boolean	4d8c695f856f38b62d88	455	4802	5268	378
METHOD_ENTRY	com.badlogic.gdx.math.Intersector#isPointInTriangle(float,float,float,float,float,float,float,float):boolean	58fda72890107ba6a2f7	413	4828	5252	201
METHOD_ENTRY	com.badlogic.gdx.math.Intersector#intersectSegmentPlane(Vector3,Vector3,Plane,Vector3):boolean	01cfa4beb95ec5562e9a	413	4780	5204	194
METHOD_EXIT	com.badlogic.gdx.math.Intersector#isPointInTriangle(float,float,float,float,float,float,float,float):boolean	a21debabd9f7390ff0eb	455	4905	5371	733
METHOD_EXIT	com.badlogic.gdx.math.Intersector#intersectSegmentPlane(Vector3,Vector3,Plane,Vector3):boolean	f46261472b4499207bf2	455	4857	5323	573
METHOD_EXIT	com.badlogic.gdx.math.Intersector#isPointInTriangle(Vector3,Vector3,Vector3,Vector3):boolean	147f021a7842b99c8509	455	4869	5335	362
METHOD_ENTRY	com.badlogic.gdx.math.Intersector#pointLineSide(Vector2,Vector2,Vector2):int	420454d91ae7ea167f95	413	4740	5164	515
METHOD_EXIT	com.badlogic.gdx.math.Intersector#pointLineSide(Vector2,Vector2,Vector2):int	b568335607480e33dc25	455	4817	5283	464
METHOD_ENTRY	com.badlogic.gdx.math.Intersector#isPointInPolygon(Array<Vector2>,Vector2):boolean	f9bcb59a3802a12893ae	413	4806	5230	273
METHOD_EXIT	com.badlogic.gdx.math.Intersector#isPointInPolygon(Array<Vector2>,Vector2):boolean	0f181041297c302e3ae4	455	4883	5349	294
METHOD_ENTRY	com.badlogic.gdx.math.Intersector#pointLineSide(float,float,float,float,float,float):int	7d86df7a82e33f1119a3	413	4778	5202	250
METHOD_EXIT	com.badlogic.gdx.math.Intersector#pointLineSide(float,float,float,float,float,float):int	7320e237e7ef8523c58f	455	4855	5321	408
METHOD_ENTRY	com.badlogic.gdx.math.Intersector#isPointInPolygon(float[],int,int,float,float):boolean	46d2a502207cf7b1cda5	413	4921	5345	254
METHOD_EXIT	com.badlogic.gdx.math.Intersector#isPointInPolygon(float[],int,int,float,float):boolean	e45d186d158154916b2f	455	4998	5464	404
METHOD_ENTRY	com.badlogic.gdx.math.Intersector#intersectPolygons(Polygon,Polygon,Polygon):boolean	cd5a5609260f9f424fb8	413	5414	5838	279
METHOD_EXIT	com.badlogic.gdx.math.Intersector#intersectPolygons(Polygon,Polygon,Polygon):boolean	2042b40c577bb854d36d	455	5491	5957	405
METHOD_ENTRY	com.badlogic.gdx.math.Intersector#intersectPolygons(FloatArray,FloatArray):boolean	bcab6ef9a8c457370bc8	413	4756	5180	293
METHOD_EXIT	com.badlogic.gdx.math.Intersector#intersectPolygons(FloatArray,FloatArray):boolean	b202ef6197541b9ac9f2	455	4833	5299	392
METHOD_ENTRY	com.badlogic.gdx.math.Intersector#distanceLinePoint(float,float,float,float,float,float):float	c7b1b88f30e734e5ea1a	413	4767	5191	318
METHOD_ENTRY	com.badlogic.gdx.math.Intersector#intersectPolygonEdges(FloatArray,FloatArray):boolean	7a492a2d267adb455b41	413	4904	5328	253
METHOD_EXIT	com.badlogic.gdx.math.Intersector#intersectPolygonEdges(FloatArray,FloatArray):boolean	8a39524c12b699368d9d	455	4981	5447	301
METHOD_EXIT	com.badlogic.gdx.math.Intersector#distanceLinePoint(float,float,float,float,float,float):float	489c3def4a1ff1f6ca24	455	4844	5310	389
METHOD_ENTRY	com.badlogic.gdx.math.Intersector#distanceSegmentPoint(float,float,float,float,float,float):float	349f0b0d642d9f19bb16	413	4742	5166	210
METHOD_EXIT	com.badlogic.gdx.math.Intersector#distanceSegmentPoint(float,float,float,float,float,float):float	5ae80f32a22c1fb991c2	455	4819	5285	404
METHOD_ENTRY	com.badlogic.gdx.math.Intersector#distanceSegmentPoint(Vector2,Vector2,Vector2):float	7daab4ac43ea1938af1c	413	4698	5122	273
METHOD_EXIT	com.badlogic.gdx.math.Intersector#distanceSegmentPoint(Vector2,Vector2,Vector2):float	ff5a51c4127280d7412e	455	4775	5241	282
METHOD_ENTRY	com.badlogic.gdx.math.Intersector#nearestSegmentPoint(Vector2,Vector2,Vector2,Vector2):Vector2	49959956a85d07d37906	413	4812	5236	125
METHOD_EXIT	com.badlogic.gdx.math.Intersector#nearestSegmentPoint(Vector2,Vector2,Vector2,Vector2):Vector2	b0bb203ba90f361f2994	455	4890	5356	350
METHOD_ENTRY	com.badlogic.gdx.math.Intersector#nearestSegmentPoint(float,float,float,float,float,float,Vector2):Vector2	111e5fbf05ab1db1f205	413	4884	5308	333
METHOD_EXIT	com.badlogic.gdx.math.Intersector#nearestSegmentPoint(float,float,float,float,float,float,Vector2):Vector2	9b73788bc9c4c32ab619	455	4962	5428	363
METHOD_ENTRY	com.badlogic.gdx.math.Intersector#intersectSegmentCircle(Vector2,Vector2,Vector2,float):boolean	9bf6a756aaa3bfe36641	413	4873	5297	285
METHOD_ENTRY	com.badlogic.gdx.math.Intersector#intersectSegmentCircle(Vector2,Vector2,Circle,MinimumTranslationVector):boolean	fb20714da3b525a1629c	413	4961	5385	237
METHOD_EXIT	com.badlogic.gdx.math.Intersector#intersectSegmentCircle(Vector2,Vector2,Vector2,float):boolean	905d2de88a47d411f534	455	4950	5416	364
METHOD_ENTRY	com.badlogic.gdx.math.Intersector#intersectFrustumBounds(Frustum,BoundingBox):boolean	2c4ddd81894120cfd1b8	413	4855	5279	303
METHOD_EXIT	com.badlogic.gdx.math.Intersector#intersectSegmentCircle(Vector2,Vector2,Circle,MinimumTranslationVector):boolean	e1f4a619edcadcc98960	455	5038	5504	387
METHOD_EXIT	com.badlogic.gdx.math.Intersector#intersectFrustumBounds(Frustum,BoundingBox):boolean	00731347ddebe6cabe01	455	4932	5398	631
METHOD_ENTRY	com.badlogic.gdx.math.Intersector#intersectFrustumBounds(Frustum,OrientedBoundingBox):boolean	99ef88a89290a0b64ae4	413	4787	5211	289
METHOD_ENTRY	com.badlogic.gdx.math.Intersector#intersectRayRay(Vector2,Vector2,Vector2,Vector2):float	fda315db24b81bf191d0	413	4826	5250	282
METHOD_EXIT	com.badlogic.gdx.math.Intersector#intersectRayPlane(Ray,Plane,Vector3):boolean	a5a7343d552b06987a19	455	4880	5346	478
METHOD_ENTRY	com.badlogic.gdx.math.Intersector#intersectRayPlane(Ray,Plane,Vector3):boolean	c61d4ff846e2a210877c	413	4803	5227	275
METHOD_EXIT	com.badlogic.gdx.math.Intersector#intersectRayRay(Vector2,Vector2,Vector2,Vector2):float	85ea28f8188ad10c6f94	455	4903	5369	481
METHOD_ENTRY	com.badlogic.gdx.math.Intersector#intersectLinePlane(float,float,float,float,float,float,Plane,Vector3):float	61a4288e20786262a5e2	413	4870	5294	305
METHOD_EXIT	com.badlogic.gdx.math.Intersector#intersectFrustumBounds(Frustum,OrientedBoundingBox):boolean	3329be37d7c4a702c483	455	4864	5330	456
METHOD_EXIT	com.badlogic.gdx.math.Intersector#intersectLinePlane(float,float,float,float,float,float,Plane,Vector3):float	f8b33690d89d444f1557	455	4947	5413	407
METHOD_ENTRY	com.badlogic.gdx.math.Intersector#intersectPlanes(Plane,Plane,Plane,Vector3):boolean	8aa62763cd3ace981f0b	413	4833	5257	178
METHOD_ENTRY	com.badlogic.gdx.math.Intersector#intersectRayTriangle(Ray,Vector3,Vector3,Vector3,Vector3):boolean	13a4ccf89096ca64eefe	413	5043	5467	220
METHOD_ENTRY	com.badlogic.gdx.math.Intersector#intersectRaySphere(Ray,Vector3,float,Vector3):boolean	05643d15438fbefbb047	413	4832	5256	248
METHOD_EXIT	com.badlogic.gdx.math.Intersector#intersectRayTriangle(Ray,Vector3,Vector3,Vector3,Vector3):boolean	eb23f90d0cb01cc8c10e	455	5120	5586	321
METHOD_EXIT	com.badlogic.gdx.math.Intersector#intersectPlanes(Plane,Plane,Plane,Vector3):boolean	78a63cf05bfe75096093	455	4910	5376	326
METHOD_EXIT	com.badlogic.gdx.math.Intersector#intersectRaySphere(Ray,Vector3,float,Vector3):boolean	f218af8a732a6184b55b	455	4909	5375	852
METHOD_ENTRY	com.badlogic.gdx.math.Intersector#intersectRayBounds(Ray,BoundingBox,Vector3):boolean	cd9d64810d2be0e8ce1e	413	5673	6097	226
METHOD_EXIT	com.badlogic.gdx.math.Intersector#intersectRayBounds(Ray,BoundingBox,Vector3):boolean	a5d384f1e4829fe247f9	455	5750	6216	419
METHOD_ENTRY	com.badlogic.gdx.math.Intersector#intersectRayBoundsFast(Ray,BoundingBox):boolean	0e5c4ceeb9c042fc252a	413	4688	5112	236
METHOD_EXIT	com.badlogic.gdx.math.Intersector#intersectRayBoundsFast(Ray,BoundingBox):boolean	86f95d32c20545a7ee51	455	4765	5231	309
METHOD_ENTRY	com.badlogic.gdx.math.Intersector#intersectRayBoundsFast(Ray,Vector3,Vector3):boolean	eeb031a57a50ef2e5de2	413	5032	5456	297
METHOD_EXIT	com.badlogic.gdx.math.Intersector#intersectRayBoundsFast(Ray,Vector3,Vector3):boolean	ffd11baa1058b171e4d8	455	5109	5575	352
METHOD_ENTRY	com.badlogic.gdx.math.Intersector#intersectRayOrientedBoundsFast(Ray,OrientedBoundingBox):boolean	a0a2354280ec978aa3dd	413	4694	5118	244
METHOD_EXIT	com.badlogic.gdx.math.Intersector#intersectRayOrientedBoundsFast(Ray,OrientedBoundingBox):boolean	07236629e15fa211a578	455	4771	5237	235
METHOD_EXIT	com.badlogic.gdx.math.Intersector#intersectRayOrientedBoundsFast(Ray,BoundingBox,Matrix4):boolean	8959224e8e41540cd537	455	4777	5243	265
METHOD_ENTRY	com.badlogic.gdx.math.Intersector#intersectRayOrientedBounds(Ray,OrientedBoundingBox,Vector3):boolean	61b5f9b90378a7fe1b42	413	4727	5151	215
METHOD_ENTRY	com.badlogic.gdx.math.Intersector#intersectRayOrientedBoundsFast(Ray,BoundingBox,Matrix4):boolean	31d9d3f7abd16d11e71d	413	4700	5124	273
METHOD_ENTRY	com.badlogic.gdx.math.Intersector#intersectRayOrientedBounds(Ray,BoundingBox,Matrix4,Vector3):boolean	219849a396648026d0b5	413	5706	6130	134
METHOD_EXIT	com.badlogic.gdx.math.Intersector#intersectRayOrientedBounds(Ray,BoundingBox,Matrix4,Vector3):boolean	f106cd05948f053ad9fb	455	5783	6249	445
METHOD_EXIT	com.badlogic.gdx.math.Intersector#intersectRayTriangles(Ray,float[],Vector3):boolean	6ff532a29dedd7d3d362	455	4978	5444	307
METHOD_EXIT	com.badlogic.gdx.math.Intersector#intersectRayOrientedBounds(Ray,OrientedBoundingBox,Vector3):boolean	05c3bb05b9fb98fce1da	455	4804	5270	362
METHOD_ENTRY	com.badlogic.gdx.math.Intersector#intersectRayTriangles(Ray,float[],Vector3):boolean	c849cabaf964d7fb92f7	413	4901	5325	265
METHOD_ENTRY	com.badlogic.gdx.math.Intersector#intersectRayTriangles(Ray,float[],short[],int,Vector3):boolean	f2e164886c11eb3dd2ec	413	4962	5386	271
METHOD_EXIT	com.badlogic.gdx.math.Intersector#intersectRayTriangles(Ray,float[],short[],int,Vector3):boolean	85ed125e13c6f5b40c86	455	5039	5505	283
METHOD_ENTRY	com.badlogic.gdx.math.Intersector#intersectRayTriangles(Ray,List<Vector3>,Vector3):boolean	60ad80390bebdaad2b73	413	4857	5281	254
METHOD_ENTRY	com.badlogic.gdx.math.Intersector#intersectBoundsPlaneFast(BoundingBox,Plane):boolean	b3857fbf0be1ad34b84a	413	4700	5124	302
METHOD_ENTRY	com.badlogic.gdx.math.Intersector#intersectBoundsPlaneFast(Vector3,Vector3,Vector3,float):boolean	b828a536d3b0eed032db	413	4800	5224	200
METHOD_EXIT	com.badlogic.gdx.math.Intersector#intersectRayTriangles(Ray,List<Vector3>,Vector3):boolean	ccd4a91279de43f37ebf	455	4934	5400	273
METHOD_EXIT	com.badlogic.gdx.math.Intersector#intersectBoundsPlaneFast(BoundingBox,Plane):boolean	c216b254b521acf46404	455	4777	5243	382
METHOD_EXIT	com.badlogic.gdx.math.Intersector#intersectBoundsPlaneFast(Vector3,Vector3,Vector3,float):boolean	7c1f828eea2102cfcf99	455	4877	5343	419
METHOD_ENTRY	com.badlogic.gdx.math.Intersector#intersectLines(Vector2,Vector2,Vector2,Vector2,Vector2):boolean	e0c8fa98a0afe3a64b7f	413	4751	5175	267
METHOD_EXIT	com.badlogic.gdx.math.Intersector#intersectLines(Vector2,Vector2,Vector2,Vector2,Vector2):boolean	299b4ddc33b01cf66b2e	455	4828	5294	392
METHOD_EXIT	com.badlogic.gdx.math.Intersector#intersectLines(float,float,float,float,float,float,float,float,Vector2):boolean	debee76af8e7b7dc656d	455	4949	5415	444
METHOD_ENTRY	com.badlogic.gdx.math.Intersector#intersectLinePolygon(Vector2,Vector2,Polygon):boolean	d92b7b0a33989ba419c9	413	4922	5346	258
METHOD_EXIT	com.badlogic.gdx.math.Intersector#intersectLinePolygon(Vector2,Vector2,Polygon):boolean	2efa17d56c24e1377044	455	4999	5465	338
METHOD_ENTRY	com.badlogic.gdx.math.Intersector#intersectRectangles(Rectangle,Rectangle,Rectangle):boolean	4d1068ed4b272701c6bf	413	4788	5212	125
METHOD_ENTRY	com.badlogic.gdx.math.Intersector#intersectLines(float,float,float,float,float,float,float,float,Vector2):boolean	37135c0fdb6cde715a32	413	4872	5296	167
METHOD_EXIT	com.badlogic.gdx.math.Intersector#intersectRectangles(Rectangle,Rectangle,Rectangle):boolean	b6c74015bf84a7f93f07	455	4865	5331	360
METHOD_ENTRY	com.badlogic.gdx.math.Intersector#intersectSegmentRectangle(float,float,float,float,Rectangle):boolean	43f5fafc8f8211514fc8	413	4881	5305	206
METHOD_EXIT	com.badlogic.gdx.math.Intersector#intersectSegmentRectangle(float,float,float,float,Rectangle):boolean	b5d44f9bc363d0725353	455	4958	5424	657
METHOD_EXIT	com.badlogic.gdx.math.Intersector#intersectSegmentRectangle(Vector2,Vector2,Rectangle):boolean	4904c436a99765ffe053	455	4774	5240	434
METHOD_ENTRY	com.badlogic.gdx.math.Intersector#intersectSegmentRectangle(Vector2,Vector2,Rectangle):boolean	0da734c203bc96821d40	413	4697	5121	197
METHOD_ENTRY	com.badlogic.gdx.math.Intersector#intersectSegmentPolygon(Vector2,Vector2,Polygon):boolean	eded8421647d39befef8	413	4966	5390	225
METHOD_EXIT	com.badlogic.gdx.math.Intersector#intersectSegmentPolygon(Vector2,Vector2,Polygon):boolean	08b495c42daeb52fee1b	455	5043	5509	365
METHOD_EXIT	com.badlogic.gdx.math.Intersector#intersectSegments(Vector2,Vector2,Vector2,Vector2,Vector2):boolean	ea9970d063ac12cce5aa	455	4828	5294	423
METHOD_ENTRY	com.badlogic.gdx.math.Intersector#intersectSegments(float,float,float,float,float,float,float,float,Vector2):boolean	f1ebbd70408924b71d6d	413	4934	5358	150
METHOD_EXIT	com.badlogic.gdx.math.Intersector#intersectSegments(float,float,float,float,float,float,float,float,Vector2):boolean	a979a49d578815f01a3f	455	5011	5477	473
METHOD_ENTRY	com.badlogic.gdx.math.Intersector#intersectSegments(Vector2,Vector2,Vector2,Vector2,Vector2):boolean	3d29c73b0b436a42a489	413	4751	5175	246
METHOD_ENTRY	com.badlogic.gdx.math.Intersector#det(float,float,float,float):float	c4cda9608fa6cc7ca3d8	413	4683	5107	350
METHOD_EXIT	com.badlogic.gdx.math.Intersector#det(float,float,float,float):float	3a67ad8b940f2a3f75a4	455	4760	5226	299
METHOD_ENTRY	com.badlogic.gdx.math.Intersector#detd(double,double,double,double):double	92dfdbfaa6857080708f	413	4685	5109	226
METHOD_EXIT	com.badlogic.gdx.math.Intersector#detd(double,double,double,double):double	ee47d366efee0eb659ab	455	4762	5228	275
METHOD_ENTRY	com.badlogic.gdx.math.Intersector#overlaps(Circle,Circle):boolean	1c61b233460480f1b8ce	413	4672	5096	237
METHOD_EXIT	com.badlogic.gdx.math.Intersector#overlaps(Circle,Circle):boolean	e4d646da63fdcccf401b	455	4749	5215	382
METHOD_ENTRY	com.badlogic.gdx.math.Intersector#overlaps(Rectangle,Rectangle):boolean	cc1c0e3784b7032a572d	413	4672	5096	235
METHOD_ENTRY	com.badlogic.gdx.math.Intersector#overlaps(Circle,Rectangle):boolean	f3a802d0e484dfddf31d	413	4823	5247	285
METHOD_EXIT	com.badlogic.gdx.math.Intersector#overlaps(Circle,Rectangle):boolean	0e406cc19b5ea75bf2f7	455	4900	5366	415
METHOD_EXIT	com.badlogic.gdx.math.Intersector#overlaps(Rectangle,Rectangle):boolean	cfffb97eda2479ded3d8	455	4749	5215	433
METHOD_ENTRY	com.badlogic.gdx.math.Intersector#overlapConvexPolygons(Polygon,Polygon):boolean	dd9191d5dad875ceea20	413	4686	5110	257
METHOD_EXIT	com.badlogic.gdx.math.Intersector#overlapConvexPolygons(Polygon,Polygon):boolean	38b853344011ffd7ab29	455	4763	5229	348
METHOD_ENTRY	com.badlogic.gdx.math.Intersector#overlapConvexPolygons(Polygon,Polygon,MinimumTranslationVector):boolean	d6d19f1c789a308fe5d0	413	4713	5137	284
METHOD_EXIT	com.badlogic.gdx.math.Intersector#overlapConvexPolygons(Polygon,Polygon,MinimumTranslationVector):boolean	406a6e40856412ebe7cb	455	4790	5256	289
METHOD_ENTRY	com.badlogic.gdx.math.Intersector#overlapConvexPolygons(float[],float[],MinimumTranslationVector):boolean	415e88cbe5c5ba12ae00	413	4721	5145	265
METHOD_EXIT	com.badlogic.gdx.math.Intersector#overlapConvexPolygons(float[],float[],MinimumTranslationVector):boolean	8bd5c3139cdf4436d97b	455	4798	5264	341
METHOD_ENTRY	com.badlogic.gdx.math.Intersector#overlapConvexPolygons(float[],int,int,float[],int,int,MinimumTranslationVector):boolean	5d08a16599ffadab1682	413	4892	5316	224
METHOD_ENTRY	com.badlogic.gdx.math.Intersector#overlapsOnAxisOfShape(float[],int,int,float[],int,int,MinimumTranslationVector,boolean):boolean	78f02a863cebfaa2e3fc	413	5487	5911	289
METHOD_EXIT	com.badlogic.gdx.math.Intersector#overlapsOnAxisOfShape(float[],int,int,float[],int,int,MinimumTranslationVector,boolean):boolean	733690bc8e4388667c5f	455	5564	6030	349
METHOD_EXIT	com.badlogic.gdx.math.Intersector#overlapConvexPolygons(float[],int,int,float[],int,int,MinimumTranslationVector):boolean	bdf471b19ee6156bb490	455	4969	5435	176
METHOD_ENTRY	com.badlogic.gdx.math.Intersector#splitTriangle(float[],Plane,SplitTriangle):void	ac8d66d78bc7041143c5	413	5626	6050	262
METHOD_EXIT	com.badlogic.gdx.math.Intersector#splitTriangle(float[],Plane,SplitTriangle):void	68e99df350fd1f81e6b9	455	5637	6103	306
METHOD_ENTRY	com.badlogic.gdx.math.Intersector#splitEdge(float[],int,int,int,Plane,float[],int):void	77c376ccaee3896e3821	413	4844	5268	299
METHOD_EXIT	com.badlogic.gdx.math.Intersector#splitEdge(float[],int,int,int,Plane,float[],int):void	51029783ede1cba8bc50	455	4855	5321	271
METHOD_ENTRY	com.badlogic.gdx.math.Intersector#toString():String	f9c22f82aea2109fcdaa	413	4697	5121	284
METHOD_EXIT	com.badlogic.gdx.math.Intersector#toString():String	5b059469c209c70dedb2	455	4771	5237	306
METHOD_ENTRY	com.badlogic.gdx.math.Intersector#setSide(boolean):void	6e41d0aecc94eb879846	413	4654	5078	136
METHOD_ENTRY	com.badlogic.gdx.math.Intersector#getSide():boolean	765c3ec90ba4e524754f	413	4646	5070	41
METHOD_EXIT	com.badlogic.gdx.math.Intersector#setSide(boolean):void	37b34bb8b72aacf980f6	455	4665	5131	121
METHOD_EXIT	com.badlogic.gdx.math.Intersector#getSide():boolean	506e074716abf76b5d9a	455	4720	5186	103
METHOD_ENTRY	com.badlogic.gdx.math.Intersector#add(float[],int,int):void	cdab11d26d7296277b0c	413	4722	5146	195
METHOD_EXIT	com.badlogic.gdx.math.Intersector#add(float[],int,int):void	eaf0cb1b8e5c2b01112b	455	4733	5199	294
METHOD_ENTRY	com.badlogic.gdx.math.Intersector#reset():void	6f33c3a40cf163118cd2	413	4682	5106	385
METHOD_ENTRY	com.badlogic.gdx.math.SplitTriangle#toString():String	c26642c050485c0eea2e	413	430	854	198
METHOD_EXIT	com.badlogic.gdx.math.SplitTriangle#toString():String	34eeaf3b84f1ac8bc304	455	504	970	223
METHOD_EXIT	com.badlogic.gdx.math.Intersector#hasOverlap(Vector3[],Vector3[],Vector3[]):boolean	36e5f63a9fd6bdd2a1c3	455	4965	5431	356
METHOD_ENTRY	com.badlogic.gdx.math.SplitTriangle#setSide(boolean):void	6d60e58b64b936605e3d	413	387	811	105
METHOD_ENTRY	com.badlogic.gdx.math.Intersector#hasOverlap(Vector3[],Vector3[],Vector3[]):boolean	d9d1177e58510bf207a6	413	4888	5312	142
METHOD_EXIT	com.badlogic.gdx.math.Intersector#reset():void	4309264f89a73958f6b4	455	4693	5159	185
METHOD_ENTRY	com.badlogic.gdx.math.SplitTriangle#getSide():boolean	c3fae049a858447cede2	413	379	803	55
METHOD_ENTRY	com.badlogic.gdx.math.GridPoint2#set(GridPoint2):GridPoint2	9290ceaec4863accea21	413	939	1363	191
METHOD_EXIT	com.badlogic.gdx.math.GridPoint2#set(GridPoint2):GridPoint2	f1e14030dc46ce968c43	455	1018	1484	275
METHOD_ENTRY	com.badlogic.gdx.math.GridPoint2#set(int,int):GridPoint2	1cb5e1ad229952be8635	413	940	1364	267
METHOD_EXIT	com.badlogic.gdx.math.SplitTriangle#setSide(boolean):void	8c80f333c1e4914d013a	455	398	864	92
METHOD_EXIT	com.badlogic.gdx.math.GridPoint2#set(int,int):GridPoint2	2c58c587c19fa791df60	455	1019	1485	244
METHOD_ENTRY	com.badlogic.gdx.math.GridPoint2#dst2(GridPoint2):float	592e486a9ea5732dac9b	413	948	1372	222
METHOD_EXIT	com.badlogic.gdx.math.GridPoint2#dst2(GridPoint2):float	eac5ad9faa0166004e3c	455	1025	1491	285
METHOD_ENTRY	com.badlogic.gdx.math.GridPoint2#dst2(int,int):float	9b2a14b196b52ad92650	413	951	1375	68
METHOD_EXIT	com.badlogic.gdx.math.GridPoint2#dst2(int,int):float	d0d6f4bba0578b57813c	455	1028	1494	286
METHOD_ENTRY	com.badlogic.gdx.math.GridPoint2#dst(GridPoint2):float	1d5e451fb18f4c51b1d1	413	951	1375	241
METHOD_EXIT	com.badlogic.gdx.math.GridPoint2#dst(GridPoint2):float	9539de422076eef7aca4	455	1028	1494	257
METHOD_ENTRY	com.badlogic.gdx.math.GridPoint2#dst(int,int):float	80332efb9bc6eb381970	413	954	1378	55
METHOD_EXIT	com.badlogic.gdx.math.SplitTriangle#getSide():boolean	ea0276171a8fbc25df5c	455	453	919	66
METHOD_EXIT	com.badlogic.gdx.math.GridPoint2#dst(int,int):float	845cd7cf6af4e3c1ede7	455	1031	1497	331
METHOD_EXIT	com.badlogic.gdx.math.SplitTriangle#add(float[],int,int):void	38d786a4094bc94c6cf3	455	466	932	221
METHOD_ENTRY	com.badlogic.gdx.math.GridPoint2#add(GridPoint2):GridPoint2	35a6a5cb77ad45742ff5	413	938	1362	209
METHOD_ENTRY	com.badlogic.gdx.math.SplitTriangle#add(float[],int,int):void	221c1e31636ee9a54d9b	413	455	879	264
METHOD_EXIT	com.badlogic.gdx.math.GridPoint2#add(GridPoint2):GridPoint2	3ca3ae8db7a2fe39dd8e	455	1017	1483	297
METHOD_EXIT	com.badlogic.gdx.math.GridPoint2#add(int,int):GridPoint2	2276502f596c5d638514	455	1020	1486	290
METHOD_ENTRY	com.badlogic.gdx.math.GridPoint2#sub(GridPoint2):GridPoint2	edfcd1da9e7d8b616e61	413	938	1362	97
METHOD_EXIT	com.badlogic.gdx.math.GridPoint2#sub(GridPoint2):GridPoint2	471c620c4582f2b7f78f	455	1017	1483	303
METHOD_ENTRY	com.badlogic.gdx.math.GridPoint2#sub(int,int):GridPoint2	417475ffe515b3736365	413	941	1365	102
METHOD_ENTRY	com.badlogic.gdx.math.GridPoint2#add(int,int):GridPoint2	35cde7d795a07c14a959	413	941	1365	138
METHOD_EXIT	com.badlogic.gdx.math.GridPoint2#sub(int,int):GridPoint2	4b3e01e23db0c4a213c5	455	1020	1486	272
METHOD_EXIT	com.badlogic.gdx.math.GridPoint2#cpy():GridPoint2	2ed105e4f42f82f3559f	455	995	1461	207
METHOD_ENTRY	com.badlogic.gdx.math.GridPoint2#equals(Object):boolean	da67c0068c656582b232	413	969	1393	291
METHOD_ENTRY	com.badlogic.gdx.math.SplitTriangle#reset():void	f5208917b6fdc57243f1	413	415	839	119
METHOD_EXIT	com.badlogic.gdx.math.SplitTriangle#reset():void	20d661f40fdc79ad95f2	455	426	892	193
METHOD_ENTRY	com.badlogic.gdx.math.GridPoint2#cpy():GridPoint2	6a3d1e4e623ea385c9ef	413	919	1343	79
METHOD_EXIT	com.badlogic.gdx.math.GridPoint2#equals(Object):boolean	d08e2f8201e2b4995eed	455	1046	1512	338
METHOD_EXIT	com.badlogic.gdx.math.GridPoint2#hashCode():int	6e1eb8e0a8e8ccfa3b67	455	1023	1489	219
METHOD_ENTRY	com.badlogic.gdx.math.GridPoint2#toString():String	aef652b4fa7fd545a612	413	922	1346	57
METHOD_EXIT	com.badlogic.gdx.math.GridPoint2#toString():String	30b1c10e4d68cb1793ff	455	996	1462	359
METHOD_ENTRY	com.badlogic.gdx.math.WindowedMean#hasEnoughData():boolean	3eab8c016300461415cc	413	783	1207	229
METHOD_EXIT	com.badlogic.gdx.math.WindowedMean#hasEnoughData():boolean	472aaaea2fd04cb91a85	455	857	1323	234
METHOD_ENTRY	com.badlogic.gdx.math.GridPoint2#hashCode():int	a08f6ef0ca764938a67a	413	949	1373	149
METHOD_ENTRY	com.badlogic.gdx.math.WindowedMean#clear():void	08403bb6a6d2348f4798	413	816	1240	154
METHOD_EXIT	com.badlogic.gdx.math.WindowedMean#clear():void	9681abdfc3cbcec98837	455	827	1293	238
METHOD_ENTRY	com.badlogic.gdx.math.WindowedMean#addValue(float):void	ad9d3df9e30cf4331b28	413	823	1247	218
METHOD_EXIT	com.badlogic.gdx.math.WindowedMean#addValue(float):void	4bc9976d3db6fad826f6	455	834	1300	311
METHOD_ENTRY	com.badlogic.gdx.math.WindowedMean#getMean():float	63572d68c5c0793c7977	413	849	1273	210
METHOD_EXIT	com.badlogic.gdx.math.WindowedMean#getMean():float	7c32a57b0062fdd56e90	455	923	1389	256
METHOD_ENTRY	com.badlogic.gdx.math.WindowedMean#getOldest():float	72791fbbce94a9dfde3c	413	791	1215	207
METHOD_ENTRY	com.badlogic.gdx.math.WindowedMean#getLatest():float	5df8a299ba09c537083a	413	796	1220	231
METHOD_ENTRY	com.badlogic.gdx.math.WindowedMean#standardDeviation():float	dc2149ab4d8b69babe01	413	847	1271	280
METHOD_EXIT	com.badlogic.gdx.math.WindowedMean#getLatest():float	8c89452cfe913f96031e	455	870	1336	313
METHOD_EXIT	com.badlogic.gdx.math.WindowedMean#standardDeviation():float	58295425ea3ba7eb9969	455	921	1387	376
METHOD_ENTRY	com.badlogic.gdx.math.WindowedMean#getLowest():float	1785d16480ac12969317	413	812	1236	496
METHOD_EXIT	com.badlogic.gdx.math.WindowedMean#getOldest():float	b9d3665b203cc568cc2e	455	865	1331	239
METHOD_EXIT	com.badlogic.gdx.math.WindowedMean#getLowest():float	1572b88293a7d53b1bf3	455	886	1352	261
METHOD_EXIT	com.badlogic.gdx.math.WindowedMean#getHighest():float	fb4f41ef7732a0161722	455	886	1352	263
METHOD_ENTRY	com.badlogic.gdx.math.WindowedMean#getHighest():float	66f93fc07ee9c7adfb37	413	812	1236	273
METHOD_ENTRY	com.badlogic.gdx.math.WindowedMean#getValueCount():int	19c9fd2b9f56741950ae	413	779	1203	279
METHOD_EXIT	com.badlogic.gdx.math.WindowedMean#getValueCount():int	958b917a33e0f957a552	455	853	1319	134
METHOD_ENTRY	com.badlogic.gdx.math.WindowedMean#getWindowSize():int	d9864305deef2b0510c0	413	779	1203	243
METHOD_EXIT	com.badlogic.gdx.math.WindowedMean#getWindowSize():int	ec4d91252664d618d1b6	455	853	1319	126
METHOD_EXIT	com.badlogic.gdx.math.WindowedMean#getWindowValues():float[]	1754e18647000946051b	455	938	1404	299
METHOD_ENTRY	com.badlogic.gdx.math.RandomXS128#next(int):int	c5635a6761ccc83f1526	413	1337	1761	321
METHOD_EXIT	com.badlogic.gdx.math.RandomXS128#nextLong():long	26ed02341bd94357aacb	455	1457	1923	324
METHOD_ENTRY	com.badlogic.gdx.math.RandomXS128#nextLong():long	3fc8bcce26395778eb3c	413	1383	1807	200
METHOD_EXIT	com.badlogic.gdx.math.RandomXS128#next(int):int	c2d2889a40efc8ded9fe	455	1414	1880	329
METHOD_ENTRY	com.badlogic.gdx.math.WindowedMean#getWindowValues():float[]	4ac640a2fe15c965b26f	413	864	1288	218
METHOD_ENTRY	com.badlogic.gdx.math.RandomXS128#nextInt():int	bdf8643ae6801643fc08	413	1321	1745	178
METHOD_EXIT	com.badlogic.gdx.math.RandomXS128#nextInt():int	142626352cbdbb4e7134	455	1395	1861	283
METHOD_ENTRY	com.badlogic.gdx.math.RandomXS128#nextInt(int):int	8e9ac34a361146dae22c	413	1329	1753	308
METHOD_EXIT	com.badlogic.gdx.math.RandomXS128#nextInt(int):int	deccfe5ae40f2b9cf499	455	1406	1872	263
METHOD_ENTRY	com.badlogic.gdx.math.RandomXS128#nextLong(long):long	bfc0e6fc565e61d89f53	413	1385	1809	144
METHOD_EXIT	com.badlogic.gdx.math.RandomXS128#nextLong(long):long	83fa7733c82f162fcfde	455	1462	1928	217
METHOD_ENTRY	com.badlogic.gdx.math.RandomXS128#nextDouble():double	78e9c9b51b02707994da	413	1328	1752	240
METHOD_ENTRY	com.badlogic.gdx.math.RandomXS128#nextFloat():float	ad3052fc1cd3905611bd	413	1330	1754	85
METHOD_EXIT	com.badlogic.gdx.math.RandomXS128#nextFloat():float	b8944ec309e4ce5e42da	455	1404	1870	316
METHOD_ENTRY	com.badlogic.gdx.math.RandomXS128#nextBoolean():boolean	78038ed9fe63b5ab6e4b	413	1327	1751	189
METHOD_EXIT	com.badlogic.gdx.math.RandomXS128#nextBoolean():boolean	d51ce61efec4e4a72d1b	455	1401	1867	246
METHOD_ENTRY	com.badlogic.gdx.math.RandomXS128#nextBytes(byte[]):void	91e449d4512ebd09f461	413	1399	1823	247
METHOD_EXIT	com.badlogic.gdx.math.RandomXS128#nextDouble():double	055d80157bd5825176bd	455	1402	1868	297
METHOD_EXIT	com.badlogic.gdx.math.RandomXS128#nextBytes(byte[]):void	2f8122e630758aa97087	455	1410	1876	298
METHOD_EXIT	com.badlogic.gdx.math.RandomXS128#setSeed(long):void	916d6adb86ba896aa8cf	455	1363	1829	287
METHOD_ENTRY	com.badlogic.gdx.math.RandomXS128#setSeed(long):void	7414acc32a863b432535	413	1352	1776	210
METHOD_ENTRY	com.badlogic.gdx.math.RandomXS128#setState(long,long):void	dd31ebecf046a4841d41	413	1347	1771	221
METHOD_EXIT	com.badlogic.gdx.math.RandomXS128#setState(long,long):void	2aba4f3b238cfd09ad5e	455	1358	1824	228
METHOD_ENTRY	com.badlogic.gdx.math.RandomXS128#getState(int):long	77c232850f010f8d9c3d	413	1329	1753	162
METHOD_EXIT	com.badlogic.gdx.math.RandomXS128#getState(int):long	8d94e287f4955ae4ea5d	455	1406	1872	292
METHOD_EXIT	com.badlogic.gdx.math.RandomXS128#murmurHash3(long):long	6816b7dbec879bf94567	455	1459	1925	334
METHOD_ENTRY	com.badlogic.gdx.math.RandomXS128#murmurHash3(long):long	943b15cefafc026c9147	413	1382	1806	294
METHOD_ENTRY	com.badlogic.gdx.math.Vector4#set(float,float,float,float):Vector4	93a4e73c9c96907e904f	413	2462	2886	250
METHOD_ENTRY	com.badlogic.gdx.math.Vector4#set(Vector4):Vector4	de3d6581b036eada27a2	413	2429	2853	197
METHOD_EXIT	com.badlogic.gdx.math.Vector4#set(Vector4):Vector4	44141ef28477c1efb931	455	2507	2973	271
METHOD_EXIT	com.badlogic.gdx.math.Vector4#set(float,float,float,float):Vector4	1db71eb8c7efa9b5d230	455	2540	3006	241
METHOD_ENTRY	com.badlogic.gdx.math.Vector4#set(float[]):Vector4	af3d8c9aab6a053d11f5	413	2429	2853	110
METHOD_EXIT	com.badlogic.gdx.math.Vector4#set(float[]):Vector4	bc4aac93d0369d40d202	455	2507	2973	293
METHOD_ENTRY	com.badlogic.gdx.math.Vector4#set(Vector2,float,float):Vector4	dda12a57650ac52695fb	413	2443	2867	197
METHOD_ENTRY	com.badlogic.gdx.math.Vector4#set(Vector3,float):Vector4	a07d92b16d90405e55b5	413	2435	2859	217
METHOD_ENTRY	com.badlogic.gdx.math.Vector4#setToRandomDirection():Vector4	e6168ef47988dd1005b8	413	2818	3242	246
METHOD_EXIT	com.badlogic.gdx.math.Vector4#set(Vector2,float,float):Vector4	910f13eb3b8d2c6acbd5	455	2521	2987	230
METHOD_EXIT	com.badlogic.gdx.math.Vector4#set(Vector3,float):Vector4	c734afe6eb77394ac26c	455	2513	2979	272
METHOD_ENTRY	com.badlogic.gdx.math.Vector4#cpy():Vector4	86663540a76a3cb3d79f	413	2412	2836	228
METHOD_EXIT	com.badlogic.gdx.math.Vector4#setToRandomDirection():Vector4	13111ee1bf20d8ef4eb6	455	2893	3359	372
METHOD_EXIT	com.badlogic.gdx.math.Vector4#cpy():Vector4	dd00c2ca013df0a64d87	455	2487	2953	289
METHOD_ENTRY	com.badlogic.gdx.math.Vector4#add(Vector4):Vector4	9ce3d12d7d375b619972	413	2430	2854	194
METHOD_EXIT	com.badlogic.gdx.math.Vector4#add(Vector4):Vector4	b5879074b93f06b2b460	455	2508	2974	259
METHOD_ENTRY	com.badlogic.gdx.math.Vector4#add(float,float,float,float):Vector4	8d82cbeaecef9f8ce6de	413	2459	2883	190
METHOD_EXIT	com.badlogic.gdx.math.Vector4#add(float,float,float,float):Vector4	38b41ae297b81dd92d7b	455	2537	3003	287
METHOD_EXIT	com.badlogic.gdx.math.Vector4#add(float):Vector4	adae54eaee7eebee40a0	455	2510	2976	219
METHOD_EXIT	com.badlogic.gdx.math.Vector4#sub(Vector4):Vector4	805b050fc8172d74936a	455	2514	2980	274
METHOD_ENTRY	com.badlogic.gdx.math.Vector4#sub(Vector4):Vector4	23289a71954770364c63	413	2436	2860	233
METHOD_ENTRY	com.badlogic.gdx.math.Vector4#sub(float,float,float,float):Vector4	1b832a8bae40da12c6f5	413	2459	2883	153
METHOD_ENTRY	com.badlogic.gdx.math.Vector4#add(float):Vector4	0283bb6d29e7e714b582	413	2432	2856	278
METHOD_EXIT	com.badlogic.gdx.math.Vector4#sub(float,float,float,float):Vector4	b6d6e17242d63e2cb926	455	2537	3003	290
METHOD_ENTRY	com.badlogic.gdx.math.Vector4#sub(float):Vector4	36b685861e2e97ded18a	413	2432	2856	277
METHOD_EXIT	com.badlogic.gdx.math.Vector4#sub(float):Vector4	6d964a80fec90b71da12	455	2510	2976	298
METHOD_ENTRY	com.badlogic.gdx.math.Vector4#scl(float):Vector4	bdd797ddb142ed37d8f4	413	2435	2859	271
METHOD_EXIT	com.badlogic.gdx.math.Vector4#scl(float):Vector4	1dfb4d741c9bb453ae84	455	2513	2979	265
METHOD_ENTRY	com.badlogic.gdx.math.Vector4#scl(Vector4):Vector4	17d4362a0820ea3d056a	413	2439	2863	211
METHOD_EXIT	com.badlogic.gdx.math.Vector4#scl(Vector4):Vector4	8c628c6749c814f38a94	455	2517	2983	293
METHOD_ENTRY	com.badlogic.gdx.math.Vector4#mulAdd(Vector4,float):Vector4	53d8f278ce568b291a38	413	2464	2888	214
METHOD_EXIT	com.badlogic.gdx.math.Vector4#scl(float,float,float,float):Vector4	fae5c984efd5b560bf53	455	2538	3004	280
METHOD_ENTRY	com.badlogic.gdx.math.Vector4#mulAdd(Vector4,Vector4):Vector4	41196701a6c5622e82a8	413	2478	2902	307
METHOD_EXIT	com.badlogic.gdx.math.Vector4#mulAdd(Vector4,float):Vector4	a33e45ca78d078ddeca5	455	2542	3008	265
METHOD_EXIT	com.badlogic.gdx.math.Vector4#mulAdd(Vector4,Vector4):Vector4	47eb321823d942401ef8	455	2556	3022	256
METHOD_ENTRY	com.badlogic.gdx.math.Vector4#scl(float,float,float,float):Vector4	a6074c2a1f3c92a3a4fe	413	2460	2884	258
METHOD_ENTRY	com.badlogic.gdx.math.Vector4#len(float,float,float,float):float	b910fe177aa320ce99b8	413	2459	2883	269
METHOD_EXIT	com.badlogic.gdx.math.Vector4#len(float,float,float,float):float	125bd09886d1e43708fd	455	2536	3002	274
METHOD_EXIT	com.badlogic.gdx.math.Vector4#len():float	83f0ceb29419e130629b	455	2498	2964	193
METHOD_ENTRY	com.badlogic.gdx.math.Vector4#len():float	0cf08f241fe70549b6d9	413	2424	2848	224
METHOD_ENTRY	com.badlogic.gdx.math.Vector4#len2(float,float,float,float):float	b45ac37fc08831cae85c	413	2457	2881	115
METHOD_EXIT	com.badlogic.gdx.math.Vector4#len2(float,float,float,float):float	c8daff50f9a81aeb0a2a	455	2534	3000	297
METHOD_ENTRY	com.badlogic.gdx.math.Vector4#len2():float	bd9ff3b289ffc2393393	413	2422	2846	178
METHOD_ENTRY	com.badlogic.gdx.math.Vector4#idt(Vector4):boolean	2aef56f174546ed7a375	413	2433	2857	184
METHOD_EXIT	com.badlogic.gdx.math.Vector4#idt(Vector4):boolean	8f17241f2fdc678c1b24	455	2510	2976	316
METHOD_EXIT	com.badlogic.gdx.math.Vector4#len2():float	8b66c5ffcdea73f71945	455	2496	2962	238
METHOD_ENTRY	com.badlogic.gdx.math.Vector4#dst(float,float,float,float,float,float,float,float):float	e164756e8edc16a46b99	413	2561	2985	286
METHOD_EXIT	com.badlogic.gdx.math.Vector4#dst(float,float,float,float,float,float,float,float):float	9925657672c9f24c334e	455	2638	3104	378
METHOD_ENTRY	com.badlogic.gdx.math.Vector4#dst(Vector4):float	522ebfe6bda1e2e6e04d	413	2474	2898	129
METHOD_EXIT	com.badlogic.gdx.math.Vector4#dst(Vector4):float	e126cae2e69459de0522	455	2551	3017	338
METHOD_ENTRY	com.badlogic.gdx.math.Vector4#dst(float,float,float,float):float	2aa92000dcf03e877927	413	2495	2919	126
METHOD_EXIT	com.badlogic.gdx.math.Vector4#dst(float,float,float,float):float	5b812d36db877d9e8588	455	2572	3038	417
METHOD_ENTRY	com.badlogic.gdx.math.Vector4#dst2(float,float,float,float,float,float,float,float):float	8d70fdb790e962a60b14	413	2559	2983	215
METHOD_ENTRY	com.badlogic.gdx.math.Vector4#nor():Vector4	2ea331ee483a8e6dfd1e	413	2450	2874	64
METHOD_ENTRY	com.badlogic.gdx.math.Vector4#dst2(float,float,float,float):float	92a0d3615f319348bdf3	413	2493	2917	237
METHOD_EXIT	com.badlogic.gdx.math.Vector4#dst2(float,float,float,float):float	bd0debd9224084f7cabc	455	2570	3036	321
METHOD_ENTRY	com.badlogic.gdx.math.Vector4#dst2(Vector4):float	9a86ff804b31b0bfcfbf	413	2471	2895	277
METHOD_EXIT	com.badlogic.gdx.math.Vector4#dst2(Vector4):float	f9a2c008f113836a8e2f	455	2548	3014	313
METHOD_EXIT	com.badlogic.gdx.math.Vector4#dst2(float,float,float,float,float,float,float,float):float	f2f9c71d9212b345b1fb	455	2636	3102	344
METHOD_EXIT	com.badlogic.gdx.math.Vector4#nor():Vector4	28809282ed119e852eb0	455	2525	2991	327
METHOD_ENTRY	com.badlogic.gdx.math.Vector4#dot(float,float,float,float,float,float,float,float):float	41c9a4bfca208226d8f4	413	2512	2936	238
METHOD_EXIT	com.badlogic.gdx.math.Vector4#dot(float,float,float,float,float,float,float,float):float	873d17650f0a10bcdf67	455	2589	3055	342
METHOD_ENTRY	com.badlogic.gdx.math.Vector4#dot(Vector4):float	5255bc8066d019b7614a	413	2434	2858	287
METHOD_EXIT	com.badlogic.gdx.math.Vector4#dot(Vector4):float	cd6645cf1a33ecffce17	455	2511	2977	296
METHOD_ENTRY	com.badlogic.gdx.math.Vector4#dot(float,float,float,float):float	9f0ff043d4565241d81e	413	2455	2879	51
METHOD_EXIT	com.badlogic.gdx.math.Vector4#dot(float,float,float,float):float	180934ba1671a9c665e2	455	2532	2998	249
METHOD_EXIT	com.badlogic.gdx.math.Vector4#isUnit():boolean	8fc2a4c292a08a1f2e7a	455	2490	2956	198
METHOD_ENTRY	com.badlogic.gdx.math.Vector4#isUnit(float):boolean	bc03e06072f29a813fc6	413	2426	2850	265
METHOD_ENTRY	com.badlogic.gdx.math.Vector4#isUnit():boolean	35c60b98ddb3ee65480c	413	2416	2840	250
METHOD_EXIT	com.badlogic.gdx.math.Vector4#isUnit(float):boolean	be46fad26529b9bfb761	455	2503	2969	237
METHOD_ENTRY	com.badlogic.gdx.math.Vector4#isZero():boolean	49f5d4fd2891ccd5700a	413	2426	2850	255
METHOD_EXIT	com.badlogic.gdx.math.Vector4#isZero():boolean	51bc310e8c3c4f1f643f	455	2500	2966	197
METHOD_EXIT	com.badlogic.gdx.math.Vector4#isZero(float):boolean	d91e4fb9cba5309e1b3c	455	2496	2962	201
METHOD_ENTRY	com.badlogic.gdx.math.Vector4#isZero(float):boolean	513de3a5228494a51b44	413	2419	2843	257
METHOD_ENTRY	com.badlogic.gdx.math.Vector4#isOnLine(Vector4,float):boolean	fb8bff958ab6f9fc953c	413	3061	3485	321
METHOD_EXIT	com.badlogic.gdx.math.Vector4#isOnLine(Vector4,float):boolean	08d7f1d894ec0d9a9f80	455	3138	3604	340
METHOD_EXIT	com.badlogic.gdx.math.Vector4#isOnLine(Vector4):boolean	6f785989101f2f7babc3	455	2507	2973	344
METHOD_ENTRY	com.badlogic.gdx.math.Vector4#isCollinear(Vector4,float):boolean	ffe83f98b2654018652c	413	2439	2863	263
METHOD_EXIT	com.badlogic.gdx.math.Vector4#isCollinear(Vector4,float):boolean	6c7303a609a5ec2a36d5	455	2516	2982	224
METHOD_ENTRY	com.badlogic.gdx.math.Vector4#isCollinear(Vector4):boolean	dc96ffe8dac39c0251f3	413	2428	2852	119
METHOD_EXIT	com.badlogic.gdx.math.Vector4#isCollinear(Vector4):boolean	7056a1c7905f91184d10	455	2505	2971	292
METHOD_ENTRY	com.badlogic.gdx.math.Vector4#isOnLine(Vector4):boolean	9d458b97b358023d7b29	413	2430	2854	181
METHOD_ENTRY	com.badlogic.gdx.math.Vector4#isCollinearOpposite(Vector4,float):boolean	d33ccadda665a32a284f	413	2444	2868	261
METHOD_EXIT	com.badlogic.gdx.math.Vector4#isCollinearOpposite(Vector4,float):boolean	0c84510ef9af77609536	455	2521	2987	285
METHOD_EXIT	com.badlogic.gdx.math.Vector4#isPerpendicular(Vector4):boolean	8d0ebe0220e108abe744	455	2501	2967	299
METHOD_ENTRY	com.badlogic.gdx.math.Vector4#isCollinearOpposite(Vector4):boolean	b2de435f7a493b0fbd58	413	2433	2857	317
METHOD_ENTRY	com.badlogic.gdx.math.Vector4#isPerpendicular(Vector4):boolean	0baaabffe0e9af9ebb0a	413	2424	2848	208
METHOD_EXIT	com.badlogic.gdx.math.Vector4#isCollinearOpposite(Vector4):boolean	3c5db1013d08ff4c6475	455	2510	2976	266
METHOD_ENTRY	com.badlogic.gdx.math.Vector4#isPerpendicular(Vector4,float):boolean	f48cf8490ec4ec12d114	413	2435	2859	254
METHOD_ENTRY	com.badlogic.gdx.math.Vector4#hasSameDirection(Vector4):boolean	312c1a79399dc829b2ea	413	2424	2848	191
METHOD_ENTRY	com.badlogic.gdx.math.Vector4#hasOppositeDirection(Vector4):boolean	d3b9a6d19e98095a38e7	413	2426	2850	273
METHOD_EXIT	com.badlogic.gdx.math.Vector4#hasSameDirection(Vector4):boolean	fac437966931e1f41d03	455	2501	2967	305
METHOD_EXIT	com.badlogic.gdx.math.Vector4#hasOppositeDirection(Vector4):boolean	e1e96af0b53558d1f2bd	455	2503	2969	287
METHOD_EXIT	com.badlogic.gdx.math.Vector4#isPerpendicular(Vector4,float):boolean	5f00af4582648d5f276a	455	2512	2978	282
METHOD_EXIT	com.badlogic.gdx.math.Vector4#lerp(Vector4,float):Vector4	ca86cacc29e56fb2af86	455	2551	3017	250
METHOD_ENTRY	com.badlogic.gdx.math.Vector4#lerp(Vector4,float):Vector4	196fdd947673b5a1cb06	413	2473	2897	238
METHOD_ENTRY	com.badlogic.gdx.math.Vector4#interpolate(Vector4,float,Interpolation):Vector4	dd80d9b356dc796a02a3	413	2448	2872	237
METHOD_EXIT	com.badlogic.gdx.math.Vector4#interpolate(Vector4,float,Interpolation):Vector4	ca29ba04d1b50105ab1f	455	2526	2992	287
METHOD_ENTRY	com.badlogic.gdx.math.Vector4#toString():String	9e14e6bab48734d56395	413	2423	2847	247
METHOD_EXIT	com.badlogic.gdx.math.Vector4#toString():String	66895032bf04fe448809	455	2497	2963	272
METHOD_ENTRY	com.badlogic.gdx.math.Vector4#fromString(String):Vector4	c3fc16108845ff8b7949	413	2620	3044	290
METHOD_ENTRY	com.badlogic.gdx.math.Vector4#limit(float):Vector4	4254504e871f5a10f232	413	2418	2842	198
METHOD_EXIT	com.badlogic.gdx.math.Vector4#limit(float):Vector4	13313988238191161385	455	2496	2962	230
METHOD_ENTRY	com.badlogic.gdx.math.Vector4#limit2(float):Vector4	b5048e550abb39399d6d	413	2452	2876	234
METHOD_EXIT	com.badlogic.gdx.math.Vector4#fromString(String):Vector4	b35fb301364186be27d5	455	2698	3164	305
METHOD_EXIT	com.badlogic.gdx.math.Vector4#limit2(float):Vector4	211e0fbb162f0e9290a9	455	2530	2996	269
METHOD_ENTRY	com.badlogic.gdx.math.Vector4#setLength(float):Vector4	6b3252065c0938a05925	413	2420	2844	106
METHOD_ENTRY	com.badlogic.gdx.math.Vector4#setLength2(float):Vector4	eb4731ccbf64600211ad	413	2456	2880	217
METHOD_EXIT	com.badlogic.gdx.math.Vector4#setLength(float):Vector4	b5f9fab06e09d46fd591	455	2498	2964	299
METHOD_ENTRY	com.badlogic.gdx.math.Vector4#clamp(float,float):Vector4	dced87a73e4e03fbbb33	413	2506	2930	197
METHOD_EXIT	com.badlogic.gdx.math.Vector4#setLength2(float):Vector4	a099cdaf3c17223ac474	455	2534	3000	294
METHOD_EXIT	com.badlogic.gdx.math.Vector4#clamp(float,float):Vector4	57318eb37e959d54ff3e	455	2584	3050	305
METHOD_EXIT	com.badlogic.gdx.math.Vector4#hashCode():int	570c3ed03fbd2332d1ed	455	2557	3023	127
METHOD_ENTRY	com.badlogic.gdx.math.Vector4#equals(Object):boolean	ebe9177fe37ab2462061	413	2552	2976	179
METHOD_EXIT	com.badlogic.gdx.math.Vector4#equals(Object):boolean	5528d9501854cd62b5db	455	2629	3095	399
METHOD_EXIT	com.badlogic.gdx.math.Vector4#epsilonEquals(Vector4,float):boolean	bc5fd4645e23bb2b1231	455	2578	3044	271
METHOD_ENTRY	com.badlogic.gdx.math.Vector4#epsilonEquals(float,float,float,float,float):boolean	0dcbb82664b5df790385	413	2512	2936	285
METHOD_ENTRY	com.badlogic.gdx.math.Vector4#epsilonEquals(Vector4,float):boolean	ca1706d786cedcaf8b95	413	2501	2925	274
METHOD_ENTRY	com.badlogic.gdx.math.Vector4#hashCode():int	ad6ae3a41ab773019422	413	2483	2907	224
METHOD_EXIT	com.badlogic.gdx.math.Vector4#epsilonEquals(float,float,float,float,float):boolean	18f5bcd1f35da51faed2	455	2589	3055	350
METHOD_EXIT	com.badlogic.gdx.math.Rectangle#set(float,float,float,float):Rectangle	3dc51450402cd9954d3d	455	1832	2298	256
METHOD_EXIT	com.badlogic.gdx.math.Vector4#epsilonEquals(Vector4):boolean	7767ee6630017b2305c1	455	2503	2969	389
METHOD_ENTRY	com.badlogic.gdx.math.Vector4#epsilonEquals(Vector4):boolean	bb57fe88b7efe50b5e88	413	2426	2850	227
METHOD_ENTRY	com.badlogic.gdx.math.Vector4#epsilonEquals(float,float,float,float):boolean	b0445dcf861d8fba4932	413	2455	2879	283
METHOD_ENTRY	com.badlogic.gdx.math.Rectangle#set(float,float,float,float):Rectangle	82a1256af32d91f052b7	413	1755	2179	209
METHOD_ENTRY	com.badlogic.gdx.math.Vector4#setZero():Vector4	3732a8f3cfe7a3bb9ef7	413	2437	2861	136
METHOD_EXIT	com.badlogic.gdx.math.Vector4#epsilonEquals(float,float,float,float):boolean	19eef94da40bb4c57652	455	2532	2998	429
METHOD_EXIT	com.badlogic.gdx.math.Vector4#setZero():Vector4	207f600da3a81b4c6292	455	2512	2978	184
METHOD_ENTRY	com.badlogic.gdx.math.Rectangle#getX():float	da005936755fee8aaa20	413	1700	2124	204
METHOD_EXIT	com.badlogic.gdx.math.Rectangle#getX():float	20d5ee34520972995a99	455	1774	2240	144
METHOD_EXIT	com.badlogic.gdx.math.Rectangle#setX(float):Rectangle	07e294d1019ab2358466	455	1789	2255	253
METHOD_ENTRY	com.badlogic.gdx.math.Rectangle#setX(float):Rectangle	e85bddcd15a66a127dab	413	1712	2136	242
METHOD_EXIT	com.badlogic.gdx.math.Rectangle#getY():float	86f534d6ddce0bb2ffe5	455	1774	2240	111
METHOD_ENTRY	com.badlogic.gdx.math.Rectangle#setY(float):Rectangle	1f099931243038507f41	413	1712	2136	100
METHOD_EXIT	com.badlogic.gdx.math.Rectangle#setY(float):Rectangle	f0fd51aeca59a673b5b7	455	1789	2255	275
METHOD_ENTRY	com.badlogic.gdx.math.Rectangle#getY():float	ecb048ad8e9246ab8171	413	1700	2124	139
METHOD_ENTRY	com.badlogic.gdx.math.Rectangle#getWidth():float	8e9cdf3a786f6785fe65	413	1700	2124	216
METHOD_EXIT	com.badlogic.gdx.math.Rectangle#getWidth():float	58972f0dc66c8d778d45	455	1774	2240	101
METHOD_ENTRY	com.badlogic.gdx.math.Rectangle#setWidth(float):Rectangle	d1f7abfee638016e4938	413	1712	2136	254
METHOD_EXIT	com.badlogic.gdx.math.Rectangle#setWidth(float):Rectangle	f0e9d249dac08fb6d21d	455	1789	2255	201
METHOD_ENTRY	com.badlogic.gdx.math.Rectangle#getHeight():float	3a30cd6f45361fe91619	413	1700	2124	186
METHOD_EXIT	com.badlogic.gdx.math.Rectangle#getHeight():float	078e3037037f1c410134	455	1774	2240	188
METHOD_ENTRY	com.badlogic.gdx.math.Rectangle#setHeight(float):Rectangle	e98c811ff2c7c7c77d2f	413	1712	2136	205
METHOD_ENTRY	com.badlogic.gdx.math.Rectangle#getPosition(Vector2):Vector2	8cdc29e8eceb36f6bf49	413	1715	2139	167
METHOD_EXIT	com.badlogic.gdx.math.Rectangle#getPosition(Vector2):Vector2	596929145fd6bda20c36	455	1793	2259	305
METHOD_EXIT	com.badlogic.gdx.math.Rectangle#setHeight(float):Rectangle	b1fcc7daacdf90437e25	455	1789	2255	248
METHOD_ENTRY	com.badlogic.gdx.math.Rectangle#setPosition(Vector2):Rectangle	1e23849916e109e5241e	413	1723	2147	239
METHOD_EXIT	com.badlogic.gdx.math.Rectangle#setPosition(Vector2):Rectangle	f88c7034053fe34a950f	455	1800	2266	226
METHOD_ENTRY	com.badlogic.gdx.math.Rectangle#setPosition(float,float):Rectangle	ef97eaaafd8ceebc46f6	413	1727	2151	199
METHOD_EXIT	com.badlogic.gdx.math.Rectangle#setPosition(float,float):Rectangle	ca8db93946c626b7bf05	455	1804	2270	246
METHOD_ENTRY	com.badlogic.gdx.math.Rectangle#setSize(float,float):Rectangle	0b2cba44abab5c60db91	413	1727	2151	227
METHOD_EXIT	com.badlogic.gdx.math.Rectangle#setSize(float,float):Rectangle	f7763484468d609d0f24	455	1804	2270	300
METHOD_ENTRY	com.badlogic.gdx.math.Rectangle#setSize(float):Rectangle	99bfb91d2a568d2e6763	413	1722	2146	268
METHOD_ENTRY	com.badlogic.gdx.math.Rectangle#getSize(Vector2):Vector2	5d652081ec3d76030ba0	413	1715	2139	253
METHOD_EXIT	com.badlogic.gdx.math.Rectangle#getSize(Vector2):Vector2	eee1e44daaa3e2dd4991	455	1793	2259	258
METHOD_ENTRY	com.badlogic.gdx.math.Rectangle#contains(float,float):boolean	34088904652ee2250282	413	1738	2162	213
METHOD_EXIT	com.badlogic.gdx.math.Rectangle#contains(float,float):boolean	9ffd9437ec038b06036d	455	1815	2281	331
METHOD_EXIT	com.badlogic.gdx.math.Rectangle#setSize(float):Rectangle	d3e5c124cc0740f95ce1	455	1799	2265	212
METHOD_EXIT	com.badlogic.gdx.math.Rectangle#contains(Vector2):boolean	043616fb318c866e533a	455	1790	2256	287
METHOD_ENTRY	com.badlogic.gdx.math.Rectangle#contains(Vector2):boolean	4a75767ef7fa68c01584	413	1713	2137	217
METHOD_ENTRY	com.badlogic.gdx.math.Rectangle#contains(Circle):boolean	4843417f6e2a67204c71	413	1749	2173	187
METHOD_EXIT	com.badlogic.gdx.math.Rectangle#contains(Circle):boolean	9fa95554b95717572c24	455	1826	2292	358
METHOD_EXIT	com.badlogic.gdx.math.Rectangle#contains(Rectangle):boolean	ce88208b110fc545e112	455	1865	2331	296
METHOD_ENTRY	com.badlogic.gdx.math.Rectangle#overlaps(Rectangle):boolean	0b2a8ff56b88e8f29709	413	1735	2159	223
METHOD_ENTRY	com.badlogic.gdx.math.Rectangle#contains(Rectangle):boolean	7cfa52a4345961e4f849	413	1788	2212	208
METHOD_ENTRY	com.badlogic.gdx.math.Rectangle#set(Rectangle):Rectangle	50b72268d86c97456545	413	1733	2157	229
METHOD_EXIT	com.badlogic.gdx.math.Rectangle#set(Rectangle):Rectangle	e6a549f715ea091b5201	455	1810	2276	229
METHOD_ENTRY	com.badlogic.gdx.math.Rectangle#merge(Rectangle):Rectangle	8dd7774223b129f1d930	413	1798	2222	209
METHOD_EXIT	com.badlogic.gdx.math.Rectangle#overlaps(Rectangle):boolean	f3d1f5245d3e9c97dad1	455	1812	2278	286
METHOD_EXIT	com.badlogic.gdx.math.Rectangle#merge(Rectangle):Rectangle	2710a13b2b28e935c073	455	1875	2341	278
METHOD_ENTRY	com.badlogic.gdx.math.Rectangle#merge(float,float):Rectangle	3e9d7952ba632307a5c3	413	1800	2224	169
METHOD_EXIT	com.badlogic.gdx.math.Rectangle#merge(float,float):Rectangle	14b42458452252c694b4	455	1877	2343	267
METHOD_ENTRY	com.badlogic.gdx.math.Rectangle#merge(Vector2):Rectangle	40ec9cd92c203c798f9a	413	1713	2137	198
METHOD_EXIT	com.badlogic.gdx.math.Rectangle#merge(Vector2):Rectangle	d118ba5f6d75bffbd0ab	455	1790	2256	283
METHOD_ENTRY	com.badlogic.gdx.math.Rectangle#merge(Vector2[]):Rectangle	5d7e8c4c3236862e0d0d	413	1852	2276	314
METHOD_EXIT	com.badlogic.gdx.math.Rectangle#merge(Vector2[]):Rectangle	1ab54739075149539077	455	1929	2395	280
METHOD_EXIT	com.badlogic.gdx.math.Rectangle#getAspectRatio():float	3919ac1c7d468d085c30	455	1789	2255	295
METHOD_ENTRY	com.badlogic.gdx.math.Rectangle#getCenter(Vector2):Vector2	6e57cf18b9757264930d	413	1733	2157	219
METHOD_EXIT	com.badlogic.gdx.math.Rectangle#getCenter(Vector2):Vector2	7a3ae240e06333093492	455	1811	2277	275
METHOD_ENTRY	com.badlogic.gdx.math.Rectangle#getAspectRatio():float	e20f03bf4987b2fcdc28	413	1715	2139	254
METHOD_ENTRY	com.badlogic.gdx.math.Rectangle#setCenter(float,float):Rectangle	ac8d43f47ebb80457d2c	413	1732	2156	202
METHOD_EXIT	com.badlogic.gdx.math.Rectangle#setCenter(float,float):Rectangle	aa80673147e1f262d8a4	455	1809	2275	276
METHOD_ENTRY	com.badlogic.gdx.math.Rectangle#setCenter(Vector2):Rectangle	56e7840733d93fe07575	413	1728	2152	263
METHOD_EXIT	com.badlogic.gdx.math.Rectangle#setCenter(Vector2):Rectangle	5707aea7c0645d03706f	455	1805	2271	210
METHOD_ENTRY	com.badlogic.gdx.math.Rectangle#fitOutside(Rectangle):Rectangle	5bff14fc546d850ad4dd	413	1806	2230	250
METHOD_EXIT	com.badlogic.gdx.math.Rectangle#fitOutside(Rectangle):Rectangle	c25b0a6e2f7faf2a047d	455	1883	2349	364
METHOD_ENTRY	com.badlogic.gdx.math.Rectangle#fitInside(Rectangle):Rectangle	2087e25f8cb8c2aa65da	413	1806	2230	154
METHOD_ENTRY	com.badlogic.gdx.math.Rectangle#toString():String	d0357ef3f41398c69d6e	413	1716	2140	173
METHOD_EXIT	com.badlogic.gdx.math.Rectangle#toString():String	f68b8339de580a717087	455	1790	2256	209
METHOD_EXIT	com.badlogic.gdx.math.Rectangle#fromString(String):Rectangle	19a4f932c7581aeb43c4	455	1995	2461	412
METHOD_EXIT	com.badlogic.gdx.math.Rectangle#fitInside(Rectangle):Rectangle	3cc49ec027d161afa3bc	455	1883	2349	335
METHOD_ENTRY	com.badlogic.gdx.math.Rectangle#area():float	ebe5664ddde956e582f3	413	1703	2127	224
METHOD_ENTRY	com.badlogic.gdx.math.Rectangle#fromString(String):Rectangle	f5ac62e0d9849e9800aa	413	1918	2342	309
METHOD_EXIT	com.badlogic.gdx.math.Rectangle#area():float	3b13b7bc9ad5874388cb	455	1777	2243	245
METHOD_ENTRY	com.badlogic.gdx.math.Rectangle#perimeter():float	273b9e1563dce0543522	413	1708	2132	238
METHOD_ENTRY	com.badlogic.gdx.math.EarClippingTriangulator#computeTriangles(FloatArray):ShortArray	c425e40d6300241f70ec	413	1011	1435	223
METHOD_ENTRY	com.badlogic.gdx.math.Rectangle#hashCode():int	18de67938158bed9151f	413	1780	2204	185
METHOD_EXIT	com.badlogic.gdx.math.Rectangle#perimeter():float	42b04689598f53d1e579	455	1782	2248	229
METHOD_EXIT	com.badlogic.gdx.math.Rectangle#hashCode():int	2f806205c75efb68845f	455	1854	2320	424
METHOD_ENTRY	com.badlogic.gdx.math.EarClippingTriangulator#computeTriangles(float[]):ShortArray	c6495b03ec3265c809d9	413	1008	1432	245
METHOD_EXIT	com.badlogic.gdx.math.EarClippingTriangulator#computeTriangles(FloatArray):ShortArray	5963b3a1d50ffe489e5b	455	1089	1555	270
METHOD_EXIT	com.badlogic.gdx.math.Rectangle#equals(Object):boolean	67dce5e895c27af916ca	455	1929	2395	390
METHOD_ENTRY	com.badlogic.gdx.math.EarClippingTriangulator#computeTriangles(float[],int,int):ShortArray	e39ce3cb45ea9c2371a3	413	1308	1732	252
METHOD_EXIT	com.badlogic.gdx.math.EarClippingTriangulator#computeTriangles(float[]):ShortArray	19db31c646704bf163cd	455	1086	1552	291
METHOD_EXIT	com.badlogic.gdx.math.EarClippingTriangulator#computeTriangles(float[],int,int):ShortArray	98299511505cce76b28b	455	1386	1852	251
METHOD_ENTRY	com.badlogic.gdx.math.Rectangle#equals(Object):boolean	35a534e8db4663402b65	413	1852	2276	276
METHOD_ENTRY	com.badlogic.gdx.math.EarClippingTriangulator#triangulate():void	8ae2ee373d9dd28d4fc9	413	1165	1589	245
METHOD_EXIT	com.badlogic.gdx.math.EarClippingTriangulator#triangulate():void	5dc3d49f1444b91cb30f	455	1176	1642	246
METHOD_ENTRY	com.badlogic.gdx.math.EarClippingTriangulator#classifyVertex(int):int	f9c92a6d6fd1559007c2	413	1086	1510	241
METHOD_EXIT	com.badlogic.gdx.math.EarClippingTriangulator#classifyVertex(int):int	cd8d9ea4c1ec66fb77bc	455	1163	1629	217
METHOD_ENTRY	com.badlogic.gdx.math.EarClippingTriangulator#findEarTip():int	6d6d16b28011f37a3953	413	1215	1639	246
METHOD_EXIT	com.badlogic.gdx.math.EarClippingTriangulator#findEarTip():int	b607870d21ad4ebf18b1	455	1289	1755	314
METHOD_ENTRY	com.badlogic.gdx.math.EarClippingTriangulator#isEarTip(int):boolean	d650d4b3ecead52dfb92	413	1505	1929	236
METHOD_ENTRY	com.badlogic.gdx.math.EarClippingTriangulator#cutEarTip(int):void	9b8d372091a8e20052c5	413	1082	1506	341
METHOD_ENTRY	com.badlogic.gdx.math.EarClippingTriangulator#previousIndex(int):int	ec4ee143c540c5e68b03	413	1010	1434	245
METHOD_EXIT	com.badlogic.gdx.math.EarClippingTriangulator#cutEarTip(int):void	9a328c2b96aa61b05b7a	455	1093	1559	324
METHOD_EXIT	com.badlogic.gdx.math.EarClippingTriangulator#previousIndex(int):int	d47a2e946cd79e302e61	455	1087	1553	271
METHOD_ENTRY	com.badlogic.gdx.math.EarClippingTriangulator#nextIndex(int):int	5592f94e2cfd861c2dbe	413	1005	1429	181
METHOD_EXIT	com.badlogic.gdx.math.EarClippingTriangulator#isEarTip(int):boolean	aff7af53d0da7ab3641b	455	1582	2048	532
METHOD_EXIT	com.badlogic.gdx.math.EarClippingTriangulator#nextIndex(int):int	e17a6646c30693c00069	455	1082	1548	231
METHOD_ENTRY	com.badlogic.gdx.math.EarClippingTriangulator#computeSpannedAreaSign(float,float,float,float,float,float):int	90d4dc63d47a3a094558	413	1129	1553	205
METHOD_EXIT	com.badlogic.gdx.math.EarClippingTriangulator#computeSpannedAreaSign(float,float,float,float,float,float):int	0b4a529faa64503de063	455	1206	1672	434
METHOD_ENTRY	com.badlogic.gdx.math.Bezier#linear(T,float,T,T,T):T	6e400aa3d8667607c79f	413	1238	1662	265
METHOD_EXIT	com.badlogic.gdx.math.Bezier#linear(T,float,T,T,T):T	ef6779b221ae58f22090	455	1315	1781	371
METHOD_ENTRY	com.badlogic.gdx.math.Bezier#linear_derivative(T,float,T,T,T):T	588656c098135249adef	413	1216	1640	220
METHOD_EXIT	com.badlogic.gdx.math.Bezier#linear_derivative(T,float,T,T,T):T	35ec9eba13bfff812167	455	1293	1759	320
METHOD_EXIT	com.badlogic.gdx.math.Bezier#quadratic(T,float,T,T,T,T):T	1c2427ec44e56720009f	455	1369	1835	283
METHOD_EXIT	com.badlogic.gdx.math.Bezier#quadratic_derivative(T,float,T,T,T,T):T	b6295b250c54f032b74b	455	1373	1839	314
METHOD_ENTRY	com.badlogic.gdx.math.Bezier#quadratic_derivative(T,float,T,T,T,T):T	2074b6f8cefa3ccc9f2a	413	1296	1720	225
METHOD_EXIT	com.badlogic.gdx.math.Bezier#cubic(T,float,T,T,T,T,T):T	3dedcd6e0932af96d1f3	455	1450	1916	370
METHOD_ENTRY	com.badlogic.gdx.math.Bezier#cubic(T,float,T,T,T,T,T):T	93ba7ea4e091adf70c4d	413	1373	1797	201
METHOD_EXIT	com.badlogic.gdx.math.Bezier#cubic_derivative(T,float,T,T,T,T,T):T	34a53efcd41ef6ea39a0	455	1444	1910	297
METHOD_ENTRY	com.badlogic.gdx.math.Bezier#quadratic(T,float,T,T,T,T):T	2fd31fda153acd06578c	413	1292	1716	264
METHOD_ENTRY	com.badlogic.gdx.math.Bezier#cubic_derivative(T,float,T,T,T,T,T):T	a41f1c426af25da5a359	413	1367	1791	310
METHOD_ENTRY	com.badlogic.gdx.math.Bezier#set(T):Bezier	55226947e05452a7f1d1	413	1148	1572	266
METHOD_EXIT	com.badlogic.gdx.math.Bezier#set(T):Bezier	560925ce295aad17e4a3	455	1226	1692	266
METHOD_EXIT	com.badlogic.gdx.math.Bezier#set(T[],int,int):Bezier	387f1e0f2d1c9eb87edf	455	1339	1805	243
METHOD_ENTRY	com.badlogic.gdx.math.Bezier#set(T[],int,int):Bezier	fce18a18b8f0f91e8231	413	1261	1685	168
METHOD_EXIT	com.badlogic.gdx.math.Bezier#set(Array<T>,int,int):Bezier	a65e826c3cf066e7375a	455	1345	1811	323
METHOD_ENTRY	com.badlogic.gdx.math.Bezier#set(Array<T>,int,int):Bezier	adea8642cc4d54520c16	413	1267	1691	276
METHOD_EXIT	com.badlogic.gdx.math.Bezier#valueAt(T,float):T	bc868c90ad99298ee56e	455	1336	1802	265
METHOD_ENTRY	com.badlogic.gdx.math.Bezier#derivativeAt(T,float):T	7efc88166241aff27d87	413	1266	1690	289
METHOD_EXIT	com.badlogic.gdx.math.Bezier#derivativeAt(T,float):T	4447c5f9647be2a242d5	455	1343	1809	286
METHOD_ENTRY	com.badlogic.gdx.math.Bezier#approximate(T):float	e9ab86fdd1653714f2c7	413	1287	1711	220
METHOD_ENTRY	com.badlogic.gdx.math.Bezier#valueAt(T,float):T	025c4c471d602d799b52	413	1259	1683	307
METHOD_ENTRY	com.badlogic.gdx.math.Bezier#approxLength(int):float	6e25f1f98eeb5f69a95b	413	1214	1638	283
METHOD_EXIT	com.badlogic.gdx.math.Bezier#locate(T):float	14cc3ec41cc379fdbc41	455	1229	1695	270
METHOD_EXIT	com.badlogic.gdx.math.Bezier#approximate(T):float	48a50a30a00e420dd36c	455	1364	1830	293
METHOD_ENTRY	com.badlogic.gdx.math.Bezier#locate(T):float	b9f60b065de864979fa9	413	1152	1576	270
METHOD_EXIT	com.badlogic.gdx.math.Bezier#approxLength(int):float	0333e2c09fe026e1ba86	455	1291	1757	278
METHOD_ENTRY	com.badlogic.gdx.math.CatmullRomSpline#calculate(T,float,T[],boolean,T):T	8709cf75008de00953b2	413	1220	1644	197
METHOD_EXIT	com.badlogic.gdx.math.CatmullRomSpline#calculate(T,float,T[],boolean,T):T	f482edeb206c4cda825c	455	1297	1763	270
METHOD_EXIT	com.badlogic.gdx.math.CatmullRomSpline#calculate(T,int,float,T[],boolean,T):T	f2969c15225e8f36ad41	455	1452	1918	324
METHOD_ENTRY	com.badlogic.gdx.math.CatmullRomSpline#derivative(T,float,T[],boolean,T):T	25665dba2f7bb6e36fae	413	1221	1645	261
METHOD_EXIT	com.badlogic.gdx.math.CatmullRomSpline#derivative(T,float,T[],boolean,T):T	7c80c133f46a2a919497	455	1298	1764	281
METHOD_ENTRY	com.badlogic.gdx.math.CatmullRomSpline#derivative(T,int,float,T[],boolean,T):T	321a7b3a1b2c6c44cca2	413	1435	1859	228
METHOD_EXIT	com.badlogic.gdx.math.CatmullRomSpline#derivative(T,int,float,T[],boolean,T):T	b7c77ed29da6941f0ede	455	1512	1978	382
METHOD_ENTRY	com.badlogic.gdx.math.CatmullRomSpline#set(T[],boolean):CatmullRomSpline	1e8d1940599d3faa6d67	413	1213	1637	301
METHOD_EXIT	com.badlogic.gdx.math.CatmullRomSpline#set(T[],boolean):CatmullRomSpline	5a904bf8206bdfcfd26b	455	1294	1760	280
METHOD_ENTRY	com.badlogic.gdx.math.CatmullRomSpline#calculate(T,int,float,T[],boolean,T):T	89d6e118b75f860ea027	413	1375	1799	255
METHOD_ENTRY	com.badlogic.gdx.math.CatmullRomSpline#valueAt(T,float):T	0bd3cfba0633e679f4ee	413	1169	1593	286
METHOD_EXIT	com.badlogic.gdx.math.CatmullRomSpline#valueAt(T,float):T	d4098e11f3ff853ed112	455	1246	1712	286
METHOD_ENTRY	com.badlogic.gdx.math.CatmullRomSpline#valueAt(T,int,float):T	96200c744514f1f048a7	413	1148	1572	294
METHOD_ENTRY	com.badlogic.gdx.math.CatmullRomSpline#derivativeAt(T,float):T	96b699e277123881a81c	413	1170	1594	356
METHOD_EXIT	com.badlogic.gdx.math.CatmullRomSpline#valueAt(T,int,float):T	085f7dcc16ee5d6f5c3d	455	1225	1691	324
METHOD_EXIT	com.badlogic.gdx.math.CatmullRomSpline#derivativeAt(T,float):T	b2e1441f3e132a682447	455	1247	1713	327
METHOD_ENTRY	com.badlogic.gdx.math.CatmullRomSpline#derivativeAt(T,int,float):T	38f78ab743df5c537430	413	1149	1573	250
METHOD_EXIT	com.badlogic.gdx.math.CatmullRomSpline#nearest(T):int	b5912b47ea06d773d246	455	1190	1656	290
METHOD_ENTRY	com.badlogic.gdx.math.CatmullRomSpline#nearest(T):int	910c9821129bdbbcd443	413	1113	1537	149
METHOD_ENTRY	com.badlogic.gdx.math.CatmullRomSpline#nearest(T,int,int):int	391d4c8092b13f569761	413	1225	1649	182
METHOD_EXIT	com.badlogic.gdx.math.CatmullRomSpline#nearest(T,int,int):int	bfb3ae79690ca2bbaef8	455	1302	1768	281
METHOD_EXIT	com.badlogic.gdx.math.CatmullRomSpline#approximate(T):float	9bb029374967beaeeaf0	455	1189	1655	213
METHOD_ENTRY	com.badlogic.gdx.math.CatmullRomSpline#approximate(T):float	b83b958a41fd2637c932	413	1112	1536	253
METHOD_ENTRY	com.badlogic.gdx.math.CatmullRomSpline#approximate(T,int,int):float	ac1d3f3f5396f44cb391	413	1134	1558	187
METHOD_EXIT	com.badlogic.gdx.math.CatmullRomSpline#derivativeAt(T,int,float):T	f9607f847fc9a62d0219	455	1226	1692	313
METHOD_ENTRY	com.badlogic.gdx.math.CatmullRomSpline#approximate(T,int):float	0e5ecc2e5562a916017d	413	1399	1823	239
METHOD_EXIT	com.badlogic.gdx.math.CatmullRomSpline#approximate(T,int,int):float	79be256afff748ad4202	455	1211	1677	234
METHOD_EXIT	com.badlogic.gdx.math.CatmullRomSpline#approximate(T,int):float	b4a366ebbabbf692a07f	455	1476	1942	510
METHOD_EXIT	com.badlogic.gdx.math.CatmullRomSpline#locate(T):float	b0a5f391e2bd05e40a58	455	1186	1652	288
METHOD_ENTRY	com.badlogic.gdx.math.CatmullRomSpline#locate(T):float	9a5e49cab819fdbd1c8b	413	1109	1533	263
METHOD_ENTRY	com.badlogic.gdx.math.CatmullRomSpline#approxLength(int):float	aa99971bea2244d82eb5	413	1180	1604	259
METHOD_EXIT	com.badlogic.gdx.math.CatmullRomSpline#approxLength(int):float	9f93c5a1d48457927781	455	1257	1723	296
METHOD_ENTRY	com.badlogic.gdx.math.Frustum#pointInFrustum(Vector3):boolean	ea339e30d6889e28b39d	413	1171	1595	191
METHOD_EXIT	com.badlogic.gdx.math.Frustum#update(Matrix4):void	4b42d226557d2756db3d	455	1381	1847	340
METHOD_ENTRY	com.badlogic.gdx.math.Frustum#pointInFrustum(float,float,float):boolean	4c4dec2716f1c9e6be18	413	1190	1614	208
METHOD_EXIT	com.badlogic.gdx.math.Frustum#pointInFrustum(Vector3):boolean	8af604ae369ea4b31475	455	1248	1714	280
METHOD_EXIT	com.badlogic.gdx.math.Frustum#sphereInFrustum(Vector3,float):boolean	254d4508a3488795f555	455	1273	1739	331
METHOD_ENTRY	com.badlogic.gdx.math.Frustum#sphereInFrustum(Vector3,float):boolean	fb63be0d88ef218d303f	413	1196	1620	250
METHOD_EXIT	com.badlogic.gdx.math.Frustum#pointInFrustum(float,float,float):boolean	201ae8a8ab98711f3d3b	455	1267	1733	357
METHOD_ENTRY	com.badlogic.gdx.math.Frustum#update(Matrix4):void	676c04244ce20e10171f	413	1370	1794	285
METHOD_ENTRY	com.badlogic.gdx.math.Frustum#sphereInFrustumWithoutNearFar(Vector3,float):boolean	317b4163b956223a0aae	413	1202	1626	163
METHOD_ENTRY	com.badlogic.gdx.math.Frustum#sphereInFrustum(float,float,float,float):boolean	eaf5724e5bd2f5406ecd	413	1205	1629	223
METHOD_EXIT	com.badlogic.gdx.math.Frustum#sphereInFrustumWithoutNearFar(Vector3,float):boolean	a1d78cf219d2bd638bf6	455	1279	1745	271
METHOD_EXIT	com.badlogic.gdx.math.Frustum#sphereInFrustum(float,float,float,float):boolean	5f6f121d57d45cf7e717	455	1282	1748	286
METHOD_ENTRY	com.badlogic.gdx.math.Frustum#boundsInFrustum(BoundingBox):boolean	b4703e8c8f542000250e	413	1333	1757	187
METHOD_ENTRY	com.badlogic.gdx.math.Frustum#sphereInFrustumWithoutNearFar(float,float,float,float):boolean	180345ee1b659dbbb58d	413	1211	1635	324
METHOD_EXIT	com.badlogic.gdx.math.Frustum#sphereInFrustumWithoutNearFar(float,float,float,float):boolean	e5601551b68b22d4d285	455	1288	1754	320
METHOD_EXIT	com.badlogic.gdx.math.Frustum#boundsInFrustum(Vector3,Vector3):boolean	7696f5d96f4c3a1190cc	455	1245	1711	306
METHOD_ENTRY	com.badlogic.gdx.math.Frustum#boundsInFrustum(Vector3,Vector3):boolean	ba2736086ea895ab2d84	413	1168	1592	243
METHOD_EXIT	com.badlogic.gdx.math.Frustum#boundsInFrustum(float,float,float,float,float,float):boolean	8b70c4ef9e51baac7486	455	1521	1987	360
METHOD_ENTRY	com.badlogic.gdx.math.Frustum#boundsInFrustum(float,float,float,float,float,float):boolean	9b254b747d713d172943	413	1444	1868	227
METHOD_ENTRY	com.badlogic.gdx.math.Frustum#boundsInFrustum(OrientedBoundingBox):boolean	0e0f4922b3c922dd1103	413	1349	1773	254
METHOD_EXIT	com.badlogic.gdx.math.Frustum#boundsInFrustum(OrientedBoundingBox):boolean	1d10f5513e63618c08f0	455	1426	1892	299
METHOD_EXIT	com.badlogic.gdx.math.Frustum#boundsInFrustum(BoundingBox):boolean	828aeb3c56d423ea2ff4	455	1410	1876	387
